global_signal	global_signal_derivative1	global_signal_power2	global_signal_derivative1_power2	csf	csf_derivative1	csf_power2	csf_derivative1_power2	white_matter	white_matter_derivative1	white_matter_power2	white_matter_derivative1_power2	csf_wm	tcompcor	std_dvars	dvars	framewise_displacement	rmsd	t_comp_cor_00	t_comp_cor_01	t_comp_cor_02	t_comp_cor_03	t_comp_cor_04	t_comp_cor_05	t_comp_cor_06	t_comp_cor_07	t_comp_cor_08	c_comp_cor_00	c_comp_cor_01	c_comp_cor_02	c_comp_cor_03	c_comp_cor_04	c_comp_cor_05	c_comp_cor_06	c_comp_cor_07	c_comp_cor_08	c_comp_cor_09	c_comp_cor_10	c_comp_cor_11	c_comp_cor_12	c_comp_cor_13	c_comp_cor_14	c_comp_cor_15	c_comp_cor_16	c_comp_cor_17	c_comp_cor_18	c_comp_cor_19	c_comp_cor_20	c_comp_cor_21	c_comp_cor_22	c_comp_cor_23	c_comp_cor_24	c_comp_cor_25	c_comp_cor_26	c_comp_cor_27	w_comp_cor_00	w_comp_cor_01	w_comp_cor_02	w_comp_cor_03	w_comp_cor_04	w_comp_cor_05	w_comp_cor_06	w_comp_cor_07	w_comp_cor_08	w_comp_cor_09	w_comp_cor_10	w_comp_cor_11	w_comp_cor_12	w_comp_cor_13	w_comp_cor_14	w_comp_cor_15	w_comp_cor_16	w_comp_cor_17	w_comp_cor_18	w_comp_cor_19	w_comp_cor_20	w_comp_cor_21	w_comp_cor_22	w_comp_cor_23	w_comp_cor_24	w_comp_cor_25	w_comp_cor_26	w_comp_cor_27	w_comp_cor_28	w_comp_cor_29	w_comp_cor_30	w_comp_cor_31	w_comp_cor_32	w_comp_cor_33	w_comp_cor_34	w_comp_cor_35	w_comp_cor_36	w_comp_cor_37	w_comp_cor_38	w_comp_cor_39	w_comp_cor_40	w_comp_cor_41	w_comp_cor_42	w_comp_cor_43	w_comp_cor_44	w_comp_cor_45	w_comp_cor_46	w_comp_cor_47	w_comp_cor_48	w_comp_cor_49	w_comp_cor_50	w_comp_cor_51	w_comp_cor_52	w_comp_cor_53	w_comp_cor_54	w_comp_cor_55	w_comp_cor_56	w_comp_cor_57	w_comp_cor_58	w_comp_cor_59	w_comp_cor_60	w_comp_cor_61	a_comp_cor_00	a_comp_cor_01	a_comp_cor_02	a_comp_cor_03	a_comp_cor_04	a_comp_cor_05	a_comp_cor_06	a_comp_cor_07	a_comp_cor_08	a_comp_cor_09	a_comp_cor_10	a_comp_cor_11	a_comp_cor_12	a_comp_cor_13	a_comp_cor_14	a_comp_cor_15	a_comp_cor_16	a_comp_cor_17	a_comp_cor_18	a_comp_cor_19	a_comp_cor_20	a_comp_cor_21	a_comp_cor_22	a_comp_cor_23	a_comp_cor_24	a_comp_cor_25	a_comp_cor_26	a_comp_cor_27	a_comp_cor_28	a_comp_cor_29	a_comp_cor_30	a_comp_cor_31	a_comp_cor_32	a_comp_cor_33	a_comp_cor_34	a_comp_cor_35	a_comp_cor_36	a_comp_cor_37	a_comp_cor_38	a_comp_cor_39	a_comp_cor_40	a_comp_cor_41	a_comp_cor_42	a_comp_cor_43	a_comp_cor_44	a_comp_cor_45	a_comp_cor_46	a_comp_cor_47	a_comp_cor_48	a_comp_cor_49	a_comp_cor_50	a_comp_cor_51	a_comp_cor_52	a_comp_cor_53	a_comp_cor_54	a_comp_cor_55	a_comp_cor_56	a_comp_cor_57	a_comp_cor_58	a_comp_cor_59	a_comp_cor_60	edge_comp_00	edge_comp_01	edge_comp_02	edge_comp_03	edge_comp_04	edge_comp_05	edge_comp_06	edge_comp_07	edge_comp_08	edge_comp_09	edge_comp_10	edge_comp_11	edge_comp_12	edge_comp_13	edge_comp_14	edge_comp_15	edge_comp_16	edge_comp_17	edge_comp_18	edge_comp_19	edge_comp_20	edge_comp_21	edge_comp_22	edge_comp_23	cosine00	cosine01	cosine02	trans_x	trans_x_derivative1	trans_x_power2	trans_x_derivative1_power2	trans_y	trans_y_derivative1	trans_y_power2	trans_y_derivative1_power2	trans_z	trans_z_derivative1	trans_z_derivative1_power2	trans_z_power2	rot_x	rot_x_derivative1	rot_x_derivative1_power2	rot_x_power2	rot_y	rot_y_derivative1	rot_y_derivative1_power2	rot_y_power2	rot_z	rot_z_derivative1	rot_z_power2	rot_z_derivative1_power2	motion_outlier00
633.284976347511	n/a	401049.8612674676	n/a	877.3937240387318	n/a	769819.7469825542	n/a	598.401820760819	n/a	358084.7390898633	n/a	617.921314735339	606.9956081470203	n/a	n/a	n/a	n/a	-0.0885971056	0.0506645151	-0.0243466988	0.0111275124	-0.1079568019	0.057268101	-0.0634416873	0.0827080663	-0.0834541382	-0.0789365232	0.0629546085	-0.0004625063	0.1367418025	-0.1268238537	-0.0536951905	0.0228296365	-0.0311862288	0.1255197997	-0.104798837	0.0506445265	-0.3220690725	0.1900417876	-0.1018806396	0.3415652519	-0.0862387672	-0.1192867735	0.1486966236	-0.0541636494	0.0070938544	-0.031259296	0.0728053932	-0.0090776425	0.196294705	-0.0364530376	0.0432425059	-0.2111186161	0.0022109734	-0.0466042216	0.0434649702	-0.0681249862	0.060750851	-0.0055841091	0.0560665954	-0.0619098724	0.077595155	-0.0107570509	0.0556978521	-0.0006338983	0.0121242577	-0.0023906898	0.0356805208	-0.1187643177	0.0501694551	-0.0959703404	0.0760249089	-0.1257012214	0.0951146804	-0.0009321035	-0.0181164672	-0.0785861188	0.0394299023	-0.0105396351	-0.046863775	0.04445861	0.0314187366	-0.0187284154	-0.0297796395	-0.045264869	0.0961600675	-0.1351890029	0.0149942475	0.0652222736	-0.0262190767	-0.0395145137	-0.0098937562	-0.0082072546	-0.007206401	0.0904761916	0.0171937729	0.0191802926	0.0602673695	-0.009418647	-0.0668789987	0.0083205798	0.0469834774	0.0683600958	0.088827452	-0.0938142384	-0.0160425768	-0.0556231567	0.0281508612	0.0081658386	0.0287414859	0.1379145393	-0.1201055057	-0.0395830129	-0.0613873147	0.0690650835	0.03521039	0.1040388058	-0.0719063623	0.0266320293	-0.004728189	0.0677673527	-0.088285021	0.0268821903	-0.027152689	0.0645433082	-0.0605344167	0.0483917544	0.1294549282	-0.0315143	0.0092633456	-0.0058787412	0.1370663026	-0.0218039873	0.0954015978	-0.0509297955	0.0668381122	-0.093437644	0.018573525	-0.1484307086	-0.0797522325	0.0175181336	-0.1558818896	-0.0028533905	0.104253917	0.0039919717	0.0014257366	-0.0360460115	-0.0320053927	0.0282748108	0.0528091201	-0.0050544992	-0.0807217355	0.0131502499	0.0678867919	-0.0233618643	-0.0157500584	-0.0843639369	0.045649045	0.0225727235	0.0030950428	0.0097534693	0.0644201848	0.0071873796	-0.1393649318	0.1062400022	0.032412133	0.0594208179	-0.1102181364	-0.0310745193	-0.0184839053	-0.0422595985	-0.1596360041	0.1766862539	0.0056980516	-0.0194486692	-0.0294502728	-0.0185756298	-0.1499626161	0.0666102917	-0.1508443079	0.1472213139	-0.0440866414	0.0018864563	-0.1196424016	0.1291890587	-0.0073042745	0.0463063715	-0.1258249038	0.0827415538	-0.1731226675	0.1371498143	-0.0163187337	0.0070643559	-0.0135102283	0.1052017505	-0.0065781115	-0.0754603685	0.0271242058	-0.1239346843	0.0428179575	-0.0281104289	0.1186709048	0.1186491225	0.1186128217	0.015532	n/a	0.000241243024	n/a	-0.00279021	n/a	7.7852718441e-06	n/a	-0.0358614	n/a	n/a	0.00128604000996	0.00237563	n/a	n/a	5.643617896900001e-06	-0.00104066	n/a	n/a	1.0829732356e-06	0.000550096	n/a	3.02605609216e-07	n/a	0.0
631.6566035446126	-1.6283728028984117	398990.0648015159	2.6515979852192286	857.9856459830854	-19.408078055646342	736139.3687130124	376.6734938140611	598.9081998620265	0.5063791012075853	358691.0318619731	0.2564197941398019	617.3906342514806	603.7632668283157	1.131564	49.982262	0.10227958	0.054979	-0.0695376464	-0.1031790374	0.0518245252	-0.1067680407	-0.0264035016	0.0069944903	0.031796512	0.1432164191	-0.0169324387	-0.086522392	-0.0939548885	0.1094368845	-0.0696684359	-0.0290287418	0.0262723696	-0.0794729395	-0.0183431322	-0.0992977548	-0.1115523563	0.1001771872	0.0152355855	0.0250908849	-0.1180314377	0.0165514274	-0.0994684925	0.0752678968	0.0463360081	-0.1164910752	0.2051796226	0.2094299547	-0.06398074	-0.0113620875	0.0515186883	0.1339889095	0.0843398312	-0.0793765784	0.0499999368	-0.0469606937	-0.1273374638	-0.0155564728	0.2018773556	-0.0533446834	0.112775913	-0.1750074947	0.0223921587	-0.1026308907	0.0328180347	-0.0502451842	0.0800724438	0.0566896124	0.1244154467	0.0166532878	0.0359395969	-0.1376310606	0.1157608277	-0.035743103	0.1215354304	0.0701830278	-0.1120201477	-0.0623307033	-0.0540856915	-0.0882922635	0.1279752705	-0.0397840151	-0.1405216142	0.0128929642	0.0383230555	-0.0611043508	0.0163776224	-0.0357832314	0.0613362787	0.0202015075	0.045735192	0.017092008	-0.0134982407	0.0335500964	-0.0310236706	-0.0006332018	0.0731126603	0.0452470417	0.103360968	-0.0467821365	-0.0732751033	0.026122552	0.0292117703	0.007856449	-0.0094444116	0.0311567964	0.1121347264	-0.1257411966	0.0696424126	0.1122020805	0.0405071466	0.0108532892	0.1231567952	0.003386819	0.0258851586	-0.0564080562	-0.0338764402	0.1038824596	0.1095134485	-0.0658454932	0.0359507513	0.1479652313	-0.0210346516	-0.0095358437	-0.1779958034	0.0877134069	0.0615077753	0.0578203127	0.1852807452	-0.0168284671	-0.0233825028	0.119838879	0.1241140308	-0.0615021602	-0.0530199334	-0.0912806728	0.0216341224	-0.0449563371	-0.001047346	-0.2015445528	0.1220269625	-0.0208189364	0.0766521186	0.0830586823	-0.035346484	0.1918509922	-0.0726962936	0.0352310369	-0.0600049438	-0.0361299783	0.0470213866	-0.0071815859	-0.1088993369	-0.0013451027	0.0098600224	-0.1133398927	-0.0541419952	-0.0537163816	0.037630584	-0.1009739711	0.0772533883	-0.0930576923	0.01731285	0.0146231052	-0.0715274742	0.0591891511	-0.0794314715	0.0152432658	-0.0224144974	-0.0632696715	-0.0948895491	0.0702161366	-0.0262254815	-0.0475596462	-0.0248350264	-0.04136174	0.2308195243	0.0427621214	-0.0386294622	-0.0817466505	-0.2047060571	0.0309259338	-0.0450526817	-0.1011423957	-0.1325501075	0.1171682631	0.0746424184	0.0011794919	-0.2642148463	0.0491549728	-0.026082625	0.0729842734	-0.171311167	0.1323890457	-0.0317207641	0.0318414397	-0.1790916208	-0.0438782495	0.0665680477	0.085209118	0.0164085448	0.0392488179	0.1186128217	0.1184168613	0.1180905004	0.00948063	-0.00605137	8.98823451969e-05	3.66190788769e-05	0.0448996	0.04768981	0.00201597408016	0.0022743179778361	-0.0250464	0.010815	0.000116964225	0.00062732215296	0.001816	-0.00055963	3.131857369000002e-07	3.297856e-06	-0.0010492	-8.540000000000023e-06	7.29316000000004e-11	1.1008206399999998e-06	0.000363798	-0.000186298	1.3234898480399998e-07	3.4706944804000024e-08	0.0
630.2611574309107	-1.3954461137019507	397229.1265661512	1.9472698562458772	864.1775618379042	6.191915854818831	746802.8583841048	38.33982195315681	599.316373385836	0.4081735238094097	359180.1154083508	0.1666056255389907	618.1867814080957	605.9668343107405	1.187303	52.444332	0.13930552	0.0734921999999999	0.1073646996	0.0021221634	0.0312154319	0.0955160433	0.0905870164	0.0564508481	0.0730811353	0.1204809699	-0.0923870624	0.0964958767	-0.0107601634	0.0322411016	-0.0662287471	-0.27199469	0.0274199972	0.0423048757	0.1154934856	0.1039663495	-0.0485961168	0.0719414363	0.0834135602	-0.0039523517	-0.0130020458	0.0885883737	0.0162164387	0.1187476011	-0.1454416056	-0.1363689439	0.0761295607	0.0454171134	-0.215191165	-0.0856571013	0.0072695659	0.1040111452	-0.052060076	0.137346407	-0.1197192855	0.1280449185	0.0305903384	0.0471256384	0.0721166068	-0.0781058079	0.1439823776	-0.071054654	-0.1086214859	-0.1313285488	0.126887118	-0.0942058482	-0.0380306632	-0.0577685358	0.1257332875	0.0055702138	-0.1116923403	0.0620784679	0.126922671	0.0975424941	-0.0814526135	-0.0223641151	-0.0826712966	-0.2055811535	-0.0171946976	0.1464378937	0.142189333	0.1179386373	-0.1004727042	-0.0731140299	-0.0086200576	0.1213603716	-0.0058050408	0.0977897608	-0.1069464319	0.0307194328	0.050979531	0.0414840144	-0.0246780837	-0.0276758351	-0.000838999	-0.0924951328	-0.0763561305	0.0555471713	-0.0590700571	-0.0302100853	0.0788286133	0.0361297621	-0.0041130378	0.0104830113	-0.1382022564	-0.0933749688	0.0989791226	0.0505030249	0.0860834634	0.0336971065	0.0411076227	-0.0394771488	0.1196891868	0.1157735954	-0.12651843	-0.0093116168	-0.1020854434	-0.1004458375	0.0182088654	0.0756253479	-0.0055489149	0.2183686961	-0.0453647749	-0.1866861306	-0.0696096546	0.0459879062	0.1279271412	0.0429672573	0.0905136196	-0.0455348775	-0.0913314461	0.0984117276	0.0970267227	0.2408513605	-0.1538363081	-0.0265076939	-0.1116928259	0.0362883083	-0.0682556161	0.0201906762	0.0035029333	0.0951870351	-0.0848261832	0.1303167712	-0.0864384198	0.0464210526	-0.1528704769	-0.0150246113	-0.0479029097	-0.1083426646	-0.054154389	0.0827221967	0.0137403037	0.1511443289	-0.041284892	-0.0729604285	-0.0643101451	0.0597110511	0.0419514322	-0.0359959072	-0.0736118499	-0.0458904243	-0.0698498511	-0.0251746562	0.1246918525	-0.0482910551	0.027570103	-0.0355314351	0.0663276116	0.0024987312	-0.0320938996	0.0134391927	-0.0472915117	0.1107839272	-0.0731519234	0.1027589339	0.0371165163	0.041190412	-0.1857709932	0.047459048	-0.1308894039	0.0606353117	0.1401006589	-0.0553335274	-0.1403870836	0.1057834111	0.0418122046	0.1223252426	-0.0448171228	0.2136464944	-0.0270452795	0.1621235456	-0.0999904179	0.020514359	0.031926564	0.0215927425	0.1211710506	0.0366390989	-0.0914803807	-0.0823079486	0.0124091733	-0.0119140607	0.118496684	0.1179527935	0.1170481578	0.0149966	0.00551597	0.00022489801156	3.0425925040900004e-05	-0.0200386	-0.0649382	0.00040154548996	0.00421696981924	-0.0421974	-0.017151	0.000294156801	0.00178062056676	0.00247779	0.00066179	4.379660041000003e-07	6.139443284100001e-06	-0.000949517	9.968299999999992e-05	9.936700488999989e-09	9.01582533289e-07	0.000636332	0.000272534	4.0491841422400005e-07	7.4274781156e-08	0.0
629.436434986907	-0.8247224440036689	396190.2256890268	0.6801671096433848	859.2847790704623	-4.892782767441986	738370.3315421732	23.939323209377257	598.4146205814768	-0.9017528043591484	358100.05812567286	0.8131581201695883	616.9981113943459	591.2764510614925	1.154121	50.97863	0.17407043	0.0986451	-0.0227320984	0.0824357645	-0.0551032596	0.0667098304	-0.1112000708	-0.1462047236	0.0574882597	-0.0665023944	-0.0802126922	0.0152855663	0.0869445836	-0.1583822819	-0.1058386003	0.0356589376	0.1427771194	-0.061975163	0.0065092344	0.0111203346	-0.1537371296	0.0107720383	0.0951941219	0.1003536231	0.0712356069	0.0622534803	-0.0760139275	0.0437349594	-0.0253979918	-0.0253127006	0.0349989294	0.04861587	0.0328752903	0.1227734953	0.0861736702	0.0864567579	0.005340946	-0.0438490018	0.1065070575	-0.0422131781	0.0514799274	-0.1172511585	0.0949104564	-0.0662383956	0.0192588567	-0.018278202	-0.0084924413	0.0189304057	0.0287529094	-0.1665444665	-0.1454770669	-0.0045978602	-0.0385964983	-0.199785143	0.0812803476	0.0203779779	0.1112481588	-0.0528045635	0.115639389	-0.0815792315	-0.0167025825	0.0348625326	-0.0078241194	0.0155676031	-0.0946596572	0.0354359916	0.1334627703	-0.0500384237	0.0081239372	-0.142603919	0.1226004636	-0.0472929554	-0.1546050183	0.0884915467	-0.0416524607	-0.0110358884	0.1173580216	-0.0047927617	0.0618302548	0.0272989173	0.0902877203	-0.1560512781	0.0017419731	0.0916422207	-0.0458578851	0.008949932	0.0281625103	-0.0071053099	-0.0079634942	-0.0461060836	0.0051973571	0.0509736497	-0.0268308976	0.0212481268	0.005959152	0.1382662726	-0.0572762283	0.0480039892	0.0897961271	0.0315227947	0.0831290971	0.022777335	-0.1013337866	-0.0660437369	0.0880602456	0.0760733633	-0.1429289472	0.0537317897	0.0211937921	-0.0555251801	0.0091540435	0.0005488654	0.0467812392	-0.1471111904	-0.0418176789	0.1377730703	0.0820512201	-0.0539337782	-0.012770896	0.0875674614	0.0625098311	-0.0097859325	0.098665476	-0.1559427385	-0.1638918952	-0.0107916399	-0.1032777503	-0.1095870682	0.1025159486	-0.1747425795	0.1009157283	0.0035170266	-0.0904948007	0.0372120389	0.0610497453	0.0629196228	-0.0969372836	-0.0774633671	0.0770776115	0.0242260325	-0.0206873338	-0.0233642989	0.0033834237	0.0812692336	-0.0839789951	0.0229079684	-0.0575419968	0.0028563969	0.0831439166	-0.1321270798	0.0270951781	-0.1455047921	0.0477008049	-0.0192799847	-0.0720834854	0.002187737	-0.0586493599	0.0786921724	0.0079096267	0.0375584453	-0.1984521912	-0.0569554718	-0.0036802898	-0.0042667612	-0.1711999566	0.0300673756	-0.0631554638	0.0634527423	-0.1252603744	0.0878495178	0.0753272842	-0.0066830235	-0.040656735	0.0706233549	-0.1952445299	0.0724277037	-0.0532475827	0.1182677554	-0.0740642209	0.1569178677	-0.1762612507	-0.0610844803	0.1357288381	-0.0648698618	0.084236845	-0.012007252	0.1183225485	0.1172578276	0.115490384	0.00491684	-0.01007976	2.4175315585599995e-05	0.0001016015616576	0.0665557	0.0865943	0.0044296612024899	0.00749857279249	-0.00809338	0.03410402	0.0011630841801603	6.550279982440001e-05	0.00169818	-0.00077961	6.077917521e-07	2.8838153124e-06	-0.000949518	-1.000000000015745e-09	1.0000000000314906e-18	9.01584432324e-07	0.000550096	-8.623599999999995e-05	3.02605609216e-07	7.436647695999992e-09	0.0
629.156093222584	-0.2803417643229977	395837.3896391048	0.0785915048237312	860.8492086524793	1.5644295820170555	741061.3600375999	2.447439917090059	597.6249840532477	-0.7896365282291526	357155.6215646445	0.6235258467137894	615.9900281054839	598.83309154937	1.177455	52.009327	0.10269948	0.0830372	-0.0418408671	-0.0929754089	0.0635257165	-0.1181996351	-0.0307711587	0.1154854882	-0.0723984909	-0.0573944884	-0.1687882881	-0.0480347314	-0.0782166565	-0.0188004991	0.1451140361	0.0617601054	0.083450274	0.0706358977	0.0624342549	-0.1638851941	0.0239513705	0.2152510186	-0.0903252627	0.0382392911	-0.0279014643	-0.0178695193	0.0979492542	0.0079476909	-0.0627823451	-0.0885643291	0.0663776805	-0.0535925799	-0.0569659808	0.1344988188	0.0706982823	-0.1190469822	0.0870301213	0.136760235	-0.0311665432	-0.0179149174	-0.0364862537	0.0475987042	0.0933613155	-0.0040005516	0.088754777	-0.1345419102	0.0783084485	-0.1024121895	0.1630418218	-0.1441787348	-0.0460179011	0.0572041119	-0.1500886111	0.0853232007	0.0062415187	-0.0647379885	0.0188820896	0.0493017408	0.1591367601	0.1519294316	-0.0573046023	-0.0071602899	-0.2636678169	0.0522518161	-0.0982920195	-0.0617875866	-0.021794873	0.0532884852	0.0955413055	0.0539634249	0.0618095515	0.1145010747	0.0532809789	-0.034199948	0.0583705576	0.0601718139	0.0624355965	0.0563035363	-0.1253044971	-0.0940566341	0.0931557082	-0.0917829746	-0.0496298784	0.0037603913	0.0032337447	0.0017921138	0.0233206906	-0.1162710523	-0.0608888336	0.1347158119	-0.0226610963	0.0087488927	0.0390820131	-0.0226212868	-0.0325836742	0.0731590762	-0.1280534538	0.0915523834	-0.0010891203	-0.1171536728	-0.0190025664	0.047364898	0.0808948665	0.068477783	-0.0481718981	0.0619705263	-0.010287494	0.0968047456	-0.1435491172	0.1505610496	-0.0378985307	-0.0231239562	0.0364943358	-0.0967682304	0.0563622566	0.2527653052	0.0058642198	0.0153328995	0.0137731767	-0.0175199341	-0.0041937051	-0.034545961	-0.1793045352	-0.1261035015	-0.0939070096	0.1221770443	0.2067751084	-0.1425644348	-0.0705061126	0.0807574736	0.0702797751	0.014038032	0.0295216682	-0.1338173983	0.1219112012	-0.0578243624	0.0214498114	0.0054527167	-0.0863639012	0.0328801002	-0.1009087956	-0.0087525345	-0.1485495321	0.0867374793	-0.0833152494	0.0811274659	-0.0328195729	0.1145525387	0.0224318059	-0.0554150321	0.0050976548	0.0797126124	0.1009699204	-0.0447566558	-0.0623954669	0.092624513	0.0570232863	-0.1577441471	0.1278293327	-0.0667105191	-0.0272027655	0.0414146664	-0.142227231	0.0004666809	-0.0481974599	0.0534742942	-0.0310846092	-0.1134661678	-0.1487393696	0.0396553595	-0.0648869522	0.098126759	-0.1235317176	0.0301578189	0.1048265283	0.1139086868	-0.0921296327	0.112228861	0.0040844889	0.0206507781	-0.0238184895	0.062192054	-0.1481276007	0.0401367954	-0.0534880476	-0.1133545234	0.1180905004	0.1163333239	0.1134240387	0.0067185	0.00180166	4.513824225e-05	3.2459787556e-06	-0.0139237	-0.0804793999999999	0.00019386942169	0.0064769338243599	-0.0194123	-0.01131892	0.0001281179499664	0.00037683739129	0.00151619	-0.00018199	3.312036010000005e-08	2.2988321161e-06	-0.000949518	0.0	0.0	9.01584432324e-07	0.000550096	0.0	3.02605609216e-07	0.0	0.0
630.8688255715671	1.7127323489830817	397995.4750780483	2.933452099253104	857.77173205391	-3.0774765985693198	735772.3443107648	9.470862214741787	598.6275103104344	1.002526257186787	358354.8961004693	1.0050588963489475	616.5603045493915	603.9288230923125	1.180715	52.153324	0.1557755899999999	0.0813064	0.1314514067	0.0096513303	0.0577863488	0.0758371941	0.1022049543	-0.0298459942	-0.012184522	-0.0577452208	0.0302388214	0.1627973876	-0.0219406073	-0.0074832875	-0.0158263337	0.0610108681	-0.0744637935	0.0117054856	0.0431206642	0.1392271911	-0.1525056431	0.0467790608	-0.0480286597	-0.079932379	-0.0678874411	-0.0206497327	-0.0042983164	0.0450633969	0.032631208	-0.0140343369	0.0092892968	-0.105509611	-0.0931515393	-0.0765363291	-0.1026698395	0.084952781	-0.0068480488	-0.0383875031	0.1976561722	0.0341490068	-0.0147480514	0.057387389	-0.0700817482	-0.1207636322	0.085877322	-0.0523486072	0.0111575841	-0.1296239443	-0.0093207261	0.0536596902	-0.1177329249	-0.0319512246	0.0599224117	-0.0579632165	-0.0166428155	0.0434758137	-0.0722933165	-0.0298117445	0.0727546358	0.0048695766	0.0509944264	-0.0704091309	0.0258918415	0.0708732648	-0.0412212646	-0.0455628666	0.1805553334	0.0178671319	-0.0671290854	0.1435322048	-0.0750748383	-0.1800506869	0.0081809614	0.1163323592	0.0181405531	-0.0256962809	-0.1169618807	-0.1017260799	0.0126319237	-0.0317551769	-0.0215855047	0.0275617576	-0.0308504998	0.0904209454	-0.0250758251	0.1368046279	-0.0681850043	-0.0021271644	0.0359145826	-0.0298373312	-0.1227590587	0.1205719138	-0.0634405734	0.0327765156	-0.1730997663	0.1218436938	0.1302391855	0.064377007	0.0686051333	-0.0018246123	-0.0665487228	-0.1339204445	0.0496632761	0.0733899062	0.0442653448	-0.0506928607	-0.0832448195	-0.0547630089	0.0116550807	0.1073987701	0.0101444168	-0.0580829703	0.0849613632	-0.0937126908	0.0692560668	-0.1061711019	-0.0255895252	0.0031279335	-0.0948211231	-0.0550948737	0.0897114831	0.0206759864	0.0075460239	0.0774058299	-0.0805085016	0.1399043851	-0.2030678943	-0.0581661759	-0.0880231175	-0.0176505936	-0.0131194631	-0.1032164537	-0.0452842705	0.0809769129	0.0148519956	0.0656273761	0.0109712188	0.116234314	-0.124424242	0.0717040223	0.0482639072	-0.0645962689	-0.1024109834	-0.0722336885	0.0726554813	-0.0774090231	0.1125171419	0.0157075864	0.0512435224	-0.0195293746	-0.0411910748	-0.046832531	-0.1313567796	-0.0835584902	-0.0498337259	-0.0938641794	-0.0057019421	0.0042746688	-0.099245831	-0.1380070623	-0.069140842	0.0494074865	0.0021410022	0.0037057225	-0.0087651146	0.0303948148	0.1591910799	-0.0108035539	-0.06850677	0.0557543829	-0.012718945	0.0802682521	-0.0447969659	0.1188336636	-0.0158635638	-0.2079308618	0.0379803766	0.0163607001	-0.027061034	0.0772963106	-0.0717654027	0.0059069139	-0.0592118515	-0.0454599758	0.0747288477	-0.0133704667	0.1178006533	0.1151810923	0.1108582214	0.0133291	0.0066106	0.0001776649068099	4.3700032360000006e-05	0.045096	0.0590196999999999	0.002033649216	0.0034833249880899	0.00371699	0.02312929	0.0005349640559041	1.38160146601e-05	0.000440374	-0.0010758159999999	1.1573800658559996e-06	1.93929259876e-07	-0.000770849	0.000178669	3.1922611561000005e-08	5.94208180801e-07	0.000635931	8.583499999999993e-05	4.0440823676099993e-07	7.367647224999987e-09	0.0
632.9271804407878	2.058354869220693	400596.8157407255	4.236824767644537	858.4156349645668	0.6439029106568341	736877.4023516205	0.4146109583523429	599.8865669933825	1.259056682948085	359863.89325910603	1.5852237308762345	618.3776267031454	666.5665854143685	1.158612	51.177013	0.09938209	0.0618984	-0.0726563062	0.1509579208	0.2219031423	0.0463634139	-0.0678685457	0.1024522304	0.2257172652	-0.0841614189	0.2711444244	-0.023774481	0.0919745079	-0.0612022818	0.0141372696	-0.0688525406	-0.0168039783	-0.080365888	-0.0551432596	-0.0666086409	-0.0327714207	0.0339630468	0.0577261422	-0.288033097	0.0522791119	0.0323813553	0.0312311231	-0.095186854	-0.06987098	0.0753976844	0.0486308698	0.0994945305	0.0414719521	0.0232294809	0.0298292288	0.0069868807	0.0411799853	-0.0171413721	0.0735964611	-0.0102050377	0.047972643	-0.0325833152	0.2206227463	0.1393310271	-0.1081912121	-0.0403205232	-0.0531057435	0.0567117439	-0.1588783257	0.0582797277	-0.1106247	0.1062352424	0.0292939014	-0.0781847253	0.0230513796	0.039283877	0.0447709996	-0.0632841689	-0.0774544568	-0.1033075012	0.0257824736	0.055984171	-0.0483882915	0.1165751177	0.0741284761	-0.1025147083	0.0400159257	-0.0883036455	0.0078184145	0.0707121548	0.0967995574	-0.0009340754	0.0354426645	0.0689545379	0.0130505244	-0.1021180025	0.0846407985	-0.0519230132	0.133432579	-0.047729469	-0.1074155967	-0.1968969505	0.023575124	-0.0674850208	-0.0345944603	-0.0267086666	-0.0456854064	0.0478858693	-0.1060714495	0.1305179056	-0.0904073199	-0.0628821501	-0.0814168835	0.0290112165	0.1106403425	-0.048110551	0.2091603459	-0.0379522582	0.1550189254	0.0702336372	0.0404685379	0.0280739952	-0.1064443397	-0.0103654763	-0.0344371022	0.0027775148	-0.0161949303	0.1171454458	-0.131606049	-0.1499970106	0.2263255936	-0.0051974445	-0.0850278298	-0.0356875658	-0.0243746708	-0.121056938	0.0093323513	0.0535239545	-0.0580861776	0.0508873265	0.0029894806	0.0430612649	0.0455386908	-0.0622101818	0.0152353426	-0.1950360958	-0.055646816	0.022369582	-0.0254914236	-0.0937251067	0.1297751523	-0.0124654594	-0.1301525484	-0.0806983102	-0.0339538689	0.0895911352	0.0335242056	-0.0770442506	-0.0059837694	-0.0830192842	-0.0106610892	0.0625215636	-0.105804633	0.0262788866	-0.0037150877	-0.0536000073	0.0304030532	0.0691720459	0.0747122974	0.0161547667	0.1192808547	-0.0351678482	-0.0293223837	-0.0452613768	0.0197013379	-0.0817022041	-0.0436902097	-0.1661306626	0.0012030604	-0.0623124024	0.0163413553	-0.0241842345	-0.0758670164	0.0105825579	0.0457078833	0.1610317589	-0.0322917593	0.0261546022	-0.0270591272	-0.0249605021	0.0729224597	0.1177735372	0.0249246504	-0.0715740852	-0.0770987146	-0.1365956441	0.0598533805	-0.017244801	-0.1137037663	-8.83962e-05	0.0263712191	0.0737637214	-0.0517877312	0.0674480586	-0.1624244228	-0.1646661452	0.117453149	0.1138033884	0.1078042307	0.0186769	0.0053478	0.0003488265936099	2.859896484e-05	-0.011679	-0.056775	0.000136399041	0.003223400625	-0.0194961	-0.02321309	0.0005388475473481	0.0003800979152099	0.000490525	5.0151000000000015e-05	2.515122801000001e-09	2.4061477562500003e-07	-0.000633952	0.0001368969999999	1.8740788608999997e-08	4.0189513830400003e-07	0.0007298069999999	9.387599999990004e-05	5.32618257248854e-07	8.812703375981233e-09	0.0
630.3942506626615	-2.532929778126231	397396.91126853856	6.415733260918599	860.3094495202663	1.893814555699464	740132.3489338636	3.586533571379159	598.7492190352161	-1.1373479581664014	358500.6272952812	1.2935603779452824	616.87054132983	613.9220076990161	1.23582	54.58736	0.2281326	0.133765	-0.0259043823	-0.1040216103	0.0865367713	-0.0840702591	0.0326460237	-0.2081167349	0.0206773213	0.0456549463	0.0460711598	-0.0341610357	-0.1103954548	0.0222595817	-0.0768552774	-0.0346954888	0.0210465819	-0.1300927701	0.1240130977	-0.0545619821	-0.0359430065	-0.0648944535	-0.0036023222	0.0118384709	-0.043869989	-0.1321012437	-0.0708368914	-0.1433131581	-0.1593823188	0.0298567355	-0.0288591687	-0.0967968053	0.0625213744	-0.0476585354	-9.06254e-05	-0.1336188161	-0.0337144992	0.0078115292	-0.0139923877	-0.0809013967	-0.1059865071	0.0656481104	-0.0819248781	0.1043246609	-0.0817092487	-0.0255881763	0.1667988126	0.005176627	0.028309616	0.0413370212	-0.0841589352	-0.010208794	-0.0324553222	0.0671085259	0.0323320743	-0.04851299	-0.1460284773	-0.0279186484	0.0279926932	0.0952849256	0.0716300342	0.0366638271	0.042556811	-0.0670122815	0.1794914876	-0.0413531956	-0.0440259188	0.2623586386	-0.0096041063	0.0469147822	-0.0766929244	0.1665285326	0.0105012438	-0.0417146176	0.0367346141	0.0016865979	-0.0191794543	-0.1828770489	0.064378915	0.01792462	0.1506567803	-0.0181328154	0.1957220324	-0.0687575046	0.1582932752	-0.1127974546	-0.0168020387	-0.0407183045	0.086376169	-0.0502800274	-0.1916317506	0.0850657968	0.1082384076	-0.0215266368	0.0093157831	-0.0283758354	0.0596956224	-0.0052189506	-0.0994012741	0.0073834156	0.1126682046	0.0443056441	0.0862221139	-0.0127380144	0.06370698	-0.0805393052	0.163643167	0.0452976459	0.0116211659	-0.0557329701	0.008298224	0.0048794725	0.0964546219	-0.1821702532	-0.0607575593	-0.1084497284	-0.0873634649	-0.1430948326	-0.0130547397	-0.020229301	-0.0203442921	-0.0092320993	-0.0080195316	0.1089576126	-0.0658124073	-0.1380096685	0.0364047784	-0.0329769639	-0.1132895545	0.1028457859	0.0358998294	0.0073926462	0.2302822274	0.0161447383	0.0098709807	-0.167073697	-0.0102568745	-0.0230238385	-0.1037522796	0.0109046354	0.0191663455	0.1618922587	-0.0320890148	0.0805923689	0.0918406339	0.0881180404	-0.0502312439	-0.25221949	0.0360674746	0.0883075803	-0.1144968349	0.0170342965	0.0152043321	-0.1551603535	0.174124032	0.0337126073	-0.0695461618	-0.0069921862	0.0955907606	0.03187424	-0.0029337685	-0.0182201156	0.1419071171	0.0338421538	0.0786495561	-0.094219954	-0.0164033207	-0.1191131501	-0.0488640845	0.0684614105	0.1862530094	-0.01594676	-0.035481143	0.018097822	0.0316716679	-0.1492614379	0.2103088673	0.1722620877	-0.0545532448	0.1116284596	0.0878971579	0.0528290446	-0.0959793543	0.0894262117	-0.0239232605	0.2055236061	0.1170481578	0.1122029089	0.1042755153	0.0138186	-0.0048582999999999	0.00019095370596	2.3603078889999995e-05	0.105712	0.117391	0.011175026944	0.013780646881	0.0344469	0.053943	0.002909847249	0.00118658891961	-0.000387224	-0.0008777489999999	7.704433070009999e-07	1.49942426176e-07	-0.0007588	-0.000124848	1.5587023104e-08	5.757774400000001e-07	0.000693598	-3.620899999989997e-05	4.81078185604e-07	1.311091680992756e-09	0.0
630.3268120545988	-0.06743860806273	397311.8899949136	0.0045479658574385	859.72479119198	-0.5846583282863094	739126.7165900936	0.3418253608345419	598.7429196642975	-0.0062993709186685	358493.08384812734	3.9682073970966434e-05	617.0337458551303	607.0541560014918	1.216964	53.754498	0.19284111	0.120714	0.0935935557	0.0634348907	0.0327218465	-0.0215817283	0.163455077	0.0468101484	0.0245814892	0.0297639214	-0.0574585088	0.0881428262	0.0520442955	-0.0389091765	-0.0688495802	-0.0224014833	-0.0512947455	0.1036722709	0.0706921451	-0.0810830537	0.0872847861	-0.0573215136	0.0662666495	-0.0295051772	-0.062799256	0.0203515352	0.0310530326	-0.0542123645	-0.1097971962	-0.0184304859	-0.1212835031	-0.1555668557	-0.0116901889	0.0321657377	-0.0920874609	-0.1276202481	0.0278750595	0.0048044805	-0.0460625474	0.0327909179	0.0799984792	-0.0196005941	-0.0376994201	-0.0058996678	-0.020941044	0.064396024	-0.0332707537	0.0024073437	-0.053572857	0.0182890618	0.1229861163	0.021827839	0.0087866102	-0.0753020353	-0.1026638453	0.090568383	0.0388822847	-0.18566804	0.108329227	-0.1248532573	0.0761305289	0.1972986554	0.0180382551	0.0465057171	-0.0119521778	0.0296918356	0.0200588075	0.0864383565	0.0455195065	0.0117797159	0.0545725786	0.0832209532	-0.1120487547	-0.0702582154	-0.0544647722	0.0578210828	0.0034894168	0.177666673	0.0387690314	0.0088367886	0.1185009475	-0.0192761784	0.1026111278	0.025642529	0.1014020967	-0.017205563	0.012770894	0.0470900376	0.137435406	0.0618360537	0.0411927827	0.037068538	0.0762515391	-0.0019641388	-0.0981945013	-0.0371968049	0.053552815	-0.0646606683	-0.0172232632	-0.0507537898	-0.1509956973	-0.1005944261	-0.0550669989	-0.0088729851	-0.0195164656	-0.0175944589	0.0173637083	-0.0448370291	0.0650191752	0.042194434	0.0522895695	-0.044839619	-0.0875425732	0.1070489153	0.0602310335	0.0383307152	0.0001610828	0.0206649171	-0.0285673983	0.0037885242	0.0939384235	-0.0475225311	0.1440942782	-0.0280619899	-0.1635031608	-0.2025859512	0.0397528343	0.018740126	-0.0627887208	-0.0929796533	0.0267120143	0.113147131	0.0376839151	0.0228537902	0.0167331184	-0.1014794931	0.024455792	-0.1890974063	-0.0124144448	0.1674092763	0.1023957447	0.1232495263	0.0556022329	-0.0079105443	0.0811655468	-0.0123734435	-0.0657912665	-0.0663906797	-0.1115155863	-0.1716922846	-0.0091603942	-0.1462114851	0.0526920714	0.0050906524	0.0388740065	-0.0063262988	0.1210839104	0.0149448347	0.0663760388	-0.0140542202	0.0659724183	-0.0614051111	-0.0260373967	0.0052894954	0.0957791017	0.0169189302	0.1004106546	0.0346768766	-0.031761359	-0.1233316444	-0.0003121096	-0.0433305415	0.091265263	0.1286918249	0.1594742479	-0.1634528683	0.0438431407	0.0988493869	-0.072385265	0.0008639104	0.1095233739	0.0857982475	0.1565622278	0.0096594498	-0.0321679618	-0.099924609	0.1165858777	0.110382787	0.100287614	0.0176317	0.0038131	0.00031087684489	1.4539731609999998e-05	-0.0096647	-0.1153767	9.340642609e-05	0.01331178290289	0.00450259	-0.02994431	0.0008966617013761	2.02733167081e-05	0.00024453	0.000631754	3.99113116516e-07	5.979492090000001e-08	-0.000533995	0.000224805	5.0537288025000016e-08	2.85150660025e-07	0.000676017	-1.758100000000002e-05	4.56998984289e-07	3.0909156100000065e-10	0.0
629.5435486385426	-0.7832634160562293	396325.079632409	0.6135015789320738	862.0818685732216	2.357077381241652	743185.1481226974	5.555813781161004	598.3531992427395	-0.3897204215579677	358026.5510440215	0.15188200697932	616.9295804479036	593.2968402599009	1.121412	49.533855	0.15755961	0.0820867	-0.0905813474	-0.0051106377	-0.0575525653	0.1189572617	0.0974413202	-0.1259946957	-0.0005180188	-0.0756860645	-0.0792929319	-0.0874308154	0.00025118	-0.1392567324	-0.07715608	0.0580523098	0.0301209109	-0.0552428426	0.0267905247	0.0771354892	0.0782879309	-0.0190393743	0.0927539033	0.112730554	0.0851570005	0.0768256455	0.0388738147	-0.0753487212	-0.1158313265	-0.0761740291	-0.062446622	-0.0796440809	0.0945273234	-0.0384535179	-0.2142066782	0.0273900164	0.0301765569	-0.0912363504	0.0253218629	-0.1317716627	0.0239448237	-0.0075912391	-0.0962490464	-0.0159032541	-0.083485907	0.0648661547	0.0861523862	-0.0235275896	-0.0850790388	-0.0502225092	0.0577302293	-0.0010415316	-0.0992549585	0.0466154572	-0.0008291108	-0.0409859383	-0.0657968275	0.1020219847	-0.1714759658	0.0298414328	-0.1640464396	0.0360829679	0.0330711556	0.0754530396	-0.0517942215	0.0046044725	0.1524442548	0.1120188587	-0.0087387715	0.0760003727	0.1342687424	-0.0581968592	0.0691224517	0.0340868345	0.0997458251	-0.0617121583	0.0039490883	-0.0226176369	-0.0176763623	0.0159344143	-0.0389493958	0.0887394209	-0.0095318598	-0.0861806749	0.0255714356	-0.1778851779	0.098719513	0.0379319721	0.3164675841	0.0318407107	0.1119356128	-0.0039979936	-0.1435941795	0.0606954007	0.0006241274	0.1745045757	0.0784808193	0.1577612556	-0.007825516	0.0709912104	0.0795103897	0.0706341056	-0.0233408617	-0.0262135151	0.0678896098	-0.0853596404	-0.0441987738	0.017552488	0.1298975767	0.0262936147	0.0100667572	-0.0660194753	-0.1106990695	-0.011153386	-0.0409799075	0.0467585872	-0.0672523298	-0.0980574285	0.0168790812	0.0411311111	-0.1113401041	-0.0413089779	-0.2114774115	0.0803881083	-0.054102227	0.0179410797	0.1354307219	0.1357914112	-0.0134670143	-0.0830221611	0.1278460432	0.0018295428	-0.0689276366	0.1688912226	0.0741992513	-0.0153243391	-0.0517045493	0.0224128519	0.0312540822	-0.0084400631	-0.1753527613	0.1155905124	0.1374245658	0.0977504098	0.093386716	0.0108138796	0.1099442631	-0.0966422032	-0.0567047833	0.1321538445	0.0924107509	0.0245896089	-0.1401179452	-0.0156118385	-0.0982703877	-0.0209985381	0.0034916147	0.0277113375	-0.0260162552	0.0231599245	-0.0827777752	0.1166095664	0.1181125618	0.0332274045	0.0331910933	-0.005818267	-0.0917289593	-0.0208706322	0.0010009373	-0.0595982512	0.0054620673	-0.0155106587	0.1492123281	0.1170549272	0.0388061759	-0.0866025036	0.0358981057	-0.140626275	0.0329236734	0.0989989961	0.0590615941	-0.0458584677	0.0500840854	0.033071857	-0.0447562602	0.0261077835	0.116066535	0.1083465856	0.0958580879	0.0029844	-0.0146473	8.90664336e-06	0.00021454339729	0.0616668	0.0713315	0.00380279422224	0.00508818289225	0.0315567	0.02705411	0.0007319248678921	0.00099582531489	-0.000275601	-0.000520131	2.705362571610001e-07	7.5955911201e-08	-0.000521205	1.2790000000000044e-05	1.6358410000000114e-10	2.71654652025e-07	0.000318404	-0.000357613	1.01381107216e-07	1.2788705776900002e-07	0.0
629.4227344482629	-0.1208141902797024	396172.97864032845	0.0145960685729401	855.8993424257974	-6.182526147424255	732563.6843649123	38.2236295635846	598.0120673755199	-0.3411318672195875	357618.43272674334	0.1163709508327223	616.1526154308302	600.3874582785622	1.15431	50.986992	0.0457527	0.0280329	0.1188803984	-0.0481505195	0.0621721657	0.1433905235	-0.0237138092	-0.0351359881	-0.0282390339	-0.0318115	-0.1098314295	0.0976097902	-0.1105767396	-0.1384198547	-0.0066947571	-0.0471468007	-0.0095676033	0.0783183568	-0.0305599473	-0.0707134016	-0.0409343697	-0.0647799139	0.0096517531	-0.0796915949	0.054976661	-0.0398230152	0.1563534225	-0.0814005468	0.1306767945	0.1004450704	0.0531725365	-0.0537049379	0.0527991089	-0.0662199876	-0.1052922859	-0.0299313973	0.0440889227	0.0852232025	-0.0039248377	0.1373160488	-0.0559333824	0.086442193	-0.101217436	-0.1017671935	0.0018639461	0.0730947754	0.1092444249	-0.0631063932	-0.0111056788	0.0508732663	-0.0721371121	0.1272659786	0.1763896744	0.1142962164	0.0050683623	0.2096186661	-0.1330187696	-0.0249751698	0.0021608843	-0.0577914693	-0.0244091647	-0.0694527461	0.0586702985	-0.0747488663	0.007037683	-0.0273152872	0.022594629	0.0822856585	-0.0500729453	0.0516061186	0.0117527943	-0.2009929581	-0.0447966166	-0.0815323625	-0.1728031773	0.1043357788	-0.1414714897	-0.0569467156	-0.070269133	0.1499959005	-0.0277237597	0.0898132548	0.0277201923	-0.0442224868	-0.0540298282	0.0765113893	0.1333496892	-0.1378637857	-0.02886137	0.0703173734	-0.0086067725	-0.0019959987	0.032008889	0.0553660504	-0.0522750939	0.0621993924	-0.0538619553	-0.0045501074	-0.0678264629	-0.0734674144	0.1105226831	-0.1029847543	0.1048484663	0.0044167734	-0.0834043591	-0.0350206358	-0.0820378697	0.0074452147	0.0849127209	0.0361201412	0.0230432854	-0.1762554351	0.0755219317	-0.0512619131	-0.0681843983	-0.0027125537	-0.1084315472	-0.0026902023	-0.0961664894	-0.0199135599	0.1251242026	0.0021568773	0.0120994338	0.1865688444	0.1115310319	-0.0372393809	-0.0575411399	0.1109042714	0.0646748019	-0.0341074167	-0.0027759642	-0.1401736264	0.2487641294	-0.0317007676	0.0356762806	-0.019689445	0.0194982357	0.0049053633	-0.0951397023	0.0986457129	-0.0391030957	-0.0767481076	0.1236859503	-0.1125800027	-0.0933522301	-0.1005216092	0.0756918277	0.0447986266	-0.1808305016	0.0206739726	-0.0717676256	0.0305717097	0.058612904	-0.0551363207	0.0277063283	0.0836286562	0.0441899887	0.0018261536	0.0106987906	-0.0139014778	-0.0507664296	-0.0014797521	0.0241547735	-0.1069715474	0.0984089819	-0.10147309	0.090337992	-0.0409372168	-0.0477325177	0.0070688267	0.0363368076	0.0983677768	0.2002965313	0.0220159244	0.0312930432	-0.1586344867	-0.0558711945	-0.0221654572	0.0204807731	0.01866585	0.0206383449	0.0099468014	-0.0726800423	0.0505499443	0.082792941	0.1289355986	0.115490384	0.1060982907	0.0910064429	0.0051357	0.0021513	2.637541449e-05	4.628091690000001e-06	0.0357782	-0.0258885999999999	0.00128007959524	0.0006702196099599	0.0231416	-0.0084151	7.081390801000004e-05	0.0005355336505599	-0.000275601	0.0	0.0	7.5955911201e-08	-0.00043021	9.099499999999996e-05	8.280090024999993e-09	1.850806441e-07	0.000413363	9.495899999999998e-05	1.7086896976899997e-07	9.017211680999996e-09	0.0
629.7740178892758	0.3512834410129244	396615.31360840186	0.1234000559298807	858.4519641896053	2.552621763807906	736939.7748209913	6.515877869065785	598.1025330665146	0.0904656909947334	357726.6400605812	0.0081840412471545	616.5671372519668	609.6854803363627	1.131603	49.984005	0.02500028	0.0131024	-0.0065626776	0.1274041141	0.0045969486	-0.0441489225	-0.1177412679	-0.0997851583	-0.0332532668	-0.0811875952	-0.0501773098	0.0317659988	0.1341699886	0.0607104521	0.0882458686	0.0585564148	0.1111671697	-0.0249908709	-0.0473673803	0.0250364236	-0.0435918508	0.022091495	0.0354414159	-0.055584864	0.104390288	0.0522389994	0.1945665474	-0.0847177718	-0.0252004728	0.0060885569	-0.0882921291	-0.0556149762	-0.0479616739	0.0014134045	-0.1377670572	-0.0874897043	0.037568551	0.0164791909	-0.0244042441	0.0099637622	0.1144127646	-0.0499213109	-0.0491786128	-0.0341033223	0.002622038	0.0599268174	0.0336445397	0.043386414	-0.0481643872	0.0272320712	-0.0114157361	-0.0972188688	-0.1199939697	-0.0267055555	0.0007782998	0.1614198891	0.0893732993	-0.0956049982	-0.1007512474	0.0373619899	-0.0407567126	-0.0605975707	-0.0443573916	-0.0767660795	-0.0317874989	0.0260843368	0.041952339	0.0131379873	0.0950186687	0.0706231497	-0.0927899305	-0.0716793366	0.0136686267	0.0807405365	0.1605555382	-0.0677353351	-0.0397479779	0.0102062376	-0.1167889289	0.0325876899	-0.0370184598	0.0171962258	-0.1324496831	0.06222626	-0.1016184936	-0.170505882	-0.0331259901	-0.0194369446	-0.0193930963	0.0082250125	-0.0018035069	-0.044019004	0.0337172916	0.0290778465	-0.0730633041	-0.0751843451	-0.1515317708	-0.2117519077	-0.0503311275	-0.0470512068	-0.0596267695	-0.0200832618	-0.1419821867	0.0359752894	0.0155281465	-0.0190478094	-0.0686176205	0.0797870856	0.0735252019	-0.0307236099	-0.0973063689	0.0015910814	-0.0137814964	0.0244731241	0.0988871943	0.0007814133	-0.1152120965	0.0892673376	-0.0449798092	0.1322916105	-0.1158598461	-0.1059734346	-0.0276939491	-0.0274011251	-0.0557373574	0.0356247948	-0.0258544823	-0.0006959657	-0.0145055841	0.0646260527	-0.0244415527	0.041342345	-0.0277062338	0.0343624196	-0.003310381	0.0518246066	-0.0503382593	0.0107124945	-0.0103208449	-0.0010652967	-0.0437370094	-0.0709061607	0.0258112929	-0.120678201	-0.0559812353	0.2238352514	0.1123907171	0.033960926	-0.031959032	0.0379132233	-0.0826063051	-0.0632275103	0.0592433199	0.1346059463	0.1208736883	-0.0976289522	0.0859998402	-0.0334792371	-0.1165870622	-0.1440095699	0.0604043789	-0.1051769432	0.0359752584	0.0430135773	0.1106093267	-0.0016129943	-0.0378010415	0.1340368901	-0.0496847437	0.0033951156	0.0618147753	0.07657579	0.152600357	-0.0354970228	0.0863876843	-0.1368839027	0.0099627242	0.0364311383	-0.0965660454	0.0232952836	0.0037221894	-0.095526729	-0.0231029758	-0.0296216941	-0.0940390946	0.0276099861	0.1148577065	0.1036423034	0.0857540434	0.00196212	-0.00317358	3.8499148944e-06	1.00716100164e-05	0.0459106	0.0101324	0.00210778319236	0.00010266552976	0.0239008	0.0007592	5.763846400000023e-07	0.00057124824064	-0.000275601	0.0	0.0	7.5955911201e-08	-0.00055128	-0.00012107	1.4657944900000009e-08	3.039096384e-07	0.000315731	-9.7632e-05	9.968606436099999e-08	9.532007424e-09	0.0
629.9369179627344	0.1629000734585588	396820.52061238873	0.0265364339328038	862.4934134866065	4.041449297001236	743894.8883077784	16.333312420231785	598.7499475338938	0.6474144673791216	358501.4996718405	0.4191454925717917	617.3487462228795	609.884696811374	1.154265	50.984989	0.09836045	0.0453069	-0.0734854917	-0.0885812482	0.0691146406	-0.1510220575	0.0424239998	0.019684777	-0.0140047399	0.077422599	0.0023076772	-0.0852432646	-0.0771042652	0.0902956094	0.0143841118	0.0281758316	-0.0088030179	-0.0053984904	0.0238106415	-0.010021171	-0.052816235	0.0897177974	-0.083939817	0.0154016414	-0.0425075116	0.0025112103	-0.0355052661	-0.0019207371	0.064603265	0.0348657793	-0.0040158525	0.046309197	0.0203293988	0.1020176266	-0.114549965	-0.0017220199	0.0801972195	-0.0238347186	-0.0345008786	-0.0804841136	-0.0304508156	0.1211824895	0.0519656203	-0.0555537641	-0.0355752562	0.1567570825	0.0430471564	-0.0097405494	0.0001762159	0.0989093706	0.018971409	-0.1105945467	-0.0481679542	0.1233531906	0.0338244032	0.1715261996	-0.1265451649	0.0656908262	-0.0252238879	-0.0489119486	0.0954361597	-0.0725895575	-0.1383018548	0.0001789859	-0.0296998115	0.0273620543	0.0007004745	-0.0026941341	-0.1498616112	0.0721618597	0.0830254491	0.0954288242	0.1020215559	-0.0029557634	0.0312664629	0.0109835902	0.1548576365	-0.0373601846	0.05416213	0.0313202548	0.1249206364	-0.0376804885	-0.1003554702	0.1401280444	0.1029974793	0.0231921195	-0.0460488643	0.0333805471	-0.1343470425	-0.0704315244	0.1153061959	-0.0107053459	-0.0113942374	0.0371887534	-0.0658302455	-0.1317117313	0.0203040466	0.1335433348	0.0181595261	0.093648818	-0.1620073636	0.0976129258	0.0468338816	0.0351519703	0.0318131306	0.0054465217	0.0371999135	-0.0011855787	-0.0190396203	-0.0015057906	-0.0806226213	-0.1157152227	-0.0076689052	0.0898482681	0.134671397	-0.1474179841	-0.2038217932	0.079535693	-0.1014722316	-0.0206448426	-0.0314849853	0.0207412207	-0.0750825973	-0.0089885026	-0.0089758111	-0.1065906886	0.022697202	-0.0223997208	-0.0959638585	-0.0750901846	-0.0336636743	-0.1726191135	0.0234835584	0.0232959732	-0.0614234663	-0.0419733693	0.0339575625	0.0295115842	0.0535761473	-0.0369447217	-0.0700084984	0.0225730372	-0.0110765238	0.0801969731	-0.13151008	0.0018405466	-0.0443883376	-0.050820725	0.1602091488	-0.0860615282	-0.0545540118	-0.040382676	0.109553821	-0.0818956029	-0.2007624972	-0.0327457144	0.1262016462	0.1008775548	0.0508911484	0.0033805188	-0.0508283899	0.0056165257	0.0112290642	0.0154025106	0.0030133391	0.0326447685	-0.0331292373	-0.0886187372	-0.0207976472	-0.1462231956	-0.0728134272	0.0512141819	-0.0041028392	-0.0851939149	0.2257734102	-0.0623299137	-0.0234410119	-0.0827503508	-0.007711177	0.0157406684	0.0253617535	-0.0293069992	-0.0306686591	-0.1120170125	0.0070906279	0.0564116843	0.1141688124	0.1009834314	0.080124019	0.0136708	0.01170868	0.00018689077264	0.0001370931873424	0.0136985	-0.0322121	0.00018764890225	0.00103761938641	0.00347438	-0.02042642	0.0004172386340164	1.20713163844e-05	0.000139341	0.0004149419999999	1.7217686336399997e-07	1.9415914281e-08	-0.000374575	0.000176705	3.1224657025000015e-08	1.40306430625e-07	0.000404349	8.8618e-05	1.6349811380099997e-07	7.853149924e-09	0.0
628.368560547363	-1.568357415371338	394847.047884365	2.4597449823502635	861.9187782983565	-0.5746351882499994	742903.9803833314	0.3302055995751122	598.3025702328289	-0.4473773010648756	357965.96554720914	0.2001464495080923	616.9116245514424	589.3172007388237	1.211872	53.52956	0.11983858	0.0714652	0.1088287599	0.0364965234	-0.0480155564	-0.0120686115	0.0755180218	-0.1003022459	-0.0275036083	0.0018238653	-0.0608101923	0.092616309	0.0145741196	-0.0215613499	-0.0606025769	0.0112460232	0.0862008042	0.0759700644	0.0046668202	0.1006002174	0.1676557529	-0.0861449201	0.0490706487	0.0446075164	0.0508260663	-0.1253658537	-0.0226099101	-0.0697218442	0.0690546205	0.1072287063	-0.0064412648	0.1628621126	0.0918222862	-0.0799231636	0.1868707795	0.0863100793	0.1999351248	0.1306468503	-0.0776246929	-0.0558774242	-0.0028086023	-0.042733937	-0.1142483223	0.2133014854	0.0872984109	-0.0419229724	-0.1871074341	0.1199640542	-0.0329281894	0.0352957506	0.0430252933	-0.126422025	0.0933936452	-0.2282467827	-0.0639629569	0.0178045278	0.0558767221	-0.0430676186	-0.0164568045	0.0269870509	-0.2038769986	-0.1537119996	0.0180610393	0.1865177425	-0.0969661013	0.0963004823	-0.0967449745	0.1279510644	-0.0246250989	-0.1302341139	-0.1969447017	-0.0330555181	0.0165399911	0.0495781739	0.1569862847	0.0388239481	-0.0011579183	0.0106584678	0.0626182845	-0.0420773483	0.1324041607	0.1232687903	-0.084783494	-0.043503745	0.100936975	0.095913154	-0.060983508	-0.0296486478	-0.0990323653	-0.0086987762	0.0210194158	-0.0112867625	-0.1483963205	0.0069059993	-0.0705593904	0.0614940293	-0.0699955815	-0.0753172834	-0.1557027587	-0.043400186	-0.0334986239	-0.0893218785	-0.0030676762	-0.0031087709	0.0847743859	-0.0118095708	0.0975071551	0.0201167697	0.1480680556	-0.0283820717	0.0907931602	0.2539679608	-0.0784843609	0.1413404475	-0.0625453047	-0.0403360504	0.2593762076	0.1112779566	0.0340050498	0.0872296882	0.0884272817	-0.140349453	-0.0846314281	0.0214969931	-0.0255276148	0.0600455159	-0.0619764272	-0.0267757542	-0.1116814648	-0.0535904013	-0.3259425843	0.1159006865	0.0502251672	0.1198283322	0.1477400106	0.0401193364	-0.0185635683	-0.0445506161	0.0032039264	0.0302092291	0.0542825339	-0.0788767439	-0.1642964226	-0.0074392744	-0.0934572665	0.0911019371	-0.0210005598	-0.0122714951	0.1358944153	0.0733402861	-0.0616451106	0.0938645422	-0.080375784	0.1240061151	-0.0110285562	0.068623592	0.1071321187	0.1135052181	-0.0009203549	0.0528665394	-0.0147455894	0.0482163099	0.075481758	0.0372901155	0.0775397883	-0.1283213936	0.0641464455	0.0671246265	-0.0956414897	-0.0874295793	0.0892380977	-0.3338952165	0.0482564578	0.1025147774	-0.034966721	0.0947550112	0.0594529394	-0.0296956993	-0.0789531554	-0.0369298867	0.016124507	-0.0503042206	-0.0796519461	-0.131704533	-0.1330192663	0.1085861164	0.1134240387	0.0981268796	0.0741411618	0.00439709	-0.00927371	1.93344004681e-05	8.600169716410001e-05	0.0726785999999999	0.0589800999999998	0.0052821788979599	0.0034786521960099	0.0078688	0.00439442	1.9310927136400005e-05	6.191801344000001e-05	0.00071059	0.000571249	3.26325420001e-07	5.049381481e-07	-0.000630361	-0.000255786	6.5426477796e-08	3.97354990321e-07	0.000287577	-0.0001167719999999	8.2700530929e-08	1.3635699983999992e-08	0.0
628.8319314192443	0.4633708718812386	395429.5979724571	0.2147125649079792	853.366766942062	-8.552011356294543	728234.8389211475	73.13689823819082	597.9415348587507	-0.361035374078142	357534.07910923864	0.1303465413357439	616.1123043888961	582.0476638598333	1.284251	56.726612	0.16064329	0.0912056	-0.0713321985	0.0568515896	-0.0805229233	0.0330441694	-0.0820313873	0.1141562154	-0.0601663491	0.0865041164	0.0044327675	-0.0594538705	0.0651566498	0.0687598952	0.0173816627	0.1083831124	-0.086606373	0.11194479	-0.1474301208	0.0235171209	-0.0591676113	-0.0309477009	0.1522930522	0.1172722261	-0.1747587745	-0.1249869092	0.0807681566	-0.0601517721	-0.0178262558	0.1084672539	-0.1002636258	0.1108133663	0.0331170612	0.0443043095	0.1178011225	-0.0256541581	-0.1884890419	-0.005432512	0.0157874791	0.1500529657	0.0625388125	-0.1299541096	0.0596381688	-0.086417105	0.180946713	-0.020250999	0.0350875072	0.242856183	-0.0410624202	-0.0534366124	0.1245942829	-0.0576938301	-0.0132284905	0.0928234686	0.1046529907	0.0081368974	-0.0673592578	0.0648807929	-0.0797794295	-0.1563249452	-0.0735364246	0.2108384176	0.3352645793	-0.1323589958	-0.2315664828	-0.0503019561	0.035839459	-0.0523740459	0.0392651454	0.0240655156	0.0438941197	0.0418958311	0.1707062478	-0.0153014068	0.0835219508	-0.0691833893	-0.0411909688	-0.0060738364	-0.007790184	0.0532145549	-0.0440087249	-0.0502154214	0.2272528326	-0.1362535867	0.0452417324	0.0791644235	-0.0560635731	-0.0018124017	-0.1010068859	-0.0146939051	-0.0317523488	-0.0607637004	0.0540334681	0.0546230074	0.0506728384	-0.0822557685	0.10818494	0.0519263605	0.0504470689	-0.0577955777	-0.0494725682	0.0296947372	-0.0657482067	-0.0542921274	-0.1106828699	0.0432984686	-0.1809711233	0.0262135725	-0.0684342019	0.0793428954	-0.2262097244	0.1512777212	0.0466180514	0.2188395309	-0.0577387843	0.0770444626	-0.14836624	-0.198016024	0.1205163696	0.0158952396	0.0281783469	0.1226304055	0.2167479625	0.1788031786	0.0552263563	0.0568159641	-0.0181390993	0.1190390998	0.1859322017	-0.2169054739	-0.082587598	0.0356217289	-0.1106462023	0.0031335316	-0.0310666644	-0.0522072307	0.0861835385	0.0230030822	-0.1274545565	-0.0775637288	-0.055263884	0.1130831068	-0.1104750126	-0.1229318666	-0.0005732906	0.0044468784	0.1173380955	-0.1438534564	0.1216008646	0.0324846149	0.0460329184	0.0189905082	-0.1654520915	-0.0621014196	0.0268738103	-0.0099218172	0.0378659411	-0.0774228661	0.043180827	-0.0151588903	0.1787275542	-0.0339234082	-0.1402084076	-0.0049946522	-0.1405084049	0.1827106751	-0.0249226674	0.0547455219	-0.091600696	0.0305080438	-0.2601657531	-0.0192606061	0.1176784248	-0.065220434	-0.041722956	0.186699894	-0.0268132927	-0.1908732302	-0.1387252571	-0.3236495618	0.1682805915	0.0238037255	0.1283915788	0.2138268613	-0.0813857319	0.1328590434	0.11262375	0.0950782398	0.067831818	0.00792222	0.00352513	6.276156972840001e-05	1.2426541516900004e-05	-0.00360151	-0.0762801099999999	1.29708742801e-05	0.005818655181612	-0.0228202	-0.030689	0.000941814721	0.00052076152804	0.00161873	0.00090814	8.247182596000002e-07	2.6202868129e-06	-0.000551281	7.907999999999993e-05	6.253646399999988e-09	3.03910740961e-07	0.000271816	-1.576100000000004e-05	7.388393785599998e-08	2.4840912100000127e-10	0.0
631.5605124557608	2.728581036516516	398868.6808933832	7.445154472837546	856.1956771198807	2.8289101778186705	733071.0375187709	8.002732794166063	599.1913913615659	1.2498565028151916	359030.3234818093	1.562141277629421	617.1142537434126	586.4509468909873	1.140439	50.37429	0.1772336099999999	0.0944617	-0.053700644	0.0293901772	-0.0729946453	0.0027545289	-0.0610059318	0.0588182725	-0.1302648197	0.0630933917	-0.0346883661	-0.076868483	0.0039649421	0.1219606958	0.0144191715	0.0527679739	-0.1415487875	0.0485984655	-0.0432751952	-0.0327448336	0.0616024902	0.1156910781	0.0202669867	-0.1589541557	0.0304682026	0.0329245745	-0.0651064492	-0.0049789144	0.1950097531	0.1624564631	-0.1019302642	-0.1412332528	0.0510229043	-0.1752279317	0.1767740608	0.0429867321	0.0445298201	0.0836114027	0.1573447344	-0.0093548214	-0.0452773178	-0.1196170986	-0.0171256684	-0.1272290282	-0.0497108108	0.0652619311	0.1024478547	0.0493552318	0.1085623242	0.1583675963	-0.1010044925	0.0204691778	-0.0436612194	0.0351204267	0.0947435681	-0.1201989708	0.1196762868	0.1026739649	0.105950679	-0.0192786081	0.0764932864	0.0177445604	0.089729937	-0.0175293824	0.0323211805	0.0020378228	-0.0871975559	-0.0145619691	0.0368259161	-0.2183185726	0.0078167374	0.1044381983	0.1362549575	0.0256669164	-0.2059008043	0.1242483689	-0.0183716027	0.0213417207	-0.0079709898	0.061396725	-0.0415700044	-0.0619741351	-0.0126197822	-0.0425870192	-0.0682692954	-0.1122091223	0.0006591259	-0.0157944932	-0.2460496745	0.0436621086	0.0513168942	0.1236668604	0.0153586008	0.0171114036	0.0479564851	0.1221781387	-0.0708134969	-0.1241683399	0.0488468163	-0.1052129533	-0.0816027321	0.0419599994	-0.0105487224	-0.1089993395	-0.0497659163	-0.0693785818	0.0097532494	-0.0214992129	-0.1061537488	0.0211640147	-0.2194032376	-0.1838034926	0.1328306155	0.0202217432	-0.0796261239	-0.0905527838	0.0964423612	-0.0006704329	0.1314295049	0.1020319749	-0.0182231476	0.1427101793	0.0667977706	-0.079994106	0.0686463063	0.0465240099	-0.0077834062	-0.0305589204	0.2197740617	-0.0038233738	0.046561943	0.0584501626	0.1280818299	-0.1544700482	0.1014400268	-0.0231699269	0.1593155706	-0.0168096282	0.1198098301	-0.0414079572	0.1003095723	0.0459994219	-0.0858738913	-0.0168218655	-0.0249844364	0.0678592314	-0.1319171779	0.152649093	0.0250294732	0.1597477109	-0.0388951662	-0.0931067144	0.1712224889	-0.0047831869	-0.015137562	-0.0242713827	-0.0297275062	0.0432901445	0.0756292307	0.0463173814	0.0175074524	0.0248672413	0.0235810752	-0.0918275312	-0.0481583807	0.0288904223	-0.0609045244	0.0825262397	0.0530883321	0.1160856263	-0.0465844359	-0.0612984226	-0.1128041346	-0.1075935035	-0.0130781748	-0.111829628	0.0485900191	-0.1313213933	0.0578162249	-0.0536646615	-0.0374529737	-0.0107047725	0.0551598493	-0.1094821129	0.2929440862	0.2453336169	0.111768338	0.0918434799	0.0612237711	0.00545327	-0.00246895	2.97381536929e-05	6.095714102500005e-06	0.0628655	0.06646701	0.00395207109025	0.0044178634183401	0.0040835	0.0269037	0.0007238090736899	1.667497225e-05	0.00032212	-0.00129661	1.6811974921000004e-06	1.0376129440000001e-07	-0.00036575	0.000185531	3.4421751961000005e-08	1.3377306250000006e-07	0.000126078	-0.0001457379999999	1.5895662084000003e-08	2.123956464399999e-08	0.0
631.6659062542061	0.1053937984453341	399001.8171239475	0.0111078527507357	860.148371325557	3.95269420567638	739855.2206940084	15.62379148358763	599.148881321081	-0.042510040484899	358979.38198830286	0.0018071035420277	617.5008982467997	590.5179891710445	1.055914	46.640759	0.06861975	0.0440545	-0.0994127056	-0.0273332087	-0.0723362066	0.0801670113	0.0214407173	0.0377602376	-0.1097396166	0.0424810642	-0.0271908822	-0.100579711	-0.006060313	0.0072112693	0.0574096913	-0.0761556244	-0.0440766778	0.0019587959	0.0133763675	0.0839316934	0.1076994766	-0.034736236	0.0891496802	-0.0664755699	0.0692282634	-0.0470393487	-0.0027502046	0.1666999663	0.0077419645	0.1020651812	-0.0487696515	0.0505979658	0.2221970857	-0.1936952419	-0.0599966024	-0.0861343232	-0.0245919823	0.0310499706	-0.0771185117	0.0660442375	0.0443441962	0.0064742979	0.0724842259	-0.1937924042	-0.0082344736	-0.0390727351	0.099067552	0.1972276074	-0.0212411896	0.0710167642	0.1128935135	-0.0404678845	0.077185151	-0.1409382528	0.0128097659	0.0238231156	-0.0419790207	-0.0738476751	-0.0225433565	0.0602319219	0.0097937954	0.0354573524	0.0194189217	0.0790105262	0.1621296538	0.0994113987	-0.0589020011	-0.0466132572	-0.1167921543	-0.0771964949	-0.0635423772	-0.0411803607	0.0125143469	-0.1632271152	-0.1430408289	-0.1029342295	0.1207733678	0.0333322828	0.0439723174	-0.1588767015	0.025354614	0.0502564987	-0.0522081431	0.019774619	-0.0834894352	-0.118331552	0.005986125	-0.1656985035	0.0466216149	-0.0812161456	-0.0736260961	0.0359827229	-0.1582623901	-0.0232515989	0.0674886119	-0.1258914227	-0.1016812119	0.0574126813	-0.0589737777	0.0381990308	0.1209584357	0.0786138955	-0.007039276	0.0226041195	-0.1051090985	0.0113055607	-0.0429463856	-0.1756891697	0.008851301	0.0078956501	-0.0915168823	0.0331278196	0.0418503814	0.0286895482	-0.0502025618	-0.1130035822	0.0678188293	-0.0072049176	-0.1286882988	0.1947708685	0.0478948398	-0.0699581075	0.0954369725	0.0477140443	0.0633536413	-0.1712402913	-0.0531533854	-0.0542353224	-0.0542433414	0.1046087397	-0.0142171573	0.0486062731	0.0228028973	0.1179106434	-0.1567634467	0.0333660646	0.05243348	-0.1118741923	0.1560201867	-0.0192678151	-0.0230758142	-0.0465138139	-0.034259101	0.0565987026	0.0442349308	0.0776538162	-0.1687470512	0.1664536912	-0.1229598967	0.0338741269	0.0159617988	0.1288055794	-0.2120006211	-0.0486932956	0.0304529371	0.0902709176	0.0994104359	-0.0076388176	-0.0936815519	0.0939161523	-0.1260129461	0.0589964427	-0.0358948138	0.0135353151	0.0304782468	0.0505290119	-0.0856327952	-0.0432515309	0.1215674927	-0.0160610261	-0.0163720591	-0.1332532374	0.0326952352	0.0220025401	-0.0548936895	-0.0906476595	-0.0644698739	-0.12582186	-0.0396866056	-0.1296720664	-0.0714594907	0.1140576847	0.1295231835	-0.1309197395	0.0214350117	0.0064123976	0.1108582214	0.0884289321	0.0543461203	0.00625862	0.00080535	3.9170324304400005e-05	6.48588622500001e-07	0.0203486	-0.0425169	0.00041406552196	0.00180768678561	-0.00191935	-0.00600285	3.603420812250001e-05	3.6839044225e-06	0.000645892	0.000323772	1.0482830798400001e-07	4.1717647566400004e-07	-0.000380226	-1.4475999999999976e-05	2.0955457599999927e-10	1.44571811076e-07	0.000173723	4.7645e-05	3.0179680729e-08	2.2700460249999996e-09	0.0
630.4730415630121	-1.1928646911940175	397496.2561377156	1.4229261714973993	859.4553214940534	-0.6930498315036857	738663.4496444466	0.4803180689472872	598.7368048903288	-0.4120764307522222	358485.76153027965	0.169806984781491	617.1900986452578	597.9131790488043	1.200472	53.025997	0.14704921	0.0694951	0.0643713107	-0.1196388717	-0.0054388922	0.0367619014	-0.0901145482	-0.1669651212	-0.004428847	0.1214218949	0.0827157277	0.0241487312	-0.1297248846	0.1566296894	-0.0473120817	-0.0423895188	0.0818461779	-0.170206024	-0.0727318616	-0.0200209371	-0.0031517017	-0.0956335164	0.1475598998	-0.0182778435	0.0264703968	-0.0307054989	0.089236869	0.1407603267	0.1133691704	0.025712307	-0.0013129471	-0.0559234796	0.0179017632	0.1346442551	0.0128591137	0.0531602094	-0.0878596867	0.0150144156	-0.0504252431	-0.027711598	-0.1375102243	0.0547010888	-0.0840793075	-0.0149305185	0.0662532799	0.1781756488	-0.0461381527	0.0983887244	0.0022707396	-0.0304554245	-0.0075770178	0.0219942997	-0.0047712587	-0.0172393275	0.0935803471	0.0008975049	-0.0347531897	0.0218294295	0.0145415738	0.0743511462	0.001262398	-0.0240141799	0.0232365292	7.24949e-05	0.025614779	0.0923471003	-0.0371141353	-0.0586426829	-0.0466543762	0.1314291057	0.0533247337	-0.0294131884	-0.0271209468	-0.1073242839	-0.1006796494	-0.1202345028	-0.1435674441	0.1069607659	0.0370247917	-0.0339160585	-0.1773635215	0.0215390977	-0.0417711188	-0.0520290903	0.1770335863	-0.1572550746	-0.0317485174	-0.0566464972	-0.0761199861	-0.0645468	0.1819353648	-0.0781982166	-0.047540927	-0.0844081235	-0.0011074242	-0.0373324626	-0.0917418759	-0.0590375111	-0.0296759538	0.0095690685	0.0637676984	-0.0149799973	0.1434392843	-0.0326850599	0.0604539987	0.063625063	0.0621219946	-0.0054493158	0.054112288	-0.1854616839	-0.1769092869	-0.0302069734	-0.0190334779	0.029490533	-0.0595144733	-0.0282219749	0.0482637605	-0.0576541451	-0.0946626372	-0.0668956309	-0.0547543804	0.0082658167	-0.0997162584	0.084139196	-0.0158695728	0.0023468944	0.0042496596	0.0692890764	0.011045227	0.0232641601	-0.0543924583	-0.0266997367	0.0365455787	-0.0341109103	-0.2019728425	0.1324057835	0.0502912571	0.0006498297	0.0863040258	0.0382414832	-0.0288016327	0.1832833069	0.0132523294	-0.1874075898	-0.0357039571	0.0164652319	-0.0451656105	-0.0270830819	-0.0982646012	-0.0239462237	0.0124019383	0.092394647	0.024179804	0.1920053241	-0.0314043765	0.0256382047	-0.108040032	0.0134213839	-0.1174173081	0.0154673628	0.0428026697	0.0714633352	0.1059389498	-0.0267789164	-0.0275481125	-0.0514923052	0.0752045143	-0.1041644062	0.1065148904	0.0086771365	0.0878959726	-0.0800660501	0.0860704502	-0.1236975398	-0.0241336818	0.053451548	0.0022826326	-0.1456059298	-0.0413061146	0.064198026	-0.0887883765	-0.0007880199	0.0885839284	-0.0490101995	-0.0002146325	0.0378987545	0.1098938456	0.0848412804	0.0472291519	-0.00865775	-0.01491637	7.495663506250002e-05	0.0002224980939769	0.0644514	0.0441028	0.00415398296196	0.00194505696784	0.0346695	0.03658885	0.0013387439443224	0.00120197423025	-5.13277e-05	-0.0006972197	4.861153100680901e-07	2.6345327872899998e-09	-0.000551281	-0.000171055	2.9259813025000014e-08	3.03910740961e-07	1.31739e-05	-0.0001605491	1.7355164120999998e-10	2.577601351081e-08	0.0
629.9766060786346	-0.4964354843774572	396870.5242063552	0.2464481901490805	861.6930899741942	2.2377684801408577	742514.9813092748	5.007607770711925	597.7731626621091	-0.963642228219669	357332.7539990604	0.9286063440081688	616.2276283362615	607.3822853952063	1.208529	53.381912	0.141988885	0.081678	0.0547086942	0.0877595715	-0.0180052218	-0.1641114587	0.097685176	0.1231921995	0.0790190851	0.1260147176	0.0193948819	0.034815794	0.1266763087	0.1598167257	-0.0819667003	-0.1156247575	0.004091887	0.0360000453	0.0633436692	-0.0794214251	-0.0233827034	-0.0506302138	-0.1123847466	0.0930155546	0.0199872941	0.0332837039	0.0309348226	0.1004837524	-0.0215686909	0.0003672254	-0.1077187249	-0.0971314327	0.0474255641	0.0512592711	0.0453235774	-0.035532198	0.0233769974	0.0696574284	-0.1628019528	0.054657231	0.0762090841	-0.0367044754	-0.0797774934	0.003403915	0.0001014038	0.02165814	-0.0148579749	0.0025927984	-0.0245705315	0.0765714382	0.093913523	0.0224101686	-0.0326966046	0.1772750867	0.0327891378	-0.2122718667	-0.0605757809	0.0527072822	0.0495917093	0.0371710993	-0.065674212	0.0309183271	-0.1884413057	0.0045142962	0.0428228274	-0.0250692716	0.0860170359	0.072906647	0.1511372195	-0.0091574966	-0.0536626877	-0.0978019113	-0.0522580283	-0.1465418139	-0.0353799381	-0.0340543767	0.084593296	-0.1919047586	-0.0076735668	0.0633758611	-0.0903528555	-0.0845266249	-0.1614298793	0.0105697223	-0.0183803629	-0.0081436212	0.0366717065	0.0490215827	0.0379762264	-0.1160502594	0.0185535354	-0.0869912306	-0.0391227175	-0.1690741308	0.1382669946	-0.0709290647	0.1125743164	-0.0347833559	0.015666837	-0.0756956127	0.0111532743	-0.0788438837	-0.1123829868	-0.007914729	0.0157348091	0.0685799718	0.1722496478	-0.092605998	-0.0377851079	0.0697383852	-0.0392633179	-0.03165566	-0.0329828824	0.0554887425	-0.0473696438	-0.0199120086	-0.0261930136	-0.161066395	0.0009468247	-0.0287387968	0.0397332163	-0.0424256548	-0.2147812669	-0.0487925615	-0.0440461221	-0.1019774976	0.0931271461	-0.0182683245	0.0089348214	0.0398648314	0.2448755594	0.0015124784	0.1060668432	0.1351976656	-0.1254242111	-0.0175364211	-0.0702731475	0.1198831103	-0.055360778	-0.1077105765	-0.0030250914	-0.1019283151	-0.0113092278	0.0395545614	-0.0639506686	-0.1431999415	0.0376300354	0.0006278893	0.0800517711	-0.014664728	0.0755254548	-0.0011744753	-0.0860250886	0.1167222043	0.0936512678	-0.0800444395	0.0388217286	-0.0985647683	-0.0003180884	0.1242518921	0.0925401726	-0.1007100543	-0.0591992856	0.0034348227	0.0579315511	0.006800307	0.0620999814	0.0767371292	0.011798534	-0.10750424	-0.0275730194	-0.1274222107	0.0254612429	0.0115690199	0.1758790936	0.1065592671	-0.0934383209	-0.0323413766	0.0293130701	-0.0856853731	-0.0733036318	0.1198609777	0.0420212129	0.1027123559	-0.0913164498	-0.1561984314	0.1088756826	0.081087548	0.039904206	-0.00462163	0.00403612	2.13594638569e-05	1.6290264654400007e-05	-0.00411115	-0.06856255	1.69015543225e-05	0.0047008232625025	-0.00364745	-0.03831695	0.0014681886573025	1.33038915025e-05	0.000475849	0.0005271767	2.7791527302289e-07	2.26432270801e-07	-0.00047888	7.240100000000004e-05	5.241904801000006e-09	2.293260544e-07	3.50615e-05	2.1887600000000004e-05	1.22930878225e-09	4.7906703376e-10	0.0
629.7429444186236	-0.2336616600110801	396576.1760450376	0.0545977713591336	857.5714928176466	-4.121597156547637	735428.8652934869	16.987563120861562	598.1817614181784	0.4085987560692956	357821.4196933546	0.1669529434613757	616.4351842520941	597.6501019724482	1.153556	50.953701	0.14161326	0.0784676	-0.1105789318	0.0012432763	-0.0724521172	0.1309943552	0.103935726	-0.1155849225	0.00811721	-0.1021619026	-0.0191960428	-0.1139338306	0.0193658952	-0.1355946887	-0.0459677477	0.0737011194	0.0252132697	0.0208123578	0.0406416754	0.0974180628	-0.0493857292	-0.0422922206	0.1215837988	0.0292432169	0.0307000907	0.0954789055	0.0484745545	-0.0297201509	0.0613024149	-0.0496540132	0.027118026	0.0577711462	0.102660699	0.0610982566	-0.0865816249	0.0705891117	-0.0598996571	0.0924463788	0.0033761151	-0.0993594195	0.0142808063	-0.0332146649	-0.0536609079	-0.0590020678	-0.0759201139	-0.0947558247	0.0764412128	0.0693506711	-0.0160886066	-0.1083650768	0.0255152488	0.1196518669	0.1231856609	0.0135880614	0.0274978489	-0.1278711628	0.0264340904	0.0630470218	0.0025143849	-0.07034021	-0.1567128913	-0.119531849	-0.043488695	-0.0859959678	0.0226635279	0.0230096407	-0.035786309	-0.070148094	-0.0362782832	0.0179685442	-0.0470982465	0.0291751223	-0.1048675676	-0.0598524328	0.0566558721	0.0609096961	-0.1493219871	0.0261109963	-0.1279311466	0.0821564163	-0.0485255407	0.0024673398	-0.0762851571	0.0223665896	-0.016822957	-0.0029867818	-0.1245279383	-0.0476441631	-0.0103235495	-0.0073055939	-0.0705157928	-0.0125552716	-0.0139644558	-0.1282409495	-0.1315315699	-0.209654476	0.0561670742	0.0208722611	0.1026499354	0.0446095914	0.0934798608	0.1051963138	-0.0290504673	-0.0206236589	0.0457352323	-0.1152478319	-0.0482803585	-0.0167385153	0.0395542293	0.0303831476	0.0160847092	0.016370737	0.0065329322	-0.1097226665	-0.1652210107	0.1209070359	0.0827094772	-0.0224835089	-0.0082514519	-0.0302770464	0.0542139854	-0.0504082523	-0.0637774908	-0.0372847422	0.1421456889	-0.0584564442	0.0545415145	-0.0053883419	0.0974294667	0.0394153248	-0.093167529	-0.0259129711	0.01204984	0.0003584644	-0.1810618448	-0.0465137457	0.0167569624	0.1465655864	-0.0893893638	0.1187497177	0.0196139672	-0.0193001154	0.0886370774	-0.0113494454	0.1214501976	-0.0007610393	0.0637511212	0.1250513321	0.065468556	-0.0669309796	-0.0514779504	-0.0095361227	-0.021448872	0.0939427047	0.0669797221	-0.1425806407	0.0922070143	-0.0653151905	0.0083565886	-0.0352676214	-0.01652452	-0.0418359672	0.1056000558	0.0199392593	-0.0209709063	0.0134525963	-0.1018140057	0.0021986945	0.0307520883	-0.0293641065	-0.0292984103	-0.0795751522	0.1829723431	0.0506771837	0.0038397192	-0.0360332309	0.0360307534	-0.1521297313	0.1228805352	0.1341436624	-0.0519951275	-0.0998527555	-0.0554753583	0.0665671401	0.0952200836	-0.1350687487	0.1078042307	0.077175083	0.0324035386	-0.00467845	-5.681999999999996e-05	2.18878944025e-05	3.2285123999999954e-09	0.0552023	0.05931345	0.00304729392529	0.0035180853509025	0.0277239	0.03137135	0.0009841616008225	0.00076861463121	-0.000396729	-0.0008725779999999	7.613923660839999e-07	1.5739389944100004e-07	-0.000348054	0.000130826	1.7115442276e-08	1.2114158691599998e-07	2.10327e-05	-1.4028800000000004e-05	4.4237446928999997e-10	1.9680722944000008e-10	0.0
630.6833124195811	0.9403680009575056	397761.44056453486	0.8842919772248151	857.8086574508466	0.2371646331999954	735835.6927976238	0.0562470632408884	599.6242448383151	1.442483420136682	359549.2349979197	2.0807584173692195	617.315259726693	604.126071313779	1.183398	52.271854	0.166344696	0.0914074	0.0313325482	-0.1025842779	0.0732496453	-0.0766707514	-0.1093180221	0.2047929899	-0.0020905939	-0.1820433365	0.0673934457	0.0534122913	-0.1247350574	-0.0766261138	0.1911689313	0.1137760357	-0.0172343328	0.0208205254	-0.0757181241	-0.1391748648	-0.0071196185	-0.0051278536	0.0279648221	0.0656963715	-0.0677880146	-0.0056978992	-0.0934175702	-0.0843554977	0.0096832485	-0.0122431331	-0.0260749264	-0.0241187182	0.0840981765	-0.0014559572	0.0804431644	0.0332033463	-0.0957676306	0.1200605586	0.0403572058	0.0089765104	-0.024912482	0.1393898683	0.1769332877	0.2125711106	-0.0372278738	0.0922225714	-0.0782346954	0.1674154675	-0.1408958425	0.0236609542	-0.1797287539	0.041320627	0.0106190301	0.149820218	-0.132072679	0.0333157172	0.0004620933	0.1019764058	0.0238446055	-0.0368449216	0.0553723656	0.051900152	-0.0302050147	0.0365079009	-0.0818070818	0.0244781655	-0.1401118741	-0.0160640704	-0.0309553123	-0.0435835639	-0.017259407	0.0945613981	-0.0935985065	0.0412052168	-0.1050045338	0.0995672227	0.0109736906	-0.1329665581	-0.0088261716	0.0837738665	0.037004468	0.0148713641	0.042729286	-0.048514584	-0.0483914809	-0.0011299735	0.122442055	0.1020463313	0.1460567777	-0.0508242852	0.1363211762	0.0757872601	-0.0455997683	0.0711880636	0.0407518116	0.0091151102	-0.1377893904	-0.0452413435	0.0176757179	0.1133057061	0.0135875967	-0.0155186207	0.1093519625	0.0848317478	-0.1051799329	-0.0235504144	-0.0013346848	0.238356011	-0.123614597	-0.0986787375	0.1332664226	0.0360628743	-0.1461602021	0.1137098033	-0.2092523016	-0.0892413763	-0.1291056388	0.0746931606	0.0448046649	-0.0105966534	0.0968124091	0.1078131561	0.0060199053	-0.1032856954	-0.0290261595	0.0996716406	0.1263297495	-0.0837890839	-0.0165551559	-0.0799504823	-0.0655594608	-0.0322611836	0.0718447726	-0.02666602	0.022025222	-0.0877517969	0.0042626192	-0.0843177714	-0.0140429122	-0.0814651997	0.0892398533	0.0068231362	0.1434197825	0.0994933712	-0.0508813761	-0.0598545521	-0.1432147207	-0.0832881709	-0.0541166704	0.0736587455	-0.0271836231	-0.0762678709	0.0181531081	0.0734188712	-0.0093159862	0.0542206324	-0.0319652019	0.1503302494	-0.1321826482	0.0441280242	0.0031433079	0.1373326646	-0.0892877606	-0.0263952387	0.0545134977	-0.0022151277	0.0156322337	-0.116339162	0.0021926532	-0.0995813431	-0.1501809497	-0.0637431394	-0.009221481	-0.1768127781	0.0028065527	0.0884374512	0.0367439416	-0.0084992309	-0.1109051305	-0.1208501072	0.0717405133	0.1587571439	0.0039422147	-0.0253615196	-0.0699724709	-0.1766543787	0.1066800145	0.073111544	0.0247601796	-0.00461172	6.673000000000009e-05	2.12679613584e-05	4.4528929000000124e-09	-0.0125161	-0.0677184	0.00015665275921	0.0045857816985599	-0.0127596	-0.0404835	0.00163891377225	0.0001628073921599	0.000566294	0.0009630229999999	9.27413298529e-07	3.20688894436e-07	-0.000169373	0.0001786809999999	3.192689976099999e-08	2.8687213129000003e-08	1.21538e-06	-1.981732e-05	1.4771485443999998e-12	3.9272617198239996e-10	0.0
631.3763618987342	0.6930494791531601	398636.1103644814	0.4803175805544664	862.0828000918124	4.274142640965806	743186.7542141398	18.26829531532216	599.0937362786436	-0.5305085596714889	358913.304848305	0.2814393318847177	617.6693883963763	594.764196343124	1.173293	51.825493	0.211962331	0.118713	0.1210714606	0.0360466352	-0.0606983795	-0.0272479107	0.1184114814	-0.112285192	-0.0834591052	-0.1161973916	0.0563178779	0.1561366891	0.0601068476	-0.002460711	-0.0011826327	0.1404531543	-0.0920649983	-0.0302895439	0.0164391413	0.1100033499	0.1238507834	0.0413556498	-0.1260274169	-0.0958870565	-0.0549521715	-0.0713988887	0.0627599085	0.0725784573	-0.0561094303	-0.1023785903	0.1347023111	-0.1010842957	0.0465484245	0.0254458409	0.1060534963	-0.0508870545	-0.051055376	0.0357894969	0.1352493563	0.0946077484	0.0112638075	-0.0138359246	-0.19880016	0.0108909865	-0.0072368121	-0.1275105405	-0.0494927183	-0.0738191409	-0.0051318539	0.0451914446	-0.1266581139	-0.2070176678	-0.0982171299	0.0366561161	-0.005201716	0.0610284225	-0.082399379	0.0430698766	-0.0814918092	-0.0913950166	0.0991759322	-0.0423188976	-0.0315452414	-0.0477034326	0.000776869	-0.0179015831	-0.0567370804	-0.0517447443	0.0805822721	0.0831696788	0.0894640264	0.0193281252	0.0769797071	-0.0440344909	-0.0629574313	-0.0720833353	0.1577587791	0.0943762421	-0.0917609386	-0.1224578602	-0.1109435122	-0.0077133061	0.0092972744	-0.1444719919	-0.1762495742	0.0424544412	0.0567255817	-0.0488220603	-0.0516566206	0.0568087312	-0.0175683583	-0.2329334196	-0.0594528711	-0.0903329801	0.0492119113	-0.1054182347	-0.0527171184	0.159606444	-0.0228668621	-0.0367226729	-0.1475170504	-0.1681962933	-0.0263479338	0.0416760849	0.0511181919	-0.1271888363	0.0244979873	-0.0602320536	0.0398106745	0.0345504669	-0.0047731057	0.0830078572	0.1009865147	-0.0221368201	0.1384826215	-0.0672009318	-0.1644127056	0.1715735353	0.1408145232	0.0754778847	-0.1442775992	0.1378010223	-0.1012285589	-0.0255971685	0.0705343872	0.0683368155	0.0181213256	0.1100067987	0.0462501039	-0.0382850461	0.0665529071	-0.0555866802	-0.020233273	-0.0541706793	-0.039675119	-0.0005449393	0.0683806234	-0.0706655984	-0.0270078293	-0.1547149067	-0.105839198	-0.0274820041	-0.0026584483	-0.0101007331	0.0681739716	0.0138685226	-0.024279765	0.137276549	-0.0810599161	-0.0481293357	0.1429042975	0.1506489003	-0.0087740654	0.014287262	0.0747912088	0.025400291	0.1315160919	0.0130748269	0.1035039635	0.0973943417	0.0054146978	-0.0506765374	0.1137241478	0.0884268314	0.0128251956	0.0097707152	0.1456310793	0.0515917974	0.0771139516	0.0137822071	-0.0247554814	-0.041441375	0.0262637343	-0.0404365025	-0.0239807295	-0.092940242	0.1018398941	-0.0568301542	0.1695290571	0.0932974502	0.0873560521	-0.0472338278	0.0229085892	-0.0626039431	-0.0100568329	-0.0565955294	0.1055035841	0.0689048858	0.0170077871	-0.00469119	-7.946999999999989e-05	2.20072636161e-05	6.315480899999982e-09	0.0705302	0.0830463	0.00497450911204	0.00689668794369	0.0424952	0.0552547999999999	0.0030530929230399	0.0018058420230399	-0.000771705	-0.0013379989999999	1.7902413240009995e-06	5.95528607025e-07	-0.000112736	5.663700000000001e-05	3.207749769000001e-09	1.2709405696e-08	7.821459999999998e-05	7.699921999999999e-05	6.117523653159997e-09	5.928879880608398e-09	0.0
633.1327575729323	1.7563956741980746	400857.0887119055	3.084925764341709	859.1145347328204	-2.968265358991971	738077.7837891905	8.810599241391735	600.3426302402197	1.2488939615760728	360411.2736837452	1.5597361272611772	618.8641651550463	687.303074506129	1.229697	54.316891	0.14015663	0.0745172	-0.1001030141	0.1568534384	0.2443250653	0.0799362123	-0.0720762867	0.1668557545	0.1898828235	0.0784873046	0.2437265655	-0.0720343827	0.0813310074	-0.0427409449	-0.0636901661	-0.0425403029	-0.0326655082	-0.0027725621	-0.1495888226	-0.1212648656	0.0154087176	-0.0253469821	0.0123010229	-0.1006045923	0.1274225427	-0.1186460597	0.0071022186	0.0533091615	-0.0194305567	0.0060763674	-0.0711072582	0.0277950126	-0.0891899894	-0.0092891185	0.079062472	-0.0680831526	-0.0351038841	-0.1526106045	-0.0038748348	0.0425965355	-0.0172778143	-0.0552999915	0.2352136021	0.2297691265	-0.1797666979	0.0346017612	-0.1559713645	-0.0040343919	-0.0565620078	0.0384754971	-0.1829737867	0.0802040266	0.0079655691	0.0232530256	-0.1270505389	-0.0226604624	-0.1691609932	0.0709499008	-0.1694094985	0.0892834053	-0.1433478142	0.0795807806	0.0251229795	-0.1055323017	0.0352824283	-0.0041269975	-0.0819950774	-0.0007920541	-0.0160736725	-0.1133692913	-0.016036512	-0.0480994721	-0.0299764522	0.0518095105	-0.0477045357	-0.128831365	0.0862618964	0.0069869025	-0.1390689378	-8.27419e-05	0.0425771177	0.1078907725	0.0209115207	0.1686901427	-0.1129688457	0.0608808671	-0.1932443742	-0.0477366949	-0.0151361825	0.1515802886	-0.0672393698	-0.0530667852	0.0965588478	0.0145313459	-0.0533129307	0.0578149431	-0.0747383831	-0.0679733786	0.0883338363	-0.0735034902	-0.0275873404	0.0618107284	-0.0711963254	-0.1338510853	-0.0893962253	0.0691114123	0.0297844153	0.0946061665	-0.1009570181	-0.2247530136	0.2338076478	0.073268966	-0.1509443208	-0.0482831617	-0.013852992	-0.1894040254	-0.0332416122	0.0478333022	-0.0045962652	-0.1129600734	0.0659221486	0.0623847484	0.0099825537	0.0501821793	0.0640862361	0.0970614255	0.1669980023	0.1005119763	0.0935010679	-0.0254301793	-0.0374771929	0.0884050615	-0.0850653779	0.0477778453	0.0546467039	0.1033051561	0.0679038434	0.0364715804	0.0447988463	-0.0417590924	0.0551077563	-0.1989796638	0.0769401614	0.1426093922	0.0216573044	0.1315590297	0.1145693221	0.0554745494	-0.0266404278	0.0856703792	-0.0582067704	0.0638617973	0.1351470838	-0.0820721802	-0.0285028433	0.0331525165	-0.0728364402	-0.1441882154	-0.0613575435	-0.1248430574	-0.0015490747	-0.1168344316	-0.028635111	-0.156281629	0.05858361	0.1006638293	-0.0940886885	0.0897832261	0.0037000386	-0.0345629514	0.0594008535	0.0506501699	0.0124983814	-0.1641386701	-0.0121046969	-0.0641392393	0.0703220905	-0.02732433	0.0275251489	-0.1817546607	-0.1273004454	0.103867092	0.0102681782	0.2158347955	-0.0380132329	0.0319624725	0.1042755153	0.0645633431	0.0091804995	-0.00100689	0.0036842999999999	1.0138274721e-06	1.3574066489999998e-05	0.0134763	-0.0570539	0.00018161066169	0.00325514750521	0.00178304	-0.04071216	0.0016574799718655	3.1792316416000003e-06	-0.000288176	0.000483529	2.33800293841e-07	8.3045406976e-08	-0.000357432	-0.000244696	5.987613241599998e-08	1.2775763462399998e-07	0.000124115	4.590040000000002e-05	1.5404533225e-08	2.106846720160002e-09	0.0
632.3916861563818	-0.7410714165505397	399919.24471971166	0.5491868444282234	865.531281914698	6.416747181877554	749144.3999729004	41.17464439613353	600.1775544176852	-0.1650758225345043	360213.0968267935	0.0272500271854431	618.7782221006486	704.1968637795031	1.20469	53.21233	0.06016585	0.0308539	-0.0820113305	-0.0156763655	0.3875205548	-0.116512998	0.0730526928	0.0442274387	0.0848410284	-0.0574651226	0.0306706725	-0.0602773373	-0.0337916192	0.0227292694	0.0963493771	-0.0614819379	0.0609036424	-0.0472788771	0.217488925	-0.0183286898	0.0321370278	-0.0497632172	-0.0215632417	-0.050696835	-0.0731643426	-0.0006852733	-0.0498453695	0.0070433844	-0.003997434	0.1233243711	-0.0191070945	0.0763920794	0.0082551525	0.0596684065	-0.1138262391	-0.03783954	0.0076440417	-0.0904747369	0.0877125952	0.0091048198	0.0559071979	0.1567141677	0.2055106721	0.231767667	-0.1362290097	0.0109168113	-0.1560258486	-0.0629744523	-0.0374153304	0.025691799	-0.1417572834	0.0771941083	-0.0396922349	0.0032287076	-0.0665273112	-0.0141712016	0.098794096	-0.1134967349	0.0102292898	0.0912580252	0.0737302646	0.1359854802	0.0279247363	-0.0131309007	0.0265341804	-0.0604551657	-0.0833788176	-0.1427035537	0.0477767881	0.0266110914	-0.021750247	-0.1235232645	-0.0087535379	-0.1053207503	0.0311730115	0.0131459936	-0.1277698622	0.1237998302	0.0489540937	0.0482454565	-0.0848532699	0.0454424523	0.0667337936	-0.045056113	0.1025147296	0.0245624372	0.1739091483	0.0625059887	-0.013812215	-0.0053122713	-0.0546880069	0.0276531062	-0.1352442777	-0.1442347478	0.0498723951	-0.0590162789	0.0079762938	0.0810931343	-0.0690501174	-0.0420960068	-0.0020091888	0.0630002386	0.021728637	0.1572542059	-0.0197505003	0.0618575063	0.0938146906	0.0615279357	-0.1148045779	-0.1969215838	0.320362078	-0.0519605957	-0.1049435642	0.012498241	0.0237127891	-0.0693879699	-0.0606952822	0.0210567992	0.0356137582	-0.0150368386	0.0177876896	0.0330997711	0.1144973183	-0.0135635946	-0.0378150864	0.0696631062	0.030019266	0.0075165129	0.0857904086	0.159140589	0.097560501	0.0593879908	-0.0276167004	-0.1695701771	-0.0250111713	0.0148599667	0.0291927703	-0.1012373189	0.0051273789	0.1176856444	0.023341679	0.0149074971	-0.0143427484	-0.1956880066	-0.069797998	-0.0697699648	-0.0182423872	-0.0562499634	-0.0138800833	-0.0227380693	0.1007501698	-0.0231336823	-0.2977030781	0.0666020443	-0.0084319368	0.0313317385	0.0206812657	0.0082677465	0.1053569982	0.0629136262	-0.0474143292	-0.0450587019	-0.0307722947	0.1213533994	0.1146987622	-0.0016428493	-0.0391733747	-0.1086569287	0.0009936623	-0.0413516184	0.071491826	0.0890077616	-0.0582695276	-0.1589663003	0.1372033228	-0.0026714229	0.0582282633	0.0526650593	0.238048311	-0.0462196185	-0.001659048	0.1530878453	-0.1778223042	-0.1421609439	-0.0575253137	-0.1487395786	0.1029964092	0.0600954145	0.0013127847	-0.0046674	-0.00366051	2.178462276e-05	1.3399333460100004e-05	0.0325452	0.0190689	0.00105919004304	0.00036362294721	0.00526538	0.00348234	1.21266918756e-05	2.77242265444e-05	-0.000511132	-0.0002229559999999	4.9709377935999984e-08	2.61255921424e-07	6.3673e-05	0.0004211049999999	1.7732942102499997e-07	4.054250929e-09	0.000159136	3.502099999999999e-05	2.5324266496e-08	1.226470440999999e-09	0.0
629.7070984821946	-2.684587674187128	396531.0298788644	7.207010980397453	859.614536651581	-5.916745263116923	738937.1516227124	35.00787450861654	598.2908384373817	-1.8867159803035063	357951.92735810514	3.5596971903326216	616.8930432981996	596.4950985006183	1.231934	54.415714	0.0921017949999999	0.0530828	0.1164727694	0.013247498	-0.0638442211	-0.0287408982	0.1482614454	-0.1108955222	0.0177223822	-0.0348138168	-0.0128044611	0.1118376598	-0.0012252404	-0.0207147918	-0.1618974124	0.0964628183	0.0577832962	0.0336890285	0.0136761819	0.1107439632	0.1405513866	-0.00497218	-0.0347744041	0.0518656774	-0.0285531485	-0.1328141632	-0.0916132553	-0.0282967043	-0.022155999	-0.0617681144	0.0361022759	-0.0740421574	0.0406684658	-0.1385303641	0.0443340768	0.1343850038	0.0029124969	0.0193768353	-0.0468840832	-0.0591657952	-0.0193863441	-0.1049965553	-0.1340763468	0.0668693078	0.1135445231	-0.0056538748	-0.1556435432	0.0177157651	0.0790332285	0.0815209154	0.0979811095	-0.0832975798	-0.1227322084	-0.0425263466	-0.0745547414	0.0397217332	-0.0352382689	0.0328557242	0.0659964193	-0.0300048749	0.2016875978	0.0172919817	-0.1365090701	0.0109851464	-0.0900384606	0.0396521727	0.050320258	-0.1063157852	0.1438824372	-0.1290116886	0.0345158321	-0.11746731	-0.077489346	0.010009215	-0.0853690328	-0.0119555147	-0.0095021399	0.0346130928	0.0688978345	0.0760134714	0.0351822803	0.0356765772	-0.0555130641	-0.096689994	0.0321743877	0.0205688952	0.0028880392	-0.059103748	0.1087101764	0.0241621701	-0.1030935866	-0.0283289416	0.0613899713	0.0317020566	0.0248175082	-0.0387557219	0.0853879066	0.0443287161	-0.0705268612	-0.0567317359	0.1257569901	-0.1141023219	0.0077681513	-0.0634388022	0.1660773566	-0.0034983678	0.0506006217	-0.0646418506	0.0942913947	0.0665551023	0.0240198548	0.1167347386	-0.1116880903	0.1236045798	0.1074283762	0.0039030142	0.0372202133	0.0924397604	0.1202778947	0.0482673663	0.0406151821	-0.000248919	0.005140753	0.0468460312	-0.1092922359	0.0308606138	-0.0058604609	-0.2002448978	0.1438348192	-0.1124311985	0.1108825794	-0.0563470876	0.0235711572	-0.0550641193	0.0116178475	0.0339724173	-0.068714628	-0.0834139455	-0.0154362476	0.0635593563	0.0499557263	-0.0596209705	-0.0168840507	-0.0675450925	0.0791051499	-0.0759683895	0.0427833857	0.0486671246	-0.0560983353	-0.0476315009	-0.0193139946	0.0663956667	0.0147915233	-0.0880040654	0.0270501644	0.0765249113	0.0013414177	-0.0814817081	0.0566361565	0.0672101428	0.0215876595	-0.0517423161	0.1220836799	0.0100543865	-0.0401798129	-0.0434604851	0.1037594248	0.0750621392	0.027841967	-0.1179357352	0.0358983937	-0.0639720365	-0.0423816874	0.0325080751	0.0604257313	0.0069937379	0.1386654544	-0.0272300016	0.1030092064	-0.0119186646	-0.0006033067	-0.0939067947	0.1141713272	0.0495410711	-0.0611318236	-0.0428798608	0.1016668918	0.0555098464	-0.006560711	-0.00465637	1.1030000000000414e-05	2.16817815769e-05	1.2166090000000915e-10	0.0742132999999999	0.0416680999999998	0.0055076138968899	0.0017362305576099	0.032351	0.0270856199999999	0.0007336308107843	0.001046587201	-0.000511132	0.0	0.0	2.61255921424e-07	-0.000275134	-0.000338807	1.14790183249e-07	7.5698717956e-08	3.12021e-05	-0.0001279338999999	9.735710444099998e-10	1.6367082769209995e-08	0.0
630.0341248107966	0.3270263286019599	396942.9984261064	0.106946219598877	861.1689058328182	1.5543691812371208	741611.8843732933	2.4160635515797573	597.7397703924045	-0.551068044977228	357292.83310876443	0.3036759901950242	616.0680943833753	609.0222019571896	1.198996	52.960827	0.04847842	0.026945	-0.0908098677	0.0552354533	-0.0599922613	0.1278004159	-0.0615418897	0.0203870496	-0.0408557972	0.0776668826	-0.0172855889	-0.0685279269	0.0524725684	-0.0545988439	-0.0002648433	0.0173342597	-0.0191442204	0.1203832981	-0.159837308	-0.0141192716	0.0266476783	-0.0465361496	-0.0991752425	0.113861947	0.1317195097	0.0648926543	-0.0344132441	0.0321394601	0.0044352916	0.0274184872	-0.0251798875	-0.0357548126	-0.0475921395	-0.0531699507	-0.0576905319	0.0038685235	-0.0565098729	0.0004946932	-0.0164740656	0.0943354538	-0.0489524306	-0.0761245463	0.0028787543	-0.0400319459	-0.0976391458	0.0653898903	0.0104735185	0.0856984488	0.0068237902	-0.0151249631	0.1937886304	0.0414977834	0.0197906337	0.0061377651	-0.1643733579	-0.0071672821	0.0239079358	0.0756282292	-0.0126808453	0.0601748201	0.1311780374	0.068566411	-0.0223965159	-0.0465481047	0.028022123	0.0679453649	0.1689771094	0.0028581516	-0.1122151295	-0.1242936899	-0.0764799321	0.0873357179	-0.1375353159	0.0139044621	0.1256710299	0.0805062616	0.0023078514	-0.0040201439	-0.1232262478	0.0352361155	0.0110712849	-0.0476479632	0.0325874865	0.0012370803	0.0633920141	0.0257641731	-0.095775944	0.0944904574	-0.0406407863	-0.1096621397	-0.1708738422	0.0547084371	0.0154882027	-0.0993970191	0.1638294353	0.1552266904	0.0868739201	-0.026893041	-0.0676747919	0.0381335731	0.0390398732	0.0504669198	-0.0393116371	-0.1448844961	-0.1631155726	-0.0074917234	-0.0177521652	-0.0521069755	0.1347101991	0.0162359939	-0.05181303	0.0500634317	-0.1271184688	0.0398534372	-0.0407981019	-2.50212e-05	0.005617031	0.0263264326	-0.0453982358	-0.0630943044	-0.0048979564	-0.0860871849	0.1726027455	0.1102637896	0.0263121387	-0.0281635966	-0.0017574017	-0.1752401933	0.0282001796	0.0569732173	0.0714641137	-0.0254705756	-0.0279806566	0.0584383032	0.1162654879	-0.0922388968	0.0002127927	0.1281857275	-0.0364746331	0.0634922137	-0.0254153675	-0.0505490807	0.0382505036	0.1358302444	-0.0273546561	0.0598665233	-0.0493378563	0.0264848564	0.1121720209	-0.0241593092	0.0349224138	0.0261893829	-0.0094393461	0.0351798185	0.0310926647	-0.0504499361	-0.1663719314	0.1180045953	0.0756432904	0.0808661862	0.10159398	-0.0654111023	0.0314990516	-0.1229711709	0.0463369584	-0.0328246788	-0.1236885932	0.094215802	0.0291529261	0.0186602857	0.0010555839	0.0462636244	0.0279301476	0.0040033934	-0.0387833016	0.0772947055	0.1661845263	-0.0600697123	0.1120447998	-0.0474214423	-0.1162822422	0.0134074276	-0.0951967614	-0.015420921	0.1751957812	0.1306514916	0.100287614	0.0508156151	-0.0144053161	-0.00105639	0.00359998	1.1159598320999998e-06	1.29598560004e-05	0.0512184	-0.0229948999999999	0.00262332449856	0.0005287654260099	0.0229592	-0.0093917999999999	8.820590723999998e-05	0.0005271248646399	-0.000511132	0.0	0.0	2.61255921424e-07	-8.994209999999998e-05	0.0001851919	3.4296039825610016e-08	8.089581352409997e-09	-3.34408e-05	-6.464289999999999e-05	1.11828710464e-09	4.178704520409999e-09	0.0
630.2683513479282	0.2342265371315761	397238.1947108354	0.0548620706966496	856.4849322726744	-4.683973560143727	733566.4392101277	21.9396083121255	598.1224497588696	0.3826793664651404	357750.4649055515	0.1464434975181612	616.089013927193	583.6506602908681	1.202365	53.109615	0.070565685	0.044597	0.012021162	-0.1452137052	-0.0198882695	-0.1027907903	-0.0790218158	0.0467776519	-0.1068807898	-0.1246156744	0.0094378286	-0.007031853	-0.1195237462	0.0267745355	0.147775652	0.0527682131	-0.0131478272	0.018828125	0.0736014373	-0.0597874598	-0.1556579807	0.000183303	-0.0289449677	0.0096234993	0.0894641011	0.0028551785	-0.1951111622	0.0423084763	-0.0123004074	0.0536212424	0.0348814801	0.0555281731	-0.0939112769	0.1072912268	-0.080142399	0.1133484179	-0.0483159724	0.0783108156	-0.0366794285	-0.0177932701	0.0009784997	0.1543472681	-0.0337982947	0.1733858238	0.0410803771	-0.0557014476	0.0906190334	0.0033638341	-0.0231802623	-0.0164127333	0.1082959174	-0.0289428568	-0.0091554982	0.0479970519	-0.0261183149	0.0004401644	-0.1018178336	0.1165311866	-0.0205287477	0.0102674099	0.008685585	0.0664206471	0.1277202833	0.0551461908	-0.0501221034	-0.0943199754	0.0763660836	-0.0514668598	0.0973418166	-0.021381918	0.0125088091	0.0272106882	0.0905659418	0.0409659163	0.0054046563	0.0071408208	-0.090146625	-0.0188573231	0.0646053045	-0.051967264	-0.0609640525	0.2510580247	-0.0790231662	0.1399411647	0.06575676	-0.0156899435	-0.0011256744	0.0576712735	-0.1144934139	-0.1032924657	0.0544112932	0.012876199	0.0121204609	-0.110273068	0.0142199911	-0.1031085417	0.0284435521	0.0384972774	0.1723343003	0.0223791918	-0.0073766922	0.0280157175	0.1148400739	0.1280573046	-0.0386853145	-0.0771350881	0.1215678752	0.0967773779	-0.0105771011	0.0855065273	0.0095375347	0.0941997774	-0.0747195271	-0.0110085666	0.0757001472	-0.0224356637	-0.0270279458	-0.0877060869	0.0012935639	-0.0012406387	-0.0189921854	0.0504464737	0.0301455821	0.1175477655	0.0605201382	0.0837551191	-0.0715576467	0.0073918392	-0.0724185489	-0.0500503369	0.0737902261	0.026291967	-0.0729567583	0.0477729188	-0.1710307164	0.1104144215	-0.0422070307	0.1620498937	0.1134395657	-0.0056659519	0.010984107	-0.0226542261	-0.0051743003	-0.0372299596	0.0956428039	-0.0943551468	0.0135660478	-0.0996761246	0.1049452587	0.0296649959	-0.2040940201	-0.0594432036	-0.0500029508	0.0965602891	-0.0394610164	0.1553329699	-0.0454826433	-0.0056965914	0.0794943098	0.0438280743	-0.0393495469	0.0086667817	-0.0161254821	0.049053428	0.0571518227	-0.0963267186	-0.0087877627	-0.1095728505	0.0746567493	-0.0637977405	-0.063398041	-0.1090527468	-0.0656415802	-0.1049544601	0.0068152387	-0.0005602176	0.0741833821	0.1511670337	-0.064548608	-0.0834745727	-0.031460038	-0.065822978	-0.0606999573	-0.1068667871	0.0242898524	-0.1481443761	0.0988592507	0.0460219099	-0.0221864862	0.00175356	0.00280995	3.0749726736e-06	7.8958190025e-06	0.0449115	-0.0063068999999999	0.00201704283225	3.9776987609999966e-05	0.0117	-0.0112591999999999	0.0001267695846399	0.00013689	0.000277329	0.000788461	6.216707485209999e-07	7.6911374241e-08	-0.000289483	-0.0001995409	3.981657077281001e-08	8.3800407289e-08	-4.92316e-05	-1.5790799999999998e-05	2.4237504385599997e-09	2.4934936463999987e-10	0.0
630.9429033697588	0.6745520218306638	398088.9473126608	0.4550204301558362	861.8693332915605	5.384401018886024	742818.7476684389	28.991774332180853	598.3843236070586	0.2618738481889977	358063.79873867705	0.0685779123653142	616.6643883883423	590.5487508211746	1.17908	52.081112	0.1314286815	0.0670823	0.1238580333	0.0437670835	-0.1047393544	-0.0686748611	0.1052129294	-0.0314862397	-0.0003923047	-0.0673967403	0.0101768545	0.112307082	0.0630471209	0.0298767923	-0.057992348	0.1034243575	-0.0605073987	0.00528117	0.0590395889	0.0463247781	0.181767457	0.0191740458	-0.069311813	0.0952171903	0.0092292156	0.0052423676	-0.02664127	0.0089332766	-0.1167212188	-0.0467732767	0.0102415789	-0.1084425689	-0.0425076026	0.0343558966	0.0014900844	0.1135984246	-0.0012616514	-0.0306685092	0.0258195702	0.0095774101	0.0085430421	-0.1576578627	-0.1322948021	0.1225014382	-0.0733540713	-0.0367052867	-0.0808721261	-0.1076894046	-0.0021820365	0.1127911534	0.0551613067	0.0708146222	0.028151993	0.0751757245	-0.1026471548	0.0276302885	-0.0880983407	-0.0175388068	0.0500013104	-0.1071667108	0.0143090859	-0.0287843651	0.0481227122	0.03714008	0.0520973964	0.0781536276	0.0371898102	0.0301489407	0.0310911215	0.0091840125	-0.0719843618	0.0736688129	0.1039521744	0.1260271907	-0.0319507192	0.0821395989	-0.0779527372	0.0471830202	0.2770166437	0.0043300292	0.0996511103	-0.0534638129	-0.101323918	0.0718917251	-0.0696762943	0.0489667656	0.0935095406	0.111044778	-0.0414488559	-0.0182084208	0.0209246708	-0.0343439756	0.1232855563	-0.0287576994	-0.0292269121	-0.0994253716	-0.0828698514	0.0459544558	0.0002960462	0.1473932047	-0.0835020797	-0.1288971353	-0.0432010741	-0.0585740067	0.0506510656	-0.1240642341	0.0612478901	0.0128125465	-0.0050525602	0.0773387285	0.0647369226	0.0647581163	-0.0975498741	0.0384422914	0.151455637	-0.0277424566	0.0774715643	0.0845107541	0.0604969289	-0.0198973055	0.0620648679	0.0676498399	0.0107688044	0.0011421376	0.0876058846	0.0540763479	-0.0689571128	0.1618760606	0.0279198355	0.0645370455	0.0018927439	-0.0097255461	0.1488152845	0.0227600335	0.0878571784	-0.0240121628	-0.158748836	0.0236051599	0.1136705452	-0.0509333522	0.1453995158	0.1008245496	-0.0974845645	0.0613550861	-0.0084569959	-0.1649424082	-0.0657179907	0.0501809044	-0.0346561259	-0.072819282	-0.1056550539	0.0610165179	0.0937615915	0.0518876024	-0.1211622135	-0.0104366278	0.0789778886	-0.0116658369	0.0991330009	-0.2147486549	-0.0207567434	-0.0574465495	0.1071794227	0.0019103357	-0.0267658394	-0.0443285978	0.1005438904	0.1035879021	0.1115876366	-0.014817296	-0.000392303	-0.1089463665	-0.0864560198	0.0237132111	0.0032718315	0.0304167853	0.090200311	-0.0137560701	0.090983165	0.025267734	0.0064242034	-0.0584988833	0.0481936145	-0.0120851711	-0.0363979108	-0.0953591069	0.0973825011	0.0411381146	-0.0298699563	-0.00173887	-0.00349243	3.0236688769e-06	1.21970673049e-05	0.0739052	0.0289937	0.00546197858704	0.00084063463969	0.0438808	0.0321807999999999	0.0010356038886399	0.0019255246086399	-0.000647348	-0.0009246769999999	8.550275543289998e-07	4.190594331039999e-07	6.3673e-05	0.000353156	1.24719160336e-07	4.054250929e-09	8.170429999999998e-06	5.740202999999999e-05	6.675592638489996e-11	3.294993048120899e-09	0.0
630.6731635477521	-0.2697398220067271	397748.6392193297	0.0727595715762208	862.2090767519719	0.3397434604114551	743404.4920334878	0.1154256188923499	598.6221932589997	0.2378696519410823	358348.5302622152	0.0565819713145716	617.1402250824492	586.7810983576796	1.181001	52.165962	0.1221273735	0.0683434	-0.0776262911	0.0080055987	-0.1358187565	0.150031416	-0.066558196	0.073483639	0.013008999	0.051771361	0.0081897392	-0.0877809593	0.0498880236	-0.0359981985	0.0305175122	-0.10807359	-0.032919652	0.1012396256	-0.1278204278	0.0922996075	0.0186449427	-0.0372514493	-0.0338959054	0.0247083558	0.0363253097	-0.097709583	-0.14425065	0.0198697329	-0.0587459809	-0.0172048634	0.0141050218	-0.075703536	-0.1433874995	-0.062559937	-0.0512243722	0.0155986851	-0.0038542663	-0.0630447272	-0.0290075286	0.0116656226	0.0377034746	-0.0612849976	-0.026748049	-0.0104135847	-0.032308731	-0.0010028319	0.0909207057	-0.0118763412	0.0241203459	-0.0463326778	0.0002804075	-0.1710873633	-0.1064419419	0.0138625639	-0.0428116535	-0.0980808842	0.0892506047	-0.0790177376	-0.0256611098	0.0344188803	0.1114039622	-0.0393385471	0.070697548	-0.1031266569	0.0813022504	0.1111609239	-0.0052338542	0.1794566567	-0.0432060049	0.048182374	-0.0410340272	0.0911238245	0.1147127179	0.0450023534	0.0335967951	0.0923533798	-0.1382815701	0.1519675202	-0.0476001915	-0.0703046893	0.0515639664	-0.0887712712	0.0046095463	0.2364905102	0.0451840906	0.0782448242	0.0630492856	0.112083098	-0.0788273506	0.0175254225	-0.0324098628	-0.0751367131	-0.0126791496	0.0017858376	-0.0583694399	0.0031103077	0.0140321132	-0.0219406671	0.1421925759	0.0378731968	0.0308321293	0.1050649329	-0.06388146	-0.0339967401	-0.0848904924	0.0195463878	0.0193274294	-0.0526025215	0.1469438047	0.0399861218	-0.1113854085	0.1327213727	0.0154120568	-0.0343649421	0.0077402049	-0.0728417227	-0.0541215837	0.0551735737	0.0755237461	-0.0193851549	-0.1793916736	0.0292815426	0.077637683	-0.0737992405	-0.0186501765	0.0819299424	-0.0082469994	0.0248417608	-0.0618886821	0.2065139545	-0.0158551916	0.1101592976	0.1042972186	0.0396864461	0.0719448158	0.0377294039	0.0313158539	0.0483341402	0.0252490877	0.121776771	0.0200247154	0.100438314	-0.0459587127	0.0623488761	0.001869636	0.0137522301	0.0024037492	-0.0025515728	0.0209417243	-0.1101253031	-0.1045873955	-0.104074552	0.0609492971	-0.0137093243	-0.0417668501	-0.0827827856	-0.1172036048	-0.0343572849	0.1505801677	-0.0281805087	-0.0179197536	0.100813932	-0.0677256668	-0.0260165816	0.0619228195	-0.0372145198	-0.1167704525	0.028663663	0.1190090157	-0.013581089	-0.0248831949	0.006488066	0.0638377933	0.0225553548	-0.0823820735	0.0177594598	0.0805347897	-0.0202032776	-0.0442562405	-0.0396873608	-0.0072661746	0.1389440839	-0.0324465648	0.0587059894	-0.0069051058	0.1225493633	0.0958580879	0.0361737896	-0.0374218916	0.000462235	0.002201105	2.1366119522500002e-07	4.8448632210250005e-06	0.0181921	-0.0557131	0.0003309525024099	0.00310394951161	0.0147146	-0.0291661999999999	0.0008506672224399	0.0002165194531599	-4.72242e-05	0.0006001238	3.6014857532644e-07	2.2301250656400003e-09	6.3673e-05	0.0	0.0	4.054250929e-09	0.000108986	0.00010081557	1.1877948196e-08	1.0163779154424901e-08	0.0
630.3397353296853	-0.3334282180668424	397328.1819354977	0.1111743766032298	863.6038209075014	1.3947441555294515	745811.5594860357	1.9453112593835635	598.4507455453163	-0.171447713683392	358143.2948437449	0.0293943185272623	616.895384307717	591.71304967791	1.190232	52.573704	0.14682617	0.0808655	0.041806868	-0.1396286529	-0.0403464494	-0.0555484134	-0.0860849848	-0.0910111828	-0.0074465178	-0.0544634384	0.082451197	0.0068354205	-0.119502248	0.0807498108	0.0407190452	0.0505603586	-0.0053070536	-0.137377654	-0.0004025875	0.0002486892	0.0236041327	-0.1566446494	-0.0095233741	-0.1078805528	-0.0493672493	0.0545115866	-0.1134426042	0.0209532786	-0.0462729671	-0.1113784562	-0.1403133296	-0.0443011272	-0.0058606827	-0.0277102771	0.0049390316	-0.0642971195	-0.0479359013	-0.0604419215	-0.1555857925	-0.1299768873	0.0162610966	0.1188781648	-0.0552522011	0.0962447134	0.0250411907	0.0820519278	-0.0059657994	0.1396787634	0.0560267519	0.0178411159	0.0246479313	-0.1622959913	0.0316441876	-0.0398896808	0.1301918836	-0.0233056981	-0.0664945504	-0.0324729777	-0.0262423282	0.1600539774	0.0117392203	-0.0850128194	-0.1425053906	-0.1370540333	-0.0785347183	0.0207461197	0.0171318436	-0.0702703031	-0.1361607957	0.1060385525	0.0611352233	0.1502414179	-0.0416761378	0.1334400972	0.0425800245	0.0033940131	0.0313239411	0.0990097945	-0.0809559213	0.0364346883	-0.0804026865	0.0579333738	0.2038325464	-0.134089867	-0.1398556367	0.005694353	0.0256353031	-0.0288982937	0.046059027	0.0184597446	-0.062090238	0.1373777052	0.0082123208	0.0096074617	0.1637090235	-0.0778809827	0.0107111341	-0.114554155	0.1116955519	-0.0028882818	-0.0009811327	0.0322375554	0.0872401394	0.1121062536	0.0962370388	-0.0048126982	0.0840473276	0.0784221992	0.0413530486	-0.1280243916	-0.1445572345	0.0640229223	0.0276667954	0.0654944869	0.0179448936	-0.0484774124	-0.0883608981	0.0147419743	0.0603172618	-0.0719461926	-0.0047406079	-0.0511024443	-0.0923260592	-0.023774547	-0.0186104812	-0.0104749864	0.0023080125	-0.0862940668	0.0709971479	0.0487765436	-0.1038170446	-0.1492147214	-0.1617892892	-0.0884384586	0.085141082	-0.0059439739	0.0047970971	0.0089836903	-0.204597002	-0.0255082823	-0.0296181548	0.0565456961	0.1365387183	0.0244882674	0.1348182607	0.1807166278	-0.1495538348	0.0022892586	-0.0975210375	0.0395215427	0.0546279153	-0.0767740249	0.0026218617	0.0561286018	0.101542892	0.0452935868	-0.0171440255	-0.0800557815	-0.0673317807	0.014797627	-0.0499875232	-0.0828019682	0.0753382726	0.114579829	-0.006878689	-0.0843868333	0.0569658477	-0.112796282	0.1040587256	0.0477062677	-0.0240717318	0.0594632486	0.0023073164	-0.1273590744	0.0009331318	0.024050612	0.053972654	-0.0778782663	-0.0816474486	0.1073506677	0.1000731209	-0.0310070878	0.0552350439	-0.033302359	-0.0034334984	0.0182092325	0.0942867573	0.0311386526	-0.0448090364	-0.0011256	-0.001587835	1.26697536e-06	2.521219987225e-06	0.0741261	0.055934	0.00549467870121	0.0031286123559999	0.0596187	0.0449040999999999	0.0020163781968099	0.0035543893896899	-0.00080402	-0.0007567958	5.727398828976401e-07	6.464481604e-07	6.3673e-05	0.0	0.0	4.054250929e-09	-2.22229e-05	-0.0001312089	4.9385728441e-10	1.7215775439209997e-08	0.0
630.6797140000477	0.3399786703624841	397756.9016511821	0.1155854963014426	857.8242697024273	-5.779551205074085	735862.4776905027	33.403212132073314	598.7007030011081	0.2499574557917867	358442.53177402104	0.062478729705903	616.715923225036	580.9948019830991	1.206604	53.296879	0.0817678399999999	0.0456629	0.1175819006	0.0482437408	-0.1089648558	-0.03404809	0.1125885184	0.1066979084	-0.0004275529	-0.0330620654	0.0598864954	0.0983991851	0.0615991037	-0.0040210574	-0.0998584248	0.0587959652	-0.1025519467	0.0341811531	0.040751307	-0.0995565526	0.0766844458	-0.0388836759	0.0843111839	0.0084909671	-0.02990481	0.026346263	-0.0528259976	0.0042866839	-0.0788186346	-0.0729622451	-0.0606486931	0.1702539967	-0.0589043728	0.0228395911	-0.0976739188	-0.0339284374	-0.0828271684	0.0425658918	0.0452541914	0.0418694403	-0.1063198478	-0.1474134446	-0.0895150956	-0.0288617104	0.0324869866	-0.0391195531	-0.0024536037	0.037612417	0.0592362059	-0.0647282001	-0.0531493526	-0.0821394059	-0.0119819637	0.1225389731	0.0085892576	0.0787684395	0.0882243958	0.0417131031	0.0527919693	-0.116201491	0.0807943284	0.0994995207	0.0520346346	-0.0357708453	0.1139595003	-0.0664787118	0.0026990747	-0.0673934432	-0.0534110285	-0.0352242606	-0.0106294268	-0.062437661	0.0071527044	0.0920675773	0.1984835916	0.0449737524	0.1597287941	-0.0222409953	0.0436572748	-0.0980665696	0.0682592755	0.0689438145	-0.1575276743	-0.0326959047	-0.0077560935	-0.1182605695	0.0440385647	-0.1280338878	0.2695475498	0.0666848566	0.032081956	0.0028551859	0.018774026	0.0281385914	-0.0658309289	-0.0554163987	-0.0481097662	-0.1032736433	0.0974049691	-0.052366769	0.0734491854	-0.1557392755	-0.0168880848	-0.1575057024	0.0225347563	-0.070090827	0.0826299848	-0.0505865244	-0.0519285747	0.0508882218	-0.0015315374	0.0204199808	0.0179832376	0.0234620926	-0.0723219721	0.1403041746	-0.0830475754	0.0239866451	-0.0020330692	0.1206403193	-0.0418729076	0.1381880995	0.133883223	-0.0343661764	0.0298321436	-0.0058525876	-0.0191652017	-0.0516423709	-0.1497411045	0.0334326939	0.014179445	-0.0198355008	-0.1269313075	0.0516713304	0.05696823	-0.0753110054	-0.1500065097	-0.1255520933	0.0678229045	-0.0057668861	-0.174926013	-0.0050907685	0.0190185493	0.0193250379	0.0878531921	0.0691508688	0.0405753282	-0.1146991039	-0.0519134939	-0.0010404705	-0.0474904663	0.033178387	0.1390466548	-0.0232449223	0.0250351825	-0.0200000792	0.0250142211	-0.1749716017	-0.1174779886	-0.0882580105	-0.0499396851	0.0065096106	0.0361941516	-0.1484356962	-0.0203675761	-0.0594021025	0.0791242718	0.1219518407	0.1275456743	-0.0454171144	-0.0806718429	-0.1057639459	-0.1024609968	0.0372469992	-0.0128087959	-0.0071791346	0.0143998624	0.0835890844	0.0118098556	-0.0321442548	-0.0577425915	0.0319549694	0.12192089	0.0606168687	0.0561326482	-0.0378802078	0.0926692784	0.0260425603	-0.051998861	-0.00465999	-0.00353439	2.17155068001e-05	1.24919126721e-05	0.0493243	-0.0248018	0.00243288657049	0.00061512928324	0.0329716	-0.0266471	0.00071006793841	0.0010871264065599	-0.000274011	0.000530009	2.809095400810001e-07	7.5082028121e-08	6.3673e-05	0.0	0.0	4.054250929e-09	-1.65409e-05	5.682000000000001e-06	2.7360137281e-10	3.228512400000001e-11	0.0
632.4560397018003	1.776325701752512	400000.6421552851	3.1553329987065544	862.3100161064634	4.485746404036149	743578.5638775292	20.121920801323245	598.8653272203899	0.1646242192817908	358639.68014678464	0.0271011335741391	617.2602799898151	624.9260980902869	1.19606	52.831146	0.06729681	0.0383002	-0.0736112016	0.1087016663	0.0042171644	0.1077643987	-0.0926712292	0.0107639257	-0.1816447396	0.0465790219	-0.0417045746	-0.0338038521	0.1107079022	-0.0311870093	0.1848570888	-0.0743420797	-0.0316875937	-0.0023753978	-0.1141696663	0.0335658293	0.0082275827	0.0199572404	-0.0088531855	-0.0611264442	0.0073427562	-0.1919246382	0.0057289409	0.0423000569	-0.1550958018	-0.0863632234	-0.1127700138	-0.0768868527	-0.0278234098	-0.0103731343	-0.0058631162	0.0231628665	0.1143526481	-0.083270413	-0.0458365026	0.1197086647	0.1147476386	0.0148823743	-0.010682848	-0.0363886355	-0.0498037742	0.0093747054	-0.022348206	0.0049555936	-0.0397586283	-0.063211577	0.0640060693	-0.0244028311	-0.0598708989	0.0254450316	0.0013973607	0.0173672251	0.1732014173	0.0030794975	-0.0640891993	-0.0498273893	0.1996162512	-0.0004043039	-0.0469537804	0.0931983243	0.1492611206	0.0389664616	-0.0263643955	0.0827229068	-0.2220898105	0.1332905451	0.0008039371	0.001686284	-0.0468808825	-0.1002184716	0.0642650739	0.0695941649	0.0944332805	0.0719825717	-0.0645069224	0.0862447274	-0.2834102835	-0.0254397044	0.1369155205	0.1265563859	0.0388826493	0.2114655366	-0.0768770355	-0.0228609978	0.063945677	-0.0119319023	0.0555752541	-0.0219448873	0.1747424745	0.1166779897	-0.092863976	0.0215745796	-0.0456809324	-0.0858171769	-0.0158356165	0.0167589318	0.0878658713	0.0370434601	-0.1184814605	0.0789909337	-0.139469593	-0.024727722	-0.0638347605	-0.0450467704	0.0479706509	-0.0425335143	-0.0162230701	0.0510235471	-0.0474046944	0.0839281539	-0.0071083825	0.0059214681	-0.0076949762	0.0226542291	0.0001049234	-0.030006859	-0.2208824025	0.0949735047	0.093888754	-0.0378265424	-0.0382905912	-0.1179441101	-0.044916595	0.0075583549	-0.1125819858	0.0850335665	-0.0097456216	-0.0708951394	0.0018165158	-0.0338492149	0.0814005025	0.0247229821	0.0859218494	0.2060329335	-0.014825635	0.1010040255	0.005962661	-0.0481262969	0.1103196257	-0.0823945402	-0.1497472533	-0.0313102232	-0.0029026336	-0.1017711068	-0.0951105934	-0.2168785999	0.1743322564	0.1576370423	0.2015376733	-0.0113987997	0.151028218	-0.1104893894	-0.0123267279	0.0952438993	-0.0357150281	0.0115808718	0.0500342655	0.0474070289	-0.1008936343	0.0545482356	0.1176619808	0.0406217124	-0.0906839725	0.0700532213	0.1199888095	0.0208191416	-0.0428738229	0.0568496634	-0.0195242778	-0.118497304	-0.1518848424	0.0448495311	0.0734993279	0.0530712707	0.1845577275	-0.0408789902	-0.0502664481	0.0608546145	-0.0861687672	-0.0018903994	-0.0819434066	-0.1001167124	0.0910064429	0.0208954884	-0.0589597043	-0.0128454	-0.00818541	0.00016500430116	6.700093686810001e-05	0.021573	-0.0277513	0.0004653943289999	0.00077013465169	0.0100797	-0.0228918999999999	0.0005240390856099	0.00010160035209	-0.000274011	0.0	0.0	7.5082028121e-08	0.000233037	0.000169364	2.8684164496000008e-08	5.4306243369000015e-08	-1.65409e-05	0.0	2.7360137281e-10	0.0	0.0
631.3657265835997	-1.0903131182005836	398622.68070443673	1.1887826957202798	859.9760031255282	-2.3340129809351997	739558.7259517586	5.447616595174015	599.3289853131697	0.4636580927798377	359195.2326365136	0.2149788270002366	617.4723901343837	589.8896011613516	1.200278	53.017429	0.152869055	0.0795763	-0.0740829587	-0.1204842529	-0.0809254268	-0.1145912113	0.0331107201	-0.0441727008	0.0513573812	-0.0407146964	0.096976188	-0.1112542403	-0.0659285195	-0.0138356713	-0.0878369818	0.0092957346	-0.0085410305	-0.1603719234	0.0545619234	-0.0651564325	-0.0574514157	-0.0156279034	-0.0583497295	-0.0004518842	-0.1652702794	-0.0364333327	0.115968935	0.017055982	0.0153044402	0.0064788181	0.1236024987	-0.0203444777	0.0198286789	-0.1159173297	-0.0571536524	-0.1259645291	-0.1023269903	-0.014875662	0.0262336586	-0.1631405402	-0.0466284454	0.122621269	-0.0331639224	-0.0523670104	-0.0455406901	0.0167752031	-0.0811432732	-0.2168909006	0.0423302195	0.0883209978	0.0622027834	0.0347320463	0.0022252352	-0.0415168402	0.019272459	-0.0780205056	0.0739232698	0.0078403431	-0.1711616039	-0.0175556338	0.0526700509	0.0429692514	0.1985688856	-0.0082114061	0.0665021649	-0.0460228478	0.0458908053	0.1927290546	0.1281900947	-0.0358644554	-0.0113824429	-0.0100487458	-0.0207784539	-0.0828455629	-0.0445541895	0.0742119866	-0.03179587	0.1334776547	-0.0739587826	-0.0305207867	0.0131739793	-0.1352514074	-0.0615108938	-0.1175316655	-0.070433649	-0.0067175923	-0.104675239	0.1088798874	0.1324502937	-0.1571844521	0.1023009536	0.130600413	-0.150390242	0.0286644848	-0.0468604792	-0.0176085077	-0.0650112851	0.0689935547	0.1039172732	-0.0856019746	0.049941012	0.0961977957	0.0758011053	0.027349659	0.1362209843	-0.0333457183	0.0684583574	-0.0677367622	-0.0424841047	-0.0576179884	0.0612943129	-0.156043617	0.0488435305	0.0127190416	0.0774279454	0.0160476103	0.0573629562	-0.0789180137	0.0768679037	-0.0703623487	-0.1796462479	-0.0080597413	0.0311315676	0.1053745883	0.0509440666	0.0001151457	0.0274126325	0.1212339354	-0.0655960723	-0.0434819643	0.0979508825	0.1912274559	0.0915920932	0.1018406717	0.1489991243	-0.1131802166	0.0060502272	-0.0268699726	-0.0626194313	0.0398008561	0.0381835754	-0.0470946949	0.0360541777	-0.075410124	0.218908363	-0.076933056	-0.0187196466	0.1207907286	0.1273443744	-0.1042034203	0.0930093477	-0.1644247499	-0.0427017581	0.0891020588	0.0003915546	-0.0217867314	-0.0394343711	0.1393025195	-0.1330805182	0.0444268705	-0.0074235231	0.0821351335	0.0989147599	0.0578716269	-0.0411999346	-0.051504075	-0.0645103268	-0.0830245376	0.1579586262	0.0143828556	-0.0072213535	0.0521608243	-0.1315842657	-0.0921690454	0.035005585	0.0228187777	-0.0808096269	0.0809732876	0.1050735443	-0.0364714097	-0.0302256901	-0.0919682386	-0.0797849974	0.0818050367	-0.0839834878	0.0317413494	0.0892990645	0.0157075127	-0.0656609137	-0.0154074	-0.002562	0.00023738797476	6.563844e-06	0.0790604	0.0574874	0.00625054684816	0.00330480115876	0.0550821	0.0450024	0.00202521600576	0.00303403774041	-0.000885182	-0.000611171	3.73529991241e-07	7.835471731239999e-07	6.3673e-05	-0.000169364	2.8684164496000008e-08	4.054250929e-09	-0.000192351	-0.0001758101	3.6998907201e-08	3.0909191262009995e-08	0.0
630.8662495596535	-0.4994770239461559	397992.224833463	0.2494772974501088	859.7391365782772	-0.2368665472509974	739151.3829643616	0.056105761206609	599.7773350445962	0.4483497314264468	359732.85163319774	0.201017481670167	618.0434713852798	591.139503670311	1.199231	52.971176	0.05263094	0.0337597	0.1444520387	-0.0630035259	-0.0874333023	0.1341066159	0.0237880845	0.0513150706	0.0644251518	0.0587967147	0.0012388095	0.0907073361	-0.0594658068	-0.0424586177	-0.0776579418	-0.1104927858	-0.0465644537	0.0819543471	-0.0129838637	0.0338958135	0.0572611717	0.0613926563	-0.0616433911	0.0928766691	0.0520242506	-0.0487686052	0.1605877559	-0.0029512072	0.0800479851	-0.0170422024	0.01180945	0.1235910035	-0.104676577	0.179457087	0.0729402076	-0.0777353288	0.0851846611	-0.0240524598	-0.0197765787	0.0977945893	-0.0539414993	0.1425724137	-0.0204204966	-0.1798503959	-0.0505751154	-0.0179022074	-0.0859959948	-0.1717897791	0.0940153803	-0.0262913613	-0.0203529635	0.0159866944	-0.0108463	0.0246687699	0.0350670324	0.0585115336	-0.0562309727	0.1711181167	0.1250376565	0.1239836752	-0.0837948886	0.1160489855	-0.0216968027	0.0433492026	-0.1108731589	0.1097525328	0.0610732112	-0.0034019331	-0.0452257783	-0.0936663141	-0.0158664528	0.0153914853	-0.0466024875	-0.1091656014	0.0378281903	0.0566758286	0.0114301726	-0.02443318	0.0683017594	-0.0228959934	-0.1030299969	0.0399679149	0.0728677152	-0.0431349116	-0.0952132399	0.0089135036	-0.0774485938	-0.0321255212	0.0512326671	0.2443273142	0.0496338007	0.1202662636	-0.0381433661	-0.0506059682	0.0794997639	0.0188261437	0.0302130758	-0.159069522	-0.0697273413	0.1413114957	-0.1279626847	-0.0888139535	0.1077818469	-0.0247105789	-0.0606799663	0.0538360894	-0.0192668953	-0.2032021767	0.0668440235	0.0314772004	0.0382638739	-0.1444750343	0.0053422703	-0.0736903089	0.1120121915	0.0858511263	0.0059350962	-0.0613130576	-0.1212721287	-0.0481948049	0.0906240163	0.1086252504	-0.0658975667	0.0617226713	-0.0411379877	0.1626349319	0.1041874061	-0.1069578359	0.0677641289	-0.1012260101	-0.0678284006	0.0167629927	-0.04698017	0.0127013246	0.0558581769	-0.0138062234	0.007081291	0.0350048448	0.0514779909	0.155004268	0.0364930229	-0.0098466258	0.0385856947	-0.0189453061	-0.0375658217	0.0658242701	-0.1028757661	-0.0236354945	-0.0335607175	0.203593276	0.1871124774	-0.0013421425	0.0937180446	0.0218661257	0.0806331794	-0.0192174813	-0.0880701787	-0.0952604501	-0.1676528822	0.1475077656	-0.0442237047	-0.1132672379	0.013361357	-0.1105322671	0.0237278348	-0.1375497239	0.0978972513	0.0188891943	0.1404593585	0.0798212463	0.0383138292	0.0826920232	0.0531240973	0.1339105113	-0.0188608493	0.0266064144	-0.149627859	0.0309153065	0.053978523	-0.0738495652	0.0072080802	-0.0202196278	-0.0269453901	0.0648275101	0.0787070734	-0.0187988419	0.087547979	0.0104887887	-0.0720729799	-0.00785911	0.0075482899999999	6.17656099921e-05	5.697668192409999e-05	0.047645	-0.0314154	0.002270046025	0.00098692735716	0.05509	7.899999999998186e-06	6.240999999997134e-11	0.0030349081	-0.000856413	2.8768999999999995e-05	8.276553609999998e-10	7.33443226569e-07	0.000288845	0.000225172	5.0702429584e-08	8.343143402499999e-08	-0.000211597	-1.9246e-05	4.4773290409e-08	3.7040851599999996e-10	0.0
630.2793479199007	-0.5869016397527957	397252.05641433527	0.3444535347445204	861.5774326259691	1.8382960476918695	742315.6724103563	3.379332358959549	598.5665702423169	-1.2107648022793	358281.93901165045	1.4659514064384325	616.9848592684598	603.7109850935284	1.21947	53.86515	0.02991894	0.0181309	-0.0051426215	0.0805187615	-0.0953149145	-0.1229614708	-0.1772370562	-0.0492957679	-0.0143816917	-0.021179094	-0.0149429696	-0.006278021	0.1012362709	0.1430893342	0.110722791	0.0415721891	0.1443620119	-0.0592584942	-0.0935555127	-0.0148207731	0.0264635819	-0.0054867275	0.0269513185	-0.0547556635	0.0809117841	0.1381257074	0.0167751717	0.0076526764	0.09364887	-0.0194227561	0.1479202273	-0.0463919139	-0.048818927	0.1209911078	-0.1167215717	0.0088988314	-0.1315723195	0.1373110701	-0.0390852319	-0.0217144529	0.0854413808	0.0153820221	-0.1160660792	-0.0063798456	-0.0437888154	0.1088711393	0.0268289421	-0.0506839017	0.0900369766	-0.0663030203	0.0528705273	0.1253038125	0.0415433066	-0.0752713843	0.0935633647	0.1191226027	0.0295331583	0.0037945127	0.0098174827	0.0142736003	0.0586643059	-0.1260774811	-0.0512883168	-0.0788424766	-0.0379302662	-0.2024618587	-0.0333380408	0.0300842695	0.0521864268	-0.11391211	-0.1576353011	0.0232707591	-0.0828699426	0.0613194998	-0.1872976279	-0.0721000592	-0.0053808828	-0.0048902252	-0.0118279579	-0.0374291011	-0.0761328561	-0.1841188607	0.1745711932	0.1141704429	-0.1054474105	0.0425051366	0.1392014179	0.0361281824	0.0667681333	-0.1737073277	-0.0113144406	-0.0400521742	-0.1205911255	0.1288670524	-0.0357481716	0.0476172006	0.1127353713	-0.15531655	0.0451583523	0.0387136859	-0.0974996624	0.0097836708	-0.1036149969	0.0754309447	0.0131039268	0.0230337851	0.08703834	0.0785545232	0.0844319113	-0.0634577792	-0.1654583584	-0.1076897301	0.0059791254	-0.0818465136	0.1055953663	0.1180950361	0.0282293081	-0.014776559	-0.0874793523	0.0182710436	0.0380204785	-0.1299249709	0.0119012883	-0.034696709	0.1555706628	0.0382944962	-0.015702883	-0.0599188852	-0.0047263787	-0.0017788416	0.0298006366	-0.0672095496	0.061101534	-0.010965061	0.0291863583	0.1051124857	0.0473295614	-0.1268700462	0.0237397693	-0.1257568353	0.2571881574	-0.0444852712	0.1280073437	0.0106064557	0.0398193653	-0.0713238402	-0.0156019248	-0.060622475	-0.0427835084	-0.0658323941	0.0733785545	-0.1412243797	-0.0820027063	-0.1075804526	0.12372523	-0.0823490142	-0.1388908315	0.0936061267	-0.1297702482	-0.1619994651	0.117362278	-0.0234035258	0.0025238679	0.0886155963	0.0488377226	-0.0385256401	-0.0388356214	0.1195651701	0.0650925533	0.0183525583	0.0419160368	0.093713193	0.0594455738	-0.0875286916	0.0685789144	0.0502611645	-0.1249773298	0.0937296095	-0.0328108064	0.0943430761	-0.0738374251	-0.1326948372	-0.0357687326	0.0148584316	-0.0091017449	-0.1004649	0.0857540434	0.0052495325	-0.0781676667	-0.0083234499999999	-0.0004643399999998	6.927981990249835e-05	2.156116355999071e-07	0.0476477	2.7000000000013125e-06	0.00227030331529	7.290000000007087e-12	0.0411597	-0.0139303	0.00019405325809	0.00169412090409	-0.0008688259999999	-1.24129999999e-05	1.5408256899751737e-10	7.548586182758262e-07	6.3673e-05	-0.000225172	5.0702429584e-08	4.054250929e-09	-0.000284444	-7.284700000000002e-05	8.090838913600001e-08	5.306685409000002e-09	0.0
629.8368496652546	-0.4424982546461251	396694.4571962525	0.195804705364867	859.980250850302	-1.5971817756670816	739566.0318525484	2.550989624523052	598.1329289321561	-0.4336413101607377	357763.0006729597	0.1880447858779211	616.5037315121916	592.5283295124873	1.165221	51.468922	0.05370045	0.0268598	-0.1043288557	-0.1030934819	-0.1059752342	-0.0597133794	0.0803136482	0.02102464	0.0224602903	0.0293626058	0.0723295549	-0.1056766193	-0.0363697861	0.0568176047	-0.0773394799	0.0616972998	0.0077124473	0.0360581855	0.0372320146	-0.0292173584	-0.0169801755	0.0126621916	-0.0191758566	0.0424307836	0.0234163132	-0.0310859933	0.0478104666	0.0430933136	0.0324822557	-0.1370095745	-0.0229779257	0.1045255999	-0.0278675341	0.1306003576	-0.073045858	-0.063902995	-0.0394480609	-0.1936436094	0.0853483176	-0.1471736989	-0.0759490818	-0.0250937409	0.0600239798	0.0098594348	-0.0155752627	-0.0281080287	-0.0102494205	-0.1487855994	0.0795749742	0.0321116059	0.2596519461	0.1374432713	-0.158523591	0.0739975906	-0.0128763794	0.0745069326	0.0010433099	-0.2407729335	0.0428126132	-0.019056299	-0.0669643719	0.0031790511	0.1102814914	-0.0176689606	-0.0892785099	-0.0349341953	0.0543622455	-0.1182821864	0.0848029805	0.1877319468	-0.2141316644	-0.0146143938	-0.1376359827	-0.0229101358	-0.1908229043	-0.0089523354	0.0715673875	-0.0027944671	0.0391911833	0.0318728699	0.0085607819	0.1367968079	0.0823628134	-0.0418127342	0.0888736254	-0.0361197629	-0.0926625451	-0.0165040502	-0.0983276944	0.0666739501	-0.067480762	-0.0914299768	-0.0067476968	0.142471832	-0.0406024613	-0.0148259057	-0.1092114456	0.0630044614	0.1644479135	0.1530815759	0.0210302649	0.11074543	0.061156917	-0.0759460115	0.0729890999	-0.0243563731	0.0664818658	-0.0205100132	-0.0839529331	0.1209924599	0.0191682066	-0.0644679303	-0.1316390475	0.0217255341	0.2485237283	0.107429486	-0.012003938	-0.063748212	-0.0552197599	-0.0517941824	-0.0003271209	-0.1337897361	0.0447286301	-0.0036776954	-0.0924478994	-0.035847314	-0.1639573533	0.0082896316	0.0429438653	0.1200140691	-0.0586242176	0.0583911645	-0.0556375852	-0.0057041276	-0.1387217895	0.0125508809	0.2498730057	-0.1826138983	0.0010852043	0.0052769622	0.0909663579	0.0972245246	0.1917972142	-0.0188774168	-0.0110801836	-0.0670250345	0.181521354	0.0642276827	0.1138241808	0.068878208	-0.0467603594	0.0551973014	0.0877558325	-0.055910052	-0.0085744016	0.1538123885	-0.0299044657	0.0699602071	0.0211234361	-0.166745881	-0.0138522185	0.0125823039	0.0991068481	-0.0369719829	-0.0565199606	-0.0743441627	-0.0975301906	-0.041302131	0.0785801197	-0.0079744063	-0.0412565037	0.0547372874	-0.059242436	0.0501227787	0.1191215065	0.0621774474	-0.1047140243	0.0412279247	0.0914138991	-0.0600458817	-0.0550348044	-0.2094184553	-0.010566553	0.0952386882	-0.0247811688	-0.0224779951	0.0839181358	0.0	-0.0839181358	-0.0164343	-0.00811085	0.00027008621649	6.57858877225016e-05	0.0661639	0.0185161999999999	0.00437766166321	0.0003428496624399	0.0551265	0.0139668	0.00019507150224	0.00303893100225	-0.00108863	-0.000219804	4.8313798416043936e-08	1.1851152769e-06	6.3673e-05	0.0	0.0	4.054250929e-09	-0.000326772	-4.2328000000000005e-05	1.0677993998400001e-07	1.7916595840000002e-09	0.0
629.8906655532801	0.0538158880254968	396762.2505511541	0.0028961498039728	858.4381031929753	-1.5421476573267228	736915.9770135533	2.378219396998299	597.795413187332	-0.3375157448241452	357359.35602781293	0.1139168780041975	615.7878828852839	586.6739669323078	1.21284	53.572308	0.1386936	0.0699232	0.1268482721	-0.0813330423	-0.0643553528	0.0673398275	-0.0608098538	0.1030963045	0.0521313457	-0.0828586756	-0.0548676925	0.1025282945	-0.0868729475	-0.0656843411	0.0249510677	-0.0966433453	-0.0364741061	0.0627465958	0.0141411472	-0.0664332218	-0.0241484268	-0.0582281672	0.033018829	0.003779841	0.0508912364	0.051584216	0.1064511326	-0.0589070886	0.0352033662	0.0176348105	-0.0819741293	0.1344099608	0.069325647	0.003757655	0.0087000966	0.1161612718	-7.76661e-05	-0.109780861	0.0521226868	0.0879083304	-0.0201545388	0.1154541427	-0.0959569086	-0.0833162466	0.0732868034	0.0714741387	0.013052746	-0.0022471531	-0.1140349622	-0.0165287279	0.115703928	0.1600435231	0.0999829746	-0.0435860844	-0.0462825393	0.0873082869	0.0387503806	-0.0493969124	-0.0607712411	0.1717337693	-0.0448595148	0.0651290932	0.0513396195	-0.0107377795	0.0411723708	-0.0348522473	0.0549188343	-0.0954196946	0.1285499659	-0.1356513891	-0.0318503324	0.0068361003	0.1624406259	-0.0259224974	0.058747753	-0.1154220765	0.0812533632	-0.1994021956	-0.1188291009	-0.0105003189	0.0658654967	-0.1174385894	-0.0040566861	-0.0236970563	0.0338739713	0.1139530092	-0.0236171371	-0.0569652744	0.0224265118	0.1128889934	-0.0249077728	-0.0273701848	0.1264840645	0.006804909	-0.0983843486	0.0460875325	-0.093954088	-0.0745701302	0.0490578981	0.0619774567	0.1689365355	-0.1031839683	0.1072863534	0.0895653204	-0.0504703558	0.0091597289	-0.1043069222	-0.0066633639	0.0814752466	0.0259804097	-0.0176041117	-0.1074812057	-0.0312391123	0.0662952464	-0.0720664093	0.0480879328	0.086303671	-0.0970765741	-0.1047389925	-0.0883770978	-0.0113710756	-0.1540322108	0.0613012473	0.1466412178	0.091739843	-0.0755688755	0.0094013072	-0.0308001893	0.0276575156	0.0312122546	0.0667744032	0.1346398671	-0.0745963347	-0.0342316241	0.0184412052	-0.0728092049	0.0255593717	-0.0209883736	0.0141788498	-0.2070833084	-0.0237440425	-0.1902973482	-0.1582931376	0.0269968502	-0.0446956146	0.0236949368	0.0911247822	-0.0449549862	-0.0327286048	0.0489353134	-0.0623065237	0.0449129775	0.1052533015	-0.0159980777	0.1067938737	-0.0613850223	-0.0301229202	-0.062970636	0.0669912544	-0.0115853723	-0.1078037006	0.1254773995	-0.0797948021	-0.0109360833	0.0638629257	-0.1536779098	0.0674325251	-0.029296273	0.0971899015	0.0052821129	-0.073437783	0.0707285812	0.0302716407	-0.0474014596	-0.0934496381	0.1200488818	-0.1944500972	-0.0487679126	-0.0075804794	-0.0953997584	0.0210680874	-0.0167886898	-0.1253961126	-0.0584167171	-0.0675135187	0.0142607423	0.0820411548	-0.0052495325	-0.0892990645	-0.0136013	0.0028329999999999	0.00018499536169	8.025888999999992e-06	0.0364202	-0.0297436999999999	0.00132643096804	0.0008846876896899	0.0217347	-0.0333918	0.00111501230724	0.0004723971840899	-0.000133507	0.000955123	9.12259945129e-07	1.7824119049e-08	0.00043564	0.000371967	1.3835944908900004e-07	1.897822096e-07	-0.000454184	-0.0001274119999999	2.06283105856e-07	1.6233817743999995e-08	0.0
630.2325060266506	0.3418404733705529	397193.0116526322	0.1168549092342036	859.7349261142471	1.2968229212717688	739144.1431806699	1.6817496891358443	597.7951824411444	-0.0002307461875261	357359.0801498412	5.3243803057860176e-08	616.1684940551994	592.8045231534827	1.163172	51.378429	0.1656804	0.0888067	0.0603804285	0.0771680672	-0.1438580022	-0.0633703527	-0.0155839033	-0.0445921575	0.0329359258	-0.1302414645	0.0855096141	0.0857585003	0.1075500373	-0.0188861424	-0.0188506987	0.0776529717	0.0204965687	-0.0353144655	0.0098344099	0.0339081587	-0.0908231691	-0.0302789692	-0.1034161416	-0.0397871425	0.1343288553	-0.1490920598	0.0091202947	-0.0004363706	0.0755665146	-0.10449808	-0.0098587455	0.0592912832	0.1667232072	0.0299454787	0.0815348923	-0.1301445154	0.0837339654	-0.0068891413	0.017347485	-0.1014781219	0.0747240031	-0.0119101953	-0.1986720249	-0.0161033552	0.0155138551	0.0884377781	-0.0194995103	-0.0948549715	-0.1199864321	-0.1031266112	0.0409903974	0.1825782597	-0.0111929997	-0.0031662524	0.0241785474	0.0726617464	0.0455434037	0.1303156901	0.0505615419	0.0704711841	-0.0669496656	-0.1248499349	0.0061975995	-0.1249952661	0.002779001	-0.0934673803	-0.1653658307	-0.0886531415	-0.0879086947	0.1239671676	-0.060344911	0.0778569784	-0.06705813	0.0636640279	-0.0606752302	-0.1698901212	-0.0247686726	0.0579002356	0.0994931858	-0.0092152522	0.0643039257	-0.0295361743	-0.1466845698	-0.091897209	0.0175985905	-0.0416958108	-0.0083260339	0.0624674025	-0.0338934011	0.0652085536	0.0009702977	0.1296202833	0.1123244764	0.0149730368	0.1586846059	-0.0088643597	0.0626537466	0.0140798536	-0.0631703696	-0.1653301357	0.0039280425	-0.0822483052	-0.1029354022	0.0369528094	0.1242569398	-0.1238583765	-0.0051114495	0.062057237	0.0848025712	-0.0008807873	-0.0513755314	-0.0955761112	-0.1317947983	-0.0463714732	-0.0035167753	0.0867980312	0.0622177879	-0.0650271671	-0.1798517778	-0.1116347857	-0.1118293907	-0.0058594039	0.0096714168	-0.0666856403	0.1443260993	0.0871946049	0.0529939903	0.097332245	0.0191284033	0.0253505099	-0.1047887815	-0.130222435	-0.0437897977	-0.0981162687	-0.0505400059	-0.0341646398	-0.057221635	-0.0366217008	0.0152589442	-0.0974986887	0.1184249538	0.1233824102	-0.0667708379	0.0060247911	0.0139419985	0.0756467615	0.1106197399	0.1305941959	0.0653780003	-0.0125354613	0.0326031936	-0.0502157552	0.0398372494	-0.1233121635	-0.0267356395	0.1482099592	0.0602444314	-0.0064592308	-0.0137753278	0.268035663	0.0080753441	-0.0337386729	0.0847803311	0.10744819	-0.0201745757	-0.0592706814	0.0382599084	0.1401624744	0.0948706181	0.0782510109	-0.0257474617	0.0957651733	-0.0392825246	-0.0479973384	0.0072608604	0.1880249137	-0.0149721907	-0.0680745131	0.0239701133	0.0728627412	0.0260092146	-0.0899871154	-0.1220200991	0.0785919643	-0.1084794389	0.1033830586	0.080124019	-0.0104887887	-0.0942867573	-0.0176415	-0.0040402	0.00031122252225	1.6323216040000006e-05	0.0937678	0.0573476	0.00879240031684	0.00328874722576	0.0639859	0.0422512	0.00178516390144	0.00409419539881	-0.00119956	-0.001066053	1.136468998809e-06	1.4389441935999998e-06	0.000286436	-0.000149204	2.2261833616e-08	8.2045582096e-08	-0.000479755	-2.5571000000000003e-05	2.30164860025e-07	6.53876041e-10	0.0
630.7951448636995	0.562638837048894	397902.51478361565	0.3165624609557318	855.874154163104	-3.860771951143079	732520.5677644087	14.905560058733135	598.4942477944074	0.6990653532629949	358195.3646429936	0.4886923681327159	616.6189820481088	597.5853879486679	1.135792	50.169048	0.0885032	0.0466207	-0.0640233948	0.0452381927	-0.1282334034	-0.0126101358	-0.0615672628	0.1049228077	-0.0188094998	0.1750649197	0.0781724635	-0.1107027175	0.0651972043	0.0479788502	-0.0717828812	0.0511578928	-0.0920832128	0.0660269966	-0.1307466698	-0.0765084647	0.0213114042	-0.0887180666	-0.0299498253	-0.0604710352	-0.0667125605	-0.0496469698	-0.0408935855	0.0514699441	0.0642540153	0.1527050046	-0.0649899506	0.0727338993	-0.1702920703	-0.0630380259	-0.0212072842	0.0271662121	-0.1072288384	0.031451644	-0.1549055844	0.0383193234	-0.0363738986	-0.0930033677	-0.0081802994	0.0295953466	-0.1494471764	-0.0456102324	-0.0235115883	-0.0800544445	-0.0142831946	-0.1046474385	0.0507173799	0.0002239105	-0.1410910345	-0.016548493	0.1461171801	-0.0833910285	-0.0823464122	0.0807509864	0.0408091208	-0.0708686688	0.0811203689	0.0666306877	-0.0215923812	-0.0555188971	-0.0608195643	-0.0807943878	-0.011328837	-0.0140829912	0.0261649929	-0.0309316366	0.0746339407	-0.134897662	-0.0250658258	0.0504014056	-0.0059007669	-0.0596087552	-0.0847671113	-0.0325289775	0.0875176916	-0.003443742	0.0205030199	0.0718329269	-0.0517707293	0.1591705743	0.0499152413	0.126369367	-0.0929846793	0.0280081253	-0.0772114919	-0.0507579577	0.1541566139	0.1533542932	-0.0086627849	-0.0827606802	0.0334223744	0.1189479773	-0.0980929843	-0.0714871683	-0.1332538483	-0.103896009	-0.025347743	0.0611875991	-0.0415772506	-0.1550061127	-0.07367592	-0.0594210422	0.054419577	-0.0308762828	-0.0087498794	0.0035639664	0.0205160093	0.009079377	-0.0471817763	-0.0724256203	0.1702292156	0.0484576973	-0.0060800901	-0.1752895422	0.1095303575	-0.05284402	0.0226378288	0.1210210626	0.0435499922	-0.0157578216	0.0364767813	0.0137913069	0.0311614063	-0.0211163999	0.0118208779	-0.1066113694	0.0173973494	-0.0924489271	0.0212924648	-0.0038126595	-0.0315607881	0.1688920711	-0.0691149878	0.052202951	-0.0264203209	0.0786174231	0.2027210158	-0.1730459968	-0.126836282	-0.0188674664	-0.1145784294	0.0514416718	0.0209010375	-0.0897337136	-0.0940086918	-0.0269570967	0.040881769	0.0350172874	0.0868868898	0.0650634117	-0.1377741075	0.0665173236	-0.0817341487	0.0064822729	-0.0713805594	-0.0003857617	0.0298711213	0.0238381214	0.0313717324	-0.1464241162	-0.0322632105	-0.0390058544	-0.0963766706	0.1266432438	0.1159271964	-0.0058217781	-0.0267991941	0.0311553433	-0.0837306674	-0.035430487	-0.0670146331	0.050150507	-0.052074234	0.0768076109	0.0089290854	-0.1120565414	-0.0052353972	-0.0381015903	0.1130894347	0.0124719739	0.1610772021	-0.0050309056	0.0781676667	-0.0157075127	-0.0988592507	-0.0155118	0.0021297	0.0002406159392399	4.535622090000007e-06	0.0586167	-0.0351511	0.00343591751889	0.00123559983121	0.0413545	-0.0226313999999999	0.0005121802659599	0.00171019467025	-0.000777564	0.0004219959999999	1.780806240159999e-07	6.04605774096e-07	0.00040176	0.0001153239999999	1.3299624975999996e-08	1.614110976e-07	-0.000445255	3.4500000000000025e-05	1.98252015025e-07	1.1902500000000018e-09	0.0
632.2777656815947	1.4826208178951674	399775.1729753096	2.198164489656135	865.4949154289159	9.620761265811892	749081.4486333062	92.55904733374646	599.5697228105839	1.0754750161764832	359483.8525111604	1.156646510419807	618.1517369578401	630.2073836607824	1.113488	49.183853	0.0721581	0.0354587	-0.1252504085	-0.0111090618	-0.0012791185	0.0725126449	0.049451754	0.0339094955	-0.1692911396	0.0146398988	-0.1610123099	-0.1053134181	-0.0174793778	-0.0273221851	0.1345912227	-0.0902720026	-0.0684646519	0.034025519	0.0319455102	0.0725103026	0.0981764857	-0.0692992502	-0.048332257	-0.0896668714	-0.0184946824	-0.0321974516	-0.2520226579	0.0959288623	0.0011321751	0.1159134295	-0.0117473277	0.0458313952	0.1045304607	-0.0283554796	0.0092451241	-0.0481130651	-0.1050390355	0.0339465242	0.0381737637	0.0330968155	0.1049482538	0.0376927939	0.0614130953	-0.131687201	-0.0981554957	0.043874532	-0.0104179944	0.1097729641	-0.0766827912	0.1186468815	0.1252894117	0.0233753253	0.0414254129	-0.0051854373	-0.0543999581	-0.2070433923	-0.0094058402	0.0656206987	0.0105409013	-0.0048685437	0.2224146959	-0.1439639224	0.0218530068	-0.0054209586	-0.0124542506	-0.0408374406	-0.1011226165	-0.0346705392	0.1068884637	-0.0259166895	-0.1158825656	0.0090349121	-0.1192917493	0.0826645117	0.1624278372	-0.0637586544	0.0606684759	-0.0918009028	-0.0767354549	0.1169289913	0.0267260788	-0.0016282321	-0.0440100827	-0.0219693962	0.1029301043	0.0966288633	-0.0150820956	0.1302063685	-0.1246367628	0.0786648113	0.0195903438	-0.0008216738	0.0441945949	-0.0597035719	-0.1057213645	-0.0521529043	-0.0210690233	0.1054678163	-0.1280060305	-0.0534551893	0.1018089945	0.1138205742	-0.0263989539	0.0961715595	-0.1143988579	-0.0193478019	-0.0467262663	-0.1639021092	0.0048735413	-0.0272775563	-0.0481162865	-0.0479807679	-0.0759139648	0.1003608684	-0.0659345058	-0.126554353	0.1258912016	0.0115612554	0.1189678708	-0.069751332	-0.0391220317	0.0292321817	-0.0142981548	-0.0246798826	0.1542431999	-0.0412925271	-0.0035650853	-0.219724752	-0.066643228	0.0291878883	-0.0013772984	-0.0727257679	0.0855997152	-0.0930249685	-0.0235907297	-0.037359179	-0.1127343722	-0.0079312142	-0.0638413657	-0.0929961789	0.0574294396	-0.0611204409	0.0639994731	0.0172802258	-0.0065071836	0.0061664922	0.1608988758	-0.0294882085	0.1549065478	-0.1010892611	-0.0564947732	-0.0178327017	-0.0093531213	0.1246948722	0.0267507004	0.0259192113	0.1539968361	-0.0323736173	0.1418822906	0.0048888868	0.0212840524	0.0621511907	-0.0728165912	0.0519710283	0.0854299561	-0.0236439011	-0.1334502463	0.0057323547	0.131359956	0.0266149631	-0.0501079337	0.1279912112	-0.0150089302	0.0219218421	-0.0309504408	0.0403378412	-0.0121132596	-0.0331230656	0.0379302356	0.0439169909	0.064461913	0.1129892673	-0.0832230577	-0.1340223462	0.1357538232	-0.0076352337	0.0761730556	-0.0208954884	-0.1029964092	-0.0012344	0.0142773999999999	1.5237433600000005e-06	0.0002038441507599	0.0312748	-0.0273419	0.00097811311504	0.00074757949561	0.0293214	-0.0120331	0.00014479549561	0.00085974449796	-0.0007833509999999	-5.786999999899973e-06	3.3489368998842286e-11	6.136387892008433e-07	0.000642948	0.0002411879999999	5.8171651343999996e-08	4.13382130704e-07	-0.000322116	0.0001231389999999	1.03758717456e-07	1.5163213320999993e-08	0.0
630.9711258488143	-1.3066398327804336	398124.5616549202	1.7073076526084796	863.303462053106	-2.1914533758098287	745292.8675928788	4.802467898348295	599.958151053492	0.3884282429080485	359949.7830155247	0.1508764998886339	618.4739316475209	591.3844435977902	1.189641	52.547588	0.11728577	0.0636697	0.0069223081	-0.168219556	-0.0814921161	-0.0798118327	-0.0524241775	-0.0765394971	0.0799429298	0.0176350263	0.1629926675	-0.0364758807	-0.1191785458	0.1073539949	-0.0371531639	-0.0624844237	-0.0420526562	-0.1951901583	-0.0706658845	0.0896366851	-0.1218523829	-0.1558686205	-0.0339166323	0.1100426108	0.0465694073	-0.0954194552	0.0132684138	-0.0108903376	-0.0115744156	0.1218025325	0.111477079	0.0853057429	-0.0809298085	-0.0395087256	0.0746742893	-0.0312208496	-0.0153707121	0.0907297286	0.0162877598	-0.0575896906	-0.0565874225	0.1290245014	-0.0141530314	-0.0009015544	0.0649560769	0.0395340852	-0.0140012993	0.0398584188	0.0666298151	-0.0646680403	-0.0691332187	-0.1062979961	-0.0688778524	-0.0920499486	0.0883477441	-0.1005903335	-0.0410099209	0.0170096963	-0.2024985692	0.0188716631	0.0537738423	0.0149301048	0.0937636839	-0.0558797377	0.1070726112	-0.0312723527	-0.0689203087	-0.177891012	-0.0262574426	0.0001560505	-0.1304778232	0.0230994697	-0.0299032838	0.0213539916	-0.0643169672	-0.0082893768	-0.0078321174	-0.0475970447	-0.0205158979	-0.0018081805	-0.01094158	0.0681492834	-0.0841103641	-0.0022202088	-0.0322081565	0.0694146537	0.0654694513	0.0296107944	0.0390416848	0.0470865604	0.007051472	0.1845212721	0.0581087774	-0.0197336205	-0.1605305479	0.1106941453	0.0678206393	0.102812556	-0.0502519498	0.0604486331	-0.0311717833	0.0558711013	0.1114299333	0.0602758888	0.1017091519	0.0690340107	0.0373493237	-0.0734992346	0.0076967218	-0.1456744177	-0.0858993105	0.0587909594	0.0187437494	-0.0891511733	-0.0023391235	-0.0329596167	-0.0165359027	-0.0271036543	0.1302033499	0.0370932012	-0.1309029876	0.1208655229	0.0340640698	0.1030892596	0.0205709701	0.0053992053	-0.0142663629	0.0316981184	-0.0328605184	0.0720099683	-0.1105061034	-0.0059902457	-0.1078715277	-0.0322342765	-0.0794598499	0.0263727026	-0.0081788672	0.0248770584	-0.0414415126	-0.0994306891	0.1127463084	-0.0853834754	0.0214588826	0.0013788367	-0.014779783	-0.1129003308	-0.0289303452	0.007139727	-0.0194633393	-0.0309949106	-0.0233805728	-0.0771458875	-0.0029851289	0.0116494432	-0.0289500052	-0.0151323881	0.0672194599	-0.0613038552	-0.0237793039	-0.0295125003	-0.1840483752	0.1024108211	0.0677036706	0.0819114236	-0.0491278992	-0.1043641354	0.0256184639	-0.1259591771	0.1254960663	0.0060992426	0.0155448356	0.0590450011	-0.0359664511	-0.072342591	-0.0232670769	0.1178053088	0.0834577428	0.0341606957	-0.1158092942	0.0108188315	0.1149657319	-0.0266799563	0.0381649936	0.0977798083	0.0779047595	0.0534134495	0.0741411618	-0.0260425603	-0.1066800145	-0.00464867	-0.0034142699999999	2.16101327689e-05	1.1657239632899997e-05	0.077682	0.0464072	0.006034493124	0.00215362821184	0.0650228	0.0357014	0.00127458996196	0.00422796451984	-0.000928278	-0.0001449270000001	2.1003835329029003e-08	8.617000452840001e-07	0.000175193	-0.0004677549999999	2.1879474002499997e-07	3.0692587249e-08	-0.000344692	-2.257600000000001e-05	1.18812574864e-07	5.096757760000004e-10	0.0
630.5255373026123	-0.4455885462019751	397562.453190748	0.1985491525063897	864.3915875493105	1.0881254962044975	747172.8166260174	1.1840170954902844	599.0396988179062	-0.9184522355857324	358848.5607598478	0.8435545090524299	617.7234382549094	631.304838781894	1.214801	53.658955	0.06769753	0.0382446	0.1052446588	0.0529211218	-0.0079058051	-0.0821538085	0.0868925042	-0.0413681099	-0.0232671274	0.1896992	-0.1359873891	0.0577700522	0.0362017859	0.0875363749	-0.1155810383	-0.0383664879	0.0131365227	0.0970101998	0.0797011127	-0.075514282	0.1575436032	-0.0086433973	-0.1208999187	0.1754654536	0.0562555612	0.1470178172	-0.0107794804	-0.0357111621	0.003623502	0.2064989401	0.0069844298	0.0547294594	-0.0645577531	0.1004493319	0.0139858132	-0.0137890674	-0.0331534175	0.0351713297	0.0047482485	0.0373402026	-0.0365338358	-0.1237522101	-0.073012262	0.0432664875	-0.0052660455	0.1472235827	-0.1371787184	-0.1013469307	0.139710254	-0.0010917449	0.0639839487	-0.058665994	-0.0877072187	0.0605835694	0.1040248507	-0.0985227975	0.0948555475	-0.1082444145	-0.1665784668	-0.1341425796	-0.0576919411	-0.1129422789	0.0223648835	0.0627613915	0.0664041958	-0.0328371633	-0.0801854519	-0.020589487	-0.0934643108	-0.1031978912	0.027636717	-0.0345217654	0.1315697176	-0.1378007117	0.1090619237	-0.0644338445	0.1611970817	-0.1030524495	0.0063730948	0.0365134797	-9.82174e-05	-0.037795844	0.0196768539	0.1307196578	-0.0855372148	-0.0383883137	0.011675687	0.0838768622	0.0200448364	0.1200697229	-0.0214798373	0.0515455696	-0.1264676886	0.0834650608	0.1232852947	0.0058393138	0.0227232152	0.0768047335	-0.1101273641	0.077621183	-0.0093303547	-0.1084882482	-0.0350247223	-0.1255762853	0.0462335965	0.0883814921	0.1594334601	-0.0901310722	0.0221343822	-0.0045804866	-0.0069657422	-0.0749421342	-0.0717613475	0.0543428262	0.0290729041	0.0535321713	-0.0077036779	0.0446971701	0.2382603964	0.0178365299	-0.1104196294	-0.0861933563	-0.0589182007	-0.103494818	0.027344425	-0.1241761704	-0.0748834689	0.0484685994	-0.0148687562	-0.0398608266	-0.0779019795	0.0371644851	-0.0199509343	0.0235355753	0.0381611559	-0.0085200472	0.0639185511	0.0642444471	0.1268959768	0.0190704045	-0.0192249544	-0.098932926	0.0132479907	0.0981709083	-0.0997610401	0.0086984138	0.0698747583	-0.121290793	-0.0099460461	0.1774363382	0.1659980072	-0.0038156756	-0.109899943	-0.0936236496	-0.031666619	-0.0968940489	0.1516874995	0.0338261109	-0.030974646	0.0364233826	-0.1103876378	0.0602430039	0.0153621378	-0.0937633036	-0.0146891212	-0.103515622	0.0618829397	0.1306624191	0.0452184049	-0.0505787462	0.0910138951	0.0332649791	-0.0926043269	0.0577545159	0.1328622479	0.1154956346	0.0139951654	0.0345156594	0.0683809588	-0.0407586239	0.0388883695	-0.0262694003	0.0733877375	-0.0398906393	0.0986105914	-0.0177434305	0.0720729799	-0.0311386526	-0.1098938456	-0.0151116	-0.0104629299999999	0.0002283604545599	0.0001094729041848	0.0560479	-0.0216341	0.0031413670944099	0.00046803428281	0.0363301	-0.0286927	0.00082327103329	0.0013198761660099	-0.000928278	0.0	0.0	8.617000452840001e-07	0.000277941	0.0001027479999999	1.0557151503999994e-08	7.725119948099998e-08	-0.0003801	-3.540800000000001e-05	1.4447601e-07	1.2537264640000007e-09	0.0
628.5290733114037	-1.9964639912085431	395048.7959976919	3.9858684681923457	858.5155310182367	-5.8760565310738	737048.916999525	34.528040356375065	598.1717008844035	-0.8679979335026928	357809.38373894035	0.7534204125649452	616.6783746287113	589.347816307636	1.22315	54.02771	0.10719937	0.0690031	-0.0579364965	-0.0089138515	-0.1722236476	0.1269298784	-0.0944437621	0.0262181343	0.1279079762	-0.1227895684	-0.0648960733	-0.0362176956	0.0378560218	-0.0661404861	0.0924187673	0.0358224637	0.1639402176	0.0707899008	-0.0732582432	0.1248892736	0.0759723091	-0.0139686499	0.0918820385	0.2279674235	0.1258180432	-0.0352538835	-0.0716021057	0.066774591	-0.0010851152	-0.0021089043	0.0505484307	0.0103476013	-0.0873821319	0.0107731327	0.0520289866	-0.1743146149	0.06359199	-0.0460800381	0.0796760308	-0.0349968341	0.0839749819	-0.0247675536	-0.0150493681	0.0049011211	-0.013014589	0.0297292364	0.0862042963	-0.0895462714	-0.1493862597	-0.1682437052	-0.0076046889	-0.1017754329	0.0984467682	-0.1091960263	-0.0952046	-0.1579916424	-0.1406793057	0.0163709711	0.1748350923	0.0001194886	0.1088947399	0.0696587545	0.0241239733	-0.0634236291	0.0122232315	-0.0758357324	-0.0969109424	-0.1309858392	0.105991596	0.0756732057	-0.0177348878	0.0577064412	0.074871414	-0.1214202272	0.1651703822	0.0126893207	-0.1121007205	0.0473423133	0.0721251038	-0.0277905025	-0.0670413616	-0.0319113831	-0.0487529811	-0.0001094623	0.0086751267	-0.0713691654	0.1162353065	-0.0411908068	0.0345122698	-0.0929276176	-0.00667622	-0.0834524335	0.0186819254	0.0824594124	0.1582735049	0.1216727059	-0.066355865	-0.025880239	-0.0365767526	0.1289289508	-0.035398386	0.0884020061	-0.0646821365	0.0526717577	-0.0134325242	0.0331562369	-0.1072336243	0.0468461551	0.2369518976	0.0427236818	-0.0095971552	0.0870899595	-0.0476149252	-0.1154090029	0.0104209068	0.0333255014	0.0093953606	-0.0602011748	0.179415841	-0.0113744283	0.1377528384	0.059754668	0.0486562843	-0.0787865476	0.0805941231	0.1188425347	0.0503019617	-0.0075630551	-0.1606518587	0.1202171636	0.1153209787	0.0331296926	-0.0208209348	-0.1204935716	-0.2044396777	-0.1876512949	-0.1211860116	0.000613351	0.1306964182	-0.0553861366	-0.1148723632	0.0794536897	-0.0718237555	-0.0938494526	-0.0718677135	0.0194812831	-0.0088572039	0.0127453879	-0.0641334178	0.0125911066	0.0631534987	0.0482546758	0.0223413412	-0.0148124457	-0.0368094256	0.0474310496	-0.1734116261	0.1206456044	-0.0178749453	-0.0521675776	-0.0557784225	-0.0602126432	-0.0567937549	0.0995002959	0.0254402071	-0.1409623566	-0.1169017602	0.0290866928	0.0341682782	-0.0901253129	0.0132986026	-0.1211587069	0.1296731144	0.1195399667	-0.2012710978	0.197860608	-0.0007037194	0.0842456198	-0.1634181933	-0.0250088855	-0.0309881634	-0.1042270809	-0.0845719347	-0.1099427556	-0.0762303162	0.0641482124	0.0699695221	-0.0361737896	-0.11262375	-0.00465667	0.01045493	2.16845754889e-05	0.0001093055613048	0.0504642	-0.0055836999999999	0.00254663548164	3.117770568999997e-05	0.0198073	-0.0165227999999999	0.0002730029198399	0.00039232913329	0.000294202	0.00122248	1.4944573504000004e-06	8.655481680400001e-08	3.59352e-05	-0.0002420057999999	5.8566807233639995e-08	1.29133859904e-09	-0.000408373	-2.8272999999999992e-05	1.66768507129e-07	7.993625289999996e-10	0.0
629.1417516799096	0.6126783685058399	395819.343706865	0.3753747832349777	861.0071569447236	2.491625926486904	741333.324310036	6.208199757541723	597.5857110521358	-0.5859898322677282	357108.6820536868	0.3433840835211602	615.8351544200923	601.2188762545098	1.22666	54.182743	0.17936256	0.106999	0.0328913077	-0.1389131823	-0.0284972145	-0.068573923	-0.1045445408	-0.0317973797	-0.0366713627	-0.0594895194	0.0369858898	0.0218209205	-0.1227781201	0.0570347584	0.0716206383	0.2233222183	0.0490380313	0.0034167113	-0.0224256351	0.0382725811	0.0073676601	0.0472859701	-0.0637497202	-0.0960187394	-0.0153390661	0.144213322	-0.0370297672	-0.0697528024	0.0096716352	-0.0006089238	-0.1265087132	0.0213450188	0.0116907901	0.0201574061	0.0435146505	0.0866238272	-0.0639173112	-0.0139303146	-0.1708068467	-0.1628901565	-0.1057627486	0.0411481634	-0.0397479403	0.0467863889	0.1130206323	0.0305024091	0.1493406073	-0.0313053783	0.0318437342	0.0165269324	-0.0168445271	0.1235251655	0.0996268054	0.0223800212	-0.0160900751	-0.1797538391	-0.0153233989	-0.0876868789	-0.078516113	-0.1316105291	-0.0937014272	-0.0748371056	-0.0495717592	0.049097764	-0.1195287578	-0.0481961238	0.1104791094	-0.1978556597	-0.1687015408	-0.0331235062	-0.0013878784	0.1338575405	0.1057833609	-0.1766169084	-0.1053401878	0.0086525887	0.0806024051	-0.0068709391	0.112363369	0.0828074809	-0.0355703268	0.049173096	-0.0192897567	0.1706499943	0.0012848479	0.0311878135	0.0376994625	0.0907840818	0.0558847657	0.0198833337	-0.1389696941	-0.1138234388	0.049503121	-0.0272479115	0.0048904029	-0.0571692996	-0.0544716901	-0.0044325779	-0.0271946171	-0.1310740887	-0.0257330664	0.019345889	0.111670692	0.0084691153	0.1049307239	-0.0750824149	0.0075787258	0.1764395214	-0.0319897868	0.0758135943	-0.1200003857	-0.0675309448	0.0287027251	-0.072642686	-0.0187859336	-0.0295260917	-0.0196020835	0.0966787456	0.1578204565	-0.0545646783	0.1428886943	-0.137018319	-0.0323132757	-0.0583875098	0.049613702	-0.1106959757	-0.0421870486	0.0053341249	0.0210018487	-0.012221423	-0.0495486576	0.0168329303	-0.2014733741	0.0410073718	-0.1643266493	-0.0871599808	0.1073570258	0.2494288633	0.2129707138	0.1038376637	0.0957286487	-0.0227717988	0.0532837161	0.1056525493	-0.0390897223	-0.133273768	-0.0332324285	-0.0256430861	0.0512812943	-0.0572370446	0.018686542	0.0333961397	-0.0109948379	-0.1139897362	0.0895570012	0.0747558171	0.0872144976	-0.0490587271	-0.0111286188	0.0246412724	0.0913086972	-0.0469390904	0.1027399668	0.0097430505	-0.0906817898	-0.048059595	0.0204514548	-0.0877481203	-0.0796258316	-0.0430928201	-0.0943041532	0.0752167777	0.0005303261	-0.0533688609	0.0461220486	0.0278029356	0.0679120526	0.0134100827	-0.1114790189	0.0591066143	0.0683779961	-0.1104180196	0.0895386114	0.0920607743	0.1564440254	-0.0088168903	0.067831818	-0.0411381146	-0.1148577065	-0.00465135	5.319999999999631e-06	2.16350568225e-05	2.830239999999607e-11	0.0767875999999999	0.0263233999999999	0.0058963355137599	0.0006929213875599	0.0660796	0.0462723	0.00214112574729	0.00436651353616	-0.00143599	-0.001730192	2.9935643568640006e-06	2.0620672801000003e-06	0.000257632	0.0002216968	4.914947113024e-08	6.637424742399999e-08	-0.000225031	0.000183342	5.0638950961e-08	3.361428896400001e-08	0.0
630.7828366018068	1.6410849218972317	397886.9869514217	2.693159720878443	852.8162021941964	-8.190954750527226	727295.4747249325	67.09173972518452	598.1904144002094	0.604703348073599	357831.77188029425	0.3656661391714202	615.5372779523905	577.1920054299404	1.230398	54.347851	0.1702569699999999	0.0809533	0.1292670546	-0.0014721603	-0.1213743792	0.0213980929	0.0554527803	0.2025948083	0.0394909019	-0.0601066352	0.0513706223	0.1225756667	0.0020044235	-0.1003245529	0.0077105621	-0.0136509294	-0.0940199259	0.0244650105	0.0254154614	-0.1211287866	-0.020020771	0.0107729427	0.1814147812	0.0305229472	-0.1168426382	0.0576933651	-0.0860263092	-0.0592987259	0.069120376	-0.0260622537	0.1500855752	0.1394524119	-0.0577113812	-0.1021121811	-0.0598530352	-0.0499878929	-0.0723448876	-0.0897297517	-0.0046509726	0.1550493943	0.0110578703	-0.0010986409	-0.0452781594	-0.0450307535	0.0532278037	-0.0082439066	0.1407740586	0.0252900246	-0.152551872	-0.0102462136	0.0035283405	-0.015267395	-0.182956608	0.0477009976	-0.002026905	-0.0232013508	0.0118677981	0.0773855681	-0.0758535277	0.0177640649	-0.0524673008	-0.0258108388	-0.0708210781	0.207954274	-0.157677189	-0.0412949633	-0.0955144417	-0.0084032326	0.0348882618	-0.2202303608	0.1231279155	0.0470508797	-0.0559157101	-0.0894755386	-0.0429349965	0.14619728	-0.1199153206	0.003635032	-0.0582157987	-0.1054715664	-0.0432992813	0.1581601938	0.0195549342	0.1051273309	-0.0170892224	-0.0865606398	-0.0262786674	-0.0955737479	-0.034162877	-0.0735114646	-0.0909170565	-0.0944895638	-0.0395136271	0.1054937942	-0.1122502134	0.0397195877	0.0381221372	-0.0194057263	0.0310723575	0.0215953797	0.0001491723	-0.1606272283	0.009968463	-0.0230215068	-0.1383420542	-0.0725557985	-0.0476160638	0.0176023293	-0.0299776076	0.1375738576	-0.001982814	-0.0423433261	-0.0172442192	-0.0519135069	-0.1080043349	-0.0238538347	0.0126367847	-0.1223085446	0.073465297	0.0753001319	-0.1541303875	-0.0504554531	-0.1440692095	0.0416576716	-0.0290164482	-0.0143695669	0.1442917342	-0.1359804766	-0.1049657135	-0.1733677666	-0.0772271407	0.1160401119	-0.0131590155	-0.0850574601	-0.0707683906	0.1076115706	0.0486587974	0.0072642436	0.1041233353	0.1041464941	-0.0910854714	-0.0007070567	0.0755123665	-0.1220175791	0.0521164729	-0.0715581393	-0.0971657487	0.0671709252	0.0093538855	0.0308164714	-0.1307609648	0.0463957942	-0.038858309	-0.0161680204	-0.1085391534	-0.0399355088	-0.0793817681	-0.0233553839	-0.0154690334	-0.179992079	0.0088206723	-0.249235814	-0.1117058606	-0.0869936108	0.0500009639	-0.0787759668	0.0922674511	0.0408290421	0.0424631251	0.0375260751	-0.1299235939	0.0120312152	-0.0560762691	0.1036964724	-0.0757695001	-0.1946506665	0.0166101963	0.1534179936	-0.1211604142	-0.0764065751	0.1425508484	0.0787055359	-0.0360785041	0.0079245656	0.0613961717	0.0415065829	0.0656609137	-0.0460219099	-0.1165858777	0.0102477	0.01489905	0.00010501535529	0.0002219816909025	0.0212652	-0.0555223999999999	0.00045220873104	0.0030827369017599	0.0363821	-0.0296975	0.00088194150625	0.00132365720041	-0.000456146	0.000979844	9.600942643360005e-07	2.08069173316e-07	0.000445304	0.000187672	3.5220779584e-08	1.98295652416e-07	1.02134e-05	0.0002352444	1.0431353955999999e-10	5.533992773136e-08	0.0
633.1437438408585	2.3609072390516985	400871.00036481867	5.573882991406714	860.1744911068412	7.358288912644753	739900.1551509132	54.14441572195069	598.7242325194844	0.5338181192749971	358470.70660604566	0.284961784466295	617.0627161877763	633.5498395391377	1.177172	51.996807	0.115379983	0.0588601	-0.0305346753	0.1301066503	-0.0130194777	0.0023789418	-0.0768124343	-0.0995277944	-0.1314730105	-0.080002089	0.0498577013	0.0112544609	0.1190340463	-0.1467034206	0.1100850866	0.038133517	0.0129271915	-0.0916023699	-0.0500842489	0.0459999856	-0.0711274613	0.0713629748	-0.0265910795	-0.1354745597	-0.0834558444	-0.1031826734	0.1040523617	0.0205387935	0.1401016227	-0.0068771333	-0.012403257	0.0542566354	-0.1617475489	0.0761301751	0.000132002	0.0525516418	-0.0775277079	0.0728461424	-0.0431425622	-0.0733476735	0.1407963194	-0.0523160669	0.0386685193	-0.0587112483	-0.002983869	-0.0106298189	-0.0745410147	0.0395944157	-0.043628831	0.0191432821	-0.1088438752	0.1600189633	0.0622311996	-0.0225868129	-0.0097483092	0.1243121403	-0.1908697152	-0.1025448277	0.0353928066	-0.0294761037	0.0118740118	-0.0606564842	0.109052839	0.0486377338	-0.0864728367	0.0081909976	-0.0250031799	-0.0659768335	0.1170250457	-0.0362620149	-0.037181047	0.106953708	0.0812707409	-0.081299145	0.0567278382	-0.0076210356	0.1070846876	0.102152306	-0.1588057452	-0.285190054	-0.0783878374	-0.0878329058	-0.0426208109	-0.1021706746	0.0402279425	0.0032363526	-0.0472418343	0.0331732193	0.126482654	-0.0328709675	-0.0919942356	-0.0475411926	0.1107041201	-0.1161250507	-0.1297400681	0.0249999949	-0.0158037046	-0.0752350988	-0.1210737795	-0.0211331802	-0.0594360273	-0.0068730973	-0.1320166353	0.0821738852	0.0188835477	-0.0909819433	-0.1644049529	0.0669997152	-0.0760431558	-0.0753757313	0.0110627932	-0.0611298592	-0.0420060604	-0.0358096328	0.0940752061	-0.0064042556	0.0055383456	0.1140910925	-0.0580428607	-0.1036668573	0.1504869151	0.0340006296	-0.0534489215	0.1014115586	-0.0028567584	0.0647182342	-0.0592587743	-0.0869512992	-0.0163120331	-0.0830362085	-0.112454798	0.2075474399	0.0360986593	-0.0146351555	-0.0895723977	-0.0749769969	0.0574961728	-0.1668480433	0.0498888917	-0.1848052829	-0.1261922276	0.0453391163	-0.0972288888	0.0182502789	0.1279874245	-0.0188965644	-0.0070273861	0.0352630665	-0.0471500916	-0.1038792091	0.1296270137	0.0989686496	-0.0234601645	0.053387522	0.1414018665	-0.1141223294	-0.0043494368	-0.1234386807	0.1220557447	-0.0011586262	0.0485112781	0.0832453768	-0.0053284255	0.1172135657	0.0205472048	0.0910924544	-0.0064778608	0.1007527832	0.0754662913	0.0762208241	0.018680509	0.0602738739	-0.0196391599	-0.051951809	-0.0343935005	-0.1573188085	-0.081141599	0.0140547667	-0.1047921323	0.0366302974	0.0460364397	-0.0658218253	0.030165746	-0.0204234052	0.033068185	0.0002047411	0.063457872	-0.0508156151	-0.1178006533	0.000545837	-0.009701863	2.97938030569e-07	9.4126145670769e-05	0.055218	0.0339528	0.003049027524	0.00115279262784	0.0497354	0.0133532999999999	0.0001783106208899	0.00247361001316	-0.00137217	-0.000916024	8.390999685760001e-07	1.8828505089e-06	0.000376544	-6.876000000000001e-05	4.727937600000002e-09	1.41785383936e-07	-0.000172443	-0.0001826563999999	2.9736588249e-08	3.336336046096e-08	0.0
631.5752169469861	-1.5685268938724448	398887.2546616325	2.46027661680114	857.7500835618614	-2.424407544979772	735735.2058503802	5.877751944154845	599.3196104252091	0.5953779057247175	359183.9954402244	0.3544748506251506	617.4201130263796	593.4530780735208	1.178943	52.075058	0.038825687	0.0270306	-0.1117089451	-0.0876925373	-0.1414459286	-0.0889353899	0.079845499	0.0418128882	0.113249629	0.0378009899	0.0943932139	-0.1701838575	-0.0237848766	0.0118005081	-0.1191354623	-0.0336788208	-0.0455715026	-0.0846818335	0.1083431888	-0.102188311	-0.0358192271	0.1382795835	0.0168662926	-0.0463747516	-0.0158631488	0.0033220942	0.1318520995	0.0750142437	-0.0056205187	-0.0239010056	0.1027914499	-0.0724213536	0.0193232131	-0.0955246757	0.0438360928	0.0108939302	0.1385378508	-0.0258377424	-0.118958689	-0.1475350686	-0.0885373129	-0.0450060578	0.0096934202	-0.1333093448	-0.0011194597	0.0098306499	-0.1329178856	0.0286233235	0.1053227327	-0.0489110434	0.0372597188	0.0386963264	0.1752946643	0.1572403535	0.0010065481	-0.0082918878	-0.0339704051	0.0477342566	-0.1447355327	0.1822201851	-0.013978773	0.2174171971	0.016645279	0.0350304398	-0.0599310049	-0.0271962195	0.0314058275	0.1043991814	0.0123325047	-0.0083963735	0.049167451	0.0074822623	-0.023976139	0.0748445624	0.0991166624	0.0694304637	0.1550978962	0.0061772062	0.151855594	-0.1451477994	0.0216275948	-0.0090700113	0.0347130916	0.1227031243	0.105629668	-0.0003926586	-0.0885773946	-0.0701549634	-0.0639118797	-0.0751019944	0.0861646888	-0.1001711584	0.0480983811	0.0158122645	0.0152636823	0.0474509902	-0.0751018307	0.0463594486	-0.014175302	0.0583017229	-0.018392081	0.117683124	0.0544214313	-0.115733008	0.0918052231	-0.0261162383	0.0118539487	-0.1166937145	-0.1196661151	-0.017971556	-0.0195091107	-0.0805762374	0.0136726778	0.1254995705	-0.0537883041	0.103281022	0.0068222453	-0.0111012568	-0.0568590976	-0.0804480721	0.0588198564	0.0317591541	-0.0289330007	0.2050114614	0.0116046509	0.0563514403	0.0320102702	0.0444029946	-0.1408006619	0.0573660273	0.0784209844	0.1070380366	-0.1138224129	0.1112574103	0.0209685654	0.1448493583	0.0033640837	-0.091478879	0.0094992028	-0.0210710616	-0.0405685786	0.0266063386	-0.075719844	0.096998321	-0.0717308277	0.0698728945	-0.2061317438	-0.1311520527	0.1153906353	-0.0433500145	0.0747959378	0.1248008692	0.1242598748	0.0020673405	-0.0917699784	-0.1102865771	0.0521720744	0.0628075985	0.0714373176	-0.0402807698	0.0130357072	-0.1638339074	0.0827015969	-0.0485233225	-0.0838681865	0.0247638015	-0.0928638939	-0.0792476285	0.0802327325	-0.0007505137	0.0556803848	-0.0219964607	-0.0637920051	0.1163296002	0.1409553013	-0.0932579734	-0.1961083924	-0.0200695825	-0.0459451366	0.0047364757	0.0377996731	0.0178667427	0.079811156	0.0034615005	-0.0084690324	0.0095427909	0.0612237711	-0.0555098464	-0.118496684	-0.00032535	-0.000871187	1.0585262250000001e-07	7.58966788969e-07	0.0507841	-0.0044339	0.00257902481281	1.965946921000004e-05	0.0750962	0.0253608	0.00064317017664	0.00563943925444	-0.001411	-3.88299999999999e-05	1.507768899999992e-09	1.990921e-06	0.000252178	-0.000124366	1.5466901955999997e-08	6.359374368399999e-08	-0.000172443	0.0	2.9736588249e-08	0.0	0.0
630.1738636919328	-1.4013532550533228	397119.0984804186	1.9637909454485432	867.0727588786394	9.322675316778032	751815.1691894152	86.91227506206238	598.5993724610564	-0.7202379641527159	358321.20871077053	0.5187427250068489	617.3211000152452	612.7838727751457	1.232061	54.421329	0.06384257	0.0335993	0.1212320513	-0.0590273478	-0.0631429546	0.1250276165	-0.0217404952	0.0032684227	0.1017245571	0.1706016332	-0.0398689651	0.0682815755	-0.069809513	0.0429130402	-0.0555908147	-0.2314114507	0.1001676526	0.0515896669	-0.0200165311	0.1293796228	0.0544016995	0.0289084714	-0.0088812308	-0.1135960017	0.0216163246	-0.0336089593	0.0042125046	-0.0838656839	0.2234860543	-0.0469948473	0.0592706649	-0.0530973709	-0.1318122751	0.1709938132	-0.0977133548	0.0570633738	0.0183817969	0.0130183957	-0.1263288217	0.1340321853	-0.0243623677	0.1174491526	0.0027414882	-0.0644215463	-0.0347021827	0.0553875624	0.0262880893	-0.1218502911	0.0929275786	-0.0628345852	-0.0714942314	-0.1333461957	-0.0394576459	-0.1099886325	-0.0883498343	-0.0067836509	-0.1465355936	0.0111433587	-0.002535415	-0.0163092699	-0.0114949459	-0.0399865029	0.0758252638	0.0182168547	0.0506545243	0.0819176843	0.1216446201	-0.1526205645	0.0501557699	-0.0166837497	0.0884771228	-0.1182759984	-0.0325023772	-0.081256657	0.0805700787	0.1046129177	-0.1218318217	-0.033879651	0.1721756842	-0.0329086495	0.1115864992	-0.0693058754	-0.0466628152	-0.1219939432	-0.0521383606	0.0302829006	-0.0485666385	0.1142544873	-0.0841081667	0.2774127958	0.0014279089	0.1345748269	0.0257251799	0.0203697682	0.0191475204	-0.1441459325	-0.0553685941	-0.1232994206	0.1462058296	0.0738791004	0.1373614669	-0.0595169803	0.0786355345	0.0236750288	-0.0612888007	0.1584146671	0.0186616102	-0.1873348007	0.1440014521	-0.0358802985	0.0072729509	-0.0089688474	-0.0118102017	-0.1912430903	0.0454992457	-0.0706433203	-0.0013298292	0.0695897299	0.0023586495	-0.0218577268	0.0435223635	0.0760148085	-0.0099001091	0.0875636345	-0.0245024305	0.0367361954	-0.0458153642	0.0520731382	0.0112547281	-0.153481632	-0.0391071174	0.0235933678	-0.084256433	-0.0463308997	-0.0478586816	-0.0918408876	-0.1335794092	-0.0535820474	-0.0206484431	0.1589568169	-0.0041344003	-0.0087454844	-0.1818902378	-0.0105455367	-0.0055628505	-0.0052347453	0.052599704	0.048544614	-0.0737701428	0.1324598535	-0.0425317434	-0.1835987896	0.1244024208	0.0431988569	-0.011422612	0.0389822464	0.0504156243	-0.0864279753	0.0443303012	-0.0002908351	-0.0337671975	0.2044830658	-0.0720641793	-0.0517329823	0.0607545904	-0.1104043714	0.0767422253	-0.0286145432	-0.0029640735	0.0629435325	0.1269098133	0.0851986754	0.1409368254	0.1486037504	-0.0427682133	0.0053894901	-0.1293680822	-0.0329539822	-0.015700171	-0.0652651853	0.0660736059	0.044520529	-0.0474288358	0.1188327459	0.0575249265	0.0228410651	0.0589597043	-0.0600954145	-0.1186709048	0.00155512	0.00188047	2.4183982143999995e-06	3.5361674209e-06	0.0383455	-0.0124386	0.0014703773702499	0.00015471876996	0.052434	-0.0226622	0.00051357530884	0.002749324356	-0.00107582	0.00033518	1.1234563240000001e-07	1.1573886723999998e-06	0.000454224	0.000202046	4.0822586116e-08	2.0631944217600002e-07	-0.000172443	0.0	2.9736588249e-08	0.0	0.0
629.3209912047446	-0.852872487188165	396044.9099709222	0.7273914794025267	857.331049239007	-9.741709639632404	735016.5279892567	94.90090670290692	597.8937407305721	-0.705631730484356	357476.92520479654	0.4979161390663468	616.3565007742488	639.7840750534904	1.191559	52.632324	0.04735906	0.0266473	-0.0362917746	0.0949105264	0.0106144356	-0.0597363205	-0.1658592437	-0.1523384695	-0.0155761004	-0.0262419369	-0.1531072943	-0.0083538528	0.0818271932	0.0741063333	0.0928858308	0.1484228764	0.2060594563	-0.0594813556	-0.0578829248	-0.0042818468	0.022335911	-0.0476680878	0.1427011803	0.0078171987	-0.0259198825	0.1327624383	0.0483913588	0.0266915635	0.032109256	0.1080597925	0.1136359461	-0.1023148391	-0.0333717598	-0.114020223	0.0281113462	-0.0565595374	0.0758554247	-0.1353860177	0.0479726404	-0.0648076002	0.1406710767	-0.0830997874	0.0984529068	0.0043665757	0.0091936333	-0.0588296034	0.0201861468	-0.0302811607	-0.0763589228	0.029243849	-0.0037733928	-0.1040792369	-0.0090138997	-0.112315043	0.1244847957	0.0410745705	0.0094936891	0.0197450078	-0.0357114338	0.0209329783	-0.0334138351	0.062417209	-0.0937130151	-0.0823174596	-0.0178781993	-0.1481740364	0.0953600251	0.0752366147	-0.0696469176	0.0806418705	0.0808626147	0.04065059	-0.0212415439	0.060263492	-0.103714428	-0.0325379809	-0.0698380596	0.0293615062	0.0478606422	0.0544487221	0.0310615987	-0.0608623081	-0.1882169583	-0.0169698954	-0.1437253882	0.0058747997	-0.0379310573	-0.0782932579	-0.0983405634	-0.0094166518	-0.0152039996	-0.0243715649	0.0165220044	-0.0645040264	0.0834858144	-0.0748838886	-0.0965788449	-0.1748473349	-0.173088678	0.0443957466	0.0912234761	0.049554336	-0.1269266218	0.0492260714	0.0567153469	0.0734579861	-0.0629999885	0.1425970975	0.0249676943	-0.0228655321	-0.0090788026	-0.0029610878	0.1005377559	0.0364076296	0.1484153077	-0.0552627159	-0.0500543465	-0.0980299963	0.0279369014	0.1123799017	0.0471846753	-0.0269678623	0.011499367	-0.0621935556	0.059415337	0.0097159025	0.0485617152	0.0167595913	-0.0547021299	-0.0275975549	0.1264326344	-0.0878168102	-0.0594461085	0.0138598918	0.0382275687	0.0535128588	-0.0654061718	0.022521193	-0.0501180459	0.0704611784	0.0933244669	0.0317983795	-0.1171320023	0.1120196558	-0.0022968167	0.0793873824	-0.0264100774	0.1645044616	-0.0865236109	0.0154746493	-0.0342935631	0.1197680839	-0.0015296713	0.1290248365	0.0680649636	0.0013720109	0.0204226103	0.0678877991	-0.2294533637	0.0986402883	0.0760698697	0.0635299493	0.0149093882	0.1184150593	-0.0252146846	0.0159717828	-0.061223624	0.0910743127	-0.1383447695	-0.0277859219	0.061991441	0.0209307101	0.1204672574	-0.0600734983	-0.0097618802	-0.0478131447	-0.0588472674	0.1135444232	-0.0364541728	0.0170187565	-0.0377887962	-0.1157867119	-0.0079684905	0.0324859102	0.0608086922	0.0077904578	0.05666678	-0.0645633431	-0.1183225485	-0.00469444	-0.00624956	2.20377669136e-05	3.905700019360001e-05	0.0579528	0.0196073	0.00335852702784	0.00038444621329	0.0518351	-0.0005988999999999	3.5868120999999934e-07	0.00268687759201	-0.00146688	-0.00039106	1.5292792360000015e-07	2.1517369344000003e-06	0.000427218	-2.7005999999999992e-05	7.293240359999994e-10	1.82515219524e-07	-0.000172443	0.0	2.9736588249e-08	0.0	0.0
629.8170885010703	0.4960972963257291	396669.56496796507	0.2461125274216982	861.1172997028916	3.786250463884585	741523.0038475996	14.335692575266236	597.3152303711533	-0.5785103594187149	356785.484433344	0.3346742359547706	615.5859198342334	642.4316221031262	1.153487	50.950634	0.03468401	0.0175105	-0.0892943169	-0.0773496697	0.0917210904	-0.020193256	-0.0136657239	-0.0391225755	-0.1092270706	-0.0199779634	-0.0953923533	-0.0780071545	-0.0875081224	0.1144917465	0.0238315286	0.200537692	0.0712546176	0.1274692465	-0.0357668709	-0.0075267317	0.0882219829	0.105834128	-0.0450710502	-0.0141350673	0.0351275833	0.0626376389	0.0192624008	-0.0581913773	-0.0929619653	-0.1868161477	0.0512653294	0.1930232839	0.0351511638	-0.0036260652	-0.1226585129	0.0880720791	0.0962924104	-0.0440554969	0.138557364	-0.0196933671	-0.0781190146	-0.0123638222	0.0930804591	0.0093620415	-0.0182149164	-0.0176112422	0.1183511123	-0.0313674207	-0.0631079248	-0.0613797073	0.1185036755	0.1102651119	0.0301710756	-0.0065079139	-0.0226976474	0.1468626224	-0.0951181005	0.098664288	0.0964227432	-0.099727403	-0.1340194772	-0.0230874896	0.0077181459	-0.1032810981	-0.0451153943	0.0518950983	0.0020621994	0.0550118236	-0.0594632587	-0.096697818	0.2539005434	-0.0259152758	-0.004970963	0.1761331465	-0.0390941355	0.0109353919	0.0070898937	0.0921788283	-0.0341951447	-0.0743549962	0.049109025	-0.0078989152	-0.0405664348	0.0879059604	0.0453115325	0.008022253	-0.0217423156	0.1516884451	0.0507546362	-0.0534641255	-0.0229126262	0.0918907363	-0.0681017663	0.0085997929	-0.0064629688	-0.0967809183	0.1184554342	0.0425430496	-0.1615468196	0.0661659435	-0.0038077288	0.0862725472	0.0720395591	-0.0502079626	-0.0490881022	-0.0183193464	-0.0172005079	0.1510338255	0.03012311	0.1438247175	-0.014238586	0.0006513066	-0.020891108	-0.0188561394	0.0657944719	0.056715128	-0.0002736636	-0.0054091352	-0.1901102516	-0.0183663126	0.0969237598	0.0410329974	-0.0147312051	-0.0615602756	0.1120424016	0.0025685878	0.1057860551	0.1126624457	0.078440858	-0.1465555366	-0.0042650393	-0.0018326058	-0.00032509	0.0105868704	0.0200739417	0.1233839892	-0.1100972527	-0.0213061427	0.0512726883	0.0888060502	-0.1234769955	0.0455970132	0.0480237399	0.1990640746	0.1000625475	-0.0002071817	-0.0561799517	-0.050246169	-0.051882188	-0.1202432236	-0.0862502529	-0.0181497096	-0.1336657852	0.04762643	-0.0756757281	-0.1435902781	0.0342003769	0.1006674891	0.0798167407	-0.0062170873	-0.0419052033	0.1923945636	0.0475325613	-0.074430074	-0.0929056724	0.0366627394	-0.0731591348	-0.0910702874	-0.1802829532	-0.0675175055	-0.0842680361	-0.0643496947	0.0236064617	-0.0301708516	-0.0066737273	-0.1075196142	-0.1001278361	-0.0129005544	0.0677468425	0.0482117819	-0.0284645733	-0.1909877667	-0.1007674545	0.0814450608	-0.0775065592	0.0117196905	0.0543461203	-0.0689048858	-0.117453149	-0.0119979	-0.00730346	0.00014394960441	5.334052797160001e-05	0.0440072	-0.0139455999999999	0.00193663365184	0.0001944797593599	0.044898	-0.0069371	4.812335641000002e-05	0.002015830404	-0.00137502	9.186000000000005e-05	8.438259600000006e-09	1.8906800004e-06	0.000389121	-3.809700000000001e-05	1.451381409000001e-09	1.5141515264099997e-07	-0.000172443	0.0	2.9736588249e-08	0.0	0.0
630.1791710454429	0.3620825443725834	397125.7876195216	0.1311037689393238	848.245464033942	-12.871835668949643	719520.3672541576	165.6841534884443	597.35976438534	0.0445340141866381	356838.6881065089	0.0019832784195756	614.5977636751662	576.2381405557245	1.213315	53.593315	0.14753475	0.0853301999999999	0.094723082	-0.1131678604	-0.0843107772	-0.0624173362	-0.0330947626	0.2086355502	-0.0058935099	-0.1711092636	0.0276473672	0.1060861726	-0.0730112396	-0.0718853515	0.0923852743	0.0653115141	-0.1257367292	-0.0344746268	0.1013063746	-0.1179264471	0.0190039999	0.0673071674	0.2285450092	0.0420003229	0.0117055831	-0.0991744433	-0.0649546535	-0.0224544332	-0.1043992451	-0.0185101411	0.0933642588	-0.0590705606	-0.0845643048	0.0525842065	0.1119283566	0.0312973639	-0.037686116	-0.0730724005	-0.0822430441	0.0845334603	-0.0649351666	0.076756189	-0.0518462626	0.0919731085	0.135770551	-0.0968795951	0.114142557	0.05456103	0.0395182382	0.0972060419	-0.0592150819	-0.0179692546	0.1005948557	0.0632841248	0.0124718779	-0.1004986002	0.169577151	-0.2038273618	-0.0691347278	0.1457132281	-0.0175811236	0.0384016389	0.1099889017	0.1354579926	-0.1963059146	-0.0156375118	-0.1616934451	0.0212981071	-0.0806387943	-0.0213686123	-0.0071516249	-0.0267816389	-0.0951458172	0.0624649313	-0.0336028684	-0.0163254527	-0.0637295408	-0.0327333294	0.0016175563	-0.0766413109	0.0398258753	-0.1371269121	0.0102957808	0.029623056	0.1125900526	-0.1310310449	0.0801112664	0.0359183218	0.0136739913	0.0331038851	0.1021185913	-0.0311422462	0.0527608448	-0.0854276453	0.0121662781	-0.1178331719	-0.019813295	-0.1049467582	0.0142393182	0.0146463024	-0.1381135275	-0.0908957343	0.1090228645	0.0905410717	-0.1065915317	-0.0982914217	0.0300161584	0.1155144497	-0.145769656	0.0770726442	-0.0099214803	0.0014624012	0.1573525847	-0.0007204131	-0.1828801458	-0.0519623624	0.083254999	-0.101283089	0.1581633116	0.0452595651	0.0449841954	-0.1696113557	0.0340728203	0.0732656263	-0.0815836979	0.084165663	-0.0901290598	0.0351349241	-0.1237321767	0.0726023035	-0.1054070861	0.0760500803	-0.0441128724	-0.0471455746	0.0494190195	0.1179129331	-0.0088173959	-0.1357687104	0.0600123083	0.0272391583	0.0279450648	0.109004423	0.0620114651	0.0354338442	-0.1736624597	0.0570848355	-0.0130684622	0.0030936101	-0.0546176755	-0.078708053	0.0762551627	-0.1380254376	0.0329308166	0.0860125474	-0.0115035871	-0.0386591269	0.0477722348	-0.1338196425	0.101960339	0.0340306458	0.1173365068	-0.0137470088	-0.1283660396	-0.0106110035	0.049819185	-0.0354783452	0.0596911619	-0.1035460658	-0.0657733577	-0.0350331553	-0.1772740325	-0.2671764161	-0.0376757812	-0.0423053147	-0.1312976573	-0.0713372913	-0.0715428297	0.0866638104	-0.1562967617	0.0370512413	0.1911067445	0.0007162771	0.0633651424	-0.0727077425	-0.0175973148	0.0671471423	0.051998861	-0.073111544	-0.116066535	-0.00467136	0.00732654	2.18216042496e-05	5.3678188371600006e-05	0.0213093	-0.0226979	0.0004540862664899	0.00051519466441	0.0137721	-0.0311258999999999	0.0009688216508099	0.00018967073841	5.70882e-05	0.0014321082	2.05093389650724e-06	3.25906257924e-09	0.000175193	-0.0002139279999999	4.576518918399999e-08	3.0692587249e-08	-0.000254095	-8.165200000000004e-05	6.456426902500001e-08	6.667049104000006e-09	0.0
633.4201147020228	3.2409436565799297	401221.04170912376	10.503715785125683	860.8973495332483	12.651885499306331	741144.2464333719	160.07020668755783	598.5960497159564	1.236285330616397	358317.2307355477	1.528401418697294	616.7769716416386	656.7471068714963	1.190549	52.587719	0.21969515	0.116217	0.0853309694	0.0714706024	0.0962961472	0.0291047126	0.0945343248	-0.1227142254	-0.1293745129	-0.121248371	0.0264289618	0.1536925276	0.0519739709	-0.1237654122	0.05417478	0.0746251498	-0.0463835306	-0.1004780326	0.0494910464	0.0930355098	-0.0396618842	0.0886774236	-0.1062730895	-0.0238200977	-0.1304845722	-0.0309708793	-0.0083178349	-0.0141695232	0.0541171972	-0.02790717	0.1481632983	-0.0738751444	0.0658508394	-0.1094363046	0.071708322	0.0534443043	0.033419984	-0.1779497878	-0.0969272328	0.0648184178	0.0082011886	0.0282242456	-0.0640994757	0.0092139319	0.089837768	-0.1649658065	0.1094725513	-0.0091375656	-0.0421358493	0.0536860995	-0.1065095564	0.0209066797	0.0635054179	-0.1174767687	-0.0082343356	-0.0203930891	-0.0165502185	-0.0347909291	-0.1403629756	-0.2477269703	0.1164775325	0.1258171298	-0.0436377372	-0.0111180911	-0.023851775	-0.0213822242	-0.0776824371	0.0468076068	-0.0158806647	0.0772932487	0.0087394304	-0.0086346301	-0.014878149	-0.0117336696	-0.0254852193	0.1654864272	0.0475558691	-0.039818943	0.0045962349	-0.0394745995	0.1705139894	0.0517347187	0.0094607824	-0.1358428783	-0.1505024288	-0.0934333727	-0.0781305727	-0.0364902889	-0.0216897656	-0.1073518489	0.0775907377	-0.0098910732	0.1178282307	-0.1696600964	0.0953649379	0.1161297775	0.0763275384	0.1164878719	-0.1152823038	0.1030207987	0.052508584	-0.1494923867	-0.0249895559	0.064393794	0.0071556388	-0.124765321	-0.1318297784	0.0869833605	-0.0444100078	0.0263139889	0.0368928767	0.060788665	0.1693758033	-0.0812976197	0.0441256549	-0.0086751878	0.0346391042	0.1426167487	0.1371595187	0.0821312896	-0.0342791818	0.1344020142	0.0621031337	0.0167008672	-0.0125193938	-0.1197155081	0.0359968128	0.077923322	-0.1169142804	-0.0488795151	0.0372354283	-0.069784988	0.0153783596	0.2277847119	-0.0567734254	-0.1185834307	-0.0388054863	-0.1067945078	-0.1023754487	-0.0070800878	-0.0291730141	-0.0884353487	0.0663598729	-0.0448515246	0.0239960204	-0.059912528	-0.1195415678	0.1028135986	0.0294533986	0.0504317892	-0.0347910779	0.0974531174	-0.0421437117	-0.0254410312	-0.153387501	-0.0394384384	-0.1426337722	0.067716183	0.0707632269	0.1361219115	0.0605123878	-0.0032264054	0.0575876949	0.049432543	-0.0324250413	0.1359286929	0.1490308524	0.0021729303	-0.0544045476	0.0577226826	-0.0613453489	-0.1320239923	-0.0024551627	-0.0942783679	-0.1542254948	-0.0989336704	-0.0801668116	0.0011682548	0.2081444426	0.1348501159	0.0688861653	0.0600252644	-0.0432264152	0.037328287	0.0472979715	0.0104414013	0.0496261511	-0.077175083	-0.1141688124	-0.020025	-0.01535364	0.000401000625	0.0002357342612496	0.056162	0.0348527	0.0031541702439999	0.00121471069729	0.0552389	0.0414668	0.00171949550224	0.00305133607321	-0.00182536	-0.0018824482	3.54361122568324e-06	3.3319391296e-06	0.000633418	0.0004582249999999	2.0997015062499997e-07	4.01218362724e-07	-0.000473862	-0.000219767	2.2454519504400002e-07	4.8297534289e-08	0.0
633.8166741286133	0.3965594265904428	401723.5764034568	0.1572593788177408	857.1580476063365	-3.739301926911821	734719.9185763065	13.98237890060646	599.7143017789206	1.1182520629641886	359657.2437581782	1.2504876763236634	618.1050962176985	687.7978365524975	1.13834	50.28159	0.0862268499999999	0.0432069	-0.0462416897	0.1614400427	0.1930768015	0.0106972958	-0.0108713076	0.0991191942	0.2045023983	-0.0172773794	0.0808617368	-0.0200999864	0.1016593877	-0.0258797005	-0.0376533763	-0.0494320606	-0.0284500621	-0.0524588515	-0.0461984867	-0.0943517711	0.0729423346	0.0983510989	-0.0042848747	-0.2281830945	0.055428065	-0.0816600556	0.1142761393	0.0355082858	-0.0570413455	0.0371711998	0.0108405692	-0.0606149739	-0.0448628441	-0.0745559409	0.0088696387	-0.0250493475	-0.0418439782	-0.0683552279	0.0677836706	0.0808912663	-0.0523958976	-0.1520057497	0.1252561731	0.0300599469	-0.0757439558	-0.0678656893	-0.1484134484	0.024477106	0.0797008602	0.1243507507	-0.0003898459	0.010969772	-0.0985663628	0.0089784431	0.010955417	-0.0167349012	0.199695413	0.0083780256	-0.0848962044	0.016341473	-0.1070468788	0.0052452556	-0.0962426103	-0.0088454447	0.0063281722	-0.0932401182	0.097805195	-0.0203175309	-0.0499519674	0.1752820973	0.0079384939	-0.0202222281	0.1224931395	-0.0499207468	-0.0312550188	0.0150197368	-0.2083711775	0.0538894979	-0.1144681148	-0.2013487767	0.1587580166	0.0523106301	-0.0395253774	-0.0225871077	0.0181178498	0.0401399066	0.0745864238	0.0734929856	0.0911834963	0.045903597	-0.1493041576	-0.0171004159	0.0947040255	0.0426677469	0.0517248179	0.0107629994	0.1238735097	-0.0077130159	-0.0491100788	0.0020405602	0.1048035405	-0.002120201	-0.0789980139	-0.1466819287	-0.0399460533	-0.0116817379	-0.0074810475	0.0149740428	-0.1346504523	-0.1301076959	0.1259919006	0.0138475032	0.0247718027	0.0835197871	0.0479925422	-0.0033284537	0.0017741054	0.0895235807	0.0057825818	0.1312478147	-0.1199623393	-0.1015275147	-0.0762978397	-0.0321606786	-0.0169709596	0.0886121891	0.0445694918	-0.0004571042	0.0461645808	0.100716507	-0.0507345612	0.0176078492	-0.120539689	0.0169464373	-0.0177335764	0.0225101266	0.0768477885	0.0750770554	-0.1040062762	0.225135428	-0.0691821215	0.0699237017	-0.1198488692	0.0725013947	0.0391558772	-0.1027371186	0.2059885987	0.0716892364	-0.1064312237	0.0368538703	-0.0776722246	-0.0182787893	-0.0173332893	-0.1822930177	0.1683859551	-0.0633733055	-0.0753578263	0.0401179061	0.077459397	0.1247035761	0.0119283714	0.0511264174	-0.0384940005	-0.1290074653	0.0250632611	0.1273174134	-0.0383562222	0.0797541658	-0.0494813394	-0.0160827643	0.0886861556	-0.043976571	-0.0021883148	-0.1490139296	-0.0475597588	-0.0886747695	-0.1618150741	0.0405213089	0.0940077854	0.0574674078	0.0798658291	0.0508919353	0.1670660258	0.0614284096	-0.2024326879	0.0239331552	0.0472291519	-0.081087548	-0.111768338	-0.0224942	-0.0024691999999999	0.00050598903364	6.096948639999989e-06	0.027519	-0.028643	0.0007572953609999	0.0008204214489999	0.0290174	-0.0262215	0.00068756706225	0.00084200950276	-0.00147946	0.0003459	1.196468100000001e-07	2.1888018916e-06	0.000476131	-0.0001572869999999	2.4739200368999982e-08	2.2670072916100006e-07	-0.000399186	7.467600000000003e-05	1.59349462596e-07	5.576504976000004e-09	0.0
632.5689620680924	-1.2477120605208256	400143.49177190376	1.5567853859691243	863.8657639352149	6.707716328878405	746264.0580993724	44.99345834870199	599.1945822517016	-0.5197195272189674	359034.1473997912	0.270108386972707	617.645165337386	690.693352794834	1.138108	50.271324	0.03600215	0.0182922	-0.1280788556	-0.0056016574	0.226804678	0.0187367339	0.1173541029	0.0439884559	0.1447868417	-0.1838545077	-0.0744358116	-0.0813921688	-0.0152451927	-0.1178012788	0.1079420233	-0.0422453378	0.0294145582	-0.0320925625	0.1731203053	0.0279464809	0.086779143	0.0518504081	0.0517459152	0.0746409929	0.0245985656	-0.0073624816	0.008073042	-0.0199504227	0.077758571	-0.0628813372	-0.0448469506	-0.0454907065	-0.0660924274	-0.0627974366	-0.0484399932	-0.0987454701	0.1923991529	0.0153941437	-0.0236232274	-0.0719774214	0.0885630504	0.0866573852	0.0818624273	-0.082638867	-0.0543445721	0.0898249102	-0.007961225	-0.0033376914	0.0704852403	-0.0779022732	-0.0861302579	0.0665489416	0.086824853	-0.0705919857	0.0622146716	-0.082443929	0.0720551335	0.0675052304	-0.0267869455	-0.1411617593	0.0431013724	0.1148013139	-0.065519082	0.0178986112	0.0035146331	0.0784374304	-0.0346541656	0.1247844408	0.1136152845	0.1171720454	-0.0945026023	-0.0520816591	0.0614180415	0.1147014639	-0.0970694762	0.0244325179	-0.0645800237	0.0462768509	-0.1819725556	0.045317964	0.115567496	0.1573784482	-0.0750842902	-0.129981273	0.0502028111	0.0361921498	-0.0674736046	-0.0933953069	0.056805654	-0.061719865	-0.0940874907	-0.1147413619	-0.0286432242	0.0232487445	0.0530924647	-0.0258347571	-0.0622772533	0.0581794469	0.0067818942	-0.0419514799	-0.061427901	0.1099137939	-0.0172147011	0.121530605	0.0280442372	0.0287316591	-0.0440013422	-0.0431468247	0.0202661958	-0.0696720181	0.0622386073	-0.1398767636	0.0166333318	0.0416164797	-0.1134943604	0.1298185207	0.1098008953	0.0690612284	0.0933933023	0.0634362025	0.0070779918	0.1569093708	-0.0342936282	-0.0134355967	-0.0431203217	0.00575075	0.0315350638	0.0101892108	-0.005136048	0.0304695968	0.003188869	-0.0591215675	0.0764765909	0.0973262936	0.0441030723	-0.0923276393	0.1525685349	-0.048064108	-0.1256865998	0.0663779802	-0.0592463103	0.0021232823	-0.022504744	0.083520759	0.1271939457	0.0191491675	0.1569992346	0.0062492798	-0.0390058552	-0.1021840274	-0.1434220373	0.0358180356	-0.0616849513	0.0714175025	-0.0886537893	0.0998279205	-0.002459967	-0.017768777	-0.0551275076	-0.045709202	0.0304476162	-0.1867697614	-0.0532982747	0.0893776585	0.0505776271	0.0981695008	-0.0976223662	-0.1105274288	-0.089085033	0.0033502162	0.0573222324	-0.0325366833	0.0601797656	0.0115716351	-0.0066780582	-0.0545224246	-0.159693953	-0.0782969628	0.1879216033	0.1565839046	0.0147085845	0.0747776805	0.1193831659	0.0243802371	-0.1685572505	0.1002182708	0.0448090364	-0.0848412804	-0.1088756826	-0.0118152	0.010679	0.0001395989510399	0.0001140410409999	0.0276988	0.0001798	0.0007672235214399	3.2328040000000294e-08	0.034828	0.0058105999999999	3.376307235999999e-05	0.0012129895839999	-0.00163126	-0.0001518	2.3043240000000037e-08	2.6610091876e-06	0.00037121	-0.000104921	1.1008416241000002e-08	1.377968641e-07	-0.000269252	0.000129934	7.2496639504e-08	1.6882844356000003e-08	0.0
630.9030300885848	-1.6659319795076044	398038.6333749578	2.775329360346125	859.8135835440484	-4.05218039116653	739279.3984468583	16.420165922554535	598.8606265909132	-0.3339556607884333	358634.05008086114	0.1115263833726391	617.129980107	626.1644140441986	1.166818	51.539482	0.1052683	0.065819	0.0352356959	-0.1268504123	0.0304757433	-0.0083326105	-0.0218808351	-0.1483606727	-0.0229110112	0.1157136344	0.0751424956	0.0180391925	-0.1356940568	0.0827967604	-0.0586696305	0.0792563133	0.0009683123	-0.0660207525	-0.0278455672	0.1195242771	-0.0422991132	-0.0637423492	-0.0189843978	0.0570830847	0.0076619019	-0.0101359306	0.148780935	-0.0896091819	0.0126074997	0.0650247242	-0.0856498595	0.0281893605	0.0491417854	-0.109336294	0.0198095751	0.0587626332	-0.0366630722	-0.1520576287	-0.1058776521	-0.0837581779	-0.1293606615	0.0264962312	-0.0058102598	-0.0575452484	0.0854252631	0.0964045631	0.026293257	0.1217844253	0.0744753847	-0.031852241	-0.0418377362	-0.0543968708	0.0215353632	-0.0524252714	-0.0670015383	0.0363150561	0.0386782326	-0.1307295913	0.1311295971	-0.0196822797	-0.0460715801	0.0650404404	-0.0870209007	0.1037639817	0.0792686498	-0.0118504493	0.1437966095	0.0168842352	-0.1085090132	-0.1070341818	-0.1146949642	0.08297855	0.1513007507	0.1535853331	0.0320376923	-0.1353210547	-0.1279314685	0.0122358821	-0.0514761495	0.0733690512	-0.0672940641	0.1007377792	0.1591652421	-0.0644452587	-0.0658019524	0.0775730596	-0.0782918784	0.0833274177	0.0623032313	0.1140250689	0.1555652679	-0.0736839879	0.0836684369	-0.0084974144	0.1015383369	-0.0286769584	0.088467722	0.1098804654	-0.0381453675	-0.0356232374	-0.1291805759	0.0208238321	0.0984396765	-0.0280672316	0.1127363599	0.0277360274	-0.0090635426	0.0089899619	0.0677151912	-0.0560059556	-0.1243657141	0.0020074038	0.0616481615	0.0394541495	-0.0480222036	-0.0094495109	-0.0422264119	0.0758331366	-0.0660826233	0.0378832677	0.1308416481	-0.0171507763	0.1015398392	-0.0294953579	-0.1651455312	-0.0653284977	0.0109323276	-0.061289791	0.0341999775	0.0475819752	-0.1038838092	-0.0671099481	-0.0823295168	0.0180636311	0.2336162995	-0.0045432413	0.13601982	0.1990950637	0.0223290897	-0.185093255	0.0107621509	0.0797090369	-0.0215564527	0.0072903203	0.1252924846	-0.1189296643	0.0465085019	-0.1139777343	-0.1872824609	0.0840897811	0.0458537241	-0.0003058988	-0.0408151267	0.08175852	-0.1240835845	-0.0257139139	0.0113112167	-0.0755147546	0.04696269	0.0829747075	0.0984123372	-0.0533295922	0.103254317	0.009558345	-0.0573407827	0.0245742387	0.0501058146	-0.126529867	-0.0984375752	-0.0120130471	-0.0156029726	0.0024747809	0.0197931606	-0.0331847473	-0.0230800075	0.0095309526	-0.051539864	-0.062228779	-0.0419986846	0.1176203653	0.2068892193	0.0892766811	0.1140277942	0.0594276033	0.0346093541	0.0747180606	0.0423669894	-0.0884289321	-0.1055035841	-0.0107032	0.001112	0.0001145584902399	1.2365440000000003e-06	0.0794872999999999	0.0517884999999999	0.0063182308612899	0.0026820487322499	0.0742864	0.0394584	0.00155696533056	0.00551846922496	-0.00186436	-0.0002330999999999	5.433560999999999e-08	3.4758382096000003e-06	0.00037986	8.649999999999966e-06	7.482249999999942e-11	1.442936196e-07	-0.000252814	1.6437999999999967e-05	6.391491859600001e-08	2.7020784399999893e-10	0.0
631.4544189048291	0.5513888162442981	398734.6831544354	0.3040296266792884	858.0327063022892	-1.7808772417591854	736220.1250844304	3.171523750215804	598.628050915788	-0.2325756751251901	358355.5433432353	0.054091444659938	616.9129595522242	627.8586267254567	1.151274	50.852886	0.10760565	0.0523124	0.1140844819	0.0494854861	0.0282685846	0.0125522432	0.0757109134	0.0644021146	-0.0803123706	0.0570861291	-0.1024473645	0.0984790836	0.0192085429	-0.0533571735	-0.0609236717	-0.0662513292	-0.0501810951	0.0551607918	0.0500361558	-0.1385941798	0.0303888472	-0.0026272892	0.0410725868	-0.0154707391	-0.0886503055	0.0587279322	0.1239304889	-0.061153808	0.0163253605	0.0423307412	0.074936002	-0.1732919891	0.0670641572	0.0078769329	-0.1813695367	0.0525589082	0.0131469325	-0.03621774	-0.0613194153	0.1227886287	-0.1252140391	-0.0472887252	0.0192590898	-0.00309614	-0.0419086211	-0.174556707	-0.0890930323	-0.006763634	0.0620091317	0.0401278707	0.0422584192	0.0987298166	-0.0632818783	-0.0035015111	0.0773229952	-0.0608963996	0.0362452182	-0.0529220663	-0.017188614	0.0189030328	0.0100792771	-0.0092255288	-0.0808690736	-0.0408622081	0.0424321057	-0.0316930433	0.033479582	-0.0288043746	0.0570061057	-0.0536446634	0.0448735373	0.2508313644	-0.1130644825	0.0043394827	-0.010285261	-0.0595303366	0.0091235203	-0.1654013526	0.1699008039	0.0132252444	0.0197101803	0.0491389872	-0.0111928494	-0.1050094014	-0.0668863618	0.0916899331	0.0534305724	-0.1444528805	0.0172340942	-0.1465392231	0.0096651547	-0.0814119662	-0.0733171843	0.0061432578	-0.0522450652	0.0594476217	0.0190568032	-0.0551725129	0.0069402184	-0.0931277499	0.0163187361	-0.1288807694	0.0283816607	-0.0967954232	-0.0636214162	0.0010869793	-0.0133178687	-0.0446084412	-0.116162175	-0.0170657737	0.1357330334	-0.0006734046	0.0910814384	-0.0253952408	0.0442509012	0.0856831319	0.0715879827	-0.0598629681	0.0242283043	-0.0190842522	-0.0591996042	-0.1094545915	0.0092358963	-0.0460867552	-0.0360079678	-0.0930606334	-0.0532699478	-0.1404100268	0.0950581452	0.0614297062	0.059927909	-0.0251242166	-0.0055941525	0.000805652	-0.0589218831	-0.0830047703	-0.1584142627	0.0074142723	-0.13027694	-0.138247794	0.1456832663	0.0696923479	-0.0483584832	0.0775204727	0.0593444869	-0.0949734726	-0.0613570909	-0.0610219454	-0.0152361728	0.1147435284	-0.0289846082	0.1179644833	0.0847611431	-0.051725248	0.0595126575	0.021347238	0.0255647568	0.0665440168	-0.0368066073	0.0057662492	0.0382481041	0.0285997498	-0.0108899219	-0.1354268009	0.0255903439	0.0050347321	0.0991774723	0.0421779363	-0.0900367577	0.0371093722	-0.0353561369	-0.038726715	-0.0228926914	0.0217469809	-0.0328303134	-0.0408516158	-0.0693063777	0.0805208504	0.1224139215	0.1148761127	0.1380068377	0.0650520279	0.0123104964	-0.1219150761	0.0112913371	-0.0458369659	0.039904206	-0.0918434799	-0.1016668918	-0.0150289	-0.0043257	0.00022586783521	1.871168049e-05	0.0407065	-0.0387807999999999	0.00165701914225	0.0015039504486399	0.0552796	-0.0190068	0.00036125844624	0.0030558341761599	-0.0015056	0.00035876	1.2870873760000004e-07	2.26683136e-06	0.000827978	0.000448118	2.0080974192400005e-07	6.85547568484e-07	-0.000355783	-0.0001029689999999	1.2658154308899997e-07	1.0602614960999993e-08	0.0
632.5141365371696	1.0597176323404938	400074.1329193613	1.123001460293342	863.6830745092008	5.650368206911594	745948.4531936656	31.926660873677346	598.5855771354182	-0.0424737803697325	358304.6931545418	0.0018040220188962	617.3686951042145	656.6617646279461	1.098241	48.510368	0.0386204	0.0189125	-0.0214985144	0.1481787459	0.0671005509	0.0190964942	-0.0526336953	-0.0434992182	-0.0890914615	-0.0467204724	-0.0587848808	0.0198024927	0.1180794643	0.0159266605	0.0826805178	-0.0225273139	0.074003392	-0.0395059424	-0.0495235806	0.0674758357	0.0846102048	0.0123845563	0.0168016712	-0.0833595208	-0.0185424503	0.0288236626	-0.0029310058	-0.0432540588	-0.0881538486	-0.053965028	-0.1101012508	0.0015519148	0.0760295291	0.0868480819	-0.0847803128	0.0587608092	0.1060646942	-0.0050930929	0.1064139403	-0.0115067163	0.1242602624	-0.0025858463	0.0053151895	-0.0741994467	-0.0349716907	0.0115838319	0.0196460592	0.0288993757	-0.0487228721	0.1053509693	-0.1538223738	0.0930435392	-0.069212636	0.0062877341	0.0082493095	0.031797197	-0.0046260383	-0.1679745953	0.0325550596	0.0823134339	0.0401154125	-0.0995483257	-0.1731392243	-0.0254064359	0.0270310068	0.0867433931	0.0033273623	0.0006755389	0.0886690448	0.0158649738	-0.0027606844	-0.1239921726	0.117542947	-0.0467103345	0.0540016372	0.0951462791	-0.0715988544	-0.1358751355	0.0935473949	-0.0454616042	-0.0521781316	-0.044013172	0.0482930944	0.0085593935	0.1909553164	0.0482051701	0.0129186186	-0.1646726127	0.0943503319	-0.0457903645	0.1017515529	-0.0194970585	0.0685984151	0.0411887036	0.1007088057	0.0746927297	-0.1030069537	0.0604018722	0.0882544833	0.0597426861	-0.0097019486	0.0170586159	-0.1304385475	0.0784569398	-0.0009326183	-0.0199318398	-0.0922187567	0.0167148038	-0.0042693892	-0.0585436377	-0.0002551858	-0.0683791458	0.0299727586	-0.0514115498	0.017282247	-0.0718996677	-0.0109066446	0.0665773908	-0.038899453	-0.0029037135	0.0386797459	-0.1139653792	-0.1523398228	-0.0171761215	-0.1042336529	-0.0114041654	-0.0202681926	-0.0725676563	0.0636988926	0.1603053228	0.0436857835	-0.0399544571	0.1420478797	0.0019831146	-0.0709013945	0.0432751808	-0.0464524717	-0.0750024373	-0.0004333514	0.0599601599	-0.106950409	-0.0062194308	-0.1217955771	-0.095757811	-0.142967745	-0.1312430466	-0.0075591641	-0.2339515629	-0.0039586277	-0.0115396896	-0.0093735817	-0.011243266	0.0345220162	-0.0375813378	-0.0716355082	0.0386178343	-0.0094411838	-0.0261383271	-0.163363268	0.0441579234	0.0246097415	-0.093211252	-0.0379651665	0.0610394151	0.0719781538	0.0983132859	-0.0140533527	0.0801849862	-0.0342589523	0.020365306	0.0080752806	0.058524735	0.0530373198	-0.0062988245	-0.0280248077	-0.04922248	-0.1331812014	0.0757533272	-0.0083836396	0.0444428463	0.0114188793	0.0023603476	0.1148177594	-0.0218028067	-0.0319446767	-0.0775717373	0.0374218916	-0.0950782398	-0.0973825011	-0.0156905	-0.0006616	0.00024619179025	4.3771456000000004e-07	0.0305873	-0.0101191999999999	0.00093558292129	0.0001023982086399	0.050011	-0.0052685999999999	2.775814595999998e-05	0.002501100121	-0.00165976	-0.0001541599999999	2.3765305599999996e-08	2.7548032576e-06	0.000592538	-0.00023544	5.5431993600000034e-08	3.51101281444e-07	-0.000417603	-6.182000000000003e-05	1.74392265609e-07	3.821712400000004e-09	0.0
631.0881324627878	-1.426004074381808	398272.2309353692	2.033487620153517	859.3756952849177	-4.307379224283068	738526.5856464357	18.553515781785404	598.0674102004037	-0.5181669350145057	357684.627143818	0.268496972542327	616.2957541602669	648.2806411824707	1.106277	48.865334	0.04234295	0.0214715	-0.1439599585	0.0103426519	0.0433039208	0.0209399201	0.1027716614	-0.1157577033	-0.0193508256	-0.0538029819	-0.1177643798	-0.1400816307	-0.0078442842	-0.1238257631	-0.0503012691	0.0032067678	0.0445006268	-0.0635448617	0.1087144681	0.0075834017	-0.0561825907	0.0187995034	0.056637952	-0.0065848272	-0.0804887199	0.0646657993	0.0406616429	0.0264834127	0.0411790661	0.0167339624	-0.044906543	-0.1054841626	0.0621515226	-0.0757656533	0.099170677	0.0910208386	-0.1109234689	0.2636998141	0.1426435234	-0.0826845215	0.0425305643	0.0157598502	-0.0206994373	0.0176995844	-0.0560135993	-0.0063773731	-0.0352606635	0.0300688968	0.0460397356	-0.0759903672	-0.0788500446	0.0651840456	-0.0156833196	0.0512448472	-0.0141414443	-0.0279915121	0.0475773904	-0.0382782017	-0.1138696454	0.0245177052	-0.0348024826	-0.0540424172	0.0431722652	-0.0464875121	0.0808899979	0.1478975978	-0.0345097643	0.0896622352	0.0421915776	-0.1567794171	0.1233855559	-0.062270751	0.1774389205	-0.0254865087	-0.0504192042	0.0416320461	-0.0933175439	-0.0444702562	-0.0064394733	0.0406806927	-0.1486733294	0.0467329557	0.0810294309	-0.0880584785	-0.0086810111	0.0439924605	0.0517900263	-0.1346990989	-0.090415003	-0.0342973285	-0.0106628349	0.0744376574	-0.1454650855	-0.1639942695	-0.2017955411	-0.1262366752	0.0993858979	-0.0193861574	0.0304107707	-0.0685470832	-0.1199595729	0.0996112958	-0.0227059943	0.0203306861	0.0827633193	-0.0032284636	-0.0111783428	-0.0209614484	-0.0244305453	-0.0206128013	0.0458281792	-0.0352190066	0.042920242	-0.032869878	-0.1460014136	0.0503667064	0.0153791297	0.0643625671	0.0678740138	-0.0806902414	-0.1212523944	-0.0436394808	-0.0118111977	0.0629809683	0.0022189487	-0.0213260213	-0.0070085135	0.1110366958	0.2026054642	-0.0492236312	0.0059101158	0.0536648093	0.1962452843	-0.0465285808	0.0263533546	0.0704409761	0.0629255211	0.0543505191	-0.0102410879	0.0479506406	-0.0574705511	-0.0996864058	-0.1245471912	-0.0419874186	0.0690725904	-0.0632883864	-0.1874050868	-0.0303124551	-0.0345057449	0.0271134707	-0.0308177954	-0.0536129146	-0.1072458891	0.0568093359	-0.0443228223	0.0320124153	0.06436281	-0.1539230206	-0.1228885208	-0.1345662471	0.0416696042	-0.0115012788	0.0436122899	0.0700153561	-0.0123430981	0.0958088938	-0.1042893498	-0.061957352	-0.0468844621	-0.038609844	-0.0038919359	0.0273492565	-0.0133186978	0.0347186741	0.0296835033	0.0409449224	-0.021518039	-0.1025747714	0.0672165254	0.1178629337	0.0051716803	0.109553324	-0.0601356549	-0.0283243789	-0.06465866	0.0333689234	0.0349212611	-0.0981268796	-0.0926692784	-0.0180694	-0.0023788999999999	0.0003265032163599	5.659165209999999e-06	0.0490737	0.0184863999999999	0.0024082280316899	0.0003417469849599	0.0578098	0.0077988	6.082128144000003e-05	0.00334197297604	-0.0017556	-9.584000000000004e-05	9.185305600000006e-09	3.08213136e-06	0.000659493	6.695500000000005e-05	4.482972025000007e-09	4.3493101704900004e-07	-0.000306821	0.000110782	9.4139126041e-08	1.2272651524000003e-08	0.0
631.0582764076956	-0.029856055092182	398234.5482226516	0.0008913840256674	859.1418841186442	-0.23381116627354	738124.7770469338	0.0546676614741929	597.9780026454973	-0.0894075549064155	357577.6916478984	0.0079937108743437	616.3781952166873	676.6553840878099	1.17007	51.683132	0.0828976899999999	0.0407435	-0.0213026494	-0.0772965518	0.262619838	0.0584466937	-0.0100083634	0.033938084	0.082780521	-0.0194989916	0.0520570855	0.0135154224	-0.1418006716	-0.0503534932	-0.0208634162	0.0292253153	0.0477253137	0.0454219949	-0.1015607964	-0.0216378579	0.0414075124	0.0031162866	-0.1273541246	-0.0007260812	-0.0049277023	-0.0663297629	0.1047576919	-0.0529991761	-0.0310229557	0.1260771539	-0.0397354276	-0.0093191856	-0.0069870241	0.109227915	-0.0478032406	0.1772258868	0.1319176621	0.0232690599	0.1018474812	0.0130787147	-0.139922591	0.0028968328	0.0329875556	0.1285953174	-0.0215982167	-0.0227171292	0.1089988778	0.0194570958	-0.1828153852	0.017628444	0.0332755357	-0.1155960666	0.034329393	0.0753129919	0.2023475713	0.1787896954	0.034735518	-0.0262320314	-0.0005786139	0.0698382892	-0.0990025561	-0.0531081711	-0.074650819	-0.1673017874	0.0882987908	0.0348294283	5.6435e-06	-0.0994476629	0.0478285398	0.0562942417	-0.0700413341	-0.1122745168	-0.0943851162	-0.0842851385	0.0177783976	0.2378192195	0.136058408	0.2090516618	-0.0204372922	0.0686742539	0.0329451292	-0.0631055512	0.152809246	0.0870127676	0.118365855	-0.0421488779	-0.049260356	0.0203866435	0.0165773735	0.0457576633	0.0712802292	-0.0921863136	-0.0854152602	-0.1600689423	-0.0278549829	0.1897621024	0.022216446	0.1439135696	-0.1037770837	-0.1108333351	0.0637875062	0.0237895504	0.1233013931	-0.0833611985	-0.0360686617	0.0183051495	-0.006179748	0.1732796497	0.127262306	0.020133205	0.0589312774	0.1410999785	0.057066134	0.0665368277	0.0313082905	-0.0044736984	-0.1441286076	-0.0092657505	-0.1917106385	0.1320716563	-0.0252343277	0.0245358042	-0.1619264636	-0.0385453211	0.134442375	-0.0676258581	-0.0353634024	0.069550483	0.1620241182	0.1431737768	-0.0544603208	-0.0401284738	-0.0389728916	0.0246974742	0.0101039486	-0.1229220979	0.0182708021	-0.1361558076	-0.027469196	0.1263825352	0.0356273068	-0.1161795701	0.1121245955	-0.1245966169	-0.0934077845	0.0379958717	-0.0805586036	-0.0196281704	0.1582906878	-0.0100662599	0.1397089926	0.0522384983	0.0139640419	-0.0588549427	-0.1076994993	-0.0775785259	-0.0892633985	-0.0451409918	0.2264927108	0.0784227889	0.003631682	0.0885699901	0.0104078024	-0.1511708171	-0.0210225048	0.0503128725	-0.0066592152	-0.1103342089	-0.1165082135	-0.1312791246	0.0427826557	0.0103236591	-0.0001992954	-0.0450562469	-0.0581590739	0.0424725502	0.1380995924	0.0096279298	0.0030455119	0.0120139735	-0.0395584361	-0.0350880689	0.0232660633	0.1397437476	-0.0135808757	-0.0949736827	0.0324035386	-0.1009834314	-0.087547979	-0.00925186	0.0088175399999999	8.55969134596e-05	7.774901165159998e-05	0.0367625	-0.0123112	0.0013514814062499	0.00015156564544	0.0310466	-0.0267632	0.00071626887424	0.00096389137156	-0.00137183	0.0003837699999999	1.472794128999999e-07	1.8819175489000003e-06	0.000363508	-0.000295985	8.7607120225e-08	1.32138066064e-07	-0.000327181	-2.036000000000003e-05	1.07047406761e-07	4.145296000000012e-10	0.0
630.3887080077398	-0.6695683999558923	397389.92318366736	0.4483218422194938	857.2709103987895	-1.8709737198546463	734913.4138159694	3.5005426603867327	597.7880227165839	-0.1899799289134307	357350.520103403	0.0360923733899522	616.0682140168466	671.0386958116723	1.167619	51.574856	0.03310319	0.0184894	0.077324442	0.0234746519	0.2133946458	-0.0087200821	0.0822711306	0.0679195111	0.0396939138	0.0992686216	-0.1279150159	0.0936001923	0.0038140553	0.0947620275	0.0230858692	-0.1486930963	0.0050844332	0.0651058743	0.1716899032	-0.0342241293	-0.0492076135	-0.0404548653	0.0560970362	0.0671298346	-0.1102028482	0.1122830196	0.0657114375	0.1579090718	0.0549275847	0.0037951308	-0.0270122579	-0.132830251	0.0311495198	-0.0737586019	0.0500791516	0.1387128709	-0.0210076547	0.0192052202	0.0899734287	0.1672306784	0.0461880514	0.0820278512	0.0376910155	-0.0277504393	0.045771712	0.0398756629	0.0073988922	-0.1119801534	-0.1329287327	0.1718715589	0.0645538648	-0.0779805721	0.0150992109	0.0191732928	0.0376110905	-0.0778801394	0.1543526573	0.151582489	0.1036129564	0.0360013913	-0.0396822115	0.0806872084	-0.0371571776	0.0678119119	-0.1375872881	0.1103522341	0.0506875879	0.1368375942	-0.133517759	0.0505524359	0.0538436999	-0.0952763971	-0.1228496293	-0.0076296189	0.0137713251	-0.1120880831	0.0326004981	-0.0371328373	-0.0005124822	-0.0356294682	0.0326846917	0.0276513894	0.0604831062	-0.1264270453	-0.0075401785	0.0322492983	0.0521894726	0.1090390943	0.0203992065	-0.0393822536	-0.2048820047	-0.1011174739	-0.1368423933	-0.0310427759	0.0270348236	0.0257347108	-0.1684744813	0.0313166749	0.131402356	0.020069114	-0.1205851597	-0.1063622074	0.0012382747	0.0846210617	-0.1043078929	0.0896857663	0.0390463012	-0.0882652777	-0.0052941443	0.0951934583	0.1140424707	-0.1097488043	0.1115265355	0.1512934615	-0.0823461283	-0.1565786038	0.0155735069	-0.1770917222	-0.0731538117	-0.0312642366	-0.0790061128	-0.0642678162	0.0194796637	-0.102749133	-0.0951074213	0.0264821199	0.0358046108	-0.0256452814	0.0549090358	-0.0701579444	0.0125764455	-0.1025003567	-0.0362987561	0.1090247701	0.0586690389	-0.0121146056	-0.1240122755	0.0296465411	-0.0644697828	0.0656516051	-0.0277444895	0.0829293321	-0.000649394	0.0467313093	-0.0374312006	0.0461667456	0.0321397725	0.1210555142	0.023356385	-0.0328819347	0.1722984202	0.0962590999	-0.0853120366	0.0610980434	0.0466246363	0.1890901975	-0.071442989	0.0614279184	0.0952266167	-0.2493864432	-0.0003578625	-0.0232822042	-0.0990961453	-0.0166041813	0.1062165506	-0.0034407573	0.0961733355	-0.035548445	-0.1281635614	-0.0407192591	0.0165490862	0.0482457353	-0.0497736815	0.051167637	0.0570429183	0.0284318433	-0.0201960346	-0.0555527063	0.1011376398	-0.0614271237	-0.0604036122	0.1160048871	-0.0779201781	-0.1081679884	-0.0591452106	0.0665264851	0.0298699563	-0.1036423034	-0.0820411548	-0.0154648	-0.00621294	0.00023916003904	3.8600623443600005e-05	0.0245599	-0.0122025999999999	0.0006031886880099	0.0001489034467599	0.031043	-3.599999999999437e-06	1.2959999999995946e-11	0.000963667849	-0.00133656	3.5270000000000006e-05	1.2439729000000003e-09	1.7863926336000005e-06	0.000592538	0.0002290299999999	5.2454740899999994e-08	3.51101281444e-07	-0.0002978	2.938100000000004e-05	8.868483999999999e-08	8.63243161000002e-10	0.0
630.6237640975953	0.2350560898555613	397686.33184461953	0.0552513653781857	855.6209301493998	-1.6499802493897278	732087.1761097241	2.7224348233761884	598.0082205069369	0.2201977903530405	357613.83179387334	0.0484870668763616	616.2179842471113	651.1952633234758	1.14544	50.595173	0.07283345	0.042931	0.0605870958	0.1074628993	0.0832199745	0.0530712518	0.0475867971	-0.1378148254	-0.0421034608	-0.0847343111	0.0303414896	0.085083609	0.082624338	-0.0118372636	-0.0381918056	-0.0152495145	0.0296181912	-0.0161880855	0.0055206368	0.0595141926	-0.1783021791	-0.0598801557	-0.0667416594	0.0763579843	0.0097680121	-0.0559990103	-0.0904544148	0.1073037505	0.0276175283	0.0041513599	-0.0016663543	-0.0303684895	0.1977718541	0.1089296826	-0.1237403436	-0.1270530866	0.1371714079	0.1292256817	0.2183243521	-0.0457589138	0.1702542184	0.0001435497	-0.1212535716	0.0965167159	0.0390287691	-0.061046996	-0.1110501613	0.1193366091	-0.0334419877	-0.110270399	0.0203208702	-0.0145513059	-0.0926315089	0.0002169912	-0.1141120376	0.090729979	0.1195702061	0.1365282259	0.1266894693	0.1130920314	-0.038259564	-0.0322861261	0.217294911	-0.0195974219	0.1306189994	0.0247486417	0.040613496	-0.1336558849	-0.1258118968	0.1344511776	0.0724646821	-0.0696725916	-0.0135937727	0.21596633	-0.10877323	0.0563875986	0.1382071815	-0.106361692	0.0569340824	0.0475499312	-0.0003733734	-0.0465845926	-0.0124802227	0.0062348912	0.1277372371	-0.1182132965	-0.0005526542	-0.1922533875	-0.0253098792	-0.0085983911	-0.0740054216	0.0280769874	-0.0231403986	-0.0013228704	-0.0777608255	0.0224704254	0.0876042828	-0.015614111	0.1159526701	-0.1204361755	0.0149892472	-0.0696458532	-0.0816807841	0.0816534579	0.1314829605	-0.0428838526	0.0185570122	-0.0398190513	0.0220714544	0.0070493465	0.0207892353	0.184277134	-0.1516351141	0.006094666	-0.1460160104	0.0146472908	0.0486535765	-0.0868186985	-0.2156446125	0.0469988278	-0.1175546065	-0.0438413959	0.1401519629	-0.0347218027	-0.0787018648	0.122403457	-0.2261736105	0.1315785507	0.0957818766	-0.0433065389	0.1400101713	-0.1692778015	-0.0425901699	-0.1156830643	-0.0603066667	0.0003135955	0.0444741935	-0.0558132917	0.0415064419	-0.0099268305	-0.087431229	-0.0128555628	0.0318060311	0.1054929327	0.0149628067	0.1072543861	-0.0686884688	-0.0302887131	0.1249198573	0.0468462538	-0.1888735913	-0.0158900307	0.0098244159	-0.0831609942	0.0487051575	-0.0470612595	0.0288224821	-0.1325993067	-0.0902038228	-0.0034066166	0.0342101162	0.0242791753	0.0381313065	0.0998162948	0.008797681	0.0671094255	0.1008719002	0.064694402	-0.0896317557	-0.0704294948	-0.0320261615	-0.0058392055	-0.0257549728	0.007011529	-0.0822693443	0.0935987325	0.1463879943	-0.0792781572	0.0323982358	0.0875839985	-0.2111458026	-0.0241339431	-0.0475082901	0.0539497076	-0.1298151781	0.0395630771	0.0273217542	-0.1060982907	-0.0761730556	-0.0110867	0.0043781	0.00012291491689	1.916775961000001e-05	0.0644026	0.0398427	0.00414769488676	0.00158744074329	0.0456008	0.0145577999999999	0.0002119295408399	0.00207943296064	-0.00151753	-0.0001809699999999	3.275014089999997e-08	2.3028973009e-06	0.000592538	0.0	0.0	3.51101281444e-07	-0.000397927	-0.000100127	1.5834589732900004e-07	1.0025416129000008e-08	0.0
631.0286170522519	0.404852954656576	398197.1155388776	0.1639059148941596	854.9750524193306	-0.6458777300691736	730982.3402594371	0.4171580421993082	598.3659034685481	0.3576829616112036	358041.7544337319	0.1279371010269617	616.4539884586244	641.467400832328	1.146197	50.628616	0.05866275	0.0367041	-0.056466811	0.1371439626	0.0105246178	-0.0290365755	0.034096881	-0.0469220278	-0.0341062596	0.1817416997	0.0352030711	-0.0855767404	0.117954247	0.0257140933	-0.1316642447	-9.81886e-05	-0.0741088213	0.0851026765	-0.0316644569	-0.0866486964	-0.0335640708	-0.0179858093	-0.0228241727	-0.0667025947	0.0051196195	0.09570127	0.0200639095	-0.1452862673	-0.005646628	0.0341187589	-0.0510452648	0.0098075782	-0.0487795333	-0.0390697174	0.0089385003	-0.0319743134	0.0687612365	-0.0240134032	-0.1641076794	0.0193277048	-0.0647200596	-0.1415585832	0.1048176601	-0.0575703601	-0.0278618612	-0.0443582006	-0.0323986355	-0.0060458016	-0.0028290511	0.106920825	-0.0009674525	-0.0475087769	0.1690060209	0.046066198	0.0371702188	0.1380205707	-0.0408000467	-0.1179815418	0.0740757662	-0.0089730777	-0.0802387294	0.1216795575	-0.0384932175	-0.0545176574	0.1064990303	0.0097634971	-0.1038858318	0.01832396	-0.1994176718	-0.0704297663	-0.0245276254	-0.0604308014	0.0593738131	-0.0987225227	-0.0259731824	-0.0194471066	-0.0689284826	0.0917311012	0.0014101148	0.0255674484	-0.1888611446	-0.0046053274	-0.1545260859	-0.1138420285	0.0416360672	0.0916037375	0.0472239612	0.0493050561	-0.0192777998	-0.0836426706	0.0139489894	0.0664248219	0.1284020803	0.1591614404	-0.0175420058	0.0267000399	0.0835442693	0.0234472804	0.0765638576	-0.0239782746	0.0277376897	0.047703345	-0.089770801	-0.1924841458	-0.0124170393	0.0200698036	0.0264646265	-0.0342888331	-0.0658161857	0.0089426438	0.0772873901	-0.0154144072	0.1413907152	0.0721768928	0.005350908	-0.0594013749	-0.1028946888	-0.0013663896	-0.0973833793	0.0122619311	0.1571609796	-0.0196988273	0.1054854206	0.0311757844	0.0310669594	-0.1128543999	0.0604601226	0.019995605	0.0210887358	0.0764158629	-0.1726037149	-0.0238387896	-0.0057837964	-0.0558777462	0.0626727394	0.0605965948	0.0522350884	0.0634423642	0.0963828516	0.0305835905	-0.1291091296	-0.0256904289	-0.1078544474	-0.1240711875	0.0227814378	-0.1273277079	0.0007119567	0.086002357	-0.05826919	-0.0240275583	-0.0651802676	-0.0123483562	0.07860665	0.0078271665	0.1031126929	0.0162799749	0.029630743	0.0965116529	-0.0079043989	0.0577702528	-0.0734426863	-0.030118874	0.0724581943	-0.0803890951	-0.0261873237	0.1029765736	-0.0321862112	0.1092892998	-0.0596087178	-0.0136747606	0.0412676507	0.0795444992	-0.052701857	0.0674648785	0.0677896854	0.0041690381	0.0091520722	0.018339716	-0.053599083	-0.1009513574	0.0105967512	-0.0661955301	-0.0031967591	-0.1374930761	-0.0034323697	-0.0473006468	0.0247601796	-0.1083465856	-0.0699695221	-0.0133394	-0.0022527	0.0001779395923599	5.074657289999999e-06	0.0532477	-0.0111549	0.00283531755529	0.00012443179401	0.0672886	0.0216878	0.00047036066884	0.00452775568996	-0.00196303	-0.0004455	1.9847025000000014e-07	3.853486780900001e-06	0.000592538	0.0	0.0	3.51101281444e-07	-0.000423774	-2.584700000000001e-05	1.79584403076e-07	6.680674090000006e-10	0.0
631.4723770144509	0.4437599621990102	398757.3629322808	0.196922904050867	863.4877164303526	8.512664011022025	745611.0364261051	72.46544856454959	599.2141495284012	0.8482460598530679	359057.59699504514	0.7195213780562544	617.5149089576514	653.1305024905944	1.130223	49.923035	0.10957744	0.0585792	-0.1342195583	0.032259006	0.0729954242	0.1168278276	0.0217112502	-0.0151752951	-0.0818973981	0.0105190442	-0.2072587059	-0.1055466056	0.0006198594	-0.1162540508	0.1222700283	-0.1267499016	0.0246615824	0.0622420004	-0.011409392	0.070689539	0.0110192279	-0.0825320604	-0.0829664446	-0.0443028533	-0.085189527	0.1297714104	-0.167803671	0.1841270079	-0.1105376336	-0.0678137843	0.1439646046	0.0003222952	0.1235858269	-0.0762072135	0.0950250564	3.66937e-05	-0.0284774596	-0.0697428575	-0.1726942649	0.0431290568	0.0752532251	-0.0115543279	-0.0571742989	-0.042482847	-0.140460453	-0.0666445073	-0.0027049812	-0.0333998936	0.0239281444	-0.0191295748	-0.0414078198	-0.1108844196	0.0229039256	-0.0165843881	-0.1865810932	-0.0416631827	0.1297721611	-0.0050184299	0.0044471626	0.0667325295	0.1081897814	-0.0059684963	0.040957987	-0.0573095034	-0.0786150779	-0.0394396411	0.0110718038	0.0839821287	0.0631067133	0.0150715904	0.0782192718	0.1069031255	-0.0485189515	0.1040693707	-0.0940970746	-0.053232829	-0.0134486485	-0.0845712536	0.0291811999	0.2241789485	-0.1144053636	0.0666107358	-0.0153429639	-0.0347696841	-0.0230798088	-0.2058633677	0.0745879261	0.0350426324	-0.0741112962	0.1775305429	0.0253261271	-0.1421461454	-0.0081129131	0.0684856868	-0.0654514072	0.1484946608	0.1509900522	0.1027114459	-0.1235341386	-0.0735154335	-0.0126982674	0.1146331518	-0.057362035	0.0373704157	-0.1062370245	-0.0270982757	-0.0315269473	-0.0900537527	0.0984010879	0.0060450623	0.0337915738	0.0243628396	0.0945847265	0.0396253981	-0.0461065875	-0.0206689068	-0.0168690732	0.0943162992	0.0833402268	-0.066112976	-0.0524872406	-0.0527159107	0.0551992148	-0.0561833502	-0.1059730558	0.1352950228	0.0081523497	0.0421127433	-0.0262705725	-0.0580372178	0.2503210613	-0.0443839291	0.0620293674	-0.1315234222	0.0570969004	0.1107854629	-0.0288682709	0.0093779951	-0.0032432338	-0.1119996623	0.1039324677	0.139548228	0.2242477726	-0.0114291571	-0.040095094	-0.027518689	0.0612055898	0.0150937263	0.0796352543	0.2997122598	-0.1016608196	0.0381818012	-0.0583166228	-0.016359454	-0.0016035236	-0.0025134053	0.0597311328	0.0069438137	0.0735095088	0.10908453	0.0579704738	0.0918835597	-0.0646021953	0.0264419611	0.0881213338	0.0501788032	-0.1073730346	-0.0337115647	-0.0393523578	-0.0674210511	0.0282470279	0.0038129254	0.0274517622	0.0910626358	-0.0687515892	0.1581959915	0.1135505932	-0.0842355638	0.0101448286	0.1439512254	-0.0589053535	0.1481584794	-0.0132162025	-0.0435877002	-0.0222702201	0.0413751804	0.0221864862	-0.110382787	-0.063457872	-0.00472111	0.00861829	2.22888796321e-05	7.427492252410001e-05	0.0220589	-0.0311888	0.0004865950692099	0.00097274124544	0.0369383	-0.0303503	0.00092114071009	0.00136443800689	-0.00121539	0.00074764	5.589655696000002e-07	1.4771728521e-06	0.000592538	0.0	0.0	3.51101281444e-07	-0.000383013	4.076100000000005e-05	1.46698958169e-07	1.6614591210000043e-09	0.0
629.588514887535	-1.8838621269159148	396381.69807829184	3.5489365132281545	859.5242166090238	-3.96349982132881	738781.878937356	15.709330833673508	598.0561926393173	-1.1579568890839482	357671.2095542361	1.3408641569769753	616.4086636866667	631.8671288395328	1.155396	51.034977	0.1331782399999999	0.0690841	-0.0355659099	-0.1090465238	0.0634340343	-0.0431511149	0.0053261322	-0.1674759934	-0.0260997392	0.1363262463	0.0518703208	-0.0408505083	-0.11988298	0.0581606616	-0.0763162344	-0.0272802313	0.0244567791	-0.0631612159	0.0180525559	0.0402373389	-0.0534993692	-0.2466727929	-0.0019392161	0.0115606084	-0.0296777265	-0.0903811545	-0.0876896063	-0.1233303735	-0.1212280526	-0.0304201305	-0.1798201273	-0.0851198382	-0.0363459908	0.0591106251	0.0500538879	-0.0931441554	0.0259156862	-0.0080950008	-0.0607899347	-0.0937279286	-0.0502013068	0.0852680381	-0.0498350912	0.1436194795	0.0517561273	-0.0421363839	-0.0352320597	0.0431996145	0.0152158157	-0.1412272881	-0.0461244097	-0.1971701403	0.2173247776	0.0071575773	-0.0796140949	0.048128298	-0.006365792	0.0139874682	0.0828708167	0.0033813209	0.0774663567	-0.1020394184	-0.0335604248	0.0011571159	0.038238005	-0.0626839181	0.0223608457	0.0539864163	0.0775410819	-0.0487722294	0.1246306876	0.1023617139	-0.0509945334	-0.12605806	-0.0239445052	-0.014262334	0.0006266735	-0.0355461828	-0.0257911367	0.122413433	0.0901825298	0.0557997679	0.0655729444	0.0873974755	-0.1349243821	0.0162054584	-0.1312770706	-0.0213653036	0.0629070492	0.0104798686	-0.0636047085	-0.009581156	0.0528469539	0.0127245211	-0.0232117991	0.0473382474	-0.0813116563	0.0969566013	0.091779655	0.0713174827	-0.069645289	0.0436225069	0.0969349516	0.0616741193	0.1070162123	0.0539207878	0.1201102946	0.0348545535	0.0800120671	-0.0758783278	0.0099263922	0.2114281761	0.1168406709	0.0095759261	-0.1222296625	0.0428660235	-0.0642924209	0.0745779067	-0.026062197	-0.1021436919	0.0843869802	-0.0104243862	-0.026788774	-0.0529951534	0.0269684369	-0.0236357588	-0.0555661426	-0.0324174616	-0.1260846128	-0.1443121961	0.068973298	-0.0033210428	0.0453454759	-0.1049220283	0.0172614213	-0.0692930454	0.0131857244	0.0895149853	-0.083539016	0.0288384759	0.0732200952	-0.0833604039	0.0892721505	-0.0487399779	0.0902585879	0.0667185886	-0.036285768	0.0105340684	-0.0435447691	0.049820629	-0.0211419553	0.0744461989	0.0860239587	-0.0747793096	-0.1040680274	-0.0396842849	0.0120821771	-0.0021621871	0.155087206	-0.0230450401	-0.1175943236	-0.1435367447	0.0763788878	0.0683618941	-0.0072920102	0.0047232457	0.0097816189	-0.1310281402	-0.1263409699	-0.0423158452	0.072568921	0.1104246697	-0.0372016929	0.0303189992	0.0150273952	0.0849491563	0.1469736808	0.0405778805	-0.039426012	-0.0682027421	0.0603415684	0.0366920055	0.0249559043	0.018790329	0.0536736238	0.1488780673	0.0196019337	-0.1122029089	-0.05666678	-0.0113899	-0.00666879	0.00012972982201	4.44727600641e-05	0.0720083	0.0499494	0.00518519526889	0.0024949425603599	0.0713727	0.0344344	0.0011857279033599	0.00509406230529	-0.00188079	-0.0006654	4.427571600000001e-07	3.5373710241e-06	0.000458449	-0.000134089	1.7979859920999998e-08	2.10175485601e-07	-0.000339989	4.302399999999996e-05	1.1559252012100001e-07	1.8510645759999962e-09	0.0
630.9624153912849	1.373900503749951	398113.5696364044	1.887602594204369	855.559598965386	-3.96461764363778	731982.2273818122	15.718193060243983	598.4230757810615	0.3668831417442106	358110.17762726604	0.1346032396961025	616.1740624494986	662.9380408078601	1.161763	51.316181	0.0858986899999999	0.0484306	0.0957107157	0.0169608392	0.2104442965	0.0775000104	0.0396612885	0.0272010428	-0.0201635975	-0.0591345242	-0.0532400523	0.1209331606	-0.0512824603	-0.0920832989	0.0060611807	0.0989128517	-0.1063055271	0.043516659	-0.0172568585	-0.1419147805	0.0642425472	-0.0966975713	-0.0163127786	-0.0017878667	-0.1089912188	0.1920554377	-0.0024228569	0.1078678002	0.1456785675	-0.0515608218	-0.140122067	-0.025378506	-0.0976163555	-0.009014731	0.0273753766	-0.1937878264	0.0224325905	0.0004720156	0.0090745686	0.025436262	-0.1769466145	-0.0140780061	0.0177730058	-0.090593134	0.1715505302	-0.0791982511	-0.079990517	0.0378226684	-0.075271976	0.0896608464	-0.1051578389	0.0669967848	0.0616823251	-0.0660618467	-0.0586845339	0.0232649426	0.1300686848	0.1709664647	0.1058633513	0.0028852097	0.0203376137	-0.0320616248	0.027329694	-0.0907318382	0.0044669106	-0.0251636255	-0.0608670528	0.1284507809	-0.0669921146	0.0877102176	0.1350287017	-0.0358397624	0.1305608595	-0.0007037919	0.0745341259	-0.1111032105	0.0063312859	0.0469212408	0.0077899	0.0355495004	-0.0870269707	0.0233911486	0.004046141	0.0401548685	-0.0214764264	0.0052148334	0.0068789586	0.0361161558	0.0447949125	-0.0772555061	-0.0662478114	0.162637779	-0.1065803324	-0.1382661395	0.0432492924	-0.0293123328	-0.0077508056	-0.0476448884	0.0395340486	0.0025145353	-0.0056758912	-0.1212794087	0.1057460104	-0.074369088	0.0281072925	-0.0539174717	-0.1440878991	0.0786565075	-0.0817442854	-0.009191142	0.0294381671	-0.0403604369	0.1633908849	0.1459768347	-0.0790095491	-0.0495641639	0.0663696413	0.0405802219	-0.1045432673	-0.0466939017	-0.0730119278	0.0310983655	0.1421934643	-0.1155583501	0.0191400952	0.077203771	0.1263030696	0.0431263929	-0.0101735295	0.0241640534	0.0669132794	-0.0795010416	0.0868816778	0.051209109	-0.0757981662	-0.0025585691	-0.0174998247	0.1089712413	0.0645047669	0.0733991919	-0.0349822275	-0.0274312442	-0.0721118453	-0.0073667345	0.1331715942	0.1436573846	0.0371237794	-0.0975741464	0.0132113485	-0.0602176262	0.1266582174	-0.1086892251	-0.0957396428	-0.0144199694	0.0554515382	0.1167664748	-0.052037126	0.0439639187	-0.0047585553	-0.0234390628	-0.0896751993	0.1067875323	0.0430097858	-0.1043034721	-0.0216439552	0.113337504	0.142206665	-0.0520932144	-0.146240038	-0.1112959787	-0.081533918	0.0305724002	-0.0189332812	-0.0437174329	0.0074613271	-0.048768883	0.0273655471	-0.0995173814	0.034752524	-0.0524356753	-0.1645234384	0.0143974611	-0.0540035832	-0.0916491645	0.0574254243	0.0410194328	0.0170077871	-0.1138033884	-0.0496261511	-0.00472236	0.00666754	2.23006839696e-05	4.44560896516e-05	0.030255	-0.0417532999999999	0.000915365025	0.0017433380608899	0.0541526	-0.0172200999999999	0.0002965318440099	0.00293250408676	-0.00206009	-0.0001793	3.2148490000000035e-08	4.2439708081e-06	0.000670505	0.0002120559999999	4.496774713599999e-08	4.495769550249999e-07	-0.00032619	1.3798999999999994e-05	1.0639991610000001e-07	1.9041240099999982e-10	0.0
632.2279183898168	1.2655029985318151	399712.1407915208	1.6014978392930153	855.0209203947383	-0.5386785706477895	731060.7743126653	0.2901746024751455	598.2092498818573	-0.2138258992041528	357854.30664421443	0.0457215151704645	616.0535670734431	654.2149486859324	1.109874	49.024231	0.02535897	0.0136987	0.0393103408	0.1471753917	0.1142213913	-0.0241879378	0.0964011138	0.057313284	-0.1225631924	0.0734691628	0.0499945532	0.0624986234	0.1105155296	0.0258742082	0.0176149455	-0.0930258594	-0.1271382359	-0.0211900051	-0.0103250175	-0.150995195	-0.052043614	-0.0506859458	0.0007212044	0.0335368814	0.0524241754	-0.0687507797	-0.0261364105	0.0999824405	-0.0227110518	-0.1077059784	-0.0136047787	0.0694008975	0.1422437057	0.0444863112	-0.0217674144	0.1498199501	0.0533199412	0.205578732	0.0643308374	0.0967395559	0.0519545838	-0.0783394792	-0.0727952669	0.0988181872	-0.0195913632	0.0096527089	-0.0407630062	0.1434631222	0.1443442194	-0.1006432216	-0.0054294532	0.0167199326	-0.0982021671	-0.0491892867	-0.0618743229	0.0673395243	-0.0035352767	-0.0101219425	0.0763129349	0.0489993967	0.0447823133	0.0148945587	-0.0500332295	0.0725160817	0.0096526737	0.0060014827	0.0540345511	-0.0486122314	0.0472479198	-0.0366572871	0.0320181012	-0.1024451857	-0.0147240956	-0.0967409037	-0.0462763709	-0.1034521325	-0.003716291	-0.0472038282	-0.2384119682	0.0510115389	0.0946677755	-0.0314129717	0.002612843	0.0911216755	-0.0956943331	0.0296104962	0.0704565729	0.0562267241	0.1144532509	-0.1302108819	0.207197922	0.0543782271	0.060922042	0.061136631	-0.0059793827	-0.1714262085	-0.0031734877	0.0811525898	0.1100180276	0.0890872719	-0.08084676	-0.1097200835	-0.1123873254	-0.0345857675	-0.08967908	-0.015895825	0.1425482244	-0.0080470829	-0.0488485643	-0.0634967493	-0.0515810526	0.0727048135	-0.0741683129	-0.0104006897	-0.0711266894	0.1173636433	0.0134016794	0.0087814233	-0.0660026369	0.0441137761	-0.0129045366	-0.0032404446	0.041265598	0.0415346274	-0.1469174073	0.0099828141	0.0258811774	-0.1069301201	-0.0143742356	-0.0328175645	0.0922623995	0.0249283177	0.0250594256	-0.0008574743	-0.0454956292	-0.0476451104	0.0894952888	0.009765404	-0.047951473	-0.1507172987	-0.0810075842	-0.1684359522	0.0880813483	-0.0170685913	0.0116240466	0.0191408483	0.0215083457	0.0045418405	-0.2088393428	-0.1800737538	-0.0576560928	-0.2102650615	0.0807535766	0.0027443924	-0.097071628	0.0226256319	0.08265987	0.109160942	0.0039488027	-0.014683245	0.0052310538	0.1685543696	-0.0177358772	-0.0719049501	0.0838742475	0.1129038068	0.0875960426	0.0752869253	-0.0751036963	0.0618492867	-0.0038977568	-0.0567404219	-0.1128724674	0.0310430414	0.0940726599	0.0414375112	0.1439094664	-0.1236077524	0.0016031425	0.0528521399	-0.0800025273	0.0171976928	0.0046237184	-0.0766188654	-0.0678774901	0.0663707312	0.0144053161	-0.1151810923	-0.0423669894	-0.00471439	7.970000000000373e-06	2.22254730721e-05	6.352090000000594e-11	0.0391824	0.0089273999999999	0.0015352604697599	7.969847075999997e-05	0.0592176	0.005065	2.5654225e-05	0.00350672414976	-0.00199511	6.498000000000007e-05	4.222400400000009e-09	3.9804639121000005e-06	0.000512792	-0.0001577129999999	2.4873390368999993e-08	2.62955635264e-07	-0.000330669	-4.478999999999996e-06	1.0934198756100001e-07	2.006144099999996e-11	0.0
632.3422162695919	0.1142978797751084	399856.67847673927	0.0130640053210851	859.2766189676075	4.255698572869278	738356.307904403	18.11097034312161	598.3750311284507	0.165781246593383	358052.67787797435	0.027483421722056	616.851620208771	637.0816706247798	1.092462	48.255123	0.04978087	0.0302617	-0.09501089	0.0922460879	0.0171713339	0.1155728709	-0.0236941261	-0.0674370023	-0.1343042874	-0.035099842	0.0275192552	-0.0433651774	0.0988704958	-0.1422575777	0.1188651482	-0.0152171225	-0.0453288401	-0.0637543278	-0.024720575	0.0445955061	0.0186858934	-0.0972634347	-0.0576863081	0.0253755648	-0.0014573207	-0.1679771141	0.0089129023	0.0491717456	-0.0146723819	0.0459687492	-0.0587739152	0.0236072771	-0.0726170436	0.0565506208	0.1281481795	0.0512847883	0.0526530848	0.0508415214	0.1366669393	0.0216493504	0.0597628895	-0.0095438124	0.0231573307	-0.0026339117	-0.1491741201	-0.0860258509	-0.1183667029	0.0281466831	-0.1443984467	-0.1444220777	0.1104651906	-0.0190501405	0.0917962407	-0.1119943671	0.2083976698	-0.0519833647	-0.2604965421	-0.1107557096	0.0562615078	-0.0898329981	-0.1276694199	-0.0574121896	0.0200383503	0.1946510404	-0.0206877955	0.1456165974	-0.0052047229	0.1716141449	-0.090370104	0.0937826924	-0.0753369454	0.0941244609	0.085815365	0.0105827757	0.0206962167	0.1256809864	0.0181337147	-0.2003303499	-0.1181234126	0.1040153382	-0.0702671205	0.0097164605	-0.0549418655	0.0601010947	0.022410242	-0.120336545	0.1704411675	-0.059723292	-0.0446859546	0.1059668056	-0.030416331	0.0419843448	-0.0557911862	0.0941493656	0.1046808282	0.0182734589	0.0019475481	-0.0711304331	0.0582720193	-0.0092616512	-0.0066979789	0.0739827728	-0.0890871487	0.0399721714	-0.0648544511	-0.1079561759	-0.1599993602	-0.0273217222	0.100237571	-0.1124916383	0.147780873	0.1038689128	0.0067914535	0.0226832984	0.115112031	0.1437868658	0.0155149934	-0.1950004082	0.0562336783	-0.0523380599	0.1708810788	0.0511798079	-0.1248558355	0.0026650031	-0.0270625639	-0.1523293327	-0.0725757468	0.0723381337	-0.0975970269	-0.0302648814	-0.1555657938	0.010847324	0.2061251175	0.0159844065	0.0283244641	-0.0368501838	0.0801653959	0.1409442014	-0.0067838411	-0.0631403853	-0.1478106314	0.0635471474	0.083974081	0.0771496057	-0.2237467483	0.0741698025	-0.0409834745	0.0794464544	0.0565331778	0.1319471991	-0.0972341326	-0.0971322916	-0.0202227123	-0.0720290744	0.1583132325	0.0653671762	-0.0171311764	-0.0612334391	-0.0369264219	-0.0669815115	-0.1287457059	0.0502020455	0.0026051937	0.0536779858	0.0856656677	0.1355145477	-0.0590104471	0.0060047321	-0.0056700957	0.0033761338	0.0789711992	-0.0309263566	-0.0073839749	0.0627411094	-0.1370198095	0.0012769002	0.1393006316	0.0606664291	-0.1076303119	-0.1274460729	-0.1689890289	-0.01215399	0.0367030418	-0.1232248981	0.0148094913	0.0399270045	0.0117957945	-0.1163333239	-0.0349212611	-0.00470032	1.4069999999999708e-05	2.20930081024e-05	1.9796489999999175e-10	0.0505264	0.011344	0.00255291709696	0.000128686336	0.0548637	-0.0043539	1.8956445210000007e-05	0.00301002557769	-0.00152252	0.0004725899999999	2.233413081e-07	2.3180671504e-06	0.000401088	-0.0001117039999999	1.247778361599999e-08	1.6087158374400005e-07	-0.000233585	9.708400000000002e-05	5.4561952225e-08	9.425303056000004e-09	0.0
631.0883914481187	-1.2538248214731311	398272.5578205739	1.572076682942129	862.8800682232471	3.603449255639589	744562.0121369556	12.984846537969508	598.5325285869129	0.1574974584622168	358241.1877766437	0.0248054494220577	617.0932335987213	624.3115109208798	1.154454	50.993359	0.09415323	0.0499884	-0.0527088103	-0.1068338571	0.0452826776	-0.1279467612	-0.0313937792	-0.1253618953	-0.0501920143	0.144944607	0.1449944161	-0.0810989512	-0.1066002707	0.0812959981	-0.0114711677	-0.0581648194	-0.0149885181	-0.1616575825	-0.0041635816	-0.0340180183	-0.0947664776	-0.0983111355	-0.1101841089	0.0891766483	-0.0091075743	0.0188675324	0.0039540767	-0.0363465775	-0.0788782942	0.0149969804	0.0227312576	-0.0113082768	-0.0570326957	-0.0794316784	-0.0319620572	-0.0192338757	-0.1248553994	0.0704694794	0.017635352	-0.0543521417	-0.0842437183	0.0446083067	-0.0381183049	-0.0053158413	0.0024319831	-0.0393171997	0.130400813	-0.0423133029	0.0964710877	0.1466404356	-0.058523604	-0.0672486985	-0.0580340001	-0.0704912811	-0.018065838	0.0857992261	-0.0441550584	-0.0249735035	-0.0550172148	0.0623306736	-0.0874846985	0.1960680136	0.1973638768	0.1196358314	0.0507377124	0.1082912939	-0.174707881	-0.0513424148	-0.0039969172	0.0982983559	0.0156093616	0.0307705078	-0.063288864	-0.0454101299	0.077836732	-0.2160942366	0.0068383514	0.0933397535	-0.0964865047	0.1223954722	0.0703227598	-0.2541822138	-0.0778680375	0.1503707152	-0.1045419875	0.004887954	-0.0389597381	-0.134116273	-0.0366964481	-0.0410651736	-0.0552753994	0.0081539096	-0.0888449999	0.0488133507	-0.0559302351	0.1252117083	-0.0057273366	0.1245683454	-0.0474454288	-0.0078752551	-0.0055741456	0.0744820442	0.0808496828	0.013691093	0.0511750381	-0.0087785988	0.1115748098	-0.0129865147	-0.0474914659	-0.0067417194	-0.0312913527	-0.0041289869	0.1347708655	-0.0521784895	0.0342150366	-0.088963224	-0.0242123096	-0.0481243478	-0.0778689618	0.0533925486	-0.0788504542	0.0232107011	0.1219565967	0.1577949817	-0.254342386	-0.0675992652	0.069885775	0.1584731832	-0.0204298083	0.0032308135	-0.046002846	0.1183200879	-0.0054403058	-0.1047079383	-0.0262811598	-0.0916061206	-0.1282737529	-0.0044294268	0.1158790867	-0.1386115557	0.0829706072	-0.0485957044	0.0894091957	-0.0145689586	-0.1164355928	0.217084452	0.1151245888	0.2190119773	0.0277520186	-0.0744110373	0.0802708179	0.0700010185	-0.1341542116	-0.1132822481	-0.0548653106	-0.1135127634	-0.0197184139	0.0242791947	-0.0862794266	-0.1204235967	-0.0961535726	0.006894683	0.0961874555	0.0182915976	-0.0057636683	0.0995870744	0.0100658334	-0.153685066	-0.0628029226	0.0339975115	0.122693636	-0.0175799083	-0.0561735337	-0.0149666579	0.112058664	0.0369735272	0.1402513284	0.0694858804	-0.0853692062	-0.0941506699	0.0134296942	0.0873587338	-0.0715863486	0.0412048749	0.0888534084	-0.0314417126	0.0091804995	-0.1172578276	-0.0273217542	-0.0113628	-0.0066624799999999	0.0001291132238399	4.438863975039999e-05	0.065368	0.0148415999999999	0.0042729754239999	0.0002202730905599	0.0871456	0.0322819	0.00104212106761	0.00759435559936	-0.00212627	-0.0006037499999999	3.645140624999999e-07	4.5210241129e-06	0.000227869	-0.000173219	3.0004821961e-08	5.1924281161e-08	-0.000263961	-3.037600000000001e-05	6.9675409521e-08	9.227013760000003e-10	0.0
630.2907351229248	-0.7976563251938842	397266.410781797	0.6362556131218116	858.3465908066219	-4.53347741662526	736758.8699493504	20.55241748705124	598.2687065816268	-0.2638220052861015	357925.4452748527	0.0696020504731798	616.6501356916056	604.4924893897348	1.193511	52.718529	0.11698312	0.0539892	0.117693417	0.0171330402	-0.0338084271	0.053085245	0.1284121113	0.1125215989	-0.0181213974	0.1159896629	0.0073892215	0.0861636766	0.0312469028	-0.0468671134	-0.1340388737	-0.105000727	-0.0960246127	0.0949339535	0.0311637965	-0.0519704167	-0.0191660171	-0.0634174264	-0.1143449914	0.1011291011	-0.0317808009	0.0748278675	0.0259359292	0.0141112845	-0.0255638419	0.0609885953	-0.0047004485	0.05624768	-0.0052622017	0.0013850429	-0.1568812023	-0.0621150755	-0.0337192983	0.1198172792	0.0726040726	0.1494885317	-0.06695879	-0.0996457681	-0.0240346072	-0.010082316	0.015075083	-0.1006569034	0.0138186916	-0.0222894373	-0.0634359169	0.1339430631	0.0314554634	-0.1318769665	0.0236562879	0.1782089953	0.0365335807	-0.0539148243	-0.0852895899	-0.0535597139	0.0488166206	-0.020364773	0.0170686843	0.019882347	-0.0911550718	-0.0396867707	-0.0354880058	0.0243879028	0.0235124063	-0.0766133376	-0.068790108	-0.0169996413	-0.1361791054	-0.0483791887	-0.1007139968	0.1290880413	0.0808235694	-0.086532274	-0.1341124787	-0.0071567565	0.0260407063	-0.0080882443	0.0703207778	0.0346423697	0.1560113053	0.0702371703	-0.011045759	-0.0601174489	0.0247125944	-0.1610566093	-0.0228809574	0.141055262	0.0285142018	0.0303332483	-0.0398921322	0.0783111355	-0.0432467756	-0.1039862308	-0.004907569	0.067786352	-0.0119459526	-0.0604137792	0.0463446442	-0.1178855811	0.0174956459	-0.1003597613	-0.0424421303	-0.0027298738	0.0130131477	-0.1161615153	0.0062802788	0.1331174576	0.126945695	0.0523541074	0.0475332428	0.049417477	0.0083496716	-0.0744147769	-0.1562086086	-0.0772386431	0.056883515	0.0695207154	0.102890025	0.0006520496	0.0001482652	0.0264176631	0.0318659004	7.34052e-05	-0.0169655267	-0.150203824	0.080457237	0.1462797054	-0.050058274	-0.062761564	-0.0506824991	0.0393472049	-0.0176688154	0.1108315129	-0.0820381443	0.0026032409	-0.0998244032	-0.0724553396	-0.0101297037	0.1730960224	0.0603237238	-0.0863546451	-0.0431081092	0.0855042766	-0.0046752292	-0.0463080947	0.0437119359	-0.0134594998	-0.0690007072	-0.067126455	-0.1064221623	-0.0755834775	-0.1491956932	-0.0023188431	0.1436155373	-0.0272301039	-0.0992374352	-0.064730338	0.0343777606	-0.0380973818	-0.0093207013	-0.1455064292	0.0720572011	0.0258302404	0.08268958	0.010839943	-0.0497970327	-0.025544282	0.0745994952	-0.0371546532	0.0039777839	0.1655469127	0.0146084144	-0.0011332392	0.0867750821	0.1227716189	-0.0653897295	-0.1201225508	-0.0314109154	-0.0278345596	0.0839751346	-0.0876610401	0.0552757546	-0.1196773998	0.006560711	-0.1179527935	-0.0196019337	-0.00471478	0.0066480199999999	2.22291504484e-05	4.419616992039999e-05	0.0332913	-0.0320766999999999	0.00110831065569	0.0010289146828899	0.0676314	-0.0195142	0.00038080400164	0.0045740062659599	-0.00144801	0.00067826	4.6003662760000005e-07	2.0967329601e-06	0.000592538	0.000364669	1.32983479561e-07	3.51101281444e-07	-0.000395916	-0.000131955	1.56749479056e-07	1.7412122025000002e-08	0.0
630.8599988474857	0.5692637245608694	397984.3381458497	0.3240611881009133	855.7751523672812	-2.5714384393406817	732351.1114092433	6.612295647318841	598.4180718851669	0.1493653035400939	358104.1887587608	0.0223099939016243	616.3511689279495	616.6329155981201	1.157837	51.142773	0.022086465	0.0144371	-0.0306501253	0.1300196704	-0.0347651115	-0.0108317415	-0.0836134191	-0.0053205215	-0.1488985298	0.0698325705	0.0278881567	-0.009427537	0.1304147532	0.0768941577	0.1067806329	-0.0939859544	-0.0394057308	-0.0050466432	-0.058788256	0.0698076483	-0.1221687818	0.0375625211	0.0566927428	0.0704008211	0.051222578	-0.0151869843	0.0694635004	-0.1582687399	-0.1107856757	-0.1090845984	-0.0927711916	-0.0964442905	0.0166243367	-0.0597183931	0.0179536234	0.0017472157	0.0840545124	0.0702926714	0.0288961223	0.0459901353	0.1484893118	0.0432777004	0.0182788638	-2.7793e-06	-0.0491607468	0.0134724354	0.0569182949	0.0754833828	-0.0072488311	0.0190260071	-0.1789923102	-0.1068667458	0.0914782503	0.1426120736	-0.0027158462	0.054664145	0.0254121511	-0.1410664121	0.1123268872	-0.0767651044	-0.1158648578	-0.0650000162	0.0068806929	-0.0153676583	-0.1103062166	-0.0745159801	0.1180454543	0.1565615074	0.0898170202	-0.1158494748	-0.0006503596	0.15289033	-0.1592363122	0.0271469441	-0.055461927	-0.0306084679	0.0648084931	0.0761256345	0.0336687693	-0.195597876	-0.0267331087	-0.0690262281	-0.1155873517	-0.1266628614	0.1340376331	0.0030744337	-0.0916194898	0.0116068962	-0.0627399871	0.0024383843	0.1183706569	0.1225758756	0.0140602988	0.0655888413	-0.0669786812	0.0020522284	0.0896422824	0.0215337535	0.060358337	-0.0267937326	0.0982146274	0.0162922793	-0.1475118319	0.0986146817	-0.0774455446	-0.0008830116	0.0201617461	0.0075766778	-0.0093744529	-0.0073859777	-0.0735124384	0.0232345315	0.0940365684	-0.0397952184	-0.0742424319	-0.0504732614	-0.2132324435	0.0176052773	-0.073059836	0.0215507318	0.1489822323	-0.0753645977	-0.0558270591	-0.0809300525	0.0006662032	0.0406232098	-0.0616431357	-0.0053764162	-0.0151538183	-0.1371184363	-0.043157288	0.24304324	0.0298330478	0.0433906901	0.1465194163	0.1443998917	-0.0254030552	-0.0662313824	-0.0960699696	-0.0629219879	-0.0026804961	0.1481145217	0.0127530202	-0.0437133146	0.09487258	-0.087862475	0.0012499528	0.0724119329	0.2095560854	-0.0606288615	-0.035720006	0.0107174077	0.1560008095	0.059046272	0.0388565092	-0.0178428893	-0.0793236898	0.0170809752	-0.144921463	0.1914063016	-0.0556194583	-0.0465986017	-0.0526157847	0.0989542444	0.1219402499	0.1152305417	-0.0025508048	0.0842125705	-0.0481764738	0.0692332811	0.0388103414	0.0497676784	0.0223327233	0.0286464481	0.0779535906	-0.0434686408	0.0335720868	-0.0450207585	-0.1326771836	-0.0411526418	-0.0298025991	-0.0986882711	-0.0044778163	-0.0714678418	0.0904954072	-0.0023000726	0.0039377115	-0.1184168613	-0.0117957945	0.000237935	0.004952715	5.6613064225e-08	2.4529385871225e-05	0.0332695	-2.1800000000002373e-05	0.00110685963025	4.752400000001035e-10	0.0691212	0.0014897999999999	2.2195040399999982e-06	0.0047777402894399	-0.00169268	-0.00024467	5.98634089e-08	2.8651655824e-06	0.000592538	0.0	0.0	3.51101281444e-07	-0.000328143	6.777300000000003e-05	1.07677828449e-07	4.593179529000004e-09	0.0
631.5372534518464	0.6772546043606553	398839.30249750166	0.4586737991277078	856.3918921958323	0.6167398285510899	733407.073018758	0.3803680161212277	598.8758393574174	0.4577674722504525	358652.27096605115	0.2095510586505688	617.0736245852025	595.3389648206983	1.16489	51.454323	0.0898525349999999	0.0493854	-0.1266485564	-0.0583199532	-0.0872193516	0.0089712451	0.1166618888	-0.0089277251	-0.0140739409	0.0380816231	0.1652244686	-0.1554128684	-0.0222217178	0.0270046907	-0.1331951039	-0.0119397892	-0.1673774813	-0.0774068267	0.0574984701	0.0626046201	-0.0622789482	0.0093053401	0.0633157916	-0.0591364953	0.0124540213	0.1072811078	0.032395429	0.0037319627	0.0515061871	-0.0143961868	-0.0623650386	0.0239918769	0.0450208247	0.0331154323	0.0819773595	0.0913189213	0.0959906145	-0.021135875	0.1127045956	-0.1844056867	-0.0450626851	0.0120133756	0.0291328861	-0.1107787494	-0.1128640841	-0.0073517727	-0.0997214753	0.0367230261	-0.0434129869	-0.0496797521	0.0748667703	0.0038470522	0.0329358172	0.076327696	-0.0803188893	-0.0010176686	0.0091477195	-0.0931821863	-0.0122533652	-0.0993454711	0.0094620777	-0.1564407658	-0.1238745981	0.0701146864	-0.1595182432	0.0965412389	-0.1134561325	0.0056578487	-0.0291683698	0.0457333036	0.0966930964	-0.1617229564	0.0621508973	0.029755009	-0.0307131503	-0.1424041953	-0.033883634	0.0398803813	0.0305449042	0.1265746673	0.1249206996	-0.0098028037	0.0704413125	-0.1525457081	-0.0491958459	-0.1264935489	-0.0636492198	0.0192958661	-0.0833690334	-0.0144534453	0.1227040596	0.0064187224	0.0533045768	-0.1386263081	-0.1470815036	0.1105650722	0.0534325724	-0.0754545251	0.0828828548	0.0902336801	0.1491953969	0.1512327762	0.0406295032	-0.0467067793	0.1028096465	-0.0743231399	-0.017330067	-0.1245293855	-0.0624481383	-0.0153173049	0.0343405433	-0.0224686983	-0.0448236221	0.0793653092	-0.0557244848	0.0292967283	-0.0077388397	0.0871953272	-0.0026651226	-0.1716963645	0.0035434299	-0.1249475794	-0.1328594113	-0.1237320932	-0.0364542685	-0.0963222244	-0.0226486752	0.0557474818	0.0078733101	-0.1742570819	-0.0797517572	-0.1973085531	0.0297274938	0.0676381048	0.0063925615	0.0513666512	-0.0519217681	-0.1166738057	0.1065626742	-0.0406614262	0.0444341984	0.0269394242	-0.0308199563	-0.1542606235	-0.0001517292	0.1110596365	0.0566663242	0.0634141402	-0.0527847783	-0.0270988723	-0.0866995342	-0.018087042	-0.0243924372	0.0852055201	-0.0495080702	-0.144246641	-0.1594314647	-0.0002493282	0.0279959117	0.0680591493	0.0268442153	0.0677694139	0.1237214319	0.0251252591	-0.0122764215	0.1352262176	-0.0784821225	-0.0757300275	0.0451357484	-0.0259266531	-0.0641466339	0.0532664656	-0.0161039458	0.121661682	0.0967677283	0.0224659607	0.0029256371	-0.0760764547	-0.1016381195	-0.0203887128	-0.0357337981	0.1333113678	-0.00401875	-0.056321443	0.1216570676	-0.0378570795	0.0013127847	-0.1186491225	-0.0039377115	-0.0047252	-0.004963135	2.232751504e-05	2.4632709028224995e-05	0.0598061	0.0265366	0.00357676959721	0.00070419113956	0.103352	0.0342308	0.00117174766864	0.010681635904	-0.00212381	-0.0004311299999999	1.858730768999999e-07	4.510568916099999e-06	0.000592538	0.0	0.0	3.51101281444e-07	-0.000379453	-5.131e-05	1.43984579209e-07	2.6327160999999996e-09	0.0
631.1592569978686	-0.3779964539777438	398362.0076941016	0.1428813192197486	863.7465295556013	7.354637359769072	746058.0673193453	54.09069069371098	598.775105461079	-0.1007338963383972	358531.62691992626	0.0101473178715149	617.0264726838654	613.1075120904608	1.203809	53.17342	0.05317806	0.0316086	0.0854433271	-0.0663141863	0.0079242867	0.1368403868	-0.0864835487	-0.0093522295	-0.0169251944	0.177358692	0.0300217446	0.066518072	-0.1140695466	0.0064248784	-0.048063537	-0.1642685257	0.0318283176	0.0111250542	-0.1343699516	0.0753940238	0.0605837298	-0.0278216016	-0.0665545161	-0.043365363	0.0934332228	0.0614142639	0.0236462721	0.0348905745	-0.1108006544	-0.0882994939	0.1144919657	0.0033346904	0.1298122318	0.0722440164	-0.0700132646	-0.1617333676	-0.0246616102	-0.0035644645	0.0497189665	0.1036486326	-0.108956257	0.0958079505	0.0131471996	-0.0181328117	-0.068325322	0.128128514	-0.0049470239	-0.0113836441	-0.0687083254	0.0425317474	-0.0407274907	0.0491278092	0.0082297296	-0.0360586386	-0.0252436088	-0.140967564	-0.0784643064	-0.0852819079	0.0020679646	0.1081238359	0.1184866562	-0.0578800723	-0.04183272	-0.0224912491	0.0618932638	-0.0153203707	0.0958730584	0.1247658161	-0.0531355768	0.001107148	0.0104600816	-0.0078696985	-0.0413176644	0.0803080861	-0.0874428044	0.0021148078	0.1056236177	0.0976388457	0.0007143184	-0.0759265353	0.0538504275	-0.0800638841	-0.1154085205	-0.045561578	0.0324977128	-0.0873346904	-0.0272080428	-0.0017402638	-0.0561441092	0.0280741628	0.0191630071	-0.0434177212	-0.2071710132	0.2457645571	-0.0241337831	-0.0691781381	0.0854534296	0.0843481959	0.0348578081	-0.0354969491	-0.0777428467	-0.0433753426	0.1154253647	-0.023646648	-0.1104366011	0.0549731271	0.0109252791	-0.0865826468	0.1187314007	-0.1220376453	-0.0300591839	-0.0377764586	-0.0410761841	-0.0976543866	0.0208927139	-0.143730196	-0.0171541215	0.0186032658	-0.0031785204	-0.1023804561	0.0542208108	-0.0545889347	-0.030773962	-0.0545717278	0.025857051	-0.0823627892	0.005415777	-0.0491731844	-0.026429383	0.0824518013	0.1259933034	0.0184154305	-0.0373640997	0.0191390693	0.1570239405	0.0502533707	0.0820653659	-0.0892945381	-0.0506107281	0.0291526196	-0.1047601629	0.1466209742	0.0009975925	0.0606825006	0.0318439484	-0.0583312743	0.0209225147	0.1280335109	0.1083918655	-0.0036416311	0.0352236596	-0.081877546	-0.0267916852	-0.0885204161	-0.1582324324	0.0181167798	0.146611491	0.0355925149	-0.1066810937	-0.0834914715	-0.0160645102	-0.0557795079	-0.0185225054	-0.1063118076	0.0922897644	-0.0136336117	0.0802346482	-0.0689850535	4.8839e-06	0.1377357531	0.1385065995	0.0920952282	0.1330712065	0.067917465	0.006341997	0.0622963526	0.0332747682	-0.1044785855	-0.0216900383	-0.0382539053	-0.0494390698	-0.0566553183	-0.0180869595	-0.1091559847	0.0307106659	-0.1001961807	-0.0013127847	-0.1186491225	0.0039377115	-0.00472731	-2.1100000000004795e-06	2.23474598361e-05	4.452100000002024e-12	0.0471823	-0.0126237999999999	0.00222616943329	0.0001593603264399	0.0815569	-0.0217950999999999	0.0004750263840099	0.00665152793761	-0.00177675	0.0003470599999999	1.2045064359999997e-07	3.1568405625e-06	0.000592539	1.000000000015745e-09	1.0000000000314906e-18	3.51102466521e-07	-0.000407533	-2.8080000000000043e-05	1.6608314608900002e-07	7.884864000000023e-10	0.0
630.4455660505121	-0.7136909473565538	397461.6117527506	0.5093547683386953	855.4821338793809	-8.264395676220488	731849.6813868189	68.3002358931319	598.7126095043828	-0.0624959566961251	358456.7887795476	0.0039057446033639	616.8839185270724	648.080425203706	1.173995	51.85648	0.05151267	0.0248823	-0.031069938	0.1191565936	0.1017639166	-0.088454168	-0.1138435586	-0.1538775544	-0.0770971299	0.0373437547	-0.0756172759	-0.0061803382	0.0778713222	0.1180446338	0.0491508307	0.0915533187	0.089819825	-0.0905206149	-0.0418995558	0.0049871674	0.0357402028	-0.0750459374	0.114033493	0.0810914313	0.0489391713	0.0674352862	-0.0401786572	-0.0169544707	0.1790993962	0.0539974193	0.0084202741	-0.1268720103	-0.0153390129	0.0299210942	-0.0005322705	0.0999977104	0.0141905982	0.0984936071	0.0416605013	-0.0830692277	0.0959743047	-0.0942065511	-0.0279942504	0.0047150102	0.0108442918	-0.0623379976	-0.1268563056	-0.0075951812	0.096067047	0.126726101	-0.0719746069	-0.0838238918	0.1195231264	-0.2298680239	0.0994714513	0.0807417125	0.0063112165	0.1616885873	-0.0222121978	0.0211416538	-0.0811090892	0.0670854467	-0.0751694357	-0.1245680822	-0.1575962839	0.094834797	0.1168865044	-0.0555503023	0.133238536	0.0786180956	-0.0389775507	-0.0288870026	0.0685391342	-0.0489386929	-0.0125045767	0.2308775892	0.1244734334	-0.0854280949	0.0060148144	0.0618639067	-0.0502440947	-0.0200766705	0.1372527707	0.023091996	0.0995948131	0.0435785754	0.064997244	0.1296643781	-0.0373015547	-0.0509935997	0.0093394093	0.0390391486	-0.0322253757	0.1360708069	-0.0618479324	-0.1728376622	-0.1437497485	0.0583588338	-0.0192821384	-0.1221226168	0.0635681333	0.0188090268	-0.1079899701	0.025886016	0.1139985061	0.0139332616	-0.0018314263	0.0449318415	0.030239937	-0.0937987468	-0.057999219	0.0720894572	0.2161845906	0.1473134089	0.1308626515	0.0387640006	0.1649555549	0.0409134603	-0.0127848158	0.1105493501	0.1228334004	-0.0023419795	-0.1031605607	0.0058688826	0.0109305974	0.1532336536	0.085016987	0.0539350394	0.1507540194	-0.0518559333	0.094558952	-0.052936924	-0.0162863368	0.0382339893	-0.0325974534	-0.1063647085	0.1216822238	-0.024276427	-0.0961551294	0.0503427212	-0.0339840487	-0.0402984254	-0.0192245636	-0.030665105	-0.1433181767	-0.024886836	-0.0427270665	-0.1667511533	0.1447681344	-0.0733684337	0.0131104761	-0.0716921788	-0.0011415231	0.0664034016	0.0879138325	0.1353228847	0.1064454388	0.0657540959	0.0070764216	-0.1933376169	-0.0638152289	0.0046543257	0.0677921993	0.095998886	0.056471572	0.1452855373	0.0008037599	0.0617072752	-0.1029878867	-0.0717696025	0.1037719856	0.029313882	0.1028321466	-0.070158674	0.0719595777	-0.0426934863	-0.0695500968	0.1162744759	-0.1214541199	-0.1351998049	-0.1117786961	-0.1029700576	0.0104060861	0.0215953295	0.0936326621	-0.0911281892	-0.0039377115	-0.1184168613	0.0117957945	-0.00471359	1.3720000000000052e-05	2.22179306881e-05	1.8823840000000144e-10	0.0562008	0.0090184999999999	0.00315852992064	8.133334224999998e-05	0.0713972	-0.0101597	0.00010321950409	0.0050975601678399	-0.00216279	-0.00038604	1.4902688160000004e-07	4.6776605841e-06	0.00035336	-0.000239179	5.7206594041e-08	1.2486328959999998e-07	-0.000428729	-2.1195999999999964e-05	1.83808555441e-07	4.4927041599999847e-10	0.0
629.5749569138402	-0.8706091366718738	396364.6263730637	0.7579602688565454	860.825622601762	5.343488722381153	741020.7525277112	28.552871726214565	598.0636754085403	-0.6489340958424918	357680.1598431719	0.4211154607469123	616.4153278148052	585.7182875743551	1.162561	51.351452	0.10626401	0.0582394	-0.0782091453	-0.0879045127	-0.0674970473	-0.0613089013	-0.0193875553	0.1057631628	-0.0643216902	-0.0104139607	0.0757630879	-0.0928502301	-0.0624275405	0.1865028105	0.068404374	0.1077810206	-0.0304935856	0.0436377684	-0.0917580612	-0.0182720738	0.0412703121	0.0529778589	-0.1277200798	-0.0178978785	0.105932301	-0.0041917154	0.0117605787	-0.1084658783	-0.0876690812	-0.2803627539	0.0718606284	0.1305758763	-0.0358225306	-0.2031825784	0.0003436044	-0.0487628118	-0.0676304955	0.142509462	0.0511473182	-0.0484976385	-0.0278925916	0.0603644	0.0156051169	-0.0546234813	-0.0634172031	-0.169837187	0.1127327781	0.1556740099	0.1707236861	-0.0267735778	-0.0405855701	0.0429747079	-0.049118265	0.0657468828	0.0592275704	0.1327595313	-0.0055084764	0.0919833626	-0.002235241	-0.0947013721	-0.0394096923	-0.0093894005	-0.0782466603	0.0500208582	0.0596492968	0.1952029927	-0.1159388129	0.1177650014	0.1871021581	0.0557968506	-0.0178434887	-0.0334258082	-0.0788950544	-0.072105117	0.0820177526	-0.0873362062	0.0875984411	0.0127805537	0.1107476691	-0.0833254591	-0.0440066722	0.0848682222	-0.0088712283	0.1621365809	0.0486710145	0.0711324885	0.0231577294	0.1817296775	-0.0514655479	0.0067245581	-0.0364920036	-0.0084535636	-0.0448462964	0.0725934808	0.150519131	0.0783901443	0.0794837351	-0.1466321592	0.1154224207	-0.1050579963	0.1609005649	0.1001033948	0.04458071	-0.010497256	-0.0737399424	-0.0363943362	0.1222387113	-0.0102328551	-0.0890902531	0.0331470586	-0.1283902137	0.1049808557	0.0618834446	-0.0375439101	0.0460867125	0.129159906	-0.003581025	0.2120619109	-0.1872903932	0.0546584813	-0.0515803359	0.2088879215	-0.0596704102	-0.0091909283	-0.0818906902	-0.0888879433	0.0749445631	-0.0853094779	0.0134824942	-0.0232484771	-0.0517149542	0.1474887211	0.1268942652	0.0939673469	-0.1165977379	0.1261124414	-0.1400645097	-0.0253788587	0.0451547864	0.0212262643	0.0409555667	-0.0745052758	-0.011837092	0.083956832	-0.0581041804	-0.0041266634	0.1375137989	-0.0376081097	0.0989915237	0.0603576046	0.093853252	0.0064403757	-0.0469504937	-0.0220979949	0.0751737835	0.1417704516	-0.1154518519	0.0207269191	-0.0586575051	-0.0208824847	0.1037424117	-0.0254164543	0.0665471956	-0.0457267064	0.0155791899	0.0418051079	-0.0814050073	-0.0732823958	-0.0732400467	0.2553274609	-0.0400897097	-0.0830739123	-0.027283378	0.0258564236	0.1640097288	-0.0316539257	0.0975234754	-0.0589036976	0.0176358139	-0.0936014614	0.052708256	-0.181236396	-0.131369378	-0.0424443651	-0.0728103869	-0.0106088911	-0.006560711	-0.1179527935	0.0196019337	-0.0112747	-0.00656111	0.00012711886009	4.30481644321e-05	0.0969248	0.040724	0.00939441685504	0.001658444176	0.109555	0.0381578	0.00145601770084	0.012002298025	-0.0020275	0.00013529	1.830338410000004e-08	4.110756249999999e-06	0.000378206	2.4846000000000023e-05	6.173237160000013e-10	1.4303977843600002e-07	-0.000172443	0.000256286	2.9736588249e-08	6.568251379599999e-08	0.0
632.3742803129286	2.7993233990883937	399897.2304012944	7.836211492683798	853.8332341915564	-6.992388410205649	729031.1918100131	48.89349567917829	599.4380887033659	1.3744132948255583	359326.0221883444	1.889011904993247	616.5314891964697	579.2420798898215	1.144792	50.566559	0.11182759	0.0543534	0.0179065417	-0.1107162588	-0.0488783428	0.0567710367	0.0364975316	0.1250263963	-0.0886974781	-0.1503283881	0.128704713	0.0111673897	-0.0811593224	0.0181392227	0.0586538066	-0.0116031443	-0.2118467338	0.0458200098	0.1985840272	0.0347487744	-0.0580383262	0.0830554985	0.0841756734	-0.0555829304	0.4424591804	-0.0808968231	0.0291016104	-0.1673411722	-0.0419829486	-0.0786484612	0.1524172022	-0.0035297531	-0.0533400152	0.0639599439	0.1070698984	0.0426561717	-0.0140427951	-0.1053458039	-0.0641159671	0.0115845653	-0.0250954547	0.1567993286	-0.118463048	0.0364765642	-0.1408645856	-0.13733441	0.1903733807	0.1423151741	0.1306942913	0.0491851309	-0.0592024776	0.1019602091	-0.1986362317	-0.1412479889	-0.0336768294	0.0258858377	-0.0754330839	0.0635881349	0.1583978223	-0.1161385863	-0.1946790425	0.0219799462	0.0326579302	0.0714289779	0.2462746621	-0.1805809878	0.123326901	-0.0769260691	-0.0569482544	0.0262025646	-0.0169021894	-0.0638694848	-0.1283022926	0.0135874525	0.1180218775	0.0303931023	0.0263442088	-0.0061806966	-0.1002163223	0.0351458142	-0.0472438253	0.0019257387	0.0568398658	-0.1083946132	0.0770495313	-0.0386619382	0.0063623236	0.1714376669	-0.0804180032	-0.0428749019	0.0722288717	-0.1709498612	0.0437294252	-0.0208177436	0.0321983389	-0.0086913484	-0.0912216066	-0.0840142246	-0.0593971804	-0.0459385679	-0.167021282	-0.0244084654	0.0942951774	0.1087236858	-0.0713488377	-0.2211726501	0.1384259554	-0.102012787	-0.0945011463	0.0067087056	-0.0750997501	0.0772873468	-0.1653874914	-0.3649412777	0.037982299	-0.0348507703	0.1059143462	-0.0207909568	-0.1707792255	0.2795076093	0.1121670569	0.0654248569	0.0406367533	-0.0779622681	-0.000779215	-0.1177335895	0.0382631907	0.0781246435	0.0909121403	-0.0197771192	0.0167732733	-0.0343240313	-0.107740522	-0.1287211155	0.1034318964	-0.0703099249	0.0304090603	0.1072911856	-0.0680421466	0.0202021955	-0.105672791	0.0245318191	-0.0002143447	-0.070771699	-0.0318832819	-0.0400457087	0.0813566496	-0.090777214	0.0288497652	0.044632154	0.0715196992	0.0224167828	-0.0399992799	0.2310298843	0.039485793	0.0282890037	-0.0419063427	0.0863637106	0.0732522123	-0.0493475682	0.1205537899	-0.0584446953	0.0353423312	0.0532274024	0.1093933558	-0.0694974373	-0.0070531213	-0.0872502981	-0.0024846216	0.505516705	-0.0553534298	-0.2544859113	0.0123001146	0.1258495569	0.05477551	-0.0811693404	0.061253477	-0.042129677	-0.0865531983	-0.1395792327	-0.0503907646	-0.0150477768	-0.0080153122	0.3003262822	-0.1263134911	-0.1276319523	-0.0091804995	-0.1172578276	0.0273217542	-0.0079513599999999	0.0033233400000001	6.322412584959842e-05	1.1044588755600663e-05	0.131406	0.0344811999999999	0.017267536836	0.0011889531534399	0.14358	0.034025	0.001157700625	0.0206152164	-0.00181162	0.0002158799999999	4.660417439999996e-08	3.2819670244e-06	0.000185713	-0.000192493	3.705355504900001e-08	3.4489318369e-08	-0.000564031	-0.000391588	3.18130968961e-07	1.5334116174400004e-07	0.0
631.1014151492244	-1.272865163704182	398288.9962033537	1.6201857249716745	855.8842518246275	2.051017633071183	732537.8525214024	4.2066733311689175	597.419732023096	-2.018356680269904	356910.33621054783	4.0737636887901445	615.773885769145	586.08862678042	1.449043	64.005638	0.5389310474	0.31046	0.0707268073	-0.0334486279	-0.0780271307	0.0881533206	-0.0375279144	0.061611271	0.0272426013	-0.0196873721	0.147068976	0.0883066698	-0.0224848385	-0.0105789957	-0.0624638075	0.0472709334	-0.1085649917	-0.2463610711	-0.1225645262	0.1885100579	-0.0047374286	0.5289967017	0.0960203457	0.1684452677	-0.0016208702	0.050905243	-0.0423486265	0.1906487451	-0.179478707	0.2536851693	-0.1830048628	0.107161535	-0.0766917306	-0.0282008512	-0.1333580562	-0.0896573607	-0.0637944416	0.0495195655	-0.0794967125	0.1438736174	0.069304803	-0.0901755701	0.2403755191	-0.0700941241	0.3363078875	-0.0288356551	-0.0890855877	0.2203927104	0.0069726976	-0.0442338481	0.1108164744	0.0102871654	-0.1476499498	0.1271542151	-0.0839463859	0.0066011793	-0.2226244386	-0.0884729707	-0.1562342874	0.1419097104	-0.0575429336	-0.1782788863	0.0119727981	0.0420090036	0.0963511773	-0.1651661277	0.0440086372	0.027063125	0.0940908918	0.1051381962	0.0291020304	0.05850444	-0.0466442639	-0.0533389885	-0.0323027785	0.1682626319	-0.0441507297	0.0973510367	0.0968992846	0.2193127636	0.0487618624	-0.0599194374	-0.0953808636	-0.0745644583	-0.0403673406	0.0367949197	-0.0179567974	0.0464798668	0.1342651239	-0.0208491768	0.0434864468	0.1194618273	-0.0952313767	-0.021209688	0.0385208747	0.1556701962	-0.0528766184	-0.0326316939	-0.0063921884	-0.0187023446	-0.159110462	-0.1043095015	0.0339292401	-0.0198032968	0.0101446581	0.2664089557	-0.357711433	-0.0264218049	-0.3537485473	0.0025265223	-0.1714199581	0.2556703364	-0.2775621633	0.0232905557	0.0518138871	0.0327710342	-0.1493141706	-0.0590335781	0.055879925	0.0857308054	0.0159524922	-0.1816580608	-0.1590448303	0.1616911183	0.0318080777	-0.0890135302	-0.032967862	0.0940800871	-0.0817352025	0.0656063505	0.0469534034	-0.0229883789	0.1273144551	-0.1542915055	0.0703847163	-0.1450326504	-0.0661760426	0.0029255975	0.0112483128	0.1079167128	0.1240886258	-0.0339446245	0.0355203608	0.0724983523	0.1081190982	-0.0234187078	0.0515860393	-0.0009030321	0.0004761736	0.0094476378	0.1036511322	-0.0867208767	0.0061623548	0.074964364	-0.087995747	0.0536837872	-0.0732592762	0.0400021287	-0.0473908008	0.0282417891	-0.0938806962	-0.0231779575	-0.2613500737	-0.0253557829	-0.3196260764	0.2365044625	0.1729521514	-0.1073828657	0.3846172038	-0.0135382785	-0.1182623313	-0.0493922682	0.3630757513	0.0782497998	0.2486889988	0.0395688998	0.1492603814	0.358620971	0.059536394	0.1242653999	-0.0962437667	-0.0203244593	-0.0668750854	-0.0120042077	-0.0902686554	0.2565225836	-0.0117957945	-0.1163333239	0.0349212611	-6.00126e-05	0.0078913473999999	3.60151215876e-09	6.22733637874852e-05	-0.0975455	-0.2289514999999999	0.0095151245702499	0.0524187893522499	0.0475609	-0.0960191	0.00921966756481	0.00226203920881	0.00221327	0.00402489	1.61997395121e-05	4.898564092899999e-06	0.000272272	8.6559e-05	7.492460480999999e-09	7.4132041984e-08	-0.000573964	-9.933000000000056e-06	3.294346732960001e-07	9.86644890000011e-11	1.0
631.0295035079318	-0.0719116412925586	398198.234297467	0.0051712841533896	854.6320300134798	-1.252221811147706	730395.9067249615	1.5680594643140409	598.4588777002384	1.0391456771424146	358153.0282982289	1.0798237383237672	617.0942831105375	597.8844548486328	1.28611	56.808727	0.2098078326	0.133738	0.0323552282	0.071726767	-0.0880170614	-0.0595470668	-0.1325815717	-0.0035356841	0.2184604475	-0.0183645933	-0.0715275837	-0.0017528294	0.1021312955	-0.1004090443	0.0028026002	-0.0815236622	0.1346557187	-0.0638781897	-0.0706926657	-0.0161694286	0.0498155921	0.1698225598	0.1437164123	-0.1059991492	-0.161654114	0.1461146912	-0.0652303577	-0.4233999096	-0.0639220567	0.1189260991	0.083099704	0.0112731311	0.0877951906	0.048626786	0.2323278846	-0.138945748	-0.0445901501	0.0450184698	0.0094433238	0.0495455738	0.1638898531	-0.0356962627	0.153060296	0.0758540274	0.1939316556	0.117758687	0.1085846193	-0.053375919	0.0948366454	-0.0106394905	-0.0267102008	0.1451157179	-0.0008016623	-0.1570638866	0.0485755454	-0.0445175926	-0.0956352227	0.1248534134	-0.1651023873	-0.0915590821	0.0281597023	0.0520930023	-0.1765810512	0.0624770489	0.0496969732	0.0463491462	0.0674061001	0.0293215794	0.0415626456	0.0168715157	-0.0287065042	-0.0865203426	-0.061719361	-0.0905945396	0.0651347828	-0.1862799622	-0.0470950894	0.0615581216	0.1787890064	0.0480459136	-0.035126068	-0.0018538908	0.0608683814	0.0263020782	0.0312246373	-0.2573998476	0.0315901532	-0.0579500315	-0.0907574174	-0.0415300982	-0.0526924782	0.0726754349	0.1675330599	0.1589597513	-0.1366206672	-0.0624006855	0.0547521284	0.0846242813	-0.0309215617	0.0297662076	-0.0966591928	-0.0279619771	-0.1188643549	0.0742056424	0.0265391455	0.2926411731	-0.1007400529	0.1256266414	-0.0716588379	0.0231561286	-0.0179203212	-0.0679760253	-0.0727709388	-0.1199388544	0.0248390539	0.008573811	0.2019196667	0.0851941525	0.0522628863	0.0617328925	0.0014274826	0.1405222297	-0.0762171352	0.1521484975	-0.0503216738	-0.223044155	0.1495437879	-0.0219509989	0.0238669665	-0.0649198321	0.0813233438	-0.0612556407	-0.0900979735	0.1509266338	-0.0413697752	0.1210311325	-0.0258354207	0.0841711095	0.0511808319	-0.0667198038	0.0488151456	0.162553055	0.0761142135	-0.2540333921	0.0086496386	0.1537081399	-0.0280957544	0.0233625055	-0.0198549994	0.0543167034	-0.0977388232	-0.0108564002	0.0867786266	-0.164150301	0.0291425741	0.0174175695	0.2130374669	0.1118725853	0.0988777932	0.0053776321	0.0685503479	0.0758266814	-0.2939012854	0.1163530157	-0.306946684	0.0535380609	0.0339078017	0.0549124501	0.1226993046	0.0932289924	0.3318351194	-0.1129325065	-0.0616932392	-0.1501406736	-0.0104424118	-0.0515061174	0.1598311393	-0.2082897911	0.0486448704	-0.0654048107	0.2779839711	-0.2414248062	-0.0461206883	-0.0075119287	0.0698358078	-0.2219015762	-0.0144053161	-0.1151810923	0.0423669894	0.00622509	0.0062851026	3.87517455081e-05	3.950251469252676e-05	0.0129206	0.1104661	0.00016694190436	0.0122027592492099	-0.00566953	-0.05323043	0.0028334786779849	3.21435704209e-05	0.00285935	0.00064608	4.174193664000004e-07	8.1758824225e-06	0.000291806	1.953399999999998e-05	3.8157715599999915e-10	8.5150741636e-08	-0.000443054	0.00013091	1.96296846916e-07	1.7137428100000012e-08	0.0
627.4916161131014	-3.537887394830477	393745.7282922318	12.51664721850038	856.9653723010298	2.3333422875499537	734389.6493230426	5.444486230868851	597.6408758728179	-0.8180018274205167	357174.6165140289	0.6691269896633049	616.0791767931232	605.8012549812726	1.339646	59.173477	0.26000289	0.139906	-0.1026467004	-0.0877070887	-0.0660415553	-0.0897769794	0.0526850364	-0.0830843592	0.3489946148	0.0691392227	-0.1009540421	-0.1465240639	-0.0477106274	-0.0871128354	-0.182129212	-0.1204471637	0.2250349557	-0.0491745893	0.0616947692	-0.1449949611	0.0359436537	0.1726645204	0.0331988932	0.1642321276	-0.0172901076	-0.2848067686	-0.2774279897	-0.1961869264	0.2118351973	-0.1051300971	-0.0638553677	-0.0637066417	0.0956275201	-0.1241278054	-0.1223650188	0.0972060382	-0.2118934351	-0.0939499601	-0.0055245182	-0.1501373457	-0.0464831334	-0.1169313614	0.1506357963	0.1176117444	0.0719542075	-0.0036536363	0.0669817134	-0.1187846806	0.091189869	0.001098017	0.0644270255	-0.0802335739	-0.0327052485	-0.0387056815	-0.0086589507	-0.0030702943	-0.1012971282	0.2301485388	0.0782833926	0.1089056918	0.0374644109	0.0109504559	0.0494630126	-0.0175348466	-0.0140420293	-0.0468131432	-0.0748708807	-0.0126506823	-0.0849523988	-0.0362989606	-0.1428129908	-0.1071632113	0.0490254159	0.0276829224	-0.0492644712	0.0017689074	-0.0125596783	-0.1268001882	-0.140024583	-0.0358829191	0.0345773343	-0.0545922002	0.0017558741	-0.1305066208	0.0882507368	0.1258499992	0.0408916098	-0.0580568904	-0.038156982	-0.1267716008	0.0508043423	-0.1057640344	-0.0157943548	0.1317898284	-0.0687268748	0.0431189479	0.1489706054	-0.083092519	-0.1355204327	0.2364372369	-0.0010951755	0.1241717128	0.0526327664	-0.1128520265	0.1252237393	0.1876312875	0.127133904	0.0299938413	-0.0427255823	0.1201225601	0.0951084828	0.0009935475	-0.0725619766	-0.080730419	-0.0253314777	-0.054313519	0.1363975964	-0.1757079804	0.0118122257	0.1070299173	0.0323312722	0.0362423903	0.0048661232	0.1634159942	0.0372133291	0.2278069345	0.0691273484	-0.1100606885	-0.0238710633	0.0049829851	-0.0530580593	-0.1224381391	0.0790062992	-0.0158121921	-0.0065202161	-0.0558176759	0.1776110626	-0.1237358833	-0.0835846627	-0.1091594963	-0.1073687929	-0.0428773894	0.0072669507	0.0008189031	-0.024718807	-0.0359072969	0.0476901304	-0.0208033425	-0.0738555188	-0.0439487596	-0.1213026708	0.1009021854	0.0255838218	-0.0174950371	0.1079988034	-0.2909577833	0.0066272462	0.265066829	0.023847757	0.1000377629	-0.0079933996	-0.0714853575	-0.0311594149	-0.0007684342	-0.2279542147	-0.1941765719	-0.1392616021	-0.0360555195	0.0160190228	-0.0797775503	0.285259457	-0.2129237208	-0.0286994484	-0.0401389965	-0.0561442116	-0.1257292592	-0.0656059538	0.0167425956	0.0106782764	-0.1088318089	-0.1416716867	0.2226627724	0.0602235366	0.0581661237	-0.0979741732	0.1443414392	-0.0170077871	-0.1138033884	0.0496261511	0.00104508	-0.00518001	1.0921922064000003e-06	2.68325036001e-05	0.0980355	0.0851149	0.00961095926025	0.0072445462020099	0.0604136	0.06608313	0.0043669800705969	0.0036498030649599	0.00107511	-0.00178424	3.1835123776000004e-06	1.1558615121e-06	0.000479135	0.000187329	3.5092154241000015e-08	2.29570348225e-07	-0.000342126	0.000100928	1.17050199876e-07	1.0186461184000003e-08	0.0
624.8242268172602	-2.66738929584119	390405.314417787	7.114965655568159	860.6788525326065	3.713480231576682	740768.0871968442	13.789935430310807	596.4781062775376	-1.162769595280338	355786.13126843737	1.352033131708401	615.1383383908874	594.0255630694434	1.317083	58.176834	0.1321283399999999	0.0826729999999999	0.1218302696	-0.0694145373	-0.0282477018	0.0499600364	-0.0304913418	0.0196199382	0.2371824587	0.0949938878	-0.2223427106	0.089471456	-0.0577928371	0.0256181007	-0.1061382515	-0.2220072833	0.2094666812	0.2650776178	-0.0020864483	0.1361087649	-0.1795882017	0.198823449	-0.0811337813	-0.1839804429	-0.0921173632	-0.0248388753	-0.0719334196	0.0323324492	-0.0524623186	-0.057515931	-0.2901235795	0.1260891201	-0.0770538992	-0.128838204	0.1136770193	-0.0414014551	-0.0109754517	0.0207697092	0.0022597872	0.0832875288	0.0586194229	0.0402277201	0.1350291761	-0.0442183207	0.2295839554	0.1622778681	0.0730022265	-0.1795948283	-0.0259479228	-0.1616901129	-0.012339291	-0.0459521596	-0.0024655759	0.0371562986	-0.1567384162	-0.0302048121	-0.0114925125	-0.0661832587	0.0415497917	-0.2090652121	-0.076858905	0.008519274	-0.0559251913	-0.2661276617	0.0253256249	0.1401930749	-0.0858981325	-0.004161441	0.0407551655	-0.0357836486	-0.0667157898	0.0846004465	-0.0811139096	0.0246369546	0.0082799915	-0.1453217263	0.0782074152	-0.1215060645	-0.0238957842	0.0163683503	-0.0432643942	-0.0006199098	0.0147532666	0.0652526146	0.0891696858	0.045933286	-0.0786478039	0.0706423109	0.0651237448	0.064196204	-0.0655803975	-0.0191253434	-0.1616404531	-0.1293361972	-0.0394933774	-0.0207366848	-0.0331843386	-0.009652869	0.0152176176	-0.0882625278	0.0466437647	-0.0740865312	0.0316855664	0.0742144958	0.0163645997	0.3583098845	-0.0446707535	-0.032902868	0.1143791206	0.2090190024	0.038574024	-0.1060444136	-0.0554889956	-0.09374085	-0.0635059779	0.0024332682	-0.1768801843	0.1136236422	0.0313556739	-0.1522157613	0.0337265013	0.036732885	0.1874914303	-0.1590393281	0.0085727057	-0.0735404631	0.0872129954	0.0239334382	0.0947347729	-0.0031019294	-0.1209704589	0.0923291256	0.0535474461	0.0346404897	-0.1517899129	0.0797982799	0.060778101	-0.0342008398	-0.0892993658	-0.0161578259	0.1513797963	-0.0385510671	-0.0270242076	0.0834201896	0.0531758436	0.0995245799	0.0535379469	-0.0753266937	0.1089168836	-0.054272788	0.0165850484	0.1092396059	-0.016173783	0.1139397932	0.1003917247	-0.0670883797	0.0104620994	-0.0514745212	0.0878526603	0.0259934715	-0.0552485427	-0.047626897	-0.2187416745	0.0424133599	-0.1825223468	-0.1931980203	0.0615967129	0.0214515204	-0.0958748966	-0.0625698795	0.0901286814	0.1384114059	0.1072688518	-0.0131586052	0.0933282672	-0.0528893601	0.0308345052	-0.2350784802	0.17683153	-0.1605750257	0.0271028301	0.0765989649	0.0633001835	0.0206935837	0.1504426112	0.0379860885	-0.0196019337	-0.1122029089	0.05666678	0.00706027	0.0060151899999999	4.984741247289999e-05	3.618251073609999e-05	0.0209382	-0.0770973	0.00043840821924	0.0059439936672899	0.0346234	-0.0257902	0.0006651344160399	0.00119877982756	0.0011381	6.298999999999996e-05	3.967740099999995e-09	1.2952716099999998e-06	0.000667599	0.0001884639999999	3.551867929599998e-08	4.4568842480100006e-07	-0.000555185	-0.000213059	3.082303842250001e-07	4.5394137481000024e-08	0.0
624.4031917401827	-0.4210350770774766	389879.3458553274	0.1772705361296367	851.9116603818532	-8.767192150753317	725753.4770945659	76.86365820823058	596.9121530417135	0.434046764175946	356304.118448894	0.1883965934916092	615.3599621153649	586.743555459008	1.189221	52.529041	0.250048334	0.135386	-0.0106525103	0.0728934372	-0.0913044333	-0.0472505109	-0.1499448699	-0.0603444038	0.2196607307	-0.1234229081	-0.1211379914	-0.0073337496	0.0911931574	-0.0600360006	-0.0642368909	0.1297042113	0.2672604991	0.108486858	0.0108582711	0.0334557662	-0.1494017986	-0.0027695411	0.0344178059	-0.1535785263	0.0637809415	0.0047133565	-0.0043469125	0.1478744274	-0.0526331725	0.1457587812	0.1977723926	0.0268881013	0.0727724532	-0.0097309015	-0.0877641256	-0.0831741579	0.0193861625	0.0704509977	-0.1816997124	-0.0766872216	0.0509855186	-0.0910149198	0.0489687791	0.0193784093	0.0958072161	0.2286701562	0.1612174185	-0.1644600149	-0.0351660922	0.0369577481	-0.081170404	0.0090724469	-0.1909909805	-0.040620903	-0.0120850465	0.01936028	0.0318705508	-0.0049591765	-0.0869163549	-0.0462324095	-0.1110828174	0.0344000123	0.0491550467	0.035763716	0.0664173261	0.0182842219	-0.0800536925	0.021336977	0.0650046633	-0.0891958114	0.0414197785	0.0814655841	0.0623766091	0.1263456375	0.0600139822	0.1437478668	-0.0736837775	-0.0123705679	-0.094051542	-0.028374985	0.0244834432	-0.0180433843	0.105502232	-0.0732049894	0.1061930192	0.0126696708	0.0526953799	-0.0603695404	-0.0251169156	0.0735983478	0.0813750261	0.0495020914	0.0385378253	-0.0065292288	0.1404017285	-0.0701388173	-0.0523197789	-0.0449151226	-0.0083081334	0.0183569946	0.1310561455	0.0204522815	-0.0800194174	-0.0306945272	0.1050321748	0.1028006763	-0.0597831461	0.1688450018	0.1001375797	0.1316882155	-0.0446422548	-0.1961231856	-0.1055063614	-0.0923393016	0.0152420609	-0.0833784373	0.0075422821	0.0449947802	0.0903773562	0.1225304528	-0.1556790393	0.0471150316	0.060127437	0.008448311	0.0146062767	0.0356349445	0.0647704235	0.1051201423	0.0250131069	0.0352425399	-0.1282868921	0.1294788626	0.0549468038	-0.0731827363	0.0707716171	-0.0040067927	-0.0286077128	-0.0148370514	-0.0267787886	-0.0347238548	-0.1297252141	0.0522412197	-0.020794628	0.1163604142	-0.0886217369	-0.0404591526	-0.0477943051	-0.1411863761	-0.0344234905	0.0102443442	-0.0453601237	-0.0770450284	-0.0485937765	0.0432324401	-0.0405958271	0.1000210898	-0.088171732	-0.0423217355	0.0017413449	-0.039538666	0.0271814362	0.0216282827	-0.0055179585	0.0832403436	-0.1941976967	-0.2286464909	-0.1093534768	0.1667163702	-0.0980134985	0.0351842834	-0.0370172754	0.1033802052	0.1328262573	-0.0862478514	0.0203889413	-0.1780903225	0.0336201457	-0.0154418475	-0.0701036397	0.0169658047	-0.0409768412	0.1002801186	0.1097807926	-0.1273185389	-0.1111382884	-0.0156281088	-0.0221864862	-0.110382787	0.063457872	-0.000490864	-0.0075511339999999	2.40947466496e-07	5.701962468595599e-05	0.111619	0.0906807999999999	0.0124588011609999	0.00822300748864	0.123896	0.0892726	0.00796959711076	0.015350218816	0.000291585	-0.0008465149999999	7.165876452249999e-07	8.502181222500002e-08	0.000416486	-0.0002511129999999	6.305773876899998e-08	1.73460588196e-07	-0.000401937	0.000153248	1.61553351969e-07	2.348494950400001e-08	0.0
624.0475066253027	-0.3556851148799751	389435.2905252573	0.1265119009471811	851.8420200520101	-0.0696403298430823	725634.8271262891	0.0048497755406533	596.0081224428462	-0.90403059886728	355225.6820178468	0.8172713236883327	613.922288625871	579.4688519144621	1.148712	50.739716	0.158542234	0.0923181	-0.0338926509	-0.0981251851	-0.0271801346	-0.1960449983	-0.0331394763	0.0936544952	0.0696215332	-0.0388642513	-0.2228219126	-0.0599207859	-0.0613563019	0.1207501886	0.0613483379	0.140663758	0.1056261677	0.1850581224	0.0661150297	-0.0861889425	-0.1089828616	0.125069468	-0.0986328512	0.0911842223	-0.1477491343	-0.1020424695	0.0469403703	-0.046848552	-0.0515567587	-0.0087515202	0.0196505587	-0.0921987073	0.0605502816	0.1098551629	-0.0518800528	-0.0299349765	0.0511952541	0.1790615772	-0.0620672148	-0.1087453222	-0.0011475175	0.0281359403	0.0783322918	0.1361178954	0.0657357542	0.057205591	0.1762001495	-0.0067861904	-0.0649757343	0.0633518645	0.1263231593	-0.0975331365	0.0801354772	0.0750424005	0.0537232015	0.103022039	0.1555925929	-0.0339148561	0.1429990333	0.001772027	0.0617023004	-0.0059779243	-0.0083328411	0.1665655145	0.0694663564	-0.2040309226	0.0767178697	0.1626548336	0.1816534893	-0.0030926338	-0.0264552912	-0.0659682658	0.0662297943	-0.0331665278	0.0373361981	-0.0984821807	0.0665680345	-0.0313864045	0.0084261848	-0.0293186601	-0.1353764439	0.0608170697	-0.0637916936	-0.0116050272	-0.0910003555	0.0297895746	0.0366708377	-0.1110250825	-0.0896268799	0.1480286928	-0.1143007028	0.2288313139	0.0573680067	-0.1348154479	-0.0187016614	0.0017859047	0.0061013191	0.0127866032	-0.0458738709	0.1383725644	-0.0291704048	0.0959794789	0.0644027817	0.0286180101	-0.0031016009	0.0641998097	0.1125983281	0.2112707513	0.0123689	0.2143702724	-0.0322035986	-0.076233159	-0.0401326084	0.1287192884	-0.0044144411	-0.0398576475	0.0220534721	-0.0490691937	-0.0642894254	0.1426521669	-0.007233942	0.0266545734	-0.0214680458	-0.0894135862	0.0376449725	-0.0498638791	-0.1748806006	-0.0458083625	-0.2206921659	-0.0206982811	0.139228282	0.0943507498	0.0709692871	-0.0359001271	0.1231342382	0.1052691105	0.0373670479	0.0378392984	-0.0669185459	-0.0160879121	0.0033546747	-0.0864371446	-0.0735300575	-0.17812761	0.0807071869	0.0450120859	0.049276779	0.0580247909	-0.0738049203	0.1150816103	0.0334406526	0.0232446335	0.0650498291	-0.008325705	0.0706310014	0.0596734031	-0.0136021058	-0.1515852626	0.0126263894	0.0678893626	-0.21636102	0.0389860547	-0.1186483567	0.0385409691	-0.1175034748	-0.2752303773	-0.0982775209	0.042625052	-0.1434187492	-0.0779956492	-0.1363516262	-0.0228404291	-0.0893955861	-0.061718521	0.1036864137	-0.1054973404	0.0603748997	0.0574452998	0.0373938931	-0.0462808552	-0.0019782306	-0.048705292	-0.018126255	-0.1805294062	-0.0673017443	0.0485255992	-0.0247601796	-0.1083465856	0.0699695221	0.00032372	0.000814584	1.047946384e-07	6.63547093056e-07	0.0800067	-0.0316122999999999	0.00640107204489	0.0009993375112899	0.0597487	-0.0641473	0.00411487609729	0.00356990715169	0.00133384	0.001042255	1.086295485025e-06	1.7791291456e-06	0.000222236	-0.0001942499999999	3.773306249999999e-08	4.9388839696e-08	-0.000399081	2.855999999999974e-06	1.5926564456100006e-07	8.156735999999852e-12	0.0
625.4711672209093	1.4236605956065205	391214.1810246866	2.026809491482713	852.4397569013103	0.5977368493001904	726653.5391459649	0.3572893410113186	596.5925992393989	0.5844767965526216	355922.72946722194	0.3416131257084147	614.7911484625379	579.2932083510475	1.154702	51.004307	0.24816267	0.13222	0.0974692879	0.0133194119	-0.0609057858	-0.0270173665	0.1256692605	-0.0141717243	0.1059730534	-0.1113939118	-0.0494299241	0.0794998678	0.0154613617	0.0359286769	-0.1109697505	0.1706840378	0.0291439555	0.2215184732	0.1320693564	0.0442315816	-0.056783378	-0.0376698939	-0.0009815816	-0.0632372801	0.1162373737	-0.0222638778	-0.1671577105	-0.0675013454	-0.0293791795	0.0620032769	0.0378112232	-0.0253919882	-0.016793179	0.0001712329	0.0325109191	-0.0169366905	-0.0382222915	-0.0076888442	-0.0393914344	-0.0557863546	-0.0259789262	-0.1651819748	-0.094406295	0.0966442472	0.1346661846	-0.0458732441	0.040141423	-0.0770980594	-0.0720445809	-0.0390137776	-0.1212406183	0.1266747362	0.032145962	0.1494056302	0.0248596207	-0.0797919355	0.0219781259	0.0897796787	-0.0893448376	-0.0230326307	0.0982165996	-0.0637713466	0.0389751616	0.1186402221	0.1110802843	0.0393379907	0.0790086471	0.0042559701	0.0750742808	0.0592494613	-0.0504204698	-0.0244134702	0.0538230446	0.1634868676	-0.1030131893	-0.0590995081	0.1310413401	0.1129196743	-0.1294500627	0.0471634931	0.0125043199	0.0309003874	0.1038058103	0.1037536872	-0.013718109	-0.008252886	0.0052619747	-0.0486236366	-0.0268264322	0.048776454	0.0145897244	0.0827250688	-0.0563282568	0.0188499863	0.1716734071	-0.0910227111	-0.1239426137	-0.0564556091	-0.0412900104	0.0720922179	0.1390624296	-0.0861580728	-0.0132715496	-0.0693789855	0.1181278819	-0.0452147366	0.008735482	0.0934182304	-0.000776782	0.1897921142	0.0108175859	0.0163863541	-0.0459926684	-0.0450114752	-0.0778295784	-0.0290722056	0.0519708787	0.0483185144	0.0414808765	-0.0865727146	-0.0388514193	0.1969918917	-0.1054998643	-0.0230895478	0.1064963996	-0.0191635059	-0.1494744254	-0.0202395588	0.0442315923	0.1395883288	0.1067164388	0.0363704705	0.0030100083	0.0207480512	0.1522202356	0.0844455531	0.1540099822	0.0648447228	-0.0084765882	-0.0749328724	0.0588980014	0.0048053542	0.0154307379	0.0897891606	-0.0896682193	0.1600792167	0.0191219703	-0.0452547055	-0.0677995849	-0.1339355258	0.0464416611	-0.0027332539	-0.1582941108	-0.0729277326	-0.0076652414	0.0736011122	-0.0400973196	-0.0494012432	-0.1211224585	0.0392510598	-0.1087446928	-0.1274283997	0.0809771841	0.0494059792	-0.1392473662	-0.2212404526	0.0287453401	0.1350003354	-0.1167651192	0.046707315	-0.1827379176	0.0005997929	0.0215029651	0.0458200078	0.0012209843	-0.010761826	0.0780107429	0.0391399871	0.0814487716	0.0788142566	-0.0239381904	0.0935083	0.0856071809	-0.0128153486	-0.0651709003	-0.1139889826	-0.0273217542	-0.1060982907	0.0761730556	-0.010204	-0.0105277199999999	0.0001041216159999	0.0001108328883983	0.122869	0.0428623	0.015096791161	0.00183717676129	0.130412	0.0706633	0.00499330196689	0.017007289744	-0.00053145	-0.00186529	3.4793067841e-06	2.824391025000001e-07	0.000680074	0.000457838	2.0961563424400005e-07	4.6250064547600004e-07	-0.00055814	-0.000159059	3.115202596000001e-07	2.529976548100001e-08	0.0
626.9291103059378	1.4579430850285462	393040.10934899474	2.125598039182554	846.0376904524226	-6.402066448887695	715779.7736660691	40.986454815973495	596.863900717534	0.2713014781351148	356246.51597975026	0.0736044920382982	614.5812705697856	572.4019913311674	1.159714	51.225689	0.156154075	0.0854865	-0.049186859	0.0633505806	-0.0954020115	0.0039376466	-0.1195957786	0.1272160359	0.0491452631	0.0587342825	-0.0355946333	-0.0358899102	0.0741985371	0.0744522221	-0.0119960916	0.0231152079	-0.0380830318	0.2306500388	-0.1738715094	-0.0003680273	-0.1643498553	-0.1355492763	0.1320778914	0.011193644	-0.1808493005	-0.1194630418	-0.0090291474	0.1213757846	-0.1058895392	0.0550161477	0.093709824	-0.0218932306	-0.010925887	0.1480185557	0.0741192354	-0.0345999618	-0.0533817653	-0.1658317249	0.049466826	0.0495539384	0.0463913934	-0.0752133965	0.0389263654	0.1120803835	-0.0548121082	0.0348031841	0.022215846	-0.0845621323	0.0277620552	0.135089625	0.2100754278	0.1704574633	-0.0754199102	-0.1607518149	-0.0416817629	-0.063155486	-0.1138976373	-0.0643087373	0.1464004362	0.135638833	0.0907360582	-0.0695652349	0.1261444034	-0.0164648511	-0.0243960527	0.0186531709	0.0135566174	0.0402952043	-0.0838919483	-0.0371009265	0.1355732469	0.0557579729	0.0495792754	0.0163602583	0.1626061257	-0.0022467724	0.0899667766	0.0723553256	-0.0186299621	-0.0359104068	-0.0789634242	0.1655129178	0.0301581956	0.0348538387	-0.0987663581	0.0959143904	-0.0285145315	-0.119851321	-0.0079588166	-0.0472040604	0.1245230315	0.0890239368	-0.048749765	-0.1260393346	0.0328662965	-0.0139502765	-0.0611967819	0.0801154328	0.1403039971	-0.1347866953	-0.0224642073	0.0414400915	-0.0852119633	-0.0421326263	-0.1398455673	-0.0151730886	0.0625789937	0.0915959273	-0.0172771328	0.0748181539	-0.0761700907	0.0327416838	-0.1101440547	7.78036e-05	0.235602035	-0.1702710303	0.2166752363	-0.0989563158	-0.0224601272	-0.3087617361	-0.0225594918	-0.0520093798	0.1356500958	-0.0128245339	-0.0735912817	0.0125309441	-0.0340002273	0.0367282427	0.0253816035	0.0005485343	-0.0688495522	-0.0017091262	-0.0304299508	-0.0168075733	0.0658220692	-0.0449701368	-0.0250396767	0.0657617745	-0.0608009614	-0.0163826647	-0.1549950323	-0.0569684351	0.0039302065	-0.0687177261	0.1238570532	0.0118791329	-0.1112732306	-0.1019892554	-0.0070439566	-0.0507710367	0.1029516835	0.0354265689	0.0290623312	0.0420109203	-0.1351082916	0.0900438299	0.0695066627	-0.0848877705	-0.0319940055	0.0926084854	-0.0455884626	0.0122351148	-0.097914442	-0.0457821813	-0.0149641432	-0.1499228349	-0.1161251282	0.1534348948	-0.0777434355	0.0449698154	-0.189943256	0.0326699535	-0.0290449792	-0.0618931377	-0.0425213794	0.0012098455	0.1098409296	0.0527659733	0.0954404709	0.0168396877	-0.0673013583	0.0301047829	-0.0715374512	0.0578715229	-0.0292053174	0.0888609668	-0.0298699563	-0.1036423034	0.0820411548	-0.00358929	0.0066147099999999	1.2883002704100002e-05	4.375438838409999e-05	0.06031	-0.062559	0.0036372961	0.003913628481	0.0785359999999999	-0.0518760000000001	0.002691119376	0.0061679032959999	-1.83057e-05	0.0005131443	2.633170726224901e-07	3.3509865249e-10	0.000839688	0.0001596139999999	2.5476628995999997e-08	7.05075937344e-07	-0.000528811	2.932900000000003e-05	2.79641073721e-07	8.601902410000016e-10	0.0
629.6464562394416	2.7173459335037933	396454.6598548871	7.3839689223296014	853.6303867032389	7.592696250816289	728684.8371031211	57.64903635715973	598.5965013192091	1.7326006016751307	358317.7713915979	3.001904844925025	616.3297871639019	579.0854653401716	1.165512	51.481804	0.131330595	0.0756354999999999	-0.1071172857	-0.0845161749	-0.0440021573	-0.0205114397	-0.0165913347	0.0343090282	-0.053306246	-0.1817544943	0.0130717832	-0.1076930139	-0.0659432692	0.0640852823	0.0332281182	0.122186466	-0.0712090858	0.0875159715	0.0793464831	0.0703700903	-0.0842714752	0.080047615	-0.0139397729	-0.1431613491	0.1593631862	0.1004121718	-0.0895676111	0.0867331418	0.1209438823	0.0915554748	0.0242339569	-0.0343084537	0.0692507792	0.065700635	-0.0183757391	0.0002659798	-0.114946955	0.0051640006	0.0547770434	-0.09781715	0.0731519568	0.1406843631	0.1055708857	-0.1883806009	-0.0428617865	-0.0483103295	-0.0286697052	0.0171920987	-0.0250962738	0.0240541821	-0.0452885545	0.0006771233	-0.1426618431	0.0389080124	-0.023495285	0.0590349014	-0.0022444821	-0.0412398703	-0.0917775714	0.0125422586	0.1068198419	-0.0600596108	0.0266049505	-0.0970339519	-0.0777069278	-0.0829453957	0.1361097594	0.0069334653	-0.0732459718	0.0633794081	-0.0235725457	0.0234792586	-0.0558857705	-0.0486378832	0.0125427696	-0.0441212458	0.0164699575	-0.054442729	-0.0521241362	-0.0618531293	0.2077018484	0.0090990005	0.1257037279	0.1553135205	-0.0845224848	0.0488127443	0.1044176297	-0.1360079651	-0.0891211134	-0.0745865053	-0.0527692216	0.0370740913	0.020282768	-0.0591104752	-0.0037121442	-0.1346954298	0.1195289355	-0.1016886514	-0.0864806035	-0.1063004268	-0.0828933809	0.1038379971	0.0459788653	0.1005523642	0.0224514593	-0.1037817526	-0.1028692626	-0.0962615055	-0.1581624255	0.0098363178	-0.0701180204	-0.079977299	-0.0754408954	-0.0605336579	0.1035463271	-0.0683342437	-0.1291285998	0.0686350951	-0.0568727229	-0.0001365995	-0.0861527031	-0.0382826389	0.0280455522	-0.0648846256	0.1031209214	0.0719579836	-0.0535718173	-0.0978475404	-0.0536883983	-0.0673444372	0.02116313	0.0568234588	-0.0655234565	0.1229284775	-0.0291852066	-0.0514882827	0.0536234589	0.0037584759	-0.2266165876	0.0707767455	0.1125659129	-0.0775358139	-0.0699544888	-0.0064720307	-0.1623500007	0.1327796945	-0.14985716	0.0089670617	-0.1010753712	-0.0544503473	-0.155353065	7.5987e-05	-0.1082590403	-0.1277247687	0.0219278821	-0.0217223207	0.0709803102	-0.0504840774	0.0164702153	-0.0233088874	0.149349696	0.0725768542	0.0436031774	0.1246233236	-0.033738532	-0.0595306829	-0.1107274594	-0.0287166944	0.0584560122	0.1073242851	-0.2287777408	0.0689727731	-0.0016367896	-0.0282284458	-0.0135980265	-0.0738042662	-0.0127234523	0.0248438142	-0.0091310657	0.0400169335	-0.1123270919	0.0191049213	0.0434550361	0.0125906013	-0.0328242617	-0.1119456884	-0.0324035386	-0.1009834314	0.087547979	-0.00777962	-0.00419033	6.0522487344400005e-05	1.75588655089e-05	0.0879429999999999	0.0276329999999998	0.0077339712489999	0.0007635826889999	0.12897	0.0504340000000001	0.002543588356	0.0166332609	-0.000909883	-0.0008915773	7.949100818752901e-07	8.27887073689e-07	0.0008104549999999	-2.92330000001e-05	8.545682890058465e-10	6.568373070248379e-07	-0.000589466	-6.0654999999999954e-05	3.47470165156e-07	3.679029024999994e-09	0.0
630.4201968699156	0.7737406304739807	397429.6246215031	0.5986745632462731	849.798938957332	-3.831447745906871	722158.2366530072	14.679991829614844	598.9132894636479	0.3167881444387603	358697.12829616724	0.1003547284569529	616.8763517100143	586.2104355339843	1.192155	52.658653	0.0782672299999999	0.0483143	0.0753082354	-0.0971054838	-0.0033912422	0.0717301275	-0.0880156787	-0.0022845653	0.0087116473	0.048299702	0.1013786123	0.0472998699	-0.1218558851	0.0987629653	-0.1149535513	0.0060345497	-0.0158496727	-0.0507448725	-0.1202742991	-0.0585550453	0.0301732784	0.1192402406	0.1802208204	0.0779746311	0.1002922724	0.0345195353	-0.1150868388	0.1249756424	0.0907979197	-0.0926302063	-0.1159280152	-0.0494183169	0.0612730087	0.0711378849	0.0944507957	-0.0055826702	0.0710748136	-0.1133220967	0.0488630296	-0.0097681441	-0.2084933812	-0.0375575429	0.1162403702	-0.0289305449	0.0204251588	0.1288200348	-0.1204184789	0.1654668307	0.0403477463	-0.0137204169	-0.0531352569	0.0202259051	-0.029737014	-0.0008589053	0.0406649118	-0.1137238917	-0.0255607437	0.1734343543	0.1338734129	-0.0854893193	0.0543095204	-0.202787793	0.1986754642	0.0150614718	-0.015612045	-0.0494732108	0.0135829953	0.0793251856	0.0289269178	0.0592664122	-0.0386313474	0.0113920278	-0.0642740807	-0.0801369323	-0.1479714968	0.0763655117	0.0012269024	0.0341259517	0.068255293	-0.1189989765	-0.0304709009	-0.0073534449	-0.0400355777	0.0756711664	-0.0960310057	-0.0213910659	0.0298698081	-0.000729447	0.0391979485	0.0760322223	-0.0432841882	-0.1236800923	0.0900757106	-0.0247374437	-0.0654031744	-0.071775774	-0.0689884174	-0.0372033801	-0.034753122	0.0262069065	0.0850674756	-0.0324245582	0.1527527476	-0.176667394	0.0104089076	0.0716818004	0.0140917275	-0.0447672293	-0.1165442663	-0.1849459025	-0.165927625	0.0394935692	-0.1133122177	0.0107415927	-0.032189283	-0.0639564626	0.080139883	-0.0421497625	-0.0097757237	0.0443200225	0.0247747905	0.1100521523	0.0023609245	-0.1983511229	0.1299754179	0.2037411107	-0.1206966376	-0.0176634892	-0.0938960107	-0.1103542388	0.0251072749	0.0184480475	0.163970634	0.1310467095	-0.1190586976	-0.0105492636	-0.0565222349	0.0348796228	0.0286381448	0.0257602279	0.0106001033	0.0706138454	0.0618967292	0.0517833853	0.0460787178	-0.0945092919	-0.0514811765	0.1462199565	-0.014394376	-0.0427212108	0.0389791002	0.0803708461	-0.0299192974	-0.023050976	0.1102438045	0.0398810947	0.0920596227	-0.0592788021	-0.0160562499	-0.0555371118	0.062498743	-0.0116791433	0.0577111627	-0.1367219947	-0.0736687714	-0.0229379535	0.0906669268	-0.0452753798	0.0960374305	-0.0246726121	-0.0601844908	0.0848349731	0.002323062	-0.0888636304	-0.0571682403	0.0494913468	0.0077325057	-0.0930056896	-0.077481764	0.0782610358	-0.1542761264	-0.0092061087	0.0462499039	0.0018583273	-0.0740767294	-0.1493824547	-0.0349212611	-0.0981268796	0.0926692784	-0.00726864	0.00051098	5.28331274496e-05	2.611005604000003e-07	0.0501987	-0.0377442999999999	0.00251990948169	0.0014246321824899	0.100201	-0.028769	0.000827655361	0.010040240401	-0.0010468	-0.000136917	1.874626488900002e-08	1.09579024e-06	0.0007988179999999	-1.1636999999999995e-05	1.3541976899999995e-10	6.381101971238403e-07	-0.000513161	7.630499999999993e-05	2.6333421192100004e-07	5.822453024999989e-09	0.0
630.0778330432081	-0.3423638267074693	396998.0756924248	0.1172129898377821	861.5013461874781	11.70240723014615	742184.569482837	136.94633498017689	598.0478956656898	-0.8653937979580633	357661.2855101598	0.7489064255442812	616.6309997740867	590.1075852414535	1.185936	52.383926	0.11143846	0.0616058	0.0583531734	0.0823707187	-0.0503818309	-0.1571452452	0.0106812796	0.0776993713	-0.0114181541	0.0439587414	-0.0112408702	0.0661760733	0.1217039839	0.1617898631	0.0556255943	-0.0091592117	0.0190990244	-0.0222936864	0.0977451817	-0.0437153953	0.1135938272	0.0287183278	-0.064724407	0.0159048115	-0.0352793722	-0.0598680223	0.0862783498	0.132127158	0.0037251832	-0.0514144359	0.0544522977	0.0813543831	0.0548001283	0.1119882086	0.2572175209	0.0813773267	-0.0578581629	-0.0561979868	-0.1374234671	0.0661211583	0.140331187	0.0489931252	0.0160948698	0.010399862	-0.0308476749	0.0637078601	-0.1181617679	0.0025574952	0.0257788263	0.0143953738	-0.0228137407	0.017005144	0.0404183845	0.1087529929	-0.0997309314	0.0270107203	0.166969262	0.1066266261	0.0968239806	-0.0565823408	-0.0706936422	-0.0146573044	0.1027495561	-0.0522086593	0.0062637703	-0.0499144346	0.1109274557	-0.0238752491	-0.0540250104	0.0008006618	-0.1340171357	0.0566532644	0.1182840241	-0.0815614627	0.0971308646	0.1026380508	-0.1538959308	0.0202146066	-0.0129826639	0.0780719866	0.0446376131	-0.1713755914	-0.0679509993	0.196233113	-0.0218452922	-0.179408933	-0.0122474111	-0.0861364131	-0.0239809885	0.017275834	0.1337084593	-0.1584086908	-0.0614075329	-0.0531122842	0.0865875671	0.0363967042	0.029539904	0.0604739231	0.0131607409	0.0989058368	0.1010417777	-0.0628517601	-0.1338072105	0.0700067872	-0.0386803633	0.0588541284	0.1105893311	-0.0666570622	-0.0546393487	-0.0506666372	-0.0152694608	-0.0633366863	-0.0549149761	0.1030924572	-0.0113928629	0.045136028	-0.0300278325	0.0588989368	-0.1129878129	0.0690520947	0.0020816569	-0.0235897267	0.1208306774	-0.1007700692	0.1268689189	0.1900608723	0.0109715878	0.030238653	-0.0797623146	0.0334384251	0.0579827391	0.0753568047	0.015931978	0.0409724506	-0.020290819	-0.1829497818	-0.0400113613	0.2148034815	0.1252777805	0.0476171476	0.0045597926	0.0883680954	0.0083284059	-0.0454357357	-0.1333299981	-0.0589733976	-0.0177256241	0.0202039906	0.0268680505	0.0736599065	-0.0415965627	-0.099310603	-0.0600315751	-0.0250541346	-0.1578359671	-0.2537887639	0.0173372327	-0.0654708029	-0.0230024566	0.0518397128	-0.0072424316	-0.1611399235	-0.100966764	0.0182262916	0.0823755382	-0.015310464	0.0428685369	0.0924526029	0.0910484055	-0.0605811688	-0.0123973209	-0.0410728031	-0.0972140333	-0.0017506081	0.1183668946	0.0683130942	-0.0809737099	-0.0764743061	-0.0883865134	0.1091172304	-0.0875738004	0.1088960363	-0.0797586372	0.1362073306	-0.0198665563	-0.0625554051	-0.0374218916	-0.0950782398	0.0973825011	-0.00680013	0.00046851	4.62417680169e-05	2.195016201000001e-07	0.0154682	-0.0347305	0.00023926521124	0.00120620763025	0.0616428	-0.0385582	0.00148673478724	0.0037998347918399	-0.000412326	0.000634474	4.0255725667600013e-07	1.7001273027600002e-07	0.000741191	-5.762699999990002e-05	3.3208711289884766e-09	5.49364098481e-07	-0.000574685	-6.152399999999998e-05	3.30262849225e-07	3.785202575999997e-09	0.0
629.5269486639185	-0.5508843792896414	396304.1790941038	0.3034735993453334	859.3660820130613	-2.135264174416875	738510.0629144795	4.559353094548179	598.0834404676865	0.035544801996707	357703.8017616647	0.0012634329489851	616.4652557564643	590.2140323911789	1.161524	51.305649	0.11341143	0.0676053	-0.1157111956	0.0013529017	-0.0797893219	0.0990662265	0.1394854429	-0.0405073659	0.0679663796	-0.0977799295	-0.0088896203	-0.0903509878	0.0206016113	-0.1225464294	-0.0213973032	0.0611184237	0.0275576984	0.0153421772	0.0671940038	0.108621531	0.0777825695	-0.0626808233	0.0255689774	0.0585042262	0.0003625116	0.0401397787	0.1166300543	-0.0238247774	-0.0500533716	0.0066758316	-0.053445423	0.0153054001	-0.1663739197	-0.0220367238	0.0376282293	0.146760341	-0.11044169	0.0915166591	0.0472541012	-0.1512676223	0.061366476	0.0278063267	0.0021347119	-0.1021879724	-0.0584059501	0.0654474265	0.0126596636	-0.001220735	-0.0939138622	-0.2095714099	0.0784750727	-0.0178718105	0.126171546	0.1388086659	0.0351564875	0.0192359356	0.1326257946	0.0004837838	-0.0203385728	0.0241332381	0.082998755	-0.0129256097	0.036410244	0.0938895762	-0.0367712341	-0.0143587669	-0.0574802792	-0.1088968917	-0.0435708187	-0.1293235494	-0.0338295602	-0.1375628341	-0.068269037	-0.0028211123	0.0745358749	0.0931774353	-0.0075871262	0.1382789475	0.0734884111	-0.0746878343	0.0177546748	-0.0476907507	-0.0045784689	0.0089951478	-0.1040405518	0.0377735348	0.0909792026	-0.0037375172	0.0915493079	-0.0044276616	-0.116008982	-0.0049764492	0.0833261322	0.0595190274	0.1195563546	-0.0943648836	-0.0354427983	0.0311077455	-0.0126783551	-0.0658097088	-0.1475105218	0.111888287	-0.0391175078	0.0324303516	0.0785057512	-0.079042419	-0.0858658827	-0.0291896843	0.1110339943	0.0219321382	0.0842598862	-0.0704094223	-0.0793369487	0.053781076	-0.1992701948	0.2160366295	-0.0894970054	-0.0019160211	0.026692939	0.0114041404	0.0246285803	0.0245975001	0.005048897	-0.0094844114	0.111812338	0.0623576557	-0.0901731892	-0.05506233	-0.0784396767	0.0570582907	-0.0475710412	-0.027953041	-0.1047060408	0.007153741	0.0746275462	0.0094787957	-0.0876349741	-0.1162004141	0.1429809943	0.0926938855	-0.009440636	-0.0591544279	0.1010887632	-0.1079419309	0.0569826726	-0.0633945674	-0.0271070372	0.0154385657	-0.1037690601	-0.0286897446	0.17360117	-0.1011289086	0.0763425683	-0.1104655059	0.0275500747	0.0437913571	0.0921432699	-0.0005567686	0.0336269421	-0.1062641951	0.1288780623	0.0657309525	0.0397695079	0.0956978094	-0.0405187145	-0.0075765074	-0.1045093778	-0.0137937251	0.1128218066	-0.0586690862	-0.0347632033	0.014722904	-0.0061746916	0.1749238291	-0.0012893496	0.0008652499	-0.035296931	-0.1189590586	-0.0475090479	0.0754421342	-0.0368402969	-0.0057501849	-0.0419709089	0.0038761415	0.0104156432	-0.1101193042	-0.039904206	-0.0918434799	0.1016668918	-0.0019879	0.00481223	3.951746409999999e-06	2.31575575729e-05	0.069598	0.0541297999999999	0.0048438816039999	0.0029300352480399	0.0994556	0.0378128	0.00142980784384	0.00989141637136	-0.000428293	-1.5966999999999978e-05	2.5494508899999926e-10	1.83434893849e-07	0.000571697	-0.0001694939999999	2.8728216035999986e-08	3.268374598090001e-07	-0.000427014	0.000147671	1.82340956196e-07	2.1806724241000014e-08	0.0
629.5803774581037	0.0534287941852653	396371.4516802884	0.0028546360480914	852.7969756504838	-6.569106362577486	727262.6816786118	43.15315840285601	597.8008851683497	-0.2825552993367637	357365.89830806246	0.0798374971832881	615.7576183359942	585.3411671197487	1.227658	54.226833	0.0736239299999999	0.0425507	0.0798854636	-0.1138671186	0.0353701712	0.0592160339	-0.1297452381	0.0564306172	-0.0276236361	-0.0528607074	0.009286979	0.088728681	-0.1753126484	-0.1276942585	0.0247334618	0.0624999482	0.0216609242	0.0244789563	-0.1509382473	-0.118816158	-0.0242307488	0.0039026738	-0.0267422068	0.0161952562	0.1380826841	0.0619025226	0.051310255	0.1150421307	0.0325571596	0.0952037059	-0.0818062224	-0.0287721187	0.0880319299	-0.1457885092	0.0022107556	0.0664308531	0.0559052253	-0.0210638375	-0.0434230887	0.0261999647	-0.1782427333	0.0628455502	-0.0859160105	-0.0108208642	-0.0387455834	0.1171963685	-0.0338924776	0.0893117452	0.0581124625	-0.0153455908	0.0379468007	0.1065419228	-0.0462559159	-0.0186817137	-0.0565284964	0.1234141839	-0.0384595291	-0.1015052961	0.0105242806	0.0546617072	0.0110941583	-0.0400194734	-0.0132347098	0.0075259546	-0.1126888086	0.164171072	-0.0216758858	-0.0789999357	0.1693042418	-0.0356924023	0.1033231316	-0.0606623662	0.0452347873	0.0496453887	-0.0261171418	0.0026459221	-0.0905873393	0.0509108162	0.0269870492	0.0456659253	0.0197976743	-0.0582612121	-0.0355896306	0.0742877674	-0.0513321173	0.0093274871	-0.0689479719	-0.107653823	0.0113299789	-0.0468975252	-0.0230318056	-0.1054838938	0.0034383231	-0.0631403819	0.1807091915	-0.0138939083	0.1160057789	-0.020644519	-0.1613454115	-0.0202732172	0.0084820485	-0.0478996171	0.1706876455	-0.0540100145	-0.0779685197	-0.061917563	-0.0256440625	0.1069501889	0.0846243932	-0.0827291204	-0.0767573346	-0.0899782875	-0.1043347266	0.0521624529	0.0442248366	0.0988459474	0.0150382128	0.1023929892	0.0106673897	-0.0517242333	0.0306162411	-0.101846922	-0.047130109	0.098251698	-0.1458940228	0.0744286511	-0.0950244144	-0.0079072823	0.1494867657	0.0312758794	0.0640432545	-0.0096644842	0.1328565174	7.84738e-05	-0.0531059213	0.0320847864	-0.0985951409	-0.0287222515	0.0961150857	-0.0104633597	-0.0285314801	-0.0672534653	-0.0158986012	-0.0653202404	-0.0551481829	0.0583608732	-0.0514184566	0.0457084622	-0.0829736522	-0.0563051834	-0.0575817883	0.0688246241	-0.0993706272	-0.017056123	-0.0670448965	-0.0882709912	0.012397437	-0.0327746218	0.0366707557	0.1971360047	0.0792027159	-0.1677110164	0.013950985	-0.1755757568	-0.0223241945	-0.0571870086	0.0720489617	-0.080454272	0.0709767415	-0.0053271462	-0.0540843008	0.0878004769	-0.0042558556	-0.0821886025	-0.0218496776	0.0074120714	-0.019348936	-0.0458106641	-0.1472325995	0.1172123758	-0.1008444544	-0.0080032516	0.0545831887	0.0405127427	-0.0379400338	-0.1421852513	-0.0423669894	-0.0884289321	0.1055035841	0.00111808	0.00310598	1.2501028864e-06	9.6471117604e-06	0.0411341	-0.0284638999999999	0.00169201418281	0.0008101936032099	0.102292	0.0028363999999999	8.045164959999938e-06	0.0104636532639999	-0.000917316	-0.000489023	2.391434945290001e-07	8.414686438560001e-07	0.000726601	0.0001549039999999	2.3995249215999997e-08	5.27949013201e-07	-0.00056744	-0.000140426	3.219881536e-07	1.9719461476000012e-08	0.0
630.6083051040152	1.027927645911518	397666.8344661588	1.0566352452291954	857.9596007232886	5.162625072804872	736094.6764732649	26.652697642353505	597.4392234831912	-0.3616616851585377	356933.6257561985	0.1307991745117132	615.5781382207156	587.5726976417943	1.218845	53.83754	0.10231562	0.0721522	0.0843383896	0.0887751743	-0.047200707	-0.0967260975	0.1167599277	0.0819097195	-0.0454557427	0.0099470112	-0.0034982126	0.0969884654	0.1196575233	0.1319411719	0.0633202082	-0.0383904101	-0.0615164743	-0.0021192731	0.1124633049	0.0129860951	0.1105936888	-0.0136643664	0.0401735176	0.040227813	-0.0863957462	0.0031418436	0.017709793	0.0516883586	-0.1561193876	0.0030898855	0.0055827892	0.0816054444	0.1580072341	0.0393173332	-0.0787688333	0.076824469	-0.1102904917	-0.1134539032	0.0520996007	0.0921599909	0.1179141653	0.0090573653	-0.0829985767	0.1352395221	0.0559068309	0.0007654123	-0.0390034077	-0.0584824765	0.0536983914	-0.0962364647	0.1220150756	-0.0366944547	-0.0118377627	0.0804276844	0.0071405226	-0.0516093837	-0.0881455747	-0.0252159119	-0.013704171	0.0128960765	-0.0563118754	0.0342814647	-0.0495602592	-0.0922953016	0.0479582508	0.1266490187	-0.0328018201	-0.021018847	-0.0005981798	-0.1072297954	-0.0170159625	0.0322266938	-0.0633990838	0.0676798288	0.0045249487	-0.0772911018	-0.0716069063	0.1167284787	-0.0526752529	-0.153451214	-0.1056858679	-0.0292568045	0.0473641281	-0.0689594444	-0.1551606584	-0.0834404155	0.2031669468	0.0810513679	-0.1160411209	-0.1040988826	-0.0178316554	-0.0667477658	0.0683522846	-0.1175429985	-0.1967494576	0.1702513096	-0.0684741704	-0.026674556	0.0982959022	0.1043078459	0.110236806	-0.1236066457	-0.1196326071	0.0966912605	-0.0389156941	0.0235036611	0.1536846708	-0.0336886517	-0.0076526584	0.0489033798	-0.0051789068	0.0843501762	-0.0704569679	0.0204040128	0.0245422931	0.0869491976	-0.0976521913	-0.0357073406	0.0798430536	-0.1032074161	-0.0606850774	0.0054188083	-0.0349668378	0.0246362352	0.0270533651	-0.018469615	0.0630948536	0.0238993659	0.1037828179	0.0956939318	-0.0587272244	-0.008411908	-0.0763681479	0.0619775862	-0.0175844049	0.1243618995	-0.1312475689	0.0172165945	0.0531775661	-0.0761028804	-0.034137375	0.0189442507	0.0257815675	-0.0738860436	0.083321356	-0.074994831	-0.1642283363	0.1107633793	-0.0992943819	0.0299588963	-0.1175687199	-0.1572977875	-0.0367870767	0.0912794351	0.2543649035	-0.0218937457	-0.1754649441	0.0662164266	0.1531904845	-0.0890353786	-0.1121973557	-0.0636039018	-0.0882278397	0.072111169	0.0845987684	-0.0163332394	0.0842892878	0.102325162	0.1084423221	-0.0719818756	-0.0498631984	-0.0648187872	-0.165780885	0.1107946404	-0.0356018995	-0.0318985751	0.0090375945	0.0582819698	0.0248742011	0.0890763548	0.0447505114	0.059192248	0.098160005	0.024842349	0.0230085585	-0.0955651066	-0.0448090364	-0.0848412804	0.1088756826	0.0087365299999999	0.0076184499999999	7.632695644089826e-05	5.804078040249848e-05	0.0412262	9.209999999999774e-05	0.0016995995664399	8.482409999999584e-09	0.05329	-0.049002	0.0024011960039999	0.0028398240999999	-2.60886e-05	0.0008912274	7.9428627851076e-07	6.8061504996e-10	0.000733971	7.370000000000033e-06	5.4316900000000485e-11	5.387134288410001e-07	-0.000553976	1.3464000000000032e-05	3.06889408576e-07	1.8127929600000088e-10	0.0
630.2554731337909	-0.3528319702243152	397221.9614150986	0.124490399212372	860.2635070233714	2.303906300082758	740053.3015161501	5.307984239561025	597.5496487194043	0.1104252362131319	357065.5826846835	0.0121937327927259	615.8748781704403	589.3302942379918	1.189505	52.54158	0.16317813	0.09386	-0.1058698082	0.0171371543	-0.0691468318	0.1424302507	0.0862773421	-0.0738894943	0.0791376592	-0.0892888115	0.0806332158	-0.0952455733	0.037286219	-0.172174906	-0.0720206765	-0.0115730476	-0.0497594438	-0.0792722499	0.0373593477	0.1104941339	-0.0100419734	-0.0911432432	0.0164716685	0.0497363086	-0.0161477448	0.1482925844	0.0875220759	-0.0409708697	-0.0479800433	-0.0900767076	0.0426920883	-0.010558702	0.0017063526	0.0876591184	-0.0282965613	0.0177591452	-0.0060317255	0.0333641672	-0.1030085755	-0.1066535707	-0.0776755811	-0.0754243576	0.0134073428	-0.0715472928	-0.0102721156	-0.0415726332	0.0443640794	0.0538810548	-0.0563634862	-0.005491664	0.0080084597	0.0003331002	-0.070069091	0.0119846986	-0.2050394029	-0.028599717	0.048611287	0.0242122345	-0.0844473415	0.0291785022	0.0873419675	-0.0258514952	-0.0681246476	0.0418914914	0.00865219	0.1481750333	0.0598169127	-0.0460426441	-0.0611522126	-0.0513875358	-0.0349477748	-0.1035076594	0.0812761373	0.0400792663	-0.0885222296	0.0532041651	0.0648228187	-0.0530241788	0.0030445686	-0.0568856411	0.0128544841	0.0598649574	0.0276839226	-0.112826996	0.0567311139	-0.1173672314	-0.1791258463	0.0666744191	-0.0929218812	-0.0891366932	-0.2007032627	-0.0613174139	0.0558052386	-0.0605743034	0.0193740692	0.0572337895	-0.0571732758	0.0085442103	0.1226033937	0.0490252413	-0.0885791413	0.093173537	0.0149986056	-0.1047733522	0.0721213117	-0.073239048	-0.1277605771	-0.0642886906	0.0357932065	0.0299594462	0.0387841861	0.059053358	-0.0673811472	-0.0611061872	-0.1420588414	-0.0674060894	0.0397467946	0.0955663522	0.0097125827	-0.0745487125	-0.0973470164	-0.0745728958	-0.0125479739	0.0488538834	-0.1022180409	-0.0339757964	0.0024369894	-0.1307200081	0.0419015894	-0.0139699003	0.0732782001	-0.0784998027	-0.0356891798	0.1103148255	0.0119415735	0.0050085931	0.0683220141	-0.0360337688	0.080455775	0.0084496467	-0.0345890288	-0.0373778995	-0.02829045	0.0017928053	0.0932098596	0.0269426494	-0.0252238903	0.0106204181	0.143770367	0.0509774579	-0.046836292	0.0846656698	0.0219028276	0.0725841609	0.0030797001	0.0531704124	-0.1765803012	-0.0548461437	0.0489909655	-0.1040156225	0.1192650246	0.0873304515	0.1132600565	0.0024717126	-0.0776044826	0.0483460738	-0.0853748597	-0.024546737	0.1003550495	-0.0285002125	0.0005546319	-0.0404299661	0.0302795051	0.09702122	-0.1068100656	-0.0196518143	-0.046082717	-0.0484703026	-0.0282379595	0.0986427841	-0.0257929578	0.0973839908	-0.0756371834	0.0549966264	0.0253902574	-0.1424850692	-0.0472291519	-0.081087548	0.111768338	0.00258952	-0.0061470099999999	6.7056138304000005e-06	3.778573194009878e-05	0.0782088999999999	0.0369826999999999	0.0061166320392099	0.0013677200992899	0.119569	0.066279	0.004392905841	0.0142967457609999	-0.0010172	-0.0009911114	9.8230180720996e-07	1.03469584e-06	0.000666915	-6.705600000000002e-05	4.4965071360000034e-09	4.4477561722500003e-07	-0.000571197	-1.722099999999999e-05	3.26266012809e-07	2.9656284099999957e-10	0.0
629.6921102451712	-0.5633628886197357	396512.1537050168	0.3173777442739727	858.7695747683009	-1.49393225507049	737485.1825477284	2.23183358274	597.5822960085609	0.0326472891565572	357104.6005028633	0.0010658454892718	615.5351490203902	590.9057428078879	1.232548	54.442856	0.18112493	0.103687	0.0288495561	-0.1053938347	0.0635393411	-0.0464175179	-0.0908123103	0.0945446251	-0.1238973735	-0.04073503	-0.0595257948	0.0228599486	-0.129587348	-0.0364030052	0.1500085748	-0.0452063791	0.0131369531	0.0165232908	-0.0399795279	-0.0963194824	-0.0058495984	-0.0205570367	-0.0591027824	-0.0378671303	0.0279417186	0.0074691693	-0.0564121472	-0.1144248872	-0.1806944067	0.1671794273	0.0328782602	0.014426632	0.0464594985	0.0622627816	0.0124777669	0.0537764032	0.1145806381	-0.0259038428	0.1020876912	0.0481567168	-0.0465856196	0.0806378409	-0.0955716412	0.178627901	-0.0775728446	-0.039310448	0.060153039	0.0001801914	-0.0017668023	-0.0814334426	-0.045436189	0.1110002158	-0.0195057473	0.0997265415	0.0280480633	0.0190479537	0.0690638711	0.1413694055	0.0111247003	-0.0896017242	0.0485715571	-0.0628573432	0.0715054912	0.1236393429	-0.1253744218	0.0845058362	0.0658789781	-0.0199615168	0.0158216594	0.0746402257	-0.0830081695	0.0748121694	0.0467561551	-0.1451130557	0.1150758365	-0.1764005616	-0.093509201	0.1146363716	0.1261229331	-0.0310596996	0.0703577605	-0.022726638	0.0168406276	-0.1141536748	-0.039400879	0.2026263519	-0.0402971553	-0.0481265321	0.0677282415	0.0282611097	-0.0312729832	-0.0725429143	-0.0875606843	0.1717156298	-0.03167847	0.1382118219	0.0037744179	-0.0674054631	-0.0134999723	-0.0955109543	0.0002408031	-0.0065182699	0.0630687935	0.07201671	-0.1164304238	-0.0684859057	0.1378662936	0.1540740135	0.025746302	-0.0042333912	0.0564339222	0.0378520591	-0.0511822899	-0.0328063598	-0.0893425056	0.0972008615	-0.0093567274	0.0687954171	-0.0086487244	-0.1000985997	-0.0686478416	0.0421491848	-0.0436065822	0.0630726485	0.0062176789	0.0389294593	-0.0631019339	-0.0974555682	0.0304479866	-0.1104845635	-0.0488762551	0.0263268933	-0.0195044962	0.0244332899	0.0540471051	-0.1586441053	-0.0669350901	0.0275491738	0.0786395474	-0.0057538292	0.114405915	0.2481406427	-0.1982612625	-0.0739729889	-0.0042839204	-0.0491627719	0.2203238091	-0.0245439334	-0.0197475066	-0.0273794131	0.0994259151	0.1484807959	0.0065942133	-0.143778856	0.0393539576	0.021950396	0.0119476465	0.1537135182	-0.0644472749	-0.0422729796	-0.0269425105	0.0159487796	-0.120806888	-0.04184501	0.1153154863	-0.0503865461	-0.0073807802	-0.0947494636	0.0120397627	-0.0620099901	0.0016514681	-0.0186740279	-0.1431409105	-0.0714796239	-0.0500892331	0.0285289651	0.0875071721	0.0218013338	-0.0231328243	0.1356470853	0.143141843	0.0723955606	-0.1368498784	0.1479516092	0.1326919638	-0.0241834934	-0.0496261511	-0.077175083	0.1141688124	0.0124555	0.00986598	0.00015513948025	9.73375613604e-05	0.0336241	-0.0445847999999999	0.0011305801008099	0.0019878043910399	0.0356268	-0.0839422	0.0070462929408399	0.00126926887824	-0.000347796	0.000669404	4.4810171521600004e-07	1.20962057616e-07	0.000683851	1.6935999999999948e-05	2.8682809599999816e-10	4.6765219020100006e-07	-0.000402898	0.0001682989999999	1.62326798404e-07	2.8324553400999986e-08	0.0
630.5062771919662	0.8141669467950123	397538.1655784725	0.6628678172535124	856.8275820710888	-1.941992697212072	734153.5053977885	3.7713356360250185	597.9967425322961	0.4144465237352506	357600.10407923727	0.1717659210362336	615.9852753939434	588.1490191944313	1.20117	53.056824	0.21724772	0.121259	0.1074085411	0.0132852028	-0.0080642095	-0.0401409025	0.0919261748	-0.075391737	-0.0410140258	-0.0445003736	0.0958153351	0.1121674106	0.0079725835	0.0471809626	-0.0512865481	0.0634625075	-0.0767032056	-0.0593306864	0.0605659235	0.0754640227	-0.0189587495	-0.041781673	-0.0137284908	-0.086282679	-0.0575407678	-0.0213863021	-0.0392220464	0.0332964186	-0.0235913031	0.0642833036	0.170156975	-0.1482558576	-0.0081383994	-0.0954664117	0.0069330602	-0.1076857553	0.10103568	-0.0467608967	0.1419237238	-0.0205998632	-0.0022021953	0.0613720593	-0.0845951442	0.0076465496	0.09455102	-0.1098739961	-0.087271391	-0.0315078992	-0.0339729338	-0.0861821198	-0.0463278375	0.0261767252	-0.0916612469	0.0805655393	0.05911318	-0.0102577432	-0.0185029534	-0.1564896519	0.0935182881	-0.0341506415	0.1729562968	0.0655937382	0.055568786	-0.0229122811	0.1228394048	-0.0054055365	-0.1428097788	-0.0619914758	-0.0865829993	0.0209627784	0.0060146779	-0.0970370498	0.0642467158	-0.1204778704	-0.0081405156	0.0697390649	0.1166826804	-0.1509347639	0.0559753303	-0.0995250133	0.0685308593	0.048709815	0.0840894361	-0.0796366985	-0.0337616273	-0.1082248222	-0.1251688305	0.1458859985	-0.0386805958	-0.0270976941	0.0531214045	0.0558311742	-0.0205449821	0.052508697	-0.0013210129	0.0102591	0.0111185437	-0.1373721136	0.010334837	-0.039426835	0.0061334774	-0.1128929252	0.0159897325	0.0467753762	0.1315629536	-0.070900882	0.0163993849	-0.0579154615	-0.0596215299	-0.0078270018	0.0101151862	0.0755612024	0.0246782977	-0.0444320061	0.025597899	-0.0024986123	-0.0749653527	-0.0719289573	0.0433382951	-0.0947036094	-0.0995763938	0.1174423474	0.0861135651	-0.089959413	-0.0413036306	-0.1154234198	-0.0895017465	-0.0539262509	-0.0429568935	0.0659862578	0.0036242763	-0.0275570047	0.036806008	0.0106801996	-0.0866055011	-0.0373526098	0.152667306	-0.1839384069	0.0818594906	0.0354219606	-0.0914399314	-0.1056550492	-0.1103069254	0.0116126109	-0.0310738766	0.0051782531	-0.0519624776	-0.0707820875	0.0250785354	0.2101410481	0.0680973166	-0.0431579548	0.1008602049	0.0536295321	0.0066961982	0.0432843143	-0.083925079	0.0325208352	-0.0560137889	0.0846097913	0.1535243782	0.0205508372	0.1129006326	0.125109851	-0.0042854405	-0.0025620613	0.1494623122	0.0279666234	0.0465254536	0.043068796	-0.039474985	0.0432101084	-0.1296146435	0.0148118484	-0.1055156265	-0.0637686127	-0.0070523751	0.0178733057	0.021629784	-0.0221376215	0.0030425306	0.0925926027	-0.0245755766	0.0648921255	0.0300247552	0.057139183	-0.051998861	-0.073111544	0.116066535	0.00870188	-0.0037536199999999	7.57227155344e-05	1.4089663104399994e-05	0.109529	0.0759049	0.011996601841	0.00576155384401	0.116155	0.0805282	0.0064847909952399	0.0134919840249999	-0.00129856	-0.000950764	9.03952183696e-07	1.6862580736e-06	0.000649155	-3.469599999999997e-05	1.2038124159999978e-09	4.21402214025e-07	-0.000558658	-0.0001557599999999	3.12098760964e-07	2.4261177599999992e-08	0.0
632.2073568933157	1.7010797013494994	399686.14211003226	2.893672150343302	853.6752113778248	-3.1523706932640607	728761.3665209739	9.937440987750136	598.8163463975327	0.8196038652365587	358581.0167128899	0.6717504959107071	616.6730183119292	588.5794747070113	1.192686	52.682102	0.10378417	0.0625927	0.0086635367	0.1165751744	-0.0291184425	-0.0357252723	0.020279959	0.1107217027	-0.0605679434	0.0723371617	0.1406193677	0.0048300791	0.1061673988	0.0202037557	-0.0478544925	-0.0406948898	-0.0858380584	-0.0617229249	-0.080759738	-0.179875321	0.0214677249	-0.0386494249	0.0174189296	-0.0364732497	-0.0754241825	0.0161341842	0.0005426347	-0.0839236326	0.0507628629	-0.0269898997	-0.0529894786	0.0977976712	-0.0094013239	0.064372374	-0.0287988218	-0.0427249471	0.0958863389	-0.0333338355	0.0099174717	0.0496928298	-0.079759377	-0.1803287357	-0.0879186534	-0.0285292207	-0.142576714	0.1634794554	0.0222317054	0.0998770566	-0.0127203977	-0.0843654951	-0.1670092865	0.092409965	0.083724818	0.0718190337	0.1408344293	-0.1685353969	0.0133288472	-0.0235221585	0.0748203003	0.0389150231	-0.0149718692	0.013477929	-0.0238608379	-0.0229106455	-0.020250618	-0.0028155135	-0.0285948277	-0.1000340151	0.0902530342	0.0959055342	0.002954592	-0.038893044	-0.0571479268	0.0180159957	0.2607125448	0.0901113222	0.0157542116	-0.0540645899	-0.0220724684	0.0476864347	0.0074919401	-0.0627074994	-0.014051048	-0.102808516	-0.0735541866	0.013099255	-0.0620210488	0.0708667944	0.0448563876	-0.0635372982	-0.1248880935	0.1166212625	0.0246939742	-0.0183444417	-0.1723482163	-0.0594626041	-0.0231414303	0.1664895694	0.0245326612	0.0639466716	-0.1199858645	-0.0489109148	-0.0831574081	-0.1981586953	-0.049816088	-0.0664120107	0.0565228237	0.0452795807	-0.0016227558	-0.1805671541	-0.0940472972	-0.1036794563	0.0151601353	-0.0585772345	-0.1922620906	0.0591074975	-0.0122276969	-0.0696827599	0.0527610121	-0.1181527883	0.0636390488	0.1475389661	-0.11771486	-0.0619878641	-0.0180730553	-0.0806900965	-0.0654766692	-0.012573233	0.0119808882	0.1005461396	-0.0459642543	-0.0087255609	-0.0393443407	-0.041370681	-0.0721305379	-0.0847126676	-0.1635937316	-0.0254764737	-0.1167868158	0.0184949136	-0.0354472282	-0.1179741313	-0.0733704101	-0.0657285583	0.0829923298	0.0670832459	0.0931986288	-0.0085476959	0.1345092824	0.0042502115	0.0371148502	-0.0906204422	-0.0543173276	0.0499075067	0.022250011	-0.1101097138	0.1224442003	0.0297823616	0.0382044372	-0.0518731275	-0.1072690292	0.0015481988	0.0282372865	-0.195779866	0.0264316108	0.0733046232	0.0063911072	0.1081195178	0.0888428903	0.0254442295	0.0060260095	0.0656349515	-0.1886906039	-0.0795315762	0.0313685586	-0.0456317642	-0.0215207162	-0.0907371204	-0.1254676079	0.1360434233	0.0326278932	0.0183202034	-0.0314766101	0.0003002637	-0.0260763885	0.227236465	-0.0543461203	-0.0689048858	0.117453149	0.0117429	0.00304102	0.00013789570041	9.2478026404e-06	0.0574019	-0.0521271	0.00329497812361	0.00271723455441	0.0837192999999999	-0.0324357	0.00105207463449	0.0070089211924899	-0.00129856	0.0	0.0	1.6862580736e-06	0.0008513919999999	0.0002022369999999	4.0899804168959554e-08	7.248683376638297e-07	-0.000437288	0.0001213699999999	1.91220794944e-07	1.4730676899999996e-08	0.0
632.1910669628778	-0.0162899304378925	399665.5451476619	0.0002653618336713	860.7762893771969	7.101077999372137	740935.8203539759	50.425308753167	599.126901098535	0.3105547010022746	358953.0436199337	0.0964442223146122	617.2575311389182	596.1083520560187	1.233333	54.477528	0.0606993799999999	0.0417679	-0.1061615561	-0.0240386585	-0.0222749011	0.0369736975	0.126074024	0.0656225842	-0.0678342772	-0.0776875263	-0.070793965	-0.0895582634	0.0112014263	-0.1129290597	0.2074558965	-0.0403306719	-0.0622837742	-0.0213839954	0.139878176	0.0905092361	0.205956136	-0.0411032118	0.0650788646	-0.0181296217	-0.0636243608	-0.0449401733	0.0670528886	0.0069867859	0.0480914918	0.0436140224	-0.0830027717	0.1049195885	0.0199796935	0.0876120356	-0.0191447475	-0.0336267089	0.0060676449	-0.0663248933	-0.0145847395	0.0055871629	0.1485601574	0.0995270063	0.0413298633	-0.2117690211	-0.0848735575	0.0418319295	-0.0948839818	-0.0387992624	0.0041824635	-0.057857097	0.0402657079	-0.0434337245	-0.035628796	-0.0052136758	0.0128312709	0.0179609697	0.0193761801	0.1040508791	-0.053244117	0.0088606539	-0.0263714641	0.0805425843	0.0651784223	0.1824913646	-0.0335690202	-0.1853439669	-0.1162709637	-0.0222927215	0.0059251217	0.0058380527	-0.1014214228	0.0244004977	0.0674958218	0.1134968076	-0.0339181633	-0.0099092109	0.0918071427	0.0741201362	0.1012270757	-0.0281344853	-0.031343255	0.1563293058	0.0255284551	0.000510259	0.091850761	0.0379837846	0.1100522622	-0.0051746865	0.1131493152	0.0101238893	-0.0381411069	0.0102898684	0.044224162	-0.120987621	0.0565531951	0.0591664464	0.0034160986	-0.0030355178	-0.0118170777	-0.0678183723	0.0280401104	0.0842402131	-0.035323057	0.152681883	-0.0736964477	-0.0728987188	-0.1070657186	-0.168049309	0.0141668252	-0.0428063048	0.0535349005	-0.135766913	-0.0637278638	0.0983608116	0.0217641832	0.0807735592	0.0145091216	-0.0795666071	0.0352610349	0.1193898925	-0.0429680222	0.0720111326	-0.036314967	0.0143397902	-0.0270450856	0.0975349006	0.0194242488	0.0462019053	-0.1690819739	-0.0641068054	-0.0706603962	-0.0598343116	-0.0940930255	-0.0256467353	0.0405238011	0.0512519987	0.0677231179	-0.0181176934	0.1469603274	-0.0232638023	0.0748217965	-0.0351481934	0.0064938222	0.0659911767	0.0892398053	-0.0759108213	-0.0064752927	-0.155840347	0.0283206268	-0.0553241788	-0.004282728	0.120725576	-0.0839006956	-0.0453567702	0.0957773458	0.1546749812	-0.0289885801	-0.0337687894	0.0457423061	0.104945329	-0.1018406751	-0.0721794251	-0.0783510226	0.0855245837	0.1533834574	0.0057266445	-0.1145326282	-0.0505688982	0.1610287194	0.0196197139	0.031536689	0.025457629	-0.1248024307	0.095690687	-0.0552719411	-0.0658309158	-0.0801886295	-0.0424330422	0.0235437959	-0.0088364686	0.1286470299	0.0083448004	0.0646109512	-0.0413497058	0.0485928255	0.0758349816	-0.05666678	-0.0645633431	0.1183225485	0.00869747	-0.00304543	7.564598440090001e-05	9.2746438849e-06	0.0554392	-0.0019626999999999	0.00307350489664	3.852191289999991e-06	0.0643312	-0.0193880999999998	0.0003758984216099	0.00413850329344	-0.000630957	0.000667603	4.4569376560900003e-07	3.981067358490001e-07	0.0008144479999999	-3.694400000000002e-05	1.3648591360000011e-09	6.633255447038371e-07	-0.000458804	-2.1516000000000016e-05	2.10501110416e-07	4.629382560000007e-10	0.0
631.1390844407362	-1.0519825221416568	398336.5439086907	1.1066672268915214	858.3470379355454	-2.4292514416515587	736759.6375327245	5.901262566766176	598.6812247265093	-0.4456763720256731	358419.2088400332	0.1986274285819662	617.1715772087505	598.6071268162226	1.274434	56.292969	0.1364456499999999	0.0741480999999999	0.0637482723	-0.1016834876	0.0287745153	0.0702270968	-0.0554683307	-0.1683468861	0.0363573462	0.1295000288	0.1379212757	0.0317791774	-0.126556277	0.0865503241	-0.0872229033	-0.0556989349	0.0312607058	-0.163652	-0.1343231594	0.0853262322	-0.0263219257	-0.1103894397	-0.0279681387	0.0527823517	-0.0515234172	-0.0691698473	0.1541638426	0.0160314798	0.0693114644	-0.1220540465	0.0558915581	0.0385472955	0.2047063582	0.02841735	0.0523410896	-0.1089709335	-0.0066525653	-0.0033496524	-0.0471766954	-0.0585309359	-0.1036462329	0.0074112893	-0.0856448593	-0.0321400994	0.0366319469	0.1534589414	-0.1054680942	-0.059186058	-0.0724900908	-0.1106213073	0.0753153598	-0.1587531403	-0.1164323939	-0.1703176411	-0.0893799882	-0.0422684682	-0.0128079945	-0.0871729754	0.0236747634	0.0469402645	-0.0847534276	0.0944673443	-0.0109578828	0.02845402	0.0783518512	-0.0548568666	-0.1021643283	0.1557921465	0.036454364	0.0211610027	0.1161445285	0.0231931114	0.0159050805	-0.0989149801	-0.0372939424	0.0536494987	-0.0197044834	0.0052365946	0.1040921529	0.0532945708	0.1017407472	-0.0923126392	0.0519325584	-0.0881239336	0.042308723	0.1573562521	0.0383236871	0.0183304219	-0.0329313589	0.0463034475	-0.1036070887	-0.1345512511	-0.0189531011	0.0051942842	-0.0091056114	-0.1180869085	0.0983342646	-0.0606893027	0.024531248	-0.0948839134	0.0601255907	-0.0021167121	0.1049369237	-0.0371699363	0.1244547542	0.0868967701	-0.0079218946	-0.0833907631	0.2131149659	-0.1132914562	-0.0737013071	0.0667466913	-0.0361662523	0.0484969605	0.0488995825	-0.0033460923	0.0035110852	-0.0898980828	0.0338050995	-0.0109243974	-0.044136243	-0.0555527579	0.0275469355	-0.1049441596	-0.1867803329	-0.017731639	0.156839586	0.1657013279	-0.1139911191	-0.0380955361	-0.039927339	0.0779172659	0.0399555875	-0.1442352391	0.0348554446	-0.0131723073	-0.0425989826	-0.0618498052	-0.07758838	0.0562385691	0.0104361273	0.002951622	-0.1599484916	0.0175246287	-0.0096871117	-0.1162349444	-0.0327987424	0.0822413189	-0.0282295898	-0.0294826174	-0.0157252768	0.0467526745	-0.0706645354	-0.1818906674	0.0467525006	-0.0090602349	0.0343196798	-0.0040076092	0.0239702569	-0.0627976056	0.2128550516	0.0017919698	0.1119506735	0.0370899965	-0.0361242844	-0.034357013	0.1047928165	-0.0971591752	0.1087547072	-0.0329510075	0.0952780663	0.0989448137	-0.0349477998	-0.0290534302	-0.1287077314	0.0458388402	-0.0530687848	-0.0926024704	-0.0547154157	-0.0447614258	-0.0414203157	0.0234740945	-0.0466673792	0.0627542161	-0.1191815295	0.1126317459	-0.0589597043	-0.0600954145	0.1186709048	0.00401992	-0.00467755	1.6159756806399998e-05	2.187947400250001e-05	0.10092	0.0454807999999999	0.0101848464	0.0020685031686399	0.11909	0.0547587999999999	0.00299852617744	0.0141824281	-0.000895636	-0.000264679	7.005497304099999e-08	8.02163844496e-07	0.000571697	-0.0002427509999998	5.8928048000951435e-08	3.268374598090001e-07	-0.000581944	-0.00012314	3.386588191360001e-07	1.5163459600000012e-08	0.0
630.0408253638507	-1.0982590768854834	396951.4416251622	1.2061729999613542	858.6902093843706	0.3431714488252737	737348.8756925743	0.1177666432888374	598.526865416197	-0.1543593103123157	358234.4086249384	0.0238267966800937	616.8651251963123	597.514415493694	1.257053	55.525234	0.11139474	0.0696969	0.0390922034	0.1170001399	-0.0312626251	-0.1209111358	-0.0308150062	0.0412719226	0.0492606757	0.1169028711	-0.0753110598	0.0092668885	0.1168634597	0.0668683111	-0.0601664118	-0.0764003872	0.0894591176	0.0030538641	-0.0380505155	-0.1784973768	0.1364859443	0.0277673779	-0.0719132789	0.0060686283	0.0110969475	0.0840561487	0.1022204723	-0.0200775996	0.1861245865	-0.033212932	-0.0275012944	-0.0263268493	-0.0558666049	-0.0677827447	0.0577144841	-0.0528192387	-0.0924944924	-0.0427543793	0.101773001	0.1002332749	0.022039228	-0.0535619592	0.0518181455	0.0497758217	-0.0412180938	0.2295572263	-0.0002428781	-0.1892968691	0.1145634794	0.0360198501	-0.0146488332	-0.0861160911	0.1070194678	-0.0194878541	0.1237416616	0.0196280907	-0.0266515109	0.0074755083	-0.0013500013	-0.0254763026	0.0148141901	0.0505246933	-0.0045321018	0.131432033	-0.0810937308	-0.0470834968	0.021991865	-0.1703763154	-0.1750979292	-0.0446895425	-0.0041444745	0.0434761571	-0.004036839	-0.0589881393	-0.0352503803	0.1011047415	0.1466395003	-0.0075485978	-0.017733914	0.0681826561	0.0589978975	0.0955918325	0.0059732152	-0.0478065421	-0.0197390116	-0.1029900552	-0.0140294269	0.0266549562	-0.0666210446	-0.1263689282	0.0868720357	-0.0335720107	0.0345160515	-0.1205359885	-0.0512392079	0.130801165	0.1214407486	-0.0399881586	0.08632494	-0.1797670588	0.096226396	-0.0622232695	-0.1045821694	-0.0972133892	-0.0401696979	0.1685350685	0.140149639	0.0196805326	0.0234215883	-0.0525337254	0.0046344163	-0.1965314808	0.0492342049	0.026149915	0.0402700116	-0.031739034	-0.0236413529	-0.050826208	0.0796359448	0.0143038412	0.0394496229	0.0447173293	-0.060718121	0.0248363383	-0.0209942303	-0.0307782425	-0.0777077804	0.0064703015	-0.0690582243	-0.1086517756	-0.077728295	-0.1692370403	-0.1957049531	-0.002148714	0.0494453475	-0.2175283293	0.0763268078	-0.0022112806	0.1288568703	-0.0163442602	-0.0142888124	-0.0964044705	0.1070377917	0.0073833247	-0.0443479522	-0.0636903432	-0.1820654724	0.0921058843	0.1634369153	-0.0079575922	-0.0864018444	-0.045340726	-0.0332120171	0.0658577116	0.02429674	0.1039794117	-0.1271651586	-0.041165879	0.0898935279	-0.0171426297	0.0964610017	0.0639790836	-0.0382826753	-0.117364508	0.0854947878	-0.0427261977	-0.0075390219	0.1352057851	0.0312237112	-0.0783378343	0.1309822865	0.0349263665	-0.0295062972	-0.0125509061	0.1221954124	0.0913980063	-0.10047033	-0.0501989785	-0.1292833105	0.1378350131	0.0727779977	0.0115743177	-0.0337016673	0.0917471952	0.009857767	0.0304611194	-0.0612237711	-0.0555098464	0.118496684	0.00875156	0.00473164	7.65898024336e-05	2.238841708960001e-05	0.0438714	-0.0570486	0.0019246997379599	0.00325454276196	0.0797516999999999	-0.0393383000000001	0.00154750184689	0.0063603336528899	-0.000714907	0.000180729	3.2662971441000015e-08	5.110920186489999e-07	0.000571697	0.0	0.0	3.268374598090001e-07	-0.000606739	-2.4794999999999985e-05	3.68132214121e-07	6.14792024999999e-10	0.0
628.8247399629117	-1.2160854009389368	395420.55358942354	1.4788637023768147	857.497381198568	-1.192828185802682	735301.7587624021	1.422839080845318	597.9392702497391	-0.5875951664578452	357531.3709067906	0.3452680796446227	616.2235689550658	592.18195533103	1.190322	52.577682	0.0552928	0.0301284	-0.0996677097	-0.0329748008	-0.0210708827	0.0492838175	0.1362736907	-0.021922051	0.0268887879	-0.1159287564	-0.1228693583	-0.07829734	0.0091113113	-0.1331704649	0.0991920273	0.0468167178	0.1249881393	0.0354606451	0.136055963	0.1313658115	0.0922797513	-0.0762946603	0.1504706276	0.0946283062	-0.0671751606	0.052614816	0.0837036877	0.0968169194	0.0707415878	-0.0101609062	-0.0879886849	0.0741217164	-0.0653747096	-0.0174867444	0.036998536	0.0596371249	-0.004515407	-0.0362103055	-0.0041346445	-0.0401521707	0.089767525	0.0942692935	-0.0086037772	-0.0156995342	-0.0577891975	-0.0139047522	0.0191340588	-0.0155928108	-0.0795141543	0.031642162	0.0877789787	-0.0985432768	0.0851039381	0.0808714126	-0.0145761412	-0.1290091228	-0.0399908712	-0.0583638084	-0.0930687626	0.040111699	-0.0827756957	0.101820159	-0.1222722336	-0.0278273003	0.2618085188	0.0207526373	0.1319305926	-0.0878570335	-0.0279295098	0.0140716194	-0.0219999059	0.0048478923	0.0541889119	0.1455345829	-0.0769134474	0.0053525902	-0.0646578027	0.0109197819	0.1239541173	-0.12757174	-0.0607776812	-0.0214968268	-0.058898783	-0.0117511048	-0.1220240426	0.0641451186	-0.1658562442	0.0314883324	0.0423372777	-0.0695206593	0.026706472	-0.055489305	-0.0419335112	0.0207200314	-0.0524897961	0.0463242378	-0.1072305915	-0.1505650968	-0.1021031556	-0.0496722864	-0.0408876739	0.1152392439	-0.0125653037	0.1352516305	0.0066350264	-0.0356429054	-0.053910165	-0.0446756485	0.120553003	0.0412683939	0.114265638	-0.014658569	-0.0371614715	0.0336019061	-0.0179351146	-0.0677868477	-0.0475687339	-0.0294738545	0.0479135822	0.1111079457	0.0616505632	0.0238084636	-0.0719271957	0.0838399457	0.0612302609	-0.0951659081	-0.0684977223	0.107355582	0.05197573	0.2405174662	0.0794191073	-0.037437476	-0.0861253082	0.0853593006	-0.0233797874	0.0560499824	-0.0274805089	0.0470091994	0.0352961079	0.0173965445	0.0880770992	0.0326465515	-0.1788937879	0.1343168096	0.1418707701	0.0167906965	-0.1034215314	0.0665670886	-0.0214603488	0.0328612713	0.0283816729	0.0524305509	0.1440695206	0.1565205395	-0.0213401391	-0.0732657501	0.0066073225	0.072142848	-0.0137875238	-0.0386064651	0.0569159232	-0.0459282646	-0.019544141	0.1135958956	0.0743422242	-0.0698923488	-0.1078861924	-0.0363586104	0.0179451186	-0.1438035247	-0.0005516522	0.0147097101	0.0261356843	0.159872212	-0.007176141	0.0252796877	-0.1048579082	0.0277200391	0.007738441	0.0035007433	0.0562476473	-0.1502120831	0.0759737274	0.0256860743	0.0549429432	-0.007568121	-0.063457872	-0.0508156151	0.1178006533	-0.00131894	-0.0100705	1.7396027236e-06	0.0001014149702499	0.0570178	0.0131464	0.00325102951684	0.00017282783296	0.0682827	-0.0114689999999998	0.0001315379609999	0.00466252711929	-0.000344398	0.000370509	1.37276919081e-07	1.1860998240400002e-07	0.000571697	0.0	0.0	3.268374598090001e-07	-0.00056511	4.162900000000006e-05	3.193493121e-07	1.7329736410000046e-09	0.0
628.6165599052754	-0.2081800576363548	395158.7793871427	0.043338936397476	859.298975413785	1.801594215217051	738394.7291471807	3.245741716303542	597.4126942643775	-0.5265759853616601	356901.92726822256	0.2772822683596032	615.6293576600759	590.9507896731997	1.168988	51.63533	0.12309809	0.0637403	0.1036853129	-0.0567367782	0.0270827988	0.0982690807	0.0019342102	-0.0746920339	0.0319375661	0.0153413185	-0.0268544661	0.0876080255	-0.0906949316	-0.0380210672	-0.0609892619	0.1010256327	0.0504012699	0.0192765754	-0.086321967	0.1326110585	-0.0010280846	-0.043723204	-0.0532768702	0.0007897998	-0.0451928424	-0.0471571897	0.0556638751	-0.0404609302	0.0704554116	0.0528262003	-0.0416829261	-0.0083896868	-0.07515623	-0.027391032	-0.1206062104	0.0429514257	0.1769510883	-0.0754442977	-0.1423718992	-0.0436324594	-0.1409817592	-0.0113901382	0.0198123365	-0.0777130264	0.0933349935	-0.0137152737	-0.0244199189	-0.126401401	-0.2544702359	0.0824717266	-0.067447374	0.0247281448	-0.0092962019	-0.095174439	0.0112095555	0.1044444413	0.0344495584	0.0121482036	0.1102509857	0.0469064847	0.0529043952	0.054663835	-0.0644397433	0.1601071897	0.014879764	-0.0423719978	0.0669959003	-0.1401501756	0.0102135149	-0.0143878828	-0.0478777606	0.1408241864	0.0386775084	-0.0326848417	-0.0150840342	0.0800276587	-0.0604469428	-0.0654133842	-0.0721218273	0.08999487	-0.0361454108	-0.0048686578	-0.0479881514	0.0756741874	-0.011594542	0.0596449301	0.0714006046	0.0343477707	0.0188500226	-0.0427952293	-0.0087313935	-0.0806155516	-0.0783717908	-0.0762089195	-0.1370972763	-0.1154711428	-0.0512696906	-0.0076196449	-0.0712408668	-0.0123278703	0.0626343274	-0.0595815491	0.0974496775	-0.0501178873	0.1086029933	-0.0253299706	-0.1900556997	0.0617041041	0.1226491757	0.0359527879	0.1188643112	-0.0651008781	0.0449481862	0.0848062735	0.0404618195	-0.1093867804	0.0409600004	-0.0683371382	-0.126281614	0.0059553594	0.0478697382	0.0588588616	0.0197967253	-0.0724359852	-0.0611255499	-0.0296877971	0.027061439	-0.1007056043	-0.0846409573	0.0386420861	0.0278425707	-0.0050011775	-0.0225132646	-0.1600417802	-0.0023571739	-0.0819430562	0.0491001249	0.0925157379	0.0621299571	0.0155602237	0.0878739742	-0.0613968244	-0.0215667961	-0.0524979663	-0.0602581554	-0.1110794224	-0.0162923637	0.0228407025	-0.0001383708	-0.0435125987	-0.0728806249	0.0116248353	-0.04694289	0.0756689749	0.088590542	-0.0633340573	0.0050551876	-0.0891649834	-0.052524722	-0.0194251907	-0.024340983	0.0435086944	0.1034960989	-0.0375200066	-0.0446806031	-0.053527401	0.091440108	-0.014958477	-0.0367346987	-0.1457403709	-0.0298752028	0.1123198066	0.0740021456	0.0883797823	-0.0869896554	-0.0266715543	-0.12732707	0.0276048478	0.0026185471	-0.129910656	0.0089298143	-0.0679059907	-0.1048724269	-0.0106339534	-0.0193861832	-0.006351036	-0.0656609137	-0.0460219099	0.1165858777	0.00836195	0.00968089	6.99222078025e-05	9.37196311921e-05	0.068144	0.0111261999999999	0.004643604736	0.0001237923264399	0.112238	0.0439553	0.00193206839809	0.012597368644	-0.00104444	-0.000700042	4.90058801764e-07	1.0908549136e-06	0.000932766	0.000361069	1.30370822761e-07	8.700524107560001e-07	-0.000459507	0.0001056029999999	2.11146683049e-07	1.115199360899999e-08	0.0
628.9782453593319	0.3616854540565555	395613.633135304	0.1308163676760967	853.4275392149212	-5.871436198863762	728338.5646904359	34.47376303732774	597.323009814046	-0.0896844503314469	356794.77805331093	0.0080433006312537	615.6019371246715	585.6100028754219	1.172598	51.794765	0.1720225	0.0908038	-0.0127555203	0.110014276	-0.0253410087	-0.026306487	-0.1462565254	0.0342161489	0.020824484	0.0456239247	0.007070704	0.0158596064	0.1004362826	0.0511742953	0.0757599795	-0.0518381269	0.0967666278	0.0364127411	-0.1025294097	-0.1142004021	-0.152740467	-0.0408433251	0.0672115881	-0.0947745057	-0.0756090408	0.0014667499	0.086147506	0.0027454127	-0.065298302	-0.0604366753	0.0937414565	0.04182989	0.0146617901	-0.1392822703	-0.1095581042	0.1753182206	-0.0805321503	-0.0681392943	0.0387556585	0.0634359482	0.1302898749	-0.0340314092	-0.0825796165	0.1311481574	-0.0192980678	0.0310415381	0.1268647779	0.0500816111	0.0316380688	0.0142233739	-0.0123922615	-0.0576088251	-0.008782456	0.0752397426	0.1547700723	0.1127850205	0.0970890799	-0.0685614754	-0.0954735366	0.1283180901	0.0277086367	-0.0669065187	0.1046828157	-0.0308735055	-0.0439513347	0.0809220028	-0.002733447	0.0364193072	0.0306110828	-0.0244148112	0.0960869137	0.0849075543	-0.0147436289	-0.1147883037	-0.1235822234	0.0619820545	0.0638894277	-0.050479411	-0.0496461854	0.0500704674	-0.0198481953	0.1894348135	-0.1835949735	-0.0556922175	-0.0067460117	0.1746408568	-0.0135983084	0.1752330007	-0.0079313486	0.0318227397	-0.1468936693	-0.02982669	0.0617894971	0.0352026701	0.0491343786	0.0079849686	0.0972624233	0.0073791561	-0.0725595945	0.1314131533	0.108976061	-0.0122888452	-0.1413605746	0.0325470188	-0.0770641376	0.0490380221	0.098300979	0.1453483194	0.0603263398	0.0265254825	-0.0657879308	0.0488585782	0.1569209265	0.0505181211	-0.0628248092	-0.0255664445	-0.0919856141	0.0005947305	-0.0494328494	-0.0488992374	-0.1893783	-0.0352483838	-0.0875425964	0.1243030508	-0.0235357537	0.0148467136	-0.1246426305	-0.0336119128	0.0663912554	-0.0947197489	-0.0325681437	0.1005651809	0.025432325	-0.0838196189	-0.0419957077	0.0061896282	0.0422016385	-0.0160985663	-0.0315162771	0.1093292205	-0.0215324451	-0.1280636955	0.1050495267	0.1348649001	0.0009052938	-0.252735686	0.0476285524	0.0732421114	-0.036096027	0.0191831727	0.0076376324	0.154910334	0.059590081	0.0108440541	-0.0155974645	0.0415877711	0.0299145375	0.0407586897	-0.0327205892	-0.0808329532	0.003957351	0.0277874655	-0.0895227368	0.0018111189	0.0875460955	-0.00467347	-0.0481850906	0.1031357187	-0.0548673164	-0.1664181066	-0.0220511494	0.0548071761	0.0401712404	-0.0983687235	-0.0700346209	-0.0400433511	0.0168907659	0.0535012486	-0.1248051497	0.0912274152	0.1366090879	-0.139560937	-0.1235784071	0.0902720665	0.0165694456	0.0159198815	-0.067831818	-0.0411381146	0.1148577065	0.0147101	0.00634815	0.00021638704201	4.02990084225e-05	0.0274436	-0.0407004	0.0007531511809599	0.0016565225601599	0.0441815	-0.0680565	0.00463168719225	0.0019520049422499	-0.000333314	0.000711126	5.057001878760001e-07	1.11098222596e-07	0.000571697	-0.000361069	1.30370822761e-07	3.268374598090001e-07	-0.000525661	-6.615399999999996e-05	2.76319486921e-07	4.376351715999995e-09	0.0
628.7557016129954	-0.2225437463365551	395333.73231085006	0.049525719033509	856.8112991261229	3.3837599112016505	734125.6023101944	11.4498311366554	597.1442078897297	-0.1788019243163034	356581.2050162528	0.0319701281392131	615.1642499131883	584.6352253072909	1.163798	51.406101	0.18907236	0.103545	-0.0976984023	-0.0977614995	0.0268926702	-0.1010792851	0.0337089697	-0.039501031	-0.0342214818	-0.0342898308	0.0164007363	-0.124814047	-0.0563297052	0.0459742745	-0.014688958	0.1013878203	0.0241173113	0.0198778231	0.1207814019	-0.0402601536	-0.0175178951	-0.0857004418	-0.023786038	-0.1066431036	-0.0728387553	-0.0740113305	-0.0245584197	0.0225277952	-0.020352694	0.0221767268	-0.0544360802	0.0271259053	-0.0749864336	0.1048874592	-0.0228712749	-0.0362810536	-0.0125654011	-0.1010082012	0.0642086813	-0.1160920724	0.0144640686	0.1145214133	0.020125227	0.0776093312	-0.0083618811	-0.1673050629	0.0016561508	-0.0978886489	-0.1017165823	-0.0271512366	0.1533730416	0.0683457306	0.0593575301	0.0319115092	0.0816816497	0.0761336137	0.0601627051	-0.0327233813	-0.1283581102	0.0122000801	0.0062068162	-0.0039238581	0.0471996171	-0.1130423049	-0.0070372691	-0.034713187	-0.0106281831	-0.0025050419	-0.004084051	-0.0923145138	0.1671102634	-0.1397997588	-0.0641167533	0.0035528593	0.0664499503	0.0961614206	-0.0822966074	-0.1582624901	-0.0069547344	-0.0617949871	-0.0417530024	-0.0598362178	-0.1099947623	0.0360873291	-0.0784620294	0.0300743358	0.0430474093	-0.0056213224	-0.066539406	0.042380068	0.0516646056	-0.0522094741	0.1313969432	0.078363446	0.1180600437	-0.01108587	-0.0007291691	0.1887207921	0.1066857295	-0.0900476721	-0.0722934386	0.1268037855	0.0431685383	0.0832462936	0.0764360127	-0.0705391637	0.0186764113	0.0528717018	-0.0420573597	0.062836585	0.1528454602	0.0175890398	0.0748449806	0.0165507478	0.0796191617	0.0863802903	-0.0131053486	-0.0912835568	-0.0276122009	-0.0878281172	-0.0784722252	-0.0802793135	0.1083017865	0.0649257076	0.1583672265	-0.0956007896	-0.027474897	0.0497362886	0.0095041118	-0.0998270547	0.0403139126	0.022503434	-0.0425264312	-0.018450718	-0.0008380072	0.1259344278	-0.1461265407	-0.0233216013	-0.0541181408	0.0213502895	-0.1199186068	-0.1293903032	-0.0002332009	0.0311706661	-0.0799751282	-0.0945539237	0.0198844992	0.0415297447	-0.0041770202	0.0715762838	0.0548910894	-0.1551303502	0.0822531665	-0.0353420873	-0.0455808806	0.0187207945	0.1374893789	0.0461347588	0.066781828	0.1554596879	0.0788824291	-0.1541009083	0.086131252	0.0862448548	-0.0046650309	-0.0193071382	-0.0656120075	-0.0996401603	-0.0572391679	-0.0403487443	-0.0447364658	-0.0526255146	-0.0379277564	-0.0552201933	0.012880762	-0.0183867287	-0.064502462	0.1325527313	0.0118841256	-0.1201708928	0.0163742953	-0.0022281085	-0.140882197	0.0230116279	-0.019330543	0.094190521	-0.0699695221	-0.0361737896	0.11262375	0.00598024	-0.0087298599999999	3.5763270457600004e-05	7.621045561959998e-05	0.0851399	0.0576963	0.00724880257201	0.00332886303369	0.11895	0.0747685	0.00559032859225	0.0141491025	-0.00109033	-0.000757016	5.730732242560002e-07	1.1888195089e-06	0.000733073	0.0001613759999999	2.604221337599999e-08	5.37396023329e-07	-0.000486499	3.9161999999999975e-05	2.36681277001e-07	1.533662243999998e-09	0.0
629.7475813938865	0.9918797808911676	396582.01627144974	0.9838254997407108	852.2142548808662	-4.597044245256711	726269.13622215	21.132815792847847	597.8925639250159	0.7483560352861787	357475.51799682924	0.5600367555492483	615.5010589189623	580.5273878971187	1.214163	53.630733	0.08211521	0.0455387	0.1361028372	0.0022364612	0.0210412264	0.1143525282	0.0748463066	0.0761640836	-0.0399559275	-0.0225145338	0.020747596	0.1259533915	-0.0454389262	-0.0936528817	-0.0615124747	0.064379489	-0.0592184208	0.0947608117	-0.0146420934	-0.0277836624	0.1044112294	-0.0438513084	0.1082120337	-0.0106609598	-0.0601640421	0.038792653	-0.0086351067	0.0244153027	0.0429200319	-0.2186986819	-0.0389492984	0.0458612282	-0.1339888992	-0.0670282327	0.0078449413	-0.1649979277	-0.0782180101	0.0449778271	0.0537188722	0.1643805979	-0.0779151124	-0.0465870583	-0.0545072969	-0.0167823282	0.0037337427	-0.1215629184	-0.0318201238	-0.1456435496	-0.0993607896	0.0510761077	0.0576072996	0.0478431535	0.0084257529	0.0252026381	-0.1189942127	0.110863049	0.0435915061	0.1014114127	-0.0617643267	0.0714064614	-0.0041604513	-0.0668726219	-0.0076704083	-0.142979937	-0.0887479675	0.0466889252	-0.0537693307	0.0080804881	-0.0365749318	0.0303780053	-0.0917630083	0.1297233279	0.0499672079	-0.0529615494	-0.0877121284	-0.0713505646	-0.0099347216	-0.0329742833	-0.0331057994	0.0067366829	-0.0329384139	-0.0843157928	0.0219964296	-0.1132701497	0.0638804242	-0.1038546339	-0.0467360337	0.0774605117	0.0343047657	-0.0580390554	0.002727052	0.1306576429	0.060552327	0.1075546224	0.1272570737	0.0051630599	-0.2409188139	0.0325145536	0.0449257476	0.0635259372	-0.0735355071	-0.162594103	0.0626152306	-0.0926524687	-0.0817258053	-0.0793378989	-0.0671212396	-0.0100410447	-0.0098955663	0.1009539692	0.1226383467	0.0139931067	0.0764175186	0.0066817531	0.0450055792	-0.0303565637	-0.001709098	0.0368305506	-0.0497418207	-0.0555095235	-0.1480684965	-0.1496013515	-0.0110478611	0.0567207328	0.1029509592	0.1125756003	0.0876465061	0.0344939891	0.0337989065	-0.0115330544	0.0122542914	-0.0813510735	0.092228061	-0.0040344521	-0.0884766234	-0.1045529745	0.1512558341	-0.0541534965	0.0988591757	-0.0689480922	0.0571759239	0.1185825579	0.0203977413	0.0660812665	0.0512064712	0.1581981821	-0.0076276381	0.0270793343	-5.99752e-05	0.00196182	0.0605698239	-0.1136101546	0.127128086	0.1488698619	0.0440344518	0.0957672658	0.0771276554	0.1278156962	-0.030798204	-0.0354902502	-0.0420137499	-0.0899417714	0.0280552927	-0.1627910605	0.0053813016	0.002818341	0.1248994464	0.0188533865	-0.0068358372	-0.0891663728	-0.0577914083	-0.0090848489	0.0358208965	0.0488725663	-0.1064282014	-0.1006721044	-0.0777690763	0.0161044534	0.0489283656	-0.0369523945	0.0164348284	-0.0902436477	-0.1848008119	0.0293361643	0.0861775971	0.0116993877	-0.0720729799	-0.0311386526	0.1098938456	0.0121796	0.00619936	0.00014834265616	3.84320644096e-05	0.0549539	-0.030186	0.00301993112521	0.000911194596	0.0872958	-0.0316541999999999	0.0010019883776399	0.00762055669764	-0.0008817249999999	0.0002086050000001	4.3516046025041734e-08	7.774389756248237e-07	0.000753933	2.086000000000004e-05	4.3513960000000164e-10	5.684149684890001e-07	-0.000434451	5.2048000000000014e-05	1.8874767140100002e-07	2.708994304000001e-09	0.0
630.7354613587612	0.9878799648746508	397827.2222154493	0.9759068250007412	859.0655368549479	6.851281974081758	737993.5966118799	46.940064688377625	598.380242695914	0.4876787708981283	358058.914848821	0.2378305835847091	616.260399750563	588.4598956156659	1.181728	52.198082	0.0689597199999999	0.0312261	-0.0689611624	0.1077864232	-0.0268951098	0.0428584824	-0.1442574067	0.0422679161	-0.0502126958	-0.0118871966	0.0765175258	-0.0274136462	0.1171331252	-0.0612805406	0.1394673598	-0.0953549437	-0.0070321367	-0.0901833852	-0.1019339393	-0.0571551094	-0.0419165742	0.0186978364	-0.0413490522	0.0247383675	0.0115386609	-0.11199419	-0.0299543615	0.0331979365	0.0922084923	-0.0783923994	-0.054309107	-0.0538290241	0.0485259195	-0.0560260644	-0.2281508182	0.127253577	0.1211058084	-0.0630764695	-0.0815254838	0.1750090461	0.0827328776	-0.0026225728	-0.0177644126	0.0023713189	-0.1198850543	0.0412532926	0.118079204	0.036121145	-0.0525879063	0.1411632316	0.014750253	-0.0015329305	0.0237045029	-0.1757293258	0.0085179062	0.032375917	0.0849376748	0.056112039	0.0099095865	0.0480059511	-0.0435116122	-0.0609340393	-0.0345410821	-0.1282427884	0.0502386266	-0.1001286118	-0.1615390927	0.0607365715	0.0158956203	-0.0219503411	0.0208651955	-0.0304070746	0.1344499281	-0.0179332881	-0.0300152253	-0.1024824881	0.05887342	0.0637329899	0.1688213098	0.0944465775	0.1276455461	0.1704958933	-0.0155672013	0.0421735	-0.0084529922	0.0574311193	-0.1448249359	-0.0503932786	0.184331629	-0.0035050478	0.1745040324	-0.0637121817	0.1681277895	0.0032257634	-0.0665843614	-0.0398573321	0.0036142394	0.0222377316	0.1017276398	0.0276226947	0.0156173715	0.0050692199	-0.1243888241	0.0197434874	-0.2021810071	-0.0166966671	-0.0220887836	0.0545793983	0.0369980336	-0.0910944931	-0.0375910852	-0.0071075842	0.0972276196	0.0159689941	0.0277333171	-0.1766424223	0.1411638433	-0.0391140087	-0.0703721168	0.0951289561	-0.081223355	-0.100313214	-0.0116347004	-0.0504385117	0.0193873015	-0.0204102887	0.1059894323	0.112888244	-0.0389860173	-0.0026428071	-0.0739652432	-0.0775100998	-0.0205667584	0.0172228243	-0.0385740994	-0.0173438717	-0.051287668	-0.081595173	0.0424534842	-0.0066674225	0.1146542605	-0.1155463188	0.0373181982	-0.0742025685	0.2149784486	0.0061185978	0.0453330307	-0.2173714756	-0.0813527234	-0.0190196491	-0.1130076113	0.0969308122	0.1395688432	-0.0731386677	-0.1186576024	-0.0091693673	0.0580272197	-0.0857245584	-0.0248039324	0.027717284	-0.0163261607	-0.0719654988	-0.0632733724	-0.0323003791	0.1235587895	0.1000069971	-0.0771078216	0.071654894	-0.00824646	0.0483648547	0.009931433	-0.1161135482	0.0718435271	-0.1697857128	-0.1188301222	-0.0491562625	-0.047090508	0.0853708143	0.0934384944	-0.0239305238	-0.0081644873	-0.1069430767	-0.1000622712	0.0612793809	0.0995213001	0.0264443904	-0.0741411618	-0.0260425603	0.1066800145	0.00413753	-0.00804207	1.7119154500900002e-05	6.46748898849e-05	0.035082	-0.0198718999999999	0.001230746724	0.0003948924096099	0.0796966	-0.0075992	5.774784064000001e-05	0.00635154805156	-0.00111842	-0.000236695	5.602452302504732e-08	1.2508632964e-06	0.000571697	-0.000182236	3.3209959696000006e-08	3.268374598090001e-07	-0.000684451	-0.00025	4.68473171401e-07	6.25e-08	0.0
630.9968132245648	0.26135186580359	398156.9782995563	0.0683047977590177	861.8391893499645	2.773652495016563	742766.788299404	7.693148163111606	598.9698849106924	0.5896422147783369	358764.92302992806	0.3476779414487024	617.2128398805698	588.6103516844976	1.152072	50.888145	0.09389215	0.0533712	-0.0241087685	-0.0956943255	0.0529123089	-0.113018165	-0.0062849965	-0.040330614	-0.099505848	-0.0077317526	0.1132892037	-0.0378499111	-0.0499117712	0.0446077208	0.0566434106	0.0414875188	-0.0719103695	-0.1690796184	0.0799922806	-0.0238534482	0.0310152988	-0.0886137249	-0.1021012247	-0.032223445	-0.0405788857	-0.0039836664	-0.0211722164	0.0167449197	-0.1076848768	0.1122792884	-0.0091913355	0.2008403718	-0.1054530041	-0.0631612544	-0.0678836553	-0.1046236873	0.0584428703	0.0605588947	0.0288747167	-0.0787042753	-0.0125397519	0.1400585594	0.0017594902	-0.0020951414	-0.0140807763	-0.122533134	-0.0777701104	-0.0139287621	0.1396215032	0.0041746272	-0.08199953	0.0147661677	-0.1388117498	-0.0033163116	-0.0713781905	-0.034367471	0.0313622928	0.0388850903	-0.0887207544	0.0221699682	-0.0439166902	-0.0277759482	-0.0144891771	-0.1338346679	-0.1085378403	-0.1169183756	0.0864604765	0.0787878205	-0.1424344834	-0.1844555081	-0.0663345484	-0.0286852145	0.076138572	-0.0568424685	0.0730800575	0.1182718356	-0.0263615226	0.0483485446	0.0786386395	0.0636215562	-0.2049023226	0.0176397044	-0.0104719841	-0.0077468692	-0.0293518315	-0.1399250498	-0.145314409	0.002275538	0.1135193195	-0.003485778	-0.0613044852	-0.0084551791	0.0511293894	0.112434707	-0.1133895608	-0.0523050423	-0.0025945935	-0.0348885371	-0.0958034645	0.060746532	0.0630557737	0.041983348	0.0850577895	0.0747790612	0.0763827541	-0.0667491059	0.0129539951	-0.0393287933	-0.0952705086	-0.0995489851	0.0399516995	0.0097381944	0.019786968	-0.1237210521	0.0745933469	0.0371035528	-0.0419527668	0.0399768935	0.1081108064	0.0602914879	-0.0544623304	-0.1535744673	0.0690800956	0.0458576442	0.0553040559	0.1064746204	0.1172788541	-0.0718151539	0.063662586	-0.0363988069	0.0306293021	0.0025638182	0.0247627298	0.1061020408	0.1354075372	0.0069700386	0.0322153841	0.1504563949	0.1105355758	0.1010424036	-0.0064731849	-0.0212395846	0.0140554335	-0.0865412546	0.0805348219	0.0323113727	-0.0290727728	-0.0818029417	0.0659121173	0.1023080142	0.0439030746	0.0763612316	0.1268510083	-0.0445545523	0.0826554538	-0.1294481145	0.0971061698	-0.0508495795	-0.0357022651	-0.1004379103	-0.0323809814	0.1055590972	0.0595923447	0.0564771801	0.0382941789	0.0134518021	0.019478835	-0.1081919003	0.0424832211	0.0276908138	0.0120446612	-0.0568545816	-0.0240591562	-0.1306690488	0.0291803311	0.0466717141	-0.0100005836	0.0765615185	0.0306595851	-0.0576950632	-0.0406116466	0.0624833467	0.0053269816	-0.0652773696	0.1412479583	0.0165946223	-0.0761730556	-0.0208954884	0.1029964092	-0.00228537	-0.0064229	5.2229160369e-06	4.125364441e-05	0.0710855	0.0360034999999999	0.00505314831025	0.0012962520122499	0.116891	0.0371943999999999	0.0013834233913599	0.0136635058809999	-0.00119862	-8.02000000000001e-05	6.432040000000017e-09	1.4366899044000002e-06	0.000776924	0.000205227	4.2118121529e-08	6.03610901776e-07	-0.000684451	0.0	4.68473171401e-07	0.0	0.0
630.4323759467093	-0.564437277855518	397444.98064181296	0.3185894406329472	858.6699395398364	-3.1692498101281217	737314.0650693462	10.044144358997135	598.1502184143477	-0.8196664963446665	357783.6837891319	0.6718531652299412	616.5022795968811	593.9171553546635	1.11574	49.283306	0.0505655299999999	0.0271912	0.0420626416	0.0810342638	-0.0043054674	-0.0768654193	0.017851827	-0.0184093646	-0.0110131968	-0.0107516531	0.0152719212	0.0594753653	0.0510645907	-0.0442999463	-0.0598989906	0.0177330475	0.016459006	-0.055266658	0.0350315189	-0.0559297659	0.0835541477	-0.0213313742	-0.0884263701	-0.0189446479	-0.0056570166	0.029636196	-0.0511089764	-0.0189208495	0.0786935875	0.0793260373	0.0551161702	0.1842331698	0.05775581	0.089648471	-0.0266279647	0.0229129978	-0.0464728361	0.0354052974	-0.0267613086	-0.0036406175	-0.008115481	-0.0931039528	-0.034532173	-0.0805078802	-0.1103217986	0.0709721841	-0.0289399634	-0.0134947637	0.154475865	-0.0082263433	-0.0397930323	-0.0117183295	0.0915134205	0.0669827044	0.0344565518	0.096047287	0.0343807926	-0.081057707	-0.0949831301	-0.0753083429	-0.0478043413	0.0584973876	-0.0561800085	0.0421493343	0.0562026172	-0.1194779512	0.0378126891	-0.0788224823	0.0102103653	-0.0294521437	0.0338517304	0.1574724852	-0.0697129198	0.172298702	-0.0518803292	-0.0734490815	-0.088133987	-0.1046083178	-0.0239538984	-0.0037592454	-0.0472251948	0.1037159964	-0.006688416	-0.0079581712	0.1223673116	0.0830089636	0.0118110925	-0.0559750754	0.0520811154	0.0467306334	0.0020186838	-0.1055081957	-0.1091594629	-0.0801476366	0.0560527117	0.0420776625	-0.171015596	0.0529208175	0.0210914328	0.0388002999	-0.0771590064	-0.0418661656	-0.0481467725	-0.0787036521	0.0420203841	-0.0362104442	0.0265542582	-0.0656992489	-0.0039271473	-0.0587502432	0.0271166117	-0.175704247	0.0221773558	0.006979541	-0.014673637	0.1224952914	-0.0693713552	0.106104037	0.0087046473	0.1431713153	0.089217031	-0.0240191934	0.0109900575	0.0802193025	0.0405178983	-0.0491760823	-0.0951900202	0.0128462936	-0.0203350803	0.0110924155	-0.0040940309	-0.0139375141	-0.0468517469	-0.1835092673	0.018011591	0.0957044962	-0.0375703294	0.0333017959	-0.0853908385	-0.1168791927	0.1052392651	0.102667717	0.0168391595	0.1459047717	-0.0072557551	-0.0039057197	0.0129906175	-0.0785033759	-0.0352128011	0.0281385262	-0.0744401745	0.1489815774	0.0010942645	0.08155601	-0.1005583975	0.0621107414	-0.083860491	-0.0178233419	0.0308801097	-0.1151192644	0.0074399614	0.1578665806	0.093494119	-0.0634183769	0.0075971143	0.0252436052	0.0125583426	0.0855975342	0.0372228957	0.064569122	0.0826889568	-0.0187093704	0.0345043273	-0.0700903522	0.1300446386	0.08639098	-0.1434042167	-0.0120805069	-0.0614773769	-0.002250436	0.0927887999	0.0580881933	-0.0056122734	-0.1723434813	-0.0547696502	0.029674771	-0.0781676667	-0.0157075127	0.0988592507	-0.0073784	-0.00509303	5.444078656e-05	2.59389545809e-05	0.0780972999999999	0.0070117999999999	0.0060991882672899	4.9165339239998615e-05	0.133121	0.0162299999999999	0.0002634128999999	0.0177212006409999	-0.00155536	-0.0003567399999999	1.2726342759999998e-07	2.4191447296e-06	0.00068905	-8.787400000000005e-05	7.721839876000008e-09	4.7478990250000005e-07	-0.000684451	0.0	4.68473171401e-07	0.0	0.0
629.230912450841	-1.2014634958683246	395931.5411837178	1.4435145319041356	862.4044720915635	3.7345325517271695	743741.4734835284	13.946733379909851	597.8157221482057	-0.3344962661419686	357383.6376475807	0.1118877520629186	616.2108307093176	594.3100910340431	1.096211	48.420689	0.0949020199999999	0.0563387	-0.0595518827	-0.0662709547	0.0368421752	-0.1030160453	0.0186035111	0.0026981879	-0.0222156075	-0.0056638935	-0.1049199178	-0.0395466631	-0.0349464488	-0.0593836417	0.0689162782	-0.0577744672	0.0595548723	0.0730106018	0.1451653446	-0.0228494022	0.0264138003	0.0428402094	-0.0852924239	0.0706166276	0.0813165136	-0.124010807	0.1028173342	0.0475122688	0.0571104379	0.1268615682	0.0265986219	-0.0244603027	-0.1190500776	0.0649406203	-0.0038639114	-0.0522704332	-0.0353424219	-0.1198978909	0.0477838033	-0.095123488	0.0269258136	0.0662613481	0.0060745493	0.0628811817	-0.0005764238	0.1160157337	-0.0648038786	0.1063509813	0.048452325	0.255019356	0.1382871199	-0.0162184599	0.0810507393	-0.0028453603	0.0336877126	-0.0474793821	-0.0445305322	0.1219870309	-0.0664652764	-0.2210387295	0.0065478053	-0.0325489345	0.064917051	-0.062972369	0.0440313223	0.0978484826	-0.0281069708	0.0363931895	-0.0101800111	-0.0642832234	0.0153592613	-0.045827424	-0.1991292243	-0.0115023905	-0.0028261464	0.0370638348	-0.1650728349	-0.1042353612	-0.0164493788	-0.134966283	0.0445700102	-0.1066410183	0.057110396	0.001409976	-0.0495565529	-0.0043809757	0.0393662797	-0.142603302	0.1228170222	0.1460789039	0.0127215346	0.0174975942	0.059534878	0.0120940916	0.0705141543	0.0571467973	-0.0500279151	0.0336345755	-0.0565280522	-0.1652119057	-0.083507161	0.0702797024	0.0424057074	0.0828239373	0.0231960639	-0.0082233897	0.0590340426	-0.0302184553	0.0243339545	0.0065890249	0.0378807402	-0.075475924	-0.1067132772	0.1534279372	-0.0073564568	-0.0892507045	0.1323176472	0.0435864892	0.1077123138	0.1406286007	0.0881109884	0.0102735802	0.1054987621	0.1062335675	0.1496736656	-0.0453377279	-0.0346035386	-0.0333823335	0.1091648238	-0.0605061497	-0.136122903	0.0039294819	0.1481884758	0.1051090547	-0.1100034157	-0.0104217169	-0.153346902	0.0618102497	-0.1724940937	0.0149099462	-0.0907343006	0.0998784387	0.0967171392	0.0751617653	-0.04191793	0.0493651085	0.0168854644	0.0383859727	-0.078535214	0.0667425305	0.1717467732	-0.0923978857	0.1322205413	-0.1897824385	-0.0552085655	0.0334405381	-0.166285568	-0.0946597946	-0.0124593106	0.0387249772	0.0446557746	-0.001356464	0.0113756589	0.0415503678	0.0737377822	-0.0285808023	-0.0585995895	-0.0767646985	-0.0158334391	-0.0261748019	0.0422377092	-0.1219707021	0.0095264679	-0.1022957021	0.1171996294	0.1312176606	-0.1075508081	0.0543920294	0.0769878812	-0.0432285667	-0.0883421907	-0.0405694642	0.1193026814	-0.1410764589	0.0840115969	-0.0130949287	-0.080124019	-0.0104887887	0.0942867573	-0.00739767	-1.927000000000005e-05	5.4725521428900006e-05	3.7133290000000196e-10	0.0526032	-0.0254940999999998	0.00276709665024	0.0006499491348099	0.0886234	-0.0444975999999999	0.0019800364057599	0.00785410702756	-0.00116457	0.00039079	1.5271682410000002e-07	1.3562232848999998e-06	0.000796081	0.000107031	1.1455634961000012e-08	6.337449585610001e-07	-0.000684451	0.0	4.68473171401e-07	0.0	0.0
628.6497178694059	-0.5811945814350565	395200.4677772836	0.3377871414894706	854.4848500761444	-7.919622015419122	730144.359009651	62.72041286711124	597.2232087915801	-0.5925133566256591	356675.56111931126	0.3510720777798054	615.4305648960142	585.8622622457713	1.159551	51.218506	0.06667963	0.0410796	0.0675542296	0.069773222	-0.0053350265	-0.1094323342	0.0707246848	-0.0463302102	-0.0384188302	-0.0187413285	0.0328048399	0.052702908	0.0377026017	0.0179331093	-0.0965610251	0.0752631197	0.0054477616	0.0110617372	0.0388152927	-0.0172746276	0.0395078906	-0.0827070948	-0.0298310852	-0.0321779877	0.0029320713	-0.0598059451	0.0015826005	0.0555947418	0.0163844424	0.0458324154	0.0173615909	0.0501959643	0.0463804589	-0.1569801214	0.0592052817	0.1710192971	0.1982901198	0.0774241696	-0.168984584	-0.0807777768	-0.0060920488	-0.1657727054	-0.1602964814	0.0149942022	0.1069275942	-0.041679325	0.1014575888	0.0986778569	0.1046475386	0.1442518036	0.063268073	0.063819917	0.1120071412	-0.0863068678	-0.1383883266	0.0199367069	-0.0541515045	0.0579304859	-0.1161764749	0.0199222582	0.0871228574	0.1709867467	-0.1650448351	0.0398649436	-0.0293379328	-0.0884914991	-0.1972109675	0.0115414704	-0.0033159595	0.0602850889	0.0212591395	-0.0516115875	-0.097279679	0.0637814385	-0.0435600007	0.1213499747	-0.1091098637	-0.0674255023	-0.0022542779	-0.0044219967	-0.1605820168	-0.1265699688	-0.0654807185	0.1023161859	0.0588795907	0.0388847965	-0.0431939753	0.1300558812	0.0642254715	0.1880912888	-0.0194050952	0.0147856087	-0.1161121955	-0.0785187887	-0.0231619896	0.0065543267	0.0739529973	-0.0843305493	0.1335300897	-0.0129567349	-0.0634848687	-0.0594664734	-0.0375464014	-0.0640688217	0.1196807913	-0.087051459	0.0445658604	0.0436491684	0.0170627817	0.1062572148	-0.0829540812	0.0330584534	0.0607848267	0.0647892174	-0.0413155969	-0.0722720299	0.1588935106	0.1388196325	0.0525577641	0.04756247	0.1365889464	-0.001773883	0.0858760013	0.2463768308	-0.04157743	-0.0061443221	0.2083071173	0.0063036714	-0.1051125921	0.1060380964	0.0656229058	-0.1537239254	0.0225925354	-0.1425742625	-0.0332091079	0.1783965484	-0.0851255693	-0.0587956649	-0.0454489662	0.1159231843	0.0582842072	-0.0153943864	0.0757493498	0.1212640523	-0.0477222057	-0.1169121697	0.1072541669	0.0490557059	0.1312430617	-0.0039398604	0.1332611742	-0.1303585685	0.0044469257	0.0192355364	0.0697993427	-0.1091134243	-0.1015452518	-0.1403671419	-0.0642233561	0.0355826253	0.0188317836	0.1127670679	0.1274628236	0.0253196984	-0.0502335292	0.081566797	0.0882601975	0.0765839388	-0.0813398866	-0.1039966937	-0.0524160864	-0.2758609302	0.0709907133	-0.1168844272	0.0079171556	0.1341763501	-0.1554031478	-0.0359782169	-0.0084303937	-0.0153476094	0.0812972016	-0.0333986028	-0.1759668454	-0.013728853	0.1402387634	0.0027040203	-0.0820411548	-0.0052495325	0.0892990645	-0.00735934	3.833000000000048e-05	5.41598852356e-05	1.4691889000000366e-09	0.0853352	0.032732	0.00728209635904	0.0010713838239999	0.110422	0.0217986	0.00047517896196	0.012193018084	-0.0011824	-1.782999999999993e-05	3.1790889999999747e-10	1.3980697599999998e-06	0.000571697	-0.000224384	5.0348179456e-08	3.268374598090001e-07	-0.000684451	0.0	4.68473171401e-07	0.0	0.0
629.9218243783702	1.272106508964271	396801.5048281742	1.618254970149264	852.2345247254004	-2.250325350743992	726303.6851339291	5.063964184201072	597.9402657547195	0.7170569631393846	357532.56141082454	0.5141706883866768	615.4549130263609	579.2456012184293	1.228774	54.276119	0.11332523	0.0721398	-0.1111317258	-0.0268994319	-0.0134577687	0.0536094968	0.0815007893	0.1385659426	-0.1152628915	0.0087260525	-0.0199494208	-0.1200710629	-0.0060278821	0.0060820918	0.0560939131	0.0184495978	-0.1858212945	0.1597649279	-0.0425206193	0.0268849889	-0.0290861225	0.041366789	-0.0281820601	0.1400746562	0.0048173251	-0.095316793	0.1474118957	0.0440767824	0.094802615	-0.0096787051	0.1127480644	-0.173816318	0.0104027572	-0.0955607695	-0.008260868	-0.1093194831	-0.193864571	-0.0050965084	-0.0272982033	0.0897766599	-0.0176152787	-0.0216837981	-0.027200346	-0.0247305972	-0.1725410134	-0.0779962638	0.1039603956	-0.0269328103	0.1068968865	-0.0386806367	0.0649701703	0.0701164859	-0.0325247857	0.0577306412	-0.0739372306	-0.0180567183	-0.0183477034	-0.0231331113	-0.1139514955	0.035912406	-0.0154829222	0.0251963148	-0.1496330575	0.0513274208	-0.1291479639	0.0627706505	-0.0540753406	-0.1200209412	-0.0756864513	0.0714546563	-0.056867009	0.0049082518	0.0503635006	0.068756054	-0.0365612866	0.0563089751	0.056713248	0.0993835369	-0.0458298203	0.0024279282	0.0695587298	-0.0728413527	-0.0041277264	-0.0750021747	0.0039617941	0.1077475389	0.1260582382	-0.0509309721	0.0416747161	0.1003258397	0.0709783444	0.1801611493	-0.0621162361	-0.1259926269	-0.0416562318	-0.0655443554	0.1220725821	-0.0382194965	-0.0354998994	0.1457259514	0.0388764754	0.0771988752	0.0133882188	-0.0409808582	-0.2244353169	-0.1172916354	0.0612903723	-0.0642584275	-0.037474062	0.150896332	-0.0171122935	-0.004124975	-0.0433069402	-0.0248657401	0.0379812861	0.1003614891	-0.0280861781	0.1232951843	0.0792372313	-0.0721778647	-0.0209327208	-0.0387167637	-0.0836891545	0.062570307	-0.0633443931	0.0497574598	0.1053497814	0.0272272761	0.0586506229	0.0536733819	-0.0844437191	-0.137306741	-0.1377554239	0.0015558125	0.0591226448	-0.109135524	0.0003965155	-0.0763913379	-0.0765716335	-0.0599239051	0.0497405898	-0.0306642744	-0.0173180965	0.0310206849	-0.0846087475	-0.0785243289	-0.0596324627	0.0776954229	-0.0833473189	-0.063940713	-0.0501836805	0.0389291527	-0.1603295263	0.0486105506	-0.0125373604	-0.0520573028	0.001247939	-0.1278019926	-0.1333226781	0.0882419014	-0.1431951638	0.1398164738	-0.0468017508	-0.1134999014	0.1102629119	0.0424739142	-0.1211204758	-0.0452018366	-0.0066315571	0.0651312517	-0.1260380333	-0.0837374075	0.0629661564	0.0655877179	0.0842555126	-0.0181379374	-0.0669697276	-0.0570002247	0.1443242741	0.0348639804	0.0246887348	-0.1203472616	-0.0218217136	-0.014278406	0.0584976777	0.0307772224	-0.0839181358	-0.0	0.0839181358	-0.00297411	0.00438523	8.8453302921e-06	1.9230242152900004e-05	0.0177281	-0.0676071	0.00031428552961	0.00457071997041	0.0981351	-0.0122869	0.00015096791161	0.00963049785201	-0.00139849	-0.00021609	4.6694888100000074e-08	1.9557742801e-06	0.000787268	0.000215571	4.6470856041000014e-08	6.19790903824e-07	-0.000535192	0.000149259	2.86430476864e-07	2.2278249081e-08	0.0
632.1877596711447	2.265935292774543	399661.363478021	5.134462751041254	861.773014269279	9.53848954387854	742652.7281227589	90.98278277868025	598.091183650464	0.1509178957445556	357713.0639604131	0.0227762112559645	615.8103821347111	589.0793111570505	1.242836	54.897251	0.10114886	0.0523991	0.122370623	-0.0223672091	0.0386260915	0.0996357122	0.0051543974	-0.0415809812	-0.1027111738	-0.0648731152	0.0953911477	0.1323957141	-0.0763731694	-0.0158604652	0.0773393202	0.0096126735	-0.1752251229	-0.0617519632	-0.0304753756	0.1614820409	-0.081665096	0.0654321871	-0.0444434898	-0.0639188436	-0.0125432924	0.0385016895	-0.0460443957	-0.0078785101	0.1717457615	-0.0287718357	0.0502942321	-0.1059834323	-0.0647089987	0.0615088704	-0.020840071	-0.0070547319	-0.0871360751	0.1140208952	-0.0435147447	0.0137803512	0.0040095438	0.1279296805	-0.0895988861	-0.0466591259	0.0724235379	-0.0657142979	-0.1855285738	0.0264909441	-0.0462809401	0.1725106419	-0.0187075451	0.0743261933	0.0089864046	-0.0639151202	0.0019442049	-0.0816426428	-0.1270268846	-0.0726056524	0.0915154033	-0.0524720246	0.0112816445	-0.0599173704	-0.0053112662	-0.0264963757	-0.0675676253	-0.142142417	-0.1061718025	-0.0381640671	0.011868641	0.0587399476	0.1463162047	0.0254931323	0.018050737	0.1405455483	0.0604418218	0.0726575844	0.0474402645	0.0118208853	-0.0662217431	-0.1392872392	-0.1306702741	-0.0087629679	0.1067472241	0.1463455413	-0.0220850462	-0.0317957947	0.033156184	-0.0208050773	-0.0155430301	0.0488602481	-0.0782487103	-0.0020910825	0.0248065481	0.0636483402	-0.0346751138	0.1342838653	0.0671457765	0.0789514151	-0.0476987646	0.1616685569	0.1284689853	-0.1219499217	0.0873887064	0.1313715994	0.0132293155	-0.1341325859	-0.1180183174	-0.0543170377	-0.0758996438	-0.0426948981	-0.0594179543	0.0245349852	0.0037543196	0.0435533768	0.1519994941	-0.1020654725	0.0813102801	0.0087415372	0.0812508333	-0.1171960869	0.1211351173	0.0476251598	-0.0159598628	-0.1065051227	0.0461628334	0.049051758	0.0320400151	-0.0230182781	-0.007130195	0.0097186176	-0.0016225503	0.0385219143	-0.0104913843	-0.0882154291	-0.0400552939	0.1662706436	0.0138299834	0.0058728081	-0.0528972763	-0.0606025755	-0.1498706275	-0.0651084237	0.1166577075	0.0241386883	0.0268673867	0.0039677223	-0.0244823556	-0.0351381817	0.0744407813	0.0291574266	0.0476173849	0.0477023416	0.033379372	-0.1510120938	0.0423065507	-0.1961342027	-0.0677588162	0.0835974756	0.0393106511	-0.1299040833	-0.114989669	0.0809441536	0.0521880242	0.0987754457	0.053167812	0.0780041652	0.173521495	-0.0583230667	0.0433768663	0.0970081773	-0.0707216042	0.0037249315	0.0632578559	-0.0774605243	-0.1133756753	-0.0567709393	-0.1155131405	-0.0313438182	0.1386078012	-0.1517119718	-0.0823318323	-0.0073526178	0.0405333045	-0.0456613647	0.0878841015	0.0251513795	-0.0857540434	0.0052495325	0.0781676667	-0.0074069699999999	-0.0044328599999999	5.486320458089852e-05	1.965024777959911e-05	0.0610021	0.0432739999999999	0.0037212562044099	0.0018726390759999	0.120951	0.0228159	0.00052056529281	0.014629144401	-0.0017802	-0.0003817099999999	1.4570252409999998e-07	3.16911204e-06	0.000868821	8.155299999999994e-05	6.65089180899999e-09	7.54849930041e-07	-0.000684451	-0.000149259	4.68473171401e-07	2.2278249081e-08	0.0
631.4999797127558	-0.6877799583888873	398792.224377211	0.4730412711614195	854.6934357189808	-7.079578550298152	730500.8690611155	50.12043244984168	598.4625531573678	0.3713695069037612	358157.4275316353	0.1379153106579427	616.5350972332055	591.5098582533567	1.207181	53.322342	0.04050714	0.0223277	-0.0667039593	0.0833428094	-0.0315946558	0.0945978044	-0.0351546504	-0.0390603179	0.055940853	-0.0199761156	0.0890597826	-0.0418713736	0.0973323328	-0.0859937834	-0.0985996539	-0.036228249	-0.0313840227	-0.1380613411	-0.0192643782	-0.105668345	0.0474822635	0.0424746894	0.0186193308	-0.0372435342	0.1733805146	0.0071034219	-0.0326463967	0.0717722099	-0.1218759774	-0.003370235	0.0820769914	0.005577438	0.0185151584	0.0494711081	0.0590664645	-0.067912461	-0.0591090548	0.0531450895	-0.0622628062	0.0172235748	-0.1331233391	-0.0924619884	0.0705982681	-0.0795002856	-0.1072028854	-0.1661740033	0.0087314756	-0.024611418	0.0119261492	-0.0328942719	-0.09300633	-0.0487237001	0.0287513487	-0.0990974149	0.0119909472	-0.0332227045	-0.0617492238	-0.0585414143	-0.0750778062	-0.0447954008	0.0616730273	-0.0806583997	0.0924699096	-0.0576163551	-0.1235380646	-0.0291700585	0.072879163	0.0959817355	-0.0061235937	-0.0592858219	-0.1942070447	-0.0124072555	0.0176226773	-0.1161210359	-0.0211171698	-0.1461636444	0.0465958674	0.0696780118	0.0214580121	0.1482846004	-0.0672788789	-0.0165505207	-0.1065299229	0.053496181	0.1707324449	-0.060095567	0.1160729568	-0.038473232	0.0871173128	0.0169932145	0.0184040335	0.0110199801	0.048661931	-0.1858022426	0.1093042778	0.0165323603	0.0645596509	-0.0181154081	0.1565559072	0.0250252175	-0.0805194379	0.0393572057	-0.0316370026	-0.1597346153	-0.0184079506	-0.0242852317	-0.0533621306	-0.0465450675	-0.0370620525	-0.1155852517	0.077495433	0.0301361793	0.1873794672	-0.1675173808	0.0490606432	0.0100865093	-0.0464807974	-0.0057199996	0.0459936598	0.0520329574	0.0191619895	-0.1291140383	0.0332985442	0.0303753291	0.0323157112	0.0235701345	0.0037945081	-0.0352289027	-0.0537860113	-0.0292335971	0.0534708768	0.0492894566	0.0585444388	0.1213316857	-0.0006065013	-0.0552071905	-0.0027925656	0.0534150232	0.1464982112	-0.0524861753	0.0904108656	0.0868909872	0.1041992443	-0.0583148219	-0.0555003598	0.0321280405	0.142254997	-0.0795730353	0.0130212169	-0.1953331233	-0.0259030175	-0.0207207667	-0.0323213582	0.0937671547	0.0162213341	0.0870708528	-0.0500797994	-0.2137924597	0.1034793466	0.1593817108	-0.083985439	0.0454303177	0.0889317211	-0.1253139353	-0.0124101529	0.0779070721	-0.0908559078	0.0327240948	0.0509855987	0.1117992073	0.1154466034	-0.0617440323	0.1227374012	-0.0377289605	-0.0759835574	0.0828594118	0.009450516	0.1583602572	0.0785393094	0.0514060836	0.0548610266	0.1521083097	0.0730018786	-0.0901029921	0.0304450181	-0.0387917632	-0.087547979	0.0104887887	0.0720729799	-0.00737918	2.7789999999900013e-05	5.44522974724e-05	7.722840999944426e-10	0.0776126	0.0166105	0.00602371567876	0.00027590871025	0.131132	0.0101809999999999	0.0001036527609999	0.017195601424	-0.00167381	0.00010639	1.1318832100000011e-08	2.8016399161e-06	0.000701454	-0.0001673669999999	2.8011712688999992e-08	4.92037714116e-07	-0.000684451	0.0	4.68473171401e-07	0.0	0.0
630.1874371985789	-1.3125425141769256	397136.2060029128	1.722767851521885	865.0832587333001	10.38982301431929	748369.0445406259	107.9484222688788	598.156596898245	-0.3059562591228086	357791.31441288954	0.0936092324964232	616.8891334588429	602.7503082168092	1.18212	52.215366	0.10952959	0.0583704	0.0518664868	-0.0783714999	0.0629507318	0.0059869181	-0.084990219	-0.0920531317	0.0403756044	0.0862526018	-0.0673785105	0.0189653383	-0.0588599439	0.1165003258	0.0292780458	-0.1562779766	0.1072937317	-0.0773589228	0.0911321246	-0.0321964122	0.1498848162	0.0035852104	0.0364405281	-0.1301878557	0.0850634743	0.0136648814	-0.0238041147	0.0959049582	0.0855949826	-0.0054093656	-0.076413799	-0.1675620116	-0.0821516271	0.0998397743	-0.0226175997	-0.0800295184	-0.02744814	-0.0118244643	0.067275346	0.0649158717	0.0412487425	0.1334735737	-0.0328707301	-0.0126722363	0.0640786622	-0.0474298117	-0.0044851153	0.018242365	0.1098703997	-0.0256787308	-0.090366239	-0.1166546847	0.0792115196	0.0292485432	0.0690807445	-0.1731816899	-0.0134205838	-0.0805952571	-0.0005585868	0.0513557672	-0.0015412535	0.0064804166	0.0820087599	-0.1793014002	-0.001661328	-0.0196197218	0.0148161268	-0.0611085947	0.038782555	-0.1089586787	0.0550457319	-0.2196262455	-0.055894251	0.0613674591	-0.0365303532	-0.07833875	0.0598579559	0.0314211902	0.001595678	0.0112120134	0.0820783764	0.0918302802	-0.0615690596	0.0614880977	0.2689518722	0.1078449838	0.1413372872	-0.0492533764	0.0187809273	-0.0443894906	-0.0421537183	0.0020461493	-0.0464498335	0.0459313986	0.1082653927	-0.0466986384	-0.0420585595	-0.0761029546	-0.0408144875	0.165268468	-0.0717959462	-0.0245596952	0.0503850937	0.1223915372	0.004457525	0.1343791665	0.0972584922	-0.1330513051	0.0176415312	-0.0904786937	-0.032234584	0.0399238019	0.1232913414	-0.0840479572	-0.0725525624	-0.0026399337	-0.0796444035	-0.0949292214	0.1308516528	0.0289274127	0.090896463	-0.0600213498	0.0192967914	0.0044490327	0.1328295426	0.1051994622	-0.0603243662	-0.0019296806	0.1361374774	0.0564443752	0.0887402537	0.0674445918	-0.0623543419	0.0584254537	-0.0307324824	0.0911146548	-0.0327182665	-0.1687684712	0.0429667775	0.0986663219	-0.0715032834	-0.1061304923	0.0362872317	0.0475930141	-0.0724717555	0.0903899895	0.0997623766	-0.1178436624	-0.060227835	-0.1498876577	-0.0779984375	0.0874538242	0.0210107687	-0.0211968236	-0.0480116186	0.1528858438	-0.0053064251	0.0654541519	-0.0077107318	0.0824205066	-0.0332148827	0.0916550176	-0.035152549	0.065531164	0.0961874754	-0.0250027268	0.0691460798	-0.1172415427	0.0034859676	0.0056393798	0.1077515207	-0.0062833688	0.1262216686	-0.0645571483	-0.0515891438	0.0845645062	-0.0893846689	0.0138081019	0.0712423055	0.0360608061	-0.0484637716	0.0330445073	0.1951024476	-0.0046748042	0.0426943837	-0.042299145	-0.0892990645	0.0157075127	0.0656609137	-0.00351934	0.00385984	1.23857540356e-05	1.4898364825599998e-05	0.0401303	-0.0374823	0.00161044097809	0.00140492281329	0.0960479	-0.0350840999999999	0.0012308940728099	0.00922519909441	-0.0011415	0.00053231	2.833539361e-07	1.30302225e-06	0.000571697	-0.0001297569999999	1.6836879048999997e-08	3.268374598090001e-07	-0.000684451	0.0	4.68473171401e-07	0.0	0.0
628.4377463835909	-1.7496908149879573	394934.00107968657	3.061417948053222	857.4964496799772	-7.586809053322895	735300.1612137657	57.559671611582246	597.5336283412439	-0.6229685570010588	357046.4369986518	0.3880898230119814	616.0802834027326	590.2700122898535	1.14487	50.570011	0.15024906	0.0820285999999999	-0.0364957837	0.0770046672	-0.0267827669	0.0556158642	-0.0915037101	-0.1132991209	0.0915361221	-0.0354248999	-0.0520552919	-0.0233640156	0.0792544177	-0.0435795177	-0.042738678	0.1032357227	0.134275103	-0.0388107919	-0.0270757711	0.0422062325	-0.044842172	-0.125810358	0.0239723974	0.0722216516	0.0989857151	0.0365417068	-0.0947198165	0.0964537323	0.0684391337	-0.0372452357	0.0301134165	0.0137616049	-0.1472278436	-0.1319785963	0.0409332004	-0.1021759575	0.1117780382	-0.0786518482	0.0698153967	-0.063968311	-0.0517106752	-0.0910672919	0.043815141	0.0313580881	-0.0485000073	0.0018743727	0.0287926223	-0.0824405098	0.0867285647	-0.0487125432	-0.0661304686	-0.0513820161	0.0182074089	-0.1046007686	-0.151784168	0.052481224	-0.0969611066	-0.1272977283	0.0190701883	0.0385300484	0.0532456616	-0.0137606827	0.1278989947	-0.1069688561	-0.0811592448	0.0598110713	0.0049740618	0.0140920407	-0.0271021684	0.0715647548	-0.0491968538	0.0258244569	-0.1091985755	-0.0139628156	0.0544293846	0.0059519448	0.0824885953	-0.0512826672	-0.1424541385	-0.0585571216	-0.1396687082	0.0514239245	-0.1535808118	-0.0274124782	-0.0905792374	-0.0192185591	-0.0779924382	0.0016533317	0.008203863	0.0226389362	0.0505403585	-0.0356542156	-0.0194533852	0.0230250807	0.1789974044	-0.0059850515	0.0431957767	0.0063813745	-0.062897115	-0.0189549282	-0.0530484906	0.0474423866	-0.0590274372	-0.090918569	0.0841612495	0.0250746691	-0.0280174891	0.0354919875	0.0880875855	-0.0460933944	0.0194155737	0.0136561748	0.0390914792	-0.1430860021	0.1229016114	0.0303014845	-0.0417374415	0.1122671603	0.028950123	-0.0482897633	0.0716456864	-0.0592801895	0.1758577917	0.0205562594	-0.0713118212	0.096893235	-0.0296642701	0.0332136203	-0.0429438931	0.0474674815	-0.0338826323	0.0212220676	0.0408330469	0.0347671852	-0.059740003	-0.0680735527	0.0173340738	0.0324505851	-0.0427608763	-0.0503748196	-0.1275382601	-0.0148699369	0.1896633603	0.0509916366	0.0354389435	0.0164432094	0.1015481065	0.0824022376	-0.0198023218	0.028122484	0.1177807648	0.0717070163	0.0430167772	0.1877155323	-0.0525304918	0.0887208383	0.1175840781	-0.0213518722	0.0084835288	-0.0088784806	0.0163291005	-0.14231192	0.1247034069	-0.0011320865	-0.04204648	0.0146355616	-0.0658471135	0.0832383167	-0.079767293	0.0496363268	0.0654746245	0.0591850614	0.1725087467	0.0049868833	-0.0559634632	0.1311078257	0.0252505187	0.1350315941	0.1194308025	-0.0184263899	0.0735751437	0.1148660163	0.0023975567	0.0459553201	0.0681037549	-0.0313574597	-0.0910064429	0.0208954884	0.0589597043	-0.0073305999999999	-0.0038112599999998	5.373769635999853e-05	1.4525702787599237e-05	0.0959196	0.0557892999999999	0.0092005696641599	0.0031124459944899	0.145644	0.0495960999999999	0.0024597731352099	0.0212121747359999	-0.00180081	-0.00065931	4.3468967610000005e-07	3.2429166561e-06	0.000409959	-0.000161738	2.615918064400001e-08	1.68066381681e-07	-0.000684451	0.0	4.68473171401e-07	0.0	0.0
629.0551195530228	0.6173731694318576	395710.3434358678	0.3811496303343371	855.2330458082195	-2.26340387175776	731423.562642404	5.122997086688017	597.6185726056093	0.0849442643653901	357147.9583231659	0.0072155280485772	615.2961974751759	584.3313992317622	1.17005	51.682236	0.1108521399999999	0.0603988	0.0220393693	-0.0955381683	0.0741064046	-0.0150207352	-0.1225819219	0.0488476107	-0.0984329776	-0.1309272676	-0.0221860816	0.0374165671	-0.1097026388	-0.0830128313	0.1807955237	0.0689163997	0.049236145	-0.0289165853	-0.0065322156	-0.1649614707	-0.0919286914	-0.0164182692	0.0455316885	0.0964128133	0.0193620404	0.020581665	0.0215505342	0.0085217584	-0.1034385623	-0.085622184	-0.0807480946	-0.1485412399	-0.0469363922	0.0241823542	0.0326858975	0.0288252014	-0.0041701976	0.1104166025	-0.0756113497	0.0779586092	-0.0928941989	0.1264263588	0.0266702285	0.0997491778	-0.0478028857	0.0727388682	0.0290449877	0.0576930806	-0.0384997751	0.0024607498	0.0335577386	-0.0348179462	-0.008711548	0.0082256053	-0.0167609164	-0.0823183469	0.1162257694	-0.129928789	0.0320053385	0.0053149813	0.0024851065	0.1021642112	-0.0050545341	-0.0895440532	-0.1584000599	0.0726542859	0.1542858362	-0.0389323419	0.0086815326	0.0374758999	0.0128180887	0.0354773078	0.0870224488	0.0166115856	0.044752367	-0.0231387789	-0.0053986077	-0.0659116107	0.0238242739	-0.0520639157	-0.065554794	-0.0438551289	-0.0927318922	0.0415301535	-0.0053369103	-0.0684346639	-0.0879054663	-0.0272787721	-0.0604965406	-0.1434680204	0.0209088339	0.1063879074	0.0893568759	0.0679368498	0.0275854687	-0.0342602085	0.0189202138	-0.0448594244	-0.2379167709	-0.0182871834	0.0478542676	-0.0145974254	0.1283652064	0.0689539269	-0.1183444104	-0.0359940831	0.0113758185	0.1659024935	0.0455964166	-0.0567851707	0.0113560606	-0.0428198162	-0.0148096711	0.0345213914	0.0036265892	0.066776287	-0.0909583844	-0.0484567372	0.0873392896	-0.0056735151	0.0464400458	-0.0943520411	0.0517657327	-0.0223929543	-0.1186287884	0.0593958449	-0.0461893911	0.0081466115	0.0525229915	0.0277544703	0.0696367748	0.0999798403	-0.0677866685	0.1505861496	-0.116098591	-0.0262539078	-0.0178956066	0.0943768009	-0.019898765	-0.0414252009	-0.0123693443	0.013974278	-0.0971687563	-0.01830794	-0.0637951705	0.040163412	-0.0590677967	0.0568497474	0.0067875187	0.0187437748	0.0054901321	0.0155740609	0.0990108461	0.1026275149	-0.0489175779	-0.0815631564	0.0342198232	0.0454616094	-0.1116814018	-0.0647783189	0.1036240438	0.1887351784	-0.0256109081	-0.0387489645	0.0919230404	-0.0827127071	0.0018242067	-0.1127820672	-0.0784713623	0.0825518573	-0.0711243538	0.0686029109	0.0262626785	-0.0978748997	0.046959187	0.0626326287	0.0656554201	0.0646428491	-0.0082454762	0.0904386196	0.0144256971	-0.0962498348	0.162647738	-0.0146346847	-0.0333748884	-0.0119517427	-0.0926692784	0.0260425603	0.051998861	-0.00504846	0.0022821399999998	2.5486948371600004e-05	5.208162979599542e-06	0.0474745	-0.0484450999999999	0.00225382815025	0.0023469277140099	0.11854	-0.0271039999999999	0.0007346268159999	0.0140517316	-0.00130213	0.0004986799999999	2.486817423999998e-07	1.6955425369000005e-06	0.000571697	0.000161738	2.615918064400001e-08	3.268374598090001e-07	-0.000684451	0.0	4.68473171401e-07	0.0	0.0
630.8333665751829	1.7782470221601443	397950.7363845792	3.1621624718214205	856.8737108717019	1.6406650634824018	734232.556383041	2.6917818505317137	598.0278866748598	0.409314069250513	357637.353240799	0.1675380072864138	615.8053901562279	585.6041442457295	1.177017	51.989967	0.1605606	0.0889033999999999	0.0571325223	0.1282729264	-0.0260336476	-0.0743161599	0.0389752681	-0.0332319292	-0.0728063648	-0.0756779877	0.0859440076	0.1175526477	0.1197018447	-0.0421253325	0.0211428116	0.0909838789	-0.1378840046	-0.0976885496	0.0752891584	-0.0586636637	-0.118873201	0.0233931199	-0.1413531583	0.0608994209	0.0791034981	-0.1261521642	-0.085529881	-0.0689141857	0.1201810127	-0.0698888174	-0.1041507937	0.0026949513	-0.0496974535	-0.0458128162	0.0341885381	0.0064169255	0.0128560413	-0.0592797454	0.0614756992	0.0062913483	0.0508693439	-0.0974815817	-0.1309301314	-0.0238072682	0.0323141495	0.0174687302	-0.0432723744	0.0422632294	-0.0455378187	-0.0175291588	-0.0817992542	0.1939705269	-0.0763181481	-0.0355198978	0.0233553395	-0.1487690662	0.0976611285	-0.0950552832	0.0440713117	0.0121925786	-0.136802573	0.0825106426	0.0711258024	-0.0098041571	0.049898392	0.058802265	0.0623713493	0.0267057919	-0.1496774023	0.0869643206	0.0737827088	0.1291494273	-0.155576792	-0.0517115939	-0.0644335199	0.0406985271	-0.0399960545	-0.0326159948	-0.0131225802	-0.0590259708	0.1266850531	0.1176343027	-0.0519005717	-0.0025047112	-0.0322812821	0.1095861594	0.070633208	-0.0636935547	-0.0583422566	-0.0451640462	0.0271594634	0.1087733655	0.0322927503	0.0004455238	-0.0042543154	-0.030776224	-0.0087064538	0.1545158019	0.029424111	0.0594628599	-0.0144381009	-0.130704857	-0.1088517966	-0.0256079461	0.0645802855	-0.1747315164	-0.0278204742	0.0024757182	-0.0989453537	-0.0555481079	-0.0693418322	-0.0456523142	-0.0654654478	-0.0614650755	-0.1095493784	0.0410981131	0.0766030042	-0.1300467645	-0.009787184	-0.0600027318	-0.0148225165	0.0213647881	0.0649802334	-0.0753109738	-0.0729374599	-0.0596023888	0.0035715424	0.0789393066	0.068030605	0.0980742392	-0.1030070626	0.1466103598	-0.0806815862	0.0387566819	-0.0103298473	0.0196104292	0.0204555587	0.0465590534	-0.1819711753	0.1201627364	0.0543377762	0.0445749636	0.042802783	0.1081645296	-0.0412375582	-0.036873376	-0.0708295312	0.085431399	-0.0247663874	-0.0115823265	-0.1138515591	0.0722709427	0.0013640986	-0.0583468529	-0.0486758686	0.0917572816	0.0399769317	0.1435746625	-0.0088381885	0.1764486486	-0.1059604769	0.044574473	0.1204657943	0.0375366422	0.0376922465	0.0221114798	0.0610115539	0.1513315066	-0.0417492293	0.2267069286	-0.0581626185	0.0192710047	-0.0312449828	0.0433072335	0.0992353402	0.123534074	0.0392702769	0.0164887165	0.0571235689	-0.0035568264	0.0952531651	0.0751489414	-0.0122290393	0.0021702289	-0.1331170493	0.1023599852	-0.0942867573	0.0311386526	0.0448090364	-0.00735021	-0.00230175	5.40255870441e-05	5.2980530625e-06	0.112166	0.0646915	0.012581211556	0.00418499017225	0.160328	0.0417879999999999	0.0017462369439999	0.025705067584	-0.00222848	-0.00092635	8.581243225000001e-07	4.9661231104e-06	0.000571697	0.0	0.0	3.268374598090001e-07	-0.000575214	0.0001092369999999	3.30871145796e-07	1.1932722168999996e-08	0.0
632.1084772523329	1.2751106771499965	399561.1270142631	1.625907238981922	853.5986405496667	-3.2750703220351625	728630.639148239	10.726085614275505	597.8876061783589	-0.1402804965009636	357469.5896216884	0.0196786176985568	615.6685675302859	584.8569229282608	1.241334	54.830914	0.32854239	0.178933	-0.1118159307	-0.0417548588	0.0044740198	0.0641237568	0.063490903	0.0800247517	-0.1177210271	0.1459063023	0.0715436488	-0.1580239442	-0.0121310622	0.080092371	0.0653839681	-0.0541385946	-0.230588692	0.0635750193	-0.1374514295	0.0450664382	0.0115617866	0.0377365636	0.1870039511	0.0759923425	-0.1696465291	-0.0168841975	-0.0397826804	-0.0452068959	0.0961507699	-0.007155097	0.0602380711	0.0482900711	-0.0435180153	0.0323067684	-0.0568391958	-0.0551688859	0.305453481	0.1181699406	-0.0771690331	-0.0179400618	0.0265588388	0.0115953479	0.0621123397	0.0155388804	-0.0079565206	-0.1124943949	0.0960785898	0.0369111995	0.0808865327	-0.0621795208	0.0439991827	0.0137156685	0.1632615994	0.0295595446	-0.0017916015	-0.0882240865	-0.0171448438	-0.0093947143	-0.0215566856	0.0200947592	0.1016614644	0.1375897599	0.0491783934	-0.0147391343	-0.0904477778	0.1143440249	0.0283364502	-0.0146726478	0.1040215533	0.2486315219	0.0200575004	0.1067266832	0.1421349638	0.0754993419	-0.0371410595	0.0189920805	0.0145449271	0.0135080611	0.0996421773	0.0553702899	0.0006578471	-0.0048556799	0.0356876412	0.0179574271	-0.1160972456	0.0863345173	0.0349401663	0.0191399068	0.0276857234	0.0229814259	0.1510177653	0.0006134057	-0.0892865546	0.0614541022	-0.1713120082	0.0114253061	-0.0638131759	-0.1340429671	-0.0812620435	-0.0789145175	0.0368407998	0.147965031	0.0021566573	0.0123194569	-0.0988713694	0.001128349	0.0042183035	-0.0099526619	-0.0851299415	0.0744838581	-0.0542149862	0.1294278233	0.1235847404	0.0780765887	-0.0123057055	0.0424482334	0.0520272438	0.0468886577	0.0450669987	-0.1978760092	0.0725139051	0.1947958869	-0.0397867397	0.0497707591	-0.1281214565	-0.0013496517	-0.0747390608	0.1958263325	-0.0473242756	0.0133606838	0.0853626573	-0.1000061225	-0.0956354179	0.067290315	-0.0167021378	-0.0846743288	0.0561783545	-0.1056870917	-0.0132089002	0.0516392159	0.159136894	0.1129294774	-0.1046445404	-0.0157137287	-0.018022912	-0.0554455635	0.0357836902	-0.0688139232	-0.062930215	0.0467835636	-0.0253478414	-0.0929467941	0.093205846	0.0086628357	0.0682293078	-0.093022181	0.0151237875	-0.0113309198	-0.1061614509	-0.0245332997	-0.1269464555	-0.1369860726	-0.078942991	-0.0223843254	0.0412978059	0.1627354745	-0.0601366435	-0.097792963	0.0855363522	-0.1941604741	-0.1004070086	0.0752128436	-0.0761838745	0.1013380335	-0.0031801791	-0.0987576312	0.0999576905	-0.0201984592	0.0917040736	-0.0543334988	-0.0420760853	-0.1695169081	0.2069781117	0.0909896204	-0.0489650105	0.0416923703	-0.0958580879	0.0361737896	0.0374218916	0.00535643	0.01270664	2.86913423449e-05	0.0001614587000896	-0.024489	-0.136655	0.000599711121	0.018674589025	0.0609865	-0.0993415	0.0098687336222499	0.0037193531822499	-0.00102178	0.0012067	1.4561248900000006e-06	1.0440343684e-06	0.000503681	-6.801600000000006e-05	4.6261762560000095e-09	2.53694549761e-07	-0.000253145	0.000322069	6.4082391025e-08	1.0372844076100003e-07	0.0
631.086394154548	-1.022083097784957	398270.0368869895	1.0446538587776946	864.1672406119189	10.568600062252244	746785.0197468182	111.69530727583816	598.3865552523291	0.498949073970266	358066.4695067487	0.2489501784157859	616.8509187215985	598.9625349739114	1.204891	53.221199	0.152963879	0.108634	0.0750907837	0.0136711677	0.0092032645	0.0137404313	0.0636184678	-0.1016976874	-0.0061515227	0.077665206	0.0316443976	0.0326679621	-0.0271033036	0.0179136305	-0.057830166	0.0187740836	0.0230807109	-0.1073141159	-0.121915449	0.0514588259	0.2655481436	0.0246679163	-0.0865993883	-0.0804467145	-0.1327371995	-0.0516350834	-0.0849814769	0.0158515147	-0.071206639	-0.0639546539	0.0204506905	-0.1282961785	0.0098395748	0.1725638771	0.0415005694	0.2253818385	-0.0858545681	-0.017749744	-0.0214537782	-0.0376420095	0.0074064132	-0.0889886708	-0.0684118928	-0.0496647235	0.0775425108	-0.0663324991	-0.1672776962	-0.0983108865	-0.1057752764	0.0940951899	-0.0847421259	0.050714186	0.0734660121	0.0633089415	0.1789545687	-0.0103587504	-0.0130977909	0.0422249153	0.0139145975	0.1655070963	-0.0367644132	0.1312532914	0.0682405748	0.057100203	0.1399199836	0.0697469017	0.0592294132	-0.0305930416	0.1066022884	-0.0603913815	0.0795471807	0.0794666704	-0.2001675426	-0.0567711275	0.0512668257	-0.1294097949	0.013264492	0.1026202021	-0.0278927586	0.133480905	0.064964669	0.1115652021	0.0661188226	0.0629549335	0.0178489068	-0.1469678161	-0.0336390183	0.1291775265	0.0224698788	0.0295216487	0.0418346262	-0.0488180387	0.0063243496	-0.0002707385	-0.086798259	-0.1113949083	0.1678796768	-0.1481313418	-0.1049651332	0.1328126886	-0.0231574207	-0.0808221534	-0.0053920769	-0.0500594293	0.1076576661	0.0002615138	-0.0315536026	-0.0290625476	0.02239012	-0.0463898912	0.0315281975	0.0369531894	0.0779068441	0.1330778256	0.0717521646	-0.0588933122	0.0749094418	-0.0989629372	-0.136452384	-0.0778604778	0.0042093153	0.1974688401	-0.1548742547	0.0546525819	0.0271068057	-0.0290695639	0.0109687917	-0.0722882825	0.0180794227	0.0400493086	0.0872235174	0.3020154963	-0.1338637768	-0.097476723	0.0250904268	-0.0698755385	-0.0755145596	0.0042019457	0.0643389258	0.0697627137	0.1330844735	0.0541302518	0.1939820028	0.0696321485	-0.0403050664	0.08136986	-0.0200204539	-0.1027552083	-0.1445152607	0.0423241296	-0.0550627582	0.0569562139	-0.0845151246	0.1190417922	0.0266778389	-0.0837326651	0.06818568	0.0218008324	0.0365811961	0.0079657954	0.1135826714	0.0208128167	0.0949027115	0.0257701363	-0.0421875898	0.0842338665	0.1056984556	0.0202796347	0.04860292	-0.1541714301	0.1136980522	0.0052715706	-0.1304337236	0.0661300144	-0.1102183086	-0.0349206944	0.0383557254	0.0090003512	0.096961606	-0.1062431424	0.1062632444	-0.0980809938	-0.0102166326	-0.0131355314	-0.2164835663	0.0294468007	-0.0973825011	0.0411381146	0.0298699563	-0.000729549	-0.006085979	5.32241743401e-07	3.7039140388441e-05	0.0823693	0.1068583	0.00678470158249	0.01141869627889	0.0791819	0.0181954	0.00033107258116	0.00626977328761	-0.00112814	-0.00010636	1.1312449600000002e-08	1.2726998595999995e-06	0.000421548	-8.213299999999997e-05	6.745829688999995e-09	1.77702716304e-07	-0.000501136	-0.000247991	2.51137290496e-07	6.149953608100001e-08	0.0
629.4189005735689	-1.6674935809791125	396168.1523992402	2.780534842606543	859.5969123198444	-4.570328292074578	738906.8516698102	20.88790069733733	598.2472801499307	-0.1392751023984146	357899.80820678966	0.0193975541480888	616.4593692458892	589.7409365107854	1.189441	52.538761	0.061141459	0.0341561	-0.0970074612	-0.0109052552	-0.0220937079	0.1028080224	0.0398628191	0.0792261484	-0.0194365491	0.111861802	-0.0964365997	-0.0943970485	-0.0020641112	-0.0191188408	0.0016449462	-0.0827519124	-0.0316588473	0.1037752309	-0.0956760154	0.0627206212	0.0819146743	-0.0047151335	-0.1040934128	0.1044964821	0.1053979075	0.0775912546	0.1228406747	-0.0698442202	-0.1767555381	0.1122529813	0.0986776214	-0.1014421961	-0.0230453269	-0.1484033727	-0.0028539646	0.0756115985	-0.1285644939	-0.1253606765	0.0918327727	0.0914327856	-0.0442800191	-0.0249400501	0.0122234203	-0.062862327	-0.1442148626	-0.06581999	0.0089494337	0.0314430348	0.0046771365	-0.0433275544	0.0982940827	-0.1137452295	0.0598638857	-0.0250445144	-0.1216386447	-0.0907933609	-0.0405157011	0.0225628436	0.015134601	0.0670035082	-0.0332942828	-0.0196841198	-0.0429473544	0.0224680891	0.0464496822	-0.0844184145	-0.0857122082	-0.1271474547	0.0948814559	-0.0188993969	0.0382520702	0.0029665609	0.0962879342	-0.0407323565	-0.0577302081	-0.0468214747	-0.0468201908	0.0297549603	-0.1031516316	-0.0656433465	0.0143502611	-0.0090019116	0.0394047875	0.0202026756	0.040516563	-0.0960298781	0.0425420863	0.0034635438	0.019793051	-0.0599627335	-0.0306675993	0.0610170934	-0.0715445455	0.1757842917	-0.0123340205	-0.1285014938	0.0305224994	0.0728806436	-0.0105267915	-0.1504377544	0.168141772	0.0784564324	2.46838e-05	-0.0774996942	-0.1804941666	-0.0291258383	0.0171405981	-0.1269551036	0.0894103109	0.038307839	0.0140350933	0.0928628647	0.0122985988	0.0374329428	0.02431667	0.0267784513	-0.0042469793	0.0632171581	0.0448446224	0.0306219623	0.0712917464	-0.0784140365	-0.037424885	-0.018531371	0.030445194	0.0199852784	0.0958764465	-0.0168774902	-0.0121861183	0.0671222676	0.085624191	0.0953301269	-0.0393079872	-0.1804820951	-0.1080435923	-0.0121967838	0.0770378651	0.0162591944	0.00974565	-0.1252789352	-0.0995233868	-0.0222588528	-0.0607240817	-0.0225620637	0.1116058555	0.0519466872	-0.0492791171	0.0224028871	0.0209135172	-0.0140164319	0.0337909604	-0.0817126518	-0.0511471832	-0.1628383096	-0.0075236374	0.0483720838	0.0265442542	0.0969146985	-0.0837458043	0.0372899972	0.0828636277	0.0159842496	-0.0424593277	-0.1512121545	0.0866033086	-0.0293403715	-0.1432085583	-0.0125761681	0.0005172841	0.0196364531	0.0411520045	0.0318023658	-0.0036726836	0.1448624214	0.0290758106	0.0616043644	0.0790364303	-0.0751287028	0.0760395576	0.0280406804	0.1268269671	-0.0747104376	0.1194942787	0.0215141927	-0.1274620333	0.0091030996	-0.0988592507	0.0460219099	0.0221864862	0.00365376	0.004383309	1.33499621376e-05	1.9213397789481e-05	0.0529884	-0.0293809	0.00280777053456	0.00086323728481	0.0854932	0.0063113	3.983250769000008e-05	0.00730908724624	-0.00124301	-0.0001148699999999	1.3195116899999998e-08	1.5450738600999995e-06	0.000669404	0.0002478559999999	6.1432596736e-08	4.4810171521600004e-07	-0.000442543	5.859300000000001e-05	1.95844306849e-07	3.433139649000001e-09	0.0
630.2976977371251	0.8787971635562144	397275.1877727203	0.7722844546744478	860.2019522748959	0.6050399550515522	739947.3986975423	0.3660733472087842	597.6440370955866	-0.6032430543441478	357178.39507591084	0.3639021826144565	615.8137155582516	589.3789239398345	1.211329	53.505562	0.0528318299999999	0.027681	0.0742414859	-0.0677359677	0.0533180801	0.0974460602	-0.0470268513	-0.0839436867	-0.0331300039	-0.0209958318	0.0590807404	0.0829624732	-0.1017380745	0.0772107634	0.064864387	-0.0218225366	-0.025305206	-0.0279679047	-0.021370367	0.1559385461	-0.0624805402	-0.099077513	0.025232148	-0.0600246193	0.0095901415	0.0827567312	0.1512635903	-0.1399101939	-0.0354604014	-0.0102174626	-0.1073158638	0.0928363522	0.011697586	-0.0026893065	-0.0595221077	0.0945277006	-0.1219563145	0.0057995906	-0.0141971663	-0.0276596903	-0.013606615	0.2101913587	-0.1140857954	-0.0660198813	0.0906551872	0.0231204346	-0.142889667	0.070188974	-0.1226028893	0.0550796782	-0.0172129079	0.0143960104	-0.0627503332	-0.0473711719	0.0850802914	-0.0812283937	-0.0708700542	0.0924981554	-0.0294065684	-0.0161892191	-0.016376492	0.11750489	-0.1087098295	-0.0194397146	-0.0121657176	0.0543861979	-0.0149616283	0.0384447788	0.0290694368	-0.0555731359	-0.1744428243	0.0132504445	0.0238152609	0.0026125505	0.0121930446	0.0266834225	0.0830695094	0.1768039915	-0.1182004659	0.0885790455	0.1195925314	-0.0376782961	-0.1036929122	-0.0020383672	-0.053409972	0.108408924	0.0357244499	-0.0565012483	-0.159123617	0.0335761786	0.0675123625	-0.0535635904	0.1583486535	0.0159867742	0.1047867466	0.0875213645	0.112478648	-0.0402165968	0.2200080213	0.0950386476	-0.0198297448	-0.0524936151	0.0956952391	0.1767946829	0.0746941427	-0.031694287	-0.0386830209	-0.071666196	0.0534906027	-0.1134274468	-0.0711182235	0.0437053655	-0.0080962576	0.1107476898	0.0309666786	-0.0007840629	0.0134982156	-0.0970980857	-0.0264194567	-0.0080387031	-0.04549478	0.0609062891	-0.0237666749	-0.0077266294	0.0420247977	-0.0534873278	0.2130658809	-0.0476197572	0.0890614794	0.0230218054	-0.0473303123	0.0375960787	-0.0881782938	0.0705548834	0.1419995692	-0.0529317008	-0.0074633396	-0.0126133505	0.005748833	-0.1210354903	0.0331852563	-0.0365480052	0.0065376926	-0.0355772425	-0.1228686922	-0.0438901438	0.1156590208	0.1474142336	0.0428674548	-0.1531772936	-0.149341826	-0.0215989078	0.0924916972	-0.0735953378	-0.1037934942	0.0690291448	-0.2145329349	-0.1151934684	-0.0311421482	0.0207976341	0.0244273051	-0.1393059491	0.0064408901	0.1348305192	0.0620417999	-0.018224771	0.1094802459	-0.0793032188	-0.0094244441	-0.0063024017	-0.0185904754	0.1325097336	-0.0349268726	-0.0010394497	-0.1182967689	-0.0308976973	0.0176963112	-0.076573199	-0.0169510762	-0.0777812589	-0.0533504893	-0.1551653376	0.0731309407	-0.0980485994	-0.1195136276	0.1432947175	-0.100287614	0.0508156151	0.0144053161	0.00760189	0.00394813	5.77887315721e-05	1.55877304969e-05	0.0741625999999999	0.0211741999999999	0.0055000912387599	0.0004483467456399	0.0954868	0.0099935999999999	9.987204095999985e-05	0.00911772897424	-0.00124301	0.0	0.0	1.5450738600999995e-06	0.000504484	-0.0001649199999999	2.7198606399999978e-08	2.54504106256e-07	-0.000253145	0.000189398	6.4082391025e-08	3.5871602404000005e-08	0.0
630.7057752435746	0.4080775064495583	397789.77492559847	0.1665272512700893	856.6789489647518	-3.5230033101440767	733898.8215993519	12.411552323286122	598.2779660964935	0.63392900090696	357936.52471655706	0.4018659781908965	616.3123913696016	589.0145971332702	1.194336	52.754974	0.09661255	0.0490286	-0.0121435702	0.1219093899	-0.0228791506	-0.0388504222	-0.0718180431	0.0166584644	0.0225466924	0.0128608566	0.0906630726	0.0139175903	0.1297941816	-0.0485477763	-0.0810601174	0.0687820082	-0.0645313466	-0.077878654	-0.0459305969	-0.1465387523	-0.0495064207	-0.0903088255	-0.0943123976	0.024584422	0.0759066676	0.1338129041	-0.1540813884	0.0158619837	-0.0199417	0.0301259895	-0.0051673109	0.0420892683	-0.1366281342	0.0306021531	-0.0534094169	0.1285695976	0.0054541157	-0.065243603	-0.0340432988	-0.0111809929	-0.0486242251	-0.1178104291	-0.0248468661	-0.0731622089	-0.0939769727	0.0577631445	-0.1006372152	-0.0083098012	0.0435415555	-0.1034256097	-0.0419862285	-0.1306998612	0.058807412	-0.0135344059	0.0487663341	0.0720745082	-0.0845576798	0.0245028992	-0.0750275614	-0.0086524725	0.0174843896	-0.0804907651	0.004364102	0.0153121962	0.0106778023	-0.2288205087	-0.0257949415	0.0567328458	-0.0735230729	0.0722087855	0.1867567166	0.0346156046	-0.1062550515	-0.0970994933	0.0150006715	-0.1130424226	-0.2070298501	-0.0500380456	0.0013704686	-0.0930459675	0.0418469958	-0.035588239	0.1451640359	0.0047827758	0.0979482767	0.0446978165	-0.1044663514	0.0066751122	-0.1024001607	-0.0573830899	0.0019997389	-0.081746619	-0.0102659649	-0.1187145459	0.0182732522	0.0228148418	-0.1494747393	-0.0161297224	0.0584156154	0.1539061746	0.0802139889	-0.038695997	-0.0758382802	-0.1648909101	0.0579176389	-0.0286279306	0.0236363458	-0.0330851182	-0.0152381856	-0.1432719217	-0.0130076248	-0.0597205992	0.0604059748	-0.0327153256	0.0154836897	0.0373468219	-0.1172803976	-0.0386887637	0.0101324395	-0.0159714648	0.003344718	-0.0997907371	0.011853294	0.0135156607	0.110112932	-0.0061106664	-0.0533842796	0.0217376059	-0.1806341245	-0.1439453799	-0.0250403244	-0.0863848371	-0.0006598306	-0.1754011092	-0.0697874356	0.1412592771	-0.0183545055	0.0749712566	-0.1567020007	0.0223207636	-0.0067509517	0.0813798183	-0.1162058382	-0.0008970075	0.0446397773	0.0915187641	-0.0783037021	-0.032688846	-0.0977281895	-0.0709638164	0.0389097009	0.1040961349	-0.0780326947	0.0077759237	-0.0942992033	0.0077004129	-0.1597202125	0.0957898552	0.1327795409	-0.0587298757	-0.024204651	-0.0698517153	0.0994866895	-0.1226863008	-0.0379066294	0.0666445808	-0.0483137469	0.1338424922	0.030562909	0.0427451633	-0.0086280667	0.1235323233	-0.0474735504	-0.0729941199	0.0144490557	0.017226106	0.028597178	0.0797283718	-0.0633934159	-0.0633965091	0.1149336374	-0.0177082779	0.0426419568	-0.1605368755	-0.1533080867	-0.0133349301	-0.1016668918	0.0555098464	0.006560711	-0.00502186	-0.01262375	2.5219077859600003e-05	0.0001593590640625	0.0842148999999999	0.0100523	0.0070921493820099	0.00010104873529	0.127971	0.0324842	0.00105522324964	0.016376576841	-0.00175935	-0.00051634	2.666069956000001e-07	3.0953124225e-06	0.000571697	6.7213e-05	4.517587368999999e-09	3.268374598090001e-07	-0.000498638	-0.000245493	2.48639855044e-07	6.026681304900004e-08	0.0
631.4584899264253	0.7527146828506375	398739.8245001613	0.5665793937789357	862.6848591873735	6.005910222621651	744225.1662711385	36.07095760219125	598.128000852866	-0.1499652436275482	357757.105404246	0.0224895742962699	616.2761179573229	589.7057539786697	1.200277	53.01738	0.1371548299999999	0.079763	-0.1033184449	-0.0746070794	0.0242362273	-0.0481325337	0.0584280737	0.0713705032	-0.095972626	0.0039868453	-0.0711068087	-0.0974194237	-0.0235880222	-0.0140071567	0.1388095852	-0.1000731462	-0.0328597087	0.03505847	0.0759948898	0.0134092696	0.1059792117	0.0057652618	-0.0291881504	-0.0192908793	0.0340722832	-0.0284279844	-0.0434632364	0.0003975856	0.0813887358	-0.0672576645	0.0416883043	0.1205419364	0.0667223059	-0.1033638135	-0.1188554566	-0.0755710386	-0.0224233457	0.1016687701	0.0012132918	-0.0370163994	0.1279034242	0.1131431997	0.077570115	-0.0348761335	-0.0395670153	-0.0673449289	-0.0323190138	0.0589411696	0.1248008251	0.0974559917	0.1728023427	-0.0117124933	-0.0158433835	-0.0491127186	0.1569830766	-0.0213453857	0.1093772036	-0.0173129555	0.1194503984	-0.0670469207	0.0463520218	-0.0260390667	0.0062499246	0.0169553436	0.0292257103	0.0273536922	-0.0389209306	-0.1265083215	0.0554540258	0.060966909	0.0705930752	0.0570587611	0.0579356452	-0.0624946277	-0.0718231722	-0.0025429718	-0.1076608707	0.0864732331	-0.1357338456	0.0059735127	0.0598634275	0.0633681225	0.0040468529	0.0647067522	0.0737943224	-0.1583535539	-0.1630943367	0.1073792457	0.0212591498	0.1627558363	-0.0853413586	0.1282497092	-0.0623619023	0.0046787643	-0.0062597014	0.1001496856	-0.1060117244	0.0339720466	-0.0214685701	0.1037324577	-0.0903426436	0.1007684205	-0.0015691762	0.1471230949	-0.0700636187	-0.0047057515	0.0630343512	-0.0664547609	-0.0670494255	0.0176231179	-0.0333381238	-0.0131701315	0.0385426021	0.1304670845	0.0840470378	0.0527148033	0.1392747591	0.0210741124	0.0173220701	0.0769108634	-0.0122443963	0.0402453029	-0.0370758148	-0.0478449385	-0.0370816036	-0.0795995265	-0.0833311432	-0.1344509818	0.0831275858	-0.0304508465	-0.0390400649	0.0335696642	-0.0294517624	-0.1321841651	-0.1332247539	0.002874547	0.1322547356	0.0075139407	0.0352056557	0.2284762888	-0.02710407	0.1043114682	0.0167513724	0.0551166044	0.1452425163	0.1369958513	0.0785212515	0.0604290529	-0.0708514622	0.0566461813	0.0170132314	-0.0813565932	-0.0008573167	0.0813764998	-0.1629660407	-0.0646984993	-0.0246984947	-0.002665388	0.1121127935	-0.0003728826	-0.1043524805	-0.0516087869	-0.0743359515	0.0654607898	0.1152683646	0.0056856198	-0.0848023793	-0.0958388332	0.0590877642	-0.0055493497	-0.0007199703	0.0175903932	-0.1489904272	0.0347462995	0.0413743431	-0.0137125205	-0.0006811886	0.0614029906	0.089351234	-0.1064041301	-0.0314428201	-0.1261967698	0.1059585099	-0.0240789939	-0.0956125275	0.0818562823	-0.1029964092	0.0600954145	-0.0013127847	-0.00426623	0.00075563	1.8200718412900003e-05	5.709766969000003e-07	0.0425208	-0.0416940999999999	0.0018080184326399	0.0017383979748099	0.0758154	-0.0521555999999999	0.0027202066113599	0.00574797487716	-0.000933864	0.000825486	6.814271361960001e-07	8.72101970496e-07	0.000571697	0.0	0.0	3.268374598090001e-07	-0.000473134	2.5504000000000032e-05	2.23855781956e-07	6.504540160000017e-10	0.0
630.5655228517708	-0.8929670746545071	397612.878609327	0.797390196417028	858.8366813675772	-3.84817781979632	737600.4452624733	14.808472532772354	597.8054605356103	-0.3225403172556298	357371.3686461932	0.1040322562553623	616.2585100855053	593.5506834592748	1.221507	53.955139	0.12339393	0.0714676	0.100759162	-0.0256197989	0.0173498971	0.0511133012	0.0617412313	-0.1267136912	0.0297999403	0.0965242721	0.0461613574	0.076810022	-0.0623557022	0.0665169921	-0.0862439578	0.0196412518	0.0139813432	-0.0305074974	-0.1275387092	0.1180547059	0.1059121783	0.030952274	-0.0341197699	0.0640816306	-0.1155778166	-0.0953764432	-0.0484770153	-0.1166661535	-0.0077389554	0.0653505498	0.1330054557	-0.067683997	-0.0455300355	0.0692897374	-0.0573688893	-0.1071029501	0.0208825243	-0.0241027579	0.0569837829	-0.0588653362	-0.0343297733	0.0229178372	-0.0057262068	-0.0576184607	0.0894490432	-0.1395494808	-0.0717260438	-0.0732641857	-0.137304923	-0.0074295795	0.0069382689	-0.0026792856	-0.1035315462	0.0207030976	0.0443270934	0.0929929014	-0.0374652997	-0.0475673186	-0.0314362096	-0.1700094929	0.0808075213	0.0132287263	-0.0422316809	-0.0946376218	0.0199385039	-0.0502435306	0.0608680468	0.0445684349	-0.0182758474	-0.1577788814	-0.0251417639	0.0743481758	0.0307265792	0.0667658938	0.0770196346	-0.0236163485	-0.0400434484	0.0354482004	-0.1223101318	0.0075490377	0.0714367427	0.1060491096	-0.0709852277	-0.0046845054	0.0733257405	-0.0767619222	0.1271257019	0.1276140446	0.0540349398	0.038393684	0.0498893844	0.0282003858	-0.0334991852	-0.0076025539	-0.0998416314	-0.0281058343	-0.0194107096	-0.0263188896	0.0316023231	-0.0844262372	-0.0038640487	-0.0632276688	0.0520554277	-0.0102317721	0.1002710638	-0.0146899229	-0.0774364204	-0.0357391401	0.0257669899	0.0590534695	0.0252997932	0.091177909	0.0652828309	0.0073299522	0.1690539411	0.0015545313	-0.091166693	0.0011511053	-0.0141287734	-0.0343056357	-0.0560338669	0.0420336791	0.0634573764	-0.1138413112	0.114815966	-0.0492386185	0.0818889839	-0.14647236	-0.0174827744	-0.062470929	-0.0482289039	0.0701841025	0.0028242728	0.0812816406	0.0926768706	0.0147425839	0.0542230454	-0.0624377188	0.0451371553	0.0126314747	-0.0113007061	0.0462635479	0.0082297231	-0.0062131438	0.0055403951	-0.0783177975	0.1122945566	-0.0958155567	-0.0502068276	0.0859856564	-0.1450520173	-0.1355438328	-0.0917455143	0.0962641799	0.0189657523	-0.1108146521	-0.000511993	0.0406536923	-0.0049719131	0.0618545162	-0.0369430869	0.0333928446	0.1055640279	0.028934785	-0.0585062796	0.0263407793	0.1205222715	0.0026779499	0.0240850491	-0.0689206796	0.0369611575	0.0997155146	-0.0573495628	0.067768123	-0.0802719592	0.0250777209	0.0042352775	0.0747503825	0.0759702904	-0.1583282292	0.0383459097	0.0667761532	-0.0292356318	0.0751797144	-0.0689154309	-0.0459023489	-0.1042755153	0.0645633431	-0.0091804995	-0.0034745	0.00079173	1.2072150250000002e-05	6.268363929000001e-07	0.0773062	0.0347854	0.00597624855844	0.00121002405316	0.128492	0.0526765999999999	0.0027748241875599	0.016510194064	-0.00154078	-0.000606916	3.683470310560001e-07	2.3740030084000003e-06	0.000658904	8.720699999999995e-05	7.605060848999991e-09	4.34154481216e-07	-0.000464453	8.68100000000002e-06	2.1571658920900002e-07	7.535976100000036e-11	0.0
629.944778720809	-0.6207441309617252	396830.4242376091	0.3853232761234274	860.6812372201988	1.8445558526216248	740772.1921028921	3.4023862934406885	598.0032199074166	0.197759371806228	357607.851019638	0.0391087691371939	616.8750411797154	593.011128267778	1.170677	51.709927	0.11769534	0.066046	-0.0576466732	0.0840150838	-0.0327655512	0.0991699196	-0.1126548809	-0.0080314401	0.0978748222	0.0391437626	-0.0792623815	-0.056169642	0.0938684945	-0.0334591892	-0.0246993653	-0.0392619614	0.0980219874	0.0117652837	-0.2019478042	-0.0228948465	0.0115173489	-0.0392118071	-0.0575575824	-0.0166071215	0.058995405	-0.0028530998	-0.0506103418	-0.0511467083	-0.0208570917	-0.0383969271	0.0402566793	-0.0492640317	-0.1660612905	0.0496257314	0.0518899656	0.0094077973	-0.0288654886	0.164752563	0.0469027556	0.119325544	0.0306778688	-0.083120157	0.0313065507	0.0687791773	-0.0761330302	-0.0890023219	0.0826845628	-0.0520192316	-0.1555828358	-0.160212296	-0.0218029895	-0.0251697777	-0.0012800603	-0.1088230975	0.2295899642	0.0395894832	-0.0532055841	0.0818768445	-0.0634664111	0.1352590833	0.1525252535	-0.1436226191	0.0110415085	0.1129769944	0.0067980802	0.0664959948	0.0518146487	-0.0097089053	0.0317127887	-0.0958950786	-0.0995363012	-0.0079953782	0.0556441423	0.0789840333	-0.1255868365	0.0185941923	-0.1154422149	-0.0142236025	0.0252108816	-0.0993710858	0.0370578761	-0.1102277873	0.1456083933	-0.0205257728	0.0726867048	-0.0281146191	-0.2245771467	0.0483339343	0.0879477779	0.0534617776	0.0515074866	-0.0309883187	-0.0308445502	-0.0511607715	0.0320020412	-0.0631442669	0.0711753173	0.0829000823	-0.0086474807	-0.0598471479	-0.1289306806	0.0296366114	-0.1072679402	-0.0548853155	-0.1013240507	0.0741553092	-0.0310503506	0.0920474873	0.1504456008	-0.0390546503	0.1020754773	0.1371720902	0.083090937	-0.1613095831	0.0475594037	0.000501185	0.0540785543	-0.1231392659	-0.0657740705	-0.0036236808	-0.1349358711	0.1003354779	-0.1524155689	0.0997714248	0.1067662092	0.0066236232	-0.0883392934	-0.2024345263	-0.0170651407	-0.0369203136	-0.0698127706	-0.0433348708	0.0479984266	-0.0218112653	0.0123393812	0.0552225901	0.1582507716	-0.0186762209	0.0077741652	-0.0349449107	0.099390804	0.0664916454	-0.1042145857	0.0480935091	0.0430959421	-0.0066154961	-0.0525778785	0.0358509163	0.0152485258	-0.0243961476	0.1543355457	-0.1386713672	-0.0995001752	-0.0345613528	-0.1545807166	-0.0646373676	0.0235946215	-0.0901629077	-0.0072043678	-0.0074612549	0.1620387152	0.0880968938	-0.0615788016	-0.082960382	0.0426475081	-0.0217428459	-0.1053183995	0.0712078916	-0.031542497	-0.0426919721	0.0957655068	0.002161127	0.0873434766	0.0310643638	-0.1612732118	0.094233425	0.1333148428	0.0394031473	0.0476491513	0.0489575197	0.0157116896	-0.0610449875	-0.0495502468	0.0856656701	-0.0324362468	0.0253740818	-0.1055035841	0.0689048858	-0.0170077871	-0.00182111	0.00165339	3.3164416321e-06	2.733698492100001e-06	0.0448332	-0.032473	0.0020100158222399	0.001054495729	0.0850294	-0.0434625999999999	0.0018889975987599	0.00722999886436	-0.0008400859999999	0.0007006940000001	4.909720816361402e-07	7.05744487395832e-07	0.000717572	5.8668e-05	3.4419342240000003e-09	5.14909575184e-07	-0.000507218	-4.2765000000000056e-05	2.572700995240001e-07	1.8288452250000046e-09	0.0
628.445834753433	-1.4989439673760216	394944.1672189392	2.246833017332968	855.9454712264104	-4.735765993788391	732642.6497130018	22.427479547922545	597.3367787686914	-0.6664411387251903	356811.2272697565	0.4441437913853283	615.3642825150433	589.3722426416683	1.155813	51.053383	0.052738154	0.0295986	-0.0146250951	-0.1161438342	0.0666577569	-0.0840210366	-0.0398736195	-0.05338284	0.0268212195	-0.0491699227	-0.0218634507	-0.0181438824	-0.0839529557	0.0556669951	0.0327277255	-0.0336472091	0.0898631474	-0.0684191306	0.1443837018	-0.0542184341	-0.1168478462	-0.100963203	0.0325805089	-0.0534921181	-0.0071137819	0.0348051616	-0.0263980915	-0.0178470356	-0.1157293193	0.0206736928	-0.0693379791	-0.1304531005	-0.2006626107	-0.03918986	0.1532799364	-0.0333902771	0.1112462488	-0.0170709223	-0.0410795189	-0.0309294438	0.0144474095	0.0998405286	0.0590708599	0.1434618303	0.0674406805	-0.107909455	0.0007265639	0.0571515538	0.0518133025	-0.1602321433	0.0363202323	-0.0217160526	-0.1102314888	-0.0262386615	0.1156837201	0.03879256	-0.0263589028	0.0405419756	0.0353388542	0.0062876138	0.0442393398	0.1253535558	-0.0631094826	0.0457567298	-0.0729384547	0.0324922628	-0.0918738669	0.029520285	-0.2652261987	-0.0484587783	-0.020144502	0.0511613065	0.0151364293	-0.002976354	-0.0693579273	-0.0833734715	-0.0540701494	-0.1015317505	0.0126917131	0.0330122981	0.0173365229	-0.2173054048	-0.1589471952	-0.0070527668	0.0811107646	0.0075019893	-0.003229364	-0.0208529059	0.1269052985	0.0481685644	-0.063191395	-0.0189416422	0.0580221576	-0.1139648709	-0.092706689	-0.0417914312	-0.1051183466	0.0922368882	0.0181962481	-0.0880923767	0.0962660472	0.0356839091	0.0641998665	0.132332137	0.0460277775	0.0618477686	0.0949183793	0.0902854746	-0.0603429394	-0.0186051673	0.0608481309	0.1400489525	0.0448756243	-0.0484832303	-0.0255632776	0.105537646	-0.0724201313	-0.1416286302	0.0171349485	0.0381970364	-0.0418522481	-0.0330986158	0.1440464006	0.0260715127	-0.0943227752	-0.0506135435	0.1241707725	-0.0948099826	-0.0256009107	-0.0672089012	-0.088129469	-0.2190730737	0.0804171092	-0.0013209516	-0.0561187257	0.0705523978	0.0202446586	0.0617549611	0.1331700416	0.0115459727	-0.017005124	0.0523382517	-0.1120413082	0.201221143	-0.0273526102	0.0212326982	-0.0445272506	0.0940245622	-0.0136788825	-0.1087978617	0.0349492985	-0.0057656622	-0.0137278523	0.0056958935	0.0736898715	-0.0388713145	0.1325775141	-0.0631859886	-0.0042758692	0.0271338413	-0.0181771233	-0.0513877926	-0.0162243159	0.0827026368	0.0357158327	-0.0727668951	-0.0015067286	-0.1258834316	-0.1040440994	-0.0539309341	0.0039761815	0.013383454	0.0192237004	-0.0864293123	-0.0210914373	0.0862120687	0.0799095527	0.0781543145	0.0087928731	0.0467283836	0.0399094352	-0.0179740702	0.1396155086	0.1639216603	0.141555054	0.0082302759	-0.1066800145	0.073111544	-0.0247601796	0.000979294	0.002800404	9.590167384359998e-07	7.842262563215999e-06	0.0570292	0.012196	0.00325232965264	0.000148742416	0.0965468	0.0115173999999999	0.0001326505027599	0.00932128459024	-0.00131007	-0.000469984	2.2088496025609403e-07	1.7162834049e-06	0.000700649	-1.692299999999996e-05	2.8638792899999857e-10	4.90909021201e-07	-0.000469638	3.758000000000006e-05	2.2055985104400003e-07	1.4122564000000043e-09	0.0
629.3989054921234	0.9530707386903714	396142.9822346829	0.9083438329478102	857.5797647027322	1.634293476321773	735443.0528275935	2.6709151667479047	597.9293349781803	0.5925562094889756	357519.489627449	0.3511228614039427	615.8893728530621	587.0701855970925	1.162408	51.344688	0.047941064	0.0254336	0.093299759	0.0856962039	-0.0123619326	-0.0897276928	0.1224549839	-0.008172221	0.0052917626	-0.0750537352	-0.0237112667	0.091300973	0.0794404788	-0.0086766347	-0.0635183587	0.1241250468	-0.0430183676	0.0197467805	0.1061098932	-0.0160130506	0.0527193604	-0.0092997413	-0.0762439758	-0.0736594287	-0.0471566262	0.0754711433	-0.0999053209	-0.0586387157	-0.0529829122	-0.0410071919	-0.0291060711	-0.0020206915	0.0827540568	-0.1224378744	-0.1152554085	-0.0756506586	0.0417882171	0.0534455258	-0.0899691513	-0.0916795924	0.0413752559	-0.0590197028	-0.1641399924	0.0639257998	0.0365809162	0.0020321095	-0.0346570052	0.0114533936	-0.1381433622	0.0111235865	-0.0752777639	-0.0532086999	0.0406861195	0.0361170193	-0.1561974891	-0.0652320544	0.0001371549	-0.0435009744	-0.0286981497	-0.1105568646	-0.0479406246	0.0032451501	-0.1085449926	0.0600404122	-0.055840437	-0.1241093826	-0.0098560818	-0.0847090388	0.0128413998	-4.57707e-05	0.0220825027	-0.0075178157	0.054107569	-0.1772868768	-0.0198005764	-0.1004572153	-0.0408053788	-0.0278430284	-0.1163997201	-0.0384275712	0.0350468442	0.0499015745	0.0735211465	0.0737310375	0.112497907	0.0326776499	-0.1071502336	-0.0275097707	-0.1012456468	-0.0868295563	0.0536829936	0.2349923527	-0.0659433861	0.1722789291	0.0763293288	0.1351923144	0.0237055807	-0.0903042194	0.0195608692	-0.1643888134	-0.0292599822	-0.1056894534	-0.0617622137	-0.0080817251	0.1350682864	-0.0959753226	0.0432796651	0.0179363185	0.0277039104	0.0660192077	0.0439218883	-0.0018632394	-0.0391223883	0.0491670595	-0.1270969808	-0.0844536968	-0.0475908154	0.0740216133	0.0926555997	-0.0638958532	0.0663262969	-0.1021215565	-0.0381629165	-0.0069083883	0.0116409835	-0.0698215006	0.1275895471	-0.0097745704	-0.0933556142	-0.0901633236	0.0482045969	0.1171643663	-0.0456840068	-0.0509690974	-0.1701864094	0.0100303809	0.1726193139	0.1133131368	-0.0197204503	-0.0208388297	0.0108500575	-0.0758651934	-0.0999744984	-0.0932505606	-0.0459829598	0.0981641863	0.1195510084	-0.0374508412	-0.0276121748	-0.008722027	-0.0171012078	-0.1127467803	0.0072945471	-0.0327895139	-0.1244713388	0.0705797182	-0.1231961977	0.1339279554	-0.085027277	0.0155313521	0.0249928388	0.0170747652	0.0748732095	0.0433499244	-0.0409819988	0.0096645942	0.0955288632	0.1244507243	-0.0603352153	-0.0806555323	-0.1051693069	-0.0312079598	-0.0480176608	0.0200655045	0.0509476892	0.0947542285	0.0667159751	0.0004990811	0.0311987671	-0.006904162	0.1068769147	0.0501456854	0.0675221404	-0.0192983103	0.014656591	-0.0341314617	-0.1078042307	0.077175083	-0.0324035386	-0.00141092	-0.002390214	1.9906952464e-06	5.713122965796e-06	0.0764525	0.0194233	0.00584498475625	0.00037726458289	0.111239	0.0146922	0.00021586074084	0.012374115121	-0.00136539	-5.531999999999998e-05	3.0603023999999973e-09	1.8642898521e-06	0.0007532259999999	5.257699999989998e-05	2.764340928989482e-09	5.673494070758494e-07	-0.000590448	-0.00012081	3.4862884070400005e-07	1.4595056100000014e-08	0.0
630.1775534637463	0.7786479716229451	397123.7488895529	0.6062926637125267	855.9363423442212	-1.6434223585109748	732627.0221456038	2.700837048453775	598.1712756521438	0.2419406739634269	357808.875015313	0.0585352897178772	615.9247082301684	586.3828038004842	1.16006	51.240952	0.04395079	0.0330787	-0.1256178044	-0.013924462	-0.0315611586	0.1095135533	0.0828960149	0.07881048	-0.0101327637	0.0742730412	-0.0241429317	-0.1444248599	-0.0098936851	-0.04456942	-0.0362942929	0.0121128559	-0.1182867308	0.1296928429	-0.0555956411	0.018691977	0.1034396575	-0.0161200675	-0.0223021589	0.0118968857	-0.0071762175	-0.0229163713	-0.0493329078	0.0473594507	-0.0176347799	-0.0172470451	0.0420175277	-0.0933647639	0.0908871455	0.1093735219	-0.021628244	0.1326214964	-0.0131214237	0.0553061794	-0.1605880157	0.0205726062	-0.0745106485	-0.0615565559	0.0097969866	-0.0657503647	-0.1523188805	-0.0024804347	0.017894431	0.0750471781	-0.0940075443	-0.1716726591	0.060083811	-0.0581455698	-0.0681491232	-0.0394806536	-0.1435681427	0.0427837411	0.0054473994	0.0238018176	0.040530481	-0.0080226265	-0.1734140021	0.1447485093	-0.015660501	-3.55461e-05	0.0058963913	-0.0202685676	-0.1560279979	0.1264321895	0.0839578199	-0.0064846293	-0.0937473026	-0.049353587	-0.054779887	-0.0299257428	-0.1456514065	0.0357847168	0.0931081322	-0.0365873544	0.0848824472	-0.0219366907	-0.0461964115	0.0723215946	0.0971317777	0.0815463966	-0.1444555056	-0.0683359376	0.1075151414	0.0322554928	-0.06631469	0.0339741955	-0.0434477465	0.105072752	0.0955507808	0.0370433213	-0.0586101281	-0.0848243199	-0.0943027251	0.1134514944	-0.1418055992	0.033658427	-0.0988258347	0.094617537	0.017579717	-0.1225489575	-0.1250606545	-0.0757313713	-0.0360893885	-0.0455818854	0.1028048646	0.0564335566	-0.0048158557	0.0807789712	-0.0825906367	-0.0156391952	-0.0431371766	0.0892405347	-0.0507607699	-0.0046587486	-0.0590116987	0.0794540999	0.0567280717	0.0330068155	0.0302796991	-0.1184859844	-0.0722318075	0.0133212215	0.172455806	0.112005932	-0.0568431045	-0.0130374484	-0.0290303217	0.0324744764	0.0870768948	0.0395580004	-0.0422239745	0.1424542298	0.0884295022	-0.0259977989	-0.0620589173	-0.054678444	0.1625098653	-0.1112199272	0.0578789417	-0.0663549518	0.010746591	-0.0345954888	-0.1371748913	-0.0353322446	-0.0103538211	0.1037635877	0.0465172746	-0.0497856507	-0.0517874567	-0.0253392589	0.0627185091	0.1204291384	0.1536977804	0.0083630041	0.0245298511	-0.0380915113	-0.0272695183	-0.0502461774	0.0135757516	-0.1347577741	-0.0141100154	0.0191062209	-0.1294205347	-0.0256870583	-0.0093857008	0.0074305789	-0.0892907836	-0.0546689875	0.0681044767	0.0944442496	-0.0329369764	0.0526755807	0.0428877319	-0.0395728616	0.0798452647	0.0527099183	0.1151670766	-0.0448365881	0.038195918	-0.0476621488	-0.0231733193	-0.0311836236	-0.1088756826	0.081087548	-0.039904206	-0.00372616	-0.00231524	1.38842683456e-05	5.360336257600001e-06	0.0447293	-0.0317232	0.00200071027849	0.00100636141824	0.112581	0.0013419999999999	1.8009639999999893e-06	0.012674481561	-0.00146543	-0.00010004	1.0008001600000005e-08	2.1474850849e-06	0.000786752	3.352600000010005e-05	1.1239926760067084e-09	6.18978709504e-07	-0.000552607	3.7841000000000046e-05	3.05374496449e-07	1.4319412810000035e-09	0.0
630.8289373725803	0.6513839088339637	397945.1482266188	0.4243009966878135	860.5582395054787	4.621897161257493	740560.4835807688	21.361933369240077	598.4810524088567	0.3097767567129494	358179.5700924127	0.0959616389995938	616.5004497485592	588.7170679313872	1.172734	51.800785	0.03561141	0.0147819	0.0945645665	-0.0609871091	0.0522256203	0.0884270465	-0.084137873	0.0068824478	-0.0349396597	-0.0342105287	-0.0215809098	0.0964239283	-0.0788054297	0.0384909765	0.1223636887	-0.0808539983	-0.0293844157	-0.0217042813	-0.0368815528	0.073887963	-0.0055647572	-0.0619477527	0.0892111108	-0.0833623652	-0.0076501017	0.0456583123	-0.0709828407	-0.1351785108	0.097947788	-0.0520958488	0.0893127439	0.0901311652	-0.1051071019	-0.0653594762	-0.0660203984	0.0714722318	0.0167279405	-0.0229435454	0.0474060429	0.0507622149	0.0140813796	0.1018587019	-0.0253973077	-0.0637935531	0.0819441174	0.0593434513	-0.0969769623	0.0896817807	0.0349802018	0.0030840369	-0.0431902862	0.1163870037	-0.0892008003	0.0408887697	0.099659469	0.0315328307	-0.0537306883	-0.0555314703	0.0363843114	0.0208422233	0.0301466711	-0.048623191	-0.0352564273	0.026887698	0.0303495426	0.0959954453	-0.0186475937	0.0990962969	-0.045301351	-0.038147891	0.0165811231	-0.044693553	0.132709897	0.1522807869	-0.018675222	-0.1430693845	0.0084965513	-0.0496411981	0.0517027421	-0.0202713179	-0.0688416587	-0.049172987	0.0538484874	0.0073131396	-0.0375706785	0.0330743522	0.0635044456	0.2534381595	-0.0190038029	-0.0131818853	0.0268830154	-0.079047843	0.0390021204	0.009757242	0.0299115384	0.0025279198	-0.0958955866	0.175718132	-0.1185231184	-0.0310126082	0.134302255	-0.0736154631	0.0574415972	0.1149444678	-0.020382981	0.0218878205	-0.0602543435	-0.0488203278	-0.0336718668	-0.109431032	-0.0809784213	-0.0051632326	-0.0087041957	0.0206754525	-0.005041023	-0.0358930867	-0.0252229794	-0.01302306	-0.0703483649	-0.0633003777	-0.0354624177	0.0493687521	-0.0295384907	-0.0504008304	-0.0501441756	-0.0507568153	-0.0285756704	-0.0353714608	0.0772611296	0.057551462	-0.0343677073	-0.0968051303	0.1134046256	0.0899706532	0.1148693329	0.1582113589	-0.0077987029	0.0213019118	0.1609926156	-0.1457817065	-0.1023772622	-0.009440182	-0.0539630218	0.1206429442	-0.0285509304	-0.1135652061	0.0960264934	-0.0607115863	-0.0951347004	0.0025992091	0.0863991124	-0.0452769453	-0.0044008083	-0.0170038722	-0.0217944863	0.0045122541	0.0465032808	0.0964561238	0.15541667	-0.076378562	-0.0030173253	-0.0074125214	-0.0588369308	0.0623456898	0.0669259593	-0.049762459	0.1031694028	-0.0711428187	0.0079372894	0.0975161841	-0.0493272329	0.1204388528	0.0799034153	-0.0495294116	-0.0422396006	-0.0237760136	0.0044053668	-0.0221049963	-0.0379218268	0.0092305492	-0.0234634778	0.0205537816	0.1893860817	-0.0729374416	-0.0049082335	0.0501460896	-0.1098938456	0.0848412804	-0.0472291519	-0.00235585	0.00137031	5.5500292225e-06	1.8777494961e-06	0.0393371	-0.0053922	0.00154740743641	2.907582084e-05	0.122007	0.009426	8.884947600000007e-05	0.014885708049	-0.0013049	0.00016053	2.5769880900000032e-08	1.7027640099999997e-06	0.000923793	0.0001370409999999	1.8780235680999993e-08	8.53393506849e-07	-0.00046172	9.0887e-05	2.131853584e-07	8.260446769e-09	0.0
630.5971830379534	-0.2317543346268848	397652.80725540215	0.0537100716183501	859.4475339986349	-1.1107055068438283	738650.0636963346	1.233666722933206	598.6173706636811	0.1363182548243457	358342.75646029896	0.0185826665983552	616.834944934241	592.9433004053817	1.123559	49.628708	0.13176262	0.0644909	-0.0180061677	0.0912949995	-0.0264777378	-0.0188186318	-0.0833622584	-0.0866019329	0.0786805972	-0.08643402	0.0097417557	0.008287927	0.1019959234	-0.0853651173	-0.046995431	0.0117335754	0.0476549156	-0.1188653378	0.0399070218	0.0541464849	-0.0569627129	0.0139562885	-0.0787786157	0.0224690356	0.0310107138	0.023612801	-0.0508201368	-0.0470066785	0.0369740251	0.0228050096	0.1053975283	0.078242772	-0.0029325746	0.0978570926	-0.0142268501	-0.088904147	-0.0046473714	0.0004607167	-0.1089265429	-0.0829042457	0.0130925774	-0.0570147581	-0.0074982824	-0.0004154654	0.0053438121	-0.0088541158	-0.043852446	-0.0245816757	-0.0664317175	-0.018407338	0.0208912383	0.0768646604	-0.1690334003	-0.0706452142	0.062630064	0.0055170755	0.1705550087	-0.0136113542	-0.0561968906	-0.0561675988	0.0096603896	-0.0087281495	-0.0201047197	-0.1260548214	-0.0080502409	0.0924236532	-0.04769984	0.0555932279	0.0445279274	0.0124388891	-0.0034033659	0.0503576875	-0.0796901953	-0.1089076401	0.0863893671	-0.0010294311	0.035744096	-0.1217192277	0.0974960535	0.0196370808	-0.1361280797	-0.0284583505	0.061662784	-0.0328007502	0.0509814796	0.0786026699	-0.0507858827	-0.1798021529	-0.0487704914	0.0604215035	0.0740259462	-0.0094046331	-0.0257238069	-0.0591314644	-0.0526015266	0.0317145737	0.0185863586	-0.008298012	-0.0766479086	0.1465779723	-0.1328435173	0.0059525333	-0.0684183898	-0.0189267821	0.0954312813	-0.0177115004	-0.0673175144	0.0331953568	-0.0206057788	-0.0342284097	0.0233920451	-0.0376855779	-0.0266657691	-0.0236200473	0.0015020736	0.0898469648	0.0916398622	-0.0688626101	0.031130681	0.0229402025	-0.2043320384	-0.0765891618	0.0618388097	-0.0863613505	-0.0158487119	-0.0436140094	0.0452202709	-0.0434439311	0.0892733434	-0.0332008002	-0.0503444928	0.0099785029	0.0839943057	-0.0245964694	-0.0747803775	0.0233645652	-0.05351626	-0.0522563341	-0.112185972	-0.0318962733	0.0388928181	0.1211777665	0.0444971986	-0.120078522	-0.1753321836	-0.0588547909	-0.0798574731	-0.0753364642	0.0362427457	0.0810850675	0.0497024051	0.1540929612	0.0453646263	0.1197650097	-0.054974519	-0.1292805533	0.0085797173	-0.1219298629	0.0450992332	-0.004399744	-0.1837806969	0.0173914704	0.0833575731	0.0490636108	-0.062856301	0.0436872336	-0.0388153146	0.0990599356	-0.010453085	0.0859402043	0.0559096927	0.1279170104	0.0725570551	-0.068626453	0.0145816318	-0.0299160907	0.0006870782	0.1354687646	-0.0369354148	-0.1224000295	0.0938964482	0.097752223	0.0086132515	0.0348116185	-0.0507864982	-0.0509698635	-0.1108582214	0.0884289321	-0.0543461203	-0.00735112	-0.00499527	5.40389652544e-05	2.49527223729e-05	0.0827042999999999	0.0433671999999999	0.0068400012384899	0.0018807140358399	0.154182	0.032175	0.001035230625	0.023772089124	-0.00196118	-0.00065628	4.307034384e-07	3.8462269924e-06	0.000683166	-0.0002406269999999	5.7901353129e-08	4.6671578355600004e-07	-0.000334124	0.000127596	1.1163884737600002e-07	1.6280739216e-08	0.0
629.5398227256644	-1.0573603122890065	396320.388397461	1.1180108300039049	861.0189313397105	1.5713973410756807	741353.6001253772	2.4692896035397194	598.0954194911916	-0.5219511724894801	357718.13081634446	0.272433026463143	616.4506822245091	591.6560933409534	1.147784	50.698715	0.08877242	0.0522665	-0.0239279414	-0.1006108739	0.0625743506	-0.1142183251	-0.0946000363	0.0197392185	-0.0147299036	0.0232071815	-0.063712343	-0.0385044862	-0.0907261342	-0.0178907266	0.0369328235	-0.0132443479	0.0719284242	-0.0348086098	0.0145608333	-0.1530070012	0.0414075202	0.0799673003	-0.1567510865	0.0509343601	-0.010673458	0.0047141911	0.0289800406	0.0034679215	-0.0638899838	0.1882633443	-0.0086977518	-0.0078051815	0.0427580498	0.0157303551	0.0200524144	0.0058323168	0.0236489899	-0.0297968445	-0.0308524966	0.0447493551	-0.1487522338	0.0147508567	0.0317307749	0.0705627404	-0.057676251	0.0366771323	-0.0314884407	0.0440988951	0.0804202312	0.0756135217	0.0548772341	-0.046821005	-0.0392854797	0.0424946926	0.0911704435	0.1379548226	-0.002536602	0.0174312899	0.0640470565	-0.1665788571	0.0041882482	-0.0301530069	-0.0449375277	-0.050739996	0.1001486759	-0.0479287553	-0.0567792172	-0.0705249116	0.0675324947	-0.1029450589	-0.0925678357	0.0768358989	0.0982755967	0.1084462424	0.09857145	0.0271745002	0.0158190076	0.0872094631	0.1099689829	0.0458036613	-0.0281171781	-0.0398146599	-0.0315809233	-0.0908632076	0.0424581948	-0.0033911629	0.0648501061	-0.131482574	-0.066836358	-0.134938993	-0.1732640956	0.0954833109	-0.1520994461	0.0320191892	-0.0500039218	0.041256967	-0.0150970532	0.0498927448	0.0452987543	0.0815996609	-0.0357309802	0.0246844044	0.1034785398	-0.0576988	-0.0455167325	0.0162183755	0.0772341764	0.0590199802	0.0014994124	-0.0449081927	0.0149604537	-0.0500418391	-0.0233076435	0.0938298847	0.1188883901	0.0777430308	-0.0655381138	0.0566173694	0.0811627638	0.1700149902	-0.0329017996	0.0101204259	0.0555256334	-0.0196900577	0.0340130054	-0.0927748955	-0.0450446646	-0.0354601257	0.1487031814	0.0499653822	-0.0533554709	-0.0256115633	0.0880530159	-0.0904777012	0.0662629577	-0.0436140031	-0.0985490051	-0.0156294446	0.0939560976	-0.0702715631	-0.035645396	-0.022107656	-0.0755434099	-0.1214097694	0.1454891331	0.0250737333	-0.0794150699	-0.0593670322	0.2533979258	-0.0911847905	-0.057144799	0.0369393035	-0.0664516832	-0.0801954791	0.0376490441	-0.02484321	-0.0609359355	0.0587798159	-0.1735288914	-0.022986409	-0.1276915857	-0.0372785918	-0.0142764073	-0.1157465376	0.0026763644	-0.0531379211	-0.0432062349	-0.0942734489	-0.0596772155	0.0519031387	0.0456302488	0.0398244513	0.013379011	-0.1432910122	0.1268880172	0.050126417	0.0437012347	0.061039971	0.0012403306	0.0694081718	0.0372205289	0.0067081665	0.0415757991	0.0293055547	0.0663288456	-0.0566513443	-0.111768338	0.0918434799	-0.0612237711	-0.00736399	-1.2869999999999895e-05	5.42283487201e-05	1.6563689999999731e-10	0.0528742	-0.0298300999999998	0.00279568102564	0.0008898348660099	0.113514	-0.040668	0.001653886224	0.012885428196	-0.00175401	0.0002071699999999	4.291940889999992e-08	3.0765510801e-06	0.0007774019999999	9.423599999989997e-05	8.880423695981146e-09	6.043538696038445e-07	-0.000397947	-6.382300000000002e-05	1.5836181480900004e-07	4.073375329000002e-09	0.0
628.9247432064823	-0.6150795191821317	395546.3326173397	0.3783228149173223	849.6397610605479	-11.379170279162622	721887.723575025	129.48551624217794	597.6313032024109	-0.4641162887807013	357163.174567412	0.2154039295115713	615.5634640878868	584.7175690395811	1.184906	52.338425	0.03922254	0.0209361	0.0681779657	0.0728557714	-0.0158493868	-0.1216656707	0.0851809699	0.0258055999	-0.0115974826	0.0949332678	-0.013576754	0.0646305596	0.0837914252	0.1921509265	-0.0211785241	-0.0816454524	-0.0683158125	0.0762538974	0.0808994095	-0.0099158378	-0.0882357716	0.0360254062	0.1872873985	0.1312916977	0.0351495535	0.0531128124	-0.0344068563	-0.0458872146	-0.0195489457	0.1541908864	0.0664727112	-0.0270958547	0.0596306235	-0.0159713739	0.0066308214	0.0756049266	0.1243711149	-0.0892198529	-0.0131714152	-0.0051893371	0.1381827065	-0.05922762	-0.0744068567	0.0628716865	-0.0364343278	-0.0122337954	-0.0732769049	-0.0524542945	0.0323607118	0.0353540801	0.0058641277	-0.0528716357	0.0276245917	0.2047141825	-0.0743131718	-0.1070648504	-0.0988916694	0.0331195617	0.1461508237	-0.0517161657	-0.1564636803	0.0243115904	-0.0127070824	0.0191479776	0.0593136989	0.0023384427	0.1093961627	0.0752565039	-0.0498838551	0.0156372164	0.1001465692	-0.1501093837	0.1418145117	-0.089056231	-0.1625217438	-0.0246220301	0.1205905491	0.1032850716	-0.0623827823	0.0915643594	0.0131063828	-0.1706455648	0.0268616188	-0.0450034605	0.1115844785	0.0715217975	-0.0176532323	-0.0603653866	-0.0201968808	0.0298217704	-0.0726404914	0.0302004541	0.1080056223	-0.0801402562	-0.0530909399	0.0440015347	-0.0051929726	-0.0040392179	-0.1103182455	-0.0324894537	-0.1410802129	-0.0647234016	-0.1146136187	0.0244700792	0.044213218	0.0210904191	0.15220674	-0.1107353657	-0.0429299091	0.0905162266	0.017009187	0.0263200886	-0.0582883639	0.0376598775	-0.0527535713	-0.0288689821	-0.053957451	-0.0987063012	-0.0189554525	-0.012456606	0.1814336583	0.0006889592	-0.1232514935	-0.0889201847	0.0078645562	-0.0163025427	0.0263176272	0.2260521785	0.1407580194	-0.0464294041	0.1333066676	-0.0008195969	0.1315471588	-0.0003422568	0.0792503087	-0.0103007893	0.1545511907	0.0313270071	0.1192341443	0.0403041139	-0.0315356945	0.0466067746	-0.0416402208	-0.0568583766	-0.014025088	0.0718869527	0.0453009505	0.0264838994	-0.0230359494	-0.1065169852	0.0165223082	0.0920174925	0.0951476596	-0.0564150404	0.0041348292	-0.0225967878	-0.0447683502	-0.1077315354	0.0682581456	0.021865735	0.061120056	0.207543061	-0.0517330165	0.0963969509	0.0532438165	-0.0044017945	0.0711762491	0.0980608061	-0.0831509197	-0.0220960007	-0.0281350391	-0.0441877133	-0.0285621392	0.0376403557	0.1312568375	0.0985409099	-0.0014467069	-0.0478975221	0.0513987082	0.0200591252	-0.0977770442	0.0240883367	0.0940966473	0.1604007001	0.1412304963	0.0570225113	-0.11262375	0.0950782398	-0.067831818	-0.00475835	0.00260564	2.26418947225e-05	6.789359809600001e-06	0.0447081	-0.0081661	0.00199881420561	6.668518921000005e-05	0.0980851	-0.0154289	0.00023805095521	0.00962068684201	-0.00155923	0.00019478	3.793924840000003e-08	2.4311981929e-06	0.000725929	-5.147299999989994e-05	2.6494697289896996e-09	5.269729130410001e-07	-0.000412132	-1.4185e-05	1.69852785424e-07	2.01214225e-10	0.0
630.6071505892858	1.6824073828034898	397665.37837433815	2.8304946017116883	859.1026858163463	9.462924755798326	738057.4247768597	89.54694493390082	598.1239529054625	0.4926497030515975	357752.2630392559	0.2427037299168272	616.1104011291258	586.2675148867876	1.175664	51.93021	0.07743034	0.0461754	-0.1403768677	-0.0049491866	-0.0483049516	0.092712704	0.0862739639	-0.0116784268	-0.0002474435	-0.0209186916	0.0628326311	-0.1460856897	0.0161940155	0.0449119662	-0.0872518542	0.0572908842	-0.0621049414	0.0824864951	0.0137011788	0.1329026141	-0.0344963968	0.0001918948	0.0692963861	-0.1885043416	0.0617711879	0.0377178157	-0.076943689	-0.0479657689	0.0405162029	0.0044806363	-0.1144449151	-0.094293202	0.1205770864	0.1697397893	-0.0738452001	-0.0286144627	-0.0725818781	-0.1147582051	0.0135424501	-0.126250372	0.0207901202	-0.0056465264	0.0041646456	-0.115854215	-0.0605211028	-0.0181706609	0.1913782882	0.0853179579	-0.1011497024	0.0599723978	-0.0727368839	0.0304955137	-0.0081023584	-0.0262992885	-0.1306443629	-0.0150858405	0.0061445006	0.0567430197	-0.1050693079	0.0715940759	-0.0260496053	-0.0781320165	-0.0130976441	-0.0086520047	-0.0312821891	-0.0597566529	0.0130343117	-0.0835506135	-0.0726997699	-0.0844943461	0.1448231155	0.0378232326	-0.0598978784	-0.0195913164	0.1255660719	0.0037801083	0.0852561114	0.1468544534	0.0914993033	0.131331393	0.0243060171	-0.0202390902	-0.0340480596	-0.1032044501	0.0417666575	0.1021767342	0.138566863	0.0213093232	-0.0980877785	0.0428544691	-0.0116353162	-0.0495514116	-0.0695689103	0.1377549773	-0.028168964	0.0163941711	-0.132331005	0.0071542189	-0.0119096627	0.0445469968	0.0277406944	0.1383000595	-0.0087302504	-0.0293559053	0.0550796485	-0.0760770202	-0.0727276739	-0.039821493	-0.0165823143	0.091351013	-0.106434724	0.0113924777	-0.0330091226	-0.1004825837	-0.1551470566	-0.1986719224	-0.0193919583	0.088864598	-0.0194479689	-0.0402015091	-0.0265294107	-0.0658046301	-0.0236971512	0.0008504322	0.1064433791	-0.050585677	0.0835897191	-0.0211608313	0.0512084905	-0.1375119345	0.0305426783	-0.0002105472	-0.1237345584	-0.1840028481	0.1422512125	-0.0614830921	-0.1564966895	-0.1008684677	0.0578260751	0.0868386784	0.0046709807	-0.0123156217	-0.0423460536	-0.0244490995	-0.13438726	-0.0235240758	-0.0020177603	-0.0288348199	0.0447903648	0.0045046875	0.0037020865	0.0520093843	0.0120892963	0.0244073843	0.1320982218	0.0697416266	0.1452969222	0.1602806651	-0.0372425865	-0.0319577573	-0.0532377026	-0.0756216664	0.0632557028	0.0656756835	-0.0698042277	0.0387078142	-0.1089049242	0.0007356656	0.0405842652	0.0014745514	-0.1341349527	-0.002055651	0.0458238663	0.0644926069	-0.0528805215	-0.0276022149	0.0579418065	-0.0422419457	-0.0643197361	-0.008540796	0.0445577694	0.0933558043	-0.1067384772	-0.0934460646	0.0848103196	-0.0563467411	-0.1134240387	0.0981268796	-0.0741411618	-0.00522884	-0.00047049	2.7340767745600004e-05	2.213608401000005e-07	0.0798321	0.035124	0.00637316419041	0.001233695376	0.124062	0.0259769	0.00067479933361	0.015391379844	-0.00130774	0.00025149	6.324722010000002e-08	1.7101839076e-06	0.000668893	-5.7036e-05	3.253105296e-09	4.474178454490001e-07	-0.000403479	8.653000000000014e-06	1.6279530344099998e-07	7.487440900000022e-11	0.0
630.9944583651708	0.3873077758850058	398154.0064875552	0.1500073132609899	850.9691498717517	-8.133535944594541	724148.4940334518	66.15440696201142	598.0724932092768	-0.0514596961857023	357690.70713356044	0.0026481003315247	615.9715963940802	586.0525831373783	1.197876	52.911358	0.05517783	0.031043	0.0833893643	-0.092341227	0.054837282	0.0849557033	-0.1375179628	0.0326722342	-0.0483543992	0.0227700806	0.0257573714	0.058195081	-0.1484593259	-0.008811234	0.0137970017	0.0352144848	-0.0017315718	-0.000201611	-0.1703870932	-0.1034234501	0.0759246672	0.0570402953	0.1343248106	-0.0276101894	0.0925000488	0.0489361659	0.0171948293	0.0882002294	0.0184872385	-0.062972432	0.0022474905	0.0112718707	0.1083263416	-0.0739169063	0.0653472379	-0.1119842611	0.0089921423	-0.0038231236	-0.0727753803	0.10569063	-0.1888219338	-0.0509229717	-0.0051871399	0.0759438468	0.041798981	0.1518999649	0.0547593373	0.0385317755	-0.0078905333	-0.0580698461	0.0289275921	0.0460551185	0.0331329598	-0.0765121709	-0.0055052819	0.0137806651	0.0709948886	-0.030397776	-0.1089237581	0.0409088559	-0.0145922052	-0.0593920603	4.98875e-05	-0.0308023798	-0.0740782755	-0.1734263336	0.0756645195	0.1240347391	-0.0406214829	0.1507277363	-0.1040892558	-0.2173960277	-0.0108188636	0.0067474718	0.092212936	0.0259446475	0.0975056466	-0.0179674733	-0.0229339498	-0.1361625718	0.0445688333	0.0097509641	0.0251286957	-0.041409553	-0.0744975514	-0.0770916468	0.1490613458	0.1242960046	-0.1465226512	0.0455591892	0.0471031729	-0.0105937385	0.0221809405	-0.0766152308	-0.0859580048	0.06203902	-0.0548553925	-0.1006924512	-0.005552156	-0.1089249027	-0.0462050734	-0.0557090681	0.1404425391	-0.1282406139	-0.1033462698	0.0434420524	0.0043358456	0.1180589387	0.0164155917	-0.0826004018	-0.1158851877	-0.0287728551	-0.0786675244	-0.0471517112	-0.0074077387	-0.0282465765	0.0689110899	0.0252032789	0.0277887845	0.020177851	-0.0444675425	-0.0755469306	-0.0104434105	-0.0366779199	0.0937209613	0.0238625179	-0.0566595656	0.1318152357	-0.1644704739	0.0448541118	0.0523178758	-0.0870358239	-0.0962084398	0.1980936199	0.086321309	0.1110117203	0.0864463566	-0.141906852	-0.086978845	-0.0195452495	-0.0424720855	0.0095378615	-0.0800351104	-0.1058262473	-0.151317358	0.0076144741	0.1205422913	0.0694228775	-0.0072778506	0.0914340146	0.0180657587	-0.0886039211	-0.0509096184	0.0920366985	0.1410043723	0.0247386826	-0.0191941047	0.0042852463	0.1434396985	-0.0300944102	-0.0047585117	-0.1108985623	-0.0104023525	-0.1523313265	-0.0243221204	-0.0311104819	0.0635996585	-0.0827718738	0.0163338809	0.0672695078	0.0028832837	-0.068290476	0.0439833059	-0.1130837315	-0.061651234	0.0104865096	0.0281578281	-0.058345888	-0.0549806142	0.060042966	-0.043467295	-0.0189311807	0.008160112	-0.1192145616	-0.0230826603	-0.0400575235	-0.1141688124	0.1009834314	-0.080124019	-0.00100816	0.00422068	1.0163865856e-06	1.78141396624e-05	0.055217	-0.0246151	0.003048917089	0.00060590314801	0.106946	-0.017116	0.000292957456	0.011437446916	-0.0013775	-6.976000000000009e-05	4.866457600000013e-09	1.89750625e-06	0.000770292	0.0001013989999999	1.0281757200999993e-08	5.93349765264e-07	-0.000390117	1.3361999999999998e-05	1.52191273689e-07	1.7854304399999996e-10	0.0
631.0332735590758	0.0388151939050658	398202.99233868346	0.0015066192778878	859.337875630134	8.368725758382311	738461.5844925117	70.03557081901158	598.6667437550569	0.5942505457801417	358401.870078283	0.3531337111599962	616.6951994450803	589.8811284449199	1.179851	52.115154	0.07088923	0.0400615	0.0190883216	0.0983730578	-0.0204173139	-0.1459332421	-0.0459842897	0.0050857632	-0.0373569771	-0.0428827245	-0.023551328	0.0501389457	0.1158017951	0.1376542898	0.1398425301	0.0237928312	0.0978710387	-0.0305571169	0.0538611419	0.0057064474	0.0772808081	0.0137762911	-0.0328826815	0.0391104052	0.0189500878	-0.0464597944	0.0256978271	-0.0181745764	0.0482516055	-0.0020502266	-0.1176023801	0.108558959	0.0941012534	-0.0812900588	0.073270681	-0.0209916869	-0.0313968172	0.076255483	-0.0265092973	-0.0349161587	0.140223285	-0.0225138902	0.0549167138	-0.0353961486	0.043869803	0.0271697367	0.0021167947	0.0901221456	0.0692999285	-0.061688335	0.0186124039	0.1068218885	0.0287102244	0.1416259823	0.0105001603	0.1425244584	0.0110405716	-0.0035082007	0.0950438126	0.0241848056	0.1087961589	0.124905069	0.0047367346	-0.0087051245	-0.0005111477	-0.1051135654	-0.0706029122	0.0454277852	-0.0583774671	-0.0213949471	-0.0626032632	-0.0826034322	0.0454349853	-0.0988806313	0.0712657962	0.0248609805	-0.0619444271	-0.136186464	-0.075268614	0.0428663834	0.1356914074	0.0675262427	-0.0820166553	-0.092558264	-0.1430493276	-0.0056550836	-0.1052300023	0.0442379769	-0.1360462752	0.0273967499	0.0870275499	-0.1000539763	-0.3062338111	0.0617359724	-0.0041620709	-0.0641121221	0.010685842	0.0278305396	-0.022207629	0.025202208	0.0277674035	-0.0112192715	-0.1457887051	0.0912740248	0.0236517076	0.021722681	0.0530283977	0.0320936736	-0.0959297213	-0.0085134507	-0.07764963	-0.0503710578	-0.0322839918	0.08902508	-0.0442451208	0.1073789031	-0.0800752524	0.0024101685	-0.0991036544	-0.0448344723	0.061919229	0.0658177977	0.1517628592	0.0448404059	0.0878808309	-0.0225611181	0.0756914638	-0.0889361065	-0.1173362446	0.0539976564	0.0006583381	-0.088263729	0.1020717716	0.0161771627	0.0361591728	-0.096435765	0.0606994298	-0.0752453344	0.0077607721	0.0315541383	-0.0303593925	-0.0844182704	-0.0407317691	-0.0147995189	-0.0351091411	-0.0192280331	0.1142213541	0.119730457	0.02926647	0.2245568692	-0.0190282727	0.1316669505	-0.0872060368	0.1513038809	-0.1868839945	-0.000374491	0.0570757311	0.0311065275	-0.0623408154	-0.0738531217	0.0201659686	0.0710112855	-0.0739133265	0.1233473386	0.0380193274	0.002738888	0.0269400476	0.091739157	0.0467838958	0.0047066401	0.0680108555	-0.0787035336	-0.0552525866	-0.0352277134	0.1021537756	0.0318482289	-0.0767651797	-0.0351057437	-0.1337191278	0.0551247584	-0.06203985	0.0169642666	0.0034136485	-0.0707602433	-0.0130696707	0.1045418022	-0.1148577065	0.1036423034	-0.0857540434	-0.00375974	-0.00275158	1.41356448676e-05	7.5711924964e-06	0.0447979	-0.0104191	0.00200685184441	0.00010855764481	0.090587	-0.016359	0.0002676168809999	0.008206004569	-0.0007259369999999	0.0006515630000001	4.2453434296913045e-07	5.269845279688548e-07	0.000638449	-0.0001318429999999	1.7382576648999994e-08	4.0761712560100004e-07	-0.000433902	-4.3785000000000015e-05	1.88270945604e-07	1.917126225000001e-09	0.0
629.9050546176508	-1.1282189414250752	396780.3778328656	1.2728779797903171	857.6466477375467	-1.6912278925873352	735557.7723754515	2.860251784665399	598.0213796323724	-0.6453641226845548	357629.57049740606	0.4164948508484051	616.4242106000473	588.9028141712004	1.143365	50.503555	0.13033215	0.0736367	-0.1144720518	-0.0394817881	-0.0275190912	0.0068480883	0.1303425924	-0.0456952119	0.0975521041	-0.009218816	0.0091824257	-0.1172905629	-0.0263117041	-0.0508804947	-0.133570707	0.0629057732	0.0109264443	-0.0183085719	0.0773817426	0.0058515261	-0.000818356	-0.0010530672	-0.0047704362	0.0074203384	-0.0028875586	-0.0956884401	0.1957497838	-0.03281486	0.0001186743	0.0025660317	0.068382238	0.0675369983	-0.016485636	-0.0606181843	0.098112891	0.0820639659	0.0072390107	0.0630834271	0.0343637842	-0.1267966666	-0.0584172166	-0.0118638149	0.0930852221	-0.0338815313	0.0294146504	0.0259080173	0.0411828948	0.0354061192	-0.0143031534	0.1098960927	0.0306308141	-0.1822075855	-0.0545389984	0.0060842176	0.0060535265	-0.0747787178	0.0709222171	0.0776234797	0.0595740322	0.0813505129	-0.0991880025	-0.0521955816	0.025226515	0.0741104465	-0.0179054728	0.0037681709	0.0988930396	-0.0674415265	0.129287714	0.0269937239	-0.0568692932	0.0324472103	-0.0683971513	-0.0367783364	-0.0884783592	-0.0793718255	0.0581067317	-0.1163279704	-0.0062607716	-0.1150848496	-0.1170659315	-0.0905930902	0.0155592741	-0.0510252516	-0.0389403127	0.0579878764	-0.0165219392	0.0238779224	0.0759616019	0.0210802173	0.2109426013	0.03635567	0.1032547833	-0.0352218644	-0.0331331474	-0.0156152494	0.0462173865	0.1348964719	0.0882377421	-0.0386358643	0.1126650326	0.1108910309	0.0473165522	-0.0680732393	0.1067673011	0.0229839033	-0.0169620927	-0.0254440422	-0.0167996839	0.0672631504	0.0301129226	-0.0154633899	-0.0204843619	0.0581209038	-0.0388365897	-0.0988120655	-0.0008098077	-0.0768683629	-0.0505639257	0.1621213102	-0.0178140507	-0.029250309	-0.1187618978	-0.0651494197	-0.1237826821	0.1169497757	-0.0418780863	-0.0385496834	0.0035602201	-0.0365649666	0.0004965488	0.0637745677	-0.0876812415	0.0470980869	-0.1001280914	-0.0257844436	-0.0268984038	0.0832925232	-0.1165147831	-0.2115039565	-0.0160578066	-0.009207172	-0.0168820558	-0.0187081867	0.0824262268	-0.1463672187	-0.0194513008	0.0095656092	0.0145033528	-0.0397146971	0.1434481763	-0.08386847	0.1661112905	0.0397028446	-0.0325869391	0.0772567998	0.0351933958	-0.0241979735	0.020275714	0.0652061465	-0.0552113892	0.0390869039	0.0826220059	-0.0018826468	-0.1143630538	0.005126541	-0.108324805	-0.0517331795	0.0090139847	-0.0018361188	0.0152322483	-0.0336947258	0.0265730271	0.0839882427	0.0685320146	-0.0079397971	-0.0772877295	-0.0287197486	-0.0362693618	-0.0685245239	0.0876474405	0.1017707059	-0.1056173707	-0.0391143195	-0.0419975974	-0.0166317752	-0.115490384	0.1060982907	-0.0910064429	-0.00293659	0.0008231499999999	8.623560828100001e-06	6.775759224999998e-07	0.0796638	0.0348659	0.00634632103044	0.00121563098281	0.139603	0.049016	0.002402568256	0.019488997609	-0.00150953	-0.0007835930000001	6.140179896491567e-07	2.2786808209e-06	0.000571697	-6.6752e-05	4.455829504e-09	3.268374598090001e-07	-0.000371705	6.2197e-05	1.3816460702500004e-07	3.868466809e-09	0.0
629.697945258216	-0.207109359434753	396519.5022624192	0.0428942867654737	857.9452553369914	0.2986075994447219	736070.0611552554	0.0891664984461395	598.1648543153832	0.1434746830108224	357801.1929381436	0.0205849846650559	615.9779940658508	587.160525359409	1.15645	51.081493	0.12357522	0.0603031	0.1009158043	-0.0512184696	0.0444129814	0.1132257818	-0.0555051751	0.0737130287	0.0127612464	-0.0536888057	-0.0741253635	0.096194494	-0.0959838366	-0.1433055682	-0.0137264149	-0.0985893252	-0.0214949833	0.0773432119	-0.0176274698	-0.0265175755	-0.0651895781	-0.004608202	-0.0819507703	-0.0547775383	0.080787582	-0.0384293804	0.0887950866	0.0224814785	0.064790036	0.0921880874	-0.0103047702	0.0929923267	0.0704060702	0.0005304853	0.0775127497	-0.0425232834	-0.0771332176	-0.0189546625	0.0102042448	0.1373424835	-0.061598631	0.1515739132	-0.0190299894	0.0194459563	0.0033755448	-0.0695500919	-0.0474198857	-0.0302166572	0.0414092837	-0.0815093113	0.0294942964	-0.0039243975	0.0825811695	-0.058330812	-0.0962153501	0.0748852768	0.0885522743	-0.0198577721	-0.1128090303	-0.0843749572	-0.1222792	0.0157469103	0.0078676407	0.0973219117	0.0708289242	-0.0320251189	0.1124402539	0.0180321428	0.1249442544	-0.0015188403	-0.0530377462	0.0015266654	-0.0424262554	0.0835008053	-0.0029693821	0.0541277837	0.0144499477	0.0030937777	-0.0014909545	0.1294242398	-0.0202361952	-0.0838637891	0.1259979393	0.0140105029	-0.1003224965	-0.007112053	-0.0283356334	-0.0425497388	-0.0362472527	-0.2116937412	-0.0401791629	0.1099032645	0.0203568326	-0.0926817516	0.1144618602	-0.0619220877	-0.0143965452	0.0285005231	0.0519462128	0.0212393785	0.1297175438	-0.0757364092	0.1146515942	0.0488370266	-0.0904866767	0.0078385196	-0.0494429932	-0.0235525554	0.0525439255	-0.0043441176	0.1208399293	-0.0184152272	-0.0024331424	-0.0106253792	-0.0200280031	0.159449172	0.0726594824	0.0755248642	-0.0335519313	0.1236887075	0.004263442	-0.04754868	0.0314203045	0.0483127484	-0.0242361372	-0.0401449353	-0.0941414226	0.1317734597	0.0271494951	-0.0639369974	0.0874271558	0.0597021259	0.0077118711	0.0169618082	0.0899489671	-0.0417010564	0.0357897201	0.1316251933	-0.1413158306	-0.0895109784	0.1446946456	-0.11712376	-0.0230589564	-0.0114097655	0.0175476143	0.083935532	-0.0743232519	-0.0111427936	0.020071856	-0.0353880915	0.0464173095	-0.0495663009	-0.0189882706	0.0063477234	-0.0073590801	-0.0354347164	-0.0585959054	0.0756405095	0.0813695603	-0.0451591942	0.033359137	-0.0547602324	-0.0821375046	-0.0771889302	0.0278455321	-0.0926426207	0.0609852166	-0.0570583414	-0.0360420381	0.0486379146	0.0038169401	0.0035993092	0.0757991051	0.0068938961	-0.0240726079	-0.0199585701	-0.038946584	-0.0770863315	-0.0313226376	-0.0392016686	-0.0953033466	-0.082929539	-0.0633116058	-0.0454440713	-0.0510281759	-0.0353153294	-0.116066535	0.1083465856	-0.0958580879	0.00668568	0.00962227	4.46983170624e-05	9.258807995290002e-05	0.045559	-0.0341048	0.002075622481	0.00116313738304	0.100975	-0.038628	0.001492122384	0.0101959506249999	-0.00102883	0.0004807	2.3107249000000013e-07	1.0584911689e-06	0.000894838	0.000323141	1.04420105881e-07	8.00735046244e-07	-0.000392267	-2.056200000000001e-05	1.53873399289e-07	4.2279584400000045e-10	0.0
630.5913715550635	0.8934262968474513	397645.4778796961	0.7982105478985503	854.5301591403976	-3.4150961965938222	730221.7928805132	11.662882031989591	597.6588114443344	-0.5060428710487486	357196.0548970545	0.2560793873392604	615.857419840462	585.9244928871491	1.105844	48.846203	0.0577817069	0.0295489	0.0470868684	0.113898264	-0.0331962489	-0.0942238864	0.0048343792	-0.0077922489	-0.015706656	-0.0410633379	0.044084124	0.06878486	0.1164066414	0.0350394953	-0.0012705924	-0.0174257853	-0.0216674898	-0.0297487083	0.0226599784	0.0127319978	-0.1308560601	0.0027057445	0.0398023197	0.0978166325	0.0795065122	-0.0376535439	0.0130915131	-0.0820670482	-0.0107465244	0.0552361108	-0.1470940657	-0.0172267919	0.0723458943	-0.0012308104	0.0012370289	0.0304989307	-0.1099291632	0.0526711729	0.1151242747	-0.0140935489	0.119114856	-0.0530892151	-0.0477504313	0.0997385285	0.1279589526	0.0334153329	-0.0080264833	-0.0049385566	0.0990820374	-0.0641928947	-0.0351696331	0.1000579754	0.0305672178	-0.0039033602	-0.0275455075	-0.0186742095	-0.0602780188	-0.0173740379	0.0869027417	0.0457095629	0.0765435371	0.0526355489	-0.098734529	-0.0249941054	-0.0679571059	-0.0637807799	0.0134676184	0.1481038957	-0.0959134137	-0.015689509	-0.1283387742	-0.0219913414	-0.0972672708	-0.0175499033	0.0527493167	0.0693684832	-0.002742697	0.2212813501	0.0732664208	-0.032589415	-0.0994724863	0.1118274119	0.04172308	-0.0196103382	-0.0268122089	-0.0228761645	-0.0964434342	-0.1203035723	-0.02584234	0.0569860451	0.0027923839	-0.0301200022	-0.0797013924	0.0130427176	0.0812711782	-0.130625518	0.0112714758	0.1191613446	0.0216788734	-0.013018557	0.193933386	-0.0843707358	-0.1291682436	0.0602964051	0.0839968646	0.025962214	0.047994434	0.0447084145	-0.0252957735	0.0164303669	-0.0446223911	0.0507896804	-0.076741469	-0.0511084066	-0.0258720066	0.0492703106	0.0088481052	-0.0212269125	-0.0049598481	-0.0940528304	0.089020314	0.0138581801	0.0766910344	0.0553449595	-0.0099417029	0.0662279836	0.0715078266	-0.0741583513	-0.065510218	0.1473859222	-0.0095565705	-0.0362557555	0.0018388571	0.09223629	0.1133049131	0.0741249665	0.0236875578	0.0208063018	-0.0187103638	0.142474086	0.006915823	0.0718463708	0.1045501667	-0.2281581917	0.10379177	0.0219966637	-0.1173406268	0.0452615176	0.1239858699	-0.0333406795	0.0726734788	0.1525681781	-0.0224846014	-0.0767953331	-0.0197905111	0.0827792805	0.0139708269	-0.0267946202	-0.0207153214	-0.0020244425	-0.0016072749	0.1704110826	-0.0252071747	0.1003479413	0.0089731757	0.0264481625	0.0626825557	0.1158836562	-0.0189334212	0.0415897895	-0.0444593596	-0.0666456839	-0.0257657993	0.0198997849	0.0868778675	0.0281360584	0.0171059621	-0.0124355625	-0.0409505947	-0.0100023468	-0.084532368	-0.005759304	-0.0209692979	0.0299417018	0.0600796123	0.0219933599	-0.1165858777	0.110382787	-0.100287614	-6.57269e-05	-0.0067514069	4.320025383609999e-09	4.558149512936762e-05	0.0520971	0.0065380999999999	0.00271410782841	4.274675160999997e-05	0.114563	0.013588	0.000184633744	0.013124680969	-0.00147012	-0.00044129	1.947368641000002e-07	2.1612528144000004e-06	0.000762947	-0.0001318909999999	1.7395235880999994e-08	5.82088124809e-07	-0.000347364	4.4903e-05	1.20661748496e-07	2.016279409e-09	0.0
631.1199138369095	0.5285422818460574	398312.3456415081	0.2793569436990372	856.9515113043997	2.421352164002087	734365.8927268946	5.862946302117591	598.2866421531434	0.627830708808915	357946.9061788834	0.3941713989235046	616.3696713318591	586.265477436829	1.114011	49.206951	0.0360945269	0.018465	-0.1247158936	0.0007313841	-0.0536373229	0.0931445597	0.1130060456	-0.0251862595	0.051001828	0.0281302274	0.0929829384	-0.1520904412	0.0297780728	-0.0443106844	-0.1517695597	-0.0611177416	-0.11947126	-0.0038126439	-0.0057029732	0.054857705	-0.0287847606	0.0315157639	0.0335488933	-0.019811734	-0.0409793312	0.0804155641	-0.0709722026	0.0024090421	-0.0478075911	-0.0486376464	-0.0062276849	-0.098943592	-0.0125615859	0.0677507394	0.0548578199	0.0107068464	0.136417275	0.1552079574	0.0252968547	-0.0674311227	0.0557197204	-0.0836583354	0.0725260215	-0.0505353795	0.0509956516	-0.06683496	0.1108004426	0.0134839888	-0.064924211	0.0296519436	-0.1020431228	-0.0077262402	-0.0451849262	0.013220633	-0.1652337893	-0.0287292314	-0.056333039	0.0167803817	0.0276830672	-0.0215589082	0.0825009244	-0.0180798403	0.1233214526	0.0754934671	0.0737575987	0.1338520093	0.1286098277	-0.0399649674	-0.0853908046	-0.0558925206	-0.0537582559	-0.0757753375	-0.0540990855	-0.0454414314	-0.0830350205	-0.0021376408	-0.0396457401	0.0235022384	0.0391945827	-0.0986828142	-0.0256716706	0.0387747503	0.0701436235	0.0389322454	-0.037153481	0.1041756111	0.0741660822	-0.0018273577	-0.0214218488	0.0600756273	0.0753363638	-0.0150240824	-0.0540605236	-0.0460233899	0.033383544	0.1038827037	0.0279100594	0.0585064458	-0.069767178	-0.0113238465	0.0822923328	0.1042780407	-0.0434392501	-0.0532898264	0.0515898945	0.0166975363	-0.0613784097	-0.1004363482	-0.0687717297	0.1032365924	0.0193162797	0.0758300971	-0.031757144	-0.1331686462	-0.1173892953	-0.1581322489	-0.0152645592	0.0351789702	-0.0507307266	-0.02053733	-0.0096787526	0.0371268735	0.0550821183	0.062607499	-0.0601801952	0.0358757122	-0.0844345951	-0.0443973461	0.05421926	-0.0514765596	0.0458873058	0.0278497662	0.0257979973	0.0983517208	0.0104494833	-0.0825617338	0.0297026072	0.0057501672	0.0126945101	-0.0266137311	0.0027016278	0.0147322785	0.044629303	-0.0703383274	-0.0900252916	-0.1513585029	-0.1112346912	0.0586266501	-0.1270697302	-0.052955869	0.042968985	0.0014908461	-0.0573299588	-0.1011682319	0.0071887898	0.0091145789	-0.0517110465	-0.017238268	0.0063621116	-0.0550468077	-0.1120870312	-0.0536211015	0.0361223801	0.0406897982	-0.0786725364	0.0805509266	-0.0866488122	-0.0260045168	0.044238954	-0.0527909464	-0.0445268376	0.0029099714	0.0149807619	0.1095066953	-0.0875944892	-0.0837872557	0.1379189514	-0.0384145914	-0.0669234722	-0.0330769958	-0.0014600675	0.0895152012	-0.0181418291	-0.0214105421	0.1045319805	-0.11630614	-0.1170481578	0.1122029089	-0.1042755153	0.0046298	0.0046955269	2.143504804e-05	2.204797286862361e-05	0.0621407	0.0100436	0.00386146659649	0.00010087390096	0.114549	-1.4000000000000123e-05	1.9600000000000343e-10	0.013121473401	-0.00132876	0.00014136	1.9982649600000028e-08	1.7656031376e-06	0.000571697	-0.00019125	3.657656250000001e-08	3.268374598090001e-07	-0.000253146	9.421800000000004e-05	6.408289731599999e-08	8.877031524000004e-09	0.0
630.8515175396757	-0.2683962972338349	397973.6371821117	0.072036572368833	861.6489359929935	4.697424688593856	742438.8888978579	22.06579870501108	598.6504794452126	0.3638372920692063	358382.3965399829	0.1323775751002529	616.9270137661563	592.6338156009114	1.169545	51.659954	0.039789	0.0206011	0.0664298402	-0.0984664807	0.0550666228	0.070270796	-0.1311843882	-0.0030850493	0.0205063213	0.0384567901	-0.0048651178	0.0317951076	-0.1565441683	-0.0983109622	-0.0195851867	-0.0512498494	0.1006647766	-0.033591367	-0.0928455604	-0.0633322141	0.027599117	0.0025877642	-0.0290473747	0.0069763158	0.0356780779	0.1545373464	-0.014186045	0.1320004093	-0.1272576145	-0.0646988621	-0.0427658309	-0.0071315742	0.0501131661	-0.0073901349	0.0534187616	0.0861870662	0.0409051822	-0.0467948349	0.1712982009	0.0779066297	-0.1731380693	0.0125428685	0.0238413091	0.0629769712	0.0534286664	0.0984235224	-0.0263131763	0.0900586749	-0.0340889816	-0.1405652917	0.0650466559	0.0969408583	0.1263526876	-0.1268661677	0.0183407503	0.0351813978	0.0763672733	0.0707333059	-0.0619565797	-0.0116753059	0.1270007518	0.051360395	-0.0691295799	-0.1063352673	0.1457425646	0.1041625184	0.187919553	-0.0298556726	0.064921891	0.0244971332	0.1341852327	0.0755273185	0.0657903947	-0.0472367071	-0.0647117894	0.0237367373	0.0147259027	0.006220155	-0.0736090775	-0.0867787136	0.0043038826	0.0817704735	-0.1267424001	-0.0048837568	0.1135111054	-0.0622719323	0.1327048427	-0.0871093034	-0.0229368453	0.1542195165	0.0030506157	-0.0523994552	0.0129227586	0.0704467847	-0.0484479038	0.1341925843	0.0498561597	-0.0537090956	0.0562217188	0.0170179125	-0.1079238966	-0.0362364218	0.144332057	-0.0822232651	-0.0639986025	0.1336861414	-0.0528887849	0.1008311257	0.1140760211	-0.1268673554	-0.0384843796	0.0290194503	-0.0050224875	0.0789472163	-0.0131637677	0.1134066624	0.0946213972	0.1367825889	-0.0712441547	-0.0647605851	-0.0783725661	0.0275598057	0.0729608788	0.0593981492	0.1205867062	-0.1197835866	-0.0052302769	-0.0376238575	0.043980604	-0.0054455568	0.2090191968	0.0325567863	-0.0901348599	-0.0041258703	-0.0515080718	0.0234076819	0.0204167703	0.0023819275	-0.0260682924	0.039608052	-0.1552369696	0.136517397	0.0206636271	0.0687163894	-0.0458038614	-0.1285976611	-0.0498784555	0.0394201871	-0.0112293576	-0.0022287219	-0.1512744017	0.0406865313	0.0195799121	0.0140368605	0.0569525456	0.0715768835	-0.0102310691	-0.0672583463	-0.0914847352	0.0032955831	-0.0981100442	-0.0210901829	-0.0144544039	-0.1462068033	-0.0638727062	-0.0266011507	0.0526450874	-0.0980980356	0.019156937	-0.0039331694	0.0601935272	-0.0221845354	0.0166936212	-0.0718820255	-0.0423136985	-0.0048176183	0.0402303956	-0.0822595083	-0.1695431769	0.0727529057	-0.0685013663	0.0058600215	-0.0871110789	-0.0863821573	-0.1264343931	-0.0253414744	-0.117453149	0.1138033884	-0.1078042307	0.00850085	0.00387105	7.226445072250001e-05	1.4985028102500009e-05	0.0455507	-0.01659	0.00207486627049	0.0002752281	0.110361	-0.0041879999999999	1.7539343999999977e-05	0.012179550321	-0.00108624	0.0002425199999999	5.881595039999999e-08	1.1799173376e-06	0.000631976	6.0279e-05	3.6335578409999996e-09	3.99393664576e-07	-0.000253146	0.0	6.408289731599999e-08	0.0	0.0
630.1713678054967	-0.68014973417894	397115.9528018507	0.4626036609036827	857.1862912500075	-4.462644742986072	734768.3379069426	19.915198102101225	597.9635777124048	-0.6869017328077689	357560.4402706192	0.4718339905343155	616.1547090165776	589.6088943764855	1.181038	52.16761	0.06290575	0.0352739	0.0315444694	0.0960615325	-0.0291500833	-0.1546391341	-0.0281290624	0.0216832877	0.0050864369	0.0480947369	-0.0492386644	0.0655816881	0.1086758267	0.2308584474	0.0956586388	-0.0276276626	0.0616501506	0.0121815471	0.0762464143	-0.0036517752	-0.0157380448	0.0087562327	0.085576321	0.1171523531	0.0650667582	0.0053516705	0.0315166649	-0.0443156602	-0.0074697615	-0.0425134179	0.0028659018	0.0442013602	0.0448500696	-0.0532682965	-0.046996756	-0.0903204618	-0.0579107188	-0.0449283242	-0.1092523863	0.0058812428	0.1785323134	0.0242428045	0.0134309313	0.0232601907	-0.0009834765	0.0622314305	0.0624308945	-0.0545252492	0.1574036499	0.101677125	0.0177995232	0.038301698	0.1361938932	-0.0493845376	-0.1215936267	0.0560874755	0.0098106352	0.0613473795	0.0348543353	0.0556182547	-0.057001293	-0.1165356199	-0.0273661522	-0.080831026	0.0236319546	0.0273995165	-0.0275847741	-0.0180058225	-0.0040030055	0.049298968	0.0382305205	0.0778519238	0.1173340628	-0.0988552839	0.037910485	0.0215884633	0.0822667224	-0.1100882164	0.0642879721	-0.1336232093	0.1735479707	0.0207491763	0.1044508825	0.0555943837	-0.0113742783	-0.0945794339	0.1051912522	0.0166225869	0.0878696675	-0.0042394316	-0.0158480181	-0.061252097	-0.0612052118	-0.1283430414	-0.009031323	0.0193884216	0.1024023384	-0.0768311162	0.0351305069	0.0334851631	-0.0421187667	-0.0188388479	-0.1385925158	0.1101401171	-0.031799564	0.0981499003	0.1515916045	-0.0055442178	-0.0443863069	0.0487772362	-0.0734732837	-0.0651264825	0.0325313227	-0.0128829709	0.0351441853	-0.0285907595	0.0650350283	0.1389016395	-0.1119101461	-0.0595047268	0.059981776	-0.1534781851	-0.0346489429	-0.0039819731	0.0298250419	0.0501560978	0.0386837009	0.063785176	-0.0901719372	-0.0059292039	-0.0147627516	-0.0301266018	-0.0295022702	0.0627571904	-0.0781161553	-0.1416863715	-0.0376666319	-0.076985302	-0.0458701187	0.015435014	-0.0070188859	-0.0074680684	-0.0518067214	0.1065890712	0.0262950209	0.0269084977	-0.12400037	-0.1367316334	-0.0439868846	0.1069040823	0.015201172	-0.0556878521	-0.0867233241	-0.1232925032	0.0523138587	-0.0212455729	-0.1066472188	-0.1048804032	0.0656510456	-0.0495711407	-0.0313346491	-0.0478880398	-0.1286553033	0.1025973787	0.0310458574	-0.009763372	0.0351936673	0.0973004916	-0.0172020839	-0.0345607932	0.0745468875	-0.0614345678	-0.038037583	0.0367276936	0.1361020837	-0.0246069272	-0.009448438	-0.057295405	-0.1109074823	0.0818771334	-0.1132835052	0.027148187	-0.0432380504	0.1059150837	0.064285898	0.0458068243	-0.1178006533	0.1151810923	-0.1108582214	0.0105811	0.0020802499999999	0.00011195967721	4.327440062499995e-06	0.0293784	-0.0161723	0.0008630903865599	0.00026154328729	0.0845907	-0.0257702999999999	0.0006641083620899	0.00715558652649	-0.000768861	0.000317379	1.0072942964100001e-07	5.911472373210001e-07	0.000571697	-6.0279e-05	3.6335578409999996e-09	3.268374598090001e-07	-0.000253146	0.0	6.408289731599999e-08	0.0	0.0
629.8098613650461	-0.3615064404506256	396660.4614726586	0.1306869064872817	856.3656606323173	-0.820630617690199	733362.1447102252	0.6734346106905975	597.343200105452	-0.620377606952843	356818.898712222	0.3848683752085362	615.5892722903716	587.505038926187	1.164511	51.437599	0.1245538439999999	0.0648864	-0.1295465142	-0.0415635377	-0.0364126218	0.0061669225	0.1233558529	-0.0328824515	0.0773508607	-0.0191532321	0.0073188159	-0.1474903664	0.0071686857	-0.0259770744	-0.1319139199	0.1133526202	0.0165193011	0.0495726128	0.0880236488	0.0619548992	-0.0613869478	0.0339698872	0.0232874529	-0.0521164115	-0.0437161577	0.0365825926	0.1288487134	0.0553762671	-0.019989276	-0.1547343491	-0.0831491711	0.0533918168	0.0534615303	0.0504030147	0.0889485061	-0.0526086949	0.0050430423	0.008753452	0.052568502	-0.1571243639	-0.0092433509	-0.0678406236	0.0712687002	-0.0461580988	-0.0280196076	0.0674912317	0.0322403855	0.0084872027	-0.1413070005	0.0975006883	-0.0419186996	-0.1343825371	-0.1268711839	0.1011587158	0.0167139082	0.0229482172	0.0169593825	0.0077667907	0.0737674891	-0.0166706572	-0.089215239	-0.0328547381	-0.0054650255	-0.065840489	-0.0200628839	0.1782956586	-0.0434795946	-0.0652119723	0.0183726117	0.1114395183	-0.0689696184	0.0011032339	-0.0558570378	-0.0011448231	0.0448987973	0.0064011114	-0.080224738	-0.0501071287	0.0514182452	-0.0293970232	-0.0176493176	0.0917092171	-0.0030414682	0.0343780325	-0.1572608704	-0.0038055563	0.0563767471	0.0065157458	0.1153331777	-0.1472182869	0.0030175948	-0.0008812066	0.0176923916	0.0147876381	0.0154072427	0.0073400074	0.1162281279	-0.0998188616	0.1103682322	0.023334857	-0.0862549419	0.1384364965	-0.0030727968	-0.0678438918	0.0912968691	-0.0195111846	-0.0523546952	0.0035266965	0.0151386586	0.0943554535	0.043408725	-0.0272836303	-0.0803373207	0.0739948972	-0.0372067726	-0.1249265278	-0.118170742	-0.0055488191	-0.0642173043	0.07624351	-0.0501407883	0.0626217628	-0.0654796099	-0.0909511171	-0.129143683	0.0879477531	-0.0345868213	-0.0185053966	0.0607087064	0.0781755326	-0.1069677485	-0.0187527638	-0.0032165276	0.0926680702	-0.1320465688	-0.0806991422	-0.1420045717	0.0106678902	-0.0539619665	-0.011337767	0.0182820026	0.0130679109	0.0293006624	-0.0203344165	-0.0048648312	0.0206011835	0.0452321049	-0.0022790932	-0.0871824119	0.0194778968	-0.0154939118	-0.0817829252	0.0758253798	0.0055351709	0.0056806903	-0.0163702465	-0.0187779512	0.0181130937	0.0035993623	-0.0816715315	0.0165429309	-0.0032411748	0.0658266279	0.020163126	-0.148542989	0.0184749079	-0.1093865869	-0.0381422304	-0.0111619707	-0.0768456073	-0.0461366467	-0.0013439583	-0.0218885039	0.0946784841	0.0300876707	-0.0911186361	-0.0473307749	-0.0840181765	-0.0208567956	-0.0293734294	0.0177345496	0.0599979641	-0.0963330574	0.0470780119	0.0235265815	-0.0170404391	-0.1180905004	0.1163333239	-0.1134240387	-0.000301994	-0.010883094	9.1200376036e-08	0.0001184417350128	0.0727109999999999	0.0433325999999999	0.0052868895209999	0.0018777142227599	0.121679	0.0370882999999999	0.0013755419968899	0.0148057790409999	-0.00134668	-0.000577819	3.33874796761e-07	1.8135470224e-06	0.000658875	8.717799999999993e-05	7.600003683999987e-09	4.34116265625e-07	-0.000253146	0.0	6.408289731599999e-08	0.0	0.0
630.2454909722438	0.4356296071977112	397209.3788908447	0.1897731546672322	854.2083008369283	-2.1573597953889703	729671.8212187121	4.65420128676074	597.8638755811619	0.5206754757099361	357441.21372492705	0.2711029510057682	615.4574905838783	583.4794606749105	1.214636	53.651642	0.112614374	0.0563013	0.1208799734	-0.0484731908	0.041007207	0.1294215446	-0.0284479794	0.1044854895	0.0120250285	-0.0546481822	-0.0826203168	0.1294253309	-0.1262820344	-0.1834384441	0.0533139728	-0.03748809	0.019002791	0.1203848611	-0.0262050502	-0.0485680888	-0.109196094	-0.0229172931	0.099093959	0.0462223071	-0.0846054934	-0.0351675676	-0.046475833	0.017979663	-0.0133668007	-0.0155918213	0.0241495675	0.0037017736	0.1259511207	0.0982061182	0.0365272321	-0.0416547368	-0.0540591445	-0.0062205907	-0.053134107	0.1622368229	-0.0476198821	0.0750387641	0.0040151358	-0.0193149375	0.0461138724	0.1165677707	0.0636170683	-0.0728098515	-0.0196842217	-0.0090293764	-0.0611731612	0.0004488762	-0.0915768089	-0.008541974	0.0416322357	-0.1044516549	0.0056358531	-0.0523709956	0.0742704973	-0.0647452267	-0.1041997127	0.0111880828	0.0370353164	0.0326549257	-0.0842230074	-0.0609561864	-0.1715435307	-0.0149491661	0.065549179	0.1237505855	0.0118754186	-0.0773512618	0.0198594023	0.1788146836	-0.0800781434	0.1270884696	0.0357600667	-0.0038458663	0.0111490227	0.034592213	-0.0842626185	-0.008179345	-0.0983880824	0.0947793058	-0.0142367452	0.0330069012	-0.2420441352	-0.0272776132	0.1270271337	-0.0629223121	-0.0837089554	-0.0749055981	-0.0033346858	0.0478115457	0.0075359021	-0.0036192709	0.1075958843	-0.0523410525	0.0519432843	0.0376214693	-0.03143938	-0.1237629299	0.1182933774	0.0319172492	-0.1388724361	0.0218134659	-0.10078083	0.0663380306	0.0535120791	0.0122175215	0.0125836008	-0.1252422004	-0.0316548937	-0.0814038704	-0.0314069414	-0.0115152635	0.0191854591	-0.0958957467	0.1021103644	0.0585465106	0.04668659	0.1032980317	-0.0435632461	-0.1081054995	-0.1699540212	0.0689211227	-0.0584870472	0.1117709949	-0.0209727713	0.0359106109	-0.0443243482	-0.0600966324	0.0159524724	-0.028319042	-0.0528180931	0.0711519512	0.0376538167	-0.0738528347	0.0252368152	0.0900384905	0.0020031888	-0.0966225815	0.0751390994	0.0854391949	0.1292689239	-0.0314335349	0.1006330317	-0.0189229173	0.1534520256	-0.0181856915	-0.0387542121	0.0472503161	0.0465447492	-0.0773677604	-0.005497539	-0.1840764841	0.0264158425	0.0161201762	-0.0403246959	0.0917023848	0.0846343219	-0.0315771344	-0.1297218269	-0.0901603909	0.0245357441	-0.100302194	0.086178529	-0.0400106683	-0.0380966586	0.0757640577	-0.0113021377	0.0255658882	0.0450193565	0.0351143493	-0.0386791838	-0.0971095611	-0.0061583136	-0.0622386754	0.0283927304	0.0050570329	-0.1026873786	-0.0106578879	-0.1069709383	0.0171333454	-0.0326989086	-0.0555112859	-0.1183225485	0.1172578276	-0.115490384	0.00777938	0.008081374	6.05187531844e-05	6.530860572787601e-05	0.0310116	-0.0416993999999999	0.00096171933456	0.0017388399603599	0.0930026	-0.0286763999999999	0.0008223359169599	0.00864948360676	-0.000925741	0.000420939	1.7718964172100006e-07	8.56996399081e-07	0.00092108	0.000262205	6.875146202500003e-08	8.483883664e-07	-0.000253146	0.0	6.408289731599999e-08	0.0	0.0
631.0651415179145	0.8196505456706973	398243.2128390255	0.6718270170182719	856.2695651744974	2.061264337569128	733197.5682441229	4.248810669334295	598.2783649577606	0.4144893765986808	357937.00197653135	0.171801443313163	616.4311656550364	587.2354573869441	1.174388	51.873856	0.09109405	0.0456645	-0.0152598254	0.1201710351	-0.0435899432	-0.0824886942	-0.0703846721	-0.031462944	-0.0078031354	-0.137191053	0.0679355241	0.0457151664	0.1547722354	-0.0743199366	0.0523992902	0.0597402155	0.0520878278	-0.0869794131	0.015840849	0.0234935068	-0.1687760126	0.0792208178	-0.0800038451	-0.0178025497	-0.0925102436	-0.0462363531	0.0561861566	0.0693789268	0.0027462604	-0.0250039625	-0.0777980133	-0.01505518	-0.0046789103	0.0366786365	-0.024666599	-0.0031713311	-0.1071538589	-0.084223003	-0.1008162449	-0.0226023481	0.0869310924	-0.0522921634	0.0044442848	-0.0661245189	0.0347139633	0.0356750696	-0.0103572312	-0.0432748147	0.0897238341	0.0392825467	-0.1552992625	0.0078123687	0.0036159426	0.0428565296	0.069478626	0.1121078652	-0.0743204962	-0.0520428122	0.0219364003	0.2445070711	0.0002963483	3.68874e-05	0.0664919381	0.0438652891	0.023553465	0.0583279806	-0.024792745	0.0143853061	0.0363757488	-0.0492128689	-0.0465405303	0.0109868488	0.0403773998	0.0483027835	0.0859373543	-0.0035532967	-0.1312232058	-0.030529904	0.1007006379	0.1030451395	0.060942818	0.0231928611	-0.0221394532	0.0489350769	-0.0846465389	-0.0792786504	0.0137338318	0.0901032137	-0.0491483785	-0.037583899	-0.211784695	5.50238e-05	0.1089365252	-0.0153587963	0.0537332493	0.1073575042	-0.0239660231	0.0926165229	0.0570285618	-0.1930515826	-0.002789601	-0.0246324051	-0.1316877056	0.02767374	0.066539227	-0.0095591408	-0.0844044596	0.0656983227	-0.0499190769	-0.0657774488	-0.0458551617	-0.1006626282	0.0476153705	-0.0395513208	0.0170891271	-0.0127490864	-0.0883126711	-0.0219110292	-0.0727499267	-0.037342914	0.0105058454	0.0569988228	-0.0416896385	0.1673172973	-0.123950177	0.1400739397	-0.0739951993	-0.0517182937	0.0384269174	0.1299400595	-0.0475904962	0.0231507372	0.0575595783	-0.0314742538	0.081074302	0.0148323238	-0.1462012758	0.1006797704	0.1223474076	0.0245943631	0.0563342782	-0.1143432538	-0.0550733986	0.0208395585	0.0862713837	0.0998519931	-0.0098341116	0.0607808151	0.0625543906	0.132176315	-0.0770401197	-0.0791182809	-0.0548959416	-0.0796570572	0.0307917693	0.1170512109	0.0822651895	0.0846907334	0.2013793494	0.0662136452	0.0605848365	-0.0729967204	-0.0071741494	0.1015294077	-0.0705316851	0.0902336167	-0.0014722076	0.1125269041	0.0147030405	0.0071391056	-0.0372134392	0.0421148726	-0.0301290457	-0.0956586161	0.0180565007	-0.1162336039	-0.0598946729	-0.0210417329	-0.0934402579	0.0869889992	-0.0894497472	0.0199883806	-0.0531548814	0.0793393953	0.0389427949	0.0371520988	-0.118496684	0.1179527935	-0.1170481578	0.00490558	-0.0028738	2.40647151364e-05	8.258726440000001e-06	0.0593082	0.0282965999999999	0.00351746258724	0.0008006975715599	0.113679	0.0206763999999999	0.0004275135169599	0.012922915041	-0.00145479	-0.000529049	2.798928444010001e-07	2.1164139441e-06	0.000665184	-0.000255896	6.548276281600003e-08	4.42469753856e-07	-0.000253146	0.0	6.408289731599999e-08	0.0	0.0
631.0861983776697	0.0210568597551628	398269.78978277947	0.0004433913427485	854.5068711756293	-1.7626939988681445	730181.9928863635	3.107090133645769	598.1228255455179	-0.1555394122426605	357750.914438554	0.0241925087607923	616.11079265685	588.1879844638287	1.13301	50.046162	0.06452094	0.0400028	-0.0758650205	-0.0812188261	0.0112936847	-0.1097366067	0.0406480379	0.0737870354	-0.0070319936	0.1227184963	-0.0194173432	-0.0920550073	-0.0437754772	0.0476535735	-0.0108260473	0.0324485243	0.024739651	0.0514136727	0.025029835	-0.0788387161	0.027435007	0.1212892129	-0.0329029965	-0.0545956281	-0.1463220037	-0.0384985635	0.0637470467	0.0816423643	0.0081157647	0.0083709166	0.0030403993	0.0045364258	-0.0536035474	-0.0342231798	-0.0965932388	0.0473711691	0.132020042	-0.1235739695	0.1064533494	-0.0065490604	-0.0821525394	0.0077946173	0.1431685886	0.039532928	-0.0380671492	0.0285694018	-0.013459446	-0.1426864763	0.1055561927	0.0441410312	0.0579551094	-0.0204830503	-0.0058636781	0.0949188925	-0.029748417	0.0286746185	-0.0438466229	-0.0205698171	-0.0045564087	-0.0522201787	0.1396752136	-0.057484785	0.0382862081	0.199546036	0.008155085	0.0603570443	-0.0391454603	0.0501790722	0.0370596036	0.0548846639	0.2133477347	-0.0118822206	-0.0934585885	0.0741573936	0.1076111163	0.0051590576	-0.0001571168	-0.0053316976	-0.140676373	0.1129951056	-0.0596815833	-6.81898e-05	-0.0386987762	-0.0465958877	0.0924036091	-0.0604303743	0.052928591	-0.0761051529	0.031425725	-0.1268360995	-0.0296292765	-0.0377776449	0.1885762836	0.0656409409	-0.0090644551	-0.1058730227	-0.0599157044	-0.1604738807	0.0071178801	-0.1226857234	0.0132353822	0.0885624269	0.0590315769	-0.0791366365	-0.0360193461	0.0450355602	0.0474689811	0.001430539	-0.1140358657	0.0601901034	0.0829013674	-0.0773080936	-0.0340946599	0.047023963	0.1177696841	-0.0114141499	-0.0073740384	0.0857615639	0.0684460789	-0.0702468868	-0.026567283	0.0804044453	-0.0433558287	0.0104733377	-0.0786487608	-0.0393818389	-0.1659345751	0.0213009169	-0.1035647269	-0.0613053043	0.0187015185	-0.0214083068	0.0699846478	-0.1261159931	0.0611249857	0.0237305038	-0.1153942582	0.0895653643	-0.0101689274	0.0303020756	-0.1798269339	-0.0123837482	0.0753819341	-0.0248508897	-0.0214461599	0.1481955054	-0.0015695352	-0.0197225035	0.0112316541	-0.1225362856	-0.137177038	-0.0059005439	-0.0195158911	0.0679699052	0.1760465513	0.0702111593	-0.0062836062	0.005929413	-0.089766366	0.0693237592	0.2116056469	0.0300983422	-0.0473041956	-0.1108979667	-0.062354413	-0.0043379892	-0.0655672083	-0.0597651477	0.0153527936	-0.0166500173	0.0475993561	-0.0442865894	-0.1599995454	0.002534872	0.07033628	-0.1322531685	-0.0363209003	0.0360289838	0.0472060611	0.0418456652	-0.0130102252	-0.0177734197	-0.0936307971	-0.0529926123	-0.009837181	-0.0374524149	-0.1186128217	0.1184168613	-0.1180905004	0.00491787	1.2290000000000738e-05	2.4185445336900003e-05	1.5104410000001814e-10	0.0512063	-0.0081018999999999	0.00262208515969	6.564078360999993e-05	0.0852413999999999	-0.0284376000000001	0.00080869709376	0.0072660962739599	-0.000988894	0.000465896	2.1705908281600014e-07	9.779113432359998e-07	0.000571697	-9.348699999999995e-05	8.739819168999992e-09	3.268374598090001e-07	-0.000253146	0.0	6.408289731599999e-08	0.0	0.0
630.3147638545826	-0.7714345230871231	397296.7015330582	0.5951112234106571	857.5138131865085	3.006942010879243	735329.9398056662	9.041700256790504	597.8191009316655	-0.3037246138524097	357387.67743874487	0.0922486410597953	615.8687551118651	591.7043847492181	1.084399	47.898952	0.042307045	0.0199796	0.083725562	0.0034182537	0.0046428034	0.00391267	0.0757945704	-0.0157078267	0.0548829805	0.0322332756	-0.0604104306	0.0673149511	-0.0223250864	0.0865177604	-0.0113051798	-0.0361927918	0.0809697973	0.0615825843	0.049961562	0.0863394052	0.0881341041	-0.0112066645	0.0710554098	-0.029120595	-0.0638733489	-0.0912327456	-0.0821987628	0.0226649027	-0.013145976	0.0615114738	0.1198661347	0.0062817879	-0.0889515254	-0.0934669774	-0.0285882822	-0.0207142853	-0.009393378	0.1055394752	0.1765846643	0.0428342931	0.0589546653	0.0251319788	0.0045774986	0.0423568277	0.0128473664	-0.1125993765	0.0646802408	-0.0621920254	-0.0133466663	0.0457353632	0.0529699655	0.0262903262	0.0694220412	-0.0045952504	0.0282670793	-0.0694010204	-0.0061992782	0.0105196811	-0.0308817977	-0.0855012893	-0.0376593207	-0.1968327756	0.1056906816	0.0621303192	0.0292131256	-0.0047533214	-0.0140235745	-0.01059625	-0.0394823309	-0.0906834705	0.0213174088	-0.0086193681	-0.0370648845	0.0619728942	0.0609258353	0.0242694675	0.0951872248	0.0349645263	0.0079062082	0.108422812	0.0571142769	-0.0764917473	0.0264363465	-0.1049714957	-0.0226758255	0.0108752951	-0.0664804994	-0.0659055913	0.0511812606	0.0358333377	0.0094078386	-0.1040224732	-0.0119609071	0.0353294486	0.0207097578	-0.0956693259	0.0014718467	-0.1048472028	-0.0369735286	0.0434864025	-0.0097287948	-0.042717849	0.0073126161	0.0843008165	-0.0028737713	0.0547723694	0.0338156779	-0.0237194069	-0.0091692409	0.082034143	0.0646964332	0.0716158654	0.0603152232	-0.0777985004	-0.0164914704	-0.0415608264	0.0967127488	-0.0249806186	0.0575329934	0.008860453	-0.007430292	-0.0416744377	-0.0523585967	-0.0437798409	0.1547817581	-0.0869880636	-0.1033810632	0.0591090082	0.0057183225	-0.0701121507	-0.085658034	0.020900812	0.0432263816	-0.0182524643	0.0889719938	-0.1270830461	-0.0665402081	-0.0458759715	0.0461050596	-0.0297281399	-0.0317792039	0.0183140943	0.0860959737	0.0256249206	0.0268619504	0.0608299557	0.0435235593	-0.0475616421	-0.0260259816	-0.0450539321	0.0010864021	0.0434923561	-0.0124484061	0.0054904176	0.0223178768	-0.0642384433	0.0348482288	-0.055448966	-0.1777129998	-0.0238007138	0.1524645001	-0.0572295939	-0.0810098981	0.0897000604	0.002023304	-0.066883685	0.0891088244	0.0105181541	-0.0271763658	0.0008948086	0.0982510523	-0.0555370645	-0.0463726268	0.0887701884	-0.0491490825	-0.1003787464	0.0132724909	0.0913761629	0.0885614344	0.0444796582	-0.0892697277	0.041993697	-0.0093597594	0.071228832	0.0320589399	-0.0410472486	-0.1186709048	0.1186491225	-0.1186128217	-0.000130625	-0.005048495	1.7062890625e-08	2.5487301765025e-05	0.053169	0.0019626999999999	0.002826942561	3.852191289999991e-06	0.0952107	0.0099693	9.938694249000196e-05	0.00906507739449	-0.000886188	0.0001027059999999	1.0548522435999986e-08	7.85329171344e-07	0.000821723	0.000250026	6.2513000676e-08	6.75228688729e-07	-0.000406945	-0.0001537989999999	1.6560423302499997e-07	2.3654132401e-08	0.0
