#Insight Transform File V1.0
#Transform 0
Transform: MatrixOffsetTransformBase_double_3_3
Parameters: 0.9999999594756076 0.00019784857836377455 0.00003715328974051961 -0.0001978485223581335 0.9999999608553569 -7.621951700065299e-7 -0.000037153588688890876 7.474935888457379e-7 0.9999999986190383 -0.01745702574361019 0.0438703469902606 -0.02942807894198296
FixedParameters: 0 0 0
#Transform 1
Transform: MatrixOffsetTransformBase_double_3_3
Parameters: 0.9999999640158219 0.0001839985820328793 -0.000046137889070739686 -0.00018400759600171332 0.9999999565931571 -0.00009771465956084913 0.00004610192610412633 0.00009773163188032952 0.999999988323025 -0.01092484975991681 0.04591815280950584 -0.02086241396342814
FixedParameters: 0 0 0
#Transform 2
Transform: MatrixOffsetTransformBase_double_3_3
Parameters: 0.9999999824583476 0.0001286547736549819 -0.000031458000348249474 -0.00012864775552029936 0.9999999710173442 0.00011149997652663834 0.00003148668834160144 -0.00011149187861317356 0.9999999865783096 -0.020181615758943394 0.02243312314563184 -0.028159574347085936
FixedParameters: 0 0 0
#Transform 3
Transform: MatrixOffsetTransformBase_double_3_3
Parameters: 0.9999999732633172 0.00015048738798735187 -0.0000639548585384276 -0.00015047620587920146 0.9999999697157722 0.00008741282958756036 0.00006398116349760506 -0.00008739357755715993 0.9999999882689121 -0.015271461264077857 0.05643411425562306 -0.025689428376651335
FixedParameters: 0 0 0
#Transform 4
Transform: MatrixOffsetTransformBase_double_3_3
Parameters: 0.9999999781489161 0.0001475217179060764 0.000009404624497744499 -0.0001475245969181898 0.9999999546948 0.00015343228948584697 -0.000009359354670305294 -0.00015343505760441467 0.9999999763702876 -0.017260493444695157 0.024459350451550677 -0.026188121718483615
FixedParameters: 0 0 0
#Transform 5
Transform: MatrixOffsetTransformBase_double_3_3
Parameters: 0.9999999566750907 0.00017879717905625584 0.0001065670392061159 -0.00017882282195872838 0.9999999535457692 0.00012031809501265867 -0.00010652400446812095 -0.00012035619785553953 0.9999999741671465 -0.020263840683284684 0.0699218744216239 -0.02681258746893178
FixedParameters: 0 0 0
#Transform 6
Transform: MatrixOffsetTransformBase_double_3_3
Parameters: 0.9999998944956496 0.00032302352405613765 0.00003406159270940212 -0.0003230432093900527 0.9999998116864327 0.0002897519438296303 -0.000033874386954787367 -0.00028977388943354776 0.9999999148839885 -0.017518287711965286 0.013938297621876927 -0.017836760382131445
FixedParameters: 0 0 0
#Transform 7
Transform: MatrixOffsetTransformBase_double_3_3
Parameters: 0.9999999581129871 0.00020374904624927408 -0.00001932239116604617 -0.0002037433097448137 0.9999999365213035 0.0001482131334522574 0.000019382784987487852 -0.00014820524743473784 0.999999977659717 -0.013318786334266974 0.051553864831248575 -0.02882688049356119
FixedParameters: 0 0 0
#Transform 8
Transform: MatrixOffsetTransformBase_double_3_3
Parameters: 0.9999999162060472 0.000288561231066141 -0.000022943149866846892 -0.0002885678323504366 0.9999998959596511 -0.0001441148946138282 0.000022859972775884658 0.00014412811162461958 0.9999999787043228 -0.01529446649074373 0.05657504457326468 -0.019946765704659697
FixedParameters: 0 0 0
#Transform 9
Transform: MatrixOffsetTransformBase_double_3_3
Parameters: 0.9999997655690097 0.00048467391777343177 -0.000002444178876818189 -0.0004836735975535891 0.9999995476148316 0.00046713559970622265 0.0000028311928970421035 -0.00046712920736319274 0.9999997815285273 -0.01482371648064884 0.00461304575084398 -0.0064891988925666055
FixedParameters: 0 0 0
#Transform 10
Transform: MatrixOffsetTransformBase_double_3_3
Parameters: 0.9999997386423699 0.00046745561535602165 -0.00020698501037921726 -0.0004674580401866737 0.999999781449692 -0.00000576129361480604 0.00020697953294373942 0.00000595480408036031 0.9999999571240741 -0.00700856621716639 0.05924261279697873 -0.008701375166118908
FixedParameters: 0 0 0
#Transform 11
Transform: MatrixOffsetTransformBase_double_3_3
Parameters: 0.9999997284340367 0.0005161751548632318 0.0000716183270238163 -0.0005162278725052076 0.999999597354547 0.00036898986105916853 -0.00007123734327663415 -0.00036906360345635714 0.9999998587177484 -0.017615073123536718 -0.01854557906892751 -0.003803498695837959
FixedParameters: 0 0 0
#Transform 12
Transform: MatrixOffsetTransformBase_double_3_3
Parameters: 0.9999997245091757 0.0005130589852582231 -0.00011073052624375372 -0.0005130481332162845 0.9999997343757698 0.000049047379111391565 0.00011078079510112903 -0.000048933732052863776 0.9999999853332087 -0.01711199614946679 0.08097791842240554 0.008020525141994028
FixedParameters: 0 0 0
#Transform 13
Transform: MatrixOffsetTransformBase_double_3_3
Parameters: 0.9999996563047261 0.0005787538569314735 -0.00011262636689367148 -0.0005786553745305 0.9999991354757196 0.0007278061403185598 0.00011247082756316073 -0.000727676380146855 0.9999994538718185 -0.021204758199559137 -0.017431606590889714 0.0052510667826908275
FixedParameters: 0 0 0
#Transform 14
Transform: MatrixOffsetTransformBase_double_3_3
Parameters: 0.9999996141461293 0.000619522631736718 -0.000045227081339738445 -0.0006194720846534286 0.9999993086413483 0.0005546275249884852 0.00004591422650553111 -0.0005545710631591899 0.9999996903434832 -0.022741813527531463 0.05401927390364847 -0.010989929227477546
FixedParameters: 0 0 0
#Transform 15
Transform: MatrixOffsetTransformBase_double_3_3
Parameters: 0.9999996276523992 0.0006068720100551064 -0.00006367005848160502 -0.0006068480730323373 0.999999596511233 0.0001876797696061111 0.00006389780145116871 -0.00018760235387106639 0.9999999607226997 -0.021163293386962323 0.05015207796814991 -0.005033908967881473
FixedParameters: 0 0 0
#Transform 16
Transform: MatrixOffsetTransformBase_double_3_3
Parameters: 0.9999994102791153 0.000730363990684994 -0.00024418894768428673 -0.0007307354616484476 0.9999984662703391 0.0014143030390673522 0.00024531490096923753 -0.0014139497765123105 0.9999989367262138 -0.01869398835312097 0.015332689238007902 0.0242338089087184
FixedParameters: 0 0 0
#Transform 17
Transform: MatrixOffsetTransformBase_double_3_3
Parameters: 0.9999995228316088 0.0006203099618386748 -0.0003106839921773359 -0.0006198834714352568 0.9999999846710165 0.0007916595296900281 0.0003106678109024291 -0.0007914051217519508 0.9999992773722081 -0.019439422045536503 0.07467174741023541 -0.008772960122477969
FixedParameters: 0 0 0
#Transform 18
Transform: MatrixOffsetTransformBase_double_3_3
Parameters: 0.9999995143240413 0.0006695799020254914 -0.00020343404441754793 -0.000669197517005877 0.9999993410827799 0.0011005078174841088 0.00020390163720016745 -0.0011002356578489747 0.9999997438339697 -0.02375828599346619 0.005935366239086193 -0.009260798665700065
FixedParameters: 0 0 0
#Transform 19
Transform: MatrixOffsetTransformBase_double_3_3
Parameters: 0.9999994435149977 0.0006441427250219083 -0.00037536376894889423 -0.0006445531075220357 0.9999999696737977 0.0007815969799257055 0.0003764361149791455 -0.0007812467828777064 0.9999992526009767 -0.017238297849871742 0.07621100704614037 -0.004349063611201132
FixedParameters: 0 0 0
#Transform 20
Transform: MatrixOffsetTransformBase_double_3_3
Parameters: 0.9999994000397157 0.0006703101030313591 -0.0003935547383705938 -0.0006691426319481682 0.9999980532012389 0.0015595917260999431 0.00039463823836937036 -0.0015600558133121167 0.9999984729591094 -0.027306332781961373 -0.016392680687488337 -0.01747074212068611
FixedParameters: 0 0 0
#Transform 21
Transform: MatrixOffsetTransformBase_double_3_3
Parameters: 0.9999994156626392 0.0007276595879715044 -0.00023424040839635247 -0.0007271463954247367 0.9999992292480859 0.0010843144162023116 0.00023581036957466897 -0.0010849639577703712 0.9999998335002318 -0.017554257461753764 0.08680783361295141 -0.018326604523160483
FixedParameters: 0 0 0
#Transform 22
Transform: MatrixOffsetTransformBase_double_3_3
Parameters: 0.9999993780031589 0.0006506554142309917 -0.00044973787244109416 -0.0006507389072872828 0.9999993341626242 0.0010846765113516482 0.00045020925031929266 -0.0010850867191072033 0.9999996821334117 -0.016628210918682385 0.02554550901068353 -0.017044778760542556
FixedParameters: 0 0 0
#Transform 23
Transform: MatrixOffsetTransformBase_double_3_3
Parameters: 0.9999992424127295 0.0006145159759098566 -0.0006194958510912429 -0.0006137172266309455 0.9999983104489526 0.001498864194845212 0.0006203964710903356 -0.0014990985553419572 0.9999984302959842 -0.01827913815145621 0.02006837537209094 -0.004199433987352563
FixedParameters: 0 0 0
#Transform 24
Transform: MatrixOffsetTransformBase_double_3_3
Parameters: 0.9999993300484383 0.0007416466732938806 -0.00035228302550945664 -0.0007408554534565784 0.9999989741644232 0.0012153180248950235 0.0003530787908033149 -0.0012147956804923477 0.9999993953847136 -0.017420588085300892 0.05693472077254569 -0.016777189130230852
FixedParameters: 0 0 0
#Transform 25
Transform: MatrixOffsetTransformBase_double_3_3
Parameters: 0.9999992613853532 0.0007280351300613889 -0.0004605694441306603 -0.0007279009507851349 0.9999987821782216 0.0012994146648694221 0.0004615205966684685 -0.0012987477565945538 0.9999990962093136 -0.01966035636029062 0.006284431983289096 -0.018833012097424273
FixedParameters: 0 0 0
#Transform 26
Transform: MatrixOffsetTransformBase_double_3_3
Parameters: 0.9999994464700994 0.0007064829563445773 -0.00023326258077054378 -0.0007062286468614995 0.9999992048888698 0.0005443810992429854 0.00023403140071284485 -0.0005440510231678602 0.9999996492384743 0.0003608615147356886 0.05946227144309546 -0.002731756032964938
FixedParameters: 0 0 0
#Transform 27
Transform: MatrixOffsetTransformBase_double_3_3
Parameters: 0.9999993618412273 0.0007499030048950274 -0.00028271070829580247 -0.0007493115086975859 0.9999990900516904 0.0011612539143805584 0.0002834457998116954 -0.0011608300253546366 0.9999995679803064 -0.01149943938405329 0.017070418494043338 -0.013117117853596483
FixedParameters: 0 0 0
#Transform 28
Transform: MatrixOffsetTransformBase_double_3_3
Parameters: 0.9999993887939178 0.0007185096468827806 -0.0003148100936387079 -0.0007178846973245104 0.999999282619006 0.0010963809375886396 0.000315379044492547 -0.0010959288435752057 0.9999996952921862 -0.01518091885948536 0.0722595870208238 -0.012866065129138349
FixedParameters: 0 0 0
#Transform 29
Transform: MatrixOffsetTransformBase_double_3_3
Parameters: 0.9999990921100058 0.000807420920857284 -0.0005051186786958219 -0.0008075521999164424 0.9999995544667664 0.0008531707076896017 0.0005065540235838178 -0.0008533490919235276 1.0000000815091772 -0.009406482270890137 0.03649997510287051 -0.03633602681263426
FixedParameters: 0 0 0
#Transform 30
Transform: MatrixOffsetTransformBase_double_3_3
Parameters: 0.9999989039040151 0.0008205959820579915 -0.000652950998637626 -0.0008200525115829192 0.9999988146943036 0.0012302091257788278 0.0006540282371568793 -0.0012291413219525926 0.9999990572335477 -0.010121230924312385 0.03226552012287698 -0.02903647638152762
FixedParameters: 0 0 0
#Transform 31
Transform: MatrixOffsetTransformBase_double_3_3
Parameters: 0.9999998145312939 0.0008627358031662943 -0.0006702532105028703 -0.0008615687941910827 0.9999983271242716 0.0017120897899211285 0.0006712663202941933 -0.0017109380439365163 0.9999986133311085 -0.006725751246861478 0.07554881326096563 -0.021156659535847666
FixedParameters: 0 0 0
#Transform 32
Transform: MatrixOffsetTransformBase_double_3_3
Parameters: 0.9999999253962892 0.0008803045412649443 -0.0005545154422783092 -0.0008799992225828406 0.9999985545664666 0.0012929555792801084 0.0005548602451443158 -0.0012919840072354444 0.9999990143878823 -0.014160261195740986 0.029017590475589827 -0.021509625122185128
FixedParameters: 0 0 0
#Transform 33
Transform: MatrixOffsetTransformBase_double_3_3
Parameters: 0.9999998693239964 0.0008174959823717681 -0.0006826560749936587 -0.000816629401275512 0.9999982811517097 0.00140924123756124 0.0006840260996874652 -0.0014091203700973692 0.9999986088441492 -0.01046762535685275 0.05385453897757486 -0.017836091214626038
FixedParameters: 0 0 0
#Transform 34
Transform: MatrixOffsetTransformBase_double_3_3
Parameters: 0.999998984968325 0.000751163596072304 -0.0006775002935646207 -0.0007505406796560717 0.9999987642434003 0.001293444485782877 0.000677503844070222 -0.001292431926070134 0.9999988618311035 -0.012203753449767873 0.07470316006897804 -0.01062612077876679
FixedParameters: 0 0 0
#Transform 35
Transform: MatrixOffsetTransformBase_double_3_3
Parameters: 0.9999999153377929 0.0008215219261023347 -0.000642932191828394 -0.0008209213672735136 0.9999986543150254 0.0012932008220313679 0.0006441228350731092 -0.0012921482065592627 0.9999989112632359 -0.015172289356897295 0.02044657222776891 -0.0150867590810293
FixedParameters: 0 0 0
#Transform 36
Transform: MatrixOffsetTransformBase_double_3_3
Parameters: 0.9999991794058998 0.000764815234303269 -0.0004898775651015681 -0.0007634744625173941 0.9999983598934645 0.001434308683041008 0.0004910634748837186 -0.001433559606960677 0.9999986994009938 -0.019365727054079684 0.04774696369941012 -0.003642863806526009
FixedParameters: 0 0 0
#Transform 37
Transform: MatrixOffsetTransformBase_double_3_3
Parameters: 1.0000001071333746 0.0007279139060834877 -0.0006061687992686849 -0.0007268930398191591 0.9999996090396578 0.0008924892959751296 0.0006064691898478997 -0.0008925991805133204 0.9999998970822207 -0.013213825149904324 0.0751820832821295 -0.025492801898657547
FixedParameters: 0 0 0
#Transform 38
Transform: MatrixOffsetTransformBase_double_3_3
Parameters: 1.0000000763092844 0.0008112853558070513 -0.0005186707824280917 -0.0008105681506345178 0.9999984051858627 0.0017141691036090673 0.0005205100074726523 -0.001713330747751901 0.9999987894713899 -0.020426655548746453 0.01918490164466391 -0.03204452796450141
FixedParameters: 0 0 0
#Transform 39
Transform: MatrixOffsetTransformBase_double_3_3
Parameters: 0.999999162084475 0.0007963247676795581 -0.00045615203242218953 -0.0007954467841857895 0.9999992977666883 0.0010341815596276727 0.0004567920756800717 -0.0010334554660377943 0.9999997189846281 -0.019981264933093712 0.0650585896122351 -0.021104521451114522
FixedParameters: 0 0 0
#Transform 40
Transform: MatrixOffsetTransformBase_double_3_3
Parameters: 0.999999794066003 0.0007981945158236979 -0.0007566716044385253 -0.0007972952647595075 0.9999986256778695 0.0012933425177625302 0.0007578021954130578 -0.0012931301519000793 0.9999988157226699 -0.016603496286890618 0.04596179921743726 -0.035920018666686815
FixedParameters: 0 0 0
#Transform 41
Transform: MatrixOffsetTransformBase_double_3_3
Parameters: 1.0000001418077893 0.0007964905959693255 -0.0004767235952667795 -0.0007960134078905833 0.9999987602670021 0.001613128357757912 0.00047835950904065493 -0.0016125025988023428 0.9999981714465367 -0.018381651101535113 0.03369541486947014 -0.019871333744475805
FixedParameters: 0 0 0
#Transform 42
Transform: MatrixOffsetTransformBase_double_3_3
Parameters: 0.9999993807161235 0.0006032168495585782 -0.0005047743350417751 -0.0006030722566846349 0.9999993578159959 0.0011308541556458857 0.0005061957131442122 -0.0011302482337404024 0.999999466577957 -0.022292718364511188 0.10549912750597912 -0.03011006943225425
FixedParameters: 0 0 0
#Transform 43
Transform: MatrixOffsetTransformBase_double_3_3
Parameters: 0.9999991684555054 0.0006723538847135256 -0.0006190808020143635 -0.0006713632455311908 0.9999987449052841 0.0016546802677776667 0.000620356128348416 -0.0016548433434486753 0.999998939275253 -0.026699735169216865 0.030050099697305654 -0.0195507457535129
FixedParameters: 0 0 0
#Transform 44
Transform: MatrixOffsetTransformBase_double_3_3
Parameters: 1.000000106742032 0.0007213989060408409 -0.0006172215351859201 -0.0007205318262788912 0.9999988639652644 0.0016164487954085094 0.0006176214612790545 -0.001615693749137781 0.9999980039166549 -0.02538855654104566 0.06550176851357037 -0.025577667230415102
FixedParameters: 0 0 0
#Transform 45
Transform: MatrixOffsetTransformBase_double_3_3
Parameters: 0.9999990205092311 0.0006080525013055397 -0.0007834146502067392 -0.0006067607512997604 0.9999983733791586 0.0015029395450573274 0.0007842996403456385 -0.0015019916477150286 0.999998124545805 -0.023928088623563326 0.0667725193254256 -0.03440840958630531
FixedParameters: 0 0 0
#Transform 46
Transform: MatrixOffsetTransformBase_double_3_3
Parameters: 0.9999992129247112 0.0005876563315460074 -0.0006675661067843167 -0.0005860440077182206 0.9999976450082716 0.002002968170424488 0.0006689685845461027 -0.00200218816906024 0.9999975394626746 -0.032579387172248175 0.028020101263678043 -0.029449592884326137
FixedParameters: 0 0 0
#Transform 47
Transform: MatrixOffsetTransformBase_double_3_3
Parameters: 0.9999992698966057 0.000685195955379206 -0.0005183016341486859 -0.0006840355923080855 0.9999976590894025 0.002207595420077299 0.0005193703497774877 -0.0022068898649875712 0.9999978513879548 -0.025291458864472816 0.06144133480258063 -0.031142933709659815
FixedParameters: 0 0 0
#Transform 48
Transform: MatrixOffsetTransformBase_double_3_3
Parameters: 0.9999992894818476 0.0007445634987807984 -0.0004048044419530379 -0.0007438834895023915 0.9999974188982654 0.002226277257990017 0.0004061724912983048 -0.0022268004014687898 0.9999969400734237 -0.027320881566225808 0.05595611447260751 -0.024327597957359615
FixedParameters: 0 0 0
#Transform 49
Transform: MatrixOffsetTransformBase_double_3_3
Parameters: 0.9999990177779722 0.0006446308559038447 -0.0007584150603343592 -0.0006428495834439121 0.9999979052935717 0.001918821625250769 0.0007589390959025092 -0.0019178496926864075 0.9999977369079014 -0.02279618684831064 0.06132107986653068 -0.03462630448388637
FixedParameters: 0 0 0
#Transform 50
Transform: MatrixOffsetTransformBase_double_3_3
Parameters: 0.9999992355777982 0.0005757106839436742 -0.0006609803723133635 -0.000574519705258334 0.9999987632234072 0.0017050033943586534 0.0006619931317866637 -0.0017042468771112929 0.9999986530579494 -0.02156890371844611 0.08729092790638049 -0.03492416068907289
FixedParameters: 0 0 0
#Transform 51
Transform: MatrixOffsetTransformBase_double_3_3
Parameters: 0.9999994054449066 0.00040401851208651 -0.0006601874051004042 -0.00040224187783059783 0.9999988906433569 0.0013955516608724072 0.0006603068100128557 -0.0013950198356015436 0.999998613381358 -0.023604325562445183 0.07025285525070046 -0.039943842927705475
FixedParameters: 0 0 0
#Transform 52
Transform: MatrixOffsetTransformBase_double_3_3
Parameters: 0.9999996065279855 0.00041542135825137824 -0.00047458725891784967 -0.000414270003309715 0.999999183623441 0.0012824839431606894 0.00047464560209198575 -0.0012820906641282936 0.9999991266101438 -0.016598945502778406 0.05176576955393841 -0.027529627363037434
FixedParameters: 0 0 0
#Transform 53
Transform: MatrixOffsetTransformBase_double_3_3
Parameters: 0.9999996930427577 0.0004237699115895849 -0.0003627687467455589 -0.00042269971028614534 0.9999983227318672 0.0015594417394471788 0.000363083244766073 -0.0015601264950542842 0.9999984966803831 -0.021165341475054333 0.04690021949242862 -0.044347882715250364
FixedParameters: 0 0 0
#Transform 54
Transform: MatrixOffsetTransformBase_double_3_3
Parameters: 0.9999997348678833 0.00042695092733889984 -0.0002949569650416077 -0.00042626020966699885 0.9999991737278717 0.001282413065339924 0.0002950454672401982 -0.001282161873253626 0.9999992648451848 -0.0204732363580149 0.10306453475892852 -0.0271228626345561
FixedParameters: 0 0 0
#Transform 55
Transform: MatrixOffsetTransformBase_double_3_3
Parameters: 0.9999996766085847 0.00042104498956366834 -0.0003877638760792974 -0.0004201069609189543 0.9999991479174615 0.0012944501129903419 0.000387847008728362 -0.0012941244158582027 0.9999991705592164 -0.020660022784255716 0.050015970159918766 -0.04706370653550351
FixedParameters: 0 0 0
#Transform 56
Transform: MatrixOffsetTransformBase_double_3_3
Parameters: 0.9999995463225584 0.00041256328205153584 -0.0005324358972558438 -0.00041098887940463173 0.9999986480651524 0.001477504231575541 0.0005336447940562537 -0.0014770652454016014 0.9999985334817161 -0.011321946234147617 0.06903657115293527 -0.04059879475578043
FixedParameters: 0 0 0
#Transform 57
Transform: MatrixOffsetTransformBase_double_3_3
Parameters: 0.9999995077856243 0.0005302640611962153 -0.00046406059907528295 -0.0005293702703570043 0.9999996504416678 0.001034090196625967 0.0004641505361132675 -0.0010335989205886992 0.999999711903966 -0.011582197937329397 0.07240873581503138 -0.05341610843771605
FixedParameters: 0 0 0
#Transform 58
Transform: MatrixOffsetTransformBase_double_3_3
Parameters: 0.9999996343676665 0.0004193031931481355 -0.00044058902099834187 -0.00041788948933074255 0.9999980081213853 0.0016784666584623992 0.00044098850910390727 -0.0016780981390889516 0.9999979852010078 -0.021502108685965027 0.02510064557993985 -0.03599302597191212
FixedParameters: 0 0 0
#Transform 59
Transform: MatrixOffsetTransformBase_double_3_3
Parameters: 0.9999990976910839 0.000673719156081443 -0.0006724678093193944 -0.000672925244789997 0.9999986413045002 0.0013806897643673516 0.0006733862743415172 -0.001379787914043057 0.9999986384924993 -0.022589912198100137 0.06899836795095382 -0.029970450948809457
FixedParameters: 0 0 0
#Transform 60
Transform: MatrixOffsetTransformBase_double_3_3
Parameters: 0.9999994142702385 0.0006334408715978956 -0.00043446947893762116 -0.0006323915386121498 0.9999989547070285 0.0012827298184201336 0.00043508729294970856 -0.0012821799675893364 0.9999991624085348 -0.01943152664736658 0.055108925214298665 -0.03728159848203205
FixedParameters: 0 0 0
#Transform 61
Transform: MatrixOffsetTransformBase_double_3_3
Parameters: 0.9999994167104216 0.0006457075474558972 -0.00041223911959042134 -0.0006457451040380389 0.9999989826734867 0.0012386795481060253 0.00041289863428881166 -0.0012391425353668745 0.9999993564635102 -0.01678738416346448 0.059639251584329145 -0.033108962102240014
FixedParameters: 0 0 0
#Transform 62
Transform: MatrixOffsetTransformBase_double_3_3
Parameters: 0.9999993566443703 0.0006793085694271111 -0.0004265133038754351 -0.0006783611676844982 0.9999993086824431 0.0011095682792072736 0.00042801161216097106 -0.001108988198555802 0.9999995869348773 -0.017947784168299563 0.10078810334722732 -0.03462583543825559
FixedParameters: 0 0 0
#Transform 63
Transform: MatrixOffsetTransformBase_double_3_3
Parameters: 0.9999995312785933 0.00041118205149151635 -0.0005474210849817128 -0.0004096687085853273 0.9999989235963443 0.0013815107833591855 0.0005485471898858093 -0.0013810609706380733 0.9999987917474914 -0.027218583870805446 0.03548258746063482 -0.03092587244972833
FixedParameters: 0 0 0
#Transform 64
Transform: MatrixOffsetTransformBase_double_3_3
Parameters: 0.9999993913648273 0.0006010863153935272 -0.0005016785824951452 -0.0006000927680457587 0.999999525063857 0.0010558628148053528 0.0005019409411950314 -0.0010552605573681678 0.9999996301087468 -0.019832036389388463 0.08764910425134076 -0.05825320855205973
FixedParameters: 0 0 0
#Transform 65
Transform: MatrixOffsetTransformBase_double_3_3
Parameters: 0.9999989674868951 0.0004954559694809279 -0.0008895134108174874 -0.0004940666087309462 0.9999987953415441 0.0013763158851737706 0.0008899348839109924 -0.0013764312820535446 0.9999983755610461 -0.02080164682259067 0.03332638894914908 -0.042347431199260654
FixedParameters: 0 0 0
#Transform 66
Transform: MatrixOffsetTransformBase_double_3_3
Parameters: 0.9999990557426405 0.0006476067350515264 -0.0007271475400869314 -0.0006471614329308769 0.9999995045826933 0.0010377925148727374 0.0007275504061848279 -0.0010368551099975976 0.9999993913072597 -0.0224703905929573 0.06573428311938301 -0.03608046147790134
FixedParameters: 0 0 0
#Transform 67
Transform: MatrixOffsetTransformBase_double_3_3
Parameters: 0.999998991532134 0.0007359720002368241 -0.0006826813510494327 -0.0007354543074243353 0.9999992286037391 0.0011094945920055166 0.000684370760345459 -0.001108492672018388 0.9999993031636071 -0.025083230261060407 0.05628215871092834 -0.038140969539817604
FixedParameters: 0 0 0
#Transform 68
Transform: MatrixOffsetTransformBase_double_3_3
Parameters: 0.9999989470045433 0.0006900785580307783 -0.0007615362340510734 -0.0006896967567123619 0.9999979576925995 0.0016037414054958232 0.0007628656087771738 -0.0016025675363908615 0.9999988412978532 -0.02377931404571143 0.025792046369232935 -0.03329217383441119
FixedParameters: 0 0 0
#Transform 69
Transform: MatrixOffsetTransformBase_double_3_3
Parameters: 0.9999997832957838 0.0007710823476802223 -0.0007911570660230913 -0.0007703854974186035 0.9999991098901202 0.0011094434357354355 0.0007919343088850059 -0.00110921909209713 0.9999992044314009 -0.012009543973007908 0.10430891000153508 -0.0393874716544218
FixedParameters: 0 0 0
#Transform 70
Transform: MatrixOffsetTransformBase_double_3_3
Parameters: 0.9999991058619717 0.0007608951246517533 -0.0005646272821049577 -0.0007601150824683939 0.9999987614175626 0.0016313607892631254 0.0005661599958465039 -0.0016305051646042928 0.9999990167580235 -0.01967830928147407 0.029233231659986814 -0.04405495937625403
FixedParameters: 0 0 0
#Transform 71
Transform: MatrixOffsetTransformBase_double_3_3
Parameters: 0.9999999205734392 0.0007797282251584842 -0.0006893037783085696 -0.0007789243963437906 0.9999985038080621 0.0013503645635974948 0.0006904757114261808 -0.0013502850630428137 0.9999987622654845 -0.015834308700036104 0.09096564504282867 -0.0477036196727596
FixedParameters: 0 0 0
#Transform 72
Transform: MatrixOffsetTransformBase_double_3_3
Parameters: 0.9999997706733382 0.0008669044850553652 -0.0006938330213504124 -0.0008659995183079868 0.9999981844346963 0.0014140910130935186 0.0006953505722742457 -0.0014138831495179444 0.999998579772188 -0.025321239220261305 0.05663134074521281 -0.049794095762521806
FixedParameters: 0 0 0
#Transform 73
Transform: MatrixOffsetTransformBase_double_3_3
Parameters: 0.9999997268479403 0.0009273301100354084 -0.0006497177691099677 -0.0009257700114371611 0.999998392079597 0.001297872001061226 0.0006501267385788947 -0.0012976600948474831 0.9999989508880459 -0.01795864051017304 0.07450803635848047 -0.03336659408593334
FixedParameters: 0 0 0
#Transform 74
Transform: MatrixOffsetTransformBase_double_3_3
Parameters: 0.999999844986059 0.0008030130829456575 -0.0007168501502287637 -0.0008021349151500429 0.9999984672938601 0.0013503058838631732 0.0007180847119557616 -0.001350150040198006 0.9999987237151813 -0.009892141813239164 0.07991991522877129 -0.05796812458861922
FixedParameters: 0 0 0
#Transform 75
Transform: MatrixOffsetTransformBase_double_3_3
Parameters: 1.0000000757653238 0.000757696447383886 -0.0005984960957533267 -0.0007568787204195603 0.9999987287338266 0.0016223925777976433 0.0005990150819188255 -0.001622482023537583 0.9999990669135933 -0.01245923768031787 0.05426456189965734 -0.03697505929502398
FixedParameters: 0 0 0
#Transform 76
Transform: MatrixOffsetTransformBase_double_3_3
Parameters: 0.9999999472515944 0.0007760022205745467 -0.0006739791355821817 -0.0007751492281470953 0.999998324153937 0.0014173686843395317 0.0006752448961174278 -0.0014173180565919402 0.9999985976262378 -0.016497696668878348 0.0861727581547882 -0.05144283326076504
FixedParameters: 0 0 0
#Transform 77
Transform: MatrixOffsetTransformBase_double_3_3
Parameters: 0.9999999168590314 0.0008196968520455416 -0.0006475417275642087 -0.0008187194603361445 0.9999986276670968 0.0016221513161278484 0.0006482689509283075 -0.0016222164661384708 0.9999980107424027 -0.019738768138068963 0.04408054789008986 -0.03949691368706709
FixedParameters: 0 0 0
#Transform 78
Transform: MatrixOffsetTransformBase_double_3_3
Parameters: 0.9999996631824787 0.0008174432511194491 -0.0008199847380200389 -0.0008162866537170431 0.9999984443700661 0.0013503189247659475 0.0008212577590785745 -0.001349974048562838 0.9999985652748923 -0.021429240153068463 0.07514694173526948 -0.031702755614155365
FixedParameters: 0 0 0
#Transform 79
Transform: MatrixOffsetTransformBase_double_3_3
Parameters: 0.9999995620561711 0.0009325654706688378 -0.000759226754229242 -0.0009316398489435751 0.9999982439663219 0.0013499269716096413 0.0007598123161461205 -0.001349507373589312 0.9999986591294727 -0.017426177820084376 0.08734991674060666 -0.03996973298687578
FixedParameters: 0 0 0
#Transform 80
Transform: MatrixOffsetTransformBase_double_3_3
Parameters: 0.9999996139400249 0.0010262338976344907 -0.0005798531022277987 -0.0010257258350272747 0.9999980610200887 0.0013494972538295458 0.0005816892628453252 -0.0013493013323839509 0.9999989034162445 -0.01779785122444366 0.05865921809906638 -0.031158336769259165
FixedParameters: 0 0 0
#Transform 81
Transform: MatrixOffsetTransformBase_double_3_3
Parameters: 0.9999997839755458 0.0009487785898964246 -0.0005688742919481254 -0.0009483667709627912 0.9999982130333671 0.0013497436641884408 0.0005695042841311524 -0.0013496601322651736 0.999998912064877 -0.018946288543347123 0.057495252878439373 -0.03799989492844702
FixedParameters: 0 0 0
#Transform 82
Transform: MatrixOffsetTransformBase_double_3_3
Parameters: 0.9999997766138758 0.0007713749959253994 -0.0007950870152877215 -0.0007704814716184428 0.9999988338664769 0.0012274454075871383 0.0007960466270473666 -0.0012272145558409053 0.9999989223256108 -0.025706242716552197 0.09011652299021478 -0.03372175172662395
FixedParameters: 0 0 0
#Transform 83
Transform: MatrixOffsetTransformBase_double_3_3
Parameters: 0.99999978881788 0.0009208118418793909 -0.0006092383665725369 -0.0009203814290303989 0.9999984593569254 0.0012758624583748407 0.0006096567707994998 -0.0012757366507475942 0.99999905864633 -0.028325075178926795 0.07656328634720921 -0.02558168224351931
FixedParameters: 0 0 0
#Transform 84
Transform: MatrixOffsetTransformBase_double_3_3
Parameters: 0.999999743266531 0.0008706565273118589 -0.0007119313118394838 -0.000869486781991026 0.9999986393939717 0.0016140899103477685 0.0007128009227726708 -0.0016128551393905372 0.999998881771775 -0.032637354916943195 0.0661127176389158 -0.012770720776295263
FixedParameters: 0 0 0
#Transform 85
Transform: MatrixOffsetTransformBase_double_3_3
Parameters: 0.999999723128341 0.0008967701237605672 -0.0006933752983416617 -0.000895385852813132 0.9999978631411551 0.0018080007120878927 0.0006946769827843075 -0.0018077532133130986 0.9999983076287876 -0.02626128808272199 0.09669651934676438 -0.03469954492748428
FixedParameters: 0 0 0
#Transform 86
Transform: MatrixOffsetTransformBase_double_3_3
Parameters: 0.999999726610761 0.0008804164977334653 -0.0007116063566738806 -0.0008793326028351123 0.9999987506778438 0.0015509961413977258 0.000712405020404839 -0.0015508698786765168 0.9999981496592649 -0.030940261954910397 0.0717870359856363 -0.041636886364536
FixedParameters: 0 0 0
#Transform 87
Transform: MatrixOffsetTransformBase_double_3_3
Parameters: 0.9999996131296051 0.0008924618454490305 -0.0007731044861036245 -0.0008915311179503258 0.9999973016968571 0.0019760586083582554 0.0007747558122899682 -0.0019746866079355385 0.9999974917116723 -0.031477970614361084 0.06161595145800902 -0.03432862978924334
FixedParameters: 0 0 0
#Transform 88
Transform: MatrixOffsetTransformBase_double_3_3
Parameters: 0.9999995263467216 0.0008805889383809876 -0.0008406034805637716 -0.0008785982165590126 0.9999977312842013 0.0018521449265603146 0.0008419230128694877 -0.0018516612904151825 0.999997920448957 -0.028607535288500685 0.09548733922325425 -0.037501257759942064
FixedParameters: 0 0 0
#Transform 89
Transform: MatrixOffsetTransformBase_double_3_3
Parameters: 0.999999754100937 0.0007995195707634951 -0.0007842470725990384 -0.0007975645605290934 0.999997501868368 0.001965354999299909 0.0007854468550881834 -0.0019641063800256847 0.999997516372113 -0.027192831180968824 0.07109056679070136 -0.034710326597043206
FixedParameters: 0 0 0
#Transform 90
Transform: MatrixOffsetTransformBase_double_3_3
Parameters: 0.9999993048947818 0.0006196338150906192 -0.0005612068965758516 -0.0006181458786332671 0.9999974615939692 0.0022708308806844713 0.0005630615830176291 -0.0022701394283537735 0.9999975252526535 -0.02738284980422634 0.06520017483099139 -0.04238512052772592
FixedParameters: 0 0 0
#Transform 91
Transform: MatrixOffsetTransformBase_double_3_3
Parameters: 0.9999989166363661 0.0007416640768163139 -0.0007359669034842074 -0.0007408013587650947 0.9999985613486064 0.0013505080795075952 0.0007360306017851217 -0.0013504132907042332 0.9999986922830297 -0.02251154051035087 0.11220416834105151 -0.05490757606330021
FixedParameters: 0 0 0
#Transform 92
Transform: MatrixOffsetTransformBase_double_3_3
Parameters: 0.9999998452283961 0.0008124915825430212 -0.0007059152299831758 -0.0008107826959317904 0.9999974966224403 0.0019612712083069 0.0007081577611667837 -0.0019601278361840585 0.9999976521347808 -0.02548911229249029 0.05302458246553954 -0.044573014558139334
FixedParameters: 0 0 0
#Transform 93
Transform: MatrixOffsetTransformBase_double_3_3
Parameters: 0.9999990042779733 0.0007606147676073188 -0.0006487666400736541 -0.0007595336622275568 0.9999986395559372 0.0016484090814277569 0.0006503242680888977 -0.0016484174774629157 0.9999989223867245 -0.03150263496401351 0.1001219603669199 -0.03289736553585243
FixedParameters: 0 0 0
#Transform 94
Transform: MatrixOffsetTransformBase_double_3_3
Parameters: 0.9999991915185481 0.0006983665744357317 -0.000573467844818318 -0.0006973211314781931 0.9999979210384665 0.0018955717211985162 0.0005741671307589878 -0.0018947757009812327 0.9999980715625083 -0.0350639086332194 0.07646237852677018 -0.03472262790321423
FixedParameters: 0 0 0
#Transform 95
Transform: MatrixOffsetTransformBase_double_3_3
Parameters: 0.9999990842161682 0.0007040485761242376 -0.000651052344260614 -0.0007027607324280942 0.9999982500545913 0.001804588294907622 0.000652642463687539 -0.0018036756141579652 0.9999983165701808 -0.035948897133110336 0.07707110731958267 -0.0483071006412743
FixedParameters: 0 0 0
#Transform 96
Transform: MatrixOffsetTransformBase_double_3_3
Parameters: 0.9999990273668278 0.0006919127663139599 -0.0007054980265344909 -0.0006906290842162148 0.9999987021925429 0.001659655043535796 0.0007068443774337781 -0.0016596745337727759 0.9999988083971287 -0.03382419797985392 0.12351972642191811 -0.04004532278277395
FixedParameters: 0 0 0
#Transform 97
Transform: MatrixOffsetTransformBase_double_3_3
Parameters: 0.9999991923506489 0.0006460006977452565 -0.000631353349685935 -0.0006448998029207443 0.9999984102323569 0.0017627708617408283 0.0006316829884341407 -0.0017629519413982359 0.9999985512120358 -0.03250666204920094 0.08557497323839414 -0.046917787236957054
FixedParameters: 0 0 0
#Transform 98
Transform: MatrixOffsetTransformBase_double_3_3
Parameters: 0.9999992683481006 0.0005892296204110679 -0.0006267271991468046 -0.0005881345338717341 0.9999985040232934 0.0017749485278947957 0.0006268707415228187 -0.0017742154074468774 0.9999984504968134 -0.03269438938059466 0.07703887935677756 -0.03306975722853167
FixedParameters: 0 0 0
#Transform 99
Transform: MatrixOffsetTransformBase_double_3_3
Parameters: 0.9999992178325164 0.0005780228089526364 -0.0006722799579387006 -0.0005770838127695696 0.9999984502003633 0.001488995559322956 0.0006730592346925572 -0.0014882228974628098 0.9999983279398865 -0.03607564179039002 0.12212280910328843 -0.03577684264699599
FixedParameters: 0 0 0
#Transform 100
Transform: MatrixOffsetTransformBase_double_3_3
Parameters: 0.9999990629755506 0.0006213345193547663 -0.0007449258740223554 -0.0006195721419570766 0.9999980221107884 0.0018958891082105356 0.0007463299745051428 -0.0018949681974844423 0.9999978477541851 -0.043281618408329336 0.06993517946870043 -0.03738960860053453
FixedParameters: 0 0 0
#Transform 101
Transform: MatrixOffsetTransformBase_double_3_3
Parameters: 1.0000000550658725 0.0006240214736321378 -0.0007479717126455706 -0.0006219574209923476 0.999997195356659 0.002085886377819285 0.0007496302458685849 -0.0020859491855099582 0.9999971498118795 -0.04179590241938058 0.09269784766826206 -0.020524298847469424
FixedParameters: 0 0 0
#Transform 102
Transform: MatrixOffsetTransformBase_double_3_3
Parameters: 0.9999990938872494 0.000682804171567755 -0.0006660909052512865 -0.000682129327470341 0.999998833016103 0.001304657593682354 0.0006669308318072806 -0.0013037521938855379 0.999998851196069 -0.04130543332840375 0.110602568242399 -0.0370896252560442
FixedParameters: 0 0 0
#Transform 103
Transform: MatrixOffsetTransformBase_double_3_3
Parameters: 0.9999991692430011 0.000681920700976368 -0.0006115010377492065 -0.0006807311508539513 0.999997943614167 0.001895642291161806 0.0006121377887956447 -0.001894813444032667 0.9999980263005549 -0.04565075819149911 0.08625399177607562 -0.032366819046998785
FixedParameters: 0 0 0
#Transform 104
Transform: MatrixOffsetTransformBase_double_3_3
Parameters: 0.9999992921425569 0.0006090163701057629 -0.0005837495119722248 -0.000607737302933518 0.9999976115128454 0.0020048697475528593 0.0005852405656599936 -0.002004162905621207 0.9999976366436817 -0.04845453553851087 0.11401734664924845 -0.026770489880043158
FixedParameters: 0 0 0
#Transform 105
Transform: MatrixOffsetTransformBase_double_3_3
Parameters: 0.9999994081490413 0.00040504195232023035 -0.0006571643966070372 -0.0004040294115935957 0.9999983419449491 0.001579545531290194 0.0006575019222174851 -0.0015790180454963165 0.9999980701632598 -0.04681899973988379 0.1024913573944417 -0.020416905367099503
FixedParameters: 0 0 0
#Transform 106
Transform: MatrixOffsetTransformBase_double_3_3
Parameters: 0.9999993381790526 0.0005579679606499409 -0.0005953045742020302 -0.0005561585876114076 0.9999968295206854 0.0024070491410072975 0.0005970305899894663 -0.0024073807367862438 0.99999691143809 -0.05580915454646629 0.0610221983996837 -0.010489022447956131
FixedParameters: 0 0 0
#Transform 107
Transform: MatrixOffsetTransformBase_double_3_3
Parameters: 0.9999994579424449 0.0005969442899152922 -0.0004358905790112504 -0.0005955494531475244 0.9999988392668485 0.0016737935095223755 0.00043688077670948205 -0.001673404013408722 0.9999980090329702 -0.05233951042772844 0.1419721814405932 -0.030624429850256263
FixedParameters: 0 0 0
#Transform 108
Transform: MatrixOffsetTransformBase_double_3_3
Parameters: 0.9999994188015003 0.0004742836600363409 -0.0006001827616456726 -0.0004727827376741901 0.9999972171180639 0.00213531532045938 0.0006012568307268663 -0.0021347507437031316 0.9999970771302122 -0.05568608589273083 0.09454993218571417 -0.02013415036571331
FixedParameters: 0 0 0
#Transform 109
Transform: MatrixOffsetTransformBase_double_3_3
Parameters: 0.9999992301040075 0.0004977894118702189 -0.0007249960803221529 -0.0004969578833100663 0.9999977211845106 0.0019912707380159017 0.0007260941583573468 -0.001991548642809496 0.9999975696815375 -0.05042790373153139 0.14176852464953527 -0.02216995230516261
FixedParameters: 0 0 0
#Transform 110
Transform: MatrixOffsetTransformBase_double_3_3
Parameters: 0.999999500157753 0.00041313962638948133 -0.0005772232702014853 -0.0004115998436707229 0.9999977478997242 0.0022545153914411836 0.0005781267865753396 -0.0022540433069242055 0.9999975808681427 -0.053924914108606004 0.08543100551071348 -0.02351366980910541
FixedParameters: 0 0 0
#Transform 111
Transform: MatrixOffsetTransformBase_double_3_3
Parameters: 0.9999994501058059 0.0004100541502310068 -0.0006211471140248966 -0.00040840226992594014 0.9999970610806845 0.002185595615003408 0.0006219799935317598 -0.0021849608533665854 0.9999978302984475 -0.053337672300202144 0.11436738393838652 -0.025123783377644315
FixedParameters: 0 0 0
#Transform 112
Transform: MatrixOffsetTransformBase_double_3_3
Parameters: 0.9999994332916173 0.0004091704683016657 -0.0006351191877119453 -0.00040745752918729767 0.9999980575552563 0.002185537713494723 0.0006359480715054126 -0.0021850230657665254 0.9999978170002494 -0.052248935171192556 0.11403533396837418 -0.03335814937509696
FixedParameters: 0 0 0
#Transform 113
Transform: MatrixOffsetTransformBase_double_3_3
Parameters: 0.9999994755374891 0.0004116982553593192 -0.0005991814630835106 -0.00041007390079647295 0.9999978030794403 0.0022425237149164418 0.0006000684290882376 -0.0022420353066677084 0.9999976089846746 -0.05493510023835313 0.0883588896194567 -0.021611462357945754
FixedParameters: 0 0 0
#Transform 114
Transform: MatrixOffsetTransformBase_double_3_3
Parameters: 0.9999995391819628 0.0004158170843800818 -0.0005402839545278508 -0.0004143559913836637 0.9999973250432614 0.002331504609763904 0.0005412638043197759 -0.0023320514771777295 0.9999973319169676 -0.057115299986577384 0.1226992710070931 -0.029381561203834394
FixedParameters: 0 0 0
#Transform 115
Transform: MatrixOffsetTransformBase_double_3_3
Parameters: 0.9999993928766202 0.0004078154198155 -0.0006670310620860488 -0.00040576651598130435 0.9999973947218871 0.0023325471173707424 0.0006679728853899065 -0.0023320083962998506 0.9999971112696653 -0.058409227836079936 0.09122679306823045 -0.02061207945138932
FixedParameters: 0 0 0
#Transform 116
Transform: MatrixOffsetTransformBase_double_3_3
Parameters: 0.9999991763413406 0.0005380691946730966 -0.0007335971194941913 -0.0005362910692320133 0.9999979640190029 0.0019361455758156731 0.0007347288659982393 -0.0019353611646072827 0.9999977102281222 -0.05629997431981337 0.14688139623645213 -0.02126683782604033
FixedParameters: 0 0 0
#Transform 117
Transform: MatrixOffsetTransformBase_double_3_3
Parameters: 0.9999993062437823 0.0005215471881733185 -0.0006524664330252766 -0.0005202643783626447 0.9999984435463695 0.001794179143745217 0.000653387588760867 -0.0017944947184985044 0.999998415602319 -0.06444111089247428 0.10065276726568584 -0.02284210965994049
FixedParameters: 0 0 0
#Transform 118
Transform: MatrixOffsetTransformBase_double_3_3
Parameters: 0.9999991952794061 0.0005593936582460801 -0.0007040967682901181 -0.0005582230904957134 0.9999981730961666 0.0015860652260566571 0.0007049287188806395 -0.0015852821938665551 0.999997985680956 -0.059839396504727915 0.12645733473290477 -0.025328789773524818
FixedParameters: 0 0 0
#Transform 119
Transform: MatrixOffsetTransformBase_double_3_3
Parameters: 0.9999992518823877 0.000516923146181761 -0.0006963634256996055 -0.0005157367717384353 0.9999980725609161 0.0016122685023793604 0.0006970802213727228 -0.0016124144412827113 0.9999989722261658 -0.05494769594628224 0.10438321741170853 -0.042755215502630506
FixedParameters: 0 0 0
#Transform 120
Transform: MatrixOffsetTransformBase_double_3_3
Parameters: 0.9999994102028419 0.00040748714977731625 -0.0006540943275802685 -0.00040583101840281155 0.9999975151092906 0.0020785418446842147 0.0006548366785086115 -0.0020780139009772824 0.9999972487980467 -0.05572967157982589 0.09714985652283303 -0.015985074048096237
FixedParameters: 0 0 0
#Transform 121
Transform: MatrixOffsetTransformBase_double_3_3
Parameters: 0.9999990617986959 0.0005418073869986294 -0.0008050721304089263 -0.000541006813466531 0.9999985496216581 0.0017771512106001114 0.0008061133675165972 -0.0017762870860982272 0.9999981909103334 -0.053683976348139595 0.132689522326487 -0.02298845976676489
FixedParameters: 0 0 0
#Transform 122
Transform: MatrixOffsetTransformBase_double_3_3
Parameters: 0.9999992291658699 0.0005220730963467327 -0.00070872523171071 -0.00052087273457531 0.9999981822318215 0.0015972512094308833 0.0007094426754782404 -0.0015963856325439674 0.9999989394708195 -0.057538617359668365 0.13346990707432838 -0.02752781167441043
FixedParameters: 0 0 0
#Transform 123
Transform: MatrixOffsetTransformBase_double_3_3
Parameters: 0.9999992043688191 0.0005495146740084513 -0.0007054451181036257 -0.0005482665147732589 0.9999979635983686 0.0016351681064502438 0.0007062920202820025 -0.0016352586325737162 0.999998885118744 -0.05328356196353923 0.11102238022576216 -0.01264437635577309
FixedParameters: 0 0 0
#Transform 124
Transform: MatrixOffsetTransformBase_double_3_3
Parameters: 0.999999958592266 0.0005772686679147238 -0.0008435532421583016 -0.0005767511683899781 0.9999983330681528 0.0015280510727369995 0.0008444489174054578 -0.0015270852586575928 0.9999979508468866 -0.05205614010074555 0.13546344262401533 -0.012305633819885031
FixedParameters: 0 0 0
#Transform 125
Transform: MatrixOffsetTransformBase_double_3_3
Parameters: 0.9999990796616323 0.0006420793876216555 -0.000715505453552073 -0.0006411107190662229 0.9999985735257414 0.001419807776677634 0.0007163865245620889 -0.0014188934248559743 0.9999984692472409 -0.056388152029299476 0.13300045800664861 -0.025276992749709848
FixedParameters: 0 0 0
#Transform 126
Transform: MatrixOffsetTransformBase_double_3_3
Parameters: 0.9999999292869194 0.0005359635300386015 -0.0008898000372267061 -0.0005347170737220904 0.9999980633871348 0.0018931977511324471 0.0008899540896082549 -0.0018932451198857836 0.9999976818038327 -0.05478766782395894 0.09754758749764392 -0.015933519755776615
FixedParameters: 0 0 0
#Transform 127
Transform: MatrixOffsetTransformBase_double_3_3
Parameters: 0.9999996979254204 0.0006124826162120774 -0.0009649280976098198 -0.0006102367321237164 0.9999986301459487 0.0017119998865228886 0.0009660807999635956 -0.001711815144986431 0.9999981987485549 -0.04618013767493778 0.14494959290314569 -0.030017759203595062
FixedParameters: 0 0 0
#Transform 128
Transform: MatrixOffsetTransformBase_double_3_3
Parameters: 0.9999999135711577 0.0006439631766340683 -0.0008215955708765284 -0.0006431033820694227 0.9999984300251823 0.0017768453218807295 0.0008230069189532198 -0.0017757951468299754 0.9999981651430179 -0.05071235027713783 0.09457137929028647 -0.02998521162696477
FixedParameters: 0 0 0
#Transform 129
Transform: MatrixOffsetTransformBase_double_3_3
Parameters: 0.9999995955105251 0.0005919976655801836 -0.0010284061071101176 -0.0005894351531312507 0.9999976038714782 0.0022470789566720883 0.0010301775500227016 -0.0022458710985899105 0.9999968905228118 -0.04811505802086913 0.08638905153839005 -0.0221899257082967
FixedParameters: 0 0 0
#Transform 130
Transform: MatrixOffsetTransformBase_double_3_3
Parameters: 0.9999990647023344 0.0005380460081759293 -0.0008057979685015043 -0.0005371380808061532 0.9999982624947313 0.0018391674100463051 0.0008068926110277493 -0.00183930007960445 0.9999980288389537 -0.04689039671715989 0.1365389726829278 -0.027645734739067507
FixedParameters: 0 0 0
#Transform 131
Transform: MatrixOffsetTransformBase_double_3_3
Parameters: 0.9999997568502156 0.0005341142849029524 -0.0009808738257861467 -0.0005314884598012458 0.9999981825466546 0.0018802278322730404 0.0009819366217551236 -0.0018791863865533776 0.9999974999235286 -0.040235733888962955 0.11071700893290881 -0.04632214756718156
FixedParameters: 0 0 0
#Transform 132
Transform: MatrixOffsetTransformBase_double_3_3
Parameters: 0.9999998389312252 0.0006119238281166677 -0.0008914970689751704 -0.0006103279325236858 0.9999972728839841 0.002088035756363696 0.0008921679803801244 -0.0020868240145372613 0.9999978357668206 -0.03862834098305257 0.1099818483723709 -0.02364158731079158
FixedParameters: 0 0 0
#Transform 133
Transform: MatrixOffsetTransformBase_double_3_3
Parameters: 0.9999999557668076 0.0003869241848735642 -0.0009455690158143783 -0.0003848097754130024 0.9999980911924137 0.0016427144027061358 0.0009468941614754777 -0.001642849071942551 0.9999984670739448 -0.04118873669277434 0.15418194966694898 -0.034861280897906965
FixedParameters: 0 0 0
#Transform 134
Transform: MatrixOffsetTransformBase_double_3_3
Parameters: 0.9999999781328149 0.0005144857248932727 -0.0008722310525478665 -0.0005127007708739684 0.9999978247211418 0.0022012617607212875 0.0008736093392246792 -0.00220136474851812 0.9999974540422116 -0.043213137313458105 0.10149568452517599 -0.023340847769254935
FixedParameters: 0 0 0
#Transform 135
Transform: MatrixOffsetTransformBase_double_3_3
Parameters: 0.9999996333476149 0.0005540449943249907 -0.0010314830106811605 -0.0005520317765123415 0.9999984154912226 0.001489251825228896 0.0010321896049057923 -0.0014889759488890264 0.9999987751607278 -0.036192627380472686 0.17925790047168277 -0.019103269342707563
FixedParameters: 0 0 0
#Transform 136
Transform: MatrixOffsetTransformBase_double_3_3
Parameters: 0.9999997403996151 0.0005770425521806062 -0.0009644636796233078 -0.0005751510472881666 0.9999974203535574 0.0020461676592479633 0.0009659382499849559 -0.0020459248139060304 0.9999979396244355 -0.038335243852301915 0.11366160423625615 -0.02375894722675298
FixedParameters: 0 0 0
#Transform 137
Transform: MatrixOffsetTransformBase_double_3_3
Parameters: 0.9999994635587471 0.0006128327640797268 -0.0010790962440657258 -0.0006109235877017581 0.999998185767213 0.0018370377275455374 0.001080468987292341 -0.0018367159732319699 0.9999975217776936 -0.03376992298782966 0.14419601887730948 -0.014336870843905558
FixedParameters: 0 0 0
#Transform 138
Transform: MatrixOffsetTransformBase_double_3_3
Parameters: 0.9999999443664684 0.0005358432589456872 -0.0008789921377232099 -0.0005342495829266531 0.9999984311728022 0.0015111891871832095 0.0008796762487333662 -0.0015102525595771382 0.9999979408895319 -0.040738672686231325 0.1384253709352663 -0.022322570966537114
FixedParameters: 0 0 0
#Transform 139
Transform: MatrixOffsetTransformBase_double_3_3
Parameters: 0.9999994414770615 0.000586813388691031 -0.0011035485163015048 -0.0005850000252161467 0.9999985180867753 0.0017531180669449892 0.0011047275237168388 -0.0017528238602700086 0.9999977697984727 -0.04084584185505946 0.11401885335411066 -0.00870437418801373
FixedParameters: 0 0 0
#Transform 140
Transform: MatrixOffsetTransformBase_double_3_3
Parameters: 0.9999993160214713 0.0005832292066665773 -0.0011608175096328903 -0.0005825838917203073 0.9999993013905865 0.0011661364074295327 0.0011613090524930725 -0.0011647910038455056 0.999998290277083 -0.04409006423873052 0.1584809237030953 -0.008654516681382063
FixedParameters: 0 0 0
#Transform 141
Transform: MatrixOffsetTransformBase_double_3_3
Parameters: 0.9999997178036883 0.0005552724269078519 -0.0009886622748053156 -0.0005550064018517333 0.9999993068746559 0.0011771597113611615 0.0009891014747649305 -0.001176069956671577 0.9999986343420001 -0.04370346687257154 0.13451887872902546 -0.013035180546708602
FixedParameters: 0 0 0
#Transform 142
Transform: MatrixOffsetTransformBase_double_3_3
Parameters: 0.9999997520137794 0.000547437146752875 -0.0009759601670409459 -0.0005456482814665071 0.9999985675131795 0.0014611830447901625 0.0009766242835668989 -0.0014601202153543685 0.9999979097458819 -0.04331344174059382 0.11517854841049768 -0.006844930193125265
FixedParameters: 0 0 0
#Transform 143
Transform: MatrixOffsetTransformBase_double_3_3
Parameters: 0.9999994927015353 0.00037148402605742997 -0.001172132416573264 -0.0003691496712117894 0.9999987055905339 0.0014477852461773216 0.001172264213056946 -0.0014477824910129056 0.999998587179661 -0.0448806899803742 0.16642723549304606 -0.010737868926185001
FixedParameters: 0 0 0
#Transform 144
Transform: MatrixOffsetTransformBase_double_3_3
Parameters: 0.9999995760847571 0.0007638682736897598 -0.0009184447516659613 -0.0007627315811282215 0.9999983333295557 0.0017375344969192824 0.000920221816678694 -0.0017371306802584224 0.9999981983296845 -0.047752419017456305 0.12178460857805362 -0.0021467455712738115
FixedParameters: 0 0 0
#Transform 145
Transform: MatrixOffsetTransformBase_double_3_3
Parameters: 0.9999997104612304 0.0005505145094242864 -0.00099503706805065 -0.0005491332904836669 0.9999986489697649 0.0017271856785629341 0.000996061163403855 -0.001727090563102912 0.9999980877042894 -0.04128829781689092 0.1937565282265865 -0.0011439582543175675
FixedParameters: 0 0 0
#Transform 146
Transform: MatrixOffsetTransformBase_double_3_3
Parameters: 0.9999997818281008 0.0003817848698650532 -0.0010353696124938364 -0.00037912456241059346 0.9999986788784015 0.0017636780455470846 0.0010367690448777017 -0.00176388498466655 0.9999978810629895 -0.038719149078190185 0.0869073829059488 -0.01260611634987896
FixedParameters: 0 0 0
#Transform 147
Transform: MatrixOffsetTransformBase_double_3_3
Parameters: 0.9999995850940354 0.0005008809484208832 -0.001082935011381196 -0.0004987970334993284 0.9999979118570744 0.0019423504439351341 0.0010830037130037454 -0.001942267965575159 0.9999971125812198 -0.03580728879542505 0.17292169064256768 0.00041277639014936085
FixedParameters: 0 0 0
#Transform 148
Transform: MatrixOffsetTransformBase_double_3_3
Parameters: 0.9999996907182983 0.000574426763223639 -0.000991729450673262 -0.0005726134092120037 0.9999985130444681 0.0014481810634680292 0.0009924499358990196 -0.0014479085108219103 0.9999989762322985 -0.03434148678664428 0.14302015801801815 0.02071953689200967
FixedParameters: 0 0 0
#Transform 149
Transform: MatrixOffsetTransformBase_double_3_3
Parameters: 0.9999994028480175 0.0004533776732365235 -0.0011813494607804294 -0.00045186851884027024 0.999998515862213 0.0015115601192667305 0.0011818423608175649 -0.001510368279242294 0.9999983131849957 -0.04028236167410171 0.13126408895185193 0.005758660899587653
FixedParameters: 0 0 0
#Transform 150
Transform: MatrixOffsetTransformBase_double_3_3
Parameters: 0.9999997202899829 0.0006715266837984962 -0.0009099649819727267 -0.000670391838320693 0.999999118537869 0.00116879980640347 0.0009115983433138097 -0.001168572904548193 0.9999988700943523 -0.042887706452930274 0.1496813924500202 0.018497164978775515
FixedParameters: 0 0 0
#Transform 151
Transform: MatrixOffsetTransformBase_double_3_3
Parameters: 0.999999796140529 0.0005679332931400915 -0.0009384491065609186 -0.0005669494361907577 0.9999995035889497 0.001053113863231217 0.0009397093060544912 -0.0010530434120753634 0.9999990746018094 -0.0423204536674433 0.17338119870248647 0.005405954536094271
FixedParameters: 0 0 0
#Transform 152
Transform: MatrixOffsetTransformBase_double_3_3
Parameters: 0.9999990197115629 0.0006920443139721746 -0.000710760913333166 -0.0006912273511870276 0.9999987732646574 0.001322647886846079 0.0007116495911602557 -0.0013216684397591993 0.9999987424676976 -0.0486688892847269 0.12050064313693554 0.01765100088618965
FixedParameters: 0 0 0
#Transform 153
Transform: MatrixOffsetTransformBase_double_3_3
Parameters: 0.9999992015088902 0.0005524683877382972 -0.0007019207729068951 -0.0005518737300765092 0.9999994095807743 0.0011340841804814844 0.0007032303701113738 -0.0011333121352886666 0.9999992213546303 -0.049912355805105335 0.191069566320067 0.019550302167218092
FixedParameters: 0 0 0
#Transform 154
Transform: MatrixOffsetTransformBase_double_3_3
Parameters: 0.9999997238842591 0.0006236882562039726 -0.0009440447915103102 -0.0006227592806396093 0.9999994376107113 0.0010529526906638276 0.0009444243729422081 -0.0010527715504883711 0.9999990614942645 -0.04761045172327272 0.14068419060303938 0.02090692835918162
FixedParameters: 0 0 0
#Transform 155
Transform: MatrixOffsetTransformBase_double_3_3
Parameters: 0.9999997240768738 0.0007051446538030735 -0.0008869017923891819 -0.0007047915642172812 0.9999984896907276 0.0013956881149560924 0.0008870041902182004 -0.0013954377083932878 0.9999983237076058 -0.0493071982235449 0.1567904013831054 0.02247070835856846
FixedParameters: 0 0 0
#Transform 156
Transform: MatrixOffsetTransformBase_double_3_3
Parameters: 0.9999998236343589 0.0008146037239574132 -0.0007186556957440061 -0.0008138215504865977 0.9999986327261919 0.001280270026959518 0.0007198076225274999 -0.001280094609968807 0.9999989054298765 -0.04678712567617538 0.18809731626136283 0.014071909680275496
FixedParameters: 0 0 0
#Transform 157
Transform: MatrixOffsetTransformBase_double_3_3
Parameters: 0.9999997564149222 0.0007359752151478992 -0.0008396502781657031 -0.0007354181017181199 0.9999989693166859 0.001555510706462107 0.0008410715451930124 -0.0015554042269110557 0.9999979404572462 -0.05286061815326093 0.13922379995366896 0.007754842014243479
FixedParameters: 0 0 0
#Transform 158
Transform: MatrixOffsetTransformBase_double_3_3
Parameters: 0.9999998425026221 0.0007182111661114696 -0.0008034497386461511 -0.0007167817571703864 0.9999990205954785 0.0015475504785533167 0.0008047376877830621 -0.0015475227933123004 0.9999980244221096 -0.05173570378707382 0.1685595753728677 0.014502369019325556
FixedParameters: 0 0 0
#Transform 159
Transform: MatrixOffsetTransformBase_double_3_3
Parameters: 0.9999995226427342 0.0008361084146911062 -0.0008843590751541437 -0.000834873775662111 0.9999985567226201 0.0012962994577909864 0.0008855920111675067 -0.001295816476571815 0.9999985986417743 -0.05040147888742297 0.17202292123819518 0.007711401948192531
FixedParameters: 0 0 0
#Transform 160
Transform: MatrixOffsetTransformBase_double_3_3
Parameters: 0.9999996175621664 0.0008005995845507899 -0.0008628291720587968 -0.0007999813887505413 0.9999988937881219 0.0015493947858725293 0.0008644336490660487 -0.0015490121125507211 0.9999989159405206 -0.04771293324907333 0.13890953443900855 0.009708364318825602
FixedParameters: 0 0 0
#Transform 161
Transform: MatrixOffsetTransformBase_double_3_3
Parameters: 0.9999996054353962 0.0007874558865619667 -0.0008795674008500003 -0.0007868648941621072 0.9999995044932872 0.0009004390468681928 0.0008810497519589015 -0.0009000484526857783 0.9999994800644858 -0.05219356639767625 0.1929450207945962 0.019163915565599154
FixedParameters: 0 0 0
#Transform 162
Transform: MatrixOffsetTransformBase_double_3_3
Parameters: 0.9999996466731497 0.0007786327740937019 -0.0008665525289660255 -0.0007772582980326483 0.9999983601247819 0.0014034618798576814 0.0008678031344905783 -0.001403108442550663 0.9999983403822895 -0.05428213786895242 0.150722092588623 0.013590571734411583
FixedParameters: 0 0 0
#Transform 163
Transform: MatrixOffsetTransformBase_double_3_3
Parameters: 0.9999998854995064 0.0007781385683436643 -0.0007160572290815744 -0.000776906937831374 0.9999987753402031 0.0015983880397504868 0.0007176022221669922 -0.00159826913741426 0.9999989930787777 -0.05048312211864925 0.15212280741467055 0.013188024610720106
FixedParameters: 0 0 0
#Transform 164
Transform: MatrixOffsetTransformBase_double_3_3
Parameters: 0.999999471481689 0.000636417815939284 -0.0010619221314274096 -0.0006346837640997537 0.9999988019488075 0.001314962667756464 0.0010626606029341783 -0.0013146081846417412 0.9999982044652854 -0.04356134665518141 0.15995470052843075 0.0037773658720468006
FixedParameters: 0 0 0
#Transform 165
Transform: MatrixOffsetTransformBase_double_3_3
Parameters: 0.9999996561525164 0.0007180016010959493 -0.0009118680799763217 -0.0007177361385832322 0.9999988584998498 0.001275656742846007 0.0009128314843334195 -0.001274355027569965 0.999998538628898 -0.041318730568121964 0.13583288053833087 0.023232617526808497
FixedParameters: 0 0 0
#Transform 166
Transform: MatrixOffsetTransformBase_double_3_3
Parameters: 0.9999994477967766 0.0006938732602618954 -0.0010367481452345597 -0.0006927495317676456 0.999999345957229 0.0010527887890019044 0.0010372749040964027 -0.0010523466433048495 0.9999988782994358 -0.036861422276260214 0.1911405201787204 0.031212187459217944
FixedParameters: 0 0 0
#Transform 167
Transform: MatrixOffsetTransformBase_double_3_3
Parameters: 0.9999993970275669 0.0007319202103739856 -0.0010350492134995758 -0.0007304334407818564 0.9999988884357263 0.0012296817249016906 0.0010359143095686769 -0.0012291632815678716 0.9999984778875275 -0.035147351474250854 0.14623765705157155 0.0189914303026697
FixedParameters: 0 0 0
#Transform 168
Transform: MatrixOffsetTransformBase_double_3_3
Parameters: 0.9999991831786997 0.0006824977931607634 -0.0011641528954785215 -0.0006807143329509283 0.99999898012969 0.00122087694583016 0.001164884052169168 -0.0012202852569262318 0.999998215667286 -0.03188795566325098 0.1698015026868802 0.03063550483230415
FixedParameters: 0 0 0
#Transform 169
Transform: MatrixOffsetTransformBase_double_3_3
Parameters: 0.9999993473726134 0.0007161545177396981 -0.0010695141256967652 -0.0007156876443037844 0.9999999129556327 0.000713738039825329 0.001069602945994415 -0.000713202399728205 0.9999994085968726 -0.030906076612694733 0.18990406631363044 0.016337372052781518
FixedParameters: 0 0 0
#Transform 170
Transform: MatrixOffsetTransformBase_double_3_3
Parameters: 0.9999986510186852 0.0008539202025439583 -0.0012743450399366123 -0.000851800090069832 0.999998652424642 0.0012474806700656788 0.0012755391352150826 -0.0012463017699963358 0.9999978813713226 -0.03496786564245724 0.15399048843873686 0.025791890931905925
FixedParameters: 0 0 0
#Transform 171
Transform: MatrixOffsetTransformBase_double_3_3
Parameters: 0.9999986626065644 0.0007134083143316267 -0.0013535304895928393 -0.0007121666250349271 0.9999989459528411 0.0012189445518589193 0.0013543922822790832 -0.0012178836289879064 0.999998739815746 -0.030694966274921853 0.19215286671766307 0.040318915534669486
FixedParameters: 0 0 0
#Transform 172
Transform: MatrixOffsetTransformBase_double_3_3
Parameters: 0.9999993210871199 0.0006044293169836675 -0.0011477049738357263 -0.0006022819037011708 0.9999982180739732 0.00183108528924035 0.001149039185647334 -0.0018306991719459625 0.999997390899126 -0.027512867843483946 0.1927780956062577 0.04544824194626074
FixedParameters: 0 0 0
#Transform 173
Transform: MatrixOffsetTransformBase_double_3_3
Parameters: 0.9999995038946254 0.0003178714111576739 -0.0011807939623983779 -0.0003168915639646696 0.9999993124596984 0.0012598555939237754 0.0011817241007095179 -0.0012591134490262251 0.9999980188304223 -0.023273508674833465 0.16670578604288266 0.05747872014582356
FixedParameters: 0 0 0
#Transform 174
Transform: MatrixOffsetTransformBase_double_3_3
Parameters: 0.9999996843270863 0.0004161027132767864 -0.001070962816178874 -0.0004149052926380218 0.9999996517525275 0.0010535794530076165 0.001070905637065947 -0.001053685296951698 0.999998804550294 -0.030149307412628445 0.225529095432222 0.034499359279294595
FixedParameters: 0 0 0
#Transform 175
Transform: MatrixOffsetTransformBase_double_3_3
Parameters: 0.9999993063566639 0.0006532272030651343 -0.0011271391855829861 -0.0006523421247140932 0.9999988059054997 0.0013049389243889598 0.0011279751431395833 -0.0013044664554046903 0.9999980882078993 -0.03383516144948828 0.14457162740809792 0.02630495490851814
FixedParameters: 0 0 0
#Transform 176
Transform: MatrixOffsetTransformBase_double_3_3
Parameters: 0.9999986132622808 0.00059942758649576 -0.0014234010427763015 -0.0005980935624971136 0.9999992162125072 0.001168254581331185 0.0014249222376034325 -0.0011674178632865434 0.9999986693364522 -0.034946641601408146 0.22706084296247298 0.03033667563887832
FixedParameters: 0 0 0
#Transform 177
Transform: MatrixOffsetTransformBase_double_3_3
Parameters: 0.9999987628408672 0.0007105343866874092 -0.0016553013038783787 -0.0007079069958970465 0.9999972251248371 0.0020360960278334728 0.0016564464788498294 -0.002035616153516953 0.9999962327646562 -0.04293287694777348 0.14438032954896585 0.020632405745644178
FixedParameters: 0 0 0
#Transform 178
Transform: MatrixOffsetTransformBase_double_3_3
Parameters: 0.9999985654792019 0.0007296496785416402 -0.0013804799245600418 -0.0007278449539217743 0.999998452105033 0.0013989178461831647 0.0013816428601947386 -0.0013977742058747938 0.9999981948549658 -0.04251799780260512 0.24082281477522827 0.02414059719718864
FixedParameters: 0 0 0
#Transform 179
Transform: MatrixOffsetTransformBase_double_3_3
Parameters: 0.9999987304973644 0.0006217112559102046 -0.0013738523428773316 -0.0006200589568114403 0.9999995753399659 0.0009871165686396316 0.001374144918938195 -0.0009864061749603886 0.9999982000184141 -0.036824642693900955 0.17807219699882637 0.02429969184677816
FixedParameters: 0 0 0
#Transform 180
Transform: MatrixOffsetTransformBase_double_3_3
Parameters: 0.9999993608655732 0.0005471152412794798 -0.0011593939400049188 -0.0005450719632771577 0.9999989112293769 0.001340303922966385 0.0011599168156059929 -0.0013389113191213664 0.9999988527658886 -0.03531256999342247 0.2210357069000679 0.02971471559690997
FixedParameters: 0 0 0
#Transform 181
Transform: MatrixOffsetTransformBase_double_3_3
Parameters: 0.9999987228415341 0.0005175825616234261 -0.0014174862455486534 -0.0005159166238669197 0.9999993284737358 0.0005864509125171752 0.0014180917768530088 -0.0005858466968367976 0.9999987072263721 -0.0336218321156565 0.21372651412468713 0.016360908961928544
FixedParameters: 0 0 0
#Transform 182
Transform: MatrixOffsetTransformBase_double_3_3
Parameters: 0.999998237733946 0.0006290585178904003 -0.0015394040524890984 -0.0006279335176628035 0.999998638838723 0.0013562289523637028 0.0015402987084120498 -0.0013561579157971154 0.9999979126001475 -0.03024030822690804 0.1637284993574042 0.030151299130295683
FixedParameters: 0 0 0
#Transform 183
Transform: MatrixOffsetTransformBase_double_3_3
Parameters: 0.9999989198994371 0.000680005838990666 -0.0012732904312874782 -0.0006791984848468105 0.9999992077864371 0.0011249270211189932 0.0012739515171147826 -0.0011241955447964247 0.9999981750938172 -0.03356600108047303 0.22870963028910296 0.02233178246181211
FixedParameters: 0 0 0
#Transform 184
Transform: MatrixOffsetTransformBase_double_3_3
Parameters: 0.999998885581001 0.0007032553341320424 -0.0012741397991244776 -0.0007003165506409815 0.999997606474658 0.001959941334894952 0.0012760072027553685 -0.001959020927893018 0.9999975921602249 -0.03886687192466809 0.16219321975995626 0.03497569495764452
FixedParameters: 0 0 0
#Transform 185
Transform: MatrixOffsetTransformBase_double_3_3
Parameters: 0.9999990738642258 0.0007309122391778134 -0.001181226003471318 -0.0007298912339617658 0.999998704578081 0.0013027522817833648 0.0011822611161049993 -0.0013020256210424797 0.9999979691065155 -0.03793809449101104 0.22031600450907263 0.022575401193634548
FixedParameters: 0 0 0
#Transform 186
Transform: MatrixOffsetTransformBase_double_3_3
Parameters: 0.9999991664249005 0.0006554930396952547 -0.0011845570134758109 -0.0006538967128194833 0.9999993119791237 0.0010929573170128937 0.0011860528354308386 -0.0010924005827593758 0.9999984665489112 -0.03356337366074058 0.19762150469260575 0.03947993785883597
FixedParameters: 0 0 0
#Transform 187
Transform: MatrixOffsetTransformBase_double_3_3
Parameters: 0.9999991193502635 0.0003572039417988852 -0.001325656472124914 -0.00035616536406659304 0.9999995092665421 0.0011698308811782798 0.0013256157166180085 -0.0011687630084107892 0.9999988678029826 -0.020306996547361678 0.20483289103185598 0.028628108891894044
FixedParameters: 0 0 0
#Transform 188
Transform: MatrixOffsetTransformBase_double_3_3
Parameters: 0.9999994726511834 0.0005710750470327447 -0.001097675787650596 -0.0005697664135446837 0.9999983235789375 0.0015352178989858911 0.0010985515496068567 -0.001533842920386344 0.999998431729627 -0.021817715357727252 0.18065422919755747 0.028331580007012747
FixedParameters: 0 0 0
#Transform 189
Transform: MatrixOffsetTransformBase_double_3_3
Parameters: 0.9999995959778017 0.00037139010399713727 -0.0011270321482773045 -0.00037017280198404503 0.9999986904620197 0.001452777455208859 0.001127234337511199 -0.0014528108674936313 0.9999986765208849 -0.03205698063231921 0.23671798322924076 0.03907086210723776
FixedParameters: 0 0 0
#Transform 190
Transform: MatrixOffsetTransformBase_double_3_3
Parameters: 0.9999990880130636 0.0007396320232604543 -0.0011700897968591278 -0.0007385863328020327 0.9999995794133799 0.0008997231682570661 0.001170486485972975 -0.0008989890246201282 0.9999988831751081 -0.03460409055719538 0.19657655829182374 0.016475868624205248
FixedParameters: 0 0 0
#Transform 191
Transform: MatrixOffsetTransformBase_double_3_3
Parameters: 0.9999990449776222 0.0007601938630422392 -0.001175282672556318 -0.0007587366852183097 0.99999921225569 0.0010706718276984745 0.001175975594098985 -0.001069881925655214 0.9999985339932435 -0.02717387957963524 0.1975770001008783 0.03757577190923911
FixedParameters: 0 0 0
#Transform 192
Transform: MatrixOffsetTransformBase_double_3_3
Parameters: 0.9999986595562763 0.0006264855304924778 -0.0013973076594340516 -0.0006251756462270996 0.9999998242174675 0.0008481122802188046 0.0013974359820698077 -0.0008473590413357879 0.999998390285477 -0.031335175446741914 0.22321955804925153 0.02324731013606396
FixedParameters: 0 0 0
#Transform 193
Transform: MatrixOffsetTransformBase_double_3_3
Parameters: 0.9999988605151878 0.0006748935419041282 -0.0012990812610948858 -0.0006742543802753579 0.9999994026748523 0.001037950511563246 0.0012996136785721189 -0.0010371971346197495 0.9999982969793701 -0.03391524751098984 0.19328182893551116 0.035754966606518224
FixedParameters: 0 0 0
#Transform 194
Transform: MatrixOffsetTransformBase_double_3_3
Parameters: 0.9999988939192208 0.0006616997969191415 -0.001293014737510771 -0.0006603462970381789 0.999998824049078 0.0013210460071451796 0.0012938851158710162 -0.0013192138004863296 0.9999985766115151 -0.030640844071299966 0.1987811824288741 0.048143683722663866
FixedParameters: 0 0 0
#Transform 195
Transform: MatrixOffsetTransformBase_double_3_3
Parameters: 0.9999993052354091 0.00036014477259001487 -0.0012508480086472402 -0.00035912988530244813 0.9999991649951118 0.000802817451769855 0.0012514905211116036 -0.0008027824245409598 0.9999988512643391 -0.03107888637292433 0.2554298939031412 0.040246095330346066
FixedParameters: 0 0 0
#Transform 196
Transform: MatrixOffsetTransformBase_double_3_3
Parameters: 0.9999988651819113 0.000498830779454033 -0.001374790660506635 -0.0004974173519656391 0.9999990971790729 0.0012624885862534685 0.0013751730144768745 -0.0012619880148224544 0.9999985737395896 -0.03542116577169452 0.19305360312307585 0.046124674378887676
FixedParameters: 0 0 0
#Transform 197
Transform: MatrixOffsetTransformBase_double_3_3
Parameters: 0.9999988524311584 0.0007805741614720287 -0.001241964002809071 -0.0007796506142361901 0.9999996888724949 0.0007986499614811154 0.0012422765856610644 -0.0007977077720284914 0.9999988816381958 -0.03434755529212907 0.2528263983210479 0.04241194971642415
FixedParameters: 0 0 0
#Transform 198
Transform: MatrixOffsetTransformBase_double_3_3
Parameters: 0.9999993119136013 0.0006225079435766347 -0.0011422992461710057 -0.0006209009477960009 0.99999918655505 0.00116703040287984 0.0011428173230799339 -0.0011666055332344438 0.9999983946861171 -0.027057548521682406 0.1944102627987121 0.03647194813105159
FixedParameters: 0 0 0
#Transform 199
Transform: MatrixOffsetTransformBase_double_3_3
Parameters: 0.9999989847702353 0.0007093739303940585 -0.0012293221042643035 -0.0007083398568388704 0.9999997523459497 0.0008248312143853825 0.0012305560268613593 -0.0008240828053827087 0.9999988729654591 -0.029422661470235312 0.25248255603005987 0.026507112723294313
FixedParameters: 0 0 0
#Transform 200
Transform: MatrixOffsetTransformBase_double_3_3
Parameters: 0.9999992973188686 0.0005339093579273036 -0.0011925024060817522 -0.0005313309242899466 0.9999983896441155 0.0015273500402725043 0.0011931884317186942 -0.001525953329760979 0.9999982385663029 -0.03236932249288316 0.1781160906516419 0.03353779594070261
FixedParameters: 0 0 0
#Transform 201
Transform: MatrixOffsetTransformBase_double_3_3
Parameters: 0.9999988115689445 0.0006123295000259602 -0.00134806764966834 -0.0006112189023287083 0.9999992457822262 0.0011771916496910173 0.0013486320213353152 -0.0011754196723586796 0.9999987906259751 -0.03214802356656321 0.24684817218259525 0.030671920497105987
FixedParameters: 0 0 0
#Transform 202
Transform: MatrixOffsetTransformBase_double_3_3
Parameters: 0.9999992157343766 0.0006144099869487604 -0.0011878948517024435 -0.000612770271068348 0.9999992679159209 0.0011360687032352657 0.0011883559742128925 -0.0011356064566151042 0.9999983598205742 -0.03626458673225841 0.18629686507647136 0.025830332601657346
FixedParameters: 0 0 0
#Transform 203
Transform: MatrixOffsetTransformBase_double_3_3
Parameters: 0.9999982609023759 0.0007866162965862653 -0.0014576442644725221 -0.0007848235698895339 0.999999360493836 0.00097875069117756 0.0014582485408058407 -0.000977455410918232 0.9999979792935677 -0.0300539549309633 0.2537990965597601 0.04312598063953743
FixedParameters: 0 0 0
#Transform 204
Transform: MatrixOffsetTransformBase_double_3_3
Parameters: 0.9999989353121336 0.0008017396642351906 -0.0011920681085478666 -0.0008004001072361038 0.9999993361380926 0.000978568827787879 0.001193700258280582 -0.0009776529521488136 0.9999986857705705 -0.03081142938745529 0.2045041026905352 0.03040274561214318
FixedParameters: 0 0 0
#Transform 205
Transform: MatrixOffsetTransformBase_double_3_3
Parameters: 0.9999989380442429 0.0008016753117897944 -0.0011930660189251366 -0.0008004001087215887 0.9999993361730818 0.0009785693703652648 0.0011937002720947614 -0.0009776532775297025 0.9999986807249038 -0.030001495751079688 0.19746561991473754 0.03701918044594521
FixedParameters: 0 0 0
#Transform 206
Transform: MatrixOffsetTransformBase_double_3_3
Parameters: 0.9999990794334115 0.0007942379378721458 -0.0011374722697665143 -0.000793071406036585 0.9999993478634923 0.000978559118018224 0.001138092147586129 -0.0009777489030708408 0.9999988102568781 -0.03152220151972074 0.2276701615333394 0.015361875515566226
FixedParameters: 0 0 0
#Transform 207
Transform: MatrixOffsetTransformBase_double_3_3
Parameters: 0.999998427679135 0.0008099013588769384 -0.0013858874919380044 -0.0008079190251389017 0.9999990767190088 0.0010976556661356357 0.0013867295396491957 -0.0010964086626947256 0.9999979362558408 -0.03204579811473707 0.2053938582142365 0.03263373083811416
FixedParameters: 0 0 0
#Transform 208
Transform: MatrixOffsetTransformBase_double_3_3
Parameters: 0.9999987720823549 0.0008861123147829463 -0.0012011350454621357 -0.000885301622334395 1.0000000375837306 0.0003363456928033304 0.0012017295921522937 -0.000335208913813681 0.9999995090065382 -0.031866886772860425 0.24706718388581805 0.02158728876357685
FixedParameters: 0 0 0
#Transform 209
Transform: MatrixOffsetTransformBase_double_3_3
Parameters: 0.999998960832778 0.0008539211549302665 -0.0011463075942195018 -0.0008526780860256321 0.99999919855755 0.0010044019736226012 0.0011470881309490815 -0.0010034408167691744 0.9999987388158913 -0.033959103454591855 0.19446492908240032 0.036956564170921524
FixedParameters: 0 0 0
#Transform 210
Transform: MatrixOffsetTransformBase_double_3_3
Parameters: 0.9999988319372163 0.0008160227168510707 -0.0012273223832670668 -0.0008154003713472906 0.9999997998665882 0.0006855477455452452 0.0012275072246207674 -0.0006845411102932575 0.999999085757906 -0.030297027918336994 0.24255389787197146 0.02424546852007836
FixedParameters: 0 0 0
#Transform 211
Transform: MatrixOffsetTransformBase_double_3_3
Parameters: 0.9999990064912692 0.0007324296822270834 -0.001208498094311341 -0.0007316933683507222 0.9999990634774587 0.0011557603557890428 0.0012093222831685195 -0.0011549899973473249 0.9999982654868377 -0.029901577897305742 0.179618388927949 0.025128190616300117
FixedParameters: 0 0 0
#Transform 212
Transform: MatrixOffsetTransformBase_double_3_3
Parameters: 0.9999987022329904 0.000790905137434112 -0.0012947896197126724 -0.0007900373303240146 0.9999996930088362 0.000742655076713658 0.0012950306584179213 -0.0007425951527366692 0.9999988984991309 -0.026091946363308693 0.24078065092616896 0.02274591998683917
FixedParameters: 0 0 0
#Transform 213
Transform: MatrixOffsetTransformBase_double_3_3
Parameters: 0.9999989263956653 0.0007320805582195975 -0.0012417388990733787 -0.000730866211857209 0.9999995615859802 0.0009157779862368487 0.0012421452776318633 -0.000914956888387608 0.999998681272466 -0.0354423474012151 0.19214077078360958 0.023405461008039197
FixedParameters: 0 0 0
#Transform 214
Transform: MatrixOffsetTransformBase_double_3_3
Parameters: 0.9999988542989428 0.0008880788429670569 -0.0011670464974480187 -0.0008870065179125832 0.9999999110758021 0.0004863202201555866 0.0011669107111754698 -0.0004852406935884762 0.9999994635167273 -0.03523711052852718 0.24628860995493085 0.029189694107017772
FixedParameters: 0 0 0
#Transform 215
Transform: MatrixOffsetTransformBase_double_3_3
Parameters: 0.9999983321252208 0.0008303696193912567 -0.0014077536977368035 -0.0008278097899462951 0.9999985607215468 0.0016396211455501075 0.0014095962310660451 -0.0016382849428088209 0.9999973912898127 -0.034775253227195435 0.2000682704473178 0.029152500296817152
FixedParameters: 0 0 0
#Transform 216
Transform: MatrixOffsetTransformBase_double_3_3
Parameters: 0.9999984783024662 0.0007968943328510313 -0.0013748112680906839 -0.0007952408144860275 0.9999984847896467 0.001349747518610181 0.001376084051098948 -0.0013484268690172607 0.9999983456650984 -0.03308239426080206 0.21071167254872591 0.04356357835925451
FixedParameters: 0 0 0
#Transform 217
Transform: MatrixOffsetTransformBase_double_3_3
Parameters: 0.999999528911773 0.0006729085626254773 -0.001011128460485903 -0.0006712422122144381 0.9999987278153062 0.001349835007711686 0.0010120094309689865 -0.0013484796474626942 0.9999981528989833 -0.03974858503167411 0.194191058308121 -0.003509763950297895
FixedParameters: 0 0 0
#Transform 218
Transform: MatrixOffsetTransformBase_double_3_3
Parameters: 0.9999991665370107 0.0008501154739220157 -0.001055803974103446 -0.0008488891404144071 0.9999990422452942 0.0010823588297339398 0.0010567094735221918 -0.001081560041822166 0.9999987752757863 -0.040111503282801664 0.2653532549593791 0.016692608567190348
FixedParameters: 0 0 0
#Transform 219
Transform: MatrixOffsetTransformBase_double_3_3
Parameters: 0.9999991239665318 0.000748822426470522 -0.0011486720832294185 -0.0007479118756933008 0.99999963947691 0.0008576874215550506 0.001149022516027335 -0.0008569637003827402 0.9999990067339029 -0.03629231503276742 0.21303370492182694 0.012100549024353313
FixedParameters: 0 0 0
#Transform 220
Transform: MatrixOffsetTransformBase_double_3_3
Parameters: 0.9999991049814518 0.0005226243704752841 -0.0012752983133339463 -0.0005212805858308655 0.9999998367847308 0.0009443320311758319 0.0012753509115992273 -0.0009430050546382351 0.9999984794344234 -0.03032351005421674 0.19901885899287208 0.03492956293620608
FixedParameters: 0 0 0
#Transform 221
Transform: MatrixOffsetTransformBase_double_3_3
Parameters: 0.999999873006693 0.0003764264124573531 -0.0009923993071699884 -0.00037600609249631645 0.999999352250055 0.000714737839966062 0.000993002102342936 -0.0007138643513250331 0.9999995003048264 -0.033179313040221814 0.24883912756467907 0.025161890462243264
FixedParameters: 0 0 0
#Transform 222
Transform: MatrixOffsetTransformBase_double_3_3
Parameters: 0.9999996283384667 0.0003729701728485034 -0.0011120469039553093 -0.00037151822318308306 0.999998310554963 0.0015777719809548646 0.0011123464037304902 -0.0015778132155039037 0.9999983311484475 -0.03662201435629697 0.18144194466965757 0.04044788241657926
FixedParameters: 0 0 0
#Transform 223
Transform: MatrixOffsetTransformBase_double_3_3
Parameters: 0.9999994906742257 0.0005205713674440763 -0.0011147605554739236 -0.0005192511144482865 0.9999995252751238 0.0010672996250135347 0.0011149375169223139 -0.0010671361783184258 0.9999986797485586 -0.035192336867552854 0.23072382699298544 0.04260460408505651
FixedParameters: 0 0 0
#Transform 224
Transform: MatrixOffsetTransformBase_double_3_3
Parameters: 0.9999993536752526 0.0006104355252101639 -0.0011304728987934732 -0.0006087705248119917 0.9999991727882235 0.0012070550139795522 0.001131011208669699 -0.001205680747411994 0.9999982624957735 -0.036663822232441134 0.229328979447331 0.0378012763061264
FixedParameters: 0 0 0
#Transform 225
Transform: MatrixOffsetTransformBase_double_3_3
Parameters: 0.9999993560283463 0.0003618207957007523 -0.00122988428227568 -0.00036068715303809614 0.9999991230348112 0.0008668070215555601 0.0012305755227486974 -0.000865791621509307 0.9999987320436414 -0.03494064502777405 0.19673848731684984 0.04152892354833426
FixedParameters: 0 0 0
#Transform 226
Transform: MatrixOffsetTransformBase_double_3_3
Parameters: 0.9999991229715635 0.0005572450205589656 -0.00125160097906841 -0.0005553631335029281 0.9999991299808332 0.000752300744159079 0.0012524371486361875 -0.0007507773494598441 0.9999988633677882 -0.037007344412771204 0.25164513162806657 0.0257874820114381
FixedParameters: 0 0 0
#Transform 227
Transform: MatrixOffsetTransformBase_double_3_3
Parameters: 0.9999993265608657 0.000579205133914206 -0.0011585762381470478 -0.0005776387356997944 0.9999993163183039 0.0011331532898899849 0.0011589541650057268 -0.0011328085772226576 0.999998435207403 -0.03464948702055892 0.20928078990726817 0.03250149918935108
FixedParameters: 0 0 0
#Transform 228
Transform: MatrixOffsetTransformBase_double_3_3
Parameters: 0.9999994748805496 0.0003664552488732732 -0.0011789590624375974 -0.00036577764970418576 0.999999581091481 0.0011337242022859823 0.0011799195630633093 -0.0011328682527318584 0.9999983250680464 -0.030216255095396605 0.2300724445834419 0.05269969639481076
FixedParameters: 0 0 0
#Transform 229
Transform: MatrixOffsetTransformBase_double_3_3
Parameters: 0.999999525128543 0.0003678677012611187 -0.0011570045112971276 -0.0003672398605889646 0.9999995800369433 0.0011337178636926515 0.0011579682697793782 -0.0011328746614822083 0.9999983763704828 -0.03702947780523402 0.22917993890250443 0.039360709869193045
FixedParameters: 0 0 0
#Transform 230
Transform: MatrixOffsetTransformBase_double_3_3
Parameters: 0.9999994459676365 0.0003677450840255157 -0.001192883390134323 -0.0003660667199728264 0.9999983522236416 0.0015657956526569788 0.0011931572387872224 -0.0015657894521556304 0.9999981825548009 -0.033774491184047406 0.1989047606842007 0.034582018789009794
FixedParameters: 0 0 0
#Transform 231
Transform: MatrixOffsetTransformBase_double_3_3
Parameters: 0.9999995949965835 0.00036947381964261066 -0.0011260783983990828 -0.00036808909523832525 0.999999683843029 0.001055716293229203 0.001126922194670274 -0.0010558807218231936 0.9999986817320332 -0.0339672663088777 0.24433311437751115 0.04887539325168433
FixedParameters: 0 0 0
#Transform 232
Transform: MatrixOffsetTransformBase_double_3_3
Parameters: 0.999999591077321 0.00037128534825291794 -0.0011270343568048373 -0.00037005137668944644 0.9999988148984702 0.00143277352562661 0.001128219108850241 -0.001431814864881517 0.9999986732141158 -0.0345434116066059 0.20738727580840077 0.04010031101692135
FixedParameters: 0 0 0
#Transform 233
Transform: MatrixOffsetTransformBase_double_3_3
Parameters: 0.9999987388548744 0.00034210547360301823 -0.0014639879896192732 -0.0003407823374788354 0.999999602763394 0.0011338814166401423 0.00146488485892388 -0.0011327586604001488 0.999998567233723 -0.030688811367241442 0.2414167342253819 0.054587604682261315
FixedParameters: 0 0 0
#Transform 234
Transform: MatrixOffsetTransformBase_double_3_3
Parameters: 0.9999994173885823 0.0004805069610409225 -0.0011621697033977617 -0.00047952428587498915 0.9999991327382494 0.0012814817157042607 0.0011635223105482188 -0.0012802426373607068 0.9999990034051536 -0.0354436167163783 0.21393187915370504 0.04265046739690348
FixedParameters: 0 0 0
#Transform 235
Transform: MatrixOffsetTransformBase_double_3_3
Parameters: 0.999999385129575 0.0004113543287640833 -0.001202151589922274 -0.00041091621132983665 0.9999994784395647 0.000597669906409512 0.0012027079094294522 -0.0005965546349875478 0.9999991936044829 -0.02712511494213743 0.24424969870558755 0.06082852659452698
FixedParameters: 0 0 0
#Transform 236
Transform: MatrixOffsetTransformBase_double_3_3
Parameters: 0.999999460164096 0.0004382070075648692 -0.0011628841526360673 -0.00043822845100399265 0.9999996112448704 0.0004485895931251038 0.001162344307725657 -0.0004474445928744353 0.9999994397398272 -0.02866755059964987 0.238632840088286 0.05614913584388148
FixedParameters: 0 0 0
#Transform 237
Transform: MatrixOffsetTransformBase_double_3_3
Parameters: 0.9999990393778354 0.00043699443624278166 -0.001329891302386138 -0.0004364465117496915 0.9999998948631809 0.0009565613937695533 0.0013308569616175842 -0.0009554070647092294 0.9999983167037954 -0.019373568529218232 0.2163302731169665 0.06703265698675409
FixedParameters: 0 0 0
#Transform 238
Transform: MatrixOffsetTransformBase_double_3_3
Parameters: 0.9999989273903205 0.0004653498604514503 -0.001362169882890341 -0.00046563991349030706 0.9999996553880529 0.0002585613816322718 0.0013624754913332624 -0.00025815798060925543 0.9999991385038217 -0.018480592115466266 0.2560402623215623 0.062038182069180436
FixedParameters: 0 0 0
#Transform 239
Transform: MatrixOffsetTransformBase_double_3_3
Parameters: 0.9999984967862733 0.00044545082124197765 -0.0015179723684259345 -0.00044436888506136794 0.9999993369784336 0.0006856407475275272 0.0015186471398994116 -0.0006841631750165167 0.9999982216263571 -0.020080243336209946 0.21558685270836975 0.05956419003501168
FixedParameters: 0 0 0
#Transform 240
Transform: MatrixOffsetTransformBase_double_3_3
Parameters: 0.9999985972019676 0.0005645049094006419 -0.001445260963304391 -0.0005624340932961551 0.9999994484906014 0.0010833481638382048 0.0014455409198582177 -0.001082584698531619 0.999998795306664 -0.02738504066688563 0.2313621507558281 0.0661428855076025
FixedParameters: 0 0 0
#Transform 241
Transform: MatrixOffsetTransformBase_double_3_3
Parameters: 0.9999989652703595 0.0005036826564525238 -0.0013345540916152917 -0.0005027545696186106 0.9999995659773305 0.0003464619571693084 0.001334902287667699 -0.0003459797062479453 0.9999991595557766 -0.027156533319526943 0.2625601274718292 0.06485451422449273
FixedParameters: 0 0 0
#Transform 242
Transform: MatrixOffsetTransformBase_double_3_3
Parameters: 0.9999985507093646 0.0004953182150234768 -0.0014861630121111853 -0.0004945074915591441 0.999999297952931 0.000629519768157713 0.0014858530725528236 -0.0006289142902757838 0.9999984531866556 -0.018330113038288687 0.22339588283890066 0.05659042190823982
FixedParameters: 0 0 0
#Transform 243
Transform: MatrixOffsetTransformBase_double_3_3
Parameters: 0.9999984850025216 0.0004041177755749206 -0.0015333564653867105 -0.0004031561892340487 0.9999993694198965 0.0006377438721676676 0.0015339362274627301 -0.000637370705559831 0.9999983026239567 -0.01625007361197106 0.2389059679295258 0.06137238188774319
FixedParameters: 0 0 0
#Transform 244
Transform: MatrixOffsetTransformBase_double_3_3
Parameters: 0.9999986200058898 0.0004162677595822378 -0.0014853291158345586 -0.0004170314674712453 0.9999997592179418 0.00007770256131019171 0.0014854587880750525 -0.00007732969088861119 0.9999988487714607 -0.01680086175505835 0.25035020988217127 0.054845008167298204
FixedParameters: 0 0 0
#Transform 245
Transform: MatrixOffsetTransformBase_double_3_3
Parameters: 0.9999989408805724 0.0004543925630506745 -0.0016888120441045313 -0.00045248333984347156 0.9999999947716582 0.0008596613604132386 0.001689656426613818 -0.0008589943418378931 0.9999984692201472 -0.01927809166517136 0.21382051626839882 0.0606122014223871
FixedParameters: 0 0 0
#Transform 246
Transform: MatrixOffsetTransformBase_double_3_3
Parameters: 0.9999981407907088 0.00040451915261622136 -0.0016416639010956888 -0.00040377426823306117 0.9999994950885929 0.0005297583950668455 0.0016421569930385412 -0.0005292961554517889 0.9999980849041689 -0.014406172169714182 0.2614056539427736 0.07246078794428001
FixedParameters: 0 0 0
#Transform 247
Transform: MatrixOffsetTransformBase_double_3_3
Parameters: 0.9999985115441725 0.0005352666965445705 -0.001483895280187103 -0.0005341109837296932 0.9999995025908878 0.00038842456767931854 0.0014843100112627182 -0.00038769856955132853 0.9999987077699496 -0.022791988639070837 0.23869235625105034 0.057430730083119386
FixedParameters: 0 0 0
#Transform 248
Transform: MatrixOffsetTransformBase_double_3_3
Parameters: 0.9999983431866059 0.0005800148018091097 -0.001524596217076833 -0.0005795810833949052 0.9999999308241705 0.0008172658223901952 0.001524676046416441 -0.0008164974952504928 0.999998070030449 -0.02067235461453265 0.20672516882703462 0.07017476145282586
FixedParameters: 0 0 0
#Transform 249
Transform: MatrixOffsetTransformBase_double_3_3
Parameters: 0.9999984423425959 0.000375070270905782 -0.0015546634905171147 -0.00037401019785110614 0.9999996834245277 0.000339813804904901 0.0015549176712119834 -0.00033951021040169727 0.9999985281779806 -0.024425472024802275 0.28611751387816753 0.0755206267794577
FixedParameters: 0 0 0
#Transform 250
Transform: MatrixOffsetTransformBase_double_3_3
Parameters: 0.9999988179714787 0.0004672297658234501 -0.0014013298959316182 -0.0004662747249247751 0.999999606062685 0.00033956832832958417 0.0014016464222670073 -0.00033912110189472655 0.999998981599602 -0.02760438226083295 0.2193240915169241 0.07962021387019291
FixedParameters: 0 0 0
#Transform 251
Transform: MatrixOffsetTransformBase_double_3_3
Parameters: 0.9999988421902806 0.00041803896658592233 -0.0014082093689470553 -0.0004174224017323247 0.9999997172565812 0.00021768937052571435 0.0014083908546171434 -0.00021737385960622635 0.999999030294451 -0.025966079419447397 0.26558542849522837 0.07758242615968669
FixedParameters: 0 0 0
#Transform 252
Transform: MatrixOffsetTransformBase_double_3_3
Parameters: 0.9999989591884781 0.0005658341510914149 -0.001311981318488132 -0.0005656825067475701 0.9999995142572753 -0.00032370629529486494 0.001311549098669987 0.00032433334790514523 0.999999234954451 -0.02835263007072797 0.26830132542852425 0.07148786588868461
FixedParameters: 0 0 0
#Transform 253
Transform: MatrixOffsetTransformBase_double_3_3
Parameters: 0.9999987336149558 0.000357216638764004 -0.001464115860279746 -0.0003560158377248575 0.9999992788951833 0.0007738426206966853 0.0014637348714061156 -0.0007726724570007865 0.9999982511231241 -0.02756333183144477 0.2231384032476882 0.0795010345863787
FixedParameters: 0 0 0
#Transform 254
Transform: MatrixOffsetTransformBase_double_3_3
Parameters: 0.9999983241158649 0.0005814455116062533 -0.00152898806353346 -0.0005802492497378757 0.9999994496909393 0.0003903295042147481 0.0015294407223546188 -0.0003894140913446309 0.9999985704250363 -0.02767566457146131 0.2626395175199292 0.09186706716754856
FixedParameters: 0 0 0
#Transform 255
Transform: MatrixOffsetTransformBase_double_3_3
Parameters: 0.9999984845240422 0.0005346035782574301 -0.0014929982216253948 -0.0005350389643536562 0.9999996177985644 0.00018742444639983924 0.0014932633851673237 -0.00018669223665269963 0.9999987967448215 -0.02974543953752118 0.2557415566604959 0.08673892308642195
FixedParameters: 0 0 0
#Transform 256
Transform: MatrixOffsetTransformBase_double_3_3
Parameters: 0.9999985421557156 0.0005920000736913766 -0.0014514457600141519 -0.0005915891897187826 0.9999993544901854 0.00048427709615347925 0.001452083518669137 -0.0004834237090684812 0.9999987194436027 -0.021128914876598515 0.2188249881285742 0.08169750987505608
FixedParameters: 0 0 0
#Transform 257
Transform: MatrixOffsetTransformBase_double_3_3
Parameters: 0.9999992131682919 0.0005089204548097908 -0.0012360544349446466 -0.0005096107889676973 0.9999996669186837 -0.0002785869784065753 0.0012357699764803643 0.0002799761804735956 0.9999993902540646 -0.029155268839190285 0.2679713553027341 0.0813400060551146
FixedParameters: 0 0 0
#Transform 258
Transform: MatrixOffsetTransformBase_double_3_3
Parameters: 0.9999987757655829 0.0005123958045533443 -0.001398731308161647 -0.000513570936486227 0.9999995445841522 -0.000442555222246066 0.0013992742894435102 0.0004441214444793895 0.9999988458263273 -0.030060744970995756 0.2905739323152545 0.07883585297633289
FixedParameters: 0 0 0
#Transform 259
Transform: MatrixOffsetTransformBase_double_3_3
Parameters: 0.9999992481874451 0.0003778072075749176 -0.0012686747329168318 -0.0003783536744791492 0.9999994239354516 -0.0006102347765229582 0.0012681476728578977 0.0006103366674220512 0.9999990793551475 -0.026171510103438322 0.22558296996575677 0.058895051524302744
FixedParameters: 0 0 0
#Transform 260
Transform: MatrixOffsetTransformBase_double_3_3
Parameters: 0.9999992596570997 0.00047515706353324494 -0.0007141683184292633 -0.0004767247562342364 0.9999994669853194 -0.001142687684529728 0.0007140703980216224 0.0011433679446318096 0.9999991873580929 -0.029730265547925683 0.29390955827911114 0.06150418192035545
FixedParameters: 0 0 0
#Transform 261
Transform: MatrixOffsetTransformBase_double_3_3
Parameters: 0.9999989463926647 0.0004852731637903829 -0.0009021889723374904 -0.00048604451583282744 0.9999996616423467 -0.0010186677990363796 0.0009021240987372487 0.0010185569640193681 0.9999992173205953 -0.026406271341500087 0.2563806394447994 0.06994465770182501
FixedParameters: 0 0 0
#Transform 262
Transform: MatrixOffsetTransformBase_double_3_3
Parameters: 0.9999999168949408 0.00042345781842841507 -0.0009509330184316366 -0.00042338190673716876 0.9999995901284766 -0.0004844102787147503 0.0009504570699699379 0.00048534958873273915 0.9999998565502237 -0.03323678912046546 0.23593253978485507 0.07431081035446852
FixedParameters: 0 0 0
#Transform 263
Transform: MatrixOffsetTransformBase_double_3_3
Parameters: 0.9999990705694083 0.0005667786562927768 -0.0007773158231413235 -0.0005672849909002284 0.9999996598666837 -0.001008952278326189 0.0007770958800320054 0.0010098380203716895 0.9999993806584881 -0.037275028314994074 0.28217200573058676 0.0799816380148144
FixedParameters: 0 0 0
#Transform 264
Transform: MatrixOffsetTransformBase_double_3_3
Parameters: 0.9999998679130899 0.0003947792767346016 -0.0009880479736393173 -0.0003953963786961622 0.9999996842112252 -0.0003143184718471248 0.0009877993849918857 0.0003142380342433665 0.9999999861609323 -0.03334834370659223 0.25473295840002663 0.06690118476750939
FixedParameters: 0 0 0
#Transform 265
Transform: MatrixOffsetTransformBase_double_3_3
Parameters: 0.9999988848332847 0.00046467546221740195 -0.000945771115138435 -0.0004660039812250052 0.9999991771077873 -0.0007385321345903945 0.0009460736234858293 0.0007385519178241262 0.9999996245486676 -0.03051808524828914 0.2685760662218257 0.07593596255915003
FixedParameters: 0 0 0
#Transform 266
Transform: MatrixOffsetTransformBase_double_3_3
Parameters: 0.9999997360285471 0.00041319832078204853 -0.0010434732231609802 -0.00041320706864224555 0.9999995030089891 -0.0005153614895642422 0.0010439795720234507 0.0005153673026355304 0.99999970956168 -0.030998618636800757 0.2923866918851843 0.07063226920583077
FixedParameters: 0 0 0
#Transform 267
Transform: MatrixOffsetTransformBase_double_3_3
Parameters: 0.9999995853151643 0.0004908476494899067 -0.0010836588727236793 -0.0004909069408247061 0.9999994585878732 -0.0004895708033571394 0.001083112547027378 0.0004897771896766184 0.9999996471668681 -0.023224127782910386 0.24871769673194422 0.08786768373868625
FixedParameters: 0 0 0
#Transform 268
Transform: MatrixOffsetTransformBase_double_3_3
Parameters: 0.9999995995003854 0.000513680452852745 -0.0010664038820652152 -0.00051474602140002 0.9999997302049024 -0.0009697090078347043 0.0010653409657941028 0.0009698175608638809 0.9999989884138244 -0.02320011819352885 0.3043029223266984 0.09273300836613885
FixedParameters: 0 0 0
#Transform 269
Transform: MatrixOffsetTransformBase_double_3_3
Parameters: 0.9999994833390117 0.000658789593185577 -0.0010405095889628423 -0.0006594896112300649 0.9999993901564671 -0.00033805633775495225 0.0010400633455714256 0.0003385666555325989 0.9999998642738082 -0.030727929964584177 0.23679795251136682 0.07969854537278565
FixedParameters: 0 0 0
#Transform 270
Transform: MatrixOffsetTransformBase_double_3_3
Parameters: 0.9999998831427156 0.00035580532407252804 -0.0009928967183826382 -0.0003572387061142214 0.999999222541923 -0.0012592770768168893 0.0009929311466600524 0.0012589979541329926 0.9999984974862439 -0.03180343030437882 0.3239186121023607 0.10089758813894889
FixedParameters: 0 0 0
#Transform 271
Transform: MatrixOffsetTransformBase_double_3_3
Parameters: 0.9999998271874655 0.00022986197362768546 -0.0010584303914491916 -0.00022993331844991407 0.9999996964821425 -0.0005048493611220645 0.0010581327887902044 0.0005054701778179904 0.9999996203333613 -0.026793912965175082 0.2608191249680374 0.11894054202384297
FixedParameters: 0 0 0
#Transform 272
Transform: MatrixOffsetTransformBase_double_3_3
Parameters: 0.9999996741232192 0.00029929472221059555 -0.0011120570286025293 -0.0002990561732615479 0.9999997984341913 -0.00034104002823558133 0.0011117873952493575 0.0003418395718393641 0.9999996425277468 -0.02491100525340073 0.26275257043039346 0.08767771902198263
FixedParameters: 0 0 0
#Transform 273
Transform: MatrixOffsetTransformBase_double_3_3
Parameters: 0.9999996441213103 0.0004880363438576829 -0.0010574771457997098 -0.0004882982543237874 0.9999993438271535 -0.0005975701333761213 0.0010568280458979145 0.0005977450355118541 0.9999995859055847 -0.028091288345351018 0.2782751318372334 0.09993203115938343
FixedParameters: 0 0 0
#Transform 274
Transform: MatrixOffsetTransformBase_double_3_3
Parameters: 0.9999995852715854 0.00046272336544128206 -0.001095969268485781 -0.0004633537152985583 0.999999237961841 -0.0007424966446617498 0.0010952157937542946 0.0007436454719614988 0.9999992430006571 -0.030461283388902416 0.30884905064341694 0.09239452627654288
FixedParameters: 0 0 0
#Transform 275
Transform: MatrixOffsetTransformBase_double_3_3
Parameters: 0.9999994801860345 0.000524040601140083 -0.0011158843582052855 -0.0005250203224175251 0.9999994696295437 -0.0004406566066107176 0.0011154216661842056 0.0004409659244089259 0.9999996219277273 -0.028951837198761154 0.25685478531715944 0.08504787226935662
FixedParameters: 0 0 0
#Transform 276
Transform: MatrixOffsetTransformBase_double_3_3
Parameters: 0.9999995253589974 0.00048462555739082623 -0.0011134535197204693 -0.00048627552232391 0.9999992192859153 -0.000740555924626532 0.0011127339229220668 0.0007417670151790151 0.9999992074317148 -0.03029967952565471 0.30440843800523965 0.08690005090098651
FixedParameters: 0 0 0
#Transform 277
Transform: MatrixOffsetTransformBase_double_3_3
Parameters: 0.9999995251013761 0.0004804110336179712 -0.001113421797214333 -0.0004819884439081271 0.9999992930136702 -0.0011876068111446314 0.001113211052409883 0.0011876911526957495 0.9999984188076435 -0.030420416921870697 0.30431802251561635 0.0915432924124886
FixedParameters: 0 0 0
#Transform 278
Transform: MatrixOffsetTransformBase_double_3_3
Parameters: 0.9999989049788358 0.000489345056000966 -0.0013624027221037327 -0.0004908050051653273 0.9999998781335883 -0.0009035704435510078 0.0013614513312346617 0.0009039177191155628 0.9999983933381581 -0.02777580986742123 0.2826960731766519 0.10164422868499656
FixedParameters: 0 0 0
#Transform 279
Transform: MatrixOffsetTransformBase_double_3_3
Parameters: 0.9999988954959285 0.0006358522545497343 -0.0013025109787399933 -0.0006380614658802689 0.9999988357408074 -0.0016409646539662232 0.0013012792897485726 0.0016416398800671445 0.9999976797163549 -0.025700250147210113 0.3259786980313777 0.11628638240615885
FixedParameters: 0 0 0
#Transform 280
Transform: MatrixOffsetTransformBase_double_3_3
Parameters: 0.9999987487021269 0.0007022906388941378 -0.0013245812308421909 -0.0007031484837127927 0.9999992236746926 -0.001103118720426427 0.001323897162163394 0.0011039965840980714 0.999998097089338 -0.028594299684442603 0.29712142803272457 0.11590325872368368
FixedParameters: 0 0 0
#Transform 281
Transform: MatrixOffsetTransformBase_double_3_3
Parameters: 0.9999984150299807 0.0007888897540474081 -0.0014012504468333773 -0.0007901735199091367 0.9999996459905348 -0.0008152977425096852 0.0013998964863957295 0.0008165217213417508 0.9999984376212694 -0.029184414781468604 0.2754710174815642 0.12638563531699987
FixedParameters: 0 0 0
#Transform 282
Transform: MatrixOffsetTransformBase_double_3_3
Parameters: 0.9999989432111029 0.000592763397906598 -0.0013044787426883964 -0.0005944028477380765 0.999998639927319 -0.0014177900280473305 0.0013036540298761094 0.0014194767380049933 0.9999982859518163 -0.035724559418369495 0.3283797109949518 0.12098427730497008
FixedParameters: 0 0 0
#Transform 283
Transform: MatrixOffsetTransformBase_double_3_3
Parameters: 0.9999989347648668 0.0006903935037530391 -0.0012586832960695539 -0.0006922269517429874 0.9999991289175734 -0.0011521202656073898 0.0012580220767840528 0.0011528729778385871 0.9999981570895283 -0.028304384357554113 0.2742029897413403 0.11937188666863108
FixedParameters: 0 0 0
#Transform 284
Transform: MatrixOffsetTransformBase_double_3_3
Parameters: 0.9999986930261634 0.0006233367668920858 -0.0013834479036541896 -0.0006252527317564697 0.9999993826685037 -0.0010778988500678849 0.0013830338349060762 0.0010786388382533346 0.9999979927700414 -0.026826131624744676 0.32151113868505377 0.1258408010498755
FixedParameters: 0 0 0
#Transform 285
Transform: MatrixOffsetTransformBase_double_3_3
Parameters: 0.99999869351247 0.0007579205102428794 -0.0013144510062462447 -0.0007603509863163766 0.9999985920962604 -0.001330205164546086 0.0013133550489368697 0.0013313432989723178 0.9999985672043405 -0.03153586020216892 0.2941489991552828 0.11165017823926604
FixedParameters: 0 0 0
#Transform 286
Transform: MatrixOffsetTransformBase_double_3_3
Parameters: 0.9999987381551896 0.0008053763713910168 -0.0012668269821504421 -0.0008075269222346198 0.999998429054338 -0.0016894183796095502 0.0012659582802177888 0.0016904781776033856 0.9999976126986251 -0.03269461053535849 0.3225551240646638 0.12805247914066342
FixedParameters: 0 0 0
#Transform 287
Transform: MatrixOffsetTransformBase_double_3_3
Parameters: 0.9999987481941466 0.0006345343808642993 -0.0013582111473112736 -0.0006366598009136825 0.9999991540133181 -0.0011748729276131187 0.001357641624400684 0.0011757423872412603 0.9999988391957562 -0.03196850083143943 0.30934531604728477 0.11647553831231505
FixedParameters: 0 0 0
#Transform 288
Transform: MatrixOffsetTransformBase_double_3_3
Parameters: 0.999998547311937 0.0007137996447240131 -0.0013908231955508505 -0.000715868706381189 0.9999991453900028 -0.0015091225786002527 0.0013905219552617716 0.001510128007547712 0.9999978594376647 -0.0273643126164842 0.3416364485344019 0.14401298181516609
FixedParameters: 0 0 0
#Transform 289
Transform: MatrixOffsetTransformBase_double_3_3
Parameters: 0.9999987201462948 0.0006701818234970741 -0.001351693970135531 -0.0006717453071120438 0.9999986872493085 -0.0013419636082088737 0.0013507516967430407 0.0013429239608320764 0.9999984362961658 -0.02951547413015021 0.31951485885181796 0.13937690962480787
FixedParameters: 0 0 0
#Transform 290
Transform: MatrixOffsetTransformBase_double_3_3
Parameters: 0.9999986266625635 0.0006204271556769877 -0.0014090283934032268 -0.0006232014866699371 0.9999972588753436 -0.002071821446177971 0.001407237382422107 0.002072723588630296 0.9999967868248113 -0.026795128597655093 0.29411797683776797 0.12972600328012618
FixedParameters: 0 0 0
#Transform 291
Transform: MatrixOffsetTransformBase_double_3_3
Parameters: 0.9999981619821756 0.0006545252769890179 -0.001549576213545528 -0.0006575342811134049 0.9999975873416372 -0.001979848225038286 0.0015487617196172998 0.001981032279565073 0.9999967457631147 -0.026345692523150888 0.3686327710962871 0.1596165623466561
FixedParameters: 0 0 0
#Transform 292
Transform: MatrixOffsetTransformBase_double_3_3
Parameters: 0.9999987572452025 0.0005268087371862807 -0.0013985897888090766 -0.0005299991960420677 0.9999980431414862 -0.0019015966089593467 0.001398429133731617 0.0019022221763986408 0.9999974950007318 -0.02807695416188949 0.28011337515897594 0.15855571701612803
FixedParameters: 0 0 0
#Transform 293
Transform: MatrixOffsetTransformBase_double_3_3
Parameters: 0.9999983419228454 0.0005642642994277941 -0.001526775327803862 -0.0005686594708493681 0.9999965472275218 -0.002463650921761082 0.0015257599350723097 0.0024645315173837806 0.999995666566074 -0.030939276727693255 0.35029931420189087 0.15646043266195875
FixedParameters: 0 0 0
#Transform 294
Transform: MatrixOffsetTransformBase_double_3_3
Parameters: 0.9999984708414543 0.0006049269366459558 -0.0014679186520755974 -0.0006070491170160331 0.9999983748893552 -0.0017877617754453179 0.0014675353295361309 0.0017886920756151198 0.9999977158624129 -0.02820166592286455 0.2751067541968837 0.15916031362367278
FixedParameters: 0 0 0
#Transform 295
Transform: MatrixOffsetTransformBase_double_3_3
Parameters: 0.9999983699773981 0.0006126170015949137 -0.0015005266148409714 -0.0006149973474042256 0.999998271531844 -0.0018137686917579776 0.0014990855269074975 0.0018147608223529205 0.9999975230087035 -0.02322221277391634 0.3507218894190487 0.16691519811814004
FixedParameters: 0 0 0
#Transform 296
Transform: MatrixOffsetTransformBase_double_3_3
Parameters: 0.9999982832051862 0.0007873873744033157 -0.0014468386897237883 -0.0007895974369078481 0.9999991293513184 -0.0014772744435717355 0.001445367215139137 0.0014785716518613545 0.9999977930499254 -0.03154381022412167 0.2893607745933622 0.14898954774127304
FixedParameters: 0 0 0
#Transform 297
Transform: MatrixOffsetTransformBase_double_3_3
Parameters: 0.9999985092614391 0.0006930201435062617 -0.0017341721342634814 -0.0006950567098363928 0.9999982996721196 -0.001469787023021793 0.0017329246404015506 0.0014714746566903553 0.999997891788023 -0.027925473105710807 0.36516368714758585 0.16372041470349785
FixedParameters: 0 0 0
#Transform 298
Transform: MatrixOffsetTransformBase_double_3_3
Parameters: 0.9999984807729968 0.0006303606652724083 -0.0014551093585206177 -0.0006325597542248229 0.9999992810103623 -0.0011218253924976246 0.0014546164842504754 0.0011228060405905765 0.9999986882884891 -0.03080379790243626 0.3076109080253815 0.12873961916533716
FixedParameters: 0 0 0
#Transform 299
Transform: MatrixOffsetTransformBase_double_3_3
Parameters: 0.9999984598978752 0.0007441149285170309 -0.001408142663341088 -0.0007471580368486512 0.9999980860376741 -0.0018141905095813704 0.0014062955628902146 0.0018153057847812015 0.9999967949363652 -0.027262362114854 0.3916561369770619 0.1386099609236453
FixedParameters: 0 0 0
#Transform 300
Transform: MatrixOffsetTransformBase_double_3_3
Parameters: 0.9999985703751291 0.000536915314112017 -0.0014603804259293212 -0.0005392115840762669 0.9999982020424311 -0.0018566013345012733 0.0014601660642326133 0.0018573242235989523 0.9999974871302472 -0.02351820027557494 0.3239145243273498 0.1244541809247508
FixedParameters: 0 0 0
#Transform 301
Transform: MatrixOffsetTransformBase_double_3_3
Parameters: 0.9999982588022766 0.0005896691334632961 -0.0015458073256223968 -0.0005919787896485338 0.9999985877791612 -0.001414696417507022 0.001544994265101688 0.0014156696484478176 0.9999976732434601 -0.021305013725353206 0.34647928323106214 0.14704892184169438
FixedParameters: 0 0 0
#Transform 302
Transform: MatrixOffsetTransformBase_double_3_3
Parameters: 0.9999980830728374 0.0005227237073739195 -0.0016263366595890769 -0.0005243854791342851 0.9999993977252375 -0.0011255177544305384 0.0016250190305801744 0.0011263666229620328 0.9999981498247672 -0.02645052756220423 0.3259274660781699 0.15323114427642537
FixedParameters: 0 0 0
#Transform 303
Transform: MatrixOffsetTransformBase_double_3_3
Parameters: 0.9999981331371633 0.0006754257841494793 -0.00155140803176488 -0.0006772094592203097 0.9999989433155325 -0.0012398916208841426 0.0015505892566349466 0.0012411366677794189 0.9999981197806843 -0.020563856956300697 0.3085932728275367 0.15919936439230753
FixedParameters: 0 0 0
#Transform 304
Transform: MatrixOffsetTransformBase_double_3_3
Parameters: 0.9999984709906353 0.00041996650756907897 -0.0015341692387152062 -0.0004206525602128161 0.9999989963898199 -0.0008752995452558088 0.0015333023435636075 0.0008757354403894219 0.9999979415383664 -0.02347909321142083 0.33910605313141673 0.15545787318203708
FixedParameters: 0 0 0
#Transform 305
Transform: MatrixOffsetTransformBase_double_3_3
Parameters: 0.999998278042754 0.0006921247588215965 -0.0014963979518188317 -0.0006937720512672221 0.9999989204186194 -0.0012399544127440487 0.0014955378454768833 0.0012411747809690232 0.9999982873333055 -0.022571780836955213 0.29849670379961424 0.14472112735467846
FixedParameters: 0 0 0
#Transform 306
Transform: MatrixOffsetTransformBase_double_3_3
Parameters: 0.9999982611922098 0.0005880468343752134 -0.001545651239847629 -0.0005901428985262277 0.9999987803728491 -0.0013456923100401696 0.0015449243769881556 0.0013466600632425635 0.9999978641467671 -0.020239291019521488 0.36600487932788894 0.1428498224044148
FixedParameters: 0 0 0
#Transform 307
Transform: MatrixOffsetTransformBase_double_3_3
Parameters: 0.9999982457665673 0.0006033246024427316 -0.001546501649138032 -0.0006047393043820983 0.99999935539577 -0.0011037258565222557 0.0015450290203930916 0.0011047398460460878 0.9999984516798562 -0.022179086677837745 0.3178636955837959 0.14390269440080772
FixedParameters: 0 0 0
#Transform 308
Transform: MatrixOffsetTransformBase_double_3_3
Parameters: 0.9999984743527047 0.0005540849696161704 -0.0017928621920721695 -0.0005564661185051179 0.9999990933994695 -0.001239538128769202 0.001792351903799463 0.0012406760229649039 0.9999973129601988 -0.023376809664824805 0.3557263919969387 0.15463853229660174
FixedParameters: 0 0 0
#Transform 309
Transform: MatrixOffsetTransformBase_double_3_3
Parameters: 0.9999982406075119 0.0006030101328977017 -0.001546781472693783 -0.0006046832381685697 0.9999982305373053 -0.0015307252526376158 0.0015457260659244585 0.0015317436026160564 0.9999973284176785 -0.029930293808121178 0.3277429850218425 0.13711150209429235
FixedParameters: 0 0 0
#Transform 310
Transform: MatrixOffsetTransformBase_double_3_3
Parameters: 0.9999983690835974 0.0006239968998851804 -0.0014961321267348746 -0.0006257660887809332 0.9999989358945429 -0.001614859821888151 0.0014949072350032059 0.0016157494299113423 0.9999972224790177 -0.029034151830288124 0.3301871852984988 0.1570654828192133
FixedParameters: 0 0 0
#Transform 311
Transform: MatrixOffsetTransformBase_double_3_3
Parameters: 0.9999983157510707 0.000547312620509921 -0.0015431530568817175 -0.0005494434124995181 0.9999988065664531 -0.0016826012932453366 0.0015420933229809168 0.001683444120623892 0.9999978517349273 -0.02808781035400898 0.3517944629456764 0.1467223996024387
FixedParameters: 0 0 0
#Transform 312
Transform: MatrixOffsetTransformBase_double_3_3
Parameters: 0.999998105904997 0.0006921765805342069 -0.0015525566001873409 -0.0006950821966878046 0.9999988208944933 -0.0012789323950162246 0.0015517060096522871 0.0012802288770331627 0.9999980180642549 -0.028841267545701044 0.3048522629438821 0.15436139474653743
FixedParameters: 0 0 0
#Transform 313
Transform: MatrixOffsetTransformBase_double_3_3
Parameters: 0.9999985522815856 0.0006094037018019435 -0.0017527818659394722 -0.0006132382677550257 0.9999987323248687 -0.0016826723450960313 0.0017515829589448816 0.0016839617483590669 0.9999971605481399 -0.022126088258801246 0.3890991812867952 0.17649428418177848
FixedParameters: 0 0 0
#Transform 314
Transform: MatrixOffsetTransformBase_double_3_3
Parameters: 0.999998623100382 0.0006886010364966038 -0.0017025870560022117 -0.0006906302552261818 0.9999990177720937 -0.0012018557647801575 0.0017017953016193348 0.0012033505928760874 0.9999977205586176 -0.022739114245936776 0.3035696705447606 0.20499140229952673
FixedParameters: 0 0 0
#Transform 315
Transform: MatrixOffsetTransformBase_double_3_3
Parameters: 0.9999988323930291 0.0006269258094713543 -0.0016642769996269538 -0.0006293079417464721 0.9999994707828495 -0.0010357378906021703 0.0016639073425741531 0.0010369716527539458 0.9999982212881234 -0.0212121094845088 0.3571066491707455 0.18313562071082856
FixedParameters: 0 0 0
#Transform 316
Transform: MatrixOffsetTransformBase_double_3_3
Parameters: 0.9999977712950792 0.0006410723155109083 -0.0019528148722582329 -0.0006428754652464718 0.9999995464133555 -0.0009896540534197057 0.0019524100600308621 0.0009913082202613471 0.9999972705170117 -0.015516349476641267 0.3158890267322363 0.18642381024045562
FixedParameters: 0 0 0
#Transform 317
Transform: MatrixOffsetTransformBase_double_3_3
Parameters: 0.9999982212464252 0.0006273225859413476 -0.0018385597307658055 -0.0006294412542963189 0.9999997938344044 -0.0008656717751769072 0.001838403118794082 0.0008671255867525735 0.9999979338601224 -0.02150291832138862 0.3037688281978035 0.16523807950517266
FixedParameters: 0 0 0
#Transform 318
Transform: MatrixOffsetTransformBase_double_3_3
Parameters: 0.9999980851023079 0.0007240212550977855 -0.001840771278756711 -0.0007266368645606756 0.9999980535589531 -0.0018148645187853196 0.0018388661956114508 0.0018156967991191514 0.9999964487570304 -0.02119162267567276 0.4128141685929734 0.1865337684277506
FixedParameters: 0 0 0
#Transform 319
Transform: MatrixOffsetTransformBase_double_3_3
Parameters: 0.9999981350570836 0.00045521186488630723 -0.001911317364546452 -0.000456402970139358 1.0000000063577588 -0.0008513064926009006 0.0019114078112130541 0.0008521960306235171 0.9999976854820369 -0.018081415447468885 0.31754709241417345 0.16572512733490186
FixedParameters: 0 0 0
#Transform 320
Transform: MatrixOffsetTransformBase_double_3_3
Parameters: 0.9999979015400847 0.0011080397625211377 -0.001693057275449536 -0.0011098858841499448 0.9999989017942958 -0.0008607650807948564 0.0016920780405228638 0.0008626708907814723 0.9999985223709097 -0.017315712239607706 0.41619067610432126 0.15243605145963812
FixedParameters: 0 0 0
#Transform 321
Transform: MatrixOffsetTransformBase_double_3_3
Parameters: 0.9999974024328391 0.0012205630294385077 -0.0017616985028006443 -0.0012226415176444121 0.9999985822962737 -0.0008929429436230485 0.0017604458514612542 0.0008953974277033927 0.9999982287955768 0.006484426596600201 0.2698368634298305 0.18629931400807465
FixedParameters: 0 0 0
#Transform 322
Transform: MatrixOffsetTransformBase_double_3_3
Parameters: 0.9999971788361722 0.0008450112138815178 -0.002026602865644785 -0.0008452822475499455 0.9999991591472374 -0.00006792577223772855 0.0020264861039837223 0.0000696290930627258 0.9999980102294791 0.018651414987473913 0.20844010721810946 0.12610127833032436
FixedParameters: 0 0 0
#Transform 323
Transform: MatrixOffsetTransformBase_double_3_3
Parameters: 0.9999976109629211 0.0007454757867677849 -0.00219847004077595 -0.0007458300129872296 0.9999993153573006 -0.00008165841402997531 0.002198354320453355 0.00008321478497863577 0.9999972820454287 0.02690295088325456 0.22532823476728936 0.09766148654287576
FixedParameters: 0 0 0
#Transform 324
Transform: MatrixOffsetTransformBase_double_3_3
Parameters: 0.9999977005415581 0.0009271051303460414 -0.002107109954116748 -0.0009272557617668951 0.9999999475371505 -0.000038082900974525935 0.002107045313809175 0.00003914620373753064 0.9999977500538373 0.02404660689032312 0.31482346375260306 0.09950353875765217
FixedParameters: 0 0 0
#Transform 325
Transform: MatrixOffsetTransformBase_double_3_3
Parameters: 0.9999976533678452 0.0009525222534653374 -0.002106707577772303 -0.0009534327179286587 0.9999999651117668 0.000019866714675034758 0.0021068159343179418 -0.000017707679920875297 0.9999976875814565 0.023463718720194038 0.3802872007032079 0.11697278171071446
FixedParameters: 0 0 0
#Transform 326
Transform: MatrixOffsetTransformBase_double_3_3
Parameters: 0.9999964567556113 0.0009602156127930259 -0.0023711488108987566 -0.0009606941482872573 0.9999997922594422 -0.00031289007478368935 0.0023704799129082234 0.00031473444260632366 0.9999974675414086 0.027063248162363607 0.3344290527801661 0.08611447155456631
FixedParameters: 0 0 0
#Transform 327
Transform: MatrixOffsetTransformBase_double_3_3
Parameters: 0.9999962690300375 0.0010813325859521336 -0.0023572809077306656 -0.0010825456337432563 0.9999994071383013 -0.0004840836193473891 0.002357162561942196 0.00048647511528157605 0.999997398642395 0.032940482358199574 0.36677776580754085 0.0909748586073107
FixedParameters: 0 0 0
#Transform 328
Transform: MatrixOffsetTransformBase_double_3_3
Parameters: 0.9999957124454503 0.0011388280158428962 -0.0026432573069670277 -0.0011416261973947656 0.9999986683177354 -0.0009198533652084034 0.00264202209059757 0.0009233047707817021 0.9999963532505356 0.03520222554810459 0.3546501833446456 0.09338862518276159
FixedParameters: 0 0 0
#Transform 329
Transform: MatrixOffsetTransformBase_double_3_3
Parameters: 0.9999960741506488 0.0009965075143537794 -0.002633017903153709 -0.000997817171232685 0.9999997556149319 -0.0002497500048039558 0.002632524253876765 0.0002522870211017769 0.9999961925460964 0.0400826941872765 0.32790543943647776 0.11363604608549593
FixedParameters: 0 0 0
#Transform 330
Transform: MatrixOffsetTransformBase_double_3_3
Parameters: 0.9999947204262037 0.001301253954558953 -0.002929859264363245 -0.001304405126312561 0.9999989259327824 -0.0010607470100779531 0.0029278908339447256 0.0010648160342542623 0.9999955432225415 0.05632842059966947 0.3400873392021708 0.11495874732363376
FixedParameters: 0 0 0
#Transform 331
Transform: MatrixOffsetTransformBase_double_3_3
Parameters: 0.9999951293036912 0.0012616754484949546 -0.002876893262378858 -0.0012638559625089466 0.9999983235391368 -0.0009117611112134105 0.002875394449628654 0.0009154622788818123 0.9999951441608443 0.052790325148535544 0.28717647650114486 0.10230911009966093
FixedParameters: 0 0 0
#Transform 332
Transform: MatrixOffsetTransformBase_double_3_3
Parameters: 0.9999939631597969 0.001268784136642606 -0.0030688316155479214 -0.0012714228915036883 0.9999991867439537 -0.000940569949171105 0.0030682366566774496 0.0009438110818535406 0.9999950164530159 0.04933827979660066 0.32708097340308484 0.12483242120082139
FixedParameters: 0 0 0
#Transform 333
Transform: MatrixOffsetTransformBase_double_3_3
Parameters: 0.9999943082859278 0.0011793821866020202 -0.0030483780963315357 -0.0011832674717944128 0.9999985582729938 -0.0013155185527443242 0.0030469999203542627 0.001318169432384525 0.9999942973326283 0.051152943496703074 0.3099101072786823 0.1222448674076162
FixedParameters: 0 0 0
#Transform 334
Transform: MatrixOffsetTransformBase_double_3_3
Parameters: 0.9999943931742761 0.0010574239832204747 -0.0032383116003138757 -0.0010600590266764906 0.9999985632679284 -0.0010342027113516977 0.0032368612757278864 0.001037629846738053 0.9999936914289042 0.058854010375114285 0.32842780807808936 0.1317547478323462
FixedParameters: 0 0 0
#Transform 335
Transform: MatrixOffsetTransformBase_double_3_3
Parameters: 0.9999932842106897 0.0011753218243677694 -0.003366011018356536 -0.0011782285982152225 0.9999987621596247 -0.0007390897184782197 0.0033651331654344823 0.0007427136186001077 0.9999944319200559 0.06254563272149483 0.3176068577307092 0.11895852447796074
FixedParameters: 0 0 0
#Transform 336
Transform: MatrixOffsetTransformBase_double_3_3
Parameters: 0.9999950560430044 0.0011125290922239972 -0.0031143221867869853 -0.001116772169712382 0.9999982467916685 -0.001504346986149957 0.003112632608939595 0.0015078638016792906 0.9999942880183503 0.05012756485022862 0.4239376980898584 0.09179693433534197
FixedParameters: 0 0 0
#Transform 337
Transform: MatrixOffsetTransformBase_double_3_3
Parameters: 0.9999942010851084 0.0011492637319884538 -0.003078863387049552 -0.0011491994947741904 0.999999407767051 -0.00015246688395445518 0.0030784502986948093 0.00015597226030741873 0.9999947457826837 0.04106807785659328 0.3043335682038446 0.07616840549520276
FixedParameters: 0 0 0
#Transform 338
Transform: MatrixOffsetTransformBase_double_3_3
Parameters: 0.9999949093047914 0.0012146814310392974 -0.0030993031041472567 -0.0012173457371798448 0.9999984013889602 -0.0009344356740416393 0.0030988319160412565 0.000938540956216094 0.9999947694063328 0.04141130093017864 0.3739305685302128 0.08821134251164153
FixedParameters: 0 0 0
#Transform 339
Transform: MatrixOffsetTransformBase_double_3_3
Parameters: 0.9999942485456083 0.001117482810020581 -0.003081052187100026 -0.0011211830044895559 0.9999982718352388 -0.0011083778795780153 0.0030803656694769754 0.0011118428243085537 0.9999945274971245 0.04881096678828101 0.3446166086915383 0.11077244156746957
FixedParameters: 0 0 0
#Transform 340
Transform: MatrixOffsetTransformBase_double_3_3
Parameters: 0.9999949496532383 0.001179857897477714 -0.0031066726797238098 -0.0011834762711846454 0.9999983083528212 -0.001408400083270478 0.0031050084381818205 0.001411324698177771 0.9999946813549464 0.04946169428177427 0.3498980168722312 0.09925010665853762
FixedParameters: 0 0 0
#Transform 341
Transform: MatrixOffsetTransformBase_double_3_3
Parameters: 0.9999947222905365 0.0011009125251149562 -0.0031710639700469278 -0.0011044061337845408 0.9999984469711176 -0.0010442878987632909 0.0031705634315424393 0.0010478488187124768 0.9999941023091474 0.0405391551532972 0.31384958087387815 0.10941336915333721
FixedParameters: 0 0 0
#Transform 342
Transform: MatrixOffsetTransformBase_double_3_3
Parameters: 0.9999934887463092 0.0012610041255071809 -0.003451240258256434 -0.0012647636416975925 0.9999990965022902 -0.0009981120201123378 0.003450519959835625 0.00100240495747346 0.9999934067188713 0.04030426818680155 0.37869459340518574 0.11844677638266177
FixedParameters: 0 0 0
#Transform 343
Transform: MatrixOffsetTransformBase_double_3_3
Parameters: 0.9999934244451264 0.0013034613953211485 -0.0034456230989886164 -0.0013063719435129867 0.9999984683061395 -0.0007220692614025026 0.0034446061130559945 0.000726763300811728 0.9999939143501068 0.04432626353607816 0.3263346672928549 0.11407781915399795
FixedParameters: 0 0 0
#Transform 344
Transform: MatrixOffsetTransformBase_double_3_3
Parameters: 0.9999942493738928 0.001193338257838932 -0.003053043738696105 -0.001194727521634778 0.9999990974610355 -0.00040352267331031366 0.0030530157990933506 0.00040625175136312086 0.9999948318187041 0.031828663377339694 0.3608226711491511 0.10646012196026788
FixedParameters: 0 0 0
#Transform 345
Transform: MatrixOffsetTransformBase_double_3_3
Parameters: 0.9999939556260065 0.0011515873456312837 -0.003273198168295554 -0.0011541858048410632 0.999998917467376 -0.0007122304430081661 0.0032724250625386373 0.0007163407337468231 0.9999940255206314 0.04246402994995435 0.3472902524628694 0.1115852001757176
FixedParameters: 0 0 0
#Transform 346
Transform: MatrixOffsetTransformBase_double_3_3
Parameters: 0.9999937585432688 0.001356343919323453 -0.00322481544991016 -0.0013586917607932908 0.9999991365228377 -0.0008394662262053709 0.0032233388585218292 0.0008436656363958184 0.9999942133243259 0.037522318945306665 0.3598474150222586 0.10556543783719263
FixedParameters: 0 0 0
#Transform 347
Transform: MatrixOffsetTransformBase_double_3_3
Parameters: 0.9999930583318711 0.001193436154523953 -0.003393290868859626 -0.0011955012702088974 0.999998694860669 -0.0007560724928920987 0.0033922806712668886 0.000759884343207673 0.9999942221498982 0.048574033817487816 0.32182951529190973 0.10923032947493283
FixedParameters: 0 0 0
#Transform 348
Transform: MatrixOffsetTransformBase_double_3_3
Parameters: 0.9999937696484499 0.0012888804230994073 -0.003399891437096017 -0.0012921503880595556 0.9999991365522953 -0.0009411768898508616 0.0033992627391855475 0.000945528115777583 0.9999938687793393 0.04838482969464053 0.3859262824741876 0.09746030728418731
FixedParameters: 0 0 0
#Transform 349
Transform: MatrixOffsetTransformBase_double_3_3
Parameters: 0.9999937072554255 0.001312396511679764 -0.003400911418736002 -0.0013143313105601125 0.9999986223528592 -0.0005881201988505308 0.0034002341224734656 0.0005927554379578232 0.9999943954408609 0.04898713004864419 0.3302427987780874 0.094925174399215
FixedParameters: 0 0 0
#Transform 350
Transform: MatrixOffsetTransformBase_double_3_3
Parameters: 0.9999931254598728 0.001305872367780563 -0.003341655602833281 -0.0013080695018052968 0.9999994265328164 -0.000786250180544748 0.003340394279988648 0.0007915511993899366 0.9999944619410253 0.045226696651198495 0.3905381247470814 0.1060298622163387
FixedParameters: 0 0 0
#Transform 351
Transform: MatrixOffsetTransformBase_double_3_3
Parameters: 0.9999933824569849 0.0014119173153461372 -0.0034077706405318425 -0.0014149763572634136 0.9999990444232416 -0.0007622202943446121 0.0034074811715169902 0.0007664348090901385 0.9999941851529819 0.044362012138122964 0.3712712087121446 0.10677702652020571
FixedParameters: 0 0 0
#Transform 352
Transform: MatrixOffsetTransformBase_double_3_3
Parameters: 0.9999933264479783 0.0014291079963929532 -0.003409309206380041 -0.001431830603411753 0.9999986320619263 -0.0010042303139846664 0.0034081693262171748 0.0010095631698415486 0.9999936822156994 0.045791475309158614 0.3694276783697177 0.11618972324906451
FixedParameters: 0 0 0
#Transform 353
Transform: MatrixOffsetTransformBase_double_3_3
Parameters: 0.9999933773621176 0.0014131437278264555 -0.003408247877516622 -0.0014168617370879418 0.9999986759420773 -0.0010042247700434992 0.0034072046480567732 0.001009445477302709 0.9999936894945864 0.03702772087564199 0.35651831192592454 0.09879583902684175
FixedParameters: 0 0 0
#Transform 354
Transform: MatrixOffsetTransformBase_double_3_3
Parameters: 0.9999934242667742 0.0013992824025334271 -0.0034070797410637997 -0.0014019624659318297 0.9999989995035652 -0.0008522194416300255 0.003406491418131221 0.0008573395021070629 0.9999939789802577 0.039032921357019745 0.3481088027601231 0.10991377453031959
FixedParameters: 0 0 0
#Transform 355
Transform: MatrixOffsetTransformBase_double_3_3
Parameters: 0.9999932902648208 0.0015652188019704438 -0.0033534588861162005 -0.0015720875538656831 0.9999960690757398 -0.002255364761912765 0.003349834485664362 0.0022604854773839583 0.9999920556350618 0.041135288523420854 0.4039759591402259 0.09796597718593603
FixedParameters: 0 0 0
#Transform 356
Transform: MatrixOffsetTransformBase_double_3_3
Parameters: 0.999993041795647 0.0013227570697942664 -0.0033472985816606913 -0.0013238724453968954 0.9999987124935176 -0.00047524681606220254 0.00334690854002941 0.000479677841396714 0.9999938811346074 0.04581156166959488 0.3209309841644057 0.1111459288254224
FixedParameters: 0 0 0
#Transform 357
Transform: MatrixOffsetTransformBase_double_3_3
Parameters: 0.9999931159961319 0.0013778440897036048 -0.003313266289545278 -0.0013827297953901056 0.9999979300538266 -0.0013603162821754639 0.0033112375705113013 0.001365040663386538 0.9999934876260828 0.03766715536377774 0.37826427709858024 0.10258103398502527
FixedParameters: 0 0 0
#Transform 358
Transform: MatrixOffsetTransformBase_double_3_3
Parameters: 0.9999932631417673 0.001263808039975105 -0.00333614195836626 -0.001267184276526347 0.9999991354170176 -0.0009752302175053823 0.003335466969122009 0.0009792499263352877 0.9999942332095515 0.041349296660484924 0.361327490286385 0.12620538597298747
FixedParameters: 0 0 0
#Transform 359
Transform: MatrixOffsetTransformBase_double_3_3
Parameters: 0.9999932311696059 0.0012632788807790275 -0.0034877458566054086 -0.0012673690520704998 0.9999987023096769 -0.001178011571119894 0.0034864920481607643 0.001182547281352711 0.9999937582191651 0.03675730091984519 0.4054029493661204 0.11003627878580602
FixedParameters: 0 0 0
#Transform 360
Transform: MatrixOffsetTransformBase_double_3_3
Parameters: 0.9999933740683804 0.0014173337537425766 -0.003407806228081704 -0.0014191226904443992 0.9999993578070449 -0.0005652262792796015 0.0034070691842562864 0.0005704638045272575 0.9999943791383703 0.04632421571709244 0.355453879717345 0.10950746290321689
FixedParameters: 0 0 0
#Transform 361
Transform: MatrixOffsetTransformBase_double_3_3
Parameters: 0.9999937439081228 0.0013004157134006902 -0.0034001214469031654 -0.001302356069933458 0.9999986525457213 -0.0005891155010336463 0.0033994558134727926 0.0005936672340980109 0.9999943996468152 0.05109420544953025 0.3492194550130989 0.1027705803874781
FixedParameters: 0 0 0
#Transform 362
Transform: MatrixOffsetTransformBase_double_3_3
Parameters: 0.9999937782772411 0.0012826785423761065 -0.003400358345494678 -0.0012878250665822881 0.9999977272988033 -0.0015201092357745583 0.0033991107355140866 0.0015245636473463775 0.9999934391738909 0.044093175340762514 0.4605501938247727 0.1224462632013612
FixedParameters: 0 0 0
#Transform 363
Transform: MatrixOffsetTransformBase_double_3_3
Parameters: 0.9999938669467159 0.0009530046587274057 -0.003494813534561428 -0.0009563060224200813 0.9999990006844655 -0.0009198925866815005 0.003494860333186512 0.000923263967018792 0.9999931831591027 0.05142269870644611 0.3230963288819879 0.1659269586777654
FixedParameters: 0 0 0
#Transform 364
Transform: MatrixOffsetTransformBase_double_3_3
Parameters: 0.9999929435057726 0.0010969515574635567 -0.003583815443475397 -0.0011008492856746572 0.9999983012925499 -0.0011188053275406895 0.003583084672732455 0.0011235139247299797 0.9999931436928665 0.05719396338372462 0.3885218099936054 0.13702036084045233
FixedParameters: 0 0 0
#Transform 365
Transform: MatrixOffsetTransformBase_double_3_3
Parameters: 0.9999938095046395 0.0009182309121564781 -0.0035131553912227304 -0.0009202111115295146 0.999999582682338 -0.0005758673592426572 0.003512967673193924 0.0005790202251061277 0.9999935677117089 0.055734979028414955 0.33677509877531975 0.14665272556729292
FixedParameters: 0 0 0
#Transform 366
Transform: MatrixOffsetTransformBase_double_3_3
Parameters: 0.9999926133695796 0.0009383508124614601 -0.0036760749763395206 -0.0009379115199998312 0.9999998109224932 0.0000672425337859689 0.0036752073367471187 -0.00006465189931802173 0.9999927860399174 0.06314552349257951 0.33396746142345535 0.13134397107310036
FixedParameters: 0 0 0
#Transform 367
Transform: MatrixOffsetTransformBase_double_3_3
Parameters: 0.9999932090760847 0.001024601841342652 -0.0035694609915270523 -0.0010240063119478515 0.999999639675647 0.00008214428527947293 0.0035696326524567337 -0.0000791370114941875 0.9999935564268695 0.05242310777659043 0.3987340514673008 0.10072516706619439
FixedParameters: 0 0 0
#Transform 368
Transform: MatrixOffsetTransformBase_double_3_3
Parameters: 0.9999929011924448 0.0009554366318930585 -0.0036312350310485956 -0.0009557954821940683 0.9999998447032666 -0.000049796604908586284 0.003631143104151968 0.00005342278351357088 0.9999930511944567 0.05143764667727169 0.3589387494121752 0.12288697400009596
FixedParameters: 0 0 0
#Transform 369
Transform: MatrixOffsetTransformBase_double_3_3
Parameters: 0.9999934081882229 0.0010607937664417963 -0.003384669836746125 -0.0010636514337561478 0.9999988481035715 -0.0008840217934251715 0.0033845863012890126 0.0008879109055983936 0.9999940056937644 0.05593787326240829 0.4204320641889723 0.11492166181221819
FixedParameters: 0 0 0
#Transform 370
Transform: MatrixOffsetTransformBase_double_3_3
Parameters: 0.9999924654855803 0.0009134006774953922 -0.003702077431895742 -0.0009121918460645699 0.9999997379205541 0.0004413257351801314 0.0037020116758197342 -0.00043775897358898364 0.9999933334301571 0.055707621645765926 0.33423742537912915 0.11573896921684224
FixedParameters: 0 0 0
#Transform 371
Transform: MatrixOffsetTransformBase_double_3_3
Parameters: 0.9999930829074519 0.0011128864989794218 -0.003559846216050096 -0.0011146492968528625 0.9999992954016789 -0.00039789073959509147 0.003559894815840553 0.0004015194979056086 0.999993475750142 0.05276934667011801 0.41180153692685906 0.11869077527582306
FixedParameters: 0 0 0
#Transform 372
Transform: MatrixOffsetTransformBase_double_3_3
Parameters: 0.9999929547793323 0.0010048516489667694 -0.0036096048076889632 -0.001005222210450949 0.9999997104185387 -0.0001988243597793593 0.0036101404024126067 0.0002027709482717993 0.9999931714958565 0.0483981194043821 0.34045022270636593 0.11357692837447075
FixedParameters: 0 0 0
#Transform 373
Transform: MatrixOffsetTransformBase_double_3_3
Parameters: 0.9999940666603057 0.0011913365540518906 -0.0033925886592737708 -0.0011916981202079915 0.9999991466099442 -0.0003580713216238679 0.003392604478567262 0.0003618588471657608 0.999994668675102 0.049128324408613366 0.3791159316366475 0.13657151719191774
FixedParameters: 0 0 0
#Transform 374
Transform: MatrixOffsetTransformBase_double_3_3
Parameters: 0.9999927053187163 0.001290244837488319 -0.003691685770377601 -0.0012934273824134945 0.9999989942447168 -0.0009818042456811449 0.0036898863168490486 0.0009860591086720133 0.9999927825990385 0.05675437936196204 0.38147524705770763 0.113411365120335
FixedParameters: 0 0 0
#Transform 375
Transform: MatrixOffsetTransformBase_double_3_3
Parameters: 0.9999928130628684 0.0009998552683782708 -0.003631582158935107 -0.0010018099568929518 0.9999995264480441 -0.000407802736659843 0.0036307040287438114 0.0004107695824787927 0.9999929516149172 0.05450989932238315 0.34912647981893485 0.12608431351496563
FixedParameters: 0 0 0
#Transform 376
Transform: MatrixOffsetTransformBase_double_3_3
Parameters: 0.9999927543786379 0.001295887662472267 -0.003681836103819841 -0.001299020447044888 0.9999992861046436 -0.000849819885374789 0.0036814301970672317 0.0008550805937579536 0.9999930304434673 0.053065999341527004 0.39252310775461297 0.0919722530161664
FixedParameters: 0 0 0
#Transform 377
Transform: MatrixOffsetTransformBase_double_3_3
Parameters: 0.9999921873954347 0.0012044641892167613 -0.0037896955981288533 -0.001203982843425544 0.9999992457794278 0.00006336615555958824 0.003789848708102233 -0.00005841361489397623 0.9999929342331144 0.06103791655408486 0.3425400756426882 0.11095098591883357
FixedParameters: 0 0 0
#Transform 378
Transform: MatrixOffsetTransformBase_double_3_3
Parameters: 0.9999929004390449 0.0013621200199361804 -0.0036378645264918937 -0.0013640223099713148 0.9999992868399071 -0.0006919408135866029 0.003637785658780137 0.0006964434069375025 0.999992665338745 0.05711606867106411 0.4296762470369515 0.11070162115731108
FixedParameters: 0 0 0
#Transform 379
Transform: MatrixOffsetTransformBase_double_3_3
Parameters: 0.999992360688512 0.000980883341126578 -0.0036975785764499585 -0.0009824136598439225 0.9999995638415166 -0.00048568951899566337 0.003697487167668466 0.0004897735767219746 0.9999933288263584 0.04238076851034123 0.33217984589177263 0.12493225843289935
FixedParameters: 0 0 0
#Transform 380
Transform: MatrixOffsetTransformBase_double_3_3
Parameters: 0.9999939559057822 0.0012227697442767427 -0.003246408573106371 -0.0012268001712937063 0.9999989706389141 -0.0011032966152769857 0.003245500047917332 0.0011068246136716892 0.9999945584279816 0.03752082945737811 0.4319403249216833 0.09963878412303018
FixedParameters: 0 0 0
#Transform 381
Transform: MatrixOffsetTransformBase_double_3_3
Parameters: 0.9999937703595999 0.0009547121250265278 -0.0035097155726869153 -0.0009537806045421277 0.9999998329721398 0.0001321187909834043 0.003509971204161964 -0.00012873415428396595 0.999993903397086 0.03656796268650453 0.348321234098492 0.10196132782267142
FixedParameters: 0 0 0
#Transform 382
Transform: MatrixOffsetTransformBase_double_3_3
Parameters: 0.9999929256427321 0.0010375300182423237 -0.0034634745805149905 -0.0010405415681446688 0.9999985694629362 -0.0010219438856863966 0.0034620831202093736 0.0010248503211081478 0.999993269233702 0.045597121018403186 0.42369575897669165 0.10557535326058343
FixedParameters: 0 0 0
#Transform 383
Transform: MatrixOffsetTransformBase_double_3_3
Parameters: 0.9999943217430267 0.0008387542165589385 -0.003311460126946204 -0.0008435790795143661 0.9999987877196956 -0.0015030250440351278 0.0033105977206934114 0.0015051712305823306 0.9999930248724219 0.04639992922075464 0.36694660660154454 0.08987982142363649
FixedParameters: 0 0 0
#Transform 384
Transform: MatrixOffsetTransformBase_double_3_3
Parameters: 0.9999931265243126 0.0008869565175793155 -0.0036164489654411966 -0.0008922091245792489 0.9999984963987627 -0.0015727274383468548 0.003615242837930975 0.0015760011766173115 0.9999926883215563 0.05216842892016871 0.41610192399468815 0.10271944237893393
FixedParameters: 0 0 0
#Transform 385
Transform: MatrixOffsetTransformBase_double_3_3
Parameters: 0.9999924813876646 0.0009183279767855966 -0.0036970818540332604 -0.0009251059756539243 0.999997376984767 -0.0018796789995942642 0.003695143004004672 0.0018833369398461863 0.9999910396783367 0.05403167177982482 0.37643692278524554 0.09523405838402965
FixedParameters: 0 0 0
#Transform 386
Transform: MatrixOffsetTransformBase_double_3_3
Parameters: 0.9999927754961312 0.0008090505997550007 -0.003682705238286843 -0.0008157721372014192 0.9999975681383174 -0.0018796691381631758 0.0036811784030468847 0.0018824960326413592 0.9999911458364329 0.05242622434322186 0.39499346923481937 0.10658627307847013
FixedParameters: 0 0 0
#Transform 387
Transform: MatrixOffsetTransformBase_double_3_3
Parameters: 0.9999920934210416 0.001047709871143531 -0.0038466114764209845 -0.001056867827109457 0.9999965740555138 -0.002253517112452849 0.0038443177869175666 0.0022585893321869777 0.9999903629246616 0.05307525077459729 0.417246746767006 0.10257224456794489
FixedParameters: 0 0 0
#Transform 388
Transform: MatrixOffsetTransformBase_double_3_3
Parameters: 0.9999928129176686 0.0007401897077701748 -0.00382489621654077 -0.0007445884738417874 0.9999983238021282 -0.0013755216022441619 0.0038244545605322037 0.0013781713308193277 0.9999917131767724 0.05418101165228961 0.3735413191395054 0.10233759362426298
FixedParameters: 0 0 0
#Transform 389
Transform: MatrixOffsetTransformBase_double_3_3
Parameters: 0.9999923310710274 0.0009533961355586097 -0.003840307428074422 -0.000962055293545649 0.9999963824703408 -0.0023235151814891553 0.003838242417564328 0.0023268606331015157 0.9999901587151473 0.052960390706729754 0.42777204663072155 0.12402713040385294
FixedParameters: 0 0 0
#Transform 390
Transform: MatrixOffsetTransformBase_double_3_3
Parameters: 0.9999912375201493 0.0009031923244333684 -0.004115705108975945 -0.0009094313682590124 0.999998310315608 -0.0016223369775245494 0.004114297717407995 0.0016267707226211153 0.9999896643146974 0.06102404798035366 0.3948071947577745 0.11683601964009682
FixedParameters: 0 0 0
#Transform 391
Transform: MatrixOffsetTransformBase_double_3_3
Parameters: 0.999991420161892 0.0008070501451564184 -0.0039899013666608515 -0.0008132141412613926 0.9999987391855563 -0.0015394330206675855 0.00398899922072078 0.0015428679283408103 0.9999909461227717 0.06763409442153545 0.3797344938541585 0.12564774145931779
FixedParameters: 0 0 0
#Transform 392
Transform: MatrixOffsetTransformBase_double_3_3
Parameters: 0.9999918747119818 0.0008552542919818343 -0.004047273244398401 -0.0008658205860725718 0.9999970706035682 -0.00243939207729163 0.004045460496525941 0.002443339144560186 0.999988906675919 0.06940323957128669 0.4611043250997966 0.11318228134219765
FixedParameters: 0 0 0
#Transform 393
Transform: MatrixOffsetTransformBase_double_3_3
Parameters: 0.9999914648356322 0.0008803519494827595 -0.003969643438179866 -0.0008867156942775338 0.9999989149125167 -0.0014384369798169788 0.003967760527207634 0.0014424165525199206 0.9999914079583463 0.07779017651252218 0.36777714762466474 0.11235989454657869
FixedParameters: 0 0 0
#Transform 394
Transform: MatrixOffsetTransformBase_double_3_3
Parameters: 0.9999927413774092 0.0007696607869987042 -0.0038280021527194986 -0.0007784165939129708 0.9999970427328392 -0.0024735879177590903 0.0038264943964940873 0.002476369199262793 0.9999894707206666 0.06902434876828067 0.411045912297638 0.09978705950752698
FixedParameters: 0 0 0
#Transform 395
Transform: MatrixOffsetTransformBase_double_3_3
Parameters: 0.999990891011042 0.0008168564981308675 -0.004174644176828094 -0.0008256163220488827 0.9999974103474658 -0.0021492565664721075 0.004173500416802246 0.0021522342558874114 0.9999892523743702 0.07384601104034516 0.3786737848766535 0.1120132754259231
FixedParameters: 0 0 0
#Transform 396
Transform: MatrixOffsetTransformBase_double_3_3
Parameters: 0.9999903001891803 0.000823746911827172 -0.004243608322047905 -0.0008344098223796595 0.9999970502439156 -0.0024552189428268673 0.004241849706667968 0.002459371251238976 0.9999881964169425 0.07448271815833607 0.4186000719269032 0.11890870317690627
FixedParameters: 0 0 0
#Transform 397
Transform: MatrixOffsetTransformBase_double_3_3
Parameters: 0.9999905578510325 0.0007319261898547086 -0.004230649281895214 -0.0007387885687702332 0.9999980949460748 -0.0017702592389759186 0.004229507545028898 0.0017735894881640013 0.9999891988987336 0.08275816515337908 0.3690454064929156 0.12025207607036492
FixedParameters: 0 0 0
#Transform 398
Transform: MatrixOffsetTransformBase_double_3_3
Parameters: 0.9999921913708557 0.000746654747508638 -0.0039045852521641953 -0.0007556103448768959 0.9999972304807655 -0.002442548278102627 0.0039022397194371223 0.002445268144955312 0.9999890308835636 0.0687320508466911 0.42815345651592907 0.08617383532786249
FixedParameters: 0 0 0
#Transform 399
Transform: MatrixOffsetTransformBase_double_3_3
Parameters: 0.9999913581743426 0.0007381029082276541 -0.004011420523830364 -0.0007489040263519309 0.9999964124416854 -0.0026074297830180476 0.004008859197324856 0.0026103791887433364 0.9999883482779263 0.06985949348751319 0.40207116155742995 0.06888961283702599
FixedParameters: 0 0 0
#Transform 400
Transform: MatrixOffsetTransformBase_double_3_3
Parameters: 0.9999910377423412 0.000706248093448368 -0.00417807263794121 -0.0007141721658502135 0.9999981020636424 -0.002039358073244679 0.0041765727478508844 0.002042274084948656 0.9999886212332536 0.07587627890531223 0.36717246953429594 0.07018484512826717
FixedParameters: 0 0 0
#Transform 401
Transform: MatrixOffsetTransformBase_double_3_3
Parameters: 0.999990295107647 0.0008148897768972701 -0.004362976468245307 -0.0008237956059307215 0.9999972834692967 -0.002180084743635083 0.004360726816748571 0.0021834880642640497 0.9999885066321021 0.07184088056501992 0.43452578448361123 0.07289129498494873
FixedParameters: 0 0 0
#Transform 402
Transform: MatrixOffsetTransformBase_double_3_3
Parameters: 0.9999895052595885 0.0008432659787424151 -0.0045574132895554315 -0.0008535686515774661 0.999996941685638 -0.0022468877865759324 0.004555920637807841 0.0022510062137194864 0.9999874711530488 0.07817126881806757 0.37580145054755576 0.08349345923765839
FixedParameters: 0 0 0
#Transform 403
Transform: MatrixOffsetTransformBase_double_3_3
Parameters: 0.9999894860309135 0.0009314838046393854 -0.004431011223240175 -0.0009407061065439496 0.9999970371275462 -0.002188978742333189 0.004429232216991786 0.0021935289104806632 0.9999878688296682 0.06685247250045734 0.44552265600349017 0.11613415217288292
FixedParameters: 0 0 0
#Transform 404
Transform: MatrixOffsetTransformBase_double_3_3
Parameters: 0.9999894741744769 0.000716544857628625 -0.004472920519743484 -0.0007278453465143805 0.999996906400175 -0.0025060809314088606 0.004470551348651113 0.0025087993172743517 0.9999870085790552 0.082987536952146 0.4257593542614444 0.21223487768781268
FixedParameters: 0 0 0
#Transform 405
Transform: MatrixOffsetTransformBase_double_3_3
Parameters: 0.9999902407549115 0.0005037238538118078 -0.0043015915590151645 -0.0005118842868544256 0.9999980316395655 -0.0018842640964871898 0.0043001355190509455 0.0018868624288333191 0.999989106062543 0.08118692686780093 0.3700060005127028 0.1811203479575667
FixedParameters: 0 0 0
#Transform 406
Transform: MatrixOffsetTransformBase_double_3_3
Parameters: 0.9999888637476615 0.0008567906088126252 -0.00462502897295504 -0.0008697200585125898 0.9999955298430935 -0.0027148292993396245 0.004622523656141917 0.002718215040157415 0.9999855979383039 0.09276199055992151 0.4707968228617432 0.16563003985415747
FixedParameters: 0 0 0
#Transform 407
Transform: MatrixOffsetTransformBase_double_3_3
Parameters: 0.9999897825038301 0.0005878650235283443 -0.00445610258965402 -0.0005985070957255008 0.9999964330905509 -0.002448103187023709 0.004455447288688326 0.0024507711849654362 0.9999873729918227 0.09164183146469895 0.41494660954577967 0.16579461220292302
FixedParameters: 0 0 0
#Transform 408
Transform: MatrixOffsetTransformBase_double_3_3
Parameters: 0.9999883068988041 0.0007272008266628535 -0.004706736269045948 -0.0007415949316259805 0.9999949602620195 -0.0030348909443982247 0.004704322848542646 0.003038204280880717 0.999983928344057 0.08792615457865338 0.48363987084781 0.13487726607311856
FixedParameters: 0 0 0
#Transform 409
Transform: MatrixOffsetTransformBase_double_3_3
Parameters: 0.9999874561620447 0.0007418066684760533 -0.004998111231742274 -0.0007561418130610108 0.9999955848278927 -0.0027516030696482507 0.004996106072260325 0.0027557472986815754 0.9999837288811098 0.09332635270949652 0.40185647993484963 0.12995726490127169
FixedParameters: 0 0 0
#Transform 410
Transform: MatrixOffsetTransformBase_double_3_3
Parameters: 0.9999889838760883 0.0008042014198082651 -0.004621535486033001 -0.0008168886168769767 0.9999961517529319 -0.0027989383190569275 0.004619115376367517 0.0028017044652992595 0.9999851715515966 0.08748970865303818 0.4391487874813862 0.11418959240060644
FixedParameters: 0 0 0
#Transform 411
Transform: MatrixOffsetTransformBase_double_3_3
Parameters: 0.9999897876209022 0.0012458949854525195 -0.004316019626424836 -0.001265772760515318 0.9999879953814212 -0.0047940341242165285 0.004310504018929705 0.004798924833505525 0.9999788409677334 0.10232347691882637 0.5783676953560075 0.19234265665924966
FixedParameters: 0 0 0
#Transform 412
Transform: MatrixOffsetTransformBase_double_3_3
Parameters: 0.9999890729433034 0.0008020531174528585 -0.004501375530324965 -0.0008190558527247807 0.9999916758504814 -0.003920944163646488 0.004498766311720241 0.00392465750114792 0.9999826585726853 0.10674672021586673 0.3676399158599253 0.22783367567010515
FixedParameters: 0 0 0
#Transform 413
Transform: MatrixOffsetTransformBase_double_3_3
Parameters: 0.9999893358512262 0.0004456270222250358 -0.0046315929453816865 -0.00046191332431693127 0.9999940404916325 -0.0033961470775826785 0.004630483940395141 0.0033977470655407044 0.9999832397324298 0.10326509790320415 0.3010405748973284 0.15387360360661262
FixedParameters: 0 0 0
#Transform 414
Transform: MatrixOffsetTransformBase_double_3_3
Parameters: 0.9999876847846448 0.000506970617565012 -0.0050053188051555515 -0.0005214570490961091 0.9999957843025358 -0.002955874509548498 0.005003261205237636 0.0029586784831752283 0.9999834247466843 0.10973013776633422 0.41040700168197475 0.15901761976230944
FixedParameters: 0 0 0
#Transform 415
Transform: MatrixOffsetTransformBase_double_3_3
Parameters: 0.9999862834691421 0.00036654077413361675 -0.005155227089439873 -0.0003820593654535703 0.9999946430606643 -0.003163946919653035 0.005153703301512034 0.003165601024975026 0.9999816239789271 0.1150214619336225 0.39193207766319915 0.17415281634280433
FixedParameters: 0 0 0
#Transform 416
Transform: MatrixOffsetTransformBase_double_3_3
Parameters: 0.9999883415677041 0.0005883006386115353 -0.004722226134816276 -0.0006022577383346003 0.9999954853854 -0.0029790040726777045 0.004720724916094937 0.00298102711621228 0.999984118164577 0.11140890266767656 0.46173588521561726 0.15280780735113098
FixedParameters: 0 0 0
#Transform 417
Transform: MatrixOffsetTransformBase_double_3_3
Parameters: 0.9999879221076519 0.0005596774966091177 -0.004975993043340764 -0.0005755928555752933 0.9999947470998565 -0.003116819587716216 0.00497343646791451 0.003120124669709186 0.9999827404566464 0.10614016412442595 0.5126474601891715 0.148157269356183
FixedParameters: 0 0 0
#Transform 418
Transform: MatrixOffsetTransformBase_double_3_3
Parameters: 0.9999879437352469 0.00039896545892227544 -0.004886996659297565 -0.00041598933987904805 0.999994089908883 -0.003396013831281075 0.004886129197464114 0.003397657900172657 0.9999827996870969 0.08881728161836122 0.5024911355925923 0.15149580153178022
FixedParameters: 0 0 0
#Transform 419
Transform: MatrixOffsetTransformBase_double_3_3
Parameters: 0.9999876091479979 0.0005178804619932171 -0.004910295654649905 -0.0005349203157824372 0.9999933772327081 -0.003482883022608088 0.004908462835577478 0.003485717225478753 0.9999819740419047 0.09995474357403111 0.4799500552004048 0.16023250044148796
FixedParameters: 0 0 0
#Transform 420
Transform: MatrixOffsetTransformBase_double_3_3
Parameters: 0.9999866409443464 0.0003929136862328643 -0.005214653236199001 -0.0004122280265360485 0.9999923088159064 -0.0037848352600879723 0.005213236787470952 0.003786971102344973 0.9999796887326697 0.10752868540781435 0.48987363475623624 0.16046383296600197
FixedParameters: 0 0 0
#Transform 421
Transform: MatrixOffsetTransformBase_double_3_3
Parameters: 0.9999855426021441 0.0004546906135822126 -0.005314015112840784 -0.00047401525182998584 0.9999933949206604 -0.003621789844904806 0.005312355270734235 0.003623536432702988 0.9999789230721611 0.11204302604670602 0.41973125824686974 0.16867890624455129
FixedParameters: 0 0 0
#Transform 422
Transform: MatrixOffsetTransformBase_double_3_3
Parameters: 0.9999862080092541 0.0003938496613860958 -0.005256002602336458 -0.000415032931157103 0.9999914083814598 -0.004027824753259079 0.005254302353891192 0.004030017274896783 0.9999783578476001 0.11395114803782747 0.4280564142010803 0.19403500430129128
FixedParameters: 0 0 0
#Transform 423
Transform: MatrixOffsetTransformBase_double_3_3
Parameters: 0.999984850361155 0.00040917358072594897 -0.005474635190222339 -0.00043176697441773485 0.9999919155351209 -0.004086765131365383 0.005472690729230102 0.004089313726757124 0.9999765332944012 0.11759581238068506 0.42907921057690146 0.2012433079525593
FixedParameters: 0 0 0
#Transform 424
Transform: MatrixOffsetTransformBase_double_3_3
Parameters: 0.9999847308823356 0.0004302447023117954 -0.005483885743157146 -0.0004507778810342297 0.9999930850320279 -0.0038017287515028086 0.005482101705450097 0.0038035096555905923 0.9999777487403116 0.12123559417138097 0.4176797863553503 0.20960441910445837
FixedParameters: 0 0 0
#Transform 425
Transform: MatrixOffsetTransformBase_double_3_3
Parameters: 0.9999843837963496 0.0005117167817572748 -0.005598479016751621 -0.0005313131382032196 0.9999934787470227 -0.0034614970530186945 0.00559657931194657 0.0034644084412828596 0.9999779437615745 0.1132945301096413 0.43646651122814717 0.19547604182709932
FixedParameters: 0 0 0
#Transform 426
Transform: MatrixOffsetTransformBase_double_3_3
Parameters: 0.9999851025703569 0.00038691781685216314 -0.005452436790321962 -0.000412844697503867 0.9999894247469949 -0.004598794089214611 0.0054511031345868075 0.0046001164781622125 0.9999743979542356 0.10493775829473861 0.4915699227410215 0.18729610580927414
FixedParameters: 0 0 0
#Transform 427
Transform: MatrixOffsetTransformBase_double_3_3
Parameters: 0.9999850272804952 0.0003864235113053045 -0.005367723053812517 -0.00040711212364373604 0.9999917115626582 -0.003990817998255375 0.005366048666353868 0.003993022375586783 0.9999774674990237 0.10325950501673731 0.45400566582505064 0.18707717269568036
FixedParameters: 0 0 0
#Transform 428
Transform: MatrixOffsetTransformBase_double_3_3
Parameters: 0.9999849211990518 0.00038420814527969304 -0.005469998472834647 -0.0004072091761582829 0.9999908443884297 -0.00421874013966058 0.005468079014932521 0.004221148221502942 0.9999764834941883 0.11380691426502665 0.5055229646538919 0.21191451074382428
FixedParameters: 0 0 0
#Transform 429
Transform: MatrixOffsetTransformBase_double_3_3
Parameters: 0.9999836805116242 0.0004665993922294306 -0.005664311477069004 -0.0004917223819066509 0.9999906020613583 -0.004354558363431939 0.005662489490136391 0.004358069878490217 0.9999741537058167 0.12177480725586065 0.5086385337794752 0.2144298170435519
FixedParameters: 0 0 0
#Transform 430
Transform: MatrixOffsetTransformBase_double_3_3
Parameters: 0.9999838956428477 0.0003796298140766516 -0.005740146465320973 -0.00040225023719105504 0.9999916870997065 -0.003987637393800508 0.0057384634328331696 0.00398934355397014 0.9999754150529684 0.1263574683153479 0.48881882113074937 0.21842301264738495
FixedParameters: 0 0 0
#Transform 431
Transform: MatrixOffsetTransformBase_double_3_3
Parameters: 0.999980836330612 0.0009190020733717975 -0.0061076164847898105 -0.0009442089102246215 0.9999905856193004 -0.0041332280630356 0.006103201845872239 0.004139117651011444 0.99997307285483 0.12154671223089508 0.49769594248655835 0.25085246016308815
FixedParameters: 0 0 0
#Transform 432
Transform: MatrixOffsetTransformBase_double_3_3
Parameters: 0.9999813887537379 0.0011161835362105618 -0.005944488029861198 -0.0011433422273858399 0.9999888768958131 -0.004506050479576876 0.00593951317779302 0.00451274315174665 0.9999718958544185 0.11793553435779813 0.48335294324805034 0.22918011769548485
FixedParameters: 0 0 0
#Transform 433
Transform: MatrixOffsetTransformBase_double_3_3
Parameters: 0.9999842896021119 0.0009622199979644533 -0.005545445000941157 -0.000994330446695445 0.9999826843794413 -0.005733787940317585 0.005540061096827132 0.005738649519651161 0.9999678571840391 0.11556050663125461 0.5304207998793657 0.2072108570733704
FixedParameters: 0 0 0
#Transform 434
Transform: MatrixOffsetTransformBase_double_3_3
Parameters: 0.9999857193259296 0.0005029949115689785 -0.005386793197751207 -0.0005251128107155389 0.9999920619702147 -0.003924632553887364 0.0053843884478588675 0.003927115962600224 0.999977855031277 0.10119115270633472 0.38618738222720594 0.2234097280323013
FixedParameters: 0 0 0
#Transform 435
Transform: MatrixOffsetTransformBase_double_3_3
Parameters: 0.9999862471165912 0.000650336500343412 -0.005130156549972303 -0.0006741599346603936 0.9999892791372947 -0.004683642490037047 0.005126288223386587 0.00468614488244886 0.9999761016626829 0.10324140261332104 0.45726865971739983 0.20564381987000502
FixedParameters: 0 0 0
#Transform 436
Transform: MatrixOffsetTransformBase_double_3_3
Parameters: 0.9999907103308906 0.0013171170220689444 -0.00418632142279944 -0.0013389491070957393 0.9999860557598443 -0.00517614975250371 0.00417908135963754 0.005182307990330912 0.999978066733265 0.08597391225973183 0.4691433238047438 0.18434664147381596
FixedParameters: 0 0 0
#Transform 437
Transform: MatrixOffsetTransformBase_double_3_3
Parameters: 0.9999940394907673 0.00081183406015108 -0.0035045711519956623 -0.0008290172971967865 0.9999883121045389 -0.004777844141356492 0.003500594324719602 0.004781332884456861 0.9999820764360777 0.09459144094449812 0.4582239867274467 0.12722504848971994
FixedParameters: 0 0 0
#Transform 438
Transform: MatrixOffsetTransformBase_double_3_3
Parameters: 0.9999911409431456 -0.000269067005522197 -0.004216589736199813 0.0002462193330098496 0.9999854261792009 -0.005436570683570813 0.004218770251140919 0.005435659557528463 0.9999766186957678 0.10507694254170019 0.23314652208327402 0.0488489671190564
FixedParameters: 0 0 0
#Transform 439
Transform: MatrixOffsetTransformBase_double_3_3
Parameters: 0.9999871709808117 -0.00019736901055042997 -0.0049777442202671735 0.00016558427176091263 0.9999798582268892 -0.006411664696764893 0.004979813770500616 0.006410554540326678 0.9999671216482289 0.11113396454796032 0.3756360082045376 0.1063115619283792
FixedParameters: 0 0 0
#Transform 440
Transform: MatrixOffsetTransformBase_double_3_3
Parameters: 0.9999846526255316 -0.000041552866226689266 -0.005507989321146048 0.000010745533071959316 0.9999843971113401 -0.005616433727046004 0.005508129315030395 0.005616238487604307 0.9999691831066718 0.13157393801799344 0.3906949977199048 0.10748490196997551
FixedParameters: 0 0 0
#Transform 441
Transform: MatrixOffsetTransformBase_double_3_3
Parameters: 0.9999829064860976 -0.00008965561449179914 -0.005837676411725662 0.000051987559059084646 0.9999789954062271 -0.006399468747873414 0.005838006206822477 0.006399018462841417 0.999962023703112 0.13870170137423088 0.4531946969915879 0.09719218977568289
FixedParameters: 0 0 0
#Transform 442
Transform: MatrixOffsetTransformBase_double_3_3
Parameters: 0.9999810086961681 0.000051294526517763755 -0.006162627569116225 -0.00009118784175845103 0.999979792281321 -0.006410179157836586 0.006162004468810997 0.006410580929444597 0.9999600514554795 0.14815646210681166 0.4595729968315396 0.10803667351859758
FixedParameters: 0 0 0
#Transform 443
Transform: MatrixOffsetTransformBase_double_3_3
Parameters: 0.9999815091429485 0.00019343747527302685 -0.006119278669086278 -0.0002285663476056009 0.9999838160999772 -0.005740857665447567 0.006117437987380025 0.005741956618294998 0.9999647871403824 0.15126683540991337 0.43851779052742756 0.10106808946648727
FixedParameters: 0 0 0
#Transform 444
Transform: MatrixOffsetTransformBase_double_3_3
Parameters: 0.9999795902246295 0.00031324434989237534 -0.006347231783300317 -0.0003487404609434447 0.9999845797365708 -0.005573494601094693 0.006346126950610381 0.005575352936809962 0.999963899223646 0.15642575792742264 0.4813814038638071 0.10439021799992787
FixedParameters: 0 0 0
#Transform 445
Transform: MatrixOffsetTransformBase_double_3_3
Parameters: 0.9999790153999369 0.00022441072099073378 -0.0064739211002688745 -0.0002664262219867769 0.9999783574428522 -0.006507571289700892 0.0064728083465327635 0.00650869320081348 0.9999579826646336 0.15788392321978506 0.4421188803354852 0.10702943058593206
FixedParameters: 0 0 0
#Transform 446
Transform: MatrixOffsetTransformBase_double_3_3
Parameters: 0.9999787455198589 0.0004294297711789211 -0.006560980401568442 -0.00047308831208125817 0.9999776270600199 -0.0066270130640105965 0.006558011732797835 0.006630882114780738 0.999956276425021 0.1616413253926794 0.4056188901314073 0.12152657617579621
FixedParameters: 0 0 0
#Transform 447
Transform: MatrixOffsetTransformBase_double_3_3
Parameters: 0.999977768635904 0.00035679526198227206 -0.006639774834342317 -0.0003997470318872401 0.9999793849143 -0.006416197501896703 0.006637009060683641 0.006418172873712137 0.9999570595094596 0.15954847253412652 0.3947416130567376 0.1420558603043176
FixedParameters: 0 0 0
#Transform 448
Transform: MatrixOffsetTransformBase_double_3_3
Parameters: 0.9999779008992437 0.0003323842540710111 -0.006630999545325808 -0.00037519485510542877 0.9999795013459125 -0.006413271481292268 0.00662855006035075 0.006415907181536312 0.9999571419763857 0.1615120238720209 0.3848689856475147 0.14260231987713468
FixedParameters: 0 0 0
#Transform 449
Transform: MatrixOffsetTransformBase_double_3_3
Parameters: 0.9999766501259633 0.00029227643109174624 -0.0068001011112608185 -0.0003324237437765835 0.9999825251474681 -0.005838242059169559 0.006798761824774081 0.0058396920339870845 0.9999599747075807 0.1776893110294111 0.37842653613414257 0.13628496260592016
FixedParameters: 0 0 0
#Transform 450
Transform: MatrixOffsetTransformBase_double_3_3
Parameters: 0.999974455658696 0.0004881140754603166 -0.0070916696268520105 -0.0005282395732268992 0.9999834580342393 -0.005737522367114549 0.007088021514817694 0.005741077237828976 0.9999581553695158 0.18508426439157688 0.4122305326780378 0.14615256551110178
FixedParameters: 0 0 0
#Transform 451
Transform: MatrixOffsetTransformBase_double_3_3
Parameters: 0.99997574613894 0.0005214786421876134 -0.006997656567758786 -0.000560450269673936 0.9999840989768585 -0.005589446698739724 0.006993930502395557 0.005593357056322551 0.9999601566311913 0.1864371154407678 0.4128558594483849 0.13733309195549026
FixedParameters: 0 0 0
#Transform 452
Transform: MatrixOffsetTransformBase_double_3_3
Parameters: 0.9999704826656337 0.00044434634153828797 -0.007635112151558023 -0.000489377231676799 0.9999824416666648 -0.0059152703326021405 0.007632500871570551 0.005919284688919654 0.9999530569535657 0.20931913355656206 0.46896828747817665 0.21698062369724624
FixedParameters: 0 0 0
#Transform 453
Transform: MatrixOffsetTransformBase_double_3_3
Parameters: 0.999977725779401 0.0004713867709846913 -0.006634973121612587 -0.0005063023142525454 0.9999856354844323 -0.005367900860482132 0.006633248604830472 0.0053713175968347834 0.9999634699030332 0.18165892584647736 0.3988543981004966 0.19762454898402382
FixedParameters: 0 0 0
#Transform 454
Transform: MatrixOffsetTransformBase_double_3_3
Parameters: 0.9999802580570126 0.0006544165470746805 -0.006267596873382981 -0.0006920284174719256 0.9999823024333724 -0.005903671599111725 0.006264144777823938 0.005907787196929741 0.9999632527320369 0.1538401790031827 0.5036471138246981 0.18015453138048088
FixedParameters: 0 0 0
#Transform 455
Transform: MatrixOffsetTransformBase_double_3_3
Parameters: 0.999981586294121 0.0004211881535794446 -0.006018409820730453 -0.00045006413647324885 0.9999882664524196 -0.004825431231554524 0.006016214910610827 0.0048280464861472985 0.9999697549551944 0.1506118111636141 0.36844086944300614 0.1419487652166893
FixedParameters: 0 0 0
#Transform 456
Transform: MatrixOffsetTransformBase_double_3_3
Parameters: 0.9999831004593855 0.00041772967185146773 -0.00589102000386157 -0.00044071039359687013 0.999992904814407 -0.0038355431899272305 0.005890232642771458 0.003838806793371556 0.999974778236878 0.15828195107850718 0.35902950676029377 0.16006244614507636
FixedParameters: 0 0 0
#Transform 457
Transform: MatrixOffsetTransformBase_double_3_3
Parameters: 0.9999808279473001 0.0005446883495079212 -0.006153345290039328 -0.0005740457974172687 0.9999887150588258 -0.004759056202243969 0.006150029395127988 0.0047624499236677414 0.9999698133108369 0.16064886795625455 0.4519953624698445 0.16153285890200664
FixedParameters: 0 0 0
#Transform 458
Transform: MatrixOffsetTransformBase_double_3_3
Parameters: 0.9999800121149554 0.00046119904081109856 -0.006305386093046595 -0.0004883173592754324 0.999990578399568 -0.004229085677421626 0.006303590804527042 0.004231832738904692 0.9999716703234962 0.16579981051120285 0.3886962075545881 0.18241560270329416
FixedParameters: 0 0 0
#Transform 459
Transform: MatrixOffsetTransformBase_double_3_3
Parameters: 0.9999775524662657 0.0004814495763976566 -0.006722888766607012 -0.0005170498336154087 0.9999858154045203 -0.005344783151337969 0.006720077818469537 0.005347563614271009 0.9999636112127789 0.17553906471195546 0.45386073174614694 0.18196711004609512
FixedParameters: 0 0 0
#Transform 460
Transform: MatrixOffsetTransformBase_double_3_3
Parameters: 0.9999781427204631 0.0006572098298440801 -0.00658855017961823 -0.0006905055374520541 0.999987408382085 -0.004975405649985026 0.0065846454544460165 0.0049802059010827515 0.9999662147399178 0.1675761096031465 0.3885737234730584 0.17567039413955854
FixedParameters: 0 0 0
#Transform 461
Transform: MatrixOffsetTransformBase_double_3_3
Parameters: 0.9999774601198435 0.0006370538304279276 -0.0066415140046337225 -0.0006708489993009312 0.999986114302061 -0.005203435325954131 0.006638303451400974 0.005208055082453894 0.9999641913570835 0.17035200432876252 0.4173873543368387 0.19654267093002176
FixedParameters: 0 0 0
#Transform 462
Transform: MatrixOffsetTransformBase_double_3_3
Parameters: 0.9999761911306754 0.0006484604903680512 -0.006881855251178277 -0.0006898684990917193 0.9999819255465413 -0.006015216707534236 0.00687797473977343 0.006019522174463429 0.9999579002777731 0.1781902323977249 0.44608456721570633 0.1910404877466192
FixedParameters: 0 0 0
#Transform 463
Transform: MatrixOffsetTransformBase_double_3_3
Parameters: 0.9999769542630634 0.0007267938513775839 -0.0067444707398169965 -0.0007637187413297848 0.9999846435511992 -0.005509123178677272 0.006740712814486459 0.005514125246130201 0.9999616073159998 0.1790764646446945 0.39507867132138585 0.22749813150925036
FixedParameters: 0 0 0
#Transform 464
Transform: MatrixOffsetTransformBase_double_3_3
Parameters: 0.9999748207478235 0.0005888562325651073 -0.0070570521703671625 -0.0006313170923688825 0.9999821313989357 -0.006010209418158267 0.007053815548430386 0.006015172219453531 0.9999574366044871 0.18031999613518224 0.4452227414419667 0.2124957609258331
FixedParameters: 0 0 0
#Transform 465
Transform: MatrixOffsetTransformBase_double_3_3
Parameters: 0.9999746294330422 0.000520220392528906 -0.00714643200714693 -0.0005558918643151435 0.9999872695057799 -0.005106416477717889 0.007144409911347335 0.00511043996445254 0.999961212981891 0.1810535533361417 0.41114619250383555 0.20997685701822633
FixedParameters: 0 0 0
#Transform 466
Transform: MatrixOffsetTransformBase_double_3_3
Parameters: 0.9999769695369033 0.0007984427540013514 -0.006809240396570512 -0.0008286529722604547 0.9999897778925739 -0.004371828982223602 0.006806150448226874 0.004377957095281999 0.9999669578151362 0.16965122130422117 0.43052600923151374 0.21116472140484177
FixedParameters: 0 0 0
#Transform 467
Transform: MatrixOffsetTransformBase_double_3_3
Parameters: 0.9999748176056218 0.0008842663658484679 -0.007026549882343924 -0.0009184228903595401 0.9999871872241198 -0.004948356393930452 0.007022234118075664 0.004955233049353025 0.9999626427877346 0.17339860804182194 0.4900721359553728 0.20930174148377745
FixedParameters: 0 0 0
#Transform 468
Transform: MatrixOffsetTransformBase_double_3_3
Parameters: 0.9999763609524108 0.0008206182918393086 -0.006777468473596055 -0.0008543036761961995 0.9999872966199432 -0.004948774152670893 0.006773908880496529 0.004954198636425287 0.9999650828721304 0.16913787151057136 0.4254246612359367 0.2392098371433562
FixedParameters: 0 0 0
#Transform 469
Transform: MatrixOffsetTransformBase_double_3_3
Parameters: 0.9999743001237589 0.000828219677171878 -0.007141128085033902 -0.00086499950799796 0.9999865767002066 -0.005118395284070043 0.0071359959531087985 0.005124830019144433 0.9999613066527282 0.17588974822028547 0.48046677682941663 0.2697794367593076
FixedParameters: 0 0 0
#Transform 470
Transform: MatrixOffsetTransformBase_double_3_3
Parameters: 0.9999736375223872 0.0008633572669198234 -0.007251899919158192 -0.0009004056867064223 0.9999863149006006 -0.005132140273606263 0.007247314643067115 0.005138417709109062 0.9999606332350462 0.1859763982833158 0.43200951293052015 0.29649209221407347
FixedParameters: 0 0 0
#Transform 471
Transform: MatrixOffsetTransformBase_double_3_3
Parameters: 0.9999737086737926 0.0009122835807398894 -0.00724091827434762 -0.0009472359628158076 0.9999879704905424 -0.004857051660471026 0.007236498416532473 0.004863864976270227 0.9999615430618013 0.18977879137288767 0.4234899884344827 0.28267731475668256
FixedParameters: 0 0 0
#Transform 472
Transform: MatrixOffsetTransformBase_double_3_3
Parameters: 0.999975692694708 0.0007514886778605109 -0.00698026196346117 -0.0007818642404350661 0.9999906529083846 -0.004272811716588672 0.006976736839644265 0.004277701966519672 0.9999665219882119 0.18057724102834527 0.45715222291099167 0.27982480681492206
FixedParameters: 0 0 0
#Transform 473
Transform: MatrixOffsetTransformBase_double_3_3
Parameters: 0.9999778018650767 0.0008017260235958747 -0.006672799567662674 -0.0008292169586981383 0.9999910105194776 -0.0041079691626660225 0.006670261811985658 0.004113763305438896 0.9999690386105384 0.15631613840079694 0.4451378628731817 0.21877859356927587
FixedParameters: 0 0 0
#Transform 474
Transform: MatrixOffsetTransformBase_double_3_3
Parameters: 0.9999837920078579 0.0012116333462183688 -0.00563167172245039 -0.0012379157094793499 0.9999880517412568 -0.004679290558306681 0.005625415483150152 0.004686083743760214 0.9999729384496131 0.12942146020849066 0.48213159914668324 0.19829190462758106
FixedParameters: 0 0 0
#Transform 475
Transform: MatrixOffsetTransformBase_double_3_3
Parameters: 0.9999882436894774 0.0015052451440336202 -0.004631795826441416 -0.0015271387772214603 0.9999881054491222 -0.0046924426743268355 0.004625093654862172 0.004698683144123333 0.9999781105298976 0.09522808950977435 0.4346021583775439 0.07397034322530516
FixedParameters: 0 0 0
#Transform 476
Transform: MatrixOffsetTransformBase_double_3_3
Parameters: 0.9999895058160528 0.0005620032106613656 -0.004600163096915241 -0.000580636238059185 0.9999914461357483 -0.004116064626885865 0.0045981458879298855 0.004117741338178715 0.999981192323588 0.1308035346648495 0.23049816211070606 -0.004380194841395735
FixedParameters: 0 0 0
#Transform 477
Transform: MatrixOffsetTransformBase_double_3_3
Parameters: 0.9999841610549514 -0.00017593648957696032 -0.005639474959112751 0.00015117008665504857 0.9999902128883156 -0.004325647769853794 0.005640249496943929 0.004323998755995519 0.9999745469460338 0.15087081053411566 0.19362853058549945 0.023299058674034256
FixedParameters: 0 0 0
#Transform 478
Transform: MatrixOffsetTransformBase_double_3_3
Parameters: 0.9999856559612499 0.00016591934908650444 -0.005414086356423179 -0.00019329703566552272 0.9999874625788856 -0.004937084439729726 0.005412516228297885 0.004938111212902684 0.9999734480913388 0.14357423270787706 0.38966423032753994 0.06558437497346858
FixedParameters: 0 0 0
#Transform 479
Transform: MatrixOffsetTransformBase_double_3_3
Parameters: 0.9999834481461587 0.00006373890020729058 -0.0057044499080340745 -0.00008984384758669176 0.9999899491445525 -0.004574232876042167 0.005703958669027002 0.004574321529504377 0.9999736656106655 0.1587683376354363 0.3712340328445407 0.09878305377563379
FixedParameters: 0 0 0
#Transform 480
Transform: MatrixOffsetTransformBase_double_3_3
Parameters: 0.9999824827584075 -0.000010161707791893739 -0.005958861588887894 -0.000016981502111020546 0.9999900115882141 -0.004465300775681719 0.005959050405246596 0.004465806229247034 0.9999726034681256 0.18023927130982997 0.40142534532185437 0.07945650220840861
FixedParameters: 0 0 0
#Transform 481
Transform: MatrixOffsetTransformBase_double_3_3
Parameters: 0.999982830241881 0.0000338494945304876 -0.0058447917727468945 -0.00006166008723418833 0.9999890873264701 -0.004780314183677928 0.005844416041365142 0.0047810841281915525 0.9999710472609887 0.18269669195284166 0.46563027238637744 0.09603280170839668
FixedParameters: 0 0 0
#Transform 482
Transform: MatrixOffsetTransformBase_double_3_3
Parameters: 0.9999782651441044 0.000050719185830548825 -0.006536509942455686 -0.00007996973342240226 0.9999899227487618 -0.004462068032468937 0.006535949588268921 0.00446180681612017 0.9999685391766474 0.19512154137524362 0.46287183783168473 0.08068039718609299
FixedParameters: 0 0 0
#Transform 483
Transform: MatrixOffsetTransformBase_double_3_3
Parameters: 0.9999801773753391 0.0000732274077643591 -0.0063096567773856605 -0.00010340360502073272 0.999988841555857 -0.004695040438260731 0.0063088426905923735 0.004695900512395247 0.9999692553963142 0.1891646296954832 0.4425735908623807 0.07696326214942673
FixedParameters: 0 0 0
#Transform 484
Transform: MatrixOffsetTransformBase_double_3_3
Parameters: 0.99997675206464 0.0003243996865128104 -0.006865034537252582 -0.0003598040352674348 0.9999864613653071 -0.005214159715505054 0.006863003614945077 0.005217037956961858 0.9999629153520975 0.20487455906197738 0.4407660621044016 0.01618187626171874
FixedParameters: 0 0 0
#Transform 485
Transform: MatrixOffsetTransformBase_double_3_3
Parameters: 0.9999806961449398 0.00041777553003101767 -0.006173129413556405 -0.0004521772904190038 0.9999845239102351 -0.005480270248097961 0.006171076505560768 0.005483288976668145 0.9999661096285463 0.19393531052479318 0.36869907113049294 0.013819834044255686
FixedParameters: 0 0 0
#Transform 486
Transform: MatrixOffsetTransformBase_double_3_3
Parameters: 0.9999775518979667 0.00030007250198961575 -0.006659711541404028 -0.0003348047111808043 0.9999867013311239 -0.005095311261632686 0.006657211701694167 0.005097578010169183 0.999964924959795 0.20097360940474118 0.3520598784495945 0.019632518550885436
FixedParameters: 0 0 0
#Transform 487
Transform: MatrixOffsetTransformBase_double_3_3
Parameters: 0.9999763744502516 0.00038327450897638 -0.00681613730075133 -0.0004117101448974802 0.9999912811215336 -0.004155002809924924 0.0068149240573689065 0.0041575807309124704 0.9999685739700896 0.2216306136563162 0.2945574849353676 0.05137621213311405
FixedParameters: 0 0 0
#Transform 488
Transform: MatrixOffsetTransformBase_double_3_3
Parameters: 0.9999759516019286 0.0006645807879624783 -0.006898600780053971 -0.0006971976372449249 0.9999882973693192 -0.004775117779518917 0.006894841093698376 0.004779706135565158 0.999965044496597 0.22114465932922656 0.3703345529426372 0.08473603692533516
FixedParameters: 0 0 0
#Transform 489
Transform: MatrixOffsetTransformBase_double_3_3
Parameters: 0.9999755901634345 0.0005823387996790648 -0.006932476599958848 -0.0006127457107660143 0.999990163765467 -0.004371362447594569 0.006929209761717811 0.0043758213721601935 0.9999661998263928 0.22522184279725366 0.3343444405479943 0.0902000709815809
FixedParameters: 0 0 0
#Transform 490
Transform: MatrixOffsetTransformBase_double_3_3
Parameters: 0.999976858853013 0.0007235230546708817 -0.006752618142588956 -0.000751340035859731 0.9999907665285752 -0.0041530846044842765 0.006749585167124138 0.004158088524866904 0.9999685924485548 0.21832753916456227 0.36738096422308786 0.08958283839413639
FixedParameters: 0 0 0
#Transform 491
Transform: MatrixOffsetTransformBase_double_3_3
Parameters: 0.9999797467482403 0.0005404697518719635 -0.006319407074920172 -0.000577224959184589 0.9999838412402593 -0.0057029353947009795 0.006316605995505256 0.005706663041899804 0.9999638608314878 0.19579722309418912 0.43434022293733676 0.09014003637266654
FixedParameters: 0 0 0
#Transform 492
Transform: MatrixOffsetTransformBase_double_3_3
Parameters: 0.9999782167731674 0.0003455842867520636 -0.006530135010762509 -0.0003823585292077162 0.9999836282919096 -0.005744265247610736 0.006528326415109293 0.005746947398642899 0.9999626015212004 0.19450925809034914 0.4034962743804158 0.0680453945806363
FixedParameters: 0 0 0
#Transform 493
Transform: MatrixOffsetTransformBase_double_3_3
Parameters: 0.999976875653043 0.00026751014720258095 -0.006785774727957132 -0.0003023076165007619 0.9999860720415074 -0.005153326335039024 0.006783442853083431 0.005154378346114444 0.9999637010727643 0.212161187776033 0.4128208956411896 0.10848536242807683
FixedParameters: 0 0 0
#Transform 494
Transform: MatrixOffsetTransformBase_double_3_3
Parameters: 0.9999768371636997 0.00042216046248197696 -0.00685292904475044 -0.00045880407305473765 0.9999859854311482 -0.005245859236804519 0.006850906722414013 0.005249082607314701 0.9999628170981922 0.21226716271880264 0.43638641069729545 0.11970513579707642
FixedParameters: 0 0 0
#Transform 495
Transform: MatrixOffsetTransformBase_double_3_3
Parameters: 0.9999756857215766 0.00024448844398844297 -0.007017698325207095 -0.00028018451156922454 0.9999865190569891 -0.005117326047284099 0.007015560394302808 0.005119319205730062 0.999961794057082 0.20492468223072535 0.3884439157163939 0.12106145104551302
FixedParameters: 0 0 0
#Transform 496
Transform: MatrixOffsetTransformBase_double_3_3
Parameters: 0.9999759467530244 0.0003089399397765353 -0.006923572324653519 -0.0003490020983958255 0.9999830311817376 -0.00579912601809509 0.006921999095351138 0.005802008896689005 0.9999596592655193 0.20412632732218583 0.4213642277515248 0.11620079639375547
FixedParameters: 0 0 0
#Transform 497
Transform: MatrixOffsetTransformBase_double_3_3
Parameters: 0.9999746327302445 0.00044761396999424305 -0.00708215753857462 -0.0004836875722551224 0.9999864603667237 -0.005101603955850437 0.007078941840391121 0.00510564931224694 0.9999621079321016 0.20803151016397692 0.39507339150338794 0.14740701484955565
FixedParameters: 0 0 0
#Transform 498
Transform: MatrixOffsetTransformBase_double_3_3
Parameters: 0.999976243971195 0.00018298813603206195 -0.006833997414911226 -0.00021839731046136636 0.9999862929985026 -0.00523858281992997 0.006833424476112046 0.005239507554806559 0.9999630853441966 0.1865222907115367 0.3679347969253257 0.12889410492130793
FixedParameters: 0 0 0
#Transform 499
Transform: MatrixOffsetTransformBase_double_3_3
Parameters: 0.999978476205 0.00017798834853108314 -0.006517383010917746 -0.00021656305023501915 0.9999812881372397 -0.00604170400997741 0.006516236886535756 0.006043203060228888 0.9999601945460111 0.17789036613423548 0.43842507490235505 0.1617354074295534
FixedParameters: 0 0 0
#Transform 500
Transform: MatrixOffsetTransformBase_double_3_3
Parameters: 0.9999799672695813 -0.000037683168528391056 -0.006326284820188705 -0.00001174189563544971 0.9999693500597022 -0.007785277728707608 0.006326046731325417 0.007785927955465441 0.9999494051853965 0.1259723211451984 0.3867738887729075 0.18887928305246504
FixedParameters: 0 0 0
#Transform 501
Transform: MatrixOffsetTransformBase_double_3_3
Parameters: 0.999981159082718 0.00020060329706705383 -0.006064567206855283 -0.0002438196515257305 0.9999750340566328 -0.0071268335874268285 0.006063377577845511 0.007129068702917081 0.9999565454426697 0.14507350881351044 0.3970839944920357 0.18895959965965403
FixedParameters: 0 0 0
#Transform 502
Transform: MatrixOffsetTransformBase_double_3_3
Parameters: 0.9999820749144598 0.00023161614802601953 -0.005988164992085012 -0.0002699994043908002 0.9999788038266597 -0.006476765298322487 0.005986195831166828 0.006478301403157659 0.9999613829439525 0.16646809940243656 0.3995602770506821 0.21456347433042566
FixedParameters: 0 0 0
#Transform 503
Transform: MatrixOffsetTransformBase_double_3_3
Parameters: 0.9999804123109197 0.00003953834964010917 -0.006210872342175223 -0.00007914403155473681 0.999979729158351 -0.006337148257639584 0.006210410480239336 0.006337539484373392 0.9999603803028226 0.16790129782400243 0.4530874335470827 0.23613044942501205
FixedParameters: 0 0 0
#Transform 504
Transform: MatrixOffsetTransformBase_double_3_3
Parameters: 0.9999834431643984 0.00001223406692495762 -0.00579153315272838 -0.000044448104351506594 0.9999841326625674 -0.005640275176053235 0.005791926858591568 0.005640965249798534 0.9999676990619274 0.15500129519476502 0.3873993426644944 0.22728743402760898
FixedParameters: 0 0 0
#Transform 505
Transform: MatrixOffsetTransformBase_double_3_3
Parameters: 0.9999793246097308 -0.0000745748860905333 -0.006376085063081403 0.00003513449448286208 0.9999800598695398 -0.006237341851938152 0.0063769945908703106 0.006237552453089899 0.9999604743253506 0.16731587987680996 0.48434369565828206 0.234495334332955
FixedParameters: 0 0 0
#Transform 506
Transform: MatrixOffsetTransformBase_double_3_3
Parameters: 0.9999797666999068 -0.00015177217043201637 -0.00634048672730248 0.00011103145884381176 0.9999803683292668 -0.006291588035757405 0.006341432804901931 0.006290697024393513 0.9999602547230539 0.17996577894157895 0.41130422054740734 0.20505535568934619
FixedParameters: 0 0 0
#Transform 507
Transform: MatrixOffsetTransformBase_double_3_3
Parameters: 0.999978720477242 -0.0001737292525112919 -0.006499241101433836 0.00013508348777748407 0.9999813049028131 -0.006053639163069391 0.00650035324025905 0.00605254157800178 0.9999601492432975 0.19055647897040728 0.4003449235300849 0.24577677517722663
FixedParameters: 0 0 0
#Transform 508
Transform: MatrixOffsetTransformBase_double_3_3
Parameters: 0.9999771649326982 -0.00006543040097328106 -0.006768814786436796 0.000021823169043548796 0.999979952844527 -0.006404360358105356 0.006769402823056761 0.0064048218081930244 0.9999561953608683 0.19695080928070752 0.45890657772184795 0.26110224171186047
FixedParameters: 0 0 0
#Transform 509
Transform: MatrixOffsetTransformBase_double_3_3
Parameters: 0.9999757645893371 -0.00001736346896932372 -0.007016112021925132 -0.00002999821384822368 0.9999765781858653 -0.006803067770459269 0.007015704939639518 0.006802635924024983 0.999952649177692 0.21150961051607453 0.4256702951156086 0.2838145892083688
FixedParameters: 0 0 0
#Transform 510
Transform: MatrixOffsetTransformBase_double_3_3
Parameters: 0.9999740108873866 0.000016542271421719225 -0.007277999920263731 -0.00006224809640539985 0.9999801546674584 -0.006379958567770079 0.007278262447156562 0.006380138581591616 0.999953474748634 0.21761917361656913 0.4127910869732716 0.3076028480998403
FixedParameters: 0 0 0
#Transform 511
Transform: MatrixOffsetTransformBase_double_3_3
Parameters: 0.9999747815142797 0.00006574546539205668 -0.007155088974581366 -0.0001099276911891677 0.99998073212132 -0.006173770899421213 0.0071549732459655685 0.0061746229272595585 0.9999558367015084 0.2058780928169739 0.4518503116709951 0.30469056907928405
FixedParameters: 0 0 0
#Transform 512
Transform: MatrixOffsetTransformBase_double_3_3
Parameters: 0.9999772691695554 0.00009477945322697355 -0.006761274281373197 -0.00013795018475431915 0.9999801813737638 -0.006379892708493866 0.006759818195330686 0.006381526781742114 0.9999566817884035 0.18970524591230742 0.4359215232766047 0.2976439475941888
FixedParameters: 0 0 0
#Transform 513
Transform: MatrixOffsetTransformBase_double_3_3
Parameters: 0.999977323771701 0.000004392410028303934 -0.006756908117217613 -0.000048607229719268636 0.9999781039671958 -0.006614082455127485 0.006757438030935127 0.006613648292546369 0.9999557617926177 0.19559610471206668 0.4482549816153778 0.3000845396334526
FixedParameters: 0 0 0
#Transform 514
Transform: MatrixOffsetTransformBase_double_3_3
Parameters: 0.9999770107851502 -0.0003141373603092485 -0.006774042921236738 0.0002688936829463027 0.9999776409165194 -0.006658019513166906 0.006775812000344076 0.006656250024132712 0.9999547400355288 0.16685331021717786 0.4863537460041272 0.2752431010215304
FixedParameters: 0 0 0
#Transform 515
Transform: MatrixOffsetTransformBase_double_3_3
Parameters: 0.9999828582405247 -0.00003762710118014297 -0.005927424588469787 0.0000032779605876734124 0.9999826795451335 -0.005854337508884026 0.005927241267854908 0.005854594394379985 0.9999656429652322 0.14648406692012372 0.3818861084052969 0.24075322804128518
FixedParameters: 0 0 0
#Transform 516
Transform: MatrixOffsetTransformBase_double_3_3
Parameters: 0.9999800595692534 -0.00015274036865369379 -0.006317314423349086 0.00011399782077180663 0.9999810484093853 -0.006156585004637179 0.0063182569650321735 0.006155675228675328 0.9999612287448628 0.17064247410425537 0.41072371420257525 0.20122261369144923
FixedParameters: 0 0 0
#Transform 517
Transform: MatrixOffsetTransformBase_double_3_3
Parameters: 0.9999759166141927 -0.00025608704356982017 -0.006929356336721647 0.0002170106397234912 0.9999842072396875 -0.005632873373236452 0.006930346595059691 0.005630891309348358 0.999960279193473 0.20096494534091391 0.3703255257529463 0.25456840812724835
FixedParameters: 0 0 0
#Transform 518
Transform: MatrixOffsetTransformBase_double_3_3
Parameters: 0.9999739816719243 -0.000260560672374999 -0.007206901020228827 0.00021559452052575528 0.9999809557243062 -0.006243941163862697 0.0072087821531917565 0.006241959430616131 0.9999540902411149 0.20588979806016994 0.4540450081439218 0.2518032217872559
FixedParameters: 0 0 0
#Transform 519
Transform: MatrixOffsetTransformBase_double_3_3
Parameters: 0.9999730058376384 -0.00006900383740634749 -0.007346759583649063 0.000027026591749410006 0.9999834009066483 -0.005790217459570757 0.007347367765600028 0.005790224465965485 0.9999565729254641 0.21738510167921277 0.3969636500365965 0.2599831212100696
FixedParameters: 0 0 0
#Transform 520
Transform: MatrixOffsetTransformBase_double_3_3
Parameters: 0.9999702518377322 -0.00025338773858638193 -0.007725629951903371 0.0002085857464175803 0.9999824500102723 -0.005874837642391224 0.007726204400873474 0.005873374094629735 0.9999527972019493 0.22019828408710396 0.4243783463400206 0.269603174389772
FixedParameters: 0 0 0
#Transform 521
Transform: MatrixOffsetTransformBase_double_3_3
Parameters: 0.9999708749018601 -0.00010302135607470348 -0.007623002920745027 0.00005972811484708092 0.9999831202239903 -0.005728284992760152 0.007622931874390501 0.0057280210189129405 0.9999541446827652 0.21806339471392278 0.4346160807594259 0.25931105273523514
FixedParameters: 0 0 0
#Transform 522
Transform: MatrixOffsetTransformBase_double_3_3
Parameters: 0.9999753059774784 0.0002023334218561922 -0.007045535403832301 -0.00024562508911785987 0.9999810712967565 -0.006136442172095163 0.007043827869258745 0.0061379369652766955 0.999955933238106 0.20418251039576774 0.4249729508945137 0.24744551844187868
FixedParameters: 0 0 0
#Transform 523
Transform: MatrixOffsetTransformBase_double_3_3
Parameters: 0.9999815686756096 -0.000012991635151425769 -0.006117150889715496 -0.00002993214809389561 0.9999756628892706 -0.006949250266240069 0.006117096783742412 0.006950010986517749 0.9999573314789034 0.17347203963802826 0.42343601579692347 0.1756377768647468
FixedParameters: 0 0 0
#Transform 524
Transform: MatrixOffsetTransformBase_double_3_3
Parameters: 0.9999794361392712 -0.00009248216990592468 -0.006367913272518953 0.000050784753906830716 0.9999786652800086 -0.006575445316860121 0.006367936266148342 0.006574328487326329 0.9999583256529292 0.17765247887467694 0.479592324829369 0.19493943923921364
FixedParameters: 0 0 0
#Transform 525
Transform: MatrixOffsetTransformBase_double_3_3
Parameters: 0.9999796029964035 -0.00013312117279693013 -0.006432152387457308 0.00009068328095603343 0.9999788366273142 -0.006566570752816893 0.006432710951987717 0.006565918086019071 0.9999575482839059 0.18906214913842234 0.36729025054889064 0.19277907585569665
FixedParameters: 0 0 0
#Transform 526
Transform: MatrixOffsetTransformBase_double_3_3
Parameters: 0.9999781502526519 -0.00027840527958383906 -0.006539770025411052 0.00024309832495613177 0.9999844307451206 -0.005526887008270344 0.006541108690873749 0.005525495598790897 0.9999636481066942 0.1945011089812425 0.3766745860199592 0.17830798143375404
FixedParameters: 0 0 0
#Transform 527
Transform: MatrixOffsetTransformBase_double_3_3
Parameters: 0.9999790826996878 -0.0003031129193738142 -0.006466952649528069 0.0002630899856905524 0.9999807107033506 -0.006184968028728123 0.006468691685527019 0.0061832064870868605 0.9999598917546442 0.19303196259566846 0.4629420156411044 0.18050365141660052
FixedParameters: 0 0 0
#Transform 528
Transform: MatrixOffsetTransformBase_double_3_3
Parameters: 0.9999795447068172 -0.00018793458251492286 -0.006435030317052693 0.00014962777522525549 0.999982746586279 -0.005932720681641447 0.0064364140083633115 0.00593131979030187 0.9999614340247387 0.19377124026453885 0.3806968250231506 0.19309717407423221
FixedParameters: 0 0 0
#Transform 529
Transform: MatrixOffsetTransformBase_double_3_3
Parameters: 0.9999762253195812 -0.00019234707606283002 -0.006835883662718911 0.0001490891710583278 0.999979196204925 -0.006384626892792636 0.006837021798782024 0.006383608814540316 0.9999565282752699 0.21396690695245013 0.4547570384081183 0.18500744729750807
FixedParameters: 0 0 0
#Transform 530
Transform: MatrixOffsetTransformBase_double_3_3
Parameters: 0.9999743037295892 -0.0004530723182069685 -0.007105833301844951 0.0004113857468572989 0.9999831004403408 -0.005812528513543538 0.00710804630199932 0.005808810229875831 0.9999576735793881 0.21964427171363354 0.40810745739342735 0.17210189340418935
FixedParameters: 0 0 0
#Transform 531
Transform: MatrixOffsetTransformBase_double_3_3
Parameters: 0.9999761106085637 -0.00019714024783040382 -0.0069173604129286834 0.00016155782933134733 0.9999861875952731 -0.0051736908007345705 0.006917760964902457 0.005172494440232642 0.9999624075680124 0.21672142644989378 0.4093232738938326 0.18274550983002058
FixedParameters: 0 0 0
#Transform 532
Transform: MatrixOffsetTransformBase_double_3_3
Parameters: 0.999977848518479 -0.00029983538222279414 -0.006637652515163528 0.00025776818128108846 0.9999798311104322 -0.006330975650418902 0.006639280915224422 0.006328321158251486 0.9999578939585716 0.1790445756566612 0.4693784916110957 0.16522359342913262
FixedParameters: 0 0 0
#Transform 533
Transform: MatrixOffsetTransformBase_double_3_3
Parameters: 0.9999787557943245 -0.0003248660347711361 -0.006567643907062695 0.0002842280551637377 0.9999812901909199 -0.006137078280235096 0.006569626649254074 0.006134977910601351 0.9999591695727916 0.18588339192685055 0.3811829821300847 0.18307793307407394
FixedParameters: 0 0 0
#Transform 534
Transform: MatrixOffsetTransformBase_double_3_3
Parameters: 0.9999763446300813 -0.00024525043108090564 -0.006826045200194587 0.0002017290501003763 0.9999797967738882 -0.006335841851609958 0.006826910377685801 0.0063339719496699545 0.9999562911242014 0.19114767746211214 0.44676183986611306 0.18247410778673157
FixedParameters: 0 0 0
#Transform 535
Transform: MatrixOffsetTransformBase_double_3_3
Parameters: 0.9999765167184158 -0.00044415600510769917 -0.006802701329808733 0.0004054798117604819 0.999983528859548 -0.00578044156805458 0.006805864808649647 0.005777813144563729 0.9999601971848043 0.21276563676151738 0.4145798067849995 0.19423699400255146
FixedParameters: 0 0 0
#Transform 536
Transform: MatrixOffsetTransformBase_double_3_3
Parameters: 0.9999758018434802 -0.00018822105165288805 -0.006939245937051355 0.00014803678557240497 0.999983543102318 -0.005780668039346661 0.006940440148459143 0.005779635254523352 0.9999594520821203 0.2185426599163236 0.4118783517063349 0.207424187722701
FixedParameters: 0 0 0
#Transform 537
Transform: MatrixOffsetTransformBase_double_3_3
Parameters: 0.999975914932502 -0.00023316882042546234 -0.007002088524420127 0.00019517182159267554 0.9999852741296813 -0.0053547711422968144 0.007002853781494273 0.0053531908605647105 0.9999613167608502 0.2127453078595778 0.39215754881867326 0.1890953565936826
FixedParameters: 0 0 0
#Transform 538
Transform: MatrixOffsetTransformBase_double_3_3
Parameters: 0.9999759167387 -0.00013558032677538513 -0.006859894676166818 0.00009430309490232979 0.9999810954457258 -0.006072469632622618 0.00686039505647505 0.006072201093131821 0.999958088137583 0.2112509072762947 0.4338806580092296 0.19349304372848763
FixedParameters: 0 0 0
#Transform 539
Transform: MatrixOffsetTransformBase_double_3_3
Parameters: 0.9999740131351444 -0.00033202799079263786 -0.00713247764442518 0.00029122130312260713 0.9999838940214016 -0.005663150090365034 0.00713426733479294 0.0056611263086564015 0.9999580053804611 0.22244687078841707 0.4219752109085846 0.18974518850421163
FixedParameters: 0 0 0
#Transform 540
Transform: MatrixOffsetTransformBase_double_3_3
Parameters: 0.999974200011417 -0.000536992689459146 -0.007177056158467055 0.000499731777541923 0.9999864371495112 -0.005237810351029347 0.0071798936379376755 0.005233903944089055 0.9999609330115611 0.23256899211101256 0.3999946056821102 0.18489087904145407
FixedParameters: 0 0 0
#Transform 541
Transform: MatrixOffsetTransformBase_double_3_3
Parameters: 0.9999724453220274 -0.000561084006975581 -0.007432989726851275 0.0005208009363739508 0.9999855142637849 -0.005323948957106729 0.007435093510749885 0.0053197059698806975 0.9999582779872311 0.24220027290296287 0.41502916631336007 0.18571118360287642
FixedParameters: 0 0 0
#Transform 542
Transform: MatrixOffsetTransformBase_double_3_3
Parameters: 0.9999704669621149 -0.0006179223245786254 -0.007625446928954966 0.000576510942709797 0.9999853606651538 -0.00533324329767252 0.00762909276931028 0.005328067478552231 0.9999562728035752 0.2443200699453172 0.4403150473607269 0.184687628346353
FixedParameters: 0 0 0
#Transform 543
Transform: MatrixOffsetTransformBase_double_3_3
Parameters: 0.9999723870939691 -0.0004424947577742133 -0.0073761944521757005 0.00040624861490686393 0.9999876406732823 -0.0050315668682615125 0.007378878727913657 0.005028971850015711 0.9999601455990489 0.23161061172247344 0.39521745411775555 0.19203409290682316
FixedParameters: 0 0 0
#Transform 544
Transform: MatrixOffsetTransformBase_double_3_3
Parameters: 0.999970307988501 -0.0005114719628297966 -0.007644003734616243 0.0004731821390185129 0.9999867372210832 -0.005115867357413727 0.00764632571751858 0.0051122740399370675 0.9999572618419034 0.24400123302247323 0.4444495936400159 0.2064885196220203
FixedParameters: 0 0 0
#Transform 545
Transform: MatrixOffsetTransformBase_double_3_3
Parameters: 0.9999675695639793 -0.000885256821210404 -0.00797850018262981 0.0008440024703173644 0.9999861226974815 -0.005142457527206171 0.007982612362562144 0.005134968320730508 0.9999546170169942 0.2659181009583733 0.4147020811076345 0.18101459447183288
FixedParameters: 0 0 0
#Transform 546
Transform: MatrixOffsetTransformBase_double_3_3
Parameters: 0.9999666517443014 -0.0008938054573883005 -0.008158376040513678 0.0008532560236650727 0.9999871491906397 -0.005046639309888676 0.008162355504388749 0.00503981960193052 0.9999536172305199 0.27463566112679416 0.3974912587080013 0.2085195576653618
FixedParameters: 0 0 0
#Transform 547
Transform: MatrixOffsetTransformBase_double_3_3
Parameters: 0.9999656493203192 -0.0006664832140805206 -0.008300715529528479 0.0006232261894710586 0.9999855624456291 -0.00531163872478814 0.008304514236526093 0.005305666661610073 0.9999517215433258 0.275531037297327 0.43975162673274326 0.225437489349531
FixedParameters: 0 0 0
#Transform 548
Transform: MatrixOffsetTransformBase_double_3_3
Parameters: 0.9999677496840602 -0.0007031489955733535 -0.007984311250348522 0.0006586713124259628 0.9999848281602605 -0.00547270086462949 0.007988835597226263 0.005467153109310549 0.9999530794287806 0.2649869491212371 0.41635608384709144 0.23353162365138758
FixedParameters: 0 0 0
#Transform 549
Transform: MatrixOffsetTransformBase_double_3_3
Parameters: 0.9999693836666684 -0.0009077782538854317 -0.007732341673080291 0.0008687016485479474 0.99998718199153 -0.005039416865317087 0.007737642885851716 0.0050327105890236035 0.9999574685914135 0.2469535847680504 0.42385829562827837 0.2369459395706528
FixedParameters: 0 0 0
#Transform 550
Transform: MatrixOffsetTransformBase_double_3_3
Parameters: 0.999970665332416 -0.000634570719912807 -0.007676440969130198 0.0005975843835800761 0.9999886619891766 -0.004814371861614791 0.0076798683329043285 0.004809825615848945 0.9999586894812943 0.24455919466063847 0.42797013716879917 0.20551158731180408
FixedParameters: 0 0 0
#Transform 551
Transform: MatrixOffsetTransformBase_double_3_3
Parameters: 0.9999753793851357 -0.0007229302338491116 -0.006935482249287882 0.0006917228041803981 0.9999890869391836 -0.004547281979681357 0.006938739104063417 0.004542833057343189 0.9999659685796963 0.21061447950580714 0.37016342377637557 0.1585994650042295
FixedParameters: 0 0 0
#Transform 552
Transform: MatrixOffsetTransformBase_double_3_3
Parameters: 0.999975943672408 -0.0007550655040685834 -0.006963390528929412 0.0007256011865392051 0.9999911613344342 -0.0041894768359856185 0.006966636323476862 0.004184386755059999 0.9999667129705194 0.2281184273906689 0.40307140602700997 0.16473915943914363
FixedParameters: 0 0 0
#Transform 553
Transform: MatrixOffsetTransformBase_double_3_3
Parameters: 0.9999718097078314 -0.0008334876245771356 -0.007517081122190605 0.0007971081501323827 0.9999879278387088 -0.004868031211349655 0.0075205163603889544 0.004861545531971136 0.9999595327691245 0.23533626748201186 0.49446382506845055 0.17369403479172973
FixedParameters: 0 0 0
#Transform 554
Transform: MatrixOffsetTransformBase_double_3_3
Parameters: 0.9999699484555237 -0.0008692435388470956 -0.007701057612403828 0.0008327230461614716 0.999987907423421 -0.004761231532558224 0.007704657800664124 0.004754156701851461 0.9999587529582837 0.24349602051435681 0.38713923829325836 0.1559235794717182
FixedParameters: 0 0 0
#Transform 555
Transform: MatrixOffsetTransformBase_double_3_3
Parameters: 0.9999677105643275 -0.000817568696829181 -0.007976361745629481 0.0007792772109734775 0.9999878806833312 -0.004774123653095479 0.007980407769916993 0.00476781407685152 0.9999572965017474 0.2559743702817343 0.42676650274455596 0.17039966300939824
FixedParameters: 0 0 0
#Transform 556
Transform: MatrixOffsetTransformBase_double_3_3
Parameters: 0.9999695980724298 -0.0006894852171649478 -0.007805908934635479 0.0006512529150603698 0.9999880215509707 -0.004874568231213537 0.007808868141068989 0.004869279083543204 0.9999580961552876 0.25456141441662794 0.4156326406369999 0.1720400692787436
FixedParameters: 0 0 0
#Transform 557
Transform: MatrixOffsetTransformBase_double_3_3
Parameters: 0.9999688332032372 -0.0006228257859632717 -0.007859739622784585 0.0005881930413727439 0.9999902051311553 -0.004426356414456399 0.007862733035567332 0.00442101235975851 0.9999594890294118 0.25586297265550684 0.3628217771544797 0.20233718845219784
FixedParameters: 0 0 0
#Transform 558
Transform: MatrixOffsetTransformBase_double_3_3
Parameters: 0.9999694595031741 -0.000726321258419188 -0.007811372272176997 0.0006895578196548988 0.9999891124124722 -0.004649723064659786 0.007814517175133193 0.00464383170133785 0.9999591530587186 0.25383612581684645 0.4158577549880391 0.1988781831489348
FixedParameters: 0 0 0
#Transform 559
Transform: MatrixOffsetTransformBase_double_3_3
Parameters: 0.9999673220760171 -0.0008221449988493118 -0.008000276822070076 0.0007898874878932078 0.9999915774871763 -0.0040092489766644646 0.008003584906671671 0.004002626880777321 0.9999596408687346 0.26629624817876163 0.3862127562805995 0.20096471897045376
FixedParameters: 0 0 0
#Transform 560
Transform: MatrixOffsetTransformBase_double_3_3
Parameters: 0.9999669867420184 -0.0007668492660188419 -0.008150392363642142 0.000731036957352327 0.9999898614690197 -0.004459094573482224 0.008153583243848815 0.0044533107003676825 0.9999564009255542 0.2686595511900691 0.4110675164244526 0.20974402678446324
FixedParameters: 0 0 0
#Transform 561
Transform: MatrixOffsetTransformBase_double_3_3
Parameters: 0.9999655050357013 -0.0007428975555996409 -0.008242347563750039 0.0007091870596360471 0.9999909401019865 -0.004103958439304244 0.00824601282741739 0.004098663832513345 0.9999579224461109 0.26581274447892156 0.41647842862744255 0.26567520489486185
FixedParameters: 0 0 0
#Transform 562
Transform: MatrixOffsetTransformBase_double_3_3
Parameters: 0.9999673916131065 -0.0006423226682642413 -0.008074904057564449 0.0006061251429485174 0.9999898623064134 -0.004463486633764613 0.008077046048616712 0.004457844352422906 0.9999577253545567 0.25949703828098336 0.38773603050523775 0.19624345300394452
FixedParameters: 0 0 0
#Transform 563
Transform: MatrixOffsetTransformBase_double_3_3
Parameters: 0.9999680575393721 -0.0003958040179577829 -0.007986936116951525 0.000358124546738907 0.9999885456427211 -0.0047334460141153015 0.00798793599608239 0.004730750661267269 0.9999567250866426 0.25623510382413883 0.4526213432991284 0.23988803352241206
FixedParameters: 0 0 0
#Transform 564
Transform: MatrixOffsetTransformBase_double_3_3
Parameters: 0.9999608455704567 -0.0008915742479333971 -0.008795587764091166 0.0008636269683568079 0.9999941081909957 -0.0032329905065588208 0.008798324613020396 0.0032247284562963024 0.9999558779683053 0.24795631784489558 0.3981127164013287 0.30559218299422497
FixedParameters: 0 0 0
#Transform 565
Transform: MatrixOffsetTransformBase_double_3_3
Parameters: 0.9999833348102399 0.000023340393805752063 -0.005714581939179116 -0.000047855573901985933 0.9999903480452902 -0.004426313079555502 0.005714486048686904 0.004426923979199707 0.9999738115612317 0.1552620365516617 0.489240957510475 0.0803544250056234
FixedParameters: 0 0 0
#Transform 566
Transform: MatrixOffsetTransformBase_double_3_3
Parameters: 0.999985786184175 -0.0008641844425768774 -0.005241556536574791 0.0008413202006768187 0.9999904976424951 -0.0043576531514190955 0.005245416890464082 0.00435247541434132 0.999976339170932 0.10202133856377316 0.24326304549472866 -0.07898202935294307
FixedParameters: 0 0 0
#Transform 567
Transform: MatrixOffsetTransformBase_double_3_3
Parameters: 0.9999816437106192 -0.001869792098550224 -0.005735090652116385 0.0018384643629532934 0.9999833333061535 -0.005466905302148849 0.0057451635878569725 0.00545575564261138 0.9999685948038536 0.11707674720182126 0.21090353795294448 0.01622072649202977
FixedParameters: 0 0 0
#Transform 568
Transform: MatrixOffsetTransformBase_double_3_3
Parameters: 0.999984128104179 -0.0018262676460557834 -0.005250365949670016 0.0018026942287242536 0.9999882615573735 -0.004480027661573738 0.005257986730944452 0.004470675431026208 0.9999757540173189 0.141068252257881 0.3246243250356571 0.08289445600976819
FixedParameters: 0 0 0
#Transform 569
Transform: MatrixOffsetTransformBase_double_3_3
Parameters: 0.9999798133854443 -0.0020611359056748086 -0.0059980435945277315 0.002024069641949213 0.9999792982636517 -0.00619180755423443 0.006010716368829963 0.006179549828238824 0.9999629104719998 0.15221742002626115 0.44546301395622834 0.027830897013679134
FixedParameters: 0 0 0
#Transform 570
Transform: MatrixOffsetTransformBase_double_3_3
Parameters: 0.9999805383360604 -0.002010064613203708 -0.0058698096322125646 0.0019749589107488953 0.9999808241774443 -0.005911410447548934 0.005881946802885619 0.00589926390572381 0.9999658967237286 0.157072504158009 0.434853490947674 0.008865696233741005
FixedParameters: 0 0 0
#Transform 571
Transform: MatrixOffsetTransformBase_double_3_3
Parameters: 0.9999810499482314 -0.002181524505219324 -0.005765538207085267 0.0021451878392200257 0.9999775970726855 -0.006366573057533201 0.005778456417700343 0.006353739293505738 0.9999634547140994 0.16585738700906916 0.4998166550645209 -0.009865773339583939
FixedParameters: 0 0 0
#Transform 572
Transform: MatrixOffsetTransformBase_double_3_3
Parameters: 0.9999782258714308 -0.002407773038813158 -0.006166697127877101 0.00237292457144082 0.9999810684533605 -0.0056719392736163735 0.006179346204102782 0.005656803871912759 0.9999648926855922 0.17559599055223885 0.4565715220793578 -0.030690512436670758
FixedParameters: 0 0 0
#Transform 573
Transform: MatrixOffsetTransformBase_double_3_3
Parameters: 0.9999767811701455 -0.002430513682949125 -0.006431023835944465 0.0023918249040037506 0.9999786603249934 -0.006046561682731447 0.006445438264876785 0.006031157792496522 0.9999610902858088 0.18185531531291588 0.4338919984141256 -0.03834007688887198
FixedParameters: 0 0 0
#Transform 574
Transform: MatrixOffsetTransformBase_double_3_3
Parameters: 0.9999779646426288 -0.002422618201952425 -0.006262365913748525 0.0023828230255652587 0.9999765786358333 -0.006451220245195587 0.0062774779357641815 0.006435488874004323 0.9999592494148142 0.19064448598706463 0.44991215434664866 -0.00438735678626756
FixedParameters: 0 0 0
#Transform 575
Transform: MatrixOffsetTransformBase_double_3_3
Parameters: 0.9999753640461201 -0.002441143010875756 -0.006535951702208622 0.002400310456798114 0.9999769649157187 -0.0063418635133142345 0.0065516983989722406 0.00632583674195366 0.9999580685757734 0.21239915085435257 0.43282857796781116 0.012476644261077752
FixedParameters: 0 0 0
#Transform 576
Transform: MatrixOffsetTransformBase_double_3_3
Parameters: 0.9999759625039089 -0.002434375035488192 -0.006415788529973302 0.002392713083854619 0.9999757130357076 -0.0065195275970108615 0.006431290183923308 0.00650417498009867 0.9999583379274597 0.20300469817458122 0.3948994300887563 0.024488757363144487
FixedParameters: 0 0 0
#Transform 577
Transform: MatrixOffsetTransformBase_double_3_3
Parameters: 0.9999755315645044 -0.0024450646737719153 -0.00659794019074483 0.0024041114260278775 0.9999776528088261 -0.006290985899513282 0.006613491152864586 0.006275730369793224 0.9999588224578589 0.2065533730520741 0.3988168913654988 0.04869258429444301
FixedParameters: 0 0 0
#Transform 578
Transform: MatrixOffsetTransformBase_double_3_3
Parameters: 0.999974303597613 -0.002631140323461927 -0.006695136326635977 0.0025872693273184155 0.9999744166826513 -0.006630765242084009 0.006712576390349487 0.006613560319974281 0.9999550697401042 0.21097861837003506 0.4097263418558299 0.05256424467287246
FixedParameters: 0 0 0
#Transform 579
Transform: MatrixOffsetTransformBase_double_3_3
Parameters: 0.9999722989979067 -0.002665101742562185 -0.006975456905386573 0.0026222442542789613 0.9999774470847976 -0.006150488130818595 0.00699095884911976 0.006132719003756164 0.9999573027107727 0.2116499274325463 0.4178305651886376 0.06157619212814325
FixedParameters: 0 0 0
#Transform 580
Transform: MatrixOffsetTransformBase_double_3_3
Parameters: 0.9999727981442785 -0.0024394774441513496 -0.007021366464634269 0.0023913355363125053 0.9999733820314641 -0.006845875879881384 0.00703806353626958 0.006828115398551028 0.9999518233954391 0.2139919459805668 0.44016405355255017 0.07623608468844623
FixedParameters: 0 0 0
#Transform 581
Transform: MatrixOffsetTransformBase_double_3_3
Parameters: 0.9999711781102836 -0.002560490415220778 -0.00716404445947156 0.002508325172924389 0.9999701114566548 -0.007327598742947181 0.0071824572512325085 0.007309568979622524 0.9999478235245166 0.21777013833704473 0.4324593845317253 0.06096973488133273
FixedParameters: 0 0 0
#Transform 582
Transform: MatrixOffsetTransformBase_double_3_3
Parameters: 0.999972741045216 -0.002250180669917495 -0.007088148168002755 0.002201719636123755 0.9999738032655017 -0.00687837757907693 0.00710332954862017 0.006863121649894978 0.9999514274275706 0.20933477518863697 0.44764726506394936 0.05691202626638159
FixedParameters: 0 0 0
#Transform 583
Transform: MatrixOffsetTransformBase_double_3_3
Parameters: 0.9999734275347704 -0.0020100824228158347 -0.006969756431718878 0.001959408499717367 0.999972745234808 -0.00715838925680911 0.00698371245011613 0.007144916034183289 0.9999503014865871 0.1984494509995045 0.5116524037403138 0.08843570969324333
FixedParameters: 0 0 0
#Transform 584
Transform: MatrixOffsetTransformBase_double_3_3
Parameters: 0.9999724335349912 -0.0018966492706011164 -0.007211170621732543 0.0018486284739701185 0.9999758580182178 -0.0067454197996789575 0.007223994828319098 0.0067318791806489295 0.9999516841946842 0.2123489826812346 0.43283976799074253 0.10062672030734632
FixedParameters: 0 0 0
#Transform 585
Transform: MatrixOffsetTransformBase_double_3_3
Parameters: 0.9999744214859985 -0.001999730720561679 -0.006899930571344326 0.001962724667315619 0.9999839153099047 -0.005390293199925532 0.006910700470370223 0.005376977327744309 0.999961475647207 0.1891760213297573 0.4771255392167575 0.10338678307488891
FixedParameters: 0 0 0
#Transform 586
Transform: MatrixOffsetTransformBase_double_3_3
Parameters: 0.9999762102956038 -0.0015805076995838623 -0.006731168237933947 0.0015381422927537097 0.9999784778072236 -0.0063026775995932635 0.006741866251423334 0.00629176929933218 0.9999573736397667 0.16433418745484119 0.4185095000813419 -0.00849886627265306
FixedParameters: 0 0 0
#Transform 587
Transform: MatrixOffsetTransformBase_double_3_3
Parameters: 0.9999704330571446 -0.0021619491982573383 -0.00734307423838968 0.0021247259030470716 0.9999846411596286 -0.005080592399287959 0.007354266796647106 0.005065641504260289 0.999960255487428 0.18239280788013446 0.23781329421422015 0.1408340839540756
FixedParameters: 0 0 0
#Transform 588
Transform: MatrixOffsetTransformBase_double_3_3
Parameters: 0.9999727326683506 -0.001330044069518161 -0.007315442425692527 0.0012823504732289394 0.9999774981244278 -0.0065095836332898505 0.007324157988418454 0.006500111764999039 0.9999515670006619 0.14291091543506695 0.36941789707839234 -0.08460486400289113
FixedParameters: 0 0 0
#Transform 589
Transform: MatrixOffsetTransformBase_double_3_3
Parameters: 0.9999710210412709 -0.0014590993214565894 -0.0074745872576015004 0.001417989920942764 0.9999844327071805 -0.0053982589705789535 0.007482394542328658 0.005387484171254689 0.9999573817791584 0.15664335164535714 0.417151962111447 0.021714932185503244
FixedParameters: 0 0 0
#Transform 590
Transform: MatrixOffsetTransformBase_double_3_3
Parameters: 0.9999689653059392 -0.0016169230899836433 -0.007710038048172549 0.0015754916994699946 0.9999842334981788 -0.005380139258594492 0.0077183568463051345 0.005367513135903751 0.9999559276209322 0.1891531162825828 0.39927380037120486 0.048274593779247255
FixedParameters: 0 0 0
#Transform 591
Transform: MatrixOffsetTransformBase_double_3_3
Parameters: 0.9999674225597068 -0.0016789892242255642 -0.007859640607873848 0.001640887135548488 0.999986835428539 -0.004816608960883449 0.007868055454552646 0.004803609723744738 0.999957272744381 0.21046580515628932 0.3998325112873573 0.03700584812762031
FixedParameters: 0 0 0
#Transform 592
Transform: MatrixOffsetTransformBase_double_3_3
Parameters: 0.999965601031407 -0.0018364380989079096 -0.008126814377217732 0.0017938741883012867 0.9999848090384152 -0.005174651981946839 0.00813675184204506 0.0051595057675861075 0.9999533464455888 0.2084336190070104 0.5006577525857949 0.043009411304801404
FixedParameters: 0 0 0
#Transform 593
Transform: MatrixOffsetTransformBase_double_3_3
Parameters: 0.9999645664387565 -0.0016534547840365461 -0.008289633900339806 0.0016144204853452927 0.999987198250038 -0.00468405158180011 0.008297307060609655 0.004670582665806923 0.999954573537253 0.21299093971870775 0.4395025976927798 0.07618038707749264
FixedParameters: 0 0 0
#Transform 594
Transform: MatrixOffsetTransformBase_double_3_3
Parameters: 0.9999639948358544 -0.0017592755884102414 -0.008362247007697547 0.0017115311830690613 0.9999823713697465 -0.005696642337630141 0.008372756276796976 0.005681267329466569 0.9999488464453348 0.2132343132788037 0.47123238129859146 0.0693562816139206
FixedParameters: 0 0 0
#Transform 595
Transform: MatrixOffsetTransformBase_double_3_3
Parameters: 0.9999642650797171 -0.001987669736292201 -0.00817401044044977 0.0019492725559847473 0.9999875786042602 -0.004642426344578503 0.00818271493938133 0.004626570356421264 0.9999556738380976 0.19859925592606942 0.3825356606326551 0.06675257536051049
FixedParameters: 0 0 0
#Transform 596
Transform: MatrixOffsetTransformBase_double_3_3
Parameters: 0.9999679784629075 -0.0015967978233859302 -0.007905175999947098 0.0015480743883386494 0.9999794607115543 -0.006149264223432108 0.007915170064277537 0.006136676084103385 0.9999499966317313 0.19119168909344353 0.4333608355040468 0.08472681603602439
FixedParameters: 0 0 0
#Transform 597
Transform: MatrixOffsetTransformBase_double_3_3
Parameters: 0.9999618349480216 -0.0019588465588682865 -0.008505983248773507 0.0019144134952206204 0.9999843524187597 -0.005284814700849558 0.008516334354070424 0.005268612266890647 0.9999497391161527 0.2064139180646123 0.41765136995238095 0.10055210760051381
FixedParameters: 0 0 0
#Transform 598
Transform: MatrixOffsetTransformBase_double_3_3
Parameters: 0.9999594073733398 -0.0020311651302666245 -0.008746570637654992 0.001985289246006692 0.9999847729007929 -0.005219560341721628 0.008756413590866038 0.005201434028516284 0.9999482721513058 0.21645469380240456 0.41176088387699394 0.11186317398239964
FixedParameters: 0 0 0
#Transform 599
Transform: MatrixOffsetTransformBase_double_3_3
Parameters: 0.9999597429069005 -0.0022087852041089663 -0.00874056887531494 0.0021660766208850563 0.999985633774073 -0.004874429941143996 0.008751984437419268 0.004855161692806018 0.9999497208969879 0.2176901142840535 0.4114748746166157 0.13324846509062382
FixedParameters: 0 0 0
#Transform 600
Transform: MatrixOffsetTransformBase_double_3_3
Parameters: 0.9999564281728243 -0.0019562076572066057 -0.009153035418742211 0.0019021386420363141 0.9999808902589264 -0.005870786231106213 0.009164022204426688 0.005853025239070733 0.9999407495027139 0.2239366056705876 0.47752780680237095 0.15364127435872632
FixedParameters: 0 0 0
#Transform 601
Transform: MatrixOffsetTransformBase_double_3_3
Parameters: 0.9999601088100364 -0.0020169947420125827 -0.008651481672097202 0.0019721331716015104 0.9999849874428421 -0.005106340509138989 0.008661867770107417 0.00508869403252548 0.9999490960342768 0.2110950851658231 0.42657135525378465 0.15663157184456367
FixedParameters: 0 0 0
#Transform 602
Transform: MatrixOffsetTransformBase_double_3_3
Parameters: 0.9999593621344987 -0.001670637758886676 -0.008880791821744826 0.0016199331153177452 0.9999820179869037 -0.005755889342088982 0.008890202412172823 0.0057409851921973384 0.9999442062925266 0.2168366125412149 0.48566116688196814 0.1670234003000317
FixedParameters: 0 0 0
#Transform 603
Transform: MatrixOffsetTransformBase_double_3_3
Parameters: 0.9999605819875571 -0.0019210883323496147 -0.008646053598651674 0.001875933305980892 0.9999848929558054 -0.005241868937874365 0.008655837692523911 0.005224923500131616 0.9999488561611384 0.21209551785679537 0.44473082431328237 0.2141855929844496
FixedParameters: 0 0 0
#Transform 604
Transform: MatrixOffsetTransformBase_double_3_3
Parameters: 0.9999577495880619 -0.0019663359657488702 -0.009022143950115432 0.001922032398863824 0.9999855394602634 -0.004979657653474058 0.009032400791760781 0.004962963600886529 0.9999467341376828 0.21831351694062562 0.4636380419811701 0.23194213266337727
FixedParameters: 0 0 0
#Transform 605
Transform: MatrixOffsetTransformBase_double_3_3
Parameters: 0.9999579658987481 -0.0021016849726469334 -0.008923947192738632 0.00205386185971538 0.9999838887360619 -0.00528418274120817 0.008935714799921161 0.005265354523084034 0.9999463746258057 0.22402712117921908 0.44704404316605917 0.19362457187543924
FixedParameters: 0 0 0
#Transform 606
Transform: MatrixOffsetTransformBase_double_3_3
Parameters: 0.9999548189338578 -0.0021878853101396202 -0.009242142674901869 0.0021363044398383228 0.999981893915247 -0.00562618595453282 0.009254870612831702 0.005605878731800101 0.9999417811144689 0.23088696216822768 0.4462503299339602 0.22001580634589146
FixedParameters: 0 0 0
#Transform 607
Transform: MatrixOffsetTransformBase_double_3_3
Parameters: 0.9999547825466276 -0.002266143862818566 -0.009279871750484534 0.0022153385088500123 0.9999819658240915 -0.005504702115827126 0.009292020404750068 0.005483759480508672 0.9999413716478358 0.23028921452949191 0.4472347857493162 0.18042417676659284
FixedParameters: 0 0 0
#Transform 608
Transform: MatrixOffsetTransformBase_double_3_3
Parameters: 0.9999574068355568 -0.0026308444378778857 -0.008816098041208096 0.0025738651621946755 0.9999755714646691 -0.006410612231487485 0.008832564386814613 0.00638683461573393 0.999940844218367 0.23738799567385627 0.4268429288728015 0.2045236160842947
FixedParameters: 0 0 0
#Transform 609
Transform: MatrixOffsetTransformBase_double_3_3
Parameters: 0.9999570469503065 -0.0023815725493669657 -0.008962584870955005 0.0023196772381459917 0.9999737763115892 -0.006860670438880848 0.008978600121021186 0.006839806631402184 0.9999363224053095 0.2414348090090357 0.4831732898371115 0.21793386293010286
FixedParameters: 0 0 0
#Transform 610
Transform: MatrixOffsetTransformBase_double_3_3
Parameters: 0.9999573335345663 -0.0020728327389686173 -0.008966870080964796 0.002017910522067225 0.9999791734008491 -0.006147111581896632 0.00897920462125908 0.006128718764983047 0.9999407396201392 0.22523412937108844 0.4500261368904148 0.21250686046751355
FixedParameters: 0 0 0
#Transform 611
Transform: MatrixOffsetTransformBase_double_3_3
Parameters: 0.9999577253052438 -0.0019927489654910594 -0.00901887543630595 0.001924540561165465 0.9999691645163102 -0.0075607006400326485 0.009033769356268982 0.007543835156265048 0.9999304049198494 0.20435641268653626 0.5498211100672563 0.18154062276953908
FixedParameters: 0 0 0
#Transform 612
Transform: MatrixOffsetTransformBase_double_3_3
Parameters: 0.9999603391416854 -0.0019175835470624464 -0.00866148992470549 0.001858855223574305 0.9999756501373058 -0.006696776616095135 0.008673814400617354 0.006681112913640264 0.9999401318983021 0.20892366238831528 0.4026167845835431 0.18871587230383113
FixedParameters: 0 0 0
#Transform 613
Transform: MatrixOffsetTransformBase_double_3_3
Parameters: 0.9999576970268003 -0.002050353667441338 -0.009007887404142378 0.0019906328017450705 0.9999757442428672 -0.006658009125676753 0.009020634340972845 0.006640045257476822 0.9999374527827358 0.21455681732288667 0.4663311626130593 0.1974710871056473
FixedParameters: 0 0 0
#Transform 614
Transform: MatrixOffsetTransformBase_double_3_3
Parameters: 0.9999542212760382 -0.0021813574598474137 -0.00933058214280795 0.0021209254047278394 0.9999768642801058 -0.006466270368204956 0.009344246866648104 0.0064469347236042265 0.9999359007942404 0.2229632951516578 0.4599696789716461 0.19593294014327256
FixedParameters: 0 0 0
#Transform 615
Transform: MatrixOffsetTransformBase_double_3_3
Parameters: 0.9999578275621852 -0.0021758293714881777 -0.008914973785206465 0.002118714232833294 0.9999774700963446 -0.006413575898515572 0.008928566106599796 0.006394442713917044 0.9999392542368741 0.2228344903762718 0.4345350321645043 0.19201354938658
FixedParameters: 0 0 0
#Transform 616
Transform: MatrixOffsetTransformBase_double_3_3
Parameters: 0.9999494116172434 -0.002248335984110498 -0.009827036381297269 0.0021842284207789393 0.9999764353410272 -0.006480519749833533 0.009841403485581452 0.006458428654124604 0.9999311870633121 0.2350442921385394 0.5125428322393901 0.22184834414179733
FixedParameters: 0 0 0
#Transform 617
Transform: MatrixOffsetTransformBase_double_3_3
Parameters: 0.9999587175125718 -0.0021696955369383646 -0.008866183574426968 0.002117798558568273 0.9999807159701127 -0.005821443070120343 0.00887861312742877 0.0058025620405642575 0.9999433706488543 0.21943027300046936 0.40738135691988475 0.21744369732370217
FixedParameters: 0 0 0
#Transform 618
Transform: MatrixOffsetTransformBase_double_3_3
Parameters: 0.9999546502181953 -0.0020189180619724556 -0.009290040439468851 0.001964923078860137 0.999981768889455 -0.005780368759758216 0.009301401773375947 0.00576203364696045 0.9999402033491464 0.21269959231804592 0.42887382749850644 0.1601016400538171
FixedParameters: 0 0 0
#Transform 619
Transform: MatrixOffsetTransformBase_double_3_3
Parameters: 0.9999521594638839 -0.002437918562699352 -0.009483753167927402 0.002388569416279688 0.9999835455463427 -0.005202065112514122 0.009495473040246996 0.005179171166477203 0.9999416494680863 0.22017544365895958 0.43099071381264764 0.16037596205195825
FixedParameters: 0 0 0
#Transform 620
Transform: MatrixOffsetTransformBase_double_3_3
Parameters: 0.9999512733548666 -0.0023517078687698436 -0.00960374020078402 0.0022937842320013306 0.9999793940464203 -0.0060497908816303445 0.009617832767923409 0.006027224957502873 0.9999358718348587 0.2282898419712751 0.4820223530264087 0.17984611646438253
FixedParameters: 0 0 0
#Transform 621
Transform: MatrixOffsetTransformBase_double_3_3
Parameters: 0.9999523655425839 -0.0023056868152950753 -0.009453011266979226 0.0022510237752027705 0.9999803631847995 -0.005815218752505812 0.009465705662977799 0.005794054332055092 0.9999385347089881 0.2224709889895422 0.46266542544910294 0.16608103367422444
FixedParameters: 0 0 0
#Transform 622
Transform: MatrixOffsetTransformBase_double_3_3
Parameters: 0.9999520341673465 -0.0025779609106803044 -0.009453407054371187 0.002526873071130357 0.9999826920494411 -0.005412836718178306 0.009466507644614649 0.005388320892701137 0.9999409223021468 0.2249365045501861 0.46819287542902543 0.197070634882337
FixedParameters: 0 0 0
#Transform 623
Transform: MatrixOffsetTransformBase_double_3_3
Parameters: 0.9999495280596397 -0.00262031618183704 -0.009728852800875203 0.002565739078023609 0.99998115802436 -0.0055416447419684225 0.009742927645612817 0.005516319679237373 0.9999371431256764 0.24943844526283954 0.4893061913767127 0.1909415282035667
FixedParameters: 0 0 0
#Transform 624
Transform: MatrixOffsetTransformBase_double_3_3
Parameters: 0.9999462087178252 -0.0027915519445478876 -0.010001777633003531 0.0027385578920701738 0.9999823398185439 -0.005362365218490463 0.01001669902346505 0.005334426138107404 0.9999355708143784 0.2509244979836893 0.4320105621272603 0.24320354684261503
FixedParameters: 0 0 0
#Transform 625
Transform: MatrixOffsetTransformBase_double_3_3
Parameters: 0.999944791503744 -0.002631341699041089 -0.01021442919480699 0.002569837369373917 0.9999788063364707 -0.006005745939968964 0.010229452869828255 0.005978427433957344 0.9999300789687405 0.25997805776179916 0.48299019121876086 0.20412993211888875
FixedParameters: 0 0 0
#Transform 626
Transform: MatrixOffsetTransformBase_double_3_3
Parameters: 0.9999476247413228 -0.002633538453786687 -0.009873291548079876 0.002579424811737613 0.9999812010934582 -0.005538016154509398 0.009887358737795313 0.005512936057486581 0.9999362742871649 0.26935113056879345 0.3930857788592306 0.09922943759548275
FixedParameters: 0 0 0
#Transform 627
Transform: MatrixOffsetTransformBase_double_3_3
Parameters: 0.9999525334741507 -0.002727807951854006 -0.00933030256493686 0.00268571701419595 0.9999857770373958 -0.004528411022115375 0.00934290389338515 0.004503461796312273 0.9999458979631896 0.2596816842032723 0.4166841193489432 0.20652457561565285
FixedParameters: 0 0 0
#Transform 628
Transform: MatrixOffsetTransformBase_double_3_3
Parameters: 0.9999539091698599 -0.0025975948123968815 -0.009293647692009896 0.0025523137327165824 0.9999850549178508 -0.004878580745067765 0.009306651694483957 0.004854309218941769 0.9999454183529971 0.2523849192569685 0.4755713004615387 0.1898429241785422
FixedParameters: 0 0 0
#Transform 629
Transform: MatrixOffsetTransformBase_double_3_3
Parameters: 0.9999519879957713 -0.0024270031943462622 -0.009494918112508445 0.002384705211917993 0.999987156321717 -0.004412055454991133 0.009505309208239568 0.004389221604649496 0.9999450371153672 0.254840955987774 0.4207540010768298 0.2026767174619053
FixedParameters: 0 0 0
#Transform 630
Transform: MatrixOffsetTransformBase_double_3_3
Parameters: 0.9999509748336185 -0.0023178809807418307 -0.009626616029977773 0.002274710524816531 0.9999873235161604 -0.004555707445054388 0.00963749789808474 0.0045335002232073165 0.9999432888219313 0.2609250529026923 0.5050760880447029 0.22998233992465344
FixedParameters: 0 0 0
#Transform 631
Transform: MatrixOffsetTransformBase_double_3_3
Parameters: 0.9999473692544031 -0.0025232419766344906 -0.00991390739030508 0.002482737074079775 0.9999889112725006 -0.004039504617092897 0.009924418799899352 0.004014233036457024 0.9999429712484899 0.2586116799350151 0.4202096405697944 0.2499847113597582
FixedParameters: 0 0 0
#Transform 632
Transform: MatrixOffsetTransformBase_double_3_3
Parameters: 0.9999466763275638 -0.0023401401124840265 -0.010043532031896198 0.002296802204557161 0.9999887651625063 -0.004276647921056066 0.01005345813086824 0.004253587718555517 0.9999404731482794 0.25922754328858844 0.4994580332780032 0.29667938679057926
FixedParameters: 0 0 0
#Transform 633
Transform: MatrixOffsetTransformBase_double_3_3
Parameters: 0.9999439767901521 -0.0022954800343678674 -0.010333281738985723 0.0022573149307967546 0.9999907163763956 -0.0036699199338583663 0.010341431503384697 0.0036457710965481643 0.9999394532907365 0.25896411052495694 0.42452886252019084 0.30491717703305454
FixedParameters: 0 0 0
#Transform 634
Transform: MatrixOffsetTransformBase_double_3_3
Parameters: 0.9999443404505253 -0.002192432621947183 -0.010338115915107648 0.0021520962748910162 0.9999906124940806 -0.003869252922134768 0.010346233730560424 0.003846252374366539 0.9999389158728261 0.2588869110804808 0.48434043713099584 0.34235128487559763
FixedParameters: 0 0 0
#Transform 635
Transform: MatrixOffsetTransformBase_double_3_3
Parameters: 0.9999563994676031 -0.0020306849537854725 -0.009137727971077887 0.0019903016069227823 0.9999889184369121 -0.004376265224222617 0.009146629601039903 0.004357888889266248 0.999948290589566 0.22989612914294355 0.5213534323837905 0.27405702379275
FixedParameters: 0 0 0
#Transform 636
Transform: MatrixOffsetTransformBase_double_3_3
Parameters: 0.9999592481245138 -0.0017949967286468999 -0.008805715966434967 0.001751884344455701 0.9999865727393479 -0.0049244635968847955 0.008815202441669926 0.004909370510616885 0.9999492829302293 0.21778480823286372 0.4649411461591626 0.26630570816590193
FixedParameters: 0 0 0
#Transform 637
Transform: MatrixOffsetTransformBase_double_3_3
Parameters: 0.9999614950604229 -0.001971180442563611 -0.008581375644413672 0.0019327241635602908 0.9999880022042017 -0.004488986717400174 0.008590264531734568 0.0044713445743665495 0.9999533013988453 0.22395099209064995 0.34322560244892486 0.2842156352967464
FixedParameters: 0 0 0
#Transform 638
Transform: MatrixOffsetTransformBase_double_3_3
Parameters: 0.9999605358864752 -0.0019257441175824772 -0.008647673165729725 0.0018798493064891314 0.9999845059413495 -0.005282893646312473 0.008657660225594447 0.005266858979699841 0.9999483252332704 0.23734590253906163 0.4577513389563137 0.2791462450037585
FixedParameters: 0 0 0
#Transform 639
Transform: MatrixOffsetTransformBase_double_3_3
Parameters: 0.9999628074748134 -0.0019837966842278535 -0.008383628631461467 0.0019444513199654452 0.99998648709113 -0.00476173755329002 0.008392564616143796 0.004745401009388084 0.9999530719533569 0.23460429458427257 0.40723297928889224 0.2584646430539337
FixedParameters: 0 0 0
#Transform 640
Transform: MatrixOffsetTransformBase_double_3_3
Parameters: 0.9999634238493817 -0.0022865763842295256 -0.008208466255422866 0.0022360272371945117 0.9999779436168891 -0.006259782447163326 0.008223161142830776 0.006241997441294014 0.9999462528492876 0.22994949800421693 0.5412920827148042 0.27065589683407154
FixedParameters: 0 0 0
#Transform 641
Transform: MatrixOffsetTransformBase_double_3_3
Parameters: 0.9999594906872337 -0.002314989482618591 -0.008728317536349992 0.0022683015599731645 0.9999835936805102 -0.00532997608763576 0.008740560819009008 0.0053098144417891985 0.9999472228342919 0.25859898405074944 0.43197284677349046 0.25396697925989997
FixedParameters: 0 0 0
#Transform 642
Transform: MatrixOffsetTransformBase_double_3_3
Parameters: 0.9999571121701928 -0.002359029004286313 -0.008963941271977239 0.002316963210426498 0.9999861509190385 -0.004658620770180047 0.00897488503551406 0.004637914599579143 0.9999486850645573 0.2902950413529197 0.39726582867641014 0.19147867416567266
FixedParameters: 0 0 0
#Transform 643
Transform: MatrixOffsetTransformBase_double_3_3
Parameters: 0.9999564987755322 -0.002303350639133439 -0.009067820614108654 0.0022592735049914827 0.9999857646647051 -0.0048265254352872836 0.009078864171758343 0.00480550850076699 0.9999472825430883 0.29047620616969994 0.4775349734085097 0.1662144601351372
FixedParameters: 0 0 0
#Transform 644
Transform: MatrixOffsetTransformBase_double_3_3
Parameters: 0.9999569628989361 -0.0025125705890579474 -0.008873913009285684 0.0024706925996205754 0.9999861348991586 -0.004695234725348829 0.00888645646658755 0.0046730781442710645 0.9999498819543816 0.2926848677660274 0.4208882159979339 0.16450032173628415
FixedParameters: 0 0 0
#Transform 645
Transform: MatrixOffsetTransformBase_double_3_3
Parameters: 0.9999554581768508 -0.002496184690821278 -0.009074320076788385 0.00245310668393815 0.9999850502965806 -0.004819560843367529 0.009086124903364221 0.004796987614952876 0.9999470976232679 0.29191450090499416 0.43508527002410347 0.1388135325555453
FixedParameters: 0 0 0
#Transform 646
Transform: MatrixOffsetTransformBase_double_3_3
Parameters: 0.9999546404913574 -0.002743787109612888 -0.009103188670493053 0.002700794530697127 0.9999856421082438 -0.004742017445236668 0.009116020935095108 0.004716634935834178 0.999947186410433 0.29401101658986306 0.4306212682560613 0.1641488838367735
FixedParameters: 0 0 0
#Transform 647
Transform: MatrixOffsetTransformBase_double_3_3
Parameters: 0.9999531478023315 -0.002697619348704963 -0.00930636119154114 0.002651514901759003 0.9999842701374985 -0.0050192308414908 0.009319958956432652 0.004994896521751169 0.9999436571082251 0.2955183543093085 0.4213030817349761 0.1640606772401867
FixedParameters: 0 0 0
#Transform 648
Transform: MatrixOffsetTransformBase_double_3_3
Parameters: 0.9999542783233553 -0.00274611567005384 -0.009176713443174448 0.002701012096357733 0.9999843824385831 -0.004981181234924116 0.009190659001273985 0.004956505346597438 0.9999454379664329 0.2946593908587971 0.4218738118386369 0.19232610182555732
FixedParameters: 0 0 0
#Transform 649
Transform: MatrixOffsetTransformBase_double_3_3
Parameters: 0.9999544910568524 -0.0027244169763406363 -0.009117544179408067 0.0026759581950621613 0.9999827839439418 -0.005247877203170319 0.0091316211577319 0.005223953186367161 0.9999447903495893 0.2983048107769264 0.4367447241629776 0.15930867270543558
FixedParameters: 0 0 0
