global_signal	global_signal_derivative1	global_signal_power2	global_signal_derivative1_power2	csf	csf_derivative1	csf_power2	csf_derivative1_power2	white_matter	white_matter_derivative1	white_matter_power2	white_matter_derivative1_power2	csf_wm	tcompcor	std_dvars	dvars	framewise_displacement	rmsd	t_comp_cor_00	t_comp_cor_01	t_comp_cor_02	t_comp_cor_03	t_comp_cor_04	t_comp_cor_05	t_comp_cor_06	c_comp_cor_00	c_comp_cor_01	c_comp_cor_02	c_comp_cor_03	c_comp_cor_04	c_comp_cor_05	c_comp_cor_06	c_comp_cor_07	c_comp_cor_08	c_comp_cor_09	c_comp_cor_10	c_comp_cor_11	c_comp_cor_12	c_comp_cor_13	c_comp_cor_14	c_comp_cor_15	c_comp_cor_16	c_comp_cor_17	c_comp_cor_18	c_comp_cor_19	c_comp_cor_20	c_comp_cor_21	c_comp_cor_22	c_comp_cor_23	c_comp_cor_24	c_comp_cor_25	c_comp_cor_26	c_comp_cor_27	c_comp_cor_28	c_comp_cor_29	c_comp_cor_30	c_comp_cor_31	c_comp_cor_32	c_comp_cor_33	w_comp_cor_00	w_comp_cor_01	w_comp_cor_02	w_comp_cor_03	w_comp_cor_04	w_comp_cor_05	w_comp_cor_06	w_comp_cor_07	w_comp_cor_08	w_comp_cor_09	w_comp_cor_10	w_comp_cor_11	w_comp_cor_12	w_comp_cor_13	w_comp_cor_14	w_comp_cor_15	w_comp_cor_16	w_comp_cor_17	w_comp_cor_18	w_comp_cor_19	w_comp_cor_20	w_comp_cor_21	w_comp_cor_22	w_comp_cor_23	w_comp_cor_24	w_comp_cor_25	w_comp_cor_26	w_comp_cor_27	w_comp_cor_28	w_comp_cor_29	w_comp_cor_30	w_comp_cor_31	w_comp_cor_32	w_comp_cor_33	w_comp_cor_34	w_comp_cor_35	w_comp_cor_36	w_comp_cor_37	w_comp_cor_38	w_comp_cor_39	w_comp_cor_40	w_comp_cor_41	w_comp_cor_42	w_comp_cor_43	w_comp_cor_44	w_comp_cor_45	w_comp_cor_46	w_comp_cor_47	w_comp_cor_48	w_comp_cor_49	w_comp_cor_50	w_comp_cor_51	w_comp_cor_52	w_comp_cor_53	w_comp_cor_54	w_comp_cor_55	w_comp_cor_56	w_comp_cor_57	w_comp_cor_58	w_comp_cor_59	w_comp_cor_60	w_comp_cor_61	w_comp_cor_62	a_comp_cor_00	a_comp_cor_01	a_comp_cor_02	a_comp_cor_03	a_comp_cor_04	a_comp_cor_05	a_comp_cor_06	a_comp_cor_07	a_comp_cor_08	a_comp_cor_09	a_comp_cor_10	a_comp_cor_11	a_comp_cor_12	a_comp_cor_13	a_comp_cor_14	a_comp_cor_15	a_comp_cor_16	a_comp_cor_17	a_comp_cor_18	a_comp_cor_19	a_comp_cor_20	a_comp_cor_21	a_comp_cor_22	a_comp_cor_23	a_comp_cor_24	a_comp_cor_25	a_comp_cor_26	a_comp_cor_27	a_comp_cor_28	a_comp_cor_29	a_comp_cor_30	a_comp_cor_31	a_comp_cor_32	a_comp_cor_33	a_comp_cor_34	a_comp_cor_35	a_comp_cor_36	a_comp_cor_37	a_comp_cor_38	a_comp_cor_39	a_comp_cor_40	a_comp_cor_41	a_comp_cor_42	a_comp_cor_43	a_comp_cor_44	a_comp_cor_45	a_comp_cor_46	a_comp_cor_47	a_comp_cor_48	a_comp_cor_49	a_comp_cor_50	a_comp_cor_51	a_comp_cor_52	a_comp_cor_53	a_comp_cor_54	a_comp_cor_55	a_comp_cor_56	a_comp_cor_57	a_comp_cor_58	a_comp_cor_59	a_comp_cor_60	a_comp_cor_61	a_comp_cor_62	edge_comp_00	edge_comp_01	edge_comp_02	edge_comp_03	edge_comp_04	edge_comp_05	edge_comp_06	edge_comp_07	edge_comp_08	edge_comp_09	edge_comp_10	edge_comp_11	edge_comp_12	edge_comp_13	edge_comp_14	edge_comp_15	edge_comp_16	edge_comp_17	edge_comp_18	edge_comp_19	edge_comp_20	edge_comp_21	edge_comp_22	edge_comp_23	cosine00	cosine01	cosine02	trans_x	trans_x_derivative1	trans_x_derivative1_power2	trans_x_power2	trans_y	trans_y_derivative1	trans_y_derivative1_power2	trans_y_power2	trans_z	trans_z_derivative1	trans_z_power2	trans_z_derivative1_power2	rot_x	rot_x_derivative1	rot_x_derivative1_power2	rot_x_power2	rot_y	rot_y_derivative1	rot_y_derivative1_power2	rot_y_power2	rot_z	rot_z_derivative1	rot_z_derivative1_power2	rot_z_power2	motion_outlier00	motion_outlier01	motion_outlier02	motion_outlier03	motion_outlier04	motion_outlier05	motion_outlier06	motion_outlier07	motion_outlier08	motion_outlier09	motion_outlier10	motion_outlier11	motion_outlier12	motion_outlier13	motion_outlier14	motion_outlier15	motion_outlier16	motion_outlier17	motion_outlier18	motion_outlier19	motion_outlier20	motion_outlier21
557.5138402780847	n/a	310821.6821016177	n/a	769.2730036075425	n/a	591780.95407937	n/a	516.7983852759509	n/a	267080.5710238301	n/a	535.6559439932329	480.1390851168243	n/a	n/a	n/a	n/a	-0.1114386631	0.0657924278	-0.0058811051	0.0862232506	-0.0180380373	0.1069276307	-0.0549466184	0.0849443754	-0.0752918218	0.0380462994	-0.1119499618	0.1294337531	0.0042382587	-0.1214084779	0.0202003439	-0.0006332227	0.1970360968	-0.3928630907	0.1702736121	-0.0856400738	0.3637101616	0.0846303338	-0.0768166974	0.158816143	-0.0943777453	0.0869667794	-0.0433477213	0.0604704822	-0.1611451332	0.2325745027	-0.0795631007	0.0740869774	-0.0542114337	0.0213976616	-0.0352481765	0.1113988599	-0.0162407292	-0.005188634	0.0660608035	0.0242124552	-0.0312282018	-0.0115286628	-0.0314909532	0.0048330475	-0.1033117844	0.0433483475	-0.010671453	0.0534210782	0.0178055198	-0.0049402297	0.0874096535	-0.0460690074	0.0061545516	-0.0612545701	0.008147612	-0.0285327572	0.0040521175	-0.0162579359	0.044456495	-0.0441552917	0.0380308492	0.045308377	-0.0669253717	0.0287987435	0.0603391605	0.0655139201	-0.0529747387	0.0733730629	0.0390183205	0.0458415223	-0.0273318693	-0.0173867556	-0.0635083329	0.0503376801	-0.0141088881	-0.012022947	-0.0511278488	0.0344518992	0.0027510895	0.0364566465	-0.0281821921	-0.0359819907	-0.0459056899	-0.1008243505	0.0989913423	0.0285126395	-0.0983979609	-0.0255247057	-0.0263723177	0.0018420551	0.0282397441	0.1459452982	-0.0238927516	-0.0967927591	-0.1142590632	-0.0605900271	-0.0292199119	0.1485615095	0.0349912821	-0.1302499568	-0.0244718264	-0.0255810028	-0.0949878767	0.0194444023	0.0593738047	-0.0816811058	0.0118326278	0.0008446279	-0.0406613363	0.1114008157	-0.0506014857	0.0988478867	-0.0066946615	0.0127952432	0.0192591627	-0.0242371662	0.0725763082	-0.0814760365	0.0481693236	-0.0048198062	0.0709053266	-0.0597762856	0.0157625467	-0.0342319276	0.0970542557	-0.0214291618	-0.1703536748	0.0790683131	0.0643494441	-0.0333791135	-0.0199988838	0.0145199715	0.0370393613	-0.0021693754	-0.080505301	0.0236294369	0.0618148997	0.0034283929	0.0044959897	-0.0932842473	0.0646389232	0.0258050356	0.0475177949	0.0017904099	-0.1042504133	-0.0118353375	-0.0599214821	0.0473821528	0.061578138	0.0478490972	-0.0283391789	-0.1027778259	-0.0514210682	-0.0637690741	0.0891086445	0.2455897152	-0.0062475885	-0.1323154778	-0.0013629241	0.0283674094	0.0857909507	0.0220408588	-0.0528635393	-0.1247533004	0.045593328	0.0510619752	0.0010159268	-0.064505725	0.0856179122	-0.0520032477	0.0778890155	-0.012137434	0.0907912123	-0.0376680968	0.0352698667	-0.0074696619	0.0554141545	-0.0888939801	0.0433304575	-0.104524952	0.1876073821	-0.0013126255	0.0996185998	-0.0787210996	0.0854299192	-0.1240390642	0.101553277	0.0017017805	-0.0578704064	0.0606227014	-0.0217777038	0.1186709048	0.1186491225	0.1186128217	0.00487941	n/a	n/a	2.38086419481e-05	-4.36293e-06	n/a	n/a	1.90351581849e-11	0.0243039	n/a	0.00059067955521	n/a	-0.000111379	n/a	n/a	1.2405281641000001e-08	-0.000275244	n/a	n/a	7.575925953600001e-08	-6.35942e-05	n/a	n/a	4.04422227364e-09	0.0	0.0	0.0	0.0	0.0	0.0	0.0	0.0	0.0	0.0	0.0	0.0	0.0	0.0	0.0	0.0	0.0	0.0	0.0	0.0	0.0	0.0
558.7943300740146	1.2804897959299524	312251.1033228668	1.639654117480731	760.3303041337577	-8.942699473784728	578102.1713841326	79.97187387842965	516.8653562561344	0.0669709801835551	267149.7964977808	0.0044851121867461	535.0526005250985	589.2423316793131	1.747046	77.92935199999998	0.04430993293	0.0265345	0.1721177955	-0.000532677	-0.0317238642	-0.0721632433	-0.0159262249	-0.0502410772	-0.1357613386	-0.0411332708	0.1083369965	0.1156491745	0.0479905199	0.0266561224	-0.1046486516	-0.0983589373	-0.0763026289	0.0133793726	-0.0643140472	-0.034295098	-0.0583891648	0.0639374601	0.0273637438	0.1664575247	-0.0975883693	0.1217264518	-0.0672672192	0.0537390953	0.0460866298	0.1546745207	-0.1302826965	-0.0504759074	-0.1224939937	-0.005839858	-0.0710571832	-0.0218990527	-0.0038699358	0.0750980186	-0.0792303787	0.0580419818	0.0189614088	-0.1415903633	0.0940349425	-0.1027598314	0.0822688396	0.0813291803	0.0850991065	-0.0898795261	-0.0895019406	-0.0172952466	-0.086008556	-0.1668517665	0.0141944795	-0.0238139009	-0.0239237243	-0.0504637705	0.0565413994	-0.0486580237	-7.65067e-05	-0.015650372	0.0848208935	0.0354216418	0.0297991488	0.0279854388	-0.0149542357	-0.002592069	0.0415320762	0.0521677616	-0.0982282953	0.0366642302	-0.0433721086	0.009077003	-0.0293385583	0.03836903	0.0083637566	0.0398576035	-0.0699548146	0.0734721572	-0.0077694622	0.1433007004	0.1030271754	0.0374246104	0.0649095612	0.0137257112	0.0491273525	-0.1543535418	0.1231441317	0.0250530751	-0.0440329595	-0.0061351394	-0.003010851	-0.0838282991	0.1257582885	0.0794482472	-0.0326780851	-0.0242264072	-0.1584880683	-0.1156919635	0.0912293396	0.0288929352	0.0579687034	-0.0050290155	-0.077576848	-0.0076975981	-0.0044609931	-0.0636058526	-0.1142469076	0.0018446506	0.0102878765	0.142170051	-0.0531945678	-0.0431604179	0.0309974429	-0.125472359	-0.0081173366	0.0444349603	0.1370754222	0.028530691	0.0629909304	-0.0440257363	0.0460214043	-0.0962124303	-0.009366778	-0.1429363727	-0.0330175256	-0.0433222976	0.0841303696	-0.0642922326	-0.0581691633	0.0673572151	0.0054649143	0.0093017197	-0.0524192633	-0.0047971403	0.0270959864	-0.0167317806	-0.0617440725	0.0883113522	-0.0528322273	-0.0100762162	0.0920619681	-0.1733667279	0.0220556304	0.1038961936	0.0735380564	0.0135757249	-0.0665452412	-0.1053651039	0.0614602671	-0.0061889785	-0.037551947	0.0654028872	0.0053799472	-0.1536710427	0.0236992874	-0.1463007464	0.0891555302	0.0486978002	-0.056852088	-0.058782624	-0.0500818844	0.0287717479	0.0205523645	-0.067485048	-0.1456178238	-0.1157814905	0.097137265	0.0058043005	-0.0558080661	0.0954181033	-0.1058439856	0.1031623267	-0.01724325	0.0331446487	-0.0792782787	-0.0521097073	-0.0397283893	-0.1245686537	0.0472990261	-0.0745728922	0.0965120733	-0.0063328816	0.072559664	0.0272732982	-0.017634045	-0.0458450356	0.1118608884	-0.0635796038	0.2103547382	-0.023414402	-0.0287363065	0.0292693983	-0.0051665545	0.1186128217	0.1184168613	0.1180905004	0.00676046	0.00188105	3.538349102500001e-06	4.57038194116e-05	0.00388389	0.00388825293	1.5118510847653589e-05	1.50846015321e-05	-0.00183047	-0.02613437	3.3506204209e-06	0.0006830052952969	-0.000250653	-0.000139274	1.9397247076e-08	6.282692640899999e-08	-0.000229987	4.525700000000002e-05	2.048196049000001e-09	5.2894020169e-08	0.0	6.35942e-05	4.04422227364e-09	0.0	1.0	0.0	0.0	0.0	0.0	0.0	0.0	0.0	0.0	0.0	0.0	0.0	0.0	0.0	0.0	0.0	0.0	0.0	0.0	0.0	0.0	0.0
556.7204262595517	-2.0739038144629376	309937.6330146169	4.301077031643922	755.0726914766017	-5.2576126571560735	570134.7694137193	27.642490852687747	516.9036170144929	0.0382607583584331	267189.3492826655	0.0014638856301624	534.7246128630368	486.4811192244616	1.669169	74.455544	0.02176831	0.0161687	-0.093285764	-0.0913618468	-0.0242390153	0.0039689671	0.0409985613	-0.1148932937	0.0941099087	-0.062116025	-0.0837351899	-0.0409023187	0.0322306707	0.0200988433	0.0031760802	-0.0297336655	0.0751994596	0.1533800008	-0.0223191841	0.0169776757	-0.0603438072	-0.1286891934	-0.0498416218	-0.0163136581	-0.106738893	0.1608333324	-0.0709743414	0.0492845534	-0.1503834983	0.0447743624	0.024439687	-0.0676943062	0.0463517678	-0.0470214917	0.0010856368	-0.0619003188	-0.0036423233	0.0810081752	-0.0021781703	-0.1260262478	0.0092470267	-0.0433459953	-0.0342584274	-0.0333426141	-0.0914478588	0.010688988	-0.0779038136	0.0162454368	0.0216599856	0.1004641398	-0.1136960983	-0.0964083821	-0.0239003639	0.0779654865	0.0811629513	0.0737947556	-0.0756017508	0.0392847349	0.128743961	-0.0647608829	0.0817094143	0.0364455384	0.1655997869	0.092069696	-0.04971886	-0.0480005599	0.1021065063	-0.0254039024	-0.0266465794	-0.0135838796	-0.0369085732	-0.1297707957	-0.0778633397	-0.0572735321	0.0460525489	-0.0465981386	-0.0921041498	0.024794586	0.1079645728	0.0103401238	-0.0027202368	0.0584340773	0.1161015685	7.83557e-05	0.0479895811	-0.0609961179	0.0257217837	-0.0441679536	0.0470117355	0.1012717334	0.1267639745	0.1594338789	0.1014092271	-0.1357966784	-0.0612326685	0.017329647	0.0968377857	0.080064922	0.2160499731	0.028440908	0.051045075	0.0969434989	-0.0913168203	0.0905246452	0.0609221068	-0.0007709755	0.0524439399	0.0640116303	0.0862081652	-0.0375943646	-0.0173980396	0.0015484993	-0.0170057253	0.1045010992	-0.0478352623	-0.1075513748	0.0208800403	0.2178663432	0.0019720901	-0.0689503894	0.0639992549	-0.0086728628	-0.0638015737	-0.0040641263	0.0168312616	-0.0985879922	-0.1175924886	0.0253346451	-0.0669464855	0.1223038294	0.0601664844	0.0864391487	-0.0695776945	-0.0778925568	-0.0658360928	-0.01365448	-0.0773383437	0.0372654592	-0.0856340833	0.1170909277	0.0171164573	-0.0847970465	-0.0737200688	0.0328461022	0.0371703509	0.0093445658	0.014858635	-0.0603203478	0.2041156824	-0.0189653631	0.0031563362	-0.051677833	-0.0473370397	0.073818947	0.038724711	-0.0240568845	0.0253843639	-0.1211691441	-0.1385617022	0.061342116	0.1434090433	0.0918066073	-0.0325151486	0.0010860565	-0.0491189047	0.1080812129	0.0721980982	-0.0769637434	-0.0585071414	0.0240455214	0.0894802798	-0.1185335726	-0.0513221147	-0.0550108857	-0.0577021143	-0.0537121081	-0.101347437	0.0967627088	0.0632209357	-0.0384999367	0.1511712901	0.127162212	-0.0051041273	-0.0680807299	-0.0410361236	0.0586865231	0.0143968439	-0.0871403902	0.03887292	0.0029778347	-0.0430906871	-0.0140959689	0.0256928724	0.118496684	0.1179527935	0.1170481578	0.00788457	0.00112411	1.2636232921000006e-06	6.216644408490001e-05	0.00212216	-0.00176173	3.1036925929e-06	4.5035630656000006e-06	0.0139777	0.01580817	0.0001953760972899	0.0002498982387489	-0.00026756	-1.6907000000000033e-05	2.8584664900000106e-10	7.158835360000001e-08	-0.000185408	4.4579e-05	1.9872872409999995e-09	3.4376126464e-08	0.0	0.0	0.0	0.0	0.0	1.0	0.0	0.0	0.0	0.0	0.0	0.0	0.0	0.0	0.0	0.0	0.0	0.0	0.0	0.0	0.0	0.0	0.0	0.0	0.0	0.0
557.9667382078991	1.2463119483473974	311326.8809463622	1.553293472593486	754.7688317069856	-0.3038597696161105	569675.9893163278	0.0923307595911557	517.5311650887353	0.6275480742424406	267838.50683810376	0.3938165854853958	535.2161764001365	521.6463777158948	1.377544	61.447193	0.0498923199999999	0.0270176	0.032512138	0.1803059983	-0.0194146989	-0.0413137362	-0.0681436689	0.0115437242	0.1871073855	0.1484143369	0.0828049627	-0.0693674028	0.0415314747	-0.028722884	0.0010074496	0.1856552023	0.0833300871	-0.0803093771	-0.0257139482	0.0016605842	-0.0500785095	0.113408644	-0.024020146	-0.0612277357	0.0293177912	0.0046772171	0.0188163992	-0.0141753136	-0.0791464115	0.0674641909	0.0424061827	0.0027507601	0.1038687653	0.0329570151	0.0562476774	-0.1155759015	-0.0311512764	0.0745709544	-0.0523425229	-0.036024379	0.0713788838	0.0814567517	0.0444199461	-0.0101069661	0.1714969118	-0.1059260611	-0.0887110077	-0.0378478918	-0.0450238951	0.1482263255	-0.0444713508	-0.2095692369	-0.0326247616	-0.011595131	-0.0312932107	-0.0974777193	-0.1123683718	-0.0126162074	-0.0187242954	-0.0592141246	-0.0415110546	-0.099302245	0.0151755965	-0.0127246175	-0.0438062796	-0.0590376492	0.0137899408	-0.0157715523	0.1174946655	0.0800320328	0.078128285	0.0296644986	0.0041032227	0.0226426984	0.0872865716	-0.0855685274	0.0431915769	0.0495927004	-0.1147460161	-0.1136821451	0.0410401059	0.0780123391	-0.0402135193	-0.0376299129	-0.1330934441	0.0403755828	0.0823215427	-0.0826329958	0.1491882147	0.0730897587	-0.0964436546	-0.0496960573	-0.0744066203	0.0114924006	0.0582332639	-0.0688866239	0.1087314346	0.010677102	0.1012905918	0.0942776034	0.0976816561	-0.0095483696	-0.0464301621	0.0741877595	0.0130490681	-0.078794171	-0.0665376194	-0.1508741411	0.0341001811	-0.1254975889	0.0394399156	-0.0082175356	-0.0557882843	-0.1003072931	0.1690517608	-0.0615866421	0.1454444916	0.1220453232	-0.0301632927	-0.1088034832	-0.0693253319	-0.0547063811	0.0446734153	-0.0774005707	0.0439724181	-0.0298996648	-0.0490835105	-0.0259283959	-0.0638817323	0.0436938882	0.0238244806	0.0136824087	0.0472661629	-0.0290492852	0.1462096141	0.0976099807	0.0574278752	-0.0554787718	-0.0838589217	-0.1147768467	-0.0009088518	0.0325043359	0.1097105337	0.0418738444	-0.0795023542	-0.1193931992	-0.005386205	0.1279294048	-0.0477231905	0.0873209358	0.0613693168	-0.017836458	0.0649424223	0.2721936878	0.0332498435	0.039435583	0.002254017	-0.0149673825	-0.0618417937	-0.0266153806	-0.0030849848	0.1650592726	0.0998991587	-0.0175276029	-0.0351396508	0.0014874374	0.0331430527	-0.025296611	-0.0762712366	-0.1026176693	-0.1033412311	0.1103007586	0.1358017252	0.1084849056	-0.0261428977	-0.0381437538	-0.0338982791	0.112041264	0.069133411	0.0230447714	0.0899246514	0.1932360932	-0.0033371025	0.0172195905	0.0208571163	-0.0570540845	-0.0328063266	-0.0637360169	-0.0129754891	0.0213990617	0.0081453366	-0.0128024468	-0.0941397445	0.1183225485	0.1172578276	0.115490384	0.0126997	0.0048151299999999	2.318547691689999e-05	0.0001612823800899	0.0212234	0.01910124	0.0003648573695375	0.0004504327075599	0.018997	0.0050193	0.000360886009	2.519337249000001e-05	-0.000603251	-0.0003356909999999	1.1268844748099997e-07	3.63911769001e-07	-0.00026885	-8.3442e-05	6.962567364000001e-09	7.22803225e-08	0.0	0.0	0.0	0.0	0.0	0.0	0.0	0.0	0.0	0.0	0.0	0.0	0.0	0.0	0.0	0.0	0.0	0.0	0.0	0.0	0.0	0.0	0.0	0.0	0.0	0.0
560.0797341265167	2.112995918617571	313689.3085792296	4.4647517520945135	754.6395903571545	-0.1292413498310907	569480.9113344139	0.0167033265061623	517.6292673012837	0.0981022125483832	267940.0583668638	0.0096240441068881	535.5264652601724	594.6320858608319	1.602852	71.497368	0.0848543749999999	0.044715	0.1960508926	-0.1511271675	-0.0203734472	0.0601284627	0.0103832509	0.0609724284	-0.0131957241	-0.1995492136	0.0688689563	-0.0188223953	0.0259956128	0.0187190158	-0.0016144918	-0.0066095142	-0.0338923995	0.0042445802	0.1324600945	0.0264528156	0.0917789576	0.1598887611	0.017884258	0.2167606688	0.0344050175	-0.1534250704	0.1091305397	-0.0064310672	0.0121174105	0.0190875635	0.0559304153	-0.1825699181	0.1204683643	0.1582219368	-0.0131523957	0.0282836293	-0.1001981342	0.1086143287	-0.0661820032	-0.0520062881	0.0610186988	0.0384368098	0.0748291325	0.0256191129	-0.0074223922	0.0007595579	0.2195946507	-0.0250498311	0.0452873714	0.1022462645	-0.0170224405	-0.0327931987	0.0124791375	-0.0261664494	0.0622082391	0.0056198434	0.1222160764	-0.0319192387	0.0081990484	0.0403873219	-0.0458240527	0.0510500732	0.0304045759	0.1772268693	-0.099101586	-0.1160728067	-0.1097390197	0.1219041507	0.0841739857	-0.0133429179	0.0398684948	0.0894480486	0.0073280035	0.0753028035	0.1683318913	-0.1391703046	-0.0303937724	-0.1499139781	0.022970176	-0.0269318272	0.0207656722	-0.0881982391	0.01717848	0.0549560081	-0.0013566232	-0.053066982	-0.1566712996	0.0096330181	-0.1350215836	0.0638850299	0.156179159	-0.1737524473	0.0431793642	-0.0225662353	0.0871292462	-0.0923986885	-0.1469930144	0.0835858819	-0.0678977101	-0.0832536066	0.0421766907	-0.024959648	0.0830192815	-0.0864824997	-0.055612605	-0.0448624618	-0.0784964781	0.1618967517	-0.1093509923	0.0438030051	-0.0198398517	-0.1174444775	-0.0469114213	0.009330005	0.075301594	0.0954282198	0.0008804258	0.0817361674	0.044417869	-0.0502935079	0.0975004913	-0.0856676421	-0.004047068	0.0473858761	0.0230756186	-0.1291249605	-0.0257460947	0.0768139261	-0.0734738303	0.0165047641	-0.1310140989	-0.0507801362	0.1383668386	-0.1125209078	0.1375724995	0.1178915873	0.1226974041	-0.1653598171	0.0026610435	0.0186029628	-0.078708002	-0.0339163017	0.0609338409	0.0056939896	-0.0088077147	0.0737471523	0.0858854436	-0.0026299784	-0.0432203476	-0.1745551729	-0.1254665888	-0.0232483086	0.1483601418	-0.1966550571	0.023830664	0.0065054368	0.1791153493	0.0030619178	0.088197277	0.055426998	0.0344737367	-0.0118874774	0.00244225	-0.0336132872	-0.0164685236	-0.0011136599	-0.0765758183	0.1940199905	0.033180819	0.0939136105	0.066694563	0.0588966927	-0.190407284	0.0586943096	0.0517933667	0.0328484101	-0.0527605948	-0.0499922231	0.1384744979	-0.0540289541	0.0371872267	0.1833172599	-0.0147991674	0.1073212815	-0.0691308199	-0.0207091893	-0.1154878215	-0.0568704685	0.0160225879	0.083404928	0.0213334138	-0.0225639815	-0.0246921968	0.1180905004	0.1163333239	0.1134240387	0.013703	0.0010033	1.0066108900000008e-06	0.000187772209	-0.00596306	-0.02718646	0.0007391036073315	3.55580845636e-05	-0.00392633	-0.02292333	1.5416067268899997e-05	0.0005254790582889	-0.000167746	0.000435505	1.89664605025e-07	2.8138720516e-08	-8.94219e-05	0.0001794281	3.2194443069610004e-08	7.99627619961e-09	5.98926e-05	5.98926e-05	3.58712353476e-09	3.58712353476e-09	0.0	0.0	1.0	0.0	0.0	0.0	0.0	0.0	0.0	0.0	0.0	0.0	0.0	0.0	0.0	0.0	0.0	0.0	0.0	0.0	0.0	0.0
558.1947957462565	-1.8849383802601096	311581.42999820504	3.5529926973776056	758.7861848472896	4.146594490135158	575756.4743151052	17.194245865619248	517.8544277939294	0.2251604926457275	268173.20838577807	0.0506972474484667	535.6124543160819	469.8229983202886	1.843908	82.25000799999998	0.0892720949999999	0.0484602	-0.148963854	0.0097255171	-0.094703096	-0.0063117552	-0.0167539335	-0.0641461175	-0.0206216787	0.058761364	-0.1536419356	-0.0266240428	0.1026930206	-0.135729512	-0.0037660254	-0.0573963811	-0.0177240956	-0.1359186244	-0.0197421546	-0.0879083542	0.0032460623	-0.0680272769	-0.0624837311	0.0973693675	0.1124530631	-0.0380858018	0.0006030202	0.0135521566	-0.1618496513	0.015700065	0.0699668356	-0.1472624497	0.0806152726	-0.09383803	0.0763809293	0.0896031447	-0.205557001	0.0554223895	0.0190446915	-0.0312760708	-0.0211126189	-0.0306670657	-0.0154085063	0.0473622839	-0.1200228675	-0.0410718659	-0.1151035053	0.0718809999	0.1588264108	-0.0548759345	-0.0165758443	0.0623770317	0.0411958718	-0.0694670575	-0.0351911493	-0.0085428247	-0.0093467407	0.0053647464	-0.0316969305	0.1857671729	0.1112191739	-0.0936957246	-0.0499339481	-0.0715402039	0.0308553586	-0.1836216693	-0.0078572241	0.0473597831	0.1419952416	-0.1340270027	-0.0142380371	0.0715122679	-0.0131901194	-0.0290342043	0.0828917669	0.0307523774	0.0849314568	0.0036731291	-0.053776861	-0.0115637658	-0.151063139	-0.037099124	-0.0703668837	-0.1634996743	0.1319343965	0.0317754131	-0.0034104498	0.0786990045	0.1271332186	0.1410255716	0.0401231785	-0.0557488958	-0.1087610855	-0.0362746107	-0.0099912594	-0.0163631187	-0.0813034233	0.1731267315	-0.022739408	-0.0509763704	0.0601333388	-0.15974955	0.0834378919	0.0165248845	-0.0117246663	0.0592043437	0.1381594259	-0.0070447618	0.0509737744	-0.1061176009	0.1217558091	0.0377101446	0.0690849633	0.0603278262	-0.0368358284	0.0612334585	-0.0250796648	-0.1403288217	-0.0051603773	0.0126812619	0.0680046156	0.0054659639	0.174796351	0.0473358693	-0.0759969711	0.0103281045	-0.0711341359	0.038651243	0.1218918645	0.0332671912	-0.1667971802	-0.0823178146	0.0754207407	-0.1367467596	-0.0141605742	0.0581586293	-0.0372241337	-0.1115983132	-0.064858031	0.0342055654	-0.065094958	0.1635418854	-0.0512358631	0.0770610534	0.1316521666	-0.1175488438	0.0770895125	-0.0204486146	-0.0552094135	0.0608964824	-0.095688026	0.0893865971	0.0312627642	0.0881844442	-0.1279143339	0.1004295844	-0.0103225726	0.045103741	-0.0985408458	0.0952594094	-0.0151861859	-0.0990942456	0.0942901372	0.04150964	0.0068414873	0.0591344473	-0.044495588	0.1837914556	-0.0462815146	-0.0892052462	0.0358721159	-0.1360716749	0.0820153548	0.1323647938	0.0001538171	0.0068183999	-0.1164747044	0.016784202	0.0132661865	0.0299353298	-0.0503366768	0.1074914561	0.0893871452	0.0925582955	-0.0521185438	-0.0201054532	0.0688261765	-0.0733545357	0.1177556092	0.0422514323	0.0836607838	0.1409015063	-0.021577219	0.1178006533	0.1151810923	0.1108582214	0.00906532	-0.00463768	2.15080757824e-05	8.21800267024e-05	0.0218768	0.0278398599999999	0.0007750578048195	0.0004785943782399	0.0295689	0.03349523	0.0008743198472099	0.0011219304327529	-0.000484418	-0.000316672	1.0028115558400002e-07	2.3466079872400006e-07	-0.0	8.94219e-05	7.99627619961e-09	0.0	0.0	-5.98926e-05	3.58712353476e-09	0.0	0.0	0.0	0.0	1.0	0.0	0.0	0.0	0.0	0.0	0.0	0.0	0.0	0.0	0.0	0.0	0.0	0.0	0.0	0.0	0.0	0.0	0.0
560.627198335698	2.4324025894414945	314302.8555137341	5.916582357121688	758.6529620619492	-0.1332227853404219	575554.3168453693	0.0177483105338601	517.9449869386704	0.0905591447409506	268267.0094948994	0.0082009586962124	535.9792875452778	601.0463796918604	1.83025	81.64077	0.07020957	0.0391417	0.1896258461	0.0208118237	-0.0603829616	-0.0101278378	0.0768484281	-0.0976788904	-0.0505981616	0.0265638718	0.092467117	0.0745766039	0.1094814032	-0.14153055	0.188131168	-0.0370082008	-0.0535231835	0.166126515	0.0226053147	-0.0630168472	0.040534719	0.046406865	-0.0802096595	0.0743102498	-0.0933786795	-0.0199275455	-0.0181093778	0.0188938784	0.1237760936	-0.0797654373	0.0009961879	-0.0577323849	0.0458546631	-0.0429592111	0.1324047731	0.0061070299	0.0912898179	-0.1110113031	-0.062295218	-0.126473975	0.0825518196	-0.0836676459	-0.0930789357	0.0613777442	0.0667064219	0.0644391683	0.137325618	0.0185167162	-0.0404443839	-0.1119325058	-0.0145869929	-0.0051526241	-0.0653000135	0.00768861	-0.0272030783	0.0009186277	0.0010306206	-0.0064478543	-0.0037052385	0.0851470354	0.0489238008	0.0734985075	-0.0433255173	-0.0120591135	0.0542163302	-0.1217931442	0.0009084862	-0.0392555493	-0.0081849631	-0.1115107686	-0.0630414789	0.0233329315	0.0351486251	0.115998983	-0.0649753875	-0.0073098905	-0.035022154	0.0263794554	-0.0441071754	-0.0948805489	0.1089058665	-0.1211833642	0.1479767947	0.0269609799	0.0910123533	-0.1148342372	0.1178576247	0.0671504122	-0.0054201951	-0.0649899206	0.0032081561	0.1121017082	-0.0417063128	0.0347372866	0.0731318399	0.1167678111	-0.0650407158	-0.0574073067	0.0348134461	0.0545184646	-0.04579079	0.0041619031	0.0742017319	-0.0569796507	-0.0083571536	-0.1499503327	-0.0315986226	-0.0293951167	-0.1164209679	0.042215992	-0.047654759	-0.1206647961	0.1041531191	-0.0328435158	-0.0642151224	-0.0154461931	0.0447794054	-0.1025725305	-0.0071200786	0.045424114	0.006115515	-0.0949564185	0.058691185	-0.0367590387	-0.0325809791	0.0234395931	-0.0702481263	0.0319170023	0.1011299011	-0.1219327847	-0.0712976792	0.0179797804	-0.091169871	-0.1166566381	0.0161969307	0.1474358041	0.0937386687	0.0792564979	0.00611624	0.068885433	0.1040832276	-0.0481913402	0.0991341406	0.0542660286	-0.0062859616	0.0289045203	-0.1054789033	-0.0504305814	-0.0259431419	0.0161466934	-0.0047171636	0.0908822947	0.021953136	-0.0079917956	-0.0088858258	-0.0461329576	-0.1071547259	0.0231668045	0.0719784258	-0.0625426668	0.1280638772	0.0016506463	-0.1430650523	-0.1758943382	0.0968546093	-0.0206612082	0.1118976658	0.0253002523	-0.0350349146	0.1168588636	0.0037356961	0.1000674772	-0.061147705	0.0864713643	0.0052965022	0.1042416975	-0.1253290975	-0.0485992449	-0.0647589304	-0.0796355769	0.0733821801	0.0236334894	-0.0378467353	0.0158452556	-0.0353978262	0.0447270069	0.0760067598	0.1412811556	0.1245884117	-0.1197073014	0.035971321	0.0307213504	0.0505661318	0.117453149	0.1138033884	0.1078042307	0.0123873	0.00332198	1.1035551120400003e-05	0.00015344520129	0.0040892	-0.0177875999999999	0.0003163987137599	1.672155664e-05	-0.00361304	-0.03318194	1.30540580416e-05	0.0011010411421636	-0.000483507	9.110000000000324e-07	8.299210000000591e-13	2.33779019049e-07	-0.000166927	-0.000166927	2.7864623329000002e-08	2.7864623329000002e-08	0.000150523	0.000150523	2.2657173529e-08	2.2657173529e-08	0.0	0.0	0.0	0.0	1.0	0.0	0.0	0.0	0.0	0.0	0.0	0.0	0.0	0.0	0.0	0.0	0.0	0.0	0.0	0.0	0.0	0.0
556.7918929907884	-3.835305344909671	310017.21210026555	14.709567088692689	755.5166356544571	-3.1363264074921062	570805.3867506296	9.83654333433234	517.135158099139	-0.8098288395314057	267428.77174222143	0.6558227493367833	535.1230605338867	484.70596484351927	1.749023	78.017517	0.05299054	0.0303333	-0.1088356651	-0.0287469736	-0.0421208958	0.0655794	0.0132333503	-0.0267157346	-0.0740071421	0.0091024192	-0.1130896622	0.0242978988	-0.0754758618	0.0078579085	0.004935616	-0.1062891208	0.0325407142	0.0574417692	0.0374854278	-0.0095056869	-0.0786917835	-0.1135614443	0.1353323673	-0.0266321352	0.1316581623	0.0016212893	0.0924304589	-0.049763304	-0.0174608837	-0.0838102441	0.1872408269	-0.0957928553	-0.0202677782	0.0459537011	-0.0715486507	-0.0063388856	0.0758691225	-0.0740212516	-0.078684395	0.0448024625	0.0145848103	0.0499411919	-0.1335729879	0.0563054318	-0.0829379391	0.05175614	-0.1255591297	0.1086602878	-0.0661756519	0.0009697808	0.1217164627	0.0857345714	-0.0087120531	-0.1651589958	0.0987087724	0.0896362817	-0.1021105754	-0.062733453	0.0501065431	0.0398186748	-0.0198292632	-0.1041097332	0.0044405335	-0.0091041663	-0.018428135	-0.0761044914	-0.0249477546	-0.0866393639	-0.0703462524	0.0543218239	-0.108047117	0.0226494107	-0.0495617233	0.1911072717	-0.1385071717	-0.1130986728	-0.0874747036	-0.0183902383	-0.0467080146	0.145680934	-0.1080856352	0.0503776408	-0.005551525	-0.0518762403	-0.0788615703	-0.0714521129	0.0105277354	0.0214499226	-0.0439225867	0.0305431508	0.0422323986	0.0321711004	-0.1351508452	-0.0408792857	-0.0040974483	0.1016571773	0.0853932319	0.0194026196	-0.0404598897	0.0412014678	-0.0552973286	0.0281524566	-0.098335509	-0.1015080219	0.0368929048	-0.0552489778	0.1168139956	-0.0208965608	-0.0030999449	-0.0494401861	-0.068236673	0.0390407362	-0.0143669674	0.1249088617	-0.1088064763	0.0361150551	-0.0941462365	-0.0466657777	-0.2199767189	0.0126510609	-0.0299277377	0.0764981268	0.1134996551	0.001470406	0.060305522	0.071391108	0.0272807576	0.0281238562	-0.0143046401	-0.0014658891	0.0348652591	-0.0834458997	-0.0665827995	-0.1006119747	0.1443633284	-0.0679701343	0.0271826055	0.1459175155	0.0057872039	-0.0583670964	-0.1510974473	-0.1524960565	-0.069403242	-0.034088147	-0.0146395987	-0.0801375763	0.0587010035	0.0244148798	0.0539077068	0.0789952269	0.0579312531	-0.1223122196	-0.0420360819	-0.0541498025	-0.0629216668	0.0621395882	0.0023649978	0.0703964493	0.0309986326	-0.092649024	0.0954072781	-0.0246347126	-0.0652262522	0.0041900605	-0.0854453828	-0.0772149298	0.0507184442	0.0257749462	-0.0865857763	-0.0155144819	0.0836377214	-0.1268284181	0.0294203039	-0.0147312576	0.0662331838	0.0517534717	-0.0504388564	-0.0702442897	0.0079217869	-0.0583436268	0.097925888	0.0174811637	0.030152651	0.0548432057	0.051766072	-0.0254072972	0.0960979832	0.1268323313	-0.177572021	0.0064884247	0.0101429359	0.0271082578	0.105137997	0.1170481578	0.1122029089	0.1042755153	0.0075737499999999	-0.0048135500000001	2.317026360250097e-05	5.736168906249849e-05	0.0166383	0.0125491	0.00015747991081	0.00027683302689	0.022335	0.02594804	0.000498852225	0.0006733007798416	-0.000487608	-4.101000000000007e-06	1.6818201000000057e-11	2.37761561664e-07	-0.000127954	3.897300000000001e-05	1.5188947290000004e-09	1.6372226116e-08	0.0	-0.000150523	2.2657173529e-08	0.0	0.0	0.0	0.0	0.0	0.0	1.0	0.0	0.0	0.0	0.0	0.0	0.0	0.0	0.0	0.0	0.0	0.0	0.0	0.0	0.0	0.0	0.0
557.536036336948	0.7441433461596034	310846.43181431456	0.5537493196336114	757.625638752018	2.1090030975608443	573996.6084944032	4.447894065521236	516.969998616186	-0.1651594829529585	267257.97946921934	0.0272776548092886	534.7943649197439	513.4280996647583	1.306221	58.265751	0.01740124	0.00912737	0.0565558699	0.089020209	0.1111536696	-0.1074499113	-0.0771020936	-0.082096582	-0.0143207676	0.0473164004	0.1569359622	0.0630315451	0.0346768624	-0.067266253	-0.0710924415	-0.1145050038	-0.0032416703	-0.1461666941	-0.1018462095	-0.0024326631	-0.0550531668	0.0389812395	-0.1889234278	0.0567908039	0.117511473	0.1190571949	-0.0538698155	0.0768047929	0.0184353652	-0.0877236678	0.0429364289	0.086520452	-0.0016384637	-0.0567619894	0.0729462957	0.0554613855	0.0004291132	-0.0781004215	0.0516049468	0.110047123	0.1356144061	-0.0502417787	-0.076400762	-0.0801448088	0.1098893205	-0.1095680201	0.0374443395	-0.1164497222	-0.0790398999	-0.0114060446	-0.0337933246	0.0741078073	0.0362381672	-0.1073082621	-0.102018123	-0.0710396907	-0.0974803068	0.0418154642	0.0404850022	0.0846496588	-0.0791343128	-0.0937625157	-0.0032877303	0.0056337058	0.085929322	0.0570667033	0.1529418467	-0.0542735441	-0.0132621274	-0.0122509476	0.0687265212	-0.0921838976	-0.0452076216	-0.0202331804	-0.0663433133	-0.0899392846	0.0978585117	0.1721984124	-0.1266869114	-0.0495657611	0.0448149537	-0.0482950917	-0.0889554811	0.046357401	0.1023689205	-0.038909395	0.0277833189	-0.0156545926	-0.0620316663	0.0249582674	-0.1854289501	-0.0247838843	0.0422721055	-0.0145357842	0.1277467695	0.0221064992	0.1639708833	0.1067046763	-0.0051929413	-0.0889075455	0.0463810821	-0.0704495651	-0.0159443522	0.0135122725	-0.0419818646	-0.0048330868	-0.1612532748	-0.0385631236	-0.0124393878	0.0242781685	0.0553898059	0.0440266732	-0.0065305087	-0.1526827235	-0.0226791812	-0.0499723199	-0.0399970893	-0.057228931	-0.0146750649	-0.0182295751	-0.052268346	0.1128782319	0.1319561196	-0.1173014962	0.0705024626	0.0024138892	0.0965148563	0.0926340736	0.0901075625	-0.0171027846	0.1076211733	0.0543228821	-0.1007025155	0.0655315553	-0.0106601626	-0.0057914462	-0.0411499362	0.0530901185	0.0350595159	-0.0051151326	0.0381110419	0.0033993027	0.0252543817	0.1762295591	-0.053249202	-0.1240603778	-0.0411263673	0.1489873398	-0.1222489409	0.0325138194	-0.1404852092	-0.0143642404	0.0017560442	0.1053299101	-0.0709933502	-0.0385240901	-0.1016825358	-0.0931835287	0.1247189375	0.213267827	0.0314192247	-0.0179754858	0.078431774	0.047561029	0.0091636767	0.0463064649	-0.0598378977	-0.0654753561	0.0142233255	-0.0684584612	-0.1171798064	0.1274544099	0.0302771039	0.0678887365	-0.0477133454	-0.0856442884	-0.0755634114	-0.0401100464	-0.0760049558	0.0735925285	0.0451415183	-0.0742000384	0.1361534056	-0.1364049699	0.0441145025	-0.0274093252	-0.0268135458	0.1117188508	-0.0183966481	0.1397427054	-0.0115553152	-0.0299560457	-0.0291915454	0.1165858777	0.110382787	0.100287614	0.00684511	-0.0007286399999999	5.309162495998547e-07	4.685553091209999e-05	0.0120078	-0.0046305	2.144153025000001e-05	0.00014418726084	0.0157912	-0.0065438	0.0002493619974399	4.282131844000003e-05	-0.000435594	5.201400000000002e-05	2.705456196000002e-09	1.89742132836e-07	-0.000185906	-5.7952e-05	3.3584343040000003e-09	3.4561040836e-08	0.0	0.0	0.0	0.0	0.0	0.0	0.0	0.0	0.0	0.0	0.0	0.0	0.0	0.0	0.0	0.0	0.0	0.0	0.0	0.0	0.0	0.0	0.0	0.0	0.0	0.0
558.3259158709527	0.78987953400474	311727.82833313814	0.6239096782395451	752.769134544578	-4.856504207439912	566661.369922993	23.585633116881564	516.6935540542836	-0.2764445619023945	266972.2288012469	0.0764215958054068	534.2764388605539	502.368466061707	1.209162	53.936317	0.0215504699999999	0.0105868	-0.0218338938	-0.1598342563	-0.0065803009	-0.0121809416	0.0528044785	0.0063771937	0.1735942552	-0.1322774536	-0.0823481961	-0.1378187497	0.0982012315	-0.0018920902	-0.0786616222	0.0403707738	0.005310442	0.1628431234	0.0139749531	0.0398076913	0.0411237468	0.0067151665	-0.0960166213	-0.0534836175	0.036068719	0.0125641496	-0.0365298657	-0.0679773669	-0.0244791289	-0.1539652246	-0.0734347955	0.0380889178	0.0670174618	0.1206362017	0.1142815393	0.1414932462	0.0181919105	-0.0458574903	-0.0533090214	0.069033406	-0.0870298981	-0.0662339082	-0.0993829329	-0.0521927515	-0.0922106672	0.114444269	0.1647684183	-0.0478359435	0.0264766609	-0.0481671071	-0.1605468296	0.004133664	0.0109601613	-0.0309771596	-0.1283941687	-0.0851243682	-0.1345511849	0.1637747533	-0.0172707142	-0.0115218041	-0.0391323429	-0.0267769241	-0.0520817041	-0.0697542301	0.0641962805	0.0073402886	-0.0269894336	-0.0369554077	0.1275151216	-0.1073257025	0.0487768052	-0.1049845145	0.01953536	0.0567005745	-0.0701004012	0.0155473165	0.0632536455	0.0009837671	-0.1502943886	0.0181908964	-0.0259343703	0.0170893682	-0.0495269996	0.0188305112	0.0303835435	0.1496293815	-0.1492316295	0.0181924638	-0.0519846734	-0.1143569081	-0.0343266274	-0.0003521693	0.0966460836	-0.0034928767	-0.1166886316	-0.1200637619	-0.1017819511	-0.0192600882	0.0812557409	-0.0188249102	0.0416881442	0.0916513859	-0.0535215534	-0.0350470408	0.0156535475	-0.0266107346	0.0462409542	0.1699944131	0.0831911264	0.0370462846	-0.0624788422	-0.2011149065	0.027351888	-0.0632556376	0.0198266873	-0.0896197734	0.0105349014	-0.0473407325	0.0654556522	-0.126798603	-0.056340772	0.0936879108	0.0111099752	-0.0121835873	-0.0471313454	0.0919944525	-0.0686378446	0.0261024367	0.1835172582	-0.0211324748	-0.0402711535	0.0962591678	0.0662039672	0.0083438899	-0.0387056883	0.1283011527	-0.0311032814	0.0425107275	0.0586269429	0.0174285717	0.0480019971	0.0506060135	-0.0119392598	-0.0704369906	0.0926522365	-0.1722912513	0.032739326	0.0328173776	-0.0443033343	-0.0043292703	-0.1038524246	0.1350987106	-0.0282723522	-0.0293807396	0.0843473116	-0.1129886271	0.1407957613	-0.0293567543	0.0692427248	-0.008080789	-0.0098493126	0.0153392538	0.081655219	0.0634289016	-0.0850017941	-0.030819713	0.0382316319	-0.1703771194	0.0519034137	0.1407797672	-0.0236311695	-0.0652802096	-0.1250792954	0.0175556291	-0.034747363	0.0865289425	0.0142526169	0.1305000217	0.0197987696	0.2041722138	-0.0319301465	-0.0158879237	0.0380150188	0.0196299357	0.1207289911	-0.1538294761	-0.03851158	-0.0375462233	0.0407554404	-0.0608886136	-0.0320801449	0.0166837025	-0.1307882508	0.116066535	0.1083465856	0.0958580879	0.00425759	-0.0025875199999999	6.695259750399997e-06	1.8127072608100004e-05	0.00462415	-0.00738365	5.4518287322500016e-05	2.13827632225e-05	0.0143087	-0.0014824999999999	0.00020473889569	2.197806249999993e-06	-0.000338154	9.743999999999996e-05	9.494553599999992e-09	1.14348127716e-07	-0.000290402	-0.0001044959999999	1.0919414015999995e-08	8.4333321604e-08	0.0	0.0	0.0	0.0	0.0	0.0	0.0	0.0	0.0	0.0	0.0	0.0	0.0	0.0	0.0	0.0	0.0	0.0	0.0	0.0	0.0	0.0	0.0	0.0	0.0	0.0
559.1215744645707	0.7956585936179863	312616.93503174046	0.6330725975981518	755.0232482597447	2.2541137151666817	570060.1054126961	5.08102864090254	517.5607203034791	0.8671662491955203	267869.0992010561	0.7519773037438272	535.2032607949803	470.9677258501924	1.331306	59.384686	0.02405325142	0.0123278	-0.1175707239	0.0754172984	-0.0519057139	0.0480942623	-0.0958382676	0.0620518094	-0.0508974696	0.1147536025	-0.0945039703	-0.1170307037	-0.0063894251	-0.1402605966	0.0231665499	0.1024151063	-0.1496613294	-0.0220079035	0.0272491585	0.0611356977	0.0918700622	-0.1182360062	-0.0294808312	-0.0015679724	0.0829999148	-0.0033220679	0.0586956528	0.1358419459	0.010228221	0.1482284109	-0.0963911653	0.053620091	-0.0109791785	0.0306729291	0.1664724739	0.1467532304	0.033340314	-0.014463948	0.1487288137	0.0225019521	-0.0009702279	-0.0586100828	-0.0567090359	0.0555456415	0.0816213409	0.0344249764	-0.1171510117	0.1259041515	0.0242390126	0.099827649	0.0157573358	-0.0585846647	0.0156120022	-0.0953504143	-0.008040083	-0.1209319554	0.1522240958	-0.0375587424	-0.061110765	-0.0563312298	-0.0531670287	0.1707423676	0.0043552569	-0.0726782643	0.1881841354	0.0990142965	-0.0819106731	-0.0188678972	0.0133201947	0.1299806538	0.0270123689	-0.0773694476	-0.047901385	-0.0970002792	-0.0022222314	0.1911954894	0.0739781631	-0.125958727	-0.0342063341	0.0637272987	-0.1714088561	-0.0432043263	-0.0824206756	-0.0813813888	-0.0242156634	0.1206264125	-0.0553549142	-0.0791729365	0.0420351484	-0.1487065327	0.0710320465	-0.0406197267	0.1017696169	-0.0077517496	0.0529492102	0.064207047	-0.03643398	-0.0921141058	0.0119108213	-0.1370281925	-0.0603314752	-0.0755098993	0.0871703474	0.0277269	0.0154572993	0.0958045344	0.0775790273	-0.108604653	0.0432594501	-0.1455811766	0.0227763598	-0.0553286387	-0.0960432727	0.030489184	0.0423054452	0.2267647205	0.0371977068	-0.0321114426	0.0795273636	0.0094000703	-0.0120108411	-0.0267210549	-0.1466771346	-0.0492186452	-0.1070427615	-0.0049737025	0.134495067	-0.0214542451	0.0824726297	-0.1193669948	-0.0045560611	0.119481522	-0.0004232363	0.0625207749	-0.1134817032	-0.2001879651	-0.108608071	-0.1059439662	0.1583653242	-0.1355603012	-0.0568692004	0.0815498498	-0.006543125	-0.1119926259	0.0674632081	-0.0827261002	0.0585631393	0.0426506692	-0.0146988657	-0.0083716335	0.0861146787	-0.013795017	-0.0169728233	-0.0496058128	0.11204271	0.0183753697	0.0307540244	0.0772550997	0.113561439	0.0215514205	-0.1050196099	-0.0810818617	-0.1442406814	-0.0921528736	-0.0650923763	0.1924801241	-0.0253162398	-0.0959126925	0.0030951619	-0.0106218431	0.1186059844	-0.0684678743	0.0916889488	0.1058139638	0.1657246999	0.0363896603	0.0178075543	-0.0486741482	-0.0908023131	0.1466095179	-0.0536303673	-0.048411023	0.0994026269	-0.0873850546	0.1151960064	-0.0773080091	-0.0318019277	-0.1554072051	-0.0093440365	-0.0031664859	-0.148165027	0.060551548	0.0492585927	0.115490384	0.1060982907	0.0910064429	0.00753136	0.0032737699999999	1.0717570012899997e-05	5.67213834496e-05	-4.83142e-06	-0.00462898142	2.142746898670521e-05	2.33426192164e-11	0.0216991	0.0073903999999999	0.00047085094081	5.461801215999997e-05	-0.000343404	-5.249999999999992e-06	2.756249999999992e-11	1.17926307216e-07	-0.00012045	0.000169952	2.8883682304e-08	1.45082025e-08	0.0	0.0	0.0	0.0	0.0	0.0	0.0	0.0	0.0	0.0	0.0	0.0	0.0	0.0	0.0	0.0	0.0	0.0	0.0	0.0	0.0	0.0	0.0	0.0	0.0	0.0
558.4980991079166	-0.6234753566541258	311920.1267071562	0.3887215203549893	755.799176389963	0.7759281302182899	571232.3950317464	0.6020644632640514	517.7270373778871	0.1663170744079707	268041.2852320841	0.0276613692396264	535.5358118966843	491.991763105346	1.189221	53.046822	0.06432608142	0.0368161	-0.011138826	-0.0364472457	0.1000846844	-0.0929428729	0.0527704854	0.0290975712	-0.0897004742	-0.05570641	0.0695967394	0.093346572	0.0547504357	-0.0812157495	0.1708875846	0.0778570926	-0.0796862145	0.0001523619	0.001004103	0.0548469205	-0.0962500698	0.0170159635	0.0510025354	-0.0767247842	-0.0061040381	-0.1789547597	0.0393169585	-0.0082971319	0.0030872574	0.0749898314	-0.0794859834	0.1948556482	0.0510200966	0.0679473384	0.0429111223	-0.0984546394	0.0224790905	-0.0074368042	0.00411311	-0.1440042244	-0.0450946798	-0.1208311217	0.0561725988	0.0742668056	0.0104297165	-0.206033059	0.0116117859	0.0208082254	0.0183343578	-0.0110344402	-0.0377208695	0.0046051429	-0.0371696538	0.0725262469	0.0140219922	0.0829989379	-0.0162633965	0.0802645044	0.1538411371	0.0228851308	-0.1572027657	0.1174752123	-0.0766945449	0.1230657339	-0.0085607842	0.1105431694	0.0235192768	-0.007573565	0.0043581819	0.1417855851	-0.2432288884	0.0513157929	0.0813125037	0.025790178	0.0670031564	-0.0290129187	0.124199983	0.042404359	0.034905816	-0.0786501547	0.0958920419	-0.0753830702	-0.10112723	-0.0131543191	0.0069171594	0.0462114445	0.0689959812	0.0964497875	-0.1089724713	-0.056092879	0.0111902838	0.1883562022	0.0164033435	-0.0219005281	0.0561841485	0.0582385529	0.0015737686	-0.1018483427	-0.0472484498	0.0158444053	-0.1002685507	-0.0701645437	-0.003127023	-0.1039575162	-0.0513118282	0.1694530484	-0.0192814894	0.0556976742	-0.0931868946	-0.1066094113	0.1161811958	0.0373009734	0.100254376	-0.0447852428	-0.0053110949	0.0251894739	0.0233357744	0.1623604369	0.0119812718	0.0266368283	0.0220141878	0.1005046353	-0.0553491798	0.0696050619	-0.0341510493	-0.1594225876	-0.0327845054	0.1492042144	-0.0627150083	-0.2038054837	0.1786465561	-0.056648097	0.1056003523	0.0379544201	0.0061073604	-0.1041934358	0.0989305059	0.1296213787	0.0317520708	-0.0543351157	0.1367158138	0.0229290744	0.1496467416	0.0039041998	-0.0644178404	0.0405331569	0.0632555146	-0.0058016208	-0.0957998759	-0.1035861791	0.0199768962	-0.0323422888	-0.1351430729	0.0688752746	-0.0058816673	-0.0394510265	-0.1013917202	0.0852340945	-0.0343567243	-0.0516781039	0.1380096388	-0.0912776	-0.1691046183	0.0110974568	0.0866840391	-0.0329645703	-0.0674763756	-0.0500580597	0.0621671078	-0.1009151256	-0.0873080115	-0.0064257595	-0.0731506433	0.069186184	0.0305434851	0.1553974045	0.0352552232	-0.1025521757	-0.1607971751	-0.0503190709	0.0128829722	0.091150301	-0.0091351894	-0.0752519663	0.0491901298	0.1493706288	-0.0683368109	-0.037819377	0.0211784359	0.0971818154	-0.0648875644	0.0642473523	-0.1335281109	0.1148577065	0.1036423034	0.0857540434	0.00542941	-0.00210195	4.4181938025e-06	2.94784929481e-05	0.0301249	0.03012973142	0.0009078007154413	0.0009075096000099	0.0314953	0.0097961999999999	0.00099195392209	9.596553443999997e-05	-0.00068665	-0.000343246	1.1781781651600001e-07	4.714882225e-07	-0.000223168	-0.0001027179999999	1.0550987523999998e-08	4.9803956223999993e-08	0.0	0.0	0.0	0.0	0.0	0.0	0.0	0.0	0.0	0.0	0.0	0.0	0.0	0.0	0.0	0.0	0.0	0.0	0.0	0.0	0.0	0.0	0.0	0.0	0.0	0.0
558.2053702404542	-0.2927288674624151	311593.2353652825	0.0856901898458281	755.8379177340679	0.038741344104892	571290.9578845716	0.0015008917430536	517.2136138192996	-0.5134235585875331	267509.9223200195	0.263603750512686	535.2840382665133	538.4631373382836	1.42796	63.696102	0.09488237	0.051111	0.007826773	-0.0061684848	-0.0784670801	0.1376083351	-0.0237308602	0.0390985001	-0.1009074561	0.0212977858	-0.0766315435	0.0080156496	-0.102983867	0.01470273	0.0162100453	-0.1231479508	-0.0924446028	0.0375195262	0.0179649751	-0.0632076957	-0.0617877949	0.0186428167	0.068300614	-0.0480169676	-0.0212159614	0.025688421	0.0453312638	0.0704278226	-0.0649774911	-0.014899363	0.1327514267	-0.0216547123	0.0179504732	0.0007642591	0.0565584141	-0.1245625634	0.0128408672	-0.1123893552	-0.0680970093	-0.1030188812	-0.2183586358	0.0108357	0.1838264471	0.1340298962	-0.0384747556	0.0959620809	-0.0270506615	0.0602375291	-0.0627865653	-0.0288926095	0.038903055	-0.0099377796	-0.05252262	-0.0125567998	0.0158665764	-0.0053591678	0.089131535	0.0439338648	-0.027132816	-0.1094767701	0.1041633905	0.1511567152	0.0974544097	-0.0412003761	-0.0076211875	0.0873144975	-0.0640474975	-0.0180367197	0.0593369544	-0.0344949966	-0.196641582	0.0820218846	0.0405629869	0.0798703762	-0.0607161378	0.0922355215	0.0454174411	0.001022069	0.1322330873	-0.0244969052	0.0557816451	-0.0783873294	-0.1242572026	-0.027057605	0.0408638698	0.1013878123	-0.1429938968	-0.0526408293	-0.0205441857	0.1044452145	-0.0282202961	-0.0589033144	-0.0323788167	-0.0205676055	-0.132576628	0.0344951228	0.0854878291	-0.0543706982	-0.1860621108	0.0746151792	0.1041575562	0.0004447617	-0.1981798953	-0.0446437272	-0.0123602176	-0.0262429498	0.1213787637	-0.0301423626	-0.0538470459	-0.0143042427	-0.0737066522	-0.022413083	-0.0227297416	0.0080791219	-0.0587754049	0.0839755871	-0.0031931718	-0.0300136705	-0.0125844109	0.0605395513	0.1048748007	-0.0628522074	-0.1522624766	-0.0700723279	-0.0599448243	-0.0196807337	-0.0663706428	-0.0978348032	0.0417797648	0.0165657461	0.126247218	-0.0740439511	0.0035198282	-0.0155056596	-0.0094111959	-0.1154505667	0.0497023166	0.1402365013	0.0145254554	-0.0165577613	-0.133866113	0.0829561473	0.0071380477	-0.0190404426	0.0025462088	0.1216719402	-0.0063248309	-0.0857809715	-0.1149014712	-0.0908733445	-0.1688825494	-0.060261965	0.0716260746	-0.0543966293	-0.0177577018	0.0491268997	0.0011769354	-0.0353883133	-0.0952400423	-0.0796419888	-0.14361144	-0.0283172506	0.0553740232	0.1135164008	0.0881370436	-0.1343401757	-0.0637728693	-0.042298677	-0.0391017049	0.1189849192	0.0110603964	-0.028226336	0.055433318	-0.0434561155	0.1467047053	0.0538840626	0.0392888563	-0.0974334363	-0.0040573944	-0.0393408403	0.0020423071	-0.042192335	-0.0964981165	-0.0017202212	0.1006197852	0.0333361054	0.0362536457	-0.0510293804	-0.1563642505	-0.0931898214	0.0306158183	-0.0725818816	-0.2305356247	0.1141688124	0.1009834314	0.080124019	0.00768908	0.00225967	5.1061085089000005e-06	5.91219512464e-05	-0.00464144	-0.03476634	0.0012086983969956	2.15429652736e-05	0.00698834	-0.0245069599999999	4.88368959556e-05	0.0006005910884415	-0.00024283	0.00044382	1.9697619240000004e-07	5.89664089e-08	-0.0	0.000223168	4.9803956223999993e-08	0.0	0.0	0.0	0.0	0.0	0.0	0.0	0.0	0.0	0.0	0.0	0.0	0.0	0.0	0.0	0.0	0.0	0.0	0.0	0.0	0.0	0.0	0.0	0.0	0.0	0.0	0.0
556.9866812553513	-1.2186889851028582	310234.1630958503	1.4852028424110344	756.2650325816854	0.4271148476175312	571936.7995057778	0.1824270930553469	516.2998557351276	-0.9137580841719456	266565.5410321136	0.8349538363895842	534.1699637020872	517.6448822473727	1.251796	55.83807	0.06310959	0.0353533	0.0489367869	0.0113445672	0.0839521687	-0.0941643293	-0.0246086216	0.0099981633	-0.117855748	-0.0417763374	0.0805647388	0.1233789413	-0.010335155	-0.0103756164	0.0529789973	0.008200827	-0.089879992	0.0409565931	-0.1441948721	0.1397586517	0.1566591631	-0.0488708223	-0.0921651317	-0.0294145498	0.1285184994	0.1326461805	-0.1123984254	0.1612983071	-0.1809552909	-0.0637076348	-0.0962859496	-0.0295579828	-0.1091694072	0.1070096054	-0.0210003923	-0.0382025674	0.0976001967	0.0129829706	0.0338382116	-0.0370169846	-0.0756201206	0.0631589521	-0.0947576067	-0.0075107618	0.0682938938	0.022423198	0.1116160757	0.0293594476	0.0422087967	0.0264119507	0.1484891798	-0.081775745	-0.0127791566	0.0399252419	0.1106075352	0.1721947521	-0.0354406439	-0.0035831947	-0.0200947775	-0.0018580103	-0.0640832678	-0.0435360652	0.1471576046	0.0037601661	0.0794615011	0.1493317575	-0.0685428352	0.0527832585	0.119920999	0.0353007541	0.1048362675	-0.2329849185	0.010936635	0.1186055028	0.1029906073	0.0022910409	0.1336824206	-0.1532241146	0.1334927405	0.0800751278	0.0590771877	0.0529525857	-0.0424763344	-0.043528418	0.0624409036	-0.0810297413	-0.0631931392	0.0236653427	-0.0806206843	-0.0046754228	-0.1222443304	-0.0388373529	-0.0084691312	-0.0309521448	-0.056920837	0.0453591167	0.0491412162	0.033515966	0.0682024149	-0.111790062	-0.1098087688	0.024993475	0.0954608345	-0.0428202999	-0.0867983413	0.0365438844	-0.0953725397	-0.0019953782	-0.0864478654	0.0827569471	0.0122765657	0.0054862282	0.0009799397	0.1222046486	-0.0113867365	0.0480466933	0.055392202	0.1481288958	-0.1505306974	0.0572680322	0.0145002468	-0.0266910352	-0.1311198492	-0.0423945421	0.130321127	-0.0211179631	0.0472914165	0.0357499763	0.1854455054	0.0679672997	0.0550340073	0.1125476448	0.1631937656	0.0426826268	-0.0319249366	-0.053597985	-0.0117837953	-0.0986859943	0.0918590672	-0.0052202081	0.0341411878	0.0192407676	0.0646408122	-0.1008623347	-0.0034503723	0.0082716902	0.0842666638	0.0142088954	0.1083155237	0.1367706354	-0.0564256634	-0.0733406973	0.0326425693	-0.0637531268	-0.1427585338	-0.1219891962	-0.1758860427	-0.033319793	0.0652307321	0.0249884168	-0.0318001802	-0.1052297074	0.0085618517	-0.0498558431	-0.1820505226	0.1408889527	0.0757006528	-0.0092240627	0.0432181711	-0.0330550192	0.0750083962	0.0651008496	-0.0826304542	-0.0068943695	-0.0304054336	-0.0123739137	0.0744361109	-0.1161537933	-0.0601504533	-0.0209895726	0.0854590352	0.0691240998	-0.0590745431	-0.1156896418	0.0126704171	0.1515559669	0.0733948962	-0.1201832014	-0.004445623	0.0306093975	-0.041252856	0.0503050594	0.0075440205	0.1134240387	0.0981268796	0.0741411618	0.00675984	-0.00092924	8.634869776000008e-07	4.569543682559999e-05	0.0238422	0.02848364	0.0008113177476496	0.00056845050084	0.0185136	0.01152526	0.00034275338496	0.0001328316180676	-0.000527923	-0.000285093	8.127801864900004e-08	2.78702693929e-07	-0.000158336	-0.000158336	2.5070288896e-08	2.5070288896e-08	0.0	0.0	0.0	0.0	0.0	0.0	0.0	0.0	0.0	0.0	0.0	0.0	0.0	0.0	0.0	0.0	0.0	0.0	0.0	0.0	0.0	0.0	0.0	0.0	0.0	0.0
555.9752967461283	-1.011384509223035	309108.5305919454	1.0228986254963193	753.6251996533457	-2.639832928339729	567950.9415525452	6.968717889546708	516.0510159033514	-0.2488398317761948	266308.65101488103	0.0619212618784049	533.956703221472	471.2364340981193	1.384176	61.743061	0.03855324	0.0199588	-0.1251070361	-0.0684804543	0.0062525006	0.0536529885	0.0418824935	-0.09902405	-0.037558653	-0.0287743751	-0.0869381402	-0.0006640905	-0.0238908677	0.0037858427	0.0106920463	-0.0307490816	0.0288937354	-0.0367242206	-0.1704411173	0.0476650358	-0.1556209306	0.0614575838	0.1042534827	-0.0190456154	-0.0152115226	-0.1447288128	-0.0742442642	-0.1054708054	-0.1194504345	-0.0219145188	-0.1692865518	-0.1255489561	0.0832038153	-0.1035866226	-0.1205528239	-0.078505577	0.02011552	0.0437029648	-0.0109735178	-0.0074515938	-0.1332638433	0.0815230026	-0.1156995995	-0.0587202583	-0.1758724991	-0.0059828741	-0.0488274395	-0.105764675	-0.0135090334	-0.0681423112	0.0535172461	-0.0113862299	0.1340177055	0.1498654704	-0.0048911746	0.0921761383	0.0188656886	-0.082959173	-0.0411259253	0.0173926482	0.0415643405	0.0550572727	-0.1277945163	-0.0290993149	0.0003198504	-0.1871730532	-0.0327706119	0.0359329055	0.0353190405	-0.0009608477	0.0949302799	0.0126547203	0.0601736773	0.2132127011	-0.0915193631	0.0511188629	-0.0433870656	-0.0852376267	-0.0912577367	-0.0892818878	-0.0951096503	-0.0111196609	0.0805161889	0.0899731348	0.0891246649	-0.0136829014	0.110922336	0.0302546683	0.2346508315	0.025292601	-0.081990946	0.0545022548	0.0010866735	0.0179437025	-0.156490372	-0.0503705402	0.0430697044	-0.0950090595	0.018291039	-0.0634538816	0.0130166241	0.1696181114	0.0093090598	0.0280661005	0.0531939453	-0.1945398266	0.0714644696	0.070031588	0.0752680625	0.0750230767	-0.01329947	0.1676622924	0.0099763179	-0.0256434229	-0.1399263519	-0.0762116134	0.0487985256	-0.0307574424	-0.0523972517	0.0477023367	0.0295907175	-0.0240628732	0.0324153612	0.0945505385	-0.0818244948	-0.0413215534	0.008648729	-0.096679395	0.1095332607	-0.0246973228	-0.2526056883	0.1091588247	-0.0002064193	-0.0707896465	0.1603123781	-0.0355146971	0.0770602568	-0.0874018674	0.0404357661	0.0875541471	-0.04615318	-0.0854432727	-0.0279556037	0.0127525779	0.0124645473	0.1100109826	-0.0637094683	-0.0684996391	0.0686991521	0.0606604398	-0.001704863	0.1123881484	-0.216355295	0.1404879249	0.0818209321	0.0675107791	-0.1160867804	-0.11469796	0.0027699259	-0.0349165566	-0.1743731825	0.189104377	0.021938164	0.081438912	-0.000549388	-0.0396566064	0.0765048164	0.0326867664	0.0097358369	-0.0244458497	-0.1088124828	-0.1440319005	0.0535076788	-0.0869311168	-0.0136780767	-0.0112610747	-0.1127714112	-0.0523210133	0.0308113681	-0.1412811959	-0.0937303355	0.0734044456	-0.0408232315	0.0276959479	-0.098486283	-0.0987987331	0.010328508	0.1203977288	-0.1005941568	0.0689144374	0.0880102325	-0.1074536879	-0.0149094224	0.11262375	0.0950782398	0.067831818	0.0	-0.00675984	4.569543682559999e-05	0.0	0.0173976	-0.0064446	4.153286916000002e-05	0.00030267648576	0.0154578	-0.0030558	0.00023894358084	9.337913640000004e-06	-0.000240399	0.000287524	8.267005057600004e-08	5.7791679201e-08	-0.0	0.000158336	2.5070288896e-08	0.0	0.0	0.0	0.0	0.0	0.0	0.0	0.0	0.0	0.0	0.0	0.0	0.0	0.0	0.0	0.0	0.0	0.0	0.0	0.0	0.0	0.0	0.0	0.0	0.0	0.0	0.0
555.9456346869724	-0.0296620591558394	309075.5487275006	0.0008798377533645	755.9178852898297	2.2926856364839523	571411.8493010481	5.256407427739825	516.5334661569599	0.4824502536084765	266806.82166012324	0.2327582472068833	534.2594118480272	467.9358347367297	1.127907	50.311825	0.032264625	0.0169457	-0.0438165038	0.1649412221	0.0737215279	-0.0894454413	-0.0596869205	-0.0229127789	0.0811412833	0.132843359	0.1016834552	-0.0241653744	-0.0117274032	0.038370075	-0.1709978137	-0.0451417747	0.0683718574	-0.0005867082	0.1028984247	0.0722314309	0.0509224218	0.1316494853	0.0310898265	-0.0314158621	-0.0345612725	-0.0381701717	-0.0254861049	-0.1296858376	0.0434331038	0.0513665824	-0.0341236045	0.0214440263	0.0226844095	-0.0033495271	0.0884466754	0.0790350596	0.1048662155	-0.0679413169	0.098286025	-0.1958147797	0.0008408141	0.0611582316	0.0248102565	-0.0944060534	0.080001995	0.0588100988	-0.0238904894	-0.0517615164	0.0760813315	-0.0167678899	0.0591272693	0.1011604455	-0.0315493498	0.1894491596	-0.0822977599	0.0448499105	0.0144674612	-0.0864224731	0.1620367062	-0.1130965771	-0.0719404928	0.0294396749	0.0354232729	-0.0053094841	-0.0714725678	0.0708319954	-0.0163330096	-0.1508049546	-0.0363662897	-0.143146285	0.0643864375	-0.0389936259	-0.1299380897	-0.1615574978	0.1214021917	-0.0094449487	-0.1792193143	-0.0831057678	-0.0688110808	0.18282827	0.0117505737	-0.1412285755	0.0957435145	0.1951833666	0.0534531896	0.084496354	0.0137984071	-0.0714866924	-0.0095013572	0.1251553001	-0.0272317185	0.0128148591	0.0522979727	0.0188445358	-0.0468118396	0.1076553551	-0.0616232512	-0.0305379644	-0.0399661115	0.0335647485	0.0574910457	0.0501686462	-0.0039425336	0.1068883216	-0.0676014248	0.1334569235	-0.1065351484	-0.1120483359	0.08362446	0.0821191478	0.0502553737	-0.0538589687	-0.0202976814	0.0378207515	0.0067642843	-0.1233524124	-0.1300646177	0.0228389785	0.0040420885	0.0765025721	-0.0793308347	0.1274247053	-0.2156463071	-0.0266891182	0.0852574342	-0.0767340605	-0.1540260669	-0.0967527761	0.0288200878	-0.0455597766	-0.0315486417	-0.0373139174	-0.0793441967	0.047797346	-0.0535237552	0.0096484972	-0.0337177584	-0.1743947282	-0.0698257661	0.08842803	-0.0277406633	-0.1982334114	-0.2338089934	0.0344251515	-0.0729889515	0.0206567323	-0.0880315952	-0.0404552708	-0.1998600529	-0.0684487704	-0.0173875971	-0.0205074962	0.0613501859	-0.1751279983	0.0202510172	0.0237466304	-0.0733428679	0.0499951458	-0.0477314723	0.0190836147	0.0268359496	0.0905751263	-0.0107722808	0.1435511309	0.1518273997	0.0416126834	-0.1112564455	-0.0768862441	0.0793332358	0.0648537287	0.0819459414	0.1326903475	0.1030490111	0.0097817169	-0.0559208037	-0.1092744013	0.015757111	0.0891719136	-0.0630628874	0.0870920798	-0.0961813174	0.0862255006	0.0437630498	0.0938973478	0.1118157644	-0.1382382153	0.0567000983	-0.0826705728	-0.033537331	-0.136494249	-0.0160276091	-0.0919808987	-0.0446860583	0.111768338	0.0918434799	0.0612237711	0.0029625	0.0029625	8.77640625e-06	8.77640625e-06	0.00536968	-0.01202792	0.0001446708595264	2.88334633024e-05	0.0117786	-0.0036792	0.00013873541796	1.3536512640000003e-05	-3.76639e-05	0.0002027351	4.1101520772010014e-08	1.4185693632099995e-09	-6.9165e-05	-6.9165e-05	4.783797225000001e-09	4.783797225000001e-09	0.0	0.0	0.0	0.0	0.0	0.0	0.0	0.0	0.0	0.0	0.0	0.0	0.0	0.0	0.0	0.0	0.0	0.0	0.0	0.0	0.0	0.0	0.0	0.0	0.0	0.0
557.8682364335845	1.922601746612031	311216.9692215177	3.696397476075632	755.0720702597137	-0.8458150301160003	570133.83128629	0.7154030651701305	517.3045132405722	0.7710470836123022	267603.95941906533	0.5945136051470366	534.9628296976598	471.1719330663496	1.15663	51.593029	0.0791900413899999	0.0438078	-0.0174869516	-0.1529646688	0.1667122566	-0.0007932585	0.0696591798	0.0716409085	0.0063643292	-0.2152424137	0.0503593435	-0.0793485026	0.0724044785	-0.0358563358	0.0392553557	0.0880712288	-0.0074085268	-0.021804275	0.0594183748	0.1144078026	0.045596473	-0.0764103336	0.1332822225	0.0173447004	0.0090284399	-0.0375723444	-0.0336423002	0.0042558369	-0.1345392484	-0.0359878836	0.0664280254	-0.0156172827	-0.0328531994	-0.0517705626	-0.137329159	0.0195570675	0.0249845143	0.0160942212	-0.0235255802	-0.0435978814	-0.070516023	-0.0139683528	0.0111397723	-0.0622426989	-0.0731121921	-0.1201434208	0.0955685151	0.1382526534	0.0962944964	-0.061892394	-0.0306151904	0.1251499507	-0.0571234062	-0.0331185363	-0.0118451597	-0.0429110951	0.0905812415	-0.0915614326	0.0694760045	-0.0503997429	0.0254408799	-0.073179536	0.0885832878	-0.0644400685	-0.0507786551	-0.0826385587	0.051659912	0.0515840062	-0.0115967035	0.1188635554	-0.0776231565	-0.0732202983	0.0285017737	-0.0572050706	0.0520670183	-0.0385405377	-0.057737364	-0.125696466	0.1596027554	-0.0898234369	-0.1379068358	-0.0326326424	0.0700732949	0.0453326259	-0.0183343186	0.065360083	-0.0186527496	-0.1644512591	-0.0530428745	-0.0970378845	-0.0186813016	0.0686533465	-0.0408899512	-0.0423840297	-0.0234884678	-0.0155939969	0.0836655471	-0.1368192898	-0.0745150901	0.0548230243	-0.018502025	0.0948670595	-0.0094247742	0.159114205	0.1044064571	0.0140755475	-0.1095104955	0.2003104214	-0.0039132586	-0.1066222439	0.0450114168	-0.0240853876	0.0374792317	0.0998027501	0.0708784645	0.0738150397	-0.1296586798	-0.0560443296	0.0406994883	0.0638837023	-0.0668704524	0.0661694317	0.040980231	-0.0609811128	0.0139513774	-0.0445297133	-0.0125264668	-0.0250985255	-0.1011328392	0.1018809135	0.0073421503	0.0514399592	0.0065153443	-0.2151559441	-0.0545897191	-0.0439881979	0.0139938094	0.0013259347	-0.000954054	0.0312228946	-0.0122072115	0.076707897	-0.0723709923	-0.0541545433	-0.0881836924	0.113604913	0.0327016304	-0.079831363	0.0208095929	-0.0203690692	0.2052038454	-0.1327201505	-0.0226391121	0.0580516897	0.0521145854	-0.0159632748	0.0406639389	-0.0444656775	0.0906357847	-0.0433472049	-0.1232040596	0.0749734599	-0.0402651708	-0.0312899049	0.0589296676	0.0138237375	0.0189364598	-0.1063107083	-0.1110120221	-0.0787880258	0.0569747395	-0.025153708	-0.2048250103	-0.0344650578	-0.0154802725	0.0694850081	0.0187563305	-0.0018371648	0.0356267033	0.0811904599	-0.1201680565	0.1539542069	-0.007837259	-0.0439065041	-0.0657052136	-0.1103502359	0.0923867028	0.0600535777	-0.044500183	-0.0449317203	0.0596528425	0.0748527499	0.0330597848	0.1108582214	0.0884289321	0.0543461203	-2.81639e-06	-0.0029653163899999	8.79310129280263e-06	7.9320526321e-12	0.0201946	0.01482492	0.0002197782530064	0.00040782186916	0.0328734	0.0210947999999999	0.0010806604275599	0.0004449905870399	-0.000653127	-0.0006154630999999	3.7879482746160993e-07	4.26574878129e-07	1.3170000000000001e-23	6.9165e-05	4.783797225000001e-09	1.7344890000000003e-46	-0.000121472	-0.000121472	1.4755446784000002e-08	1.4755446784000002e-08	0.0	0.0	0.0	0.0	0.0	0.0	0.0	0.0	0.0	0.0	0.0	0.0	0.0	0.0	0.0	0.0	0.0	0.0	0.0	0.0	0.0	0.0
557.9093542592805	0.0411178256960056	311262.8475700073	0.0016906755899671	757.4096246977886	2.337554438074904	573669.3395848449	5.464160750963678	517.5877649612277	0.2832517206554712	267897.0944375591	0.0802315372542851	535.4383134037009	485.2925086673746	1.236518	55.156551	0.0718990836099999	0.0332505	-0.1223662451	0.0296045139	-0.0826702529	0.0108660878	-0.0360813714	-0.0042279431	-0.0902860446	0.0648333111	-0.1406421588	0.0230971504	0.0047184255	-0.1174128736	-0.0021061919	-0.1076238313	-0.07184723	-0.1533613748	-0.0761826968	0.0009954283	-0.0033207837	0.1394246668	-0.0477129208	0.0191663377	-0.028397566	0.0431115618	0.0148804729	-0.0124091482	0.0754322011	-0.0380038055	0.0252726366	0.0074331819	-0.0216088423	-0.1333238407	0.1139279807	0.0146152849	-0.0045519834	0.0360415072	0.0319034734	-0.04993302	-0.0642040975	0.2473564248	0.044389347	0.1074648239	-0.0858236309	0.0304637201	-0.1473548125	-0.1068454223	-0.0051919946	0.0664390799	-0.0980270563	0.0689008861	0.0444828809	-0.1028858452	0.0523626367	0.0334315927	0.0711627761	0.0848012081	-0.0956456736	0.1133080101	0.181535	0.0501281964	0.0442107467	-0.041952125	-0.0292468574	-0.0297921425	0.1197267965	0.1070397528	-0.0112413406	-0.066220325	-0.0455166332	0.0085749089	0.1260461743	-0.1036374698	0.0410861718	-0.0441388327	-0.0728410095	-0.0942074387	0.0644368724	-0.0511498198	0.0078334809	-0.0472562649	-0.0435740246	0.1248500611	-0.0966503851	0.0459414888	0.1517511218	-0.0997864683	0.0232811145	-0.0093020012	-0.1121443579	-0.1041587611	0.0022088165	0.0637713219	0.0636873566	-0.1137533192	-0.0070985698	0.1005724865	-0.0602259602	-0.0095550588	-0.0278886656	0.031872291	-0.0122503945	0.0748475897	-0.1108729846	0.015447837	0.1558579114	-0.0542907496	0.0143303709	-0.0398670962	0.0618948394	0.0060662024	-0.0254214838	-0.1415228665	-0.0893960508	0.0516862099	-0.101142868	-0.0656474278	0.0024155649	-0.0920746014	0.2370955122	-0.10253565	0.1241867723	0.0058621738	-0.0588808395	-0.010385726	0.0551716294	-0.0509089411	0.0081054385	0.1112674885	0.0805554881	-0.0306307532	-0.025603225	-0.0550563393	-0.1143642251	0.0761404186	0.1056718635	-0.0697980108	-0.0225549679	-0.0356286311	-0.0057743331	0.0730950854	-0.0733356973	0.0148951476	-0.0134287874	0.1579198428	-0.020650154	0.0164731962	-0.0260488992	0.0795646999	0.0651656665	-0.0459755519	0.0195028356	0.0331428056	0.0180374102	-0.0927092769	0.0389429242	0.0118029327	0.0473095702	0.1354644899	-0.0594168492	-0.0834872855	0.021962638	0.0344316767	0.1057701242	-0.0006673613	-0.0365092421	0.0497749989	-0.0538292703	0.0271999014	-0.144827738	-0.0902923894	0.1763420271	0.0184272688	0.0627068701	0.0461048533	0.0343230274	-0.0742091521	-0.093594807	0.058073681	-0.0437440843	-0.0678490046	0.0610055571	0.0639344358	-0.0226071375	-0.0630403924	-0.0530727978	0.077590051	-0.2150455181	0.1177056495	-0.1055941082	-0.2331173856	-0.0557902302	0.1098938456	0.0848412804	0.0472291519	-0.0105824	-0.01057958361	0.0001119275893609	0.00011198718976	0.0139016	-0.006293	3.9601849e-05	0.00019325448256	0.0200443	-0.0128290999999999	0.00040177396249	0.0001645858068099	-0.000272658	0.000380469	1.4475665996099997e-07	7.4342384964e-08	-0.000354943	-0.000354943	1.2598453324899997e-07	1.2598453324899997e-07	-0.000230008	-0.0001085359999999	1.1780063295999998e-08	5.2903680064e-08	0.0	0.0	0.0	0.0	0.0	0.0	0.0	0.0	0.0	0.0	0.0	0.0	0.0	0.0	0.0	0.0	0.0	0.0	0.0	0.0	0.0	0.0
556.8288951542442	-1.0804591050363117	310058.4184786962	1.1673918776558672	756.0384013660978	-1.3712233316907714	571594.0643402048	1.880253425373139	517.3498921281026	-0.2378728331250386	267650.91088495945	0.0565834847389324	535.4241015090762	475.838581609663	1.187511	52.970551	0.0753567224	0.0329507	-0.0149369964	0.0418834711	0.1648499708	-0.0287714937	0.0678173427	-0.0561500732	-0.0934685336	-0.0063176278	0.1549757463	0.0593377989	-0.0125813751	0.0180297553	0.1024694891	-0.0465253979	-0.0821594808	0.2122456252	0.0224091697	0.0573826573	0.0265698005	-0.0219193806	0.0986166347	-0.0663245019	0.0900465495	0.0599908906	0.0805004755	-0.1107464697	-0.0127416658	0.1581804208	0.1445772781	0.0963402094	0.0507548268	-0.1023442862	-0.1031851553	0.0079181144	-0.0605192331	-0.143097938	0.0860452277	0.0691644702	0.1125528569	-0.069048513	0.0963464839	0.0852018096	0.1124158084	-0.0160809819	0.0544254996	0.0733111014	0.0160074453	-0.1504508861	0.0292230088	0.0510656113	-0.0655406815	0.0372041349	0.1382888262	0.0640613809	-0.1362942267	0.1206482548	-0.0080500139	-0.0095032431	-0.0020039174	0.1211182277	-0.1299987233	0.075206961	0.0463939394	0.0291841393	-0.042132396	-0.0700604672	0.0538432658	-0.1130336615	0.0988527997	-0.0839584522	0.2050876785	-0.100838215	-0.0576758373	0.1105028715	-0.0565762081	0.0367126028	-0.0180821957	-0.0649137101	0.0190777879	-0.0064070274	-0.0139011093	-0.0698889346	-0.0187692666	-0.0846456319	-0.0374568678	0.0044913748	-0.1166541201	0.0239221451	0.054967302	0.0579385915	0.0201453631	-0.0088417549	0.0036312735	-0.0888977295	0.1006321573	0.0873021426	-0.0641568361	0.0299040713	-0.0501260855	0.0200719442	-0.0081263246	0.2050436995	-0.0292496018	-0.0696546692	-0.0875715595	-0.0369514837	-0.1603822506	0.0063780567	-0.0650339663	-0.0101439064	0.0844817592	0.0616909109	-0.1336223355	0.0305003413	0.0037987501	0.0102096852	-0.0377482656	-0.0696169398	-0.0970273202	-0.0730585881	-0.0313660943	0.1991119691	-0.0519881808	0.0434318483	-0.1150993801	0.0392719314	-0.0306007781	-0.115693787	0.0165452118	0.1240552367	0.0587417724	0.0942042007	-0.2355294251	0.1011791856	0.0758619923	0.0740939489	-0.0131693312	0.055011476	-0.0290285471	-0.0205751205	0.0266598295	0.0009396653	0.0972230604	-0.0792178525	-0.1224671238	-0.016929141	0.0147840677	-0.0267450574	0.0382913717	-0.072203702	-0.0199791361	-0.04443598	-0.1076504296	0.0994854881	0.0174878738	-0.0301851055	0.066742773	0.0518515687	0.0053050159	0.0044039467	0.1119428939	-0.0431889282	0.0925329578	0.0066792464	0.0716901329	-0.0451842368	-0.0310358424	0.0201993155	0.1134623154	0.0774829695	-0.0567884821	-0.0993260386	-0.03295544	0.0187537027	-0.0175220093	-0.0907606613	-0.1115799913	-0.0877415893	-0.056008851	-0.0503592001	0.126695303	-0.0070228895	-0.0262128309	0.0068356742	-0.1250756946	0.0147345013	-0.0021640902	-0.0935748443	0.0008902603	0.095608417	-0.0203965942	0.1088756826	0.081087548	0.039904206	0.0	0.0105824	0.00011198718976	0.0	-2.10424e-05	-0.0139226424	0.0001938399713982	4.4278259776e-10	0.00624457	-0.01379973	3.89946544849e-05	0.0001904325480729	-0.00011657	0.000156088	2.4363463744000002e-08	1.35885649e-08	-0.0	0.000354943	1.2598453324899997e-07	0.0	0.0	0.000230008	5.2903680064e-08	0.0	0.0	0.0	0.0	0.0	0.0	0.0	0.0	0.0	0.0	0.0	0.0	0.0	0.0	0.0	0.0	0.0	0.0	0.0	0.0	0.0	0.0	0.0
555.7141319739809	-1.1147631802632532	308818.19647559506	1.2426969480706422	756.6264678619647	0.5880664958668831	572483.6118692727	0.3458222035611548	516.5903493218758	-0.7595428062268184	266865.5890124977	0.5769052744909101	534.5746243826542	476.0611024326815	1.087237	48.497696	0.1078799724	0.0501842	-0.129764105	-0.0279621009	-0.0297500246	0.0283717494	0.0116444028	-0.0766314921	-0.0348154455	0.0055300192	-0.0826180089	0.0593953849	-0.0515520219	-0.006819597	0.0110917195	-0.0734102907	0.0984554143	0.0743036708	-0.0505417117	-0.072718108	-0.1244812604	-0.0881210097	0.0711339149	-0.0294244938	-0.0949345685	-0.083943985	0.1212079481	-0.0125218991	0.0088341329	-0.1707477765	-0.0485724699	-0.003542601	0.0335938891	-0.0058694227	-0.0063364347	-0.0341102863	-0.0337602387	0.0116792961	0.093767913	0.0942392182	0.0503177191	0.0343186969	0.123401774	0.0733546464	-0.1253513834	-0.0394528021	-0.1043767	-0.0099489813	-0.0249733586	-0.0474785139	0.0484559509	0.029934319	0.1651757265	0.0905094073	0.0638896035	-0.0119746124	-0.0250170071	0.1141896824	-0.0478269118	-0.0319647518	0.1355902778	-0.0742710639	0.0913010627	-0.1154583303	0.0006686	0.0808217616	0.0663356934	-0.1326925973	-0.0978438565	-0.0073894628	0.0370846687	0.0003920677	-0.0682575842	0.1163015509	0.0237882142	0.1008004869	0.0604067179	-0.0898643866	0.0954547373	-0.0570314222	-0.016665285	0.1396707807	0.1159338258	0.1056047339	-0.0285411906	0.0938531014	-0.1135377195	0.1630310963	-0.0271473689	-0.0097420308	0.1330867262	-0.0069096965	-0.0907069418	0.0366091329	0.0756198856	0.08355024	0.0721905726	-0.0951129628	0.0550767712	0.0621872557	0.0216459575	-0.0081304311	-0.0465835522	0.0184238837	0.183835606	0.0937779724	0.1182150635	0.0102522775	-0.0064575143	-0.0255236699	0.009538892	0.1277651546	0.0247813552	0.0491965433	-0.1299302084	-0.0669419828	0.0631876266	0.0269913162	0.0567018462	-0.0067719251	0.0778903902	0.1012131006	0.0664996903	-0.0273163688	0.0510781424	0.1311997676	-0.1004459116	-0.093496811	0.0625783353	0.0815334538	0.113261508	0.0550107618	-0.0671407884	-0.0005459461	0.0974962456	-0.1111416861	0.0145324394	-0.0232529068	-0.0273075502	0.1053229083	0.081914409	0.1274827187	-0.0357389711	-0.2002262092	0.0148539497	0.0679917349	0.0054542714	0.1118591014	0.0392845379	-0.0036821691	0.1131568202	0.0416547277	0.1009545142	-0.0882765593	0.0414184411	0.2098631634	-0.0542272605	-0.0126555956	-0.0321272976	-0.1382030971	0.0553615714	0.0319255864	0.026075298	-0.0153485736	0.0207178654	-0.0056454807	-0.0249799632	-0.1618742012	0.0291110913	-0.084550325	0.0129262582	-0.1535294044	0.0528854094	-0.0802219761	-0.0465675209	-0.0134791496	0.0180896421	-0.0376653281	-0.0181129107	-0.0421534229	0.05600409	0.0247622497	-0.1317342889	0.1351065183	-0.039146365	0.0654464324	0.0379876842	0.1277531875	-0.0310610914	-0.0721192121	0.015523453	-0.0054476563	0.1598252969	0.1078042307	0.077175083	0.0324035386	-0.0121165	-0.0121165	0.00014680957225	0.00014680957225	0.0190644	0.0190854424	0.0003642541116037	0.0003634513473599	0.0341498	0.02790523	0.00116620884004	0.0007787018613529	-0.000615183	-0.000498613	2.486149237690001e-07	3.7845012348900004e-07	-0.000278187	-0.000278187	7.7388006969e-08	7.7388006969e-08	-0.000198656	-0.000198656	3.9464206336e-08	3.9464206336e-08	0.0	0.0	0.0	0.0	0.0	0.0	0.0	0.0	0.0	0.0	0.0	0.0	0.0	0.0	0.0	0.0	0.0	0.0	0.0	0.0	0.0	0.0
558.1475641698138	2.433432195832893	311528.7033886964	5.921592251716095	753.1939621845625	-3.4325056774022187	567301.14467128	11.782095225398464	516.6803777003519	0.0900283784760631	266958.6127005783	0.0081051089310292	534.5622053175626	596.3850030800332	1.793749	80.01258099999998	0.12739015246	0.066643	0.1860847104	0.0861695156	-0.0335622047	0.0141913629	0.0172767675	-0.1361714666	0.0357565932	0.0506797792	0.1470985152	0.0079946156	0.0322520178	0.0334231524	-0.0257009306	-0.0334605563	0.1047590405	-0.0061530983	-0.1211402143	0.0001325184	-0.1874209625	0.0161323093	-0.0642141987	-0.0899855792	0.0465190129	0.0262894907	-0.0264614548	0.0580796747	0.0761649923	0.0331166946	0.0356516296	-0.1015811733	-0.0309401687	0.0635141321	0.0210555969	0.1503252737	-0.0272508645	-0.0449400069	0.0761600119	0.0063617078	-0.0762786672	0.0776893198	0.0267254456	-0.0808652963	0.1257621526	0.0475932489	0.0739032488	-0.021527792	-0.0806797181	-0.0351704735	0.1095343151	-0.1517096533	0.110644209	-0.0455861212	-0.1909223192	0.1035838587	-0.171203362	-0.0603181429	-0.0806157549	-0.169682348	0.1723942904	0.0513305545	-0.118362921	-0.1468360229	-0.0479659103	0.0039058466	-0.1745875732	0.0938210684	-0.1385922163	0.0015052145	-0.1284031674	0.0942539566	0.0286791617	0.0577778725	0.0187102253	0.0352872026	0.0252681432	0.120075289	-0.0165648431	-0.0431704574	-0.2353151622	0.0987386632	0.0329069736	-0.0046962017	-0.049029854	0.1405062114	-0.0150059543	-0.0860311185	-0.0566533561	0.0387192754	-0.0675866183	0.0939351889	-0.0977873077	-0.0061499747	0.0580511981	0.0113940988	-0.0566829897	0.0841816613	-0.0406026076	0.0357403004	-0.0057138585	0.0233443568	0.0228818815	-0.034826974	-0.080878733	0.0523143599	-0.1314156205	-0.0740336876	0.0170503123	0.0690904477	-0.0790011282	0.0102439337	0.0301094073	-0.0282499685	-0.0025549378	-0.152048788	0.2099730114	-0.123143902	-0.1687934108	-0.0114690981	0.0939971055	0.0229440784	-0.0949890283	-0.146199158	-0.1235584375	0.0644162138	0.0382396489	-0.0868895633	-0.0358246599	0.0246727823	-0.1674548806	-0.1627852029	0.1098571603	0.0327011235	0.0142992123	-0.1177265137	0.0676737139	0.201290842	0.1197983886	0.0686513014	-0.0254386213	0.1433282513	-0.0551503116	-0.0402034886	-0.1524076852	-0.1525898791	0.0174940323	-0.0772334686	0.0061624931	0.0468291657	0.1646776766	0.0266745869	0.0053074303	0.0395687966	0.0304529693	0.0546558326	0.0642182609	0.0252745496	-0.1060522417	0.0991250831	0.0084091864	-0.0236928653	0.0278396582	0.0469119116	-0.0032345812	-0.1208235582	-0.0296793988	-0.0529153695	-0.0472986561	0.0246394629	-0.0146845597	0.1457197993	0.0262913558	-0.0042512439	-0.0798248218	-0.0909696328	-0.1427989295	0.0079391024	0.0671476028	-0.1340855396	-0.1565345637	-0.0918402882	-0.0731366033	-0.0135268608	0.0672389067	-0.0380638364	0.0281081905	0.0639943319	0.0320007421	0.1163799929	0.0675871643	-0.0418844931	0.1460995682	0.1066800145	0.073111544	0.0247601796	4.36356e-06	0.01212086356	0.0001469153334401	1.90406558736e-11	-1.55589e-05	-0.0190799589	0.0003640448316256	2.4207936921e-10	-0.00996278	-0.04411258	9.925698532839998e-05	0.0019459197142563	5.7051e-05	0.000672234	4.518985507560001e-07	3.254816601e-09	-0.0	0.000278187	7.7388006969e-08	0.0	-0.000107542	9.1114e-05	8.301760996e-09	1.1565281763999998e-08	0.0	0.0	0.0	0.0	0.0	0.0	1.0	0.0	0.0	0.0	0.0	0.0	0.0	0.0	0.0	0.0	0.0	0.0	0.0	0.0	0.0	0.0
557.0524864225806	-1.0950777472331763	310307.47262957937	1.1991952724852888	754.3689092167829	1.174947032220416	569072.4511929188	1.3805005285235634	516.1212219527631	-0.5591557475887612	266381.1157500134	0.3126551500615464	533.7485986904923	528.0956188160212	1.475993	65.838661	0.075593518365	0.0470707	0.0002279009	-0.1168105839	-0.0414880631	0.040553152	-0.0032691263	-0.1100111262	0.0986865133	-0.0712054476	-0.0541900739	-0.0547178389	0.0226636498	-0.0152161645	-0.050380442	0.0499007505	0.1621872651	0.0805187244	-0.0645373515	0.0281230682	-0.0086459212	0.0365608509	-0.0594534953	-0.0816136697	-0.1430719627	-0.0551902771	0.0392059219	-0.0890782596	0.102082159	0.0542280109	-0.0988921769	0.0424960321	0.0906559243	-0.0803908371	-0.1910483306	0.1098686691	-0.1029364607	-0.0424519955	0.0592435485	0.0040905991	0.1310563811	-0.0125633587	0.1062900858	-0.0725735618	-0.1294032494	-0.013656522	-0.0410821646	-0.1387236227	-0.0294243151	0.1032069084	-0.0846029996	-0.0111028307	0.0609109184	0.0468563268	-0.0082329657	0.0622532163	0.0021277207	-0.0554006252	-0.0810590849	-0.073331128	-0.1039823151	-0.0119874791	0.1036036479	0.2401350386	-0.1349955532	0.0786257138	0.0145319795	-0.1165394961	-0.0640943183	0.0934024606	-0.1009711955	-0.0001348853	0.0048303651	-0.0020379502	-0.0263522874	0.0749079596	0.0767335053	0.1136244489	0.075858719	-0.0273585288	-0.0265038358	0.0219920473	-0.0022830562	-0.1522093371	-0.0346440148	0.0937026823	-0.0370930113	-0.0272914056	0.11635721	-0.0527496812	0.112367774	0.0771054576	0.0209144468	0.0036411993	0.1529496286	-0.1272247966	0.0445448906	-0.0022883087	-0.1061067959	0.0566694391	0.0014793875	0.0062753435	0.2353742926	-0.1385273865	0.0608611266	-0.1426745529	0.0411894088	0.1094529665	0.1136070722	0.0226293338	0.0172986886	0.0232562449	-0.0768837564	-0.0970653452	-0.0106794999	-0.1606474215	0.0423689668	0.1161708388	0.0925572477	0.0339328924	0.014520974	-0.0220811189	-0.1636483884	0.1102366381	0.119007462	0.0211409331	0.0290168999	0.1849678519	-0.1680428572	-0.0266713364	0.0893170779	-0.0161768237	0.035214379	0.0068979702	0.0636061507	-0.1101834513	0.0169223962	0.0260597237	-0.0716801668	-0.0950883053	-0.1000146863	0.0294487651	-0.0383718263	-0.0373231052	0.106777371	0.0324340937	-0.0905629125	-0.0273752194	0.093991224	-0.0469322369	0.1101776961	0.0468775145	0.0608590404	0.1793802911	0.0680496363	0.1149728925	0.1054790981	0.0334080972	0.101253877	0.0600193253	-0.0173134987	-0.0197954629	-0.0949817846	-0.0242651897	0.086930553	-0.0660551653	-0.0183172849	0.2075853414	0.1268178182	-0.0102304335	-0.1211382566	-0.0987595088	-0.0208059528	-0.0550225633	-0.0736459104	-0.0719804515	-0.1058487948	0.0720417179	0.0621232187	-0.0410895318	-0.011823127	0.0116120147	-0.0259523367	-0.2439620423	-0.0681113525	0.1325054493	-0.034706614	0.0154032855	-0.0942738565	0.0107839125	-0.0082363962	-0.0762411546	-0.0390136027	0.1055035841	0.0689048858	0.0170077871	5.84095e-07	-3.779465e-06	1.4284355686224995e-11	3.41166969025e-13	0.0199416	0.0199571589	0.0003982881913598	0.00039766741056	0.016121	0.02608378	0.000259886641	0.0006803635790884	-0.000528974	-0.000586025	3.43425300625e-07	2.79813492676e-07	-0.0	0.0	0.0	0.0	-0.000112493	-4.9510000000000005e-06	2.4512401000000004e-11	1.2654675049e-08	0.0	0.0	0.0	0.0	0.0	0.0	0.0	0.0	0.0	0.0	0.0	0.0	0.0	0.0	0.0	0.0	0.0	0.0	0.0	0.0	0.0	0.0
558.9357394095799	1.883252986999309	312409.1607893338	3.5466418130418216	754.2372959479248	-0.1316132688580182	568873.8985988375	0.017322052539493	517.1374374634667	1.016215510703546	267431.1292262809	1.0326939641944688	534.8378351247354	595.0036686124793	1.485555	66.265167	0.0720702639949999	0.0411286	0.151554112	0.1264058124	-0.1260223723	0.0825507089	0.0040183971	-0.0147485065	0.1140353649	0.1491137042	0.0427629133	-0.0854435148	-0.0219979307	0.0378102902	-0.0816727099	0.0885238905	0.0576254266	0.1009439811	0.1022815317	0.0298579395	-0.1010866851	0.1089097966	0.0212999096	0.0621070957	0.0822181073	-0.0844104948	-0.0468753709	-0.0345179794	0.1762006514	-0.0513335913	-0.0261385521	-0.0221895349	-0.0891205498	-0.0190879411	-0.1084849435	0.0163715763	-0.0265840532	0.1349720488	-0.0404377234	-0.0144411763	0.0932808833	-0.0751277317	-0.0649951679	-0.0803313328	0.1329695332	0.0905932527	-0.0556761095	-0.1046300249	0.0036366233	0.054968959	0.0367523757	0.0278515955	0.0476985701	-0.056763304	-0.102961605	-0.0805324484	-0.0408404285	-0.00505623	0.0001417631	0.1775500841	-0.0223920684	-0.0867209303	0.020383753	-0.0738815001	0.1628611559	0.0662885158	-0.0544826322	0.1630094907	-0.0749802528	-0.0055004623	-0.0098189468	0.0087252608	-0.075621249	-0.006665899	0.1917340607	-0.0910379639	0.0345892753	-0.0568677863	0.0936035416	0.1022822814	0.2597703059	0.0194030609	0.1171228482	-0.1329041889	-0.1020963134	0.0055632672	-0.0041619217	0.1287314431	0.083347894	0.0717908677	0.1599966456	0.1508954997	0.1104843671	0.0387395446	-0.0632724974	0.0210425413	0.0390144982	0.1610627865	-0.1014040304	-0.0435293618	0.0458320646	0.0806030938	-0.1412711001	0.0205488094	-0.0978413538	0.0996091483	-0.0443230578	-0.1384474902	0.0963322122	0.0680703274	-0.017773336	-0.0596883978	-0.0837400044	-0.04779715	0.0927840396	-0.0722199921	0.0217127503	-0.0351494596	-0.0356648417	-0.03003374	-0.0384990212	0.106224881	0.1005656536	-0.057214258	-0.0559913364	-0.0122512788	0.0457339557	0.1047859239	0.072747735	0.103447443	-0.0355198959	0.0032382896	-0.0179233803	0.1228045353	0.012272356	-0.0548436217	-0.0849612911	-0.1423580996	-0.0369202916	-0.0343370334	0.2146372781	-0.1716538276	0.1305166977	-0.0460720976	0.0749475879	0.0516359753	0.2146301505	-0.1135213564	0.1453695681	-0.1136833705	-0.0187722468	-0.1107128248	0.0975902405	-0.1003060994	-0.0850035852	0.1172942113	-0.0022795756	0.0380355817	-0.2139681944	0.0749553484	0.0575561545	-0.1438670224	0.0129264767	0.0869154441	0.1474537235	-0.140691328	-0.0646645198	0.0211827487	0.0953078931	0.0706651212	0.0694132254	0.137239041	0.0748429446	0.0079572551	0.0038237565	-0.0310889139	-0.0486869678	0.0985545723	0.0874892711	-0.0677200273	-0.1113915941	0.0034450374	-0.1168902321	0.0369459221	0.0177693562	0.1602930947	-0.0493054446	0.070241954	-0.1021931355	-0.0826386121	-0.0498820379	0.0396067964	0.0972411982	0.1042755153	0.0645633431	0.0091804995	0.0	-5.84095e-07	3.41166969025e-13	0.0	-1.82849e-05	-0.0199598849	0.0003983970052212	3.3433756800999994e-10	-0.00579864	-0.02191964	3.36242258496e-05	0.0004804706177296	-3.76639e-05	0.0004913100999999	2.4138561436201e-07	1.4185693632099995e-09	-0.0	0.0	0.0	0.0	0.0	0.000112493	1.2654675049e-08	0.0	0.0	0.0	0.0	0.0	0.0	0.0	0.0	0.0	0.0	0.0	0.0	0.0	0.0	0.0	0.0	0.0	0.0	0.0	0.0	0.0	0.0	0.0
556.6490661917691	-2.2866732178108578	309858.1828921685	5.228874405053462	752.2421449636521	-1.9951509842727544	565868.2446595161	3.980627450044541	516.644352347152	-0.4930851163146599	266921.38681220816	0.2431329319310416	534.5607894134006	504.6268310936927	1.639067	73.11279299999998	0.0859743985474999	0.0472028	0.0177881825	-0.1201369843	0.0775594637	-0.0219539486	-0.0110460631	0.0739914884	0.070957309	-0.1167908889	-0.0039371091	0.0242805896	-0.0602453236	-0.0188934104	0.0127117561	0.141727892	0.0428737919	0.0095584838	0.0347444701	-0.0197765006	-0.0653578039	-0.0230072869	-0.0866226832	-0.0709819289	-0.0040835001	-0.0023680709	0.0556748386	0.0761724183	0.2086918754	-0.0967551763	-0.0194043546	0.0466786455	0.0842257883	0.0234213208	0.1035411056	-0.0178096126	0.024418093	-0.0981732175	-0.00603408	0.0203010468	-0.05893794	-0.0604661683	-0.1231698898	-0.0080378785	-0.0532042731	-0.0653103104	0.1194594626	0.0785324639	0.0709931402	-0.0101440155	0.0896101918	0.0857774245	-0.0116696502	-0.0482949935	-0.0515595493	0.1237314802	0.1028896152	-0.047879177	-0.0750920919	0.0270005061	-0.079628596	-0.1739078686	-0.124936983	-0.0970336708	-0.0350392277	0.05801303	0.0628255974	-0.1089722834	-0.0186155874	-0.0942756529	0.0362311219	-0.0608826073	-0.0545530769	-0.0988234258	0.0971575441	0.0632819935	-0.040736929	-0.014529712	-0.0258519106	-0.106013789	-0.0787499052	0.0316064057	-0.0798902726	-0.0056051905	-0.0273609725	-0.0002076711	0.1075038699	-0.1429799369	-0.17241995	0.0848118335	-0.0782820244	-0.0749882002	0.1719595674	0.0740576893	-0.0439884279	0.058496535	-0.0725327303	-0.0714076482	-0.0829964157	-0.0992843703	0.0080915186	-0.0369651548	0.0344858755	-0.0761172986	0.1613110108	0.0202483869	-0.0216666886	0.1236086261	-0.0500701583	0.0112444325	0.0428599896	0.0337399003	-0.0244316034	0.0761777559	0.1049482196	0.0250729143	-0.0273338452	-0.0857542542	-0.0469685	0.1739661427	0.0171771504	0.0839508113	0.0004280034	0.0977502715	0.0952466448	0.1497255594	0.0849896582	0.0297273858	0.0411766974	-0.015291709	-0.0495339385	-0.0289755566	0.0591522875	0.001893867	-0.1278064926	-0.0284086509	0.0418339509	-0.0252152638	-0.0732145848	0.0945921267	0.1309915102	-0.0195144899	0.0243807348	0.0216017077	-0.1004607	-0.0844296336	-0.0739518063	0.0905327845	-0.0892248935	0.0277205296	0.0667145417	-0.0034574299	-0.1089349734	-0.0898426076	-0.0773109363	-0.0765055104	0.0575870213	0.1359269613	-0.0054647203	0.0941342763	-0.2265942225	0.1169286111	-0.0271029954	0.1016626796	0.0089576517	0.0977648292	-0.0774659067	0.0562153397	0.0601837501	-0.068754888	0.0458839455	-0.0283755856	-0.1721124429	-0.0300243344	-0.016831933	-0.0361055351	0.048286773	0.0849172173	0.07579445	-0.0315538174	-0.1018291229	-0.0600726493	0.0405547209	0.0119921929	0.1128706274	0.1091999485	0.1067108521	0.0837997658	-0.0600239416	0.0089098811	0.0865304876	-0.0690631679	0.116190599	0.1029964092	0.0600954145	0.0013127847	-1.86475e-08	-1.86475e-08	3.4772925624999997e-16	3.4772925624999997e-16	0.0262208	0.0262390848999999	0.0006884895763894	0.00068753035264	0.0197821	0.02558074	0.00039133148041	0.0006543742589476	-0.000532373	-0.0004947091	2.4473709362281e-07	2.8342101112900004e-07	-0.0	0.0	0.0	0.0	-0.000188382	-0.000188382	3.5487777924000004e-08	3.5487777924000004e-08	0.0	0.0	0.0	0.0	0.0	0.0	0.0	1.0	0.0	0.0	0.0	0.0	0.0	0.0	0.0	0.0	0.0	0.0	0.0	0.0	0.0	0.0
558.5380661840808	1.8889999923117105	311964.7713766526	3.568320970953641	754.5987312282042	2.3565862645521065	569419.2451712156	5.5534988222756505	516.9368647994476	0.2925124522955684	267223.72218868235	0.0855635347479672	534.7436482897186	581.7439098998054	1.592681	71.043671	0.0547074113525	0.0283955	0.0624242532	0.0506400497	-0.2276642928	0.1134211693	0.0469966929	0.1073735124	-0.0867908608	0.1028798035	-0.1190492083	-0.059166118	-0.0466367467	0.0657153379	0.0368578462	0.0970198322	-0.051771697	-0.1180089761	-0.1122547295	-0.0485606514	0.0578432066	0.0700027169	0.0025342885	-0.0302262617	-0.0509373654	-0.0205360151	0.0140185458	-0.0440234381	-0.1102280766	0.024424353	0.0525425547	-0.0797588115	-0.0116035553	0.0441218422	-0.1527887457	0.0131658916	-0.0413445694	0.1055345287	-0.0053981541	0.0961381798	0.0342710283	-0.0130146353	0.0199196996	0.0708174701	0.0118360998	-0.0280286019	-0.1661539197	-0.1987197489	-0.095829218	-0.2049614009	0.0514904075	-0.0852018046	-0.110890222	-0.0153422326	0.0361424295	-0.1839064301	-0.0028024851	0.0131117783	0.055542481	0.0430736076	-0.050676554	-0.0094794174	0.0108865343	-0.1041070553	-0.1560319953	-0.0345003345	-0.0678150444	-0.2212971529	0.03899714	0.1079148843	0.057342349	0.0241682849	-0.0032675345	-0.0297941743	0.178588422	-0.0401649972	-0.1143361104	-0.0359043481	0.0231529421	0.1648964529	0.050207735	0.0166224651	0.0558032017	-0.0359329523	-0.014144349	0.0378816866	-0.0504403347	0.0047727082	0.0317638186	-0.1842722051	-0.0389123364	-0.1192506125	-0.0863238872	-0.1040381624	-0.0474291812	-0.0541917478	-0.0352346139	0.0526799554	0.0176451801	-0.0073700365	-0.2666825504	0.0196987091	0.0744946714	-0.1674142993	-0.0707206674	-0.0786698035	0.1444682572	-0.1049291039	0.0208715615	-0.0035714326	-0.0276062786	0.1338414053	0.089823446	-0.1751096412	0.0820711055	0.0945070575	0.0585871573	-0.0754898426	0.0461632169	-0.0362591865	-0.2211248107	0.0115463416	0.0129681099	0.0411145809	0.1354692721	0.0122386928	-0.2263827506	-0.0711077961	0.0101153228	-0.0700231434	0.0749520646	-0.0745372131	-0.0380180147	-0.0212814772	-0.0338001634	-0.1481131182	-0.0564984096	-0.1253828843	-0.0945754224	0.0007301883	-0.0407347563	-0.0393336705	-0.1394813549	-0.0172241088	-0.0953689736	-0.0266415835	0.1335889985	-0.0647655246	0.1292525085	0.0624651742	0.0843537027	-0.0460927489	0.0579702287	-0.0209415547	0.1004302982	-0.1981924594	0.0141878057	-0.1220468669	0.0789300845	-0.0111053017	-0.0076702915	-0.1510533246	-0.0631095036	-0.0641788318	-0.1400325477	-0.0549972005	0.1337848768	0.1375963293	0.1075148854	0.0099138234	-0.1390672014	-0.0177283895	0.1636755097	0.0097686368	0.0046129528	0.0297445794	0.0673963916	-0.0713293239	0.2336923706	-0.0203943184	-0.0432571322	-0.0830320996	0.0129967525	-0.1087491865	-0.0339519164	0.128851867	0.0017923251	0.0064070581	0.030445166	-0.1441948297	0.1013890738	-0.2368637811	0.0084463977	0.1016668918	0.0555098464	-0.006560711	-0.00865802	-0.0086580013525	7.496098741989182e-05	7.496131032040001e-05	0.00704902	-0.01917178	0.0003675571483684	4.96886829604e-05	0.00654142	-0.01324068	4.27901756164e-05	0.0001753156068624	-0.000464943	6.743000000000005e-05	4.5468049000000066e-09	2.16171993249e-07	-2.1342e-23	-2.1342e-23	4.55480964e-46	4.55480964e-46	-0.000393691	-0.0002053089999999	4.2151785481e-08	1.54992603481e-07	0.0	0.0	0.0	0.0	0.0	0.0	0.0	0.0	1.0	0.0	0.0	0.0	0.0	0.0	0.0	0.0	0.0	0.0	0.0	0.0	0.0	0.0
559.17273169862	0.6346655145392788	312674.1438752969	0.4028003153454075	752.1204711650018	-2.478260063202356	565685.2031454644	6.141772940863746	517.7262054099075	0.7893406104599308	268040.4237681417	0.6230585993212562	535.3883547970237	592.7451267442174	1.229134	54.827183	0.0542020875	0.0252895	0.2218173022	0.018693414	0.0284682584	0.0254190124	-0.0916657408	-0.1022678714	-0.0842891471	-0.0211419301	0.2019431058	-0.0356094905	-0.0180250276	0.0296716646	-0.1470567391	-0.1010157255	-0.0493963893	0.0155086988	0.0998486804	-0.0967024629	0.0565215737	-0.031138679	-0.2014335026	-0.0726793826	-0.21397953	0.0272489234	0.046549853	0.0538892741	-0.0822371457	0.103917895	-0.0182153546	-0.024377012	-0.1248988076	-0.0056944443	-0.0762283133	-0.0445645149	0.147389659	-0.0335935356	0.0314372557	0.0580459858	0.039765902	0.0940799595	-0.0084094028	-0.0048649271	0.1742072372	0.0762967259	0.0945517904	0.0052858032	0.0163656817	-0.1370790059	-0.0561260005	0.0142864531	0.0978775602	-0.0357138453	0.1794853942	-0.1819072335	0.0482813992	-0.0643589028	-0.0142834524	-0.0062300725	0.0050604283	-0.0186551384	-0.0634666758	0.0640287267	0.0535589637	0.0220493846	-0.0332027841	0.037221923	-0.1140630149	0.041842725	0.0589499068	-0.1205158374	-0.1184761411	-0.1166685914	-0.0172791561	0.1520760941	0.0532776448	0.012997961	0.0142679844	-0.0269592803	0.0254185436	0.0122214491	-0.0700293339	0.0809212896	-0.0016612465	-0.0038581703	0.0394864793	-0.0339411667	0.1579935272	0.080320529	-0.1314089278	-0.0894778051	-0.1508561402	0.03114275	-0.048178685	0.0015413042	0.0387986727	-0.0334640818	-0.0846691619	-0.0300652637	0.0426049494	0.1450629374	0.1552939636	0.0344885449	0.0232367281	-0.0412941589	-0.1800876408	-0.0331022364	-0.0715426523	0.0659769028	-0.0255232248	-0.0969917422	-0.03687874	0.0010460544	-0.1744032447	0.1214086371	0.0096443564	-0.0175706496	0.1606178063	-0.117285436	-0.1498708047	-0.07600015	-0.0014625166	-0.0232428495	0.0468814847	0.0593496101	0.0523662279	-0.0195175548	0.0117105268	0.0749640029	-0.0814363615	-0.0073915906	-0.0607942031	0.0582687675	-0.0639119556	-0.1147841157	-0.1312484729	-0.0546895581	-0.0818854447	-0.1246574628	0.0182532532	0.026223233	-0.0608163508	0.0113615621	-0.0886840764	0.1004394121	-0.060325458	0.0842637872	-0.0344491319	0.0763718619	-0.0240264816	0.1329199793	0.0122391039	0.0526067339	-0.0424793791	0.1095848758	0.0061228475	-0.0588235903	0.0124834986	-0.0404178851	-0.1884859463	0.0279036412	0.0498354651	-0.0543668359	0.0931920422	0.0688971392	0.0384616119	0.0116217978	-0.0402469565	0.0937999239	0.0574997931	0.1754052515	-0.0963235067	-0.0032413137	-0.0001639555	-0.1161346413	-0.0617214599	-0.086607122	-0.0017866432	0.0945669739	-0.0664852689	-0.1786145762	-0.0370115461	-0.0404538644	0.0129719909	0.1534029003	-0.0862935827	-0.0431766297	0.0410713442	-0.0385781087	-0.0226242947	-0.0984785637	0.1911540283	0.100287614	0.0508156151	-0.0144053161	1.06186e-05	0.0086686386	7.514529517740997e-05	1.1275466596e-10	-2.19739e-05	-0.0070709938999999	4.99989547338372e-05	4.8285228121e-10	-0.00718964	-0.01373106	5.16909233296e-05	0.0001885420087236	-0.000213454	0.000251489	6.324671712100001e-08	4.5562610116e-08	-9.07599e-05	-9.07599e-05	8.23735944801e-09	8.23735944801e-09	-0.000241312	0.0001523789999999	2.3219359640999998e-08	5.8231481344e-08	0.0	0.0	0.0	0.0	0.0	0.0	0.0	0.0	0.0	0.0	0.0	0.0	0.0	0.0	0.0	0.0	0.0	0.0	0.0	0.0	0.0	0.0
558.4712702071989	-0.7014614914211279	311890.1596468422	0.492048223946753	755.2811662167815	3.160695051779612	570449.6400417815	9.989993210344126	517.5674900155325	-0.1587153943750081	267876.10672097834	0.0251905764116143	535.1948168321435	473.2683381738058	1.856636	82.817772	0.0836688275	0.0446654	-0.0949965454	-0.1237551565	0.0129286224	-0.0815514067	0.102146392	0.033092399	0.0881658773	-0.1161012582	-0.1185950972	-0.0209807864	0.1469970013	0.0221565065	0.0210064158	0.0515088808	0.0884125157	-0.0886624638	0.0978143348	0.1023987036	0.1216279172	0.0050254133	0.0264752856	-0.0289893025	-0.0941037911	-0.1339287307	-0.0316049359	0.1450395496	-0.0912335767	0.0472358899	-0.0209740754	0.0512877714	0.0070010608	-0.1032743642	0.026059198	0.1311760471	0.0535714653	-0.0663671488	-0.0201997132	0.1166879197	-0.0172971277	0.0673191929	-0.0355117717	0.0197206576	-0.1257589531	0.0041964132	0.094155755	0.1259193305	0.1449214607	-0.0341396705	-0.0201882009	0.0823522191	-0.1290761505	0.0534008411	-0.1037497522	-0.036151121	0.0072793106	0.013724973	0.0069223861	-0.090408921	-0.0518456076	-0.0449136476	-0.0789388126	0.0375574985	0.0866727183	0.0489660473	-0.0307071435	0.0195707384	0.0154909543	0.1282337998	-0.0189971584	0.0730902288	0.0243711056	0.0123082456	-0.0210859958	0.0048424583	0.168160947	0.1431295701	-0.013605053	0.0365684698	0.1070256281	0.1551769163	-0.1264202068	0.1660065198	-0.024856694	-0.1590814096	0.0643449975	-0.1573088654	0.1325355525	0.0156596881	0.007230961	-0.0409259397	-0.0730710305	0.0496481823	-0.0179792749	0.1046048555	-0.1449720618	0.0473126045	0.1244115241	0.0807563439	0.0395365093	-0.0060985136	0.0044512385	-0.1639973905	-0.1359777468	-0.0506186818	0.0667269665	0.1471070304	-0.0049417604	-0.0372894798	0.0902118417	-0.077412828	0.1066996365	0.1227423783	0.0860916533	-0.0429605121	-0.1290746269	-0.0141866731	0.0401073061	0.0612742254	-0.0769089374	0.0567881466	-0.0661136271	-0.0628315003	-0.058764505	0.031189676	0.0413901329	-0.0136986156	-0.0408262326	-0.0689390418	0.0219241002	-0.0052924107	0.0826925487	0.1129057821	-0.008937992	0.0118522314	-0.0203245971	-0.0161301832	0.0540250058	-0.1629677038	-0.0071781333	0.0996868645	0.0927810922	0.1395821746	-0.2459419591	-0.0122003587	-0.0692320815	0.00958859	0.0785598771	0.1876007569	-0.2082551423	0.1472546536	0.0061095518	0.053755356	0.0591046032	-0.0530947327	0.0998618721	0.0707803807	-0.1653858139	-0.126231896	0.0803420153	0.0403831465	-0.0956119245	0.0173801635	-0.0806768597	0.0583536033	0.0096498783	0.1125435276	0.001447816	-0.0662875399	0.0798056347	-0.1295920344	-0.0890013651	0.0403194847	-0.0758474064	0.0915572782	0.0552478145	0.1118677062	-0.0005735925	0.1373978166	-0.1646439713	-0.0628873024	0.1131104369	-0.0516650443	-0.0042500707	0.0748930204	0.1057958257	-0.0791461456	0.0757249706	0.0449744673	0.0046386791	-0.0152203088	0.113993324	0.0988592507	0.0460219099	-0.0221864862	-0.0160282	-0.0160388186	0.0002572437020837	0.00025690319524	0.0135103	0.0135322738999999	0.0001831224369046	0.00018252820609	0.0291028	0.03629244	0.00084697296784	0.0013171412011536	-0.000377083	-0.000163629	2.6774449641000004e-08	1.42191588889e-07	-0.0	9.07599e-05	8.23735944801e-09	0.0	-0.000343029	-0.000101717	1.0346348089e-08	1.1766889484100001e-07	0.0	0.0	0.0	0.0	0.0	0.0	0.0	0.0	0.0	1.0	0.0	0.0	0.0	0.0	0.0	0.0	0.0	0.0	0.0	0.0	0.0	0.0
557.678592111301	-0.7926780958979407	311005.4120992428	0.6283385637163849	752.5884733787009	-2.692692838080575	566389.4102624835	7.250594720250421	517.5259388319553	-0.0415511835772122	267833.0973638967	0.0017265008566671	535.5501489694767	476.68526817431336	1.101619	49.139225	0.0373280055	0.0210543	-0.0559987519	0.0761040963	0.0858833436	0.0999446337	0.02017909	0.1443499147	0.0301358105	0.0379945024	-0.0226599171	-0.0667341278	-0.1374343746	-0.0339220515	0.1675427649	-0.0204854266	-0.0588288524	-0.1831208888	-0.0511121702	0.0062042743	0.0894436366	0.1765663932	-0.0099081366	0.0207738009	-0.1073746272	-0.1332681474	-0.1380667208	-0.009728493	0.010317932	-0.0733236837	0.1203553003	0.082077514	0.0492302443	0.0618148351	-0.2238820163	-0.1141240908	-0.0052585776	-0.0810468534	0.0139230416	0.0684262359	0.0138358903	-0.0803727646	-0.0697425556	0.0898467394	0.1052867345	-0.0618179395	-0.0028395347	-0.0243951607	-0.1706416946	0.0455390844	-0.0802895311	0.0983663153	-0.0822917608	0.010239116	-0.0684870132	-0.0483960136	0.0560584723	-0.0978999466	0.018875226	0.0455131868	-0.0288842968	0.0631595039	-0.038378474	0.0673360376	-0.0131651088	0.0598194059	-0.1791607413	-0.1044186095	-0.1399629476	-0.0346585968	0.1394903885	0.1418992598	-0.0062455863	-0.0341979269	0.0382393064	-0.0916941593	0.1150123358	0.0966098102	0.1037114212	-0.1246754414	0.0240018024	-0.0111580626	0.0743690721	4.73802e-05	0.0509330707	-0.1394549416	-0.1166081267	0.0423185052	0.1066468825	-0.0407128802	0.0153316095	0.0897478214	-0.046835106	-0.0716254839	-0.1152191575	-0.0774775847	-0.0227216557	-0.1041987977	0.0472413991	-0.0922793848	0.0502727191	0.0067881006	-0.0479238798	-0.0023224768	-0.0137457298	0.2102751522	0.0262138116	-0.072720502	-0.0912855695	-0.1014702875	-0.073355424	0.0268355258	-0.0674854519	-0.16757999	0.0701414662	-0.0347480931	-0.1112814372	-0.0121000103	0.0305901332	0.1461003533	-0.0534711477	-0.0635973866	-0.0125200279	0.0045967237	0.0807614299	0.0041332754	-0.1077711526	0.127509064	-0.0774077401	-0.0594499021	-0.0835614279	-0.0482985913	-0.0778989554	0.1126510987	0.0452468229	-0.0418983363	-0.0113789635	-0.0506385299	0.1780323107	0.1281590902	0.0286237516	0.0829513488	0.1198988285	0.15696867	0.003277545	0.0701872343	-0.0276355364	0.0017882713	0.160030891	-0.1408406789	-0.0781720076	0.1144414815	0.0281879778	-0.0057179627	-0.0107465709	-0.0009308203	0.0114461186	-0.1479319624	-0.0818036564	-0.145564975	0.0031429617	-0.0964249054	-0.0140243773	-0.0794822444	-0.0635563793	-0.0067439793	-0.1529603888	-0.125566118	-0.0177697663	-0.0452022315	-0.1460262031	0.0665910077	0.1108056818	-0.0841392337	0.1643139209	0.116816291	0.0980819915	0.0888747055	-0.0950335561	0.0255167469	-0.0746848554	0.0509057409	0.079339513	0.027988789	-0.1230143799	0.0502479417	-0.1273983285	0.0904938744	0.0836939344	0.1356641401	-0.0471486094	0.1057080133	-0.1041544202	0.0973825011	0.0411381146	-0.0298699563	-0.0169967	-0.0009685	9.379922500000012e-07	0.00028888781089	-3.47055e-05	-0.0135450054999999	0.000183467173995	1.2044717302500002e-09	0.0252557	-0.0038471	0.00063785038249	1.480017841000002e-05	-0.000346125	3.0957999999999984e-05	9.58397763999999e-10	1.19802515625e-07	-0.000307036	-0.000307036	9.4271105296e-08	9.4271105296e-08	-0.000384383	-4.135400000000001e-05	1.7101533160000007e-09	1.4775029068900005e-07	0.0	0.0	0.0	0.0	0.0	0.0	0.0	0.0	0.0	0.0	0.0	0.0	0.0	0.0	0.0	0.0	0.0	0.0	0.0	0.0	0.0	0.0
557.0556037590184	-0.6229883522826185	310310.9456793245	0.388114487079812	760.447403517142	7.85893013844111	578280.253515963	61.762782920898005	517.0018950637178	-0.5240437682374477	267290.9594994755	0.2746218710285038	535.4737972416015	522.2626908216336	1.304234	58.17712	0.0738850444999999	0.0410284	-0.0063056734	-0.0332822829	-0.0134948139	-0.129904224	-0.0670617277	0.0797310003	0.0739419077	0.0167770082	-0.0306134467	0.1824966151	-0.1018273141	0.0668570507	-0.0369165135	0.0726703052	0.069632847	0.0171151922	0.1559359317	-0.1053668282	-0.0792332127	-0.0450522054	0.026369928	-0.188707753	0.0368330699	-0.0628594823	-0.0242697506	-0.2367242825	-0.0360426573	0.0650434534	0.1228914124	0.0465845819	-0.0930160033	0.039547492	0.2110868729	0.0514682172	0.0335529628	0.1127779509	-0.0507822277	0.0330748392	-0.0104735969	0.0766607634	0.2012835668	0.0472966624	-0.0311169821	0.0250716774	0.0094487558	-0.04182853	0.0710424316	0.0149463602	0.0657024043	-0.0105782272	0.0531115754	-0.0163288996	0.1338819986	-0.0162475918	-0.0453604738	0.0054558691	-0.0300740579	0.1441638954	0.0425027346	-0.049047549	0.0272096103	0.0613411592	0.0558904061	0.1045180367	0.0191299129	0.138887388	0.0028260706	0.1100175423	0.0029690728	-0.0050216063	0.0467692537	-0.1471157947	0.011676658	-0.2370059683	-0.2734092898	-0.0505902578	-0.0465913877	-0.0799290912	0.0049542946	0.0933767014	0.0375520982	-0.090939562	-0.0565908429	0.0443844485	-0.1095776707	-0.0611597029	0.0146206616	-0.0067380266	-0.2059198156	0.1323920852	-0.0138223647	0.0153562643	0.0344153728	0.0224548172	-0.0143106082	-0.0624992148	0.0538284603	0.0543388347	-0.0534258175	-0.1119716708	0.2155540233	0.0232533348	0.1208198157	-0.0149495099	0.0444556329	-0.0114829309	-0.07269496	0.1422309869	0.0446144175	0.0266072528	-0.0381220467	0.0712895905	0.0134961095	-0.0230220823	0.070506023	0.0091672831	0.001687176	-0.0641345769	-0.0151195339	-0.0513152226	0.2288588061	0.078519953	0.0040750808	-0.002903913	0.0203032554	0.0203463155	-0.118795661	0.0662275061	0.0977141119	-0.003544863	0.0717541675	0.0887704804	-0.1179917767	0.1280303819	-0.0135570974	-0.0457719201	0.1067260924	0.0630900119	-0.0091883077	-0.1344974224	-0.0949795028	-0.0500908143	-0.1093451488	0.0160624551	0.1962865646	-0.0119648651	-0.0043468316	-0.1522963748	0.0781205152	-0.1276726836	0.1043813848	0.2215363293	-0.0269877355	-0.0612009221	-0.0675614733	0.0990868998	0.101906028	-0.0688008859	-0.1360223415	0.049637505	0.0454728021	0.0106196335	0.0559868985	0.1506007478	0.0285718719	0.0442216292	0.0923284384	0.0562179265	0.0562483667	-0.0184825685	-0.0597484682	0.0328565888	4.86714e-05	-0.0916979845	0.1023451494	0.11130132	-0.0798531085	-0.2241460191	-0.0131491028	-0.1077753209	-0.0219367697	-0.0115519344	-0.0243944611	-0.0553685333	-0.2145417604	0.0104053194	0.0451891908	-0.0767035431	-0.0716702359	0.0166857245	0.0928601261	0.0958580879	0.0361737896	-0.0374218916	-0.016986	1.0699999999998905e-05	1.1448999999997655e-10	0.000288524196	-0.0100634	-0.0100286945	0.0001005747133743	0.00010127201956	-0.000632	-0.0258877	3.99424e-07	0.00067017301129	0.000109884	0.000456009	2.07944208081e-07	1.2074493455999998e-08	-0.000238547	6.8489e-05	4.690743121e-09	5.6904671209e-08	-0.000149722	0.000234661	5.5065784921000016e-08	2.2416677284e-08	0.0	0.0	0.0	0.0	0.0	0.0	0.0	0.0	0.0	0.0	0.0	0.0	0.0	0.0	0.0	0.0	0.0	0.0	0.0	0.0	0.0	0.0
555.4511285005823	-1.6044752584360822	308525.9561525704	2.5743408549335327	752.4635805470857	-7.983822970056281	566201.4400497406	63.74142921719829	516.0974807451723	-0.9044143185454914	266356.60963151354	0.8179652595901056	533.9773812638861	504.2137857613934	1.210015	53.974369	0.1120638	0.0570675	-0.0136463373	0.1120719085	0.0388079549	-0.0441131911	0.0973517812	0.0050676943	0.1054989959	0.1081666621	0.0634105252	0.0416642929	-0.010264386	0.1641730744	0.023823267	-0.0149251113	0.1695367348	-0.105718982	-0.0751255631	0.0965753428	0.0409602711	-0.0133540787	-0.0226853535	-0.028411191	0.0277714731	0.0893056512	0.1445343647	-0.0639923569	0.1051573288	0.0351704231	-0.1038070861	-0.1284596523	-0.1288810275	-0.050687845	0.0126794643	0.0239821932	0.0262415431	-0.0789029003	0.0365343818	-0.0179128764	0.2141330792	0.0901681897	-0.0362648286	-0.0758363638	0.0592392324	-0.1085265342	-0.1528545161	-0.0401707736	-0.0098733319	-0.0634165965	-0.0225094444	0.0778948336	-0.0227346794	0.0652167552	0.0196159243	0.0388548403	0.036533715	-0.0340136732	0.1583020161	0.0361891843	-0.0169548846	-0.0023822568	0.0346895692	-0.0176774939	-0.0435382945	-0.1490760616	0.0430293031	0.1755478004	-0.0630079753	0.0536996052	0.0623332686	-0.0679919902	-0.1252255899	-0.0845802643	-0.2509536826	0.1040747777	0.028996767	-0.02195697	-0.0879126072	-0.1435666721	-0.0557860367	0.0027260593	-0.0886583958	-0.2271724668	-0.0318720896	-0.0614838171	-0.0634105477	0.0890463032	-0.1395614083	-0.1146598915	-0.0489731294	-0.0363545967	-0.0004230801	-0.0581848696	-0.0056186322	-0.0057703794	-0.0328663392	0.0027860776	0.0605194462	0.0656724434	0.0056248354	-0.0523889085	-0.0111581173	0.1082602002	-0.1347378824	0.0141066572	-0.0525768049	-0.1004467568	0.0261655553	0.0238042666	0.026232732	0.168591387	0.0895062148	-0.0129848557	0.0239575098	-0.1002025491	-0.1493692459	0.0112684053	0.0863685048	-0.0555656997	-0.0457310343	0.0347945834	0.0452062724	0.0674200915	0.0447792716	-0.1281345842	0.1166633505	-0.0325684335	-0.1514458264	0.0606489182	-0.1212492628	0.0005301993	-0.0896434739	-0.1021963398	-0.0676378686	-0.0159433014	-0.1805833088	0.1349477404	0.101941851	-0.022738421	-0.117023582	0.0615845073	0.1057802215	-0.1453164947	0.1303469466	-0.1061548172	-0.0196831299	0.1186424916	-0.0769568119	-0.0565689748	0.0225730697	-0.0175868232	-0.0332451324	0.0533747695	-0.1626798289	-0.1117907661	-0.0604532555	-0.0329166813	-0.0078021751	-0.0596398579	0.0757609401	0.1132447426	0.0423508077	-0.0751422143	0.1097504806	0.0676236154	-0.1327472255	0.0351655088	0.0594185083	-0.1345801251	-0.0434181181	0.0535541172	0.0937684431	-0.0723639493	-0.1242109881	-0.0081253304	0.0313562333	0.085507991	-0.0258852731	-0.0312243015	0.056744731	-0.036841886	-0.2238954016	0.0972321566	0.0572592183	0.0107973529	-0.0985505095	-0.1379440872	0.0407685819	0.0342928298	0.0069478077	0.0160017052	-0.0044129081	0.0942867573	0.0311386526	-0.0448090364	-0.0266268	-0.0096407999999999	9.294502463999996e-05	0.00070898647824	0.0144893	0.0245527	0.00060283507729	0.00020993981449	0.025559	0.026191	0.000653262481	0.0006859684809999	-0.000626559	-0.0007364429999999	5.423482922489999e-07	3.9257618048100005e-07	-0.000313019	-7.447199999999999e-05	5.546078783999998e-09	9.7980894361e-08	-0.000372393	-0.000222671	4.9582374241e-08	1.38676546449e-07	0.0	0.0	0.0	0.0	0.0	0.0	0.0	0.0	0.0	0.0	0.0	0.0	0.0	0.0	0.0	0.0	0.0	0.0	0.0	0.0	0.0	0.0
557.0708346384326	1.6197061378503577	310327.91480476	2.623447972990122	750.4035971094128	-2.0599834376729405	563105.5585547459	4.243531763486826	516.0447655607413	-0.0527151844310083	266302.2000626405	0.0027788906695952	533.6728645082437	512.9640868019576	1.200096	53.531891	0.0821973448	0.0413144	0.0422684786	-0.1162376032	0.0670689571	-0.0012467661	-0.0800731726	0.1030875866	0.0473514811	-0.1443017908	0.0190111486	-0.0800023861	-0.0744978849	0.1112486349	-0.1470998663	0.0578111355	-0.00648503	0.0945949385	-0.0546660015	0.0622770985	0.2154601495	0.0529364187	-0.0434699261	-0.0595349396	0.1119664407	-0.0992578225	-0.0106102533	0.0936602472	0.1371894758	0.0370068285	-0.0759130537	-0.1862706342	-0.0708168939	0.1611753852	-0.0407674476	-0.0795928392	-0.063130275	0.1311323781	-0.0308318219	0.1157929394	-0.1064722332	-0.1736157512	0.1001238645	-0.127362177	-0.093609157	0.0395913909	0.0944680794	0.0023301591	-0.0186350007	0.0469329366	-0.0197173648	0.1203841959	-0.0353210731	-0.0874224315	0.0837297446	0.0402289975	0.1477698287	0.1083153572	0.0866911109	0.0315461799	-0.0962998198	0.2036894557	-0.0112325919	-0.0851312609	-0.0185374955	-0.0721359131	0.0176550195	0.2247531945	-0.0122980729	-0.0990847252	0.0840278945	0.0084212112	-0.0672603057	-0.0161872163	-0.0105592683	-0.0683016003	0.1109387206	0.2028725254	-0.0383827	0.1004708947	-0.1427884369	-0.0236033771	-0.0684449641	0.2187511255	-0.0843776978	0.0856826691	-0.0256683047	0.1156807311	-0.0236610496	0.0304074043	-0.0111251846	-0.0308248526	-0.0917545316	0.0785877592	-0.0061982608	0.1424682623	0.0003942945	-0.0730400183	0.1056988896	0.0051006268	-0.0597575838	-0.0740491424	-0.1717523149	0.0364943666	0.0905343862	0.042102339	-0.0512257626	0.142516064	0.0754313547	0.0791120382	-0.0580308255	-0.0418372654	-0.0927288495	-0.0377634594	0.0516000841	0.1417367922	-0.2082079187	-0.0257349192	0.0240218536	-0.1166438405	0.1464899188	0.024677973	-0.0450688194	0.0722003074	0.0624939841	-0.1898295651	0.040622592	-0.0343522094	0.1134003917	-0.0574483786	-0.1496844332	0.0112976396	-0.0421217898	0.1333671212	0.0393298459	0.1177264171	-0.0174703555	0.1490993418	-0.0766233628	-0.0146358433	0.0070704092	0.2530256565	-0.0711234568	-0.0109366328	-0.1110764697	-0.0687623061	0.1180674047	-0.0139511717	-0.0110029471	0.0597189241	-0.0133251377	0.0385878775	-0.09899123	-0.0857577921	0.0030779506	0.0263022533	-0.1126317349	0.0664928389	0.0026675656	-0.1478196874	0.1360831137	0.0473848724	-0.025280956	0.0339032551	0.0523113608	0.0455615241	-0.0773343437	-0.0807122585	-0.008366077	0.0986574249	-0.0111483748	0.0412737621	-0.1474098415	-0.0400255937	-0.0214813094	-0.0867297425	0.1405796724	-0.0008338536	0.0587356903	0.1472436401	-0.0561009307	0.0159664018	-0.090039626	0.0806126297	-0.0019508913	-0.1738063154	-0.0175551471	-0.0478123791	-0.0490981647	0.0108396083	0.0766257717	0.1438376373	-0.0489939958	0.0926692784	0.0260425603	-0.051998861	-0.0169866	0.0096401999999999	9.293345603999997e-05	0.00028854457956	-3.00348e-05	-0.0145193348	0.0002108110830344	9.020892110399999e-10	0.00439934	-0.0211596599999999	1.93541924356e-05	0.0004477312113155	-0.000117864	0.000508695	2.58770603025e-07	1.3891922496e-08	-0.00012684	0.000186179	3.4662620041e-08	1.60883856e-08	-0.000415082	-4.2689e-05	1.8223507209999999e-09	1.72293066724e-07	0.0	0.0	0.0	0.0	0.0	0.0	0.0	0.0	0.0	0.0	0.0	0.0	0.0	0.0	0.0	0.0	0.0	0.0	0.0	0.0	0.0	0.0
557.6596380690934	0.5888034306607324	310984.2719313522	0.3466894799578479	754.5724706961214	4.168873586708628	569379.613532449	17.37950698195686	516.6978685653324	0.6531030045911166	266976.6873799576	0.4265435346059441	534.0930027737966	477.99797911440703	1.336707	59.625618	0.0646605448	0.03198	-0.1457709971	-0.0181631607	-0.123152311	-0.014402513	0.0650124761	-0.070463322	-0.0483106615	0.0610190454	-0.1639988316	-0.0733413472	0.1426287267	0.017804675	-0.0686526968	0.0266363171	-0.0326369127	-0.0536691869	-0.0749491331	-0.0307077695	0.0177511601	-0.2212621551	-0.084460324	0.0346298314	0.0751411497	0.0191210558	0.1124444426	0.07874827	0.0294148925	0.0541265072	0.0515886239	-0.0100441286	-0.1799904503	-0.0500366025	-0.0410259675	-0.0946192654	-0.0184919601	0.0039524791	-0.0948699054	0.0377939363	-0.0562717192	-0.0183583352	0.0654977235	-0.0564214908	-0.0819248495	0.1078410938	-0.1226510563	0.1338712015	0.1684703228	0.0436218331	-0.0574538296	0.0837334785	-0.0752501048	0.0812232787	-0.0672403013	0.0495383613	-0.0415272002	0.0379948633	-0.1635396155	-0.113825914	-0.0495041664	-0.0538012268	0.1234339059	0.0649782885	0.1829906388	0.0688937812	0.0155429988	0.0503948405	0.0022520543	-0.1230820478	0.0618094096	0.0709425593	0.0734759735	0.0187654074	-0.0328343091	-0.0456641182	-0.0300695316	-0.0034221118	0.012810879	-0.0494626782	-0.0569941437	-0.120246258	0.125735285	0.0098390948	0.0170924891	-0.0748720646	0.082464326	-0.0031232659	0.021990803	-0.0657238592	0.0561090671	-0.1771811996	-0.0729763806	-0.2339156908	0.0555877095	0.0101551434	-0.0363973227	0.0489969531	-0.063325965	0.0592674205	0.0940562607	-0.1524904763	0.004718016	-0.0776683635	0.0961271015	-0.1034315086	0.1074750596	-0.0080515278	0.1909657825	-0.0670589012	0.0589555751	-0.1002100852	0.0768487289	0.1565427728	-0.0024709801	0.0274356484	-0.1011447582	-0.0113234819	-0.0265884716	0.0632571085	-0.0056108018	-0.0211285703	-0.0837192187	0.0352460942	-0.2026766788	0.0405794261	0.0981850787	0.1021595944	0.0676231614	0.1248839337	0.0501038422	0.0528965302	-0.0261087006	0.1208697801	0.0971617413	0.1727265869	0.045020756	-0.1097032902	0.0424667339	0.1460284284	-0.0476148971	0.0936834435	0.0119344783	0.0465310389	0.0364817755	0.0654020705	-0.0740918513	0.1242599858	-0.0337434997	-0.0095737723	0.0835582404	-0.0784089501	0.0229475256	0.0161389383	0.017685782	-0.0517368881	-0.020358362	-0.0732249364	-0.065204095	-0.0071513514	0.0980581063	-0.0680422452	-0.0219016915	-0.0721642658	-0.0725606239	0.0356898113	-0.0151431243	0.1836821138	-0.2184224084	-0.0156674423	0.110538571	-0.1825600445	0.0607017117	0.0161252922	-0.066662173	0.0718697374	0.0068150049	0.0099051318	-0.0386469784	0.1668286839	0.0294489863	-0.022101723	-0.1347408145	-0.0088879861	-0.0184046596	0.020250133	0.0339244327	-0.0057230686	0.0907642506	0.0598457092	-0.0395414868	-0.0364994176	0.0749110318	0.0910064429	0.0208954884	-0.0589597043	-0.0219884	-0.0050018	2.5018003240000008e-05	0.00048348973456	0.0156537	0.0156837347999999	0.0002459795372767	0.00024503832369	0.0237025	0.01930316	0.00056180850625	0.0003726119859856	-0.000403327	-0.000285463	8.148912436900001e-08	1.62672668929e-07	-0.000284065	-0.000157225	2.4719700625000005e-08	8.0692924225e-08	-0.000364333	5.0749e-05	2.5754610009999998e-09	1.32738534889e-07	0.0	0.0	0.0	0.0	0.0	0.0	0.0	0.0	0.0	0.0	0.0	0.0	0.0	0.0	0.0	0.0	0.0	0.0	0.0	0.0	0.0	0.0
559.0322957086306	1.3726576395372376	312517.1076452618	1.884188995379941	752.4749318738569	-2.0975388222644824	566218.5230985656	4.399669110906672	517.5899026793436	0.8920341140111532	267899.3073556124	0.7957248605596631	535.3744419391326	532.4766215118211	1.46145	65.189941	0.04157265	0.0186099	0.0682663932	0.1364327781	0.0660470877	0.023737073	-0.0842131378	-0.0324616218	0.1217481046	0.097075843	0.1139945717	-0.088609284	-0.0245795536	-0.1286341958	0.0929592578	0.1482389587	0.0340435934	-0.083388658	-0.0866282368	0.1011808566	-0.0866903655	-0.0342642929	-0.0420571575	-0.0178231926	-0.0127594258	-0.0524328089	0.0755593517	-0.1384687972	-0.0421952211	-0.0205593058	-0.0501766951	0.1270582307	-0.1883861826	-0.0071508886	-0.0455580188	-0.0823827897	-0.0211370164	0.0257010406	-0.0964839035	0.0021712479	0.0313078198	0.0347214936	0.0400082452	0.0738696324	0.1360854594	-0.158414675	-0.0622795849	0.0502974976	0.0965460547	0.0173701704	-0.0077475523	0.1381205045	0.0123902544	0.0426265573	-0.0823419816	0.1429557232	0.0888025179	0.0716674502	-0.1632458688	-0.0166769645	-0.1541055094	0.0095842656	-0.0062597051	0.083097683	-0.0351546431	0.0559722525	-0.004852705	-0.0157460598	-0.0862978605	-0.0696375503	0.0749240776	-0.0592370754	0.0345694847	-0.0747917865	-0.030054168	0.0578272859	-0.0366104135	-0.0734445714	-0.0599774644	0.1497317304	0.1427222461	0.1168464709	-0.122602241	0.0648574126	-0.0830868343	0.046817422	0.0439255309	0.1992778974	0.0685113904	0.0052388601	0.0065057581	0.0078009837	-0.1234145995	-0.0893993417	0.0900123153	-0.0119225048	-0.0119656112	-0.0420000472	-0.0305548569	-0.0026965167	-0.0284949139	0.0868873243	0.0084793462	0.1083715399	0.1094608711	0.0047808558	-0.0834359576	-0.1041715394	-0.0660491298	-0.1770741081	0.1244068049	0.0149996009	-0.028380487	-0.0156432309	-0.0017750079	-0.0625189719	-0.0635327582	-0.0641984562	0.0506573451	0.0305891329	0.0551613784	0.0382886306	-0.167272712	0.205853827	0.0066727538	0.1052111913	0.0369774147	0.0983589568	0.0239130736	-0.0249032297	0.0040049035	0.0430196139	-0.0047289466	0.1066827289	-0.0384162144	0.0934014352	0.0160347974	-0.0358551081	-0.1803362387	-0.0994427006	0.0851594515	-0.064803856	-0.1246855357	-0.2332322475	-0.0043848849	0.0943680056	0.0265341382	0.0583512866	-0.0068527403	-0.0116918509	-0.0396215756	-0.001789408	-0.0606455753	0.0966006164	-0.1389702021	0.0662627206	0.0350499878	-0.0938367619	-0.0168202548	-0.034871835	0.0067710632	-0.0309898206	-0.0117678569	-0.0865937702	0.0222958202	-0.0487118963	0.0241764028	-0.0001868508	0.0193447529	-0.1492371661	-0.0474396579	0.1152109953	0.0424884179	0.017410668	0.0976197718	0.011232247	-0.009051348	0.0996517758	-0.1572518022	0.0497071364	0.0320168716	0.0340276178	-0.1765960735	0.1135645528	-0.1048279156	-0.0239032384	-0.059681615	0.037457548	-0.0020835634	0.0285035381	-0.0138801375	-0.0104889755	-0.0074037875	0.0892990645	0.0157075127	-0.0656609137	-0.0332878	-0.0112993999999999	0.0001276764403599	0.0011080776288399	0.0169847	0.0013309999999999	1.771560999999997e-06	0.0002884800340899	0.0172371	-0.0064654	0.00029711761641	4.180139716e-05	-0.000589076	-0.000185749	3.4502691001000014e-08	3.470105337760001e-07	-0.000410212	-0.000126147	1.5913065609000002e-08	1.6827388494400005e-07	-0.000501974	-0.0001376409999999	1.8945044880999997e-08	2.51977896676e-07	0.0	0.0	0.0	0.0	0.0	0.0	0.0	0.0	0.0	0.0	0.0	0.0	0.0	0.0	0.0	0.0	0.0	0.0	0.0	0.0	0.0	0.0
559.0358691004416	0.0035733918109599	312521.10294088605	1.2769129034635611e-05	756.6592794085026	4.184347534645667	572533.2651149944	17.50876429069527	518.5947034591173	1.0048007797737455	268940.4664558499	1.009624607033927	536.4865748510929	571.5981606463874	1.369129	61.071861	0.06019165	0.0320095	0.0817177467	-0.1139470749	-0.0871218422	-0.0713713333	0.0219979851	0.0883903625	0.0723381514	-0.0762637579	-0.0301580763	0.0802052498	0.0247869683	0.0286936103	0.0191319884	0.1447931109	0.0145373007	0.0673546485	0.0979456251	-0.0282715152	-0.0911785928	0.0211845659	-0.009978983	0.0237507423	0.047666687	-0.10128566	0.027262579	-0.0974729222	0.0852945581	0.0735293176	0.146394005	0.0738951652	-0.0542586319	0.0144959714	0.1749642809	-0.0952392996	0.051305553	-0.022170212	-0.024167351	0.0254195144	-0.0419739172	0.0073570147	0.0178619268	0.1756910073	-0.0566556036	0.0772859064	0.1417961859	-0.0573902194	0.0516685093	-0.0064055758	-0.0420721219	0.0228137001	0.0151265215	-0.0507534314	-0.1471802883	0.0545744232	0.0087363992	0.052984748	-0.1126589797	-0.1296768597	-0.0126148254	-0.0753937094	-0.0757929299	0.0682921322	0.0987130985	0.0189354168	0.0755041433	0.057764502	-0.0563942075	0.1643432435	0.0142546926	0.0800392273	0.1204683084	-0.1492171598	-0.057173716	0.0163619931	-0.1037295272	-0.0155646453	-0.0685076433	0.0433255244	0.0776051098	0.0255197653	0.0518489276	0.0390145981	-0.0450806929	0.016355481	-0.0711398356	0.1024910866	-0.0456529399	-0.1598626392	0.0593160575	-0.0465812236	0.0325203306	-0.082637093	-0.1395493901	0.0026569482	0.0392181425	-0.0441604439	0.12216125	-0.0393396115	0.0758282003	0.02364729	-0.1019151669	-0.0972137103	-0.0241462087	0.0100748779	0.0952892144	0.0707842881	-0.1487040625	0.0953843521	0.0156886039	-0.1110954744	0.0103586013	-0.0479629479	0.0965497552	-0.0331874444	0.0625004941	-0.1034077848	-0.0292469471	0.0255041904	0.0503028093	0.0960140107	-0.0294480131	0.0331435906	-0.1767227456	0.1382202696	0.0848731962	0.0459565899	-0.1909113198	0.0288440676	0.0290096205	0.0930208473	0.0069914471	0.0957332273	-0.0616627871	0.0354045363	-0.0752788737	-0.0543128553	-0.0063442913	-0.0233586168	-0.0217579001	-0.0377506215	-0.0477548483	-0.0602135169	-0.0434607135	0.0963305578	-0.0076501513	0.0516028321	-0.0078684364	-0.0438230327	-0.0555381554	0.073679525	-0.0275003555	-0.0126401563	0.1094528313	-0.0905671456	-0.0511028181	-0.1319217339	-0.0640851532	-0.0696288958	0.0848169583	-0.0142220788	0.0870053468	0.0137819775	-0.0836990488	-0.0834032317	-0.0396720035	-0.0980402524	0.0561006884	0.1392521617	-0.0999833681	-0.0158721875	-0.0725176337	0.0250730931	-0.0044809009	0.0649349832	0.1078378622	0.0890641466	-0.0659603137	-0.0567259683	0.0361559109	-0.1686572186	-0.0513705273	0.1218124496	0.0440958866	-0.0335547765	0.0296460776	0.0914998831	0.0458523592	-0.0445475415	-0.0744352071	-0.0365027193	-0.1641564104	0.087547979	0.0104887887	-0.0720729799	-0.0242309	0.0090569	8.202743761e-05	0.00058713651481	0.00433378	-0.01265092	0.0001600457768464	1.87816490884e-05	-0.00151713	-0.01875423	2.3016834369e-06	0.0003517211428929	-0.000242058	0.000347018	1.2042149232400006e-07	5.8592075364e-08	-0.000410212	0.0	0.0	1.6827388494400005e-07	-0.0004544	4.757399999999999e-05	2.263285475999999e-09	2.0647936e-07	0.0	0.0	0.0	0.0	0.0	0.0	0.0	0.0	0.0	0.0	0.0	0.0	0.0	0.0	0.0	0.0	0.0	0.0	0.0	0.0	0.0	0.0
556.9834358122241	-2.0524332882174576	310230.54776919	4.212482402583126	753.0982665466823	-3.561012861820245	567156.9990756178	12.680812602049214	516.8277060417923	-1.7669974173250012	267110.87773242133	3.122279872833224	534.9400430985564	510.983791288274	1.485221	66.25029	0.0277025595	0.0134383	-0.0302910905	0.0906186841	-0.0146405438	0.0819878472	-0.0010418476	0.134775324	0.0461954444	0.0928908691	-0.0301356678	-0.0211434213	-0.0869482473	0.0969118146	0.0671043519	0.0062289615	0.0138556013	-0.0140730057	0.0879892741	0.0605841467	-0.0218888903	-0.0185991746	-0.0146372293	0.085191913	0.0930135606	0.1113220263	-0.0813981971	-0.0752962211	0.0230021267	-0.1380580739	-0.1478121516	0.1025920091	0.0397278081	-0.0291967156	0.061874984	-0.1070580317	-0.00052743	-0.0791676264	-0.0497413859	0.2757287501	-0.0188003507	0.0200397916	0.1683243518	0.0814350682	0.0175808845	0.047918404	0.0007037301	0.1180851321	-0.1551217731	0.1305054085	0.1064300897	0.0303763184	0.1483199266	0.058926572	0.0719361623	-0.0085326697	-0.0652771031	-0.004934548	-0.053341129	-0.0129040805	0.0425152691	-0.0365425322	-0.0966283362	0.0653598058	0.0285747337	-0.1062080851	0.1668799063	-0.0844477414	0.1163286357	0.1451192709	0.0464839121	0.141495617	0.0507832352	-0.0297474166	-0.0629793702	-0.1051651389	-0.0230757203	-0.0471822943	0.0611768347	0.0127305466	0.0043546164	-0.1844242195	-0.0759658478	0.0304116045	0.0492763121	0.0118868489	0.0042191282	0.0227844623	-0.0689743571	-0.0446538213	0.0269806531	-0.1146491444	-0.014368127	0.2170333507	-0.0863951341	0.0826967903	0.0217104311	0.0567049739	-0.0014011934	-0.0354326323	-0.1345585108	0.0155936192	0.0127514326	0.0022435154	0.1334463402	0.1145852582	0.0381714404	-0.0902498721	-0.0723969204	0.0042593105	-0.1320107499	0.0401224784	-0.1116849352	0.0905303815	0.0046765569	-0.0358444696	0.0607158945	0.0463373334	-0.0398465675	0.0347926274	0.0280762126	0.076550004	0.1379022597	0.0494679975	-0.056007325	0.1443479851	0.1000299866	-0.0645134737	-0.108607549	-0.1388985722	0.1068706677	0.0218148965	-0.0431759641	-0.0788963417	0.065328434	0.0472758082	0.073525019	-0.1143244815	-0.0294488965	-0.1478788825	-0.142157919	0.0725918635	0.028723956	0.177997476	0.0282587298	0.1185324264	0.084360297	-0.0253651565	-0.1017688006	0.0758143989	0.0043800548	0.0503282791	-0.0813651171	-0.111199072	0.0482878915	-0.0390379601	-0.118570567	-0.0454411797	0.1401260525	-0.0082277	0.0468969415	-0.0727060939	0.0726743104	0.0707652099	-0.0001428427	0.0412505803	-0.0071624375	-0.0359245121	-0.0037889591	-0.0107540767	0.1081451344	0.0435927836	0.0737417598	-0.075438822	0.0799926866	-0.0100272003	0.1106857908	0.0540823062	0.0634340718	-0.0391296934	0.1111454321	-0.0619114699	-0.0500993938	-0.109451107	-0.0879563491	0.0061940848	-0.0602034603	0.0823629944	0.0893225105	0.0677617445	-0.0176839023	0.1548031696	0.0249458669	0.0857540434	0.0052495325	-0.0781676667	-0.0283603	-0.0041294	1.7051944360000016e-05	0.00080430661609	-3.35945e-05	-0.0043673745	1.907396002325025e-05	1.1285904302499996e-09	0.0070507	0.00856783	4.971237049e-05	7.340771090890001e-05	-3.76639e-05	0.0002043941	4.177694811481e-08	1.4185693632099995e-09	-0.000410212	0.0	0.0	1.6827388494400005e-07	-0.000446035	8.364999999999978e-06	6.997322499999964e-11	1.98947221225e-07	0.0	0.0	0.0	0.0	0.0	0.0	0.0	0.0	0.0	0.0	0.0	0.0	0.0	0.0	0.0	0.0	0.0	0.0	0.0	0.0	0.0	0.0
556.9426500249202	-0.0407857873038892	310185.11541678075	0.001663480445998	755.2625579472733	2.164291400590969	570421.5314370584	4.684157266672018	516.0292463459042	-0.7984596958881411	266286.1830843219	0.6375378859577828	534.0079748080402	534.2897514830927	1.261019	56.249443	0.0760780494999999	0.0411213	0.0483631935	-0.0817492477	0.0197101278	-0.0595736296	-0.0716663803	0.1328425309	0.0345521902	-0.084192108	-0.0228867101	0.0704299193	-0.0871188759	0.061307855	-0.0199611741	0.1621339324	-0.016151432	-0.0400102252	-0.0971362766	-0.0958237154	-0.0297121739	-0.1012419488	-0.0736428461	0.0233508379	0.009387919	0.1154564264	-0.1062602638	-0.084529659	0.0609189913	0.0244623839	0.0098711032	-0.0407898853	0.1475296343	0.0962249985	0.0779472166	0.0699945143	-0.1904569395	-0.0747405855	0.0876512137	0.0762885452	-0.0218712003	-0.0013811084	-0.0619519296	-0.0342271181	-0.0940032668	-0.0150894543	0.064922953	0.0363293752	-0.0053113528	-0.0819454953	0.2389955307	-0.1185374171	-0.0598807286	0.0451016515	-0.0842172213	-0.0949885511	0.1204975235	-0.081097622	-0.1144563439	0.0752910658	-0.0516715523	0.0451602732	0.0260872123	-0.1381526781	-0.0410521344	0.0110631263	0.0730401618	0.0081787393	0.1538371237	-0.0474638089	-0.0537547318	0.0027960293	0.1965334016	0.0493879949	-0.1072854367	-0.0584585651	0.068300262	0.0917507677	-0.0776645305	0.1337047766	0.1022441998	0.095924184	0.0412292549	-0.0016917488	0.124441427	-0.0519974618	-0.1222275856	-0.02446365	0.130169177	-0.0372492306	-0.0352508341	0.0131252979	0.0010349391	0.0980734589	0.0715589208	-0.0581823863	0.0145574404	-0.028809199	-0.0213932681	0.0258749414	-0.0222388571	0.0216514598	-0.0526707588	0.0920724716	0.0975064828	0.2130468051	0.0065177153	0.0661288468	-0.0112757047	0.0861727901	0.0076019394	0.1276720853	-0.0047689514	0.0661037403	0.1395780537	0.0337093871	0.1253650065	-0.1727363263	-0.0090301246	0.1546127419	-0.0962415912	-0.0835590162	0.000185315	-0.0114149916	-0.0297187849	-0.0236212562	0.0700155856	-0.1137827583	0.1106410859	-0.0482569034	0.1033838146	-0.0279159126	0.0917148031	0.0092388753	0.0799492647	0.1390318671	0.0796164072	0.0699021902	-0.0420113314	-0.1073027418	0.0587955926	-0.0362323947	-0.0985939259	-0.0354749026	0.1279232689	-0.1151771817	-0.0288450277	-0.1327762196	0.0733145833	0.0147695976	-0.1798446349	-0.0083757472	0.064242537	0.1122811195	0.0614545601	0.0678014464	-0.001735021	-0.1159879398	0.0407433345	-0.1320784561	-0.0338393136	-0.0016184483	-0.0749349022	-0.0092013312	0.1211956978	-0.0519106977	-0.0760635976	-0.0699438757	0.056112034	-0.1195654873	-0.1223088963	-0.0147482753	-0.1058160583	-0.0137433433	-0.0328694232	-0.0493447216	0.1684487866	0.0562871791	0.0277680326	-0.0211011443	0.1217812318	-0.0574200863	-0.1074724895	0.0899586542	0.029333276	-0.0656813593	-0.120770191	0.1660384216	-0.0379232887	0.1297677627	0.003917107	-0.0878120734	0.0021974367	0.0839181358	0.0	-0.0839181358	-0.0345967	-0.0062364	3.889268496e-05	0.00119693165089	0.0241255	0.0241590945	0.0005836618470599	0.00058203975025	0.0172088	0.0101581	0.00029614279744	0.00010318699561	-0.00061644	-0.0005787761	3.3498177393121e-07	3.799982736e-07	-0.000410212	0.0	0.0	1.6827388494400005e-07	-0.000577748	-0.000131713	1.7348314369e-08	3.33792751504e-07	0.0	0.0	0.0	0.0	0.0	0.0	0.0	0.0	0.0	0.0	0.0	0.0	0.0	0.0	0.0	0.0	0.0	0.0	0.0	0.0	0.0	0.0
557.2986033564541	0.3559533315338967	310581.73330305435	0.1267027742300802	752.8658749563152	-2.396682990958084	566807.0256737381	5.744089359147786	516.249815547547	0.2205692016427747	266513.8720528763	0.048650772713331	534.0233911948108	538.2212363646125	1.268757	56.594616	0.10283688	0.0551489	-0.0270390121	0.0445231798	-0.1492363993	0.0624608846	0.0329346528	0.1068834228	-0.0545761603	0.0756510947	-0.0875779488	-0.0640686688	-0.0185809401	0.1786618459	-0.062943494	0.0389708867	-0.2046501871	0.0117353939	0.0275290731	-0.0252927321	0.0085645302	-0.0229948237	0.0342154712	-0.0030002479	0.0265940775	0.0838108125	0.1165629498	0.1636336724	0.1803037437	0.1029859612	0.0855911379	-0.0050941361	-0.0456846905	-0.0713441592	-3.20275e-05	-0.2583601972	0.0636912849	0.0061055014	0.0692135066	0.0218507763	-0.0374254402	0.0429316703	-0.0662093949	-0.1355545558	-0.0237907475	0.1514233156	-0.0877006858	0.103190394	-0.1059862804	0.0375441594	0.0267700547	-0.182022627	0.0039226291	-0.0325862051	0.0427279717	0.0124503859	0.1256681112	0.1378303479	0.0866216216	0.0236003342	-0.1258872029	-0.0649569788	0.0416227217	0.0566021931	-0.1207664541	-0.0788346254	-0.0209494951	-0.0237337257	0.0556636342	-0.0754137695	0.0761849988	0.0948800804	0.0443800291	0.0748352075	0.0339364715	0.0684009866	-0.0289925021	0.1648554119	0.023203376	0.0383190459	-0.049522529	0.0269608361	0.0355155925	0.0292065379	-0.0498062019	0.0884201934	0.0755653765	0.006817254	0.0163559487	-0.1345545926	0.046121866	-0.0988971593	0.0921965996	-0.0238951932	0.0921150531	0.0473911246	0.1112355938	0.113801799	-0.056629362	-0.1859239901	-0.0920005195	0.0130433642	0.0799697345	0.1208776934	-0.1797529836	-0.1467777889	0.0696663156	-0.0588427432	0.1873238078	0.0511608717	-0.1701198824	0.0029300194	0.0119402816	0.0407890032	0.1147147464	0.185566137	0.0926657332	0.0599592822	0.0412423547	0.0128996071	0.0493085213	-0.0100860804	-0.001660733	0.051212304	0.1484908419	-0.0591323228	0.0247628784	0.0371511304	0.0282274482	-0.0402667806	-0.0120293594	-0.029484238	-0.0476278265	0.1217582774	0.0396231201	0.0557704955	0.0445372516	0.0928318667	-0.1986054386	-0.095333166	-0.0370857061	0.037924281	0.0821130921	-0.0095371593	0.078748373	-0.0132836525	-0.0814523937	0.0349047605	0.0965134468	0.0397323135	-0.0039068758	-0.117574753	-0.0194718681	-0.0835962965	0.2014679465	0.0072498123	-0.077101733	0.0045503639	0.0947982663	0.2846103212	0.0399192966	0.0700665372	0.0368743526	-0.0949426631	0.0679572061	-0.0048541426	0.0082444792	0.045822646	-0.0902605418	0.0909206412	0.0523803278	-0.0261072437	0.0978601658	-0.0560353262	0.0100477574	0.0018846523	0.1024890597	-0.0560498514	0.1898432989	0.0030835213	0.0937119889	-0.2081983462	-0.0735885311	0.0043024944	0.0047969304	-0.0638647665	-0.0567740126	-0.0345273944	0.0990536306	-0.050241156	0.0503340605	-0.00808939	-0.0590862314	0.0820411548	-0.0052495325	-0.0892990645	-0.0312988	0.0032978999999999	1.0876144409999996e-05	0.00097961488144	-0.0134079	-0.0375334	0.00140875611556	0.00017977178241	-0.00161158	-0.01882038	2.5971900964000003e-06	0.0003542067033444	2.6329e-05	0.000642769	4.13151987361e-07	6.932162410000001e-10	-0.000252023	0.000158189	2.502375972100001e-08	6.3515592529e-08	-0.000515002	6.274600000000003e-05	3.937060516000003e-09	2.65227060004e-07	0.0	0.0	0.0	0.0	0.0	0.0	0.0	0.0	0.0	0.0	0.0	0.0	0.0	0.0	0.0	0.0	0.0	0.0	0.0	0.0	0.0	0.0
556.7305716681891	-0.5680316882650231	309948.92942998867	0.3226599988732124	751.7978054659587	-1.068069490356493	565199.9403034315	1.140772436230378	516.169842421991	-0.0799731255559663	266431.30622594303	0.0063957008111903	533.7403383223011	484.3515407368037	1.429723	63.774734	0.11355848	0.0577819	0.0290545114	0.0291092704	0.2031949423	-0.037627667	-0.1094181464	-0.0077815668	-0.1127205419	-0.0803000692	0.1569566791	-0.0179851462	-0.0656058228	-0.0120600684	-0.0601411913	-0.0314956267	-0.0914296716	-0.1551795723	-0.0060247312	0.0397818503	0.0903907154	-0.2443468151	-0.1374976	0.0057374818	-0.058514897	0.0300381064	0.0033499133	-0.0517556607	0.1056305902	-0.0660538452	-0.0211212926	0.045056625	0.0391097251	-0.1031277067	-0.1323545555	-0.0723746309	0.1286920776	0.0731116871	-0.0948607021	-0.0562288174	-0.107956451	0.0724543245	0.0682677844	-0.2181988411	0.0922560063	-0.0855312312	0.0644905014	0.08779977	0.0604699662	0.0336680443	-0.0260396026	0.0322478168	0.0590736694	0.1387122976	0.167613147	-0.1643651306	0.1616353744	-0.0821511429	-0.0007290863	-0.05945514	0.1010698532	0.0536316226	0.014736839	-0.0062420429	0.0780738636	0.1070887839	0.0766570206	-0.0246810671	0.0325213023	-0.080905966	-0.0007525905	0.1418916159	0.0096617332	-0.0407178388	-0.2022232708	-0.0701197129	-0.0776861192	-0.043246215	-0.0022412363	0.072459764	0.0407891191	0.0472797271	0.1379647982	-0.0227072949	-0.1951413792	0.0585921199	-0.0972996141	0.0029914076	-0.0770443324	0.0879818636	0.1019797335	0.0133907265	0.1331811124	-0.0706727714	0.0607442345	0.0149213763	0.1132970947	-0.046200583	-0.0618810783	-0.038146128	-0.0310843198	-0.0203042794	-0.0737131668	-0.0520319157	-0.0623182882	-0.0664763887	-0.2444694488	0.0418377567	0.0942357229	0.003808432	0.0550976167	0.0543566713	-0.071750959	0.0646403484	-0.0725898935	0.1135311726	-0.0137046988	0.0517365679	0.172551834	0.1274208801	-0.0886378094	-0.1483056334	0.0514784276	-0.0205957913	-0.0792089046	0.0325823518	0.0839193717	-0.188990933	0.0076995459	-0.0234697836	0.0978585099	-0.0967262529	-0.130434642	0.1057640213	0.0714203309	0.1829546163	0.0109179539	-0.0310839024	0.0887923918	-0.0406086272	-0.065155483	-0.0474228218	-0.0777891117	-0.0436980306	0.041876678	0.1002467639	-0.0276675239	0.0765017052	0.0591936744	-0.133604322	0.082488375	-0.1086292571	0.0269238243	-0.0534848118	0.0249210125	0.0763396811	-0.0020908986	0.0135284091	-0.0529744748	0.0505517443	0.0296286796	0.0365462197	-0.030907537	0.1496005871	-0.1320347495	-0.000318038	-0.0962207015	-0.0600589174	0.0913098912	-0.1360716383	0.0335742825	0.1097948773	-0.0896792302	-0.0399300996	0.0042515325	-0.1100529048	0.0507137531	-0.0735651634	-0.0733024194	0.1648387529	0.156989391	-0.1798018422	0.0074148844	-0.0037032326	-0.1396317953	0.0100522713	0.0642812792	-0.099837606	-0.0387876673	0.0960451162	0.1043804542	0.006038494	0.123126343	0.080124019	-0.0104887887	-0.0942867573	-0.0383273	-0.0070285	4.939981225e-05	0.00146898192529	0.0330111	0.046419	0.002154723561	0.00108973272321	0.0222689	0.02388048	0.00049590390721	0.0005702773250304	-0.000320928	-0.000347257	1.20587424049e-07	1.02994781184e-07	-0.000410212	-0.000158189	2.502375972100001e-08	1.6827388494400005e-07	-0.0007341659999999	-0.0002191639999999	4.8032858895956186e-08	5.389997155558532e-07	0.0	0.0	0.0	0.0	0.0	0.0	0.0	0.0	0.0	0.0	0.0	0.0	0.0	0.0	0.0	0.0	0.0	0.0	0.0	0.0	0.0	0.0
557.8960486277691	1.165476959580019	311248.00107447815	1.3583365433118852	756.4094090338782	4.611603567919474	572155.1940749809	21.26688746764762	516.9025750193716	0.7327325973806182	267188.2720616571	0.5368970592641472	534.5509462368241	505.6544874825716	1.262766	56.3274	0.05647681	0.0329266	-0.0667695101	-0.1126662726	-0.0641114666	-0.0649801152	0.0503279406	-0.0906506543	0.1286969502	-0.0799843184	-0.1418239311	-0.0255360482	0.1021879839	-0.0205576018	-0.0407694507	-0.0846187059	0.1077857323	0.0053315743	-0.0463410151	-0.0338198991	0.1154180206	0.1110773105	-0.1010128954	0.053973156	-0.1109995825	0.0603466442	0.011299809	-0.1671873585	-0.0214326464	-0.1290587025	0.0848198445	0.1821412059	-0.0795598033	0.0346303979	0.0857664975	-0.0023864998	0.009540186	-0.1252353717	-0.0957891052	-0.0513550501	-0.0879537935	-0.1130558325	-0.0880789312	-0.0026078484	-0.1328270319	0.080353302	-0.005961028	-0.1479480843	-0.0515653347	-0.0104017089	-0.081716549	-0.0626421449	-0.1873293015	0.0545746938	-0.1189310761	0.0056194947	-0.1108353806	-0.0531679283	-0.0077115632	-0.0176419619	-0.1085104902	0.0335443124	-0.0526687805	-0.0782565557	0.0472953386	0.1281514469	-0.0011445553	-0.0228224716	0.1351036187	-0.0409762463	-0.0640293298	0.0526403585	-0.1293626363	-0.0502648365	-0.0821996577	-0.0028954111	-0.0767434542	0.0277911815	-0.0116384138	-0.1084222586	0.0561251808	-0.1420427652	0.0592175861	0.0051748349	-0.0567121185	-0.0105398272	-0.0983588271	0.0458229375	-0.022835316	0.1176420146	0.1422432673	-0.0185521239	-0.0039022597	0.1275739499	-0.0539867523	-0.0846946095	0.0648696887	-0.0062189942	-0.0464018159	0.0200555766	0.0258399762	0.0294368025	0.2424980687	0.1006567196	0.0669678741	-0.0312366065	0.1217586544	0.1108986528	0.1041998089	0.0280984485	4.15423e-05	-0.0904851602	0.0527955686	-0.1551260906	0.0470425509	-0.1498758155	-0.0442545281	0.0436834234	-0.096683552	0.0258832535	-0.1485639499	-0.051941041	-0.0309130522	-0.0190573953	0.0217627337	-0.0017292755	0.0864612703	-0.0502218589	0.045300777	-0.1207382747	0.0858931849	0.0296834653	0.0547822921	-0.0017601268	-0.0438277385	0.088399693	-0.1052651516	0.0576456439	0.026423106	0.1218952314	-0.0296260315	-0.0612876388	0.0372581963	-0.0184740933	0.0507105438	0.0293921296	-0.0310849323	-0.0686688115	-0.1374844619	-0.1813396649	0.0763584607	0.0584282127	-0.0773679215	-0.0849627658	0.0789616818	0.1623184117	0.0388416098	-0.0421514999	0.0252106877	-0.0061161665	-0.1010868312	-0.054650615	0.1064994607	-0.0602928213	-0.0225134427	0.0498118495	0.1684604263	0.0973569584	0.1030339767	0.1181576738	-0.1307839778	-0.1037901402	0.0140020044	-0.0064913267	-0.0610936812	0.0224510045	-0.0143885063	0.1117220708	-0.083125013	0.1083085864	0.0950693614	-0.1416421534	0.0051674148	-0.0974734829	-0.136279646	0.0185457913	0.1176893676	0.0196973079	0.0115221719	-0.1098162253	0.1172076054	0.000626361	-0.116197154	0.0781676667	-0.0157075127	-0.0988592507	-0.0385681	-0.0002407999999999	5.7984639999999686e-08	0.00148749833761	0.00546089	-0.02755021	0.0007590140710441	2.9821319592100005e-05	0.00913085	-0.01313805	8.33724217225e-05	0.0001726083578025	-0.000183898	0.00013703	1.8777220900000006e-08	3.3818474404e-08	-0.000236287	0.000173925	3.0249905625000005e-08	5.583154636900001e-08	-0.0007341659999999	0.0	0.0	5.389997155558532e-07	0.0	0.0	0.0	0.0	0.0	0.0	0.0	0.0	0.0	0.0	0.0	0.0	0.0	0.0	0.0	0.0	0.0	0.0	0.0	0.0	0.0	0.0
556.881474936252	-1.014573691517171	310116.9771271754	1.0293597755187798	754.9510741522139	-1.4583348816643138	569951.1243635815	2.126740627078868	517.5120770406079	0.609502021236267	267818.7498828841	0.3714927138910948	535.3787842306787	478.4471045731991	1.292698	57.662525	0.0237499	0.012256	-0.0368536392	0.1479717381	0.0882552614	0.0324154601	-0.0382919582	0.0359930586	0.0857074473	0.0964192758	0.0531920549	-0.0613859631	-0.067445419	-0.0308736029	0.0377834155	0.0317148674	0.0562763425	0.0316822358	0.1760004924	0.0863036985	0.0214116646	0.0228709347	0.009662583	0.1460119023	0.0667480327	-0.0026476032	0.0620916153	-0.0735468471	-0.0992660786	-0.0525133213	-0.0153568436	0.0630272143	-0.0018183451	-0.0959058262	0.0055180292	0.075231113	0.0846174787	0.1171645995	-0.0411953935	0.1688937694	-0.1088506601	-0.075416194	-0.134217606	0.0778296409	0.1462127994	0.0342182983	-0.0563230839	0.1581854495	-0.0637777073	0.0455511585	-0.0084635784	0.077677598	0.0208161591	0.0471631492	-0.112195653	0.1242877134	-0.0092449618	-0.071789433	0.0976054709	0.091397444	-0.0392034162	-0.0439314786	-0.0295735108	-0.1415000095	-0.1303873666	0.029733585	0.0482581397	-0.051514142	-0.0153311456	-0.0512586671	0.0120404523	0.081383724	0.0094381771	0.0340824799	-0.0145990468	0.0397400096	-0.1252604926	0.1087040717	0.1190841005	-0.0540563782	0.0515167159	0.0165084894	0.059584448	0.0257224038	0.0252030369	0.0582379955	0.0696249613	0.0507100175	0.0255832016	-0.1118746757	-0.0168409345	0.0529137076	-0.0482183184	0.0224557052	0.0096474276	-0.1078986486	-0.003006458	0.0340306114	-0.0335522968	-0.1372334005	-0.0180801217	-0.121908073	-0.0630950873	0.0344429575	-0.0013457973	-0.0182073534	-0.0348008739	-0.145224845	-0.0631466685	-0.0950659398	-0.0593234887	-0.0987625257	-0.081898841	0.0738399871	0.0229193395	-0.0903523848	-0.0651808338	-0.023444997	0.0036812453	0.1771766637	0.0386109235	0.0642459958	0.0884186473	0.0321035398	0.0875487731	-0.033583542	0.0218324427	-0.0433872414	0.0333335165	-0.0632020883	-0.0069343225	-0.0839168495	-0.049755131	0.0013153872	-0.0375567797	-0.0295402523	-0.0114535902	0.0956325491	-0.1085608519	0.0640220082	0.0812551737	-0.0414012616	0.0637121666	0.0125418288	-0.024088399	0.0811949815	-0.0201856381	-0.1012643954	0.0104024056	-0.0083894999	0.1291410604	0.0418945349	-0.0602216586	0.0190207018	0.090768199	-0.0478325322	-0.0542706347	-0.0808271633	0.094605633	0.0228655484	-0.0028624068	0.0296449633	0.0487288972	0.0814299503	-0.0943467313	-0.025749509	-0.127531119	0.1127280299	-0.1040824338	0.0134722998	0.1355535179	0.0968515616	0.0589454464	-0.0875878477	0.0742303479	-0.0302637211	0.0673530502	0.1040465292	-0.0983439975	0.0954102016	0.0989898675	0.0859236494	0.0206677218	0.0737393959	-0.0572300032	0.037909121	-0.0348341212	0.0380780774	-0.0149494981	-0.0724610337	-0.0500694037	-0.0423469709	0.1345444376	0.0761730556	-0.0208954884	-0.1029964092	-0.0330019	0.0055662	3.098258244e-05	0.00108912540361	0.00204582	-0.00341507	1.1662703104900003e-05	4.185379472399999e-06	0.00913811	7.260000000000252e-06	8.35050543721e-05	5.270760000000367e-11	-6.51896e-05	0.0001187083999999	1.4091684230559996e-08	4.2496839481600014e-09	-0.000207311	2.8976e-05	8.396085760000001e-10	4.297785072100001e-08	-0.000586623	0.0001475429999999	2.1768936848970496e-08	3.44126544129e-07	0.0	0.0	0.0	0.0	0.0	0.0	0.0	0.0	0.0	0.0	0.0	0.0	0.0	0.0	0.0	0.0	0.0	0.0	0.0	0.0	0.0	0.0
556.9661247189445	0.0846497826925087	310211.2640844388	0.0071655857098889	755.5735334739699	0.6224593217559686	570891.3644863402	0.3874556072409005	516.8925620975033	-0.6195149431046048	267177.9207517213	0.3837987647299016	534.944767878948	499.73214111986096	1.211038	54.019997	0.04318249	0.0216481	-0.0263919937	-0.100171263	0.0427154854	-0.0977250215	0.0332270843	0.1100172344	0.0754269495	-0.090151664	-0.0425606313	0.0971155308	0.0234948648	0.0065435865	0.0802931772	0.1362107787	0.0584047777	-0.1131017437	0.0557326081	-0.0424989243	-0.0606987178	-0.0439071801	0.1096779745	-0.0038752886	0.0222678473	0.1191054296	-0.0309841216	0.0331605994	0.142387334	-0.0733866961	0.0563626426	-0.1131387392	-0.0121573033	-0.0282075563	-0.1938982458	0.0591089493	0.1139709549	-0.0442517402	0.0799479392	0.0097304219	-0.0206515368	0.0209283239	0.0122779016	0.1193995322	-0.1095629693	-0.0845690483	0.0952372981	0.0759430203	0.0980581346	-0.022925609	0.0176663732	-0.1380179132	-0.1995919183	0.015359334	-0.0124321913	0.0857338784	-0.1252560521	-0.077559552	-0.0838628809	-0.059297996	0.0916790211	-0.0294995026	0.0489608301	-0.1420828344	-0.126469059	-0.0327150901	0.1882949724	0.0208230386	-0.1222161539	-0.1535461771	0.135528002	0.0699024736	-0.0359735945	-0.0197781114	0.0915196325	0.0337890489	0.0973056434	0.1263111796	-0.0044777004	-0.0290862812	-0.0420999971	0.0701177561	-0.0185214987	-0.0558852016	0.0225443887	-0.0424196307	-0.0965845512	0.0923218097	0.0472678144	-0.0527165232	0.0473177735	0.1189134965	0.1163510243	0.1022255143	-0.0028567527	0.0217385323	0.1344241933	0.1102035965	0.0746969731	-0.0526217447	0.0066394837	-0.0024861637	-0.0299103805	-0.1255695449	-0.0302563446	-0.0270550258	0.0528551646	0.1091476743	-0.1310371381	-0.0443507302	0.0917278011	0.0271363304	0.072300128	0.0808084619	0.1283089181	-0.0757022537	0.0498161989	-0.0650642642	-0.1787665661	0.1156714541	0.0137516895	-0.1541098823	-0.0484732864	0.0378227378	0.022350961	0.0041029583	0.0029247465	-0.115031284	-0.1224965857	0.1371849246	0.032549546	-0.0519209547	-0.1725701575	0.0296893016	-0.0452224405	-0.0433056766	-0.0145379862	0.00079495	-0.1836353164	0.1805479731	0.092304929	0.1145930311	0.1398871327	-0.0066819191	0.0859070724	-0.2007288064	0.0127151257	0.0123295147	0.1245004786	-0.020253865	-0.0608902482	0.0146842082	-0.0623170074	-0.0192633714	0.0667311172	0.1008309524	-0.0462852679	0.0906284236	0.0374369748	0.0986542641	0.0863062518	-0.0127991999	0.1161038435	0.0332885	-0.0169637394	-0.0825792658	0.0753792188	-0.1008096755	0.0331301537	-0.0934383378	0.0097476285	-0.0633347085	-0.1260565297	0.0225556974	-0.0377272524	0.0039295626	0.0728376286	0.1093901089	0.0693973091	-0.0495272016	0.0680138575	-0.1470948701	0.0801121583	0.0788510797	-0.021284848	0.0045492502	0.071455675	0.0595564717	-0.0018799645	-0.0255575834	0.0878604943	0.0407573057	0.0976128175	0.0741411618	-0.0260425603	-0.1066800145	-0.0370437	-0.0040417999999999	1.6336147239999985e-05	0.00137223570969	0.0195967	0.01755088	0.0003080333887744	0.00038403065089	0.0127397	0.00360159	0.00016229995609	1.29714505281e-05	-0.000235968	-0.0001707783999999	2.9165261906559998e-08	5.5680897024e-08	-0.000248753	-4.144199999999999e-05	1.717439363999999e-09	6.1878055009e-08	-0.0007341669999999	-0.0001475439999999	2.1769231935970506e-08	5.390011838888532e-07	0.0	0.0	0.0	0.0	0.0	0.0	0.0	0.0	0.0	0.0	0.0	0.0	0.0	0.0	0.0	0.0	0.0	0.0	0.0	0.0	0.0	0.0
557.3274450464733	0.3613203275288015	310613.8810020297	0.1305523790855204	756.8185368288756	1.245003354905748	572774.2976878001	1.5500333537265678	516.7328975106976	-0.1596645868056612	267012.8873698011	0.0254927802798225	534.9543551357153	555.6184665899933	1.420649	63.369953	0.03952559	0.0185766	0.056120806	0.086143078	-0.0535273331	0.0552529997	0.0568950852	0.0613727527	0.0773938678	0.0948264834	-0.0068281309	0.0039411678	-0.0439636609	0.0917424062	0.1430961969	-0.0440032571	0.0725557226	-0.0422855839	-0.0262867168	-0.121652947	0.0611299159	0.0979321927	-0.0472925237	0.0623292135	0.0295500903	0.0694616035	-0.0966569363	0.1016069293	-0.0066212336	-0.1202709987	-0.0019001834	0.0792032884	0.0780327131	0.025526989	-0.0990695345	0.1694566328	0.047994801	0.150718709	0.1854435876	-0.0628959008	-0.0122964779	0.0668494241	-0.0409354212	0.015830442	0.0828099675	0.0781435983	0.0249557153	-0.0975129259	-0.1876412548	-0.0307464493	0.0038843665	-0.0049058903	-0.012080939	0.1097337092	-0.0133362232	0.0388695603	0.1742545242	-0.0942129888	0.0178851677	0.0178086397	-0.0915260618	-0.1421805264	-0.1543801143	-0.1144177928	0.0496060663	-0.0618123262	-0.063896382	0.0363517807	0.0211297876	0.1551246527	0.0417170911	-0.1041129165	0.0806507084	0.0390516396	-0.1818397432	-0.0751477013	0.0505457125	-0.0878177456	0.1576070142	-0.0389723575	-0.0470325118	0.0105426665	-0.1451464224	0.0050224399	-0.0280619916	-0.0204799554	0.0822315537	-0.0527201453	-0.015919626	-0.0158960739	0.0614715906	0.103052447	0.0927633769	0.1302875417	0.1743938604	-0.1183371324	0.0030586334	0.0908475744	0.0378428044	0.0181403262	0.0505987246	0.0357186796	-0.0338968558	0.0716808442	-0.0057867472	0.0484468126	0.0301416506	-0.0895374988	-0.048777551	0.0967758015	-0.1401272707	0.0361743468	-0.008266618	-0.1388489822	0.0725397032	-0.0244978179	-0.0332501248	0.0294850865	0.0525748135	0.1389782208	-0.1179225357	0.061675363	0.0679344451	0.0363036668	0.0513793656	0.0382633585	0.1745782439	-0.1382993787	0.0324537524	-0.0482283563	-0.1897254028	0.0952802489	0.1031139512	-0.1379509367	-0.0199261612	-0.0657767984	0.0168266136	0.0381565438	0.1389293991	-0.1185262174	0.0610934071	-0.0087559957	0.0893577257	0.0113545034	0.0102922175	0.1400457413	0.0201019453	-0.0079528995	0.0688444012	0.0720739607	8.36289e-05	-0.0360614121	-0.0708545325	0.0545012105	-0.0938994526	0.0082655846	0.1774632576	0.1022273159	0.1328381718	0.1407015736	0.1490548182	-0.0275988306	-0.0356949953	-0.0055337719	0.1162543347	0.0744073483	0.0972074022	-0.070328665	-0.0224327484	0.053224472	-0.1266462582	0.1014908309	0.1183392675	-0.0949642353	-0.0236702632	0.0255417764	0.0190979536	0.0981223602	0.0513699994	0.0034765831	0.2049586506	-0.0534933664	-0.0724425265	0.1449519028	-0.0072469472	0.098213425	0.0193388703	0.0019483113	-0.0117239589	0.0668537693	-0.0011279836	0.0487859736	-0.015960915	0.0720729799	-0.0311386526	-0.1098938456	-0.0330034	0.0040402999999999	1.6324024089999972e-05	0.00108922441156	0.0106137	-0.008983	8.069428900000002e-05	0.00011265062769	0.00169241	-0.01104729	2.8642516081000003e-06	0.000122042616344	-0.000235968	0.0	0.0	5.5680897024e-08	-0.000410212	-0.000161459	2.6069008681000013e-08	1.6827388494400005e-07	-0.000586526	0.0001476409999999	2.1797864880970484e-08	3.44012748676e-07	0.0	0.0	0.0	0.0	0.0	0.0	0.0	0.0	0.0	0.0	0.0	0.0	0.0	0.0	0.0	0.0	0.0	0.0	0.0	0.0	0.0	0.0
555.1658773498503	-2.1615676966229103	308209.15137362905	4.6723749070836735	755.465921766693	-1.3526150621826218	570728.7589507991	1.829567506443298	515.7847926623415	-0.948104848356138	266033.9523417346	0.8989028034764156	533.8174146926797	469.9086147086718	1.561473	69.651619	0.0494072794	0.0231496	-0.0653296615	-0.0958311196	0.0965421018	-0.0428855914	-0.0390677683	0.0169360945	0.094710305	-0.0593443476	-0.0114579175	0.0478873237	-0.1220469633	0.0221249034	0.0276733627	0.1092014389	0.0833131307	0.1482534463	0.0287908847	-0.0574009855	0.0861592217	-0.0475229408	-0.0890892445	-0.1067185156	-0.0044175215	0.0439079399	-0.0419421645	0.0911650368	-0.0448105737	-0.0991450443	-0.0445454254	0.0210260797	0.0614740744	-0.069682552	-0.0127450097	-0.0584574359	-0.0243315941	0.0387134336	0.1748375963	-0.0132960879	0.0924248376	0.0967346468	0.0110883711	-0.074416199	-0.0649439059	-0.0019922027	0.091734616	-0.0306751191	0.0408526744	0.1527534174	0.1507292325	-0.0542918737	-0.018835458	0.0410347608	0.0668795398	-0.0194289047	-0.0225668733	-0.00747545	0.0297055709	-0.0125116066	0.0158264243	-0.0172427496	0.0277494659	0.0295658472	-0.1405111668	0.0893997407	-0.0274821947	-0.0949716996	-0.0683436914	-0.0788265228	0.0012642182	-0.0309874275	0.0349918693	-0.0756277867	-0.1509104623	0.062218657	-0.0433415253	0.1355349949	-0.044954587	0.1094165375	0.0293366164	-0.0464742931	-0.0325664205	-0.1002377312	0.1111285571	-0.0300940833	0.017380522	-0.1114095781	0.1151373752	0.0010301439	0.00699812	-0.0613002329	-0.1640077287	-0.0302898762	0.0890637932	0.2054639776	-0.1300192505	0.0055781013	-0.0947030143	0.0089507165	0.031394062	0.1953074254	0.0688028116	0.1209008412	0.0081223393	0.1054363969	-0.0119675592	0.0800462615	0.0091315768	0.0789439298	0.016273504	0.0556210717	-0.1125231652	0.1002612102	0.0736128326	-0.0958988592	0.0208149976	0.0747568378	-0.0320455098	0.0225810411	-0.0425128206	-0.0936872092	-0.0663130321	0.0079068688	0.1722650318	0.0610215259	-0.0542848021	-0.0500829403	-0.0065397041	0.0084532445	-0.0411725749	-0.0833919234	-0.0281824904	0.0806031852	-0.0855460823	0.0294025073	0.0475623567	0.0693487225	0.0195217897	-0.0747577306	-0.0971593719	0.0069692246	-0.1286531986	0.0008840458	0.0783127512	-0.012000844	-0.0357333017	-0.0139803999	-0.0976815436	0.1049178473	-0.1111457602	0.0784099435	0.0443406453	-0.0073211903	-0.0348320628	-0.0833141452	-0.0605224276	0.0477981474	-0.2310561984	0.0492851321	-0.1256991859	-0.0659941561	-0.0895415832	-0.2169820395	0.1315852254	0.001745448	0.0911222108	-0.0201374362	-0.0260672594	0.0018924042	0.0267777058	-0.0464204096	-0.1161892285	-0.0941703582	-0.0496505678	-0.1184913671	0.0642816	0.1369838428	-0.0129467731	-0.0194867401	0.0274266141	-0.0978067026	0.1029357492	0.0359868876	-0.0172224464	0.0083973758	-0.0844073978	-0.0105670594	-0.1272620273	0.0015168748	-0.0248452811	0.1675467198	0.0022303145	0.0699695221	-0.0361737896	-0.11262375	-0.0330055	-2.099999999997937e-06	4.409999999991335e-12	0.00108936303025	-6.56194e-05	-0.0106793194	0.0001140478628472	4.305905656359999e-09	0.00913957	0.0074471599999999	8.353173978489999e-05	5.546019206559999e-05	-8.83356e-05	0.0001476324	2.179532552976e-08	7.80317822736e-09	-7.99114e-05	0.0003303006	1.0909848636036005e-07	6.38583184996e-09	-0.0007341669999999	-0.0001476409999999	2.1797864880970484e-08	5.390011838888532e-07	0.0	0.0	0.0	0.0	0.0	0.0	0.0	0.0	0.0	0.0	1.0	0.0	0.0	0.0	0.0	0.0	0.0	0.0	0.0	0.0	0.0	0.0
556.4864164577937	1.3205391079433184	309677.13170203695	1.7438235356077352	751.1420545664333	-4.323867200259656	564214.3861382827	18.695827565481277	515.5966083434438	-0.1881843188976972	265839.8625352626	0.0354133378789902	533.1571193309064	498.1544686504439	1.339182	59.736023	0.0420108544	0.0250267	-0.0460801205	0.1287451724	-0.0612609856	-0.0164440812	0.0163658609	0.085741073	0.0178231701	0.1383853655	0.0040443962	-0.0673163139	0.0352383251	0.1181077268	-0.0732146088	0.1154203508	-0.0738725428	-0.0877808307	-0.053601827	0.0054279071	-0.0380611069	0.0151852105	0.0925962476	-0.0647367343	0.0323014942	0.0458451568	0.0175601535	-0.0131602366	0.1261765855	-0.0243622469	-0.0556683015	-0.0572452022	0.1403514075	-0.0577116766	-0.1367517848	-0.0205219619	0.1416772883	-0.0396081802	-0.0343181302	-0.1058986422	0.0081416348	-0.0906235969	0.0196994055	-0.1327788792	0.0309500056	-0.0419772206	-0.0899048449	-0.1483648087	-0.0760821209	0.0937317801	0.0403654389	0.0151349856	-0.1637105179	-0.0753415458	-0.2102098109	-0.0356842655	0.0142584286	0.0713533055	-0.0731462245	-0.1602644667	0.0220932955	-0.0210884338	-0.0839049002	0.1220795225	-0.0112551594	-0.087531941	-0.0827777715	-0.0048636444	-0.0029571874	0.0019335444	0.0802036628	0.0719707318	-0.049394087	0.09132451	0.1072879643	0.0651443417	-0.0242542261	-0.1214585522	0.0148915395	-0.0422257849	0.0751609325	-0.0929983627	-0.0413684677	-0.0689233583	-0.0426096202	-0.0829671794	0.0287744911	-0.178069847	-0.0250817152	0.1115088102	0.1018546067	0.0552843979	-0.1394396152	0.0519932713	0.0306095361	0.014820724	0.0161399715	-0.0306839291	-0.0064955656	0.1269876824	0.0482532556	-0.0826355878	-0.0591113128	0.0944137609	0.0671023382	0.0748153904	-0.0092508192	-0.0921424837	0.1626391699	-0.017155099	-0.017443765	0.0755983701	0.0259533891	-0.135444045	0.1922581112	0.0070478294	-0.0731342267	-0.0305505456	-0.0672630747	-0.12363643	0.0368962439	0.0242766599	-0.0815765458	-0.0637355953	-0.0320754848	0.1303727687	-0.0642889098	0.0241381911	-0.1580860771	-0.0837596269	-0.0933972	0.0676608633	0.0218006025	0.0071635365	0.1248497016	-0.0623321805	0.134918387	-0.1120533594	-0.0297941812	0.0434664272	-0.0724005487	-0.0680263677	0.1174019159	0.08097696	-0.0229274498	0.0409543317	-0.1587000619	-0.0672590112	-0.1055548726	0.0692606453	-0.0071712947	-0.1425797374	0.1021383518	0.0120482002	-0.0880747901	0.1432855265	0.0171120344	0.0068392476	-0.007134994	0.0224676448	-0.0147818606	-0.1407651448	0.0021450313	-0.0586958482	0.0738707375	0.0615613401	0.0032158735	-0.0974423751	-0.005001618	-0.037294974	-0.0962758428	0.0361937227	0.1835607463	0.0517433438	-0.0549842193	-0.0133126785	0.0448429286	-0.0185414687	0.1829337202	0.0882288167	0.0748592918	-0.0359320931	-0.0233728275	-0.2106277185	-0.1357611959	0.0034878907	0.096661315	-0.0861049506	-0.0908744517	-0.0364352691	0.1329448078	0.0772008818	0.021805895	0.067831818	-0.0411381146	-0.1148577065	-0.0292055	0.0038	1.4440000000000007e-05	0.0008529612302499	0.0209523	0.0210179194	0.0004417529359048	0.00043899887529	0.00914061	1.0400000000007623e-06	8.355075117210001e-05	1.081600000001586e-12	-0.000235968	-0.0001476324	2.179532552976e-08	5.5680897024e-08	-8.54589e-05	-5.547500000000001e-06	3.0774756250000005e-11	7.303223589210001e-09	-0.000543509	0.0001906579999999	3.635047296396189e-08	2.95402033081e-07	0.0	0.0	0.0	0.0	0.0	0.0	0.0	0.0	0.0	0.0	0.0	0.0	0.0	0.0	0.0	0.0	0.0	0.0	0.0	0.0	0.0	0.0
560.8862398969819	4.399823439188253	314593.37410577474	19.35844629603035	752.3964608860525	1.2544063196191928	566100.4343538572	1.5735352147005686	517.4397349011978	1.843126557753976	267743.8792546218	3.3971155078980213	534.8479314393842	593.0780928740342	1.705016	76.054558	0.066247696	0.0338498	0.2131310391	-0.0833845821	0.0319726633	0.0772468308	-0.0038969207	-0.0546145543	-0.1365264098	-0.1501615223	0.1438574373	-0.0980179845	0.0560527194	-0.0052575828	-0.1408887836	-0.1927998523	-0.1139646134	-0.1256699139	0.2115774931	-0.0029611246	-0.0056067997	0.0232726168	-0.0440367999	-0.1501091515	0.0330176658	-0.1936729005	-0.1457460826	-0.065896925	0.094358521	-0.1219287423	-0.1307167529	-0.0688857444	-0.0051746611	-0.0354724534	-0.0383568307	-0.0664414946	-0.0376780554	0.0349693736	-0.0376072368	-0.0693153717	0.0933448121	0.0940588107	-0.0944814131	-0.1380655331	0.0179246481	-0.0460687103	0.1708990333	0.1111514397	0.0521285316	0.0376660961	-0.2891642105	-0.0457081118	0.1008257095	-0.0612456613	0.1292370775	0.1398262724	0.0381096774	-0.0976792749	-0.047999507	0.0436645987	-0.1210576476	0.0046941583	-0.0146503101	0.0284887665	-0.1544749256	-0.0894716276	-0.1408624032	-0.050851239	0.0254364137	0.0572762423	-0.0490995171	0.0902930514	-0.1463260137	0.0693387673	-0.0771715517	0.1141213515	-0.0143242485	-0.0245994864	-0.0329178596	0.0162842114	0.0562322044	0.0097218105	0.0200200498	0.0452574254	-0.0543439155	0.0005183388	0.0195572024	-0.0958126081	0.0311791155	0.1133098924	0.036573921	-0.0688021071	-0.0824309299	-0.0860230795	-0.0678783148	0.027923144	0.0020366944	-0.0377762607	0.0153131279	-0.0520688157	-0.1746127061	-0.0802685496	-0.0351846068	-0.0856174405	-0.0364232658	0.0637349594	-0.1799384858	0.1507329001	0.0649602117	-0.1099254012	0.0186402972	-0.1970531713	-0.0223852944	-0.0074312802	-0.0761892372	0.0679179245	0.0589297163	0.1024235402	0.0827593283	0.0433739832	0.113162589	-0.0229279901	0.0238091894	0.196545176	0.0929869045	-0.0003073526	0.0376685108	0.0167646726	-0.0614065192	-0.0044575714	-0.1483301847	-0.1755521785	-0.0194406698	-0.1024543893	0.1474247753	-0.0373948899	-0.0861590245	0.0277147664	0.0556505075	-0.017410132	-0.1099462137	-0.0791772075	-0.0472758571	7.22512e-05	-0.1208971973	0.0172513414	-0.1177328718	0.0691527627	-0.0131397298	0.0924471946	-0.0241759293	-0.0921628917	0.0512273525	-0.0088904084	0.0637074004	0.0778850966	-0.1011429863	-0.0244700341	-0.0942200945	0.0478017006	-0.0199399141	-0.1597953422	-0.066863337	-0.0175916053	-0.2333277669	-0.0245277015	0.0328749717	-0.0327057373	0.0405834671	0.0661672185	0.0483898127	0.0875536512	-0.1518328583	0.0175646046	0.0247138173	0.0605868188	-0.0886271043	-0.1663027967	-0.0131747303	0.1371791736	-0.0390378151	-0.0477620263	-0.0792264297	-0.0503683072	-0.1395598024	-0.0343981116	-0.1605455677	0.066586525	0.0811342331	-0.1345176958	-0.0222989611	-0.0076550549	-0.0288574697	0.0656609137	-0.0460219099	-0.1165858777	-0.0188588	0.0103467	0.00010705420089	0.0003556543374399	-6.7931e-05	-0.021020231	0.0004418501112933	4.614620760999999e-09	-0.0120218	-0.02116241	0.0001445236752399	0.0004478475970081	-7.961589999999998e-05	0.0001563521	2.444597917441001e-08	6.338691532809997e-09	2.95511e-05	0.00011501	1.32273001e-08	8.732675112099998e-10	-0.000540504	3.004999999999935e-06	9.030024999999607e-12	2.92144574016e-07	0.0	0.0	0.0	0.0	0.0	0.0	0.0	0.0	0.0	0.0	0.0	1.0	0.0	0.0	0.0	0.0	0.0	0.0	0.0	0.0	0.0	0.0
558.3024189599688	-2.5838209370131158	311701.5910165525	6.6761306345473335	759.1568536694948	6.760392783442285	576319.1284733667	45.702910586418525	517.7520680544403	0.3123331532425482	268067.2039746498	0.097551998614433	535.4942193642063	474.7081446613354	1.85644	82.80901299999998	0.09010697	0.0478291	-0.1525549162	-0.0049738868	-0.0587591886	0.0072547108	0.0240263181	-0.039695044	-0.1195348299	0.0069156283	-0.1425494801	0.056665749	0.1102518725	-0.1376479806	0.0060965668	-0.2204052946	0.0024094178	-0.1624964876	0.0517153442	0.2148220878	-0.0634494351	-0.1130732177	0.2072825533	0.0971256431	-0.0862427267	-0.0442111646	-0.073757041	-0.133516406	0.0807700412	-0.0417236084	-0.0258247172	-0.048827934	-0.0489425386	0.1543367035	-0.0424177526	0.0553786969	-0.0693964576	-0.0583068036	0.0607066617	-0.0041533041	0.0226243293	0.0087310717	0.0369513476	0.1288668758	-0.0376404183	-0.0457960711	-0.1432440065	0.0207295507	0.1621162531	-0.028170173	-0.1554349497	0.00602105	0.0276589496	0.038590199	0.0639240394	-0.0320732458	-0.0368208606	0.0693083311	0.0452979292	0.0260871541	0.1565136095	0.1215169308	-0.2547771237	-0.04809313	0.0978820933	-0.0384209917	-0.0314817787	-0.035747436	-0.0049216228	0.0297868452	-0.0452317511	-0.1761035262	-0.021974998	-0.1158543653	-0.0059938013	0.0559519985	0.0506107298	0.0680563424	-0.0777421274	0.1127142799	0.0425593343	-0.0466834081	0.0257813371	-0.0800774252	0.1120185481	0.0459988803	0.1427291083	-0.0860347123	-0.0623666081	-0.057505733	0.0925186762	-0.0398576342	0.0394438335	0.042621652	0.1133183396	0.0554041013	0.0848081907	0.0913307489	-0.0526445959	0.031958395	-0.0271637889	-0.0551154551	0.0255769259	-0.169668891	-0.1029351016	0.0323479886	0.1164369378	-0.0151504537	-0.011311522	-0.1555547118	0.1727673387	-0.0316173114	0.1044299422	0.0164595389	-0.1631294176	0.0039377551	-0.0175320818	0.0289556637	0.0559693462	-0.1198811163	0.0476579302	-0.0158336723	0.036648477	0.0112037626	-0.1690714561	0.0155561859	-0.0638683777	-0.1067107142	-0.0848956492	-0.0550983542	-0.0755182138	0.0553200591	-0.0288384876	0.0259261292	-0.1513922851	-0.0963738791	-0.1128702094	0.0698380306	0.0799236284	-0.109127574	0.132247838	-0.0434251763	-0.0209999451	0.1710107592	0.1173525724	-0.0880823944	0.024329678	0.0248717926	-0.0753887547	0.1197637262	0.0111845013	-0.0738810832	-0.021267243	-0.0325488755	0.0744274366	-0.0058780009	0.0056595396	0.0528333154	-0.0272548319	0.1088707714	0.1073490276	0.0683294855	-0.1296078188	0.0463182053	-0.0446721142	-0.1305838475	0.035541611	0.1745003755	0.2259850994	-0.0986991781	0.0505023639	-0.1769040677	0.0934603695	0.0552785487	0.0750016865	0.1126498193	-0.0343337458	-0.117960551	-0.1078245675	-0.0274134905	-0.0770436303	0.0094593913	0.0295967776	0.0251189685	-0.0917156652	-0.0681628421	0.0622637561	0.0927947042	-0.1019727263	-0.0551168906	-0.0082829606	0.078062517	0.1097749269	0.063457872	-0.0508156151	-0.1178006533	-0.0268266	-0.0079678	6.348583684000001e-05	0.0007196664675599	0.0233682	0.023436131	0.0005492522362491	0.0005460727712399	0.023673	0.0356948	0.000560410929	0.0012741187470399	-0.00032259	-0.0002429741	5.903641327081e-08	1.0406430810000001e-07	6.02342e-06	-2.352768e-05	5.535517261824e-10	3.6281588496400006e-11	-0.0007341669999999	-0.0001936629999999	3.7505357568961264e-08	5.390011838888532e-07	0.0	0.0	0.0	0.0	0.0	0.0	0.0	0.0	0.0	0.0	0.0	0.0	1.0	0.0	0.0	0.0	0.0	0.0	0.0	0.0	0.0	0.0
559.3050071046737	1.0025881447048732	312822.09097235906	1.0051829879027598	753.3605894961975	-5.796264173297345	567552.1778060582	33.59667836665036	517.8459908896821	0.0939228352417558	268164.47028051666	0.00882149897985	535.8057572241809	601.3875410778555	1.849236	82.487656	0.065949276	0.0340581	0.1928646635	0.0310002794	-0.0063276753	0.0187698302	-0.0028295845	-0.0999167647	-0.1484988527	0.0046192147	0.1420677219	0.1025162698	-0.075471523	-0.1135876796	0.1415950968	-0.0421499712	-0.1396031488	0.1798905093	-0.1649503588	0.0294210784	0.0219543664	-0.0706873489	0.0558808569	0.0034355454	-0.2019580311	-0.10207762	0.0754220883	-0.1091629891	0.0388645828	0.0667312823	0.162136473	0.0288219844	-0.0589071837	-0.1142132153	-0.0866730936	0.0763602562	-0.105256233	-0.0783093976	0.0666281417	0.0252770247	-0.1036395836	-0.0052708331	-0.1006925818	0.1119126199	0.1495604205	-0.0053423068	0.0703478197	-0.1485075838	-0.0553099237	-0.2119152212	0.0062412077	0.0672812286	0.104338547	-0.0094081893	0.0175358731	-0.1154307563	-0.0169543549	-0.0900124539	-0.0463250104	-0.0577122457	0.0589580066	0.0230664568	0.0115692549	-0.0127529573	-0.0933877158	-0.1013795204	0.043837518	-0.1395999234	-0.0483508624	-0.1000407006	-0.1910251059	0.0318918641	-0.1278736976	-0.072534478	-0.0424360868	0.0590700718	-0.0120387517	-0.0672507285	-0.1048034115	0.0726079141	0.001770012	0.1470127761	-0.042480842	0.0057280801	0.0821510913	0.0850514981	-0.0014481634	0.1036883302	-0.1747988698	0.1614062759	-0.0016821971	0.067256244	0.0979543096	-0.1278518173	0.0026572985	-0.0870219838	-0.1088103048	0.035012047	-0.0312107111	-0.0595425031	0.0270350426	-0.1666605598	-0.0231263034	0.0110493558	0.1787564645	-0.0860099444	-0.0495158875	-0.0669129305	-0.1638771098	0.1043479436	-0.0044245314	0.0085955353	0.0458317536	-0.1437567221	-0.179816944	0.0208436355	0.0773701926	-0.1320674142	0.1185260539	-0.007132491	-0.0744313381	0.0166138758	-0.0881658804	-0.0200543953	-0.0377848606	0.046760227	-0.1867415418	0.0031566402	-0.0172614894	-0.0172835662	0.0794118049	-0.1419529816	-0.1079756026	-0.1616145837	0.0845435562	0.0128609457	-0.0323559887	0.0886666556	-0.0610952659	-0.0082015526	0.1406707753	-0.0345347963	-0.1010573917	-0.1413775552	0.0259479934	-0.0730855178	-0.0285919374	0.0744984635	-0.1000796056	-0.0907822378	0.0220937728	0.0893246705	-0.0142121927	-0.039129778	-0.1143359872	0.045506892	0.081751929	0.0320477724	0.0201836907	0.0906735449	0.0732322721	-0.0941294771	-0.0767816742	0.0844396282	-0.1556910379	0.2244468621	-0.1287232117	0.0857771742	-0.2106422355	0.0702080774	-0.1062917166	0.1229007582	-0.0306686295	0.005029932	0.0112372244	0.0169428866	-0.0583206847	-0.1868211801	-0.1113895733	-0.1501940214	-0.037114108	-0.0701145875	0.0391268957	0.0413863268	-0.0216745224	0.1017636506	0.0684113218	0.0696594	0.0910559879	-0.0428143931	-0.0651765259	0.0472932002	-0.1101631513	0.0612237711	-0.0555098464	-0.118496684	-0.0246477	0.0021788999999999	4.747605209999989e-06	0.00060750911529	0.00756685	-0.01580135	0.0002496826618224	5.72572189225e-05	-0.000939735	-0.024612735	8.831018702250001e-07	0.0006057867241802	-0.000102433	0.0002201569999999	4.8469104649e-08	1.0492519489e-08	-5.52124e-05	-6.123582e-05	3.7498256510723995e-09	3.04840911376e-09	-0.000548434	0.0001857329999999	3.4496747288962865e-08	3.00779852356e-07	0.0	0.0	0.0	0.0	0.0	0.0	0.0	0.0	0.0	0.0	0.0	0.0	0.0	1.0	0.0	0.0	0.0	0.0	0.0	0.0	0.0	0.0
555.485634517929	-3.819372586744634	308564.29015578626	14.5876069563764	755.3603148957363	1.9997253995388744	570569.205319386	3.998901673560912	516.7572801965349	-1.0887106931471635	267038.0866361201	1.1852909733729773	534.7374533612924	473.298157190892	1.831138	81.680374	0.0421540795	0.0198916	-0.1399942098	-0.062526672	-0.0162324899	-0.0005445394	0.0455782939	-0.1073783041	-0.0400066223	-0.0074810064	-0.1047934606	0.0486082134	-0.0398387649	0.0708254962	-0.0329876912	-0.1121716459	0.0878606334	0.0811169025	-0.0543019824	0.0352466646	-0.1310993709	0.0106636099	-0.0086881361	-0.0279307118	0.0961580931	-0.0717449463	-0.0301583433	0.1068204693	-0.0268139803	0.0021359589	0.0654254515	0.1015296437	0.0276560106	-0.0316304388	0.0528916687	-0.1229116198	-0.1280312997	-0.0104154886	-0.2540012223	0.0619714562	0.2197455042	0.0597823038	0.1767654711	0.0524138427	-0.0927041434	0.0934251839	-0.0146234859	0.0114993391	-0.0866740972	-0.0250737192	0.0670030049	-0.126252519	-0.0230319238	0.1364843717	0.2035002621	0.0286533184	-0.1010179675	-0.0220995844	0.0771196295	-0.065524383	0.0005215278	-0.1044399874	0.0747209399	0.0710091467	0.0526764774	0.0324241048	-0.0454204873	0.0127585834	0.1228865413	-0.0400759152	-0.1232488026	-0.0446042584	0.0763656427	-0.0403699486	-0.1464059157	-0.0896030357	0.0018677131	0.0133176886	-0.0355191908	-0.0132022126	0.0438995743	-0.1341997885	-0.1375795885	0.1331534711	0.0718430651	0.0825416172	0.105018266	0.1545492356	0.0900457701	-0.0163299982	0.0114441992	0.0302250084	0.1409410954	-0.1277152498	-0.0288212478	-0.1188498632	-0.2140763839	-0.0145354092	0.104545117	0.1364398928	-0.0452687977	-0.0259918629	0.0208159916	-0.0034051948	0.0330214874	0.0593573334	0.1161219938	0.0277166139	-0.0211254531	0.0862363271	-0.1043998378	0.0270257835	0.0154814012	0.0558286491	-0.151174262	-0.0169221398	0.0642790374	0.213429521	-0.117026896	0.0234658903	-0.1363886601	-0.0526925296	-0.0313821476	-0.007710555	-0.0399044682	-0.026936621	-0.0709688979	0.0031300079	0.1058529555	0.0757870558	0.0540114561	-0.0447886999	0.0527507034	-0.0210356455	0.0310095134	0.1260828832	-0.0252482185	0.0129232134	0.0131345528	-0.0669233805	-0.0361221118	-0.0114551779	-0.038800429	0.0062909399	0.0721017496	0.1341028939	-0.012022802	0.0808470308	-0.104246663	-0.1190121549	-0.1571121542	0.04928275	-0.1361821429	0.1341030971	0.032064538	-0.1178180638	0.0590002662	-0.0041361458	0.0216234921	-0.0405776104	0.1854413915	0.0230844977	-0.1197930177	0.0951822156	0.0380091337	0.0045296706	0.0989014388	-0.0078265061	-0.0551760461	0.1127164183	0.0360056506	-0.1506065121	0.0210501276	-0.1419187361	-0.0897270071	-0.030728421	-0.0188161622	-0.0329770795	-0.0609438545	-0.0278030208	-0.0358033501	0.1176773863	-0.0095642347	0.0222354839	-0.0681263334	0.0242344665	0.0452970143	-0.0464847346	0.1287743305	-0.1129451818	-0.0672038553	-0.0204028382	-0.014605468	0.0589597043	-0.0600954145	-0.1186709048	-0.0330061	-0.0083583999999999	6.986285055999992e-05	0.0010894026372099	-6.42385e-05	-0.0076310885	5.823351169483225e-05	4.12658488225e-09	0.0106913	0.011631035	0.00011430389569	0.0001352809751712	-5.87307e-05	4.37023e-05	1.90989102529e-09	3.44929512249e-09	6.02342e-06	6.123582e-05	3.7498256510723995e-09	3.6281588496400006e-11	-0.0007341669999999	-0.0001857329999999	3.4496747288962865e-08	5.390011838888532e-07	0.0	0.0	0.0	0.0	0.0	0.0	0.0	0.0	0.0	0.0	0.0	0.0	0.0	0.0	1.0	0.0	0.0	0.0	0.0	0.0	0.0	0.0
555.8920418783852	0.4064073604561145	309015.9622237204	0.1651669426329061	754.6810707029928	-0.6792441927435675	569543.5184774155	0.4613726733758607	516.2870180296104	-0.470262166924499	266552.28498590726	0.2211465056405254	534.4395710485313	471.9450778446059	1.077689	48.07177	0.0184353335	0.0112959	-0.058791752	0.1578281071	0.1058479402	0.0121531346	-0.0368927789	-0.0091555283	0.0566033981	0.1304526886	0.0787209146	-0.0255582208	-0.0630663695	0.0273007672	-0.007413488	-0.0489754983	0.099396209	0.0079668177	-0.0553955148	0.196406311	0.0622622291	-0.0515936456	0.0458854988	0.105135388	-0.0501675008	0.0587701994	0.0013000213	0.1293818667	0.0440180899	-0.0958539571	0.026611255	0.0663262604	-0.1844668506	0.0626327629	0.0280627556	0.1560182353	-0.1871283435	-0.0537864144	-0.1927837395	0.0053778699	-0.0384342702	0.0275862729	-0.0581706324	-0.0386334528	0.1141976108	0.0095437766	-0.0434881685	0.0239336214	-0.0097264259	0.0721369383	0.013186135	0.0489467447	-0.071532968	0.0198974329	0.0435063737	-0.0005937391	0.0112960116	-0.0596698901	-0.0238438828	0.0648961918	0.0886249644	0.1937953841	-0.0194131804	0.0105509493	0.0504456264	-0.0568755289	0.0758790846	-0.0801117204	-0.0587331291	-0.0367758899	0.0638128407	-0.1354438669	0.1601226685	0.0004145405	-0.0779281032	-0.0592177638	0.1764913806	0.0439012584	0.1323341181	0.0577620949	0.0746242988	0.0543448902	0.0875378854	0.0052907279	0.0773379025	-0.0620585981	0.0529216266	0.0379407152	0.0252105582	0.0626413168	-0.0733422218	0.0943947066	0.0439819557	0.0933563454	-0.1102354936	-0.0069386609	-0.024345512	0.0744571637	-0.0173782335	-0.0101966233	0.1000837563	-0.0499615598	0.0658410823	-0.1703716863	0.0505185832	-0.1568398571	-0.088350234	-0.1248097329	-0.0091658032	0.0057265425	-0.0118272871	0.0360506321	-0.0939490035	0.0549415753	-0.0460900939	-0.0760109947	-0.0755933274	-0.0250929972	-0.0199901303	0.0310793093	-0.0127112429	-0.1243804162	-0.0430163654	-0.0239978993	-0.0375379892	-0.076919734	-0.0019455691	-0.0478171185	0.0495580091	-0.0294140987	0.030506926	0.140736284	-0.1131319284	-0.0514938526	-0.0943931176	0.0115995989	0.0758621717	-0.0033117708	0.0833669688	-0.1152188345	0.1387053789	0.0498894366	-0.0278986716	0.141034995	0.0585558306	0.0039575968	-0.0422104113	-0.0688836697	0.2144275361	0.0180339431	-0.0798854854	0.0381036675	-0.0103047196	-0.0018767707	-0.0799184447	-6.67068e-05	-0.0082171925	0.0412836849	0.0104903305	0.0011931749	0.0103702218	0.0439834474	0.1073771692	0.1086121817	-0.0812775391	-0.1523732567	-0.0527884228	0.1045091471	0.0389892846	-0.0567888146	0.0897109264	0.0934049458	0.0765513425	-0.0915491103	-0.0161029413	-0.1063927474	0.0413256919	0.0623428987	-0.0955768616	0.0745732836	-0.1722355811	0.0929804856	0.0423509393	0.0090469411	0.0652420804	-0.0503704077	0.0854015457	0.0420405907	-0.0381140317	0.010099356	-0.2161139104	0.0085318794	-0.0051845923	0.05666678	-0.0645633431	-0.1183225485	-0.0330061	0.0	0.0	0.0010894026372099	0.00845508	0.0085193185	7.257878770444224e-05	7.14883778064e-05	0.0153681	0.0046768	0.00023617849761	2.187245824e-05	-0.000163515	-0.0001047843	1.0979749526490003e-08	2.6737155225000002e-08	6.02342e-06	0.0	0.0	3.6281588496400006e-11	-0.0007341669999999	0.0	0.0	5.390011838888532e-07	0.0	0.0	0.0	0.0	0.0	0.0	0.0	0.0	0.0	0.0	0.0	0.0	0.0	0.0	0.0	0.0	0.0	0.0	0.0	0.0	0.0	0.0
555.6528684596581	-0.2391734187270913	308750.1102274461	0.0572039242256045	753.8900639446754	-0.7910067583173941	568350.2285145067	0.6256916917037924	515.9493383450433	-0.3376796845670924	266203.719738688	0.114027569369331	533.8035296521591	472.0157957767133	1.088486	48.553398	0.028870461	0.0155495	-0.0709275977	-0.1129882653	0.0902890764	-0.0528026308	0.0233516812	0.1036049035	0.0470625314	-0.1037773193	-0.0268156914	0.0467061755	-0.053797645	0.0519381389	0.0292526916	0.1558089758	0.0775391475	0.0054522904	-0.0482198837	-0.0345976426	-0.0391808181	-0.0293041578	-0.0096583316	-0.066879297	-0.0141736756	-0.0669322407	-0.0475648331	0.0294512921	0.1411897192	-0.004470672	-0.0292546448	0.0266014141	-0.0386205512	-0.0264835343	-0.0231525223	-0.0153958066	-0.1798842909	-0.0219521501	0.1312707525	-0.0708694759	-0.0911871698	0.0838005879	-0.1054060321	-0.078919469	-0.1868756757	-0.0673140517	0.0314576981	-0.1391832681	-0.0437997155	-0.003930171	0.0557904014	0.0630782801	0.0108829309	-0.0825467259	0.0408278744	0.165273275	-0.0441113137	0.0573596434	-0.0122686221	-0.0150108693	0.0224709162	-0.130900577	0.0423539314	-0.0683153404	0.0190383055	-0.0971066324	-0.1136567172	-0.0310273456	0.0726152163	0.0050090188	0.0873311665	0.0795224409	0.0205517704	-0.0823765684	-0.0731524508	0.0566928551	0.0531120654	0.038154892	0.02329987	0.0232285675	-0.0079535718	-0.1319974643	0.133050258	-0.1750994231	-0.0550179567	-0.1340101992	-0.0329943001	0.0242714684	-0.0777825406	-0.104994928	0.0187285101	-0.0765816555	0.0765778683	-0.1364328934	0.0626794447	0.0308091233	-0.0943592992	-0.0997925454	0.0728870173	-0.0517683674	-0.0483267393	0.029352302	-0.1625618376	0.0946463901	-0.0677985174	0.0021140142	0.0240567679	0.1433104153	0.0462921945	0.0846529149	0.0036440783	0.1515706456	-0.0042179333	-0.046255096	0.0674500354	-0.0162500722	-0.0107790894	-0.0107841482	-0.1554587373	-0.0108383245	0.058039447	0.1074015903	0.0337308928	0.1044080845	0.0452967931	0.1066810722	-0.0827514849	0.0140383728	-0.0340186856	0.0722718171	-0.0792544447	-0.0094434602	0.0031896605	-0.0701554067	0.017471747	0.1167089711	-0.1518720314	-0.0126891569	0.0811903146	-0.0595479194	-0.095567634	0.0463357531	0.0681241066	0.04027427	0.1110069021	-0.0404413882	-0.1452893493	-0.0332330833	0.0571256932	-0.0889951012	0.1065535739	-0.0114487715	0.0940222582	-0.1261421368	-0.0872624723	-0.1213792422	0.0011665556	-0.1150918439	-0.0426652811	-0.04285707	0.062892661	0.0983908584	-0.0821063008	0.0359919053	-0.0034965949	0.0887182275	0.0045030878	-0.0997299695	-0.0406508957	-0.0504253527	-0.1579807356	-0.0686592132	-0.0755339708	-0.0614739738	-0.0399200581	-0.015376093	0.1008051503	0.0827112617	0.016623933	-0.0461456603	-0.1308327249	0.0080495955	0.1001836981	-0.0145205496	0.0035102883	-0.1038215548	-0.0865415778	0.02700953	-0.0435676511	-0.0103667958	-0.0391937923	-0.1270369391	-0.1520955377	0.0543461203	-0.0689048858	-0.117453149	-0.043021	-0.0100149	0.00010029822201	0.0018508064409999	0.0192799	0.0108248199999999	0.0001171767280323	0.0003717145440099	0.0136793	-0.0016888	0.00018712324849	2.8520454400000026e-06	-0.000125538	3.797700000000002e-05	1.4422525290000015e-09	1.5759789443999996e-08	-8.283839999999998e-05	-8.886181999999998e-05	7.896423053712397e-09	6.862200514559997e-09	-0.0007341669999999	0.0	0.0	5.390011838888532e-07	0.0	0.0	0.0	0.0	0.0	0.0	0.0	0.0	0.0	0.0	0.0	0.0	0.0	0.0	0.0	0.0	0.0	0.0	0.0	0.0	0.0	0.0
555.8543262303024	0.2014577706443105	308974.0319889434	0.0405852333529756	753.5738363115622	-0.3162276331131579	567873.5267733252	0.09999991594435	515.8549694056404	-0.0943689394028979	266106.34946049424	0.0089054967240278	533.7358597256392	471.0464179931328	1.070297	47.742062	0.090114411	0.0423248	-0.1367188262	0.0426798772	-0.0566053313	0.0468864241	0.0189316831	0.0382696611	-0.135630585	0.0901536688	-0.0846086042	-0.0612847533	-0.0096911268	0.140165449	-0.1278153479	-0.0518716984	-0.1367717973	0.0810063342	-0.0464650677	-0.05065155	-0.077260187	-0.0899472336	-0.0431016337	-0.0594146736	-0.0641387065	0.0833037297	-0.0871172088	-0.069397446	0.1109339604	-0.0488584374	0.0740759592	0.0699082707	0.0502086281	0.1031554297	0.1164665825	0.012611837	-0.0913269605	-0.0117011759	-0.0706757157	0.0045424455	-0.0670710299	-0.0912151616	-0.0272545546	-0.0908977536	-0.0444931209	0.0143938202	-0.1137238947	0.086468523	-0.0952863021	0.0161235097	0.0818712797	0.0121257495	-0.0706616146	-0.0401072457	0.0068850408	-0.1364673002	0.0549618467	0.1469343115	0.0541946971	0.0530086895	0.0066185756	0.0462666035	0.0281307691	-0.0126462252	0.1704043566	0.03817309	-0.0714032267	0.0658944116	-0.1119566589	-0.0088752881	-0.0608197773	0.1599931497	-0.009945545	-0.0548976641	-0.0115634856	-0.0613869102	0.0009446254	0.0096628829	0.0772806883	-0.0254172581	-0.1885610743	0.1322966905	-0.0972959889	0.0552861882	0.0209126223	0.0744138934	0.0523773516	-0.1615779446	-0.0216659687	-0.007043689	-0.0543382949	-0.0361564147	0.0697595129	-0.1365863045	-0.0768123631	-0.1288574872	-0.0096457818	0.1210694992	0.1649120913	-0.0341259044	0.0847563278	0.1514235744	-0.01194908	-0.0570289089	0.0565468265	-0.0578843348	0.0598294386	-0.0612459936	0.1453334775	0.0016059078	-0.1146825165	0.0954753292	0.0005948279	0.0518747392	0.0356605442	0.1595079506	-0.052075121	0.0206127489	0.0087425985	-0.033646366	0.0183841966	0.0324498732	0.0736223572	-0.0679684303	-0.1641118327	-0.0418055954	-0.0379428235	0.0589230671	0.0749527931	0.0036624727	0.063055959	-0.1196800464	-0.1231892458	0.1398516321	-0.00880198	-0.0450596481	-0.0260553621	0.0862081141	0.1013236735	0.0631103098	-0.0521471888	0.1249872883	-0.0585981725	-0.0716508653	-0.1004495688	0.0432901128	0.0739778154	-0.0397389931	0.0176268375	-0.006378686	-0.0578188701	-0.0487658605	0.0078701261	0.1233574512	-0.0245885894	-0.0346428871	0.2993490046	-0.0167891576	-0.0609379223	0.1850086621	-0.0160572681	0.0971974661	0.0674472299	0.0345773644	-0.0418041011	0.0661349447	0.066109107	-0.1476074214	0.1024790904	0.065807426	0.0842482618	-0.0704517561	0.0940456498	-0.0279952453	0.0071610259	-0.0350793486	0.0458918737	-0.1126494669	0.0986867668	-0.0158896376	-0.1313388834	-0.159999483	0.0738441228	0.0341518309	0.128435574	-0.1061420589	-0.1456924565	-0.0563642854	0.0081345613	0.1173395896	-0.0653547006	0.0027847161	-0.0819640012	0.051998861	-0.073111544	-0.116066535	-0.0330129	0.0100080999999999	0.0001001620656099	0.0010898515664099	-0.00899803	-0.02827793	0.0007996413250849	8.096454388090001e-05	-0.00153379	-0.01521309	2.3525117641e-06	0.0002314381073481	0.000267906	0.0003934439999999	1.5479818113599998e-07	7.177362483599999e-08	6.02342e-06	8.886181999999998e-05	7.896423053712397e-09	3.6281588496400006e-11	-0.000484167	0.0002499999999999	6.249999999995002e-08	2.3441768388900003e-07	0.0	0.0	0.0	0.0	0.0	0.0	0.0	0.0	0.0	0.0	0.0	0.0	0.0	0.0	0.0	0.0	0.0	0.0	0.0	0.0	0.0	0.0
556.5334029846107	0.679076754308312	309729.42863763106	0.4611452382419116	755.5677448620592	1.99390855049694	570882.6170759377	3.975671307744808	516.5811765085741	0.7262071029336994	266856.1119229826	0.5273767563513566	534.3649745967391	470.0824945034486	1.07535	47.96743	0.100896541	0.0517092	-0.0323239141	0.1268285936	0.147533202	-0.0393618522	-0.072990385	-0.0267906223	-0.0505149444	0.0551244679	0.1484575935	-0.0082256615	-0.0303883834	-0.0141787308	-0.0672453729	0.0025213937	-0.0009923465	-0.1471096297	0.0048018123	-0.0044710742	0.0252441732	-0.0941921071	-0.052440994	-0.0725785782	-0.0015269091	0.0346414775	0.0404582997	-0.090483548	-0.1039644754	0.0494813121	0.1307327566	0.0157933443	0.0818982737	0.0747191196	0.0213899608	-0.1465085413	0.0065903455	0.1225633248	-0.0818281432	0.0561234733	0.0175896493	-0.0135704178	-0.1250396836	-0.0442649363	0.066179811	-0.1706660081	-0.0774480574	0.0083697765	0.0090449608	0.0063105198	0.073874823	0.0854433234	-0.1675962465	-0.0114556551	-0.0492449652	0.0031865347	-0.069254369	-0.0808638762	0.0959889608	0.0411013063	0.0365189822	0.0671339573	-0.0209685571	0.0213818809	0.0918489308	-0.0299664268	0.0325806218	0.0269770777	0.0171641145	0.1263242267	-0.1321983476	0.1775467396	-0.1769348899	0.0404894713	0.0554202422	-0.037501309	0.0014711761	-0.1369746313	-0.0317533348	0.0032394767	-0.0839097948	-0.0450252938	-0.015181427	0.191683477	0.1291141845	-0.1172499501	-0.1407842367	0.0611893192	0.0871145742	-0.1389045345	0.0173727642	0.0050676368	0.0925384519	0.0112141152	0.0161682497	-0.0011396352	0.1751646071	-0.0274231183	-0.1898053635	0.0210830785	0.0212948345	0.1533212448	0.0044559309	0.0084085879	0.0389640304	-0.1522196536	-0.1326813542	-0.0678983428	0.0188844256	-0.0848030058	0.1011581377	0.1069807558	0.0213597612	-0.0081232109	0.007195222	0.0213078783	-0.1452892338	0.0106231929	-0.1441602894	0.0174062478	-0.0199144678	0.0240480759	0.0361244059	-0.0620039049	-0.1549064603	-0.0895331879	-0.0023137736	0.0218617009	-0.0524778236	-0.1429987454	0.0314982815	-0.0630091178	-0.0714952489	-0.0671249517	0.1130807871	-0.0466889034	-0.1349334129	-0.0762791152	-0.0163364668	0.0737434202	-0.0706294585	-0.0560016897	0.0009344877	-0.0832913041	-0.1241227324	-0.0160719021	0.091858119	-0.014343349	0.0604924324	-0.1129269114	-0.1066829513	0.0508034855	-0.074401603	-0.0895751874	0.1128331616	-0.0057304582	0.0645817335	-0.1247402075	0.0895644412	-0.0280457218	-0.170113433	0.080763398	-0.0401320167	-0.1536796484	0.1016139794	-0.1774547746	0.1550568299	-0.0246507811	-0.1733957535	-0.1432057408	-0.008796133	0.076957568	0.055999617	0.0196603571	-0.0338406478	-0.0615713991	0.0140082998	-0.0523732439	-0.0502102383	0.0820664258	-0.0314535195	0.0313153068	-0.0298422014	-0.0020557695	0.007456927	-0.1292328193	-0.0594260545	-0.0599524115	-0.0052107814	0.0548603853	0.1026204187	0.0139351301	-0.05292924	0.0496261511	-0.077175083	-0.1141688124	-0.0330031	9.799999999997313e-06	9.603999999994728e-11	0.00108920460961	0.024942	0.0339400299999999	0.0011519256364008	0.000622103364	0.0177762	0.01930999	0.0003159932864399	0.0003728757138	-0.000304996	-0.0005729019999999	3.282167016039999e-07	9.3022560016e-08	-0.000123809	-0.00012983242	1.68564572830564e-08	1.5328668481000002e-08	-0.0007341669999999	-0.0002499999999999	6.249999999995002e-08	5.390011838888532e-07	0.0	0.0	0.0	0.0	0.0	0.0	0.0	0.0	0.0	0.0	0.0	0.0	0.0	0.0	0.0	0.0	0.0	0.0	0.0	0.0	0.0	0.0
558.7677539601628	2.234350975552161	312221.40286568506	4.992324281950893	755.6754977549924	0.1077528929332629	571045.4579072555	0.0116106859354872	517.6250374523383	1.04386094376423	267935.6793975347	1.0896456699163488	535.4842037199322	543.0988947945859	1.577088	70.348145	0.05012777	0.0285005	0.1007965745	-0.1191764619	0.0397751719	0.0078211117	0.0429519769	0.0793284697	-0.1268071099	-0.1612099852	0.0395487446	0.0686229001	0.0488158204	0.0440453914	-0.0666214223	0.0184304443	-0.1035579248	0.0392002762	0.0575516129	0.0950634522	0.0843199596	0.1539878818	0.1706838066	-0.0760605319	-0.0169200859	0.0149883399	-0.0345872168	-0.0088688878	-0.0878699747	0.0751832749	0.0921706134	0.051214773	0.0125239874	-0.0895926438	0.194788565	-0.0076966048	0.0358593168	0.1011710508	-0.0093972478	-0.0654122614	0.1543031428	-0.0787903431	-0.0329585965	0.0511207288	-0.0313078564	0.0191837542	0.1489038837	-0.0636653813	-0.0245826784	0.0338192442	-0.0833740547	0.1332728489	-0.068961516	-0.02123312	0.0007795508	-0.140207758	0.0500580764	0.2101792957	0.0954128339	-0.1148860869	0.1293769258	-0.1626349896	-0.0019575737	-0.0990605042	0.0442332177	0.0649269061	-0.0668668499	0.0532083163	-0.100434533	-0.0699495773	-0.1496821348	-0.0198587894	0.0356127776	0.0214548118	0.1050105555	-0.0293642384	-0.1214869205	0.0795791296	0.1147320093	-0.177534982	0.0540173002	0.0976617987	0.0257254811	-0.1276704717	0.0304616	-0.0043560703	0.103179942	0.0638686817	0.042493637	-0.0323452621	-0.0677107706	0.0072536365	-0.0592943713	-0.1394813526	0.0860902392	0.0959270935	0.1427135322	-0.0656103341	0.0048627974	-0.0507792971	-0.0745081715	-0.0449262929	0.1086890029	-0.0757856084	0.0649639694	0.0779062285	-0.0291215674	0.1331107756	-0.0845618505	0.0605541877	-0.0196281045	-0.0782012749	0.0091841656	-0.0986056481	0.073498042	0.0965914247	-0.1633296989	0.08395063	0.0862504262	-0.0472501476	0.0261887631	0.1133289215	0.0560758214	-0.1701197427	-0.0939805307	0.1856988636	-0.1297626131	-0.0437056236	-0.0486823921	0.1304196799	0.0700983671	-0.0258451669	0.0190693361	0.0910424902	-0.120877329	-0.052976549	0.0913550352	0.19468255	-0.044795028	0.1203647241	0.0740006227	-0.002319732	0.1101501311	0.0180883195	-0.0355117656	0.0448292191	0.088348894	-0.007404912	0.0109661422	-0.0220591969	0.1118954282	-0.0486140943	0.0387683307	0.157604643	-0.0153811254	0.0309755402	-0.1606153989	-0.0584964116	-0.0291544838	-0.0297008668	-0.05499088	0.0552906279	-0.004941885	-0.0749672424	-0.0398876737	-0.0404123224	0.018047673	0.1640127199	-0.044674462	0.1102066441	-0.0177146361	0.0242048962	-0.1246036717	0.0003696606	0.0156659703	0.0611041291	0.1243810842	-0.1082840642	-0.0335540424	0.0787963409	-0.1172303049	0.1541852497	-0.0879609861	0.0332255152	0.0185143628	0.013710659	0.0494669819	-0.093091984	-0.1159475853	-0.0482090174	0.1141614309	0.0096212408	-0.0459216733	0.0472291519	-0.081087548	-0.111768338	-0.0330077	-4.600000000000437e-06	2.1160000000004017e-11	0.00108950825929	0.0043725	-0.0205694999999999	0.0004231043302499	1.911875625e-05	0.00608578	-0.01169042	3.70367182084e-05	0.0001366659197764	-0.000236393	6.860299999999998e-05	4.7063716089999975e-09	5.5881650449e-08	0.000164852	0.000288661	8.332517292100002e-08	2.7176181904e-08	-0.000734168	-1.0000000999791855e-09	1.0000001999583812e-18	5.39002652224e-07	0.0	0.0	0.0	0.0	0.0	0.0	0.0	0.0	0.0	0.0	0.0	0.0	0.0	0.0	0.0	1.0	0.0	0.0	0.0	0.0	0.0	0.0
556.950770485719	-1.816983474443873	310194.160744636	3.3014289464021287	755.4541468829526	-0.2213508720398067	570710.9680426498	0.0489962085527829	517.2495659072174	-0.3754715451209449	267547.11343120487	0.1409788811955098	535.1277449790908	473.025967478776	1.569425	70.006325	0.042574099	0.0241312	-0.1561801779	-0.0416773331	-0.044860775	0.0012091384	0.0366758749	-0.0835509903	-0.0992938526	0.0041615085	-0.1373179226	0.0461272902	0.0355846196	-0.0121203131	-0.029211389	-0.1557892517	0.0134800091	-0.0638553232	0.0877308466	0.0479179063	-0.0886781604	-0.0940560476	-0.1049230905	-0.0984033937	-0.0167052143	-0.0542814396	0.0844660255	0.100973654	-0.0473662815	0.0973270607	0.0380954439	-0.0058503483	0.0200720992	-0.0205210132	0.0129123231	0.0468970955	0.0853031634	0.0307832878	0.0231371069	0.0041491313	0.1435786911	-0.1426323827	0.1180464331	0.1141982082	-0.0995394109	0.0298538692	-0.0664952769	0.0724941968	0.0918683309	-0.021123993	0.0196530216	0.0208616903	0.0332951859	-0.0276176014	0.1208223828	-0.0657041583	-0.0829652562	0.0337388042	0.0274792971	0.0585094797	0.0281629474	0.1285947532	-0.0311518581	0.0464448076	-0.202960101	0.0646002659	-0.1541207977	-0.051506758	0.075153695	-0.1027893844	-0.0769038987	-0.1248216216	-0.1222170723	0.0580354274	0.0155254509	-0.0729164636	-0.0045065719	-0.0538616547	0.0021384365	-0.0922549856	0.1095266263	0.1233610087	0.0099789665	0.0038031905	-0.0357840051	-0.1577054606	0.0006010037	-0.0422346948	0.0189677594	-0.0111243176	-0.0809386406	-0.0689283353	0.0673359473	0.0075985327	-0.0418583514	0.049529086	0.0858103024	0.0348309696	0.0155340269	0.0888251614	-0.0138286425	-0.0272600364	-0.0409139147	0.0235182383	-0.0052439464	-0.0571034359	0.1248560301	0.0002889095	-0.0498231966	-0.0507152896	0.0167932715	0.0051006338	0.0259983079	0.1556879614	-0.1534591289	0.0003254067	-0.0844271388	-0.030489325	0.0244241578	-0.1405980126	0.0059995765	-0.1413262518	-0.0326249015	-0.0480859328	0.1203462312	-0.022978444	-0.1076758224	-0.011962597	0.0251297302	-0.0088100017	0.026743288	-0.1778810567	0.0841938904	-0.0463743746	-0.0243118842	-0.0143770923	0.0373936613	0.0412500439	0.0549642574	0.003497913	0.0197720806	-0.1254027061	0.0245822761	0.0832566619	-0.0551217388	-0.0687931706	0.0155109417	0.0912844949	0.0575888354	0.0472651684	-0.0811924072	-0.1131291894	0.0500090638	-0.0307533752	-0.0082961222	-0.0158254381	-0.0930466091	-0.1291368479	0.0677981871	-0.0857853353	-0.0753352605	0.0350646789	0.0579678415	0.122499777	0.0027673853	-0.023397567	-0.0337248246	0.0864653964	0.0925043694	-0.023931591	0.1241473211	-0.1879440038	0.0263960488	-0.0632378172	-0.0306642811	0.0581225733	0.0198305236	-0.0744270857	-0.1041165906	0.021512688	-0.0580026366	0.1114668825	-0.038670389	0.0125641142	0.0347096806	0.02754607	0.0104711668	0.0268921364	0.0736033817	-0.0140270775	0.0112846739	-0.0525741878	0.0532394288	0.0448090364	-0.0848412804	-0.1088756826	-0.0330061	1.6000000000043757e-06	2.5600000000140027e-12	0.0010894026372099	0.0195798	0.0152073	0.00023126197329	0.00038336856804	0.0227318	0.01664602	0.00051673473124	0.0002770899818404	-0.000180838	5.555499999999999e-05	3.086358024999999e-09	3.2702382244e-08	6.02342e-06	-0.00015882858	2.52265178248164e-08	3.6281588496400006e-11	-0.000734168	0.0	0.0	5.39002652224e-07	0.0	0.0	0.0	0.0	0.0	0.0	0.0	0.0	0.0	0.0	0.0	0.0	0.0	0.0	0.0	0.0	1.0	0.0	0.0	0.0	0.0	0.0
556.6221746193446	-0.3285958663743713	309828.2452779682	0.1079752433983236	754.0943878265582	-1.3597590563944095	568658.3457515116	1.848944691446615	516.9148038089899	-0.334762098227543	267200.9143968865	0.1120656624097071	534.86688758656	472.8896819711076	1.070657	47.75811	0.015696315	0.0117442	-0.076227873	0.1606071899	0.0742087374	0.0032982387	-0.0336664028	0.0448639005	0.0499445088	0.1194560536	0.0542124609	-0.0177218048	-0.0432845644	-0.0014444115	0.030546268	0.0372074988	0.0433637464	-0.0814660139	-0.0585522866	0.2041297797	0.0439742058	0.0594491114	0.1093944818	0.0128336655	0.0642844345	-0.0576108647	0.0281068996	0.0396625529	-0.0273490384	-0.0831250173	-0.1134175711	-0.0231490721	-0.0810553822	0.0659220506	0.1165417321	0.0142578062	0.0380326721	-0.0897353894	0.1013215427	-0.0872368443	0.1015862817	-0.2043289457	0.0728146664	0.0570300534	0.1433928788	-0.1053829485	-0.0486009478	-0.0381245807	-0.0258213994	0.1966761481	0.0231882979	-0.0377427058	0.0381195712	0.0772377577	-0.0232854846	-0.0641675853	-0.0801221158	0.073576809	0.0673333859	0.1596973126	0.1242404691	-0.1931456925	0.0491460799	-0.0029062401	0.0583197734	0.0291121005	0.0538877917	0.1161951796	-0.0050765083	-0.080212837	-0.0392638045	0.0262368013	-0.0139153476	0.0842785022	-0.1018188273	0.1806118517	-0.0026649465	-0.1261328093	0.0304704068	0.0592697516	0.0603758888	-0.0321225308	0.0172289556	0.0489232315	-0.0487295964	0.0351302608	-0.0989308536	0.0804497596	0.0256401222	0.0466375128	0.0701395359	-0.1825883006	-0.0295190962	0.0365951708	0.0701551729	0.0199065249	-0.0944096721	-0.0179239512	0.124848354	-0.1359198291	0.0937678643	-0.0755342577	0.0174983299	-0.0108809845	0.0188547232	-0.0212940841	-0.0331555815	-0.1397282119	-0.0496619464	-0.0571537796	0.0572264316	0.0770459294	-0.065889307	-0.0258317066	0.0604378685	-0.1172868306	-0.0369055076	0.1618899486	0.0328400352	-0.0654979927	0.0401718125	-0.0092543531	0.1656427607	-0.1660982016	-0.0536771954	0.1189046866	0.0172499283	0.0176124424	0.1678695535	0.0383143081	-0.0394850327	0.0169276654	0.0719110569	-0.0487439604	-0.0540028618	0.0280547966	0.0130906012	-0.0464895573	-0.0942449283	-0.0594849009	-0.0559080851	0.0945247012	0.0583479942	-0.2350234395	0.1071290693	0.0399624245	0.0048724141	-0.0072476624	0.0121044927	-0.0622593733	-0.0883688797	0.1158799443	0.0865233358	-0.0811018269	0.0012659263	0.0318705919	-0.0799113852	0.0495785068	-0.0330650869	0.0059434323	0.1106019763	0.0165179305	0.035901108	-0.1862891597	-0.1592130698	-0.0234539653	-0.0843267229	0.1068104548	-0.0080281265	-0.1152166634	0.0125380335	0.0637752891	0.1267348914	-0.0015757012	0.0537460216	-0.0217160745	0.071670639	0.0399449525	-0.0586110309	-0.0274432052	-0.1386712981	0.1215631948	-0.0070651732	-0.0440789805	-0.0283689292	-0.015142163	0.0614470497	-0.0991492243	-0.0059560692	0.027804181	0.064852943	0.0974816099	0.0032712004	0.0423669894	-0.0884289321	-0.1055035841	-0.0330061	0.0	0.0	0.0010894026372099	0.0149759	-0.0046039	2.119589521000001e-05	0.00022427758081	0.0222897	-0.0004421	0.0004968307260899	1.9545241000000077e-07	3.21683e-05	0.0002130063	4.537168383969001e-08	1.03479952489e-09	6.02342e-06	0.0	0.0	3.6281588496400006e-11	-0.000734168	0.0	0.0	5.39002652224e-07	0.0	0.0	0.0	0.0	0.0	0.0	0.0	0.0	0.0	0.0	0.0	0.0	0.0	0.0	0.0	0.0	0.0	0.0	0.0	0.0	0.0	0.0
557.689238230277	1.0670636109324505	311017.28643786674	1.1386247497762	755.6612380037002	1.566850177141987	571023.9066212848	2.455019477609876	516.23422795178	-0.6805758572098739	266497.7781089703	0.4631834974169547	534.290449079242	532.8730166034828	1.49865	66.849312	0.031094515	0.018514	0.0762356592	-0.0778744701	0.0827814523	-0.0264798457	-0.0046124467	0.0534936683	-0.1926039576	-0.0926546767	0.0862314625	0.082031329	-0.0125924419	-0.0108443837	-0.046583536	0.0793776564	-0.1020007968	0.0488704457	-0.1544595719	-0.0652404012	0.018643144	0.0305312504	0.1545558291	-0.013116373	0.0358200784	-0.0058469508	-0.0444972517	-0.0267323203	-0.1994727564	0.0340011551	0.0680572416	-0.0502026887	-0.067227335	-0.0853894393	0.0175364747	0.0461459936	0.0191241649	0.0263386979	0.1570175706	0.000523499	0.1135626322	0.0031346777	-0.118871679	-0.0089168302	0.056155567	0.009043114	0.0802210271	-0.1587183022	0.0179616748	0.0088821996	0.0577704217	0.0926081039	-0.0933924379	0.0707834434	0.2345156915	-0.0427840499	-0.136171352	0.1084068771	-0.0605077459	-0.0775397505	-0.0447540208	0.0712151886	0.1000146845	0.1287530263	0.0244488884	-0.044001512	-0.0905207109	-0.0374197405	-0.0316790267	-0.0485018711	0.0150305244	0.0533498993	-0.0176773825	0.0118043417	0.0981189546	0.0510630802	0.0890923766	-0.0430940838	-0.0541037609	-0.0444668334	-0.1548582341	0.0131465096	-0.0192485878	-0.1293497736	0.1485600759	0.0683330358	-0.010510355	0.0039032947	0.0568843996	0.0273983175	-0.1182384149	-0.0389998085	0.0724149217	0.1588926109	-0.1561878685	-0.025727873	0.0383324086	-0.0614199623	-0.0017885994	0.0981906317	-0.1109560649	-0.0808833559	-0.1411971716	0.0083462421	0.00998867	0.0552249308	-0.0686900698	0.0408486326	-0.079560217	0.1312702432	-0.008033283	0.0429135886	0.0237361739	-0.052005148	-0.0352357965	0.0964781149	-0.0594582994	0.1261468377	-0.0305747609	-0.1405288845	-0.0685228933	-0.0790093138	-0.1332549373	0.1201816276	-0.134150933	0.0224451552	-0.2109487679	0.0790482252	0.0282408928	0.0626398759	0.0726167695	-0.0414172322	-0.0560277076	0.0337102187	0.0795714397	-0.1372918939	0.0494570522	-0.0679212521	0.0734870291	0.065812049	-0.0616895989	0.0364671448	0.1011899972	0.0386993539	0.133286078	-0.1241141051	0.0566809386	-0.013259728	-0.0120047425	0.1512678139	-0.0023567224	0.0968461351	-0.0063242553	0.030779052	0.0214112791	0.0261665277	-0.0874589759	0.1071402392	0.1720682303	-0.0144439301	-0.1238657625	-0.0693912563	0.0209806085	0.118680779	-0.0400303562	0.0015059302	0.0349186197	-0.1232963567	-0.0911374641	0.0706258038	-0.1090252154	0.0592257595	-0.0817929458	-0.0319362677	-0.0179870395	0.0258746471	0.090813939	-0.1994118189	-0.0275789535	-0.0293666981	-0.0149367447	0.1743003558	-0.0194652587	-0.1113696376	-0.0649453994	-0.0218595194	0.1131959247	-0.1246312851	0.0060120847	-0.064477638	0.0656723535	0.0142700925	-0.1047605722	0.039904206	-0.0918434799	-0.1016668918	-0.0330061	0.0	0.0	0.0010894026372099	0.0182739	0.0032979999999999	1.0876803999999991e-05	0.00033393542121	0.00574065	-0.01654905	3.29550624225e-05	0.0002738710559025	-0.000192781	-0.0002249493	5.060218757049e-08	3.7164513961e-08	6.02342e-06	0.0	0.0	3.6281588496400006e-11	-0.000734168	0.0	0.0	5.39002652224e-07	0.0	0.0	0.0	0.0	0.0	0.0	0.0	0.0	0.0	0.0	0.0	0.0	0.0	0.0	0.0	0.0	0.0	0.0	0.0	0.0	0.0	0.0
556.4520358943614	-1.23720233591564	309638.8682509797	1.5306696199951164	756.1741654932528	0.5129274895525668	571799.3685594172	0.2630946095386985	515.7744980761671	-0.4597298756128793	266023.3328657221	0.2113515585310335	533.857902875546	472.99607662195257	1.480484	66.038986	0.036870505	0.0198037	-0.1333948821	-0.0814414586	0.0042395027	-0.029975502	0.0248105958	-0.1176829814	0.0163925055	-0.0488182363	-0.0960722126	0.0157479418	0.0726655395	0.0589305025	-0.0332840007	-0.0964321128	0.0859161057	0.0741069635	0.0310880006	0.0648578137	-0.1038242816	-0.0508380709	-0.2044839933	0.1360615358	-0.0131449181	-0.0232626933	-0.0588788916	0.1522635145	-0.1983303741	0.0022592451	-0.0429998674	0.0175383992	0.0503770775	0.0438243065	0.0267374433	-0.1068852595	-0.0981923739	0.1137799559	0.04391933	-0.1958873417	-0.1330620377	0.0469547482	-0.0482448188	-0.0613187054	-0.1145762339	0.0946121531	-0.0688797728	0.0954807361	-0.0635434346	-0.0599795299	0.0552167644	-0.0242177965	-0.0061389084	0.1287143408	-0.0575520083	-0.1244787586	-0.1088405565	-0.0853586351	0.0838572242	0.002804592	-0.0431602229	-0.0704665721	-0.0088778876	0.1551400091	-0.005416258	0.0686023597	0.1162060374	-0.0218357001	0.1230253538	0.031102095	-0.0062607752	-0.1059973991	-0.0019910169	0.1127807614	0.1173397782	0.0676276904	-0.0214250624	0.0424072065	0.1479693113	-0.0819125662	-0.0406276171	-0.0182739605	0.0790457692	0.0214653762	-0.048127507	0.0065037427	0.0451811575	-0.069787872	-0.1991696109	0.1070693627	-0.1515279648	0.0346293039	-0.1341868496	-0.0819563848	0.013293555	-0.0717347759	-0.0421667775	0.0274943493	0.095247125	-0.1318219436	0.149311116	-0.077431914	-0.0781180555	0.068600093	-0.0047741216	0.1238515668	0.071071441	0.0605974914	0.0960713326	0.053002017	-0.099863827	0.0205380956	0.0415070071	0.1340138121	-0.0752722056	-0.0836162436	0.0113604368	0.084645762	0.0284383988	0.0057442502	-0.1674050249	-0.0231260631	0.065592737	-0.1846291189	0.0499262568	-0.1086389574	0.0078012555	0.0771333372	0.0399717484	-0.0745684995	0.0742079428	0.0733733568	0.18779713	-0.0633761648	0.0469750818	-0.0541652795	0.0387930311	-0.0171733588	-0.1184458653	0.0660600877	0.0565710763	0.0347138219	-0.0094477874	0.0618354139	-0.1008262084	0.0670596183	-0.1032781177	-0.1261929257	-0.0921608902	0.0260537049	0.133282449	0.0254258534	0.0795866294	0.0295714414	-0.0978611693	-0.0376829458	0.0454256829	-0.057770436	-0.0918290294	0.0274100752	0.0762374422	0.0680128563	0.1710834025	0.0284052778	-0.0362908461	0.1574728535	-0.1914920655	-0.0761511938	-0.014611502	0.0415194744	0.0645305753	-0.1271197676	-0.0304453437	-0.0639500907	-0.046013198	-0.0294424344	-0.0631994715	0.0210739265	-0.0832523164	-0.0696028604	-0.0382167544	0.1236122398	-0.0167622629	-0.1529989765	0.0887313277	-0.0036007978	-0.0303582249	-0.057126951	-0.0077099729	0.0376844397	-0.0045652547	-0.0386835088	-0.1351071455	0.0374218916	-0.0950782398	-0.0973825011	-0.0281011	0.0049049999999999	2.405902499999996e-05	0.00078967182121	0.00734332	-0.0109305799999999	0.0001194775791363	5.3924348622400005e-05	0.00581173	7.108000000000027e-05	3.37762055929e-05	5.052366400000039e-09	9.01729e-05	0.0002829539	8.006290952521e-08	8.13115189441e-09	6.02342e-06	0.0	0.0	3.6281588496400006e-11	-0.000597845	0.000136323	1.858396032900001e-08	3.57418644025e-07	0.0	0.0	0.0	0.0	0.0	0.0	0.0	0.0	0.0	0.0	0.0	0.0	0.0	0.0	0.0	0.0	0.0	0.0	0.0	0.0	0.0	0.0
556.252424672758	-0.1996112216033907	309416.7599543224	0.0398446397899979	757.3517950529439	1.1776295596911268	573581.7414699163	1.3868113798583173	515.9189625591415	0.1444644829743993	266172.37592810084	0.0208699868410605	533.9168298024954	471.88014024827913	1.081204	48.22855	0.051177095	0.0255621	-0.0955013619	0.1721864782	0.0283474576	-0.0167891085	-0.0217558608	0.0625557089	0.0406357453	0.1488120744	0.0090943833	-0.0146406137	0.0164399046	-0.0047032649	-0.0014346858	0.11251545	0.0191372477	0.0252442873	-0.022870436	-0.0102217074	0.0229653683	0.0311370338	0.0537321837	0.1831677745	-0.1222664581	0.0183421192	-0.0222731287	-0.0292519242	0.012333693	-0.0705115501	-0.006616922	0.0525456703	0.1900305014	0.1146217555	0.0850385493	-0.0740909362	0.023668126	0.1334684028	-0.0351732479	-0.079445589	0.0307671632	-0.0409334306	-0.0451858249	-0.0738389704	0.0846315989	-0.1443601695	-0.1247334015	-0.0415787016	0.0699671902	0.0689359421	-0.1235530663	-0.1356732294	-0.0133176983	0.0368476481	0.0072568432	-0.018592709	0.0863613886	0.0021711168	-0.0021245015	0.0188670664	0.0172213735	-0.0040471148	0.0871862086	-0.0321391865	-0.0234612615	0.0043722278	-0.0743376183	0.0259691	0.0114779637	-0.178665215	0.1687386483	0.0287450296	0.0342703322	0.0117841978	0.0368892931	-0.0703496028	-0.0767754966	-0.0676430904	-0.1368966631	0.0274622783	-0.1234304559	0.0672018219	0.016430908	-0.0152177642	-0.0130037878	0.0588045959	0.044557255	-0.0386359754	-0.0710787134	-0.0078992723	0.0157813772	0.1989321814	-0.0471845918	0.1788449922	-0.1684525718	0.1646793366	-0.0278161586	-0.1077636364	-0.0151550707	0.0452978204	-0.0177214383	-0.0580852273	-0.0236552611	-0.0977463316	-0.1486118797	-0.0306086056	-0.026270392	-0.1208836776	0.0809756911	-0.0853945917	0.0971322996	0.0505635531	0.009033178	-0.0576981131	0.1031239092	-0.0263830509	0.0581467645	0.0839743449	0.122527099	0.0405491589	0.0685948432	-0.1114206811	0.0082474114	0.0159025803	0.06953585	-0.0293920693	-0.0932299021	0.0344491495	0.0433070494	0.1010174959	-0.0694915926	0.0656069287	-0.0509662839	0.0263934249	-0.0052535931	0.1257180574	0.0516903644	-0.0085175607	0.1168132562	0.1413706374	0.0033891652	-0.0977505505	0.0056130988	-0.0268971019	-0.0252760123	-0.0541304391	0.0401286803	-0.0605780111	-0.057301002	0.104263875	0.0320570853	-0.0214951104	-0.1236135343	-0.135702732	0.0228810965	0.0220199288	-0.0732238956	0.2771796174	-0.0012790464	-0.0958606128	-0.0928582559	0.0112578505	-0.0372709937	0.077396832	-0.0850189558	-0.0251008245	-0.0030190955	-0.1477755353	0.0448219173	-0.1049616118	0.0143300156	0.0390671956	0.1603898033	0.0515941576	0.0087113568	-0.0228809259	0.0340755086	-0.0179787615	0.0751404025	-0.0667213729	-0.0512765959	0.1827188697	0.0278764498	-0.1879760443	-0.0051886476	-0.0312773905	0.0783184086	-0.1010185847	-0.0462010295	-0.0699192021	0.0518784991	0.1649641897	0.0296823074	0.0349212611	-0.0981268796	-0.0926692784	-0.0202823	0.0078188	6.113363344000001e-05	0.00041137169329	0.0282605	0.02091718	0.0004375284191524	0.00079865586025	0.0105074	0.00469567	0.00011040545476	2.20493167489e-05	-0.000128413	-0.0002185859	4.777979567880999e-08	1.6489898569e-08	6.02342e-06	0.0	0.0	3.6281588496400006e-11	-0.000734168	-0.000136323	1.858396032900001e-08	5.39002652224e-07	0.0	0.0	0.0	0.0	0.0	0.0	0.0	0.0	0.0	0.0	0.0	0.0	0.0	0.0	0.0	0.0	0.0	0.0	0.0	0.0	0.0	0.0
559.4117836425957	3.1593589698376263	312941.54367819027	9.981549100293469	755.4320936834293	-1.9197013695145413	570677.6481669296	3.685253348116006	517.1257443244654	1.2067817653238535	267419.03544313234	1.4563222291181563	534.7779415441587	596.3591573530296	1.838814	82.022774	0.076344824	0.0393329	0.1857448013	-0.112055405	-0.0023266597	0.0190378853	-0.0008979633	0.0510345893	-0.1394020154	-0.1692856769	0.1082084248	0.0241360612	0.0018325112	0.035505358	-0.1114551139	-0.0776059482	-0.0826072128	-0.0534403562	-0.0210039535	-0.0194801805	0.0924110189	0.0895115649	-0.0052177586	0.0974449731	0.1225223537	0.1058576388	0.1351984681	0.0337598018	-0.0907663221	-0.0088046886	0.0561568052	-0.1019526727	0.1076278037	-0.1145641178	0.0793837984	0.0578058952	0.0794197818	-0.0345284838	-0.0463049758	0.0513944191	-0.0660509246	0.0757763144	-0.0355010646	-0.103110164	-0.0003163086	-0.0065080337	0.1068761189	-0.0269300509	0.0461488744	-0.0629773412	-0.0136247929	-0.1175283817	0.021552417	-0.241085674	0.0883946235	0.0229985003	0.0389430163	0.0502910837	-0.0462797645	0.0077646004	-0.051996057	0.0594090779	-0.0433306251	0.00800708	0.0493837668	-0.0130135032	0.052414229	-0.0439392078	0.0006488699	0.0659181265	-0.0451276609	-0.1467026007	0.0332092704	0.0600119497	0.106274875	-0.111855357	0.0254544981	0.0144450445	0.0239199565	-0.1348797239	-0.0196021508	-0.0987495885	-0.0764246581	-0.1995078103	-0.1215815694	-0.093186734	0.0491699657	0.0249329956	-0.1343069036	0.0173106781	0.1192162047	-0.0572180234	-0.0656501577	-0.0719539415	-0.2018582897	0.0253267576	-0.0231652509	-0.0212693529	-0.056488365	-0.0448614837	0.05336799	0.1183572901	0.0189759471	-0.0358804138	0.0864051919	0.026238481	-0.1393608603	0.1329517045	0.0169266886	0.0409227641	0.0177129218	-0.01958	0.0073296462	-0.037027992	-0.033921319	0.1923260205	0.0646627416	-0.0309331355	-0.0657008057	-0.1085231414	0.0349510293	-0.0130341369	-0.0024641079	0.0274034425	0.0891525163	0.0176321598	0.1046050379	0.0636561524	-0.0025958345	0.002224942	0.0318095108	0.1196021014	0.0311420339	-0.1081970384	-0.070100219	-0.0808696557	0.0951317483	0.058632209	0.0097011856	-0.0027150425	-0.0612844277	-0.0133811436	0.1292672785	0.1777333884	0.0268181153	-0.0643876008	0.1339451636	0.1054929174	-0.0479769969	-0.0756241118	0.0839573093	-0.1119756328	-0.0801857738	-0.0631284949	-0.1129448645	-0.0378406948	0.0526518958	-0.2146321461	-0.1597043464	-0.0634006504	-0.056978465	-0.0893908378	0.0532454301	0.035577679	-0.0101060739	-0.0607875897	0.0026275341	-0.0067674146	0.136326164	0.0676548773	0.0015177219	0.0836034322	-0.1441952256	0.0600064721	0.0217345974	-0.0019684573	-0.0188218363	-0.1751440628	0.135891323	-0.0763835755	-0.0444819654	0.1133384465	-0.0881224647	-0.0203881167	0.0491341547	0.0169247579	-0.0157068848	-0.0091280906	-0.081785211	0.1254633792	0.0613395676	-0.06355009	9.96489e-05	0.0324035386	-0.1009834314	-0.087547979	-0.0185663	0.0017159999999999	2.944655999999996e-06	0.00034470749569	0.00455096	-0.02370954	0.0005621422870116	2.07112369216e-05	-0.0163342	-0.0268416	0.00026680608964	0.00072047149056	-2.10629e-05	0.0001073500999999	1.1524043970009996e-08	4.4364575641000005e-10	0.000198841	0.00019281758	3.717861915705641e-08	3.9537743281e-08	-0.000552782	0.0001813859999999	3.290088099599998e-08	3.055679395240001e-07	0.0	0.0	0.0	0.0	0.0	0.0	0.0	0.0	0.0	0.0	0.0	0.0	0.0	0.0	0.0	0.0	0.0	1.0	0.0	0.0	0.0	0.0
558.2364677798276	-1.1753158627680025	311627.9539592985	1.3813673772740935	754.0612091973138	-1.3708844861155285	568608.3072161151	1.8793242742722367	516.8067358899772	-0.3190084344881825	267089.2022612526	0.101766381274601	534.4908036907807	546.3968360856978	1.44458	64.437454	0.1045773249999999	0.0464307	-0.0515016517	-0.0204703636	-0.2084126279	0.0174423518	0.0243579758	-0.0544643694	-0.0642550215	0.03004471	-0.1732064292	0.0007563516	0.0692626345	-0.0350745742	-0.017123472	-0.0469541292	-0.1101436472	-0.0176665113	-0.0505351432	0.0375343591	-0.018043477	-0.0326836732	-0.0051152031	0.0429685508	-0.0482575478	0.0729485156	0.2575658189	-0.0905621409	-0.0380288889	0.0302399733	-0.0957100124	-0.0575166204	0.0394193374	-0.0791476682	0.045055903	0.121660539	0.0536807914	-0.0256809248	0.1187975274	0.1081093899	-0.0563590672	0.0021908452	0.0157061895	-0.0204306477	-0.0686436529	0.0051576148	-0.1920387767	0.0598640393	0.0450975377	0.0288542799	0.0387344731	-0.0384207175	-0.1019815769	-0.0167715948	-0.0779554235	-0.0394892899	0.0150250129	-0.0318315212	-0.0477938701	0.0483826143	-0.0263306953	-0.0990889407	-0.2119378848	0.0393368001	-0.091003468	0.0967942483	-0.0292808088	0.0557609927	-0.0842194635	0.1789419258	-0.0716709515	-0.1163087447	0.0153627228	0.0315631531	0.0761011951	-0.0192614979	0.0195771383	-0.0138438186	-0.0357652364	-0.0741654614	0.0386351976	-0.0605315805	0.0319559862	-0.0356282973	0.0621807234	0.0621899566	-0.0987724382	0.0674800584	-0.0071717542	0.1451079432	-0.005895379	-0.0271301191	0.1135929933	-0.1131630655	-0.0484410041	0.0975688461	-0.1575989186	-0.029227484	-0.0364672088	-0.0597080764	-0.0793380157	0.2150733516	-0.0932379167	0.0130449587	0.0168795568	-0.1023348194	0.1381344442	-0.0210338898	0.117157141	-0.0756450512	0.0485371722	0.024160038	0.0625163852	0.0763125205	0.0075548432	0.0474401625	-0.0263345923	0.0140457409	-0.0269034895	-0.0080100485	-0.0575743136	-0.0158377202	0.111548305	-0.0261323086	0.0532414173	0.0492550653	0.0492127156	0.0431779099	-0.1358681498	-0.0933842974	-0.0306422276	0.0541723549	0.1772547428	-0.0191030736	0.0363539614	-0.1518948723	0.0602338535	0.0785792296	-0.0147674683	0.0432842111	0.1810761857	-0.056876894	-0.0679820236	0.0067520605	0.0939209404	0.0256002246	0.0893698008	0.1043273055	-0.0676183017	-0.1747085625	-0.0523237075	0.0855912146	0.0774576124	-0.0909993829	-0.0556482389	-0.0451243037	0.0015593094	-0.1202552864	-0.0622377701	0.0606182792	-0.1408923324	-0.0382041345	-0.1496394186	0.0800334867	0.0084926973	-0.0134558004	0.1121859594	-0.1174183979	-0.1080553274	-0.069841683	0.0364135088	-0.1626449534	0.0734695355	0.0874440255	-0.0524570595	0.0589778108	-0.0651938491	-0.0719672118	0.1321214007	-0.0484964813	0.0637301363	0.0915387172	-0.0748782588	0.0536429537	-0.0467638989	0.0706029857	0.0473780873	0.1049070823	-0.0966198083	0.0102183179	0.0610088325	-0.1111541941	0.1509326314	0.0298699563	-0.1036423034	-0.0820411548	-0.0330059	-0.0144395999999999	0.0002085020481599	0.00108938943481	0.0284601	0.02390914	0.0005716469755395	0.0008099772920099	0.00738948	0.02372368	5.460441467040001e-05	0.0005628129927424	-0.000326602	-0.0003055391	9.335414162881e-08	1.06668866404e-07	-0.000164332	-0.000363173	1.31894627929e-07	2.7005006224e-08	-0.000734168	-0.0001813859999999	3.290088099599998e-08	5.39002652224e-07	0.0	0.0	0.0	0.0	0.0	0.0	0.0	0.0	0.0	0.0	0.0	0.0	0.0	0.0	0.0	0.0	0.0	0.0	0.0	0.0	0.0	0.0
559.8493189387488	1.612851158921103	313431.2599161808	2.601288860833145	751.8691889338139	-2.192020263499898	565307.2772679912	4.8049528355941655	517.9390345415402	1.1322986515630191	268260.8435018228	1.282100236331431	535.562049240607	590.704038234432	1.464391	65.321121	0.1193396043	0.0551589	0.1843814397	0.0665741842	-0.0018673392	0.0528200621	-0.0510100463	-0.122421555	0.0620663456	0.0263577465	0.1486512342	-0.1307002152	0.0155351031	-0.0335125424	-0.1106364141	-0.0514236915	0.04149992	-0.0359419091	0.0902953085	-0.1926877231	-0.0614903163	0.1565432649	-0.0206131532	0.0434161631	0.01024057	-0.0032689965	0.1555431522	0.0447942793	-0.0782917475	-0.0346176888	0.0248256087	0.0082058525	0.1043806455	0.1192763371	-0.0492492485	0.0305413981	0.0469200634	-0.1682262365	-0.0262737097	-0.2016396467	-0.1536264438	-0.0267187921	0.0202260516	0.0592846106	0.1248969871	-0.0226523469	0.0468458914	0.0284967978	0.0048735648	-0.0542077075	-0.0519572923	0.066320875	0.203072533	-0.1141238374	-0.0594045937	0.0552572553	-0.1556948127	-0.1088327199	0.0537708339	-0.1646725599	0.0608023256	-0.0921277516	0.1362256427	0.0584059079	-0.1061574247	0.1332257084	-0.0401938577	0.1312390522	0.012782703	0.0306023075	0.0585861114	-0.0901542288	-0.0248444718	0.0034264087	0.0243956727	-0.0666788205	-0.0480482597	0.047225123	-0.0002974172	0.1690490302	-0.2713861812	-0.0262708758	-0.1489767663	0.0742476691	0.1003767708	-0.1147381793	0.020591093	0.0869776579	0.0875019632	0.0750438915	0.0621695507	-0.0422832069	0.022145023	-0.0099298892	0.0900020619	-0.0274215376	0.0391306989	0.0648132429	0.006618463	0.0205107321	-0.0858335973	0.0542273855	0.0349502017	-0.05605382	-0.0312728029	0.0535105691	-0.1181931475	-0.0573587455	-0.0751520659	-0.0950258538	-0.0149987852	-0.1137535971	-0.0623927128	-0.0414783587	-0.08017846	-0.048718058	0.0647742535	-0.071181072	-0.0852730858	-0.0653148388	-0.00764399	0.1874739665	-0.0303469874	-0.1127289157	0.076291379	-0.0740822535	0.0730482605	-0.0060118294	-0.1028022555	0.2206233775	0.0438780402	-0.142519731	0.186298768	0.1067903282	0.0848086634	-0.0278519802	-0.0670570957	-0.0721962325	-0.0309531063	0.1319006454	-0.1295943549	0.0388411539	-0.1989944953	0.0578065723	0.0474303552	0.034145572	-0.0248124579	0.0826474631	0.0890198858	0.0978813569	-0.0664850143	0.0771093596	-0.1670557338	-0.0198087528	-0.1387864301	-0.0044232196	0.0484064359	0.1012360015	0.115976096	0.0505036189	0.0931034363	0.0187411822	-0.0796155584	-0.0103431654	0.0404064235	0.0475608502	0.0473467795	-0.0506403693	0.0762905119	0.0589741028	0.0045950007	0.1581932229	-0.0032164778	0.0892850314	0.0453227177	-0.0605595857	-0.2001581705	0.0306920495	0.0846000177	0.001662864	-0.1650999323	0.0609600888	-0.0456264429	0.0853988762	0.1112630827	0.1012216881	0.0825288381	-0.0332904424	0.0046101547	-0.0640639042	0.1316109098	-0.1667731547	0.0559986284	0.0273217542	-0.1060982907	-0.0761730556	-0.024911	0.0080948999999999	6.552740600999998e-05	0.000620557921	-4.73448e-05	-0.0285074448	0.000812674409025	2.24153008704e-09	-0.019465	-0.02685448	0.000378886225	0.0007211630960704	-2.241e-08	0.00032657959	1.0665422860456809e-07	5.022081e-16	0.000418662	0.000582994	3.39882004036e-07	1.7527787024399998e-07	-0.000526086	0.0002080819999999	4.329811872399998e-08	2.76766479396e-07	0.0	0.0	0.0	0.0	0.0	0.0	0.0	0.0	0.0	0.0	0.0	0.0	0.0	0.0	0.0	0.0	0.0	0.0	0.0	0.0	0.0	0.0
560.9154290999021	1.0661101611533468	314626.1186023273	1.136590875714415	757.9829514111316	6.113762477317664	574538.1546299298	37.37809162905742	518.6226256721321	0.6835911305919353	268969.4278590565	0.4672968338239603	536.1496800669743	596.4778642296098	1.085882	48.437225	0.0946838033	0.0436481	0.098186083	-0.1302507064	-0.1674604857	-0.0112621587	0.0424081698	0.0131669717	0.0834036837	-0.0978718875	-0.0901614833	-0.0272634452	0.1354503236	-0.0815117848	-0.0295709118	-0.0213071094	0.0026187722	-0.0009005114	0.1133624982	0.0524777579	0.1012321709	0.0226880945	0.1698776334	-0.0820162853	0.025865714	0.1033418416	0.1158332875	0.0837280085	-0.0052838582	0.0304953989	0.0064644299	0.0445744368	-0.0247451791	0.0223655988	-0.0210654002	0.0249539598	-0.0729393926	-0.1331009825	0.168769478	0.0135280126	0.0080707086	0.1129032965	0.094646258	0.1726423918	-0.0687938603	-0.0173311789	0.0382200717	0.0621590847	0.1282956747	-0.1069000012	-0.0818046351	-0.1584180326	0.1016426073	-0.1379909198	0.0659204775	-0.1694280545	-0.0934630964	0.0423759139	0.0624627917	-0.1619548322	-0.0774316512	0.0180256543	-0.1123983623	0.0277285788	0.0052833174	-0.0743775208	0.1439815094	0.0729030698	0.0042596945	-0.0290322967	0.0038976541	0.1181214729	-0.0653097696	0.0355725803	0.0914956102	0.0970106918	0.0072759588	0.0037649527	-0.0216866778	-0.0125739583	0.0623629657	0.0278285201	0.0700000591	0.0486722105	-0.0940787254	0.0446535361	-0.1139495843	0.0261249174	-0.0098470601	0.0250125412	0.1312466359	0.0194112315	-0.0105915427	0.1307870681	0.201730859	0.0059793283	-0.0747025481	-0.0134083512	-0.0038320427	-0.0587715706	0.0162337159	0.179999095	-0.0334737731	0.0452034842	-0.0358641959	-0.0446437107	0.1064284356	0.0962317588	-0.0856579305	-0.0824744693	0.0946943917	-0.1259837186	0.0615235492	0.0317366474	-0.0378566816	0.0441738718	0.1631839074	-0.0383246796	0.0424137951	-0.2356828535	-0.1593630924	0.0720608392	0.0002125614	-0.0362755204	0.0211296087	0.0073216068	0.112207626	-0.0579821957	-0.0989173673	-0.0231709826	-0.0636484591	-0.035091857	-0.0706982948	0.0102549513	0.0022952449	0.1186633293	0.0866361468	-0.0812524505	-0.1613318986	-0.0343792634	-0.0653058977	0.0789808472	0.0891717997	-0.1174023539	-0.0663660535	-0.1066602953	0.0494434539	-0.0769519658	0.0706495669	-0.0353896021	0.0334555654	0.1242958194	0.0501901161	-0.190141142	0.0371730236	0.1004104476	-0.0138935066	-0.0170973775	-0.0214557895	0.0753198226	0.049014788	0.0775461426	-0.1306886886	0.0347632782	0.0721576152	0.0269622981	-0.0434935518	-0.0026218525	0.0183233963	-0.0343447015	0.0341943989	-0.0843501605	-0.1112710367	0.1973013131	-0.0075413545	0.1151940642	-0.0616302739	0.0493444519	0.1397853113	0.0151333015	-0.0781739642	-0.060767061	0.0455849474	-0.0282143803	0.0173228487	0.1661913088	0.0187937621	-0.0200675866	0.0808484827	0.0670298603	0.0349300919	-0.1486373762	-0.0204056958	0.0247601796	-0.1083465856	-0.0699695221	-0.0308904	-0.0059793999999999	3.5753224359999995e-05	0.0009542168121599	0.0280199	0.0280672448	0.0007877702306631	0.00078511479601	-0.00122515	0.01823985	1.5009925224999998e-06	0.0003326921280224	-0.000227248	-0.0002272255899999	5.163146875084809e-08	5.1641653504e-08	6.02342e-06	-0.0004126385799999	1.7027059770441637e-07	3.6281588496400006e-11	-0.000734168	-0.0002080819999999	4.329811872399998e-08	5.39002652224e-07	0.0	0.0	0.0	0.0	0.0	0.0	0.0	0.0	0.0	0.0	0.0	0.0	0.0	0.0	0.0	0.0	0.0	0.0	0.0	0.0	0.0	0.0
560.6413998297776	-0.2740292701245153	314318.7792030925	0.0750920408849745	749.8103067442605	-8.172644666871065	562215.496099922	66.79212085093606	518.3807151079122	-0.2419105642198928	268718.56579579046	0.0585207210811869	536.1874421475246	585.7266994059784	1.150882	51.336624	0.099515129	0.0509476	0.1185155408	0.0391238051	-0.0726449453	0.17430174	0.0252988195	0.0591289877	0.0315487651	0.0223531066	-0.0361512163	-0.1239289924	-0.0036753703	-0.0906536244	0.2188922235	0.0850370963	-0.1617494568	0.0395583536	-0.0718818606	-0.0173348264	0.0028526215	0.1264036349	-0.0031077035	-0.0589450732	0.0534370377	0.1380422375	-0.1061524372	0.0421463312	-0.0339733213	0.1438218038	-0.0049350588	0.0411138574	-0.0060157289	-0.0471078786	-0.0584428071	-0.0365888971	-0.0438774071	0.0119927754	-0.0251571923	-0.1097779948	0.0337907863	0.088571538	0.1028206202	0.1213186288	0.0891698933	0.0383966781	0.1070964684	0.0187614567	-0.0760386733	0.0367845485	-0.0413988549	-0.1392277892	0.1098421062	-0.1103100718	-0.0324757309	0.0569197105	0.0507079434	-0.0486325474	6.4222e-06	0.0942255629	-0.0451921741	-0.0344256328	-0.0488539846	-0.105046047	-0.0317081846	0.0665681999	0.07096476	-0.0605707159	-0.0024682415	-0.0999873631	0.0252055499	-0.075307166	0.0170138949	-0.0518523815	-0.0238736413	-0.0070460543	-0.1321467994	-0.1070632109	-0.0762935238	0.0003659532	-0.1146237059	-0.1662948825	-0.0244675734	-0.004993722	-0.0214743103	-0.1230809184	-0.0188135523	-0.1280662055	0.1184739119	-0.1336056225	0.1157912363	-0.0089773496	0.0061980162	-0.0453586462	-0.0753347723	-0.0033214051	0.1329079862	0.038308976	0.1256265705	0.3381384881	0.0781776202	0.0077010766	-0.0486243908	-0.0823939481	-0.0055230938	0.1611925308	0.0426945216	-0.0478904778	-0.122476554	-0.0740352259	-0.1080177027	-0.103133681	-0.0676907983	-0.0894107199	0.0767612804	0.0304157556	0.1620468475	-0.043210885	0.0232447493	0.0299102839	0.0346339067	-0.0007977963	0.0375728464	0.0134252919	0.0645631091	0.080119488	0.0931983573	0.0174498964	0.1112752899	0.0117641709	-0.0987704057	-0.053029867	-0.0528327725	-0.0762385894	-0.1590915032	-0.0342920516	-0.0002544642	-0.1194216563	0.0438308178	0.1586511345	-0.1194760925	-0.0675733665	-0.1034274408	0.058235353	0.0884748184	-0.049099919	-0.0132321822	0.0974569887	-0.0985987721	0.0792622413	0.0041109888	-0.1159647569	-0.0693612023	0.0597626604	0.1570740346	-0.0654939261	0.0469193746	-0.056712487	-0.0551206497	-0.220299712	0.1919784038	-0.0207300024	0.015548442	-0.0111966524	0.0729429868	-0.0102587576	0.0669650763	-0.0731586913	0.0103440679	0.102206895	-0.0123819934	0.1126780445	0.0368532175	0.0570337235	0.2067449405	0.1090161395	-0.1048571644	0.0550938796	0.0816644515	-0.1111466692	-0.1908704272	-0.0098435021	0.1042061618	0.0503694348	0.0501582824	0.1032673669	0.09173535	0.0170278141	0.1764318746	0.042118547	0.0696774946	0.1190805149	0.0175508195	0.0221864862	-0.110382787	-0.063457872	-0.0291414	0.0017489999999999	3.05900099999999e-06	0.00084922119396	-0.0115889	-0.0396088	0.00156885703744	0.0001343026032099	-0.0142803	-0.01305515	0.0002039269680899	0.0001704369415224	0.000267906	0.000495154	2.45177483716e-07	7.177362483599999e-08	0.000162913	0.00015688958	2.46143403125764e-08	2.6540645569e-08	-0.000484168	0.00025	6.25e-08	2.34418652224e-07	0.0	0.0	0.0	0.0	0.0	0.0	0.0	0.0	0.0	0.0	0.0	0.0	0.0	0.0	0.0	0.0	0.0	0.0	0.0	0.0	0.0	0.0
556.862202782701	-3.779197047076536	310095.51288800203	14.282330320632012	758.8763460074406	9.066039263180071	575893.3085296047	82.19306792152268	517.1454673383697	-1.235247769542525	267439.43438862084	1.525837052159783	535.3690147701341	477.8156664397056	1.759076	78.465942	0.099476059	0.0486032	-0.1037699954	-0.0337824403	0.0384619629	-0.1444758124	-0.0492624842	0.055593531	0.0455889665	0.0207720301	-0.0337700548	0.1686348982	-0.038372936	-0.1181072995	0.0711526104	-0.0217016174	0.0961515889	0.0375450672	0.1691128763	-0.0167883676	0.0228809808	-0.0296827455	-0.0525934093	0.0561172179	-0.038669272	-0.0168928484	-0.0207764921	-0.0004946428	0.0158146475	0.2140628542	-0.0694879522	-0.0276274384	0.0027209422	0.1338120471	-0.0600117414	-0.0915149791	-0.1231306688	-0.0228562087	-0.019259274	0.070625096	-0.0525190771	-0.061246225	-0.0820171234	0.1151188694	-0.0263338383	0.0411817068	0.0067407274	0.0869033772	0.0790829393	-0.0115805511	0.1506037266	-0.0070731951	-0.0690691995	-0.1543417407	0.0346500912	-0.05410968	-0.0341926151	-0.0064196354	-0.0235508336	0.0901241734	0.0527911284	0.0626246137	0.0416256366	0.155731064	-0.0478860698	-0.0174913372	-0.0361242846	0.1302970602	-0.1237614132	0.0999527911	0.099285397	0.0215494723	-0.0222742595	0.0539093224	-0.1145248197	-0.0078060818	-0.0296220201	0.0339939368	-0.0272286342	0.0378734252	0.0421847306	-0.0931536997	0.1258204616	0.1422992885	-0.0177020632	0.0539727229	-0.1040326783	-0.0348468625	-0.1153708694	-0.1074978136	-0.1789779334	0.0015359345	-0.1098093109	0.0661356771	0.0222774973	-0.0731795893	0.1619673898	0.0127009263	-0.0614462695	0.0176330438	0.1361287951	-0.1202347385	0.0465815387	-0.0672724751	-0.148652138	0.101906308	0.0663834003	-0.0202756666	-0.1190978772	0.0451091955	0.0786946596	-0.0150735929	0.0057495933	0.1790493926	0.0041401945	0.0267597915	-0.0262953457	-0.1130552071	-0.0983835042	-0.1211657854	-0.0032552713	-0.1634989242	0.0956023783	-0.0840831032	0.0647105156	-0.0628299336	0.0624833384	0.1279768898	-0.0361817251	-0.016786946	-0.0647430303	0.0346383636	-0.0900241369	0.1231473485	0.0412863185	-0.0412620324	-0.0212614145	0.0366336341	0.1078630628	-0.0574816559	-0.0300538251	0.0097802198	-0.0727262597	-0.0721810641	-0.1976730165	0.037968211	-0.0504710474	-0.0991866328	-0.1007524174	-0.0157855382	0.0255436565	0.0078755144	0.0902128866	0.0037677091	0.1198552191	-0.0274502083	-0.1019695924	0.0675729235	0.1993082959	-0.0264158412	0.1038756659	-0.0902637795	0.2012622429	-0.1530282839	0.0611896795	-0.1010316291	-0.0805415629	0.0087036574	0.089259361	-0.0239296038	0.1118274924	-0.065315157	-0.0694619879	0.0672902927	0.0233958017	-0.0178494644	0.0325944617	0.120513072	-0.1265577678	-0.1410631357	0.0739526431	0.0741248922	0.2007079408	0.0167351255	0.0990391875	0.1776604451	-0.0262139437	0.0117237751	-0.0704474192	-0.0781433939	-0.1189320988	-0.01414001	0.0355033041	0.0196019337	-0.1122029089	-0.05666678	-0.0267019	0.0024395	5.951160250000004e-06	0.00071299146361	0.0194856	0.0310744999999999	0.0009656245502499	0.0003796886073599	0.00934763	0.02362793	8.737818661689998e-05	0.0005582790760849	-0.000171887	-0.0004397929999999	1.93417882849e-07	2.9545140769e-08	6.02342e-06	-0.00015688958	2.46143403125764e-08	3.6281588496400006e-11	-0.000734168	-0.00025	6.25e-08	5.39002652224e-07	0.0	0.0	0.0	0.0	0.0	0.0	0.0	0.0	0.0	0.0	0.0	0.0	0.0	0.0	0.0	0.0	0.0	0.0	1.0	0.0	0.0	0.0
555.6164411735919	-1.245761609109195	308709.62970240746	1.5519219867303309	753.7005645567102	-5.175781450730369	568064.5410131037	26.788713625724565	516.2650237919651	-0.8804435464046492	266529.57479091827	0.7751808384055956	534.1877167479857	474.7379802568224	1.04672	46.690346	0.0356424459999999	0.0168348	-0.0767464633	0.0670841907	0.1156999552	-0.0118002979	0.1519890995	-0.0171582923	0.0618588576	0.035147214	0.0372750224	0.0126286504	0.0431003026	0.0523298987	0.1535938701	-0.0813735985	0.1451249707	-0.0824780396	-0.0997398309	-0.0601775019	0.0024364744	0.048418645	0.0176615455	-0.0108692562	0.1363281713	-0.0414337933	0.1294148743	0.0046815144	-0.0120928798	0.0841950525	-0.080999787	-0.0672755036	0.0024123007	0.0444489606	0.0083360907	0.097551297	0.0378021099	0.0899153603	-0.1661716509	0.0067654432	-0.0916363117	-0.0723987022	-0.0553050317	-0.0459890654	-0.0254685296	-0.1093552962	-0.0374862991	-0.1137988088	-0.01547292	-0.0048199119	0.1230871246	-0.0019547333	0.094488431	0.0605339151	-0.1243256276	0.0719336907	-0.0669891742	0.0706242579	-8.07774e-05	-0.0979929564	0.0034659602	0.144557506	0.1290177045	-0.0710786486	-0.1144206433	0.0234949326	-9.20089e-05	0.1770807195	0.056875779	-0.0345871144	-0.0825358723	-0.0545981154	-0.0559147256	-0.0698653737	0.2242679139	-0.0388521705	0.060207386	0.0042244106	-0.0118875697	-0.0418232328	0.0121636162	0.0164049686	-0.0957205875	-0.0460947111	-0.1068531724	-0.0172940047	0.0492707717	0.0027455319	0.1109953454	-0.1038304529	-0.1311354474	-0.1164300764	0.1153738828	0.087503475	0.0422110196	-0.0450328963	-0.0091091331	-0.1310910541	0.0224088421	-0.0241020174	-0.0023175759	0.0322009882	0.0368489731	-0.0512639186	2.98783e-05	0.0224398762	-0.0402186415	-0.0248853235	-0.0119591123	-0.0128871063	-0.005664008	0.1610103037	0.0624091489	-0.0472313586	0.0411119795	-0.1172646849	0.0012524545	-0.0599322227	-0.0467382506	-0.1496442722	0.1746925248	0.040991719	-0.2033152334	-0.0427854999	0.0073330448	-0.1774099996	0.0309484706	-0.0681733882	0.0908953388	0.0811643575	0.0103030774	-0.1674706523	0.1305828376	0.019493186	0.0188498227	0.030800973	0.0395983772	-0.1156976792	-0.1131213884	-0.0488751929	0.0577972092	0.0400772799	0.083506903	0.0454658867	-0.0263487038	-0.0280631576	0.0746316922	0.130509965	0.0168522262	-0.0030324035	0.1321213318	0.1158639045	0.0080614204	0.1219215021	0.0113367033	-0.1223473481	0.0015387031	-0.0769476459	0.1213400524	0.0046461727	-0.0958767926	-0.0332523887	-0.0490618712	0.0037840043	-0.0302471052	0.0112804342	-0.0294481357	-0.0601156775	0.0967676225	-0.1043067028	-0.0599721763	0.0356260838	0.0689767259	-0.0944216827	-0.0969430669	0.0394178518	-0.1144948817	0.0531177828	0.0175404504	-0.1377771569	0.0356192409	0.0474716761	0.1637502055	0.0109718081	0.1239379923	-0.1060828431	-0.1074452224	-0.1646504258	0.0346047232	0.0400921613	0.0713637539	0.035895763	0.0621414822	0.0170077871	-0.1138033884	-0.0496261511	-0.0330023	-0.0063003999999999	3.969504015999997e-05	0.0010891518052899	0.01752	-0.0019655999999999	3.863583359999992e-06	0.0003069504	0.02038	0.01103237	0.0004153444	0.0001217131878168	6.63662e-05	0.0002382531999999	5.6764587310239995e-08	4.404472502439999e-09	-8.26049e-05	-8.862832e-05	7.8549791060224e-09	6.823569504010001e-09	-0.000734168	0.0	0.0	5.39002652224e-07	0.0	0.0	0.0	0.0	0.0	0.0	0.0	0.0	0.0	0.0	0.0	0.0	0.0	0.0	0.0	0.0	0.0	0.0	0.0	0.0	0.0	0.0
555.5064579893136	-0.109983184278235	308587.42486783303	0.0120963008239802	754.8232446589464	1.1226801022361317	569758.1306774595	1.2604106119569305	516.1950977787424	-0.0699260132226982	266457.3789708054	0.0048896473252209	533.8945759060384	478.4872298295117	1.122311	50.06218	0.043025405	0.0249875	-0.1026754834	-0.036680266	0.0335471303	0.0445510425	-0.1117569559	-0.1159307105	-0.0192085692	0.0011273077	-0.0268644227	0.002334709	-0.1013618661	-0.0717522622	-0.0715424453	0.0057981925	0.0423840808	0.1593120962	-0.0443842663	-0.0465940833	-0.0514972155	0.1034205368	0.0851646442	0.0255995773	-0.1301038443	0.0019253428	-0.0192890036	0.0700934221	-0.0640795554	-0.030498862	0.0402535053	-0.0974257742	0.0217469295	-0.1019319531	-0.0589590972	-0.0246173918	0.0253248195	-0.050282917	-0.0500276885	0.0794266484	0.0185513655	-0.0194029367	0.0362440331	-0.0820066421	-0.085249694	0.1423662085	-0.0321022935	-0.020525536	-0.032079486	-0.0189943665	0.0364511081	0.063072104	0.1681573183	0.0009547897	0.0105540106	-0.0449803609	0.0299415662	-0.1659017303	0.2275224979	0.0335419466	-0.0446173275	0.0805345969	0.093262916	0.0555771838	0.0855686319	0.0190146183	-0.0290197635	0.1458375824	-0.0344437796	-0.0633413279	0.0124974896	0.0743471856	-0.0057767064	-0.0044849331	0.1098089803	-0.0140599546	0.044776321	-0.073978727	-0.0188173303	-0.0142956886	0.126620272	0.0262896658	-0.1443256669	-0.0736457817	0.0865819429	0.0528053091	0.063764017	-0.0633998971	0.0198227832	-0.0946623776	0.0893851368	0.0854109729	-0.0769662439	0.0732800006	0.0787404979	0.0483270441	-0.0583933627	-0.0566211209	0.0047709199	0.2139813368	0.0243289622	-0.1266305239	0.0162522279	-0.0195264615	0.0641371508	-0.1671999997	0.0309305328	0.029795626	0.1008288305	0.1323558642	-0.0701410271	0.0058319303	-0.1089327036	-0.0118543558	-0.141276276	0.0037833122	0.0170170502	-0.0149349844	0.068313214	0.0510643937	-0.0221557503	0.1244245119	-0.0244371411	-0.0460614072	-0.0147928495	-0.2126689846	-0.036373911	0.0853579364	-0.0788990745	0.0417611068	-0.0561311072	-0.0602454161	-0.065932933	0.0496697747	-0.0605183719	0.0001815923	-0.0223055408	-0.110261752	-0.0213657761	-0.0092582153	-0.0247660518	-0.0010717688	0.1961042852	-0.0855424182	0.0535483603	0.0206576479	0.1147208617	-0.1063799524	-0.1583262138	0.0931489247	-0.0190852534	-0.0775502331	0.0391857637	0.07204093	-0.0256774283	0.0162416188	0.1190739107	0.1789340588	0.0213251365	-0.2324341801	-0.003289289	0.0851571003	-0.0933514127	-0.0294967439	0.0615236562	-0.0680831934	0.0791380914	0.1071696624	-0.030257602	0.1184421178	0.00616994	-0.0650356358	0.0057787736	-0.0757337677	-0.0030178007	-0.1775013275	-0.092395853	-0.0565082784	0.0267958654	-0.0224994652	0.0678004277	0.0835102082	0.1102216906	0.0767889489	0.1478750084	-0.0352008549	0.0521070128	0.0682467986	0.0599271942	-0.0757101367	0.0271718216	0.0717863254	-0.0687492414	0.0144053161	-0.1151810923	-0.0423669894	-0.0330094	-7.100000000002937e-06	5.0410000000041705e-11	0.00108962048836	0.00332829	-0.01419171	0.0002014046327241	1.1077514324099998e-05	0.00347753	-0.01690247	1.20932149009e-05	0.0002856934921008	4.55616e-05	-2.0804599999999997e-05	4.328313811599997e-10	2.07585939456e-09	0.000135073	0.0002176779	4.7383668148410015e-08	1.8244715329000002e-08	-0.000734168	0.0	0.0	5.39002652224e-07	0.0	0.0	0.0	0.0	0.0	0.0	0.0	0.0	0.0	0.0	0.0	0.0	0.0	0.0	0.0	0.0	0.0	0.0	0.0	0.0	0.0	0.0
555.9170569475625	0.4105989582488973	309043.7742052395	0.1685915045150797	755.5343403357646	0.7110956768182177	570832.1394265989	0.5056570615895591	515.919915007807	-0.2751827709353165	266173.35870166286	0.0757255574196388	533.6247988736338	470.0238566994639	1.094807	48.835361	0.034045989	0.0189084	-0.0526555071	0.0791949498	0.1321093629	-0.1085311959	0.0312904409	-0.0905451298	-0.0410426911	0.02759319	0.1340001893	-0.0323934544	0.1028808465	-0.0196462489	-0.0882683086	-0.0505255685	0.0310086235	-0.0175706407	-0.0082519397	0.0077591373	-0.0216145265	-0.0276137779	0.0744007191	-0.0882112386	-0.0375662292	-0.0138668307	-0.1733216276	0.0635213551	-0.0445333144	0.0771065891	0.1352872565	0.0381043579	0.1193576914	0.030896733	-0.0329052456	0.1852329379	0.0164097156	-0.0029548356	0.0312494334	0.050450149	0.0113940364	0.0731100619	-0.0127535073	-0.1693548557	0.0837744104	0.0797003535	0.0049981055	0.0339450919	-0.0115073615	-0.0852694105	-0.1030991106	0.1568481185	-0.0060856743	0.0360823564	-0.0520812027	0.0746085041	0.038313903	0.1367887463	0.0213446219	0.1461582829	0.0411477173	-0.0677212357	-0.0367749691	0.0347727881	0.0525772589	0.0843404867	0.0489274729	0.0893865868	0.0246506638	0.0202798863	-0.1262882397	-0.0654126169	-0.0048473077	0.1521178851	0.0283974678	0.2417056677	-0.0339451197	0.0212490179	-0.0317691268	0.0545851751	-0.145404246	-0.0157522585	0.0234561057	-0.1004649767	0.0334646016	-0.1318458317	0.031037764	0.0346521736	0.0019284187	-0.06665954	0.0285349079	0.057695593	0.0569095709	0.1363807751	-0.1306119278	-0.0295718119	-0.101915566	-0.0229746265	0.0069716694	0.0425061858	0.0022903771	0.0613195924	0.1330215433	0.056887515	0.0326975522	-0.0063128226	-0.1528131181	-0.0228491036	0.1193951024	0.0330306341	-0.019265772	-0.0670910121	0.1155937671	0.0280363113	-0.0686380277	-0.0079344328	-0.1490050568	0.0070348335	0.0514833306	0.0267739107	0.130123601	0.0498397053	0.1247930402	0.0463784253	-0.0907728636	0.0504154521	0.065820518	0.0697231756	0.0959129808	-0.0354555312	0.0226938851	-0.0077873144	0.1448242062	0.0299969375	-0.0241375283	-0.1498730596	-0.0630694957	0.0367952122	-0.0604730168	0.0841577796	-0.0399519257	-0.0720654846	0.0521324884	-0.0418879723	0.1757351301	-0.0540802157	-0.1166276978	-0.0890442113	0.1178155955	0.0260481805	0.0016844047	0.1067799731	-0.1044624066	-0.0361348251	-0.0082983592	-0.1088490999	0.0308731145	0.0551259478	-0.0539280276	-0.1219485608	-0.1451524328	0.0211296687	-0.0021038461	-0.0209076437	0.0905664906	0.0675804138	0.0166082142	0.0869623756	0.051308152	-0.013991654	0.062702581	0.0772053892	0.0168211468	-0.009697773	-0.1364334453	-0.0468074453	-0.0685151077	-0.0514773258	0.0168577831	0.1157487628	0.0845407706	0.0173329698	0.1755453239	-0.0297180836	0.1486071676	-0.1004638385	0.0420015058	0.1353192006	-0.0594331114	0.0532641803	-0.0618371009	-0.0141345438	0.1044038281	0.0117957945	-0.1163333239	-0.0349212611	-0.0330061	3.300000000004688e-06	1.0890000000030939e-11	0.0010894026372099	0.0175449	0.01421661	0.0002021119998921	0.0003078235160099	0.0073220999999999	0.0038445699999999	5.361314840999853e-05	1.4780718484899232e-05	-0.000145019	-0.0001905806	3.632096509636e-08	2.1030510361e-08	6.02342e-06	-0.00012904958	1.6653794098176405e-08	3.6281588496400006e-11	-0.000734168	0.0	0.0	5.39002652224e-07	0.0	0.0	0.0	0.0	0.0	0.0	0.0	0.0	0.0	0.0	0.0	0.0	0.0	0.0	0.0	0.0	0.0	0.0	0.0	0.0	0.0	0.0
558.5508572887198	2.6338003411573254	311979.06017796387	6.936904237080444	752.7682591935086	-2.766081142255985	566660.0520492253	7.651204885544172	516.8415303864401	0.921615378633078	267125.1675321975	0.8493749061329915	534.3368136816415	525.810048628158	1.46795	65.479904	0.0126808	0.0104447	-0.0306857026	-0.118526852	-0.0368574886	0.0340901069	-0.0214218346	-0.1128258952	0.0824870157	-0.0934589982	-0.0776421335	-0.1059326128	0.063036878	-0.0881141565	-0.0205522328	-0.0010728649	0.0644568514	0.0156084562	-0.0656042744	0.0094959296	0.008262269	0.0889645582	0.0416206252	-0.1162478707	-0.0743577023	0.081387923	-0.0434636326	0.0178977171	-0.0539376443	0.0354128081	-0.1187333447	-0.031030805	0.0430946753	-0.1152812572	0.0165156671	-0.0618061496	0.1570981839	0.0151113256	-0.0241897714	-0.0910244629	0.1416975873	-0.0986678954	0.0161300732	-0.0369548812	-0.1185937846	-0.0967487001	-0.0848544963	-0.054437748	-0.0404298124	-0.0201395488	-0.1645349269	-0.0323772274	0.0439397521	-0.1405485588	-0.0995367044	0.1552777293	0.0020683258	0.1099130472	-0.094213766	0.0033041642	0.0510733766	0.0297407784	0.0891589157	-0.0500296461	0.0487974213	0.0578908635	0.0695640161	-0.1850051113	0.0214563798	0.0594952169	-0.0078256231	-0.025063778	-0.0462991121	-0.0576621393	-0.0694787713	-0.2067970445	0.1928098	0.0079003601	0.152120402	0.0985693943	0.0339386604	-0.0097845292	0.0139218238	-0.0035806669	0.0206263976	0.0512087271	0.0053263286	-0.0863215945	-0.0602336593	0.1227715209	-0.0050496935	0.0161000022	-0.1496129863	0.0705825363	0.0140186668	0.0769784571	-0.0988834425	0.0096684223	0.0563308011	0.0264489185	-0.0439017977	-0.0627574283	0.0787771627	0.1643665449	-0.090867928	-0.0288535671	0.0475108096	0.1146470037	0.1143783618	-0.1483662587	0.0563609664	-0.0045041655	0.0429150157	-0.1126790697	-0.0170981764	-0.0904573264	0.0627599825	0.0043288689	-0.0450333897	-0.0140190058	0.1455702094	0.1098328082	-0.0790601133	0.0078848161	0.2393256887	0.0895911313	0.0423539171	0.0577872698	0.0725500627	-0.0163834353	0.1904475318	0.1428749707	-0.0862265062	-0.093597573	-0.0176292473	0.0777027305	0.0060715506	0.0486893883	0.1295708386	-0.0691516432	0.0409892304	0.1369799979	-0.1292441988	0.1267979204	0.0051813179	0.0400402958	0.0640747499	-0.1524418609	0.0095052322	0.0305248011	-0.0125052681	-0.0770223368	0.0518393621	-0.0186093219	-0.0789458574	0.1058485481	0.0078725272	0.1058716011	-0.0234454111	-0.0151755332	-0.0642203087	-0.0291558068	0.043543218	-0.0518348303	0.0261394397	0.0648600383	0.0347447875	0.0411579774	-0.0071764409	-0.0482829637	-0.1164946826	-0.1037905109	-0.0385489178	0.0505969138	-0.0197640555	-0.0419054471	-0.1759682179	0.0563648778	0.1186374538	0.021220234	0.0854148248	0.066452296	0.0789471804	-0.2336373909	0.0047291695	-0.0175642306	-0.1938812653	-0.0039828244	-0.0168968601	0.0307385138	-0.0422531834	0.0287070271	-0.0500054281	0.0091804995	-0.1172578276	-0.0273217542	-0.0330061	0.0	0.0	0.0010894026372099	0.0181795	0.0006346	4.027171600000032e-07	0.00033049422025	0.0100814	0.0027593000000001	0.00010163462596	7.613736490000556e-06	-0.000330756	-0.0001857369999999	3.4498233168999994e-08	1.09399531536e-07	6.02342e-06	0.0	0.0	3.6281588496400006e-11	-0.000734169	-1.000000000015745e-09	1.0000000000314906e-18	5.39004120561e-07	0.0	0.0	0.0	0.0	0.0	0.0	0.0	0.0	0.0	0.0	0.0	0.0	0.0	0.0	0.0	0.0	0.0	0.0	0.0	0.0	0.0	0.0
560.7489005739271	2.198043285207291	314439.329494868	4.83139428364486	754.0669978092245	1.2987386157159335	568617.037185017	1.686721991951739	518.2792003613419	1.4376699749017234	268613.32952719193	2.066894956733922	535.8680305808099	594.3475728707133	1.50124	66.964859	0.02949423	0.0181309	0.136392409	0.1045474533	-0.1040264842	0.0408998905	0.0172207307	-0.0428626425	0.1061710036	0.1142944175	0.0427685026	-0.1416110501	0.0457028882	-0.1103409222	0.0498598084	0.0792262608	-0.0609342835	0.1232702564	0.0595815443	-0.1012196249	-0.0959502729	0.1749996089	-0.0947847463	0.0445360503	0.1467720674	-0.0638768235	0.0541358129	0.0729419204	0.0137354475	0.0719970682	-0.0386735918	0.0115429253	-0.1454227079	0.0841170928	0.0422590037	-0.0549416451	0.100084654	0.021576669	-0.0043027814	0.0041955558	0.0555503033	0.1548005567	-0.1018008472	0.0740869728	0.1393285952	0.1105746907	-0.0139603117	0.0550075348	-0.002527286	-0.0322007954	-0.0615369302	0.0223371945	-0.030408031	-0.0854172514	-0.0508626715	0.0540027478	-0.145843858	0.0375254097	-0.1329126919	-0.0080044711	-0.0864674528	0.0034125213	0.0329521951	-0.0747949184	0.0658809056	0.013038049	-0.062976123	-0.0711042792	0.1764124353	0.08739708	-0.0009107751	0.048682099	-0.0025262108	-0.0095448104	0.0257514469	-0.1119185221	0.0312723738	0.0484850482	-0.1939722055	0.0575719703	0.0155580312	-0.0821039608	0.0666189601	0.1787018238	-0.1399954099	0.0253243807	0.1242029125	0.0666218616	0.0378756321	0.032159823	-0.0290647692	-0.0305140003	-0.0101762883	-0.1577960306	0.0525279432	-0.0501354829	0.0311567858	-0.1672745079	-0.091449468	0.0766778585	0.0089449127	-0.0651674113	0.0433409382	0.1465616077	-0.0547619038	-0.044260432	0.0023828799	-0.1271486997	-0.0116983175	-0.0740747946	-0.0345702957	-0.223255808	-0.0074489407	-0.0620564254	0.0291728014	0.0009048557	0.0805393585	-0.0744941577	-0.1603317096	-0.0490042587	-0.0478095871	0.0638857027	0.0088288823	0.0771678314	-0.0644165966	0.0231041304	-0.0386887191	0.0481158359	0.1123853284	-0.0043274258	0.0994717932	0.0646408738	0.0792017789	0.0984545204	0.1808109705	0.1211157834	-0.0955376734	-0.0298900064	0.012823287	-0.1228744607	0.0614863559	-0.0651906526	-0.0971479011	0.072840612	-0.1036896528	-0.0706684694	-0.0806605302	0.0766359373	-0.075746575	-0.1074801296	0.1044266118	-0.0943948651	-0.1235613478	0.0481326528	-0.0040703424	0.0539357007	-0.0496674478	0.0023824418	-0.0445059921	-0.0697014227	-0.048134555	0.1030544819	-0.0307444621	-0.0201230085	0.0671364862	-0.0207005781	0.0276431956	0.108334739	-0.0059311792	0.1187742417	-0.0074935056	0.1236507626	0.0647216928	0.0786211353	0.022851729	0.1023510037	-0.0935538442	0.0941763201	-0.0027705152	0.1448156948	0.0749696389	0.0781132664	-0.0112499919	0.1360365116	0.1269456756	0.0203085006	-0.0296158211	0.056860082	-0.0161410776	-0.0889392579	-0.0991501623	-0.1178278097	-0.0284354698	0.006560711	-0.1179527935	-0.0196019337	-0.0330061	0.0	0.0	0.0010894026372099	0.00478562	-0.01339388	0.0001793960214544	2.29021587844e-05	0.00067435	-0.00940705	4.547479225e-07	8.84925897025e-05	-0.000196891	0.0001338649999999	1.791983822499999e-08	3.8766065881e-08	6.02342e-06	0.0	0.0	3.6281588496400006e-11	-0.000734168	1.000000000015745e-09	1.0000000000314906e-18	5.39002652224e-07	0.0	0.0	0.0	0.0	0.0	0.0	0.0	0.0	0.0	0.0	0.0	0.0	0.0	0.0	0.0	0.0	0.0	0.0	0.0	1.0	0.0	0.0
559.5959717694747	-1.152928804452472	313147.65162062267	1.329244828136206	756.3024467806206	2.2354489713960675	571993.3910063534	4.997232103715736	517.3115564763449	-0.96764388499696	267611.24646397855	0.93633468817201	535.2592474258604	550.1884324204203	1.363767	60.832661	0.01323018	0.0086926899999999	0.0355018832	-0.111339949	-0.012270558	-0.0274718499	-0.0526240839	-0.0342798185	0.0589075255	-0.0828726058	-0.0124410638	0.0875619117	0.0023240774	-0.1225749698	0.1249819346	-0.0627676655	0.0598014896	0.0289277383	0.127282116	-0.0439565637	-0.0418526367	-0.1165821332	-0.062483128	0.1146337733	0.0607998873	0.1395209574	-0.1364865879	0.0532088647	0.0672821115	0.0474721948	-0.0387589993	-0.1312362708	-0.0085632174	-0.0592439343	-0.0352483759	-0.1124876782	0.0765889704	-0.0730681204	-0.0754586162	0.0710032056	0.0589070601	0.0032828812	-0.0672840024	0.1079556266	-0.064679877	0.0246872549	0.0857621205	0.0455763133	0.0302898849	0.1513117845	0.0368361913	-0.0801827307	-0.0581804439	0.0581320241	-0.0586049996	0.0075520384	0.0702339011	-0.1120165722	-0.014221884	0.1601051457	0.079107567	0.1015364091	0.1168543253	0.0199675468	0.0117987065	0.0721576274	0.186215446	-0.0427645646	-0.0364964652	0.056975611	-0.0146689852	-0.0453516183	-0.0898733456	-0.025563688	0.0765608632	0.0839650755	0.071325971	0.0136199629	-0.1215898432	-0.0336346099	-0.0346749834	-0.0044633781	-0.0600250233	0.0407072429	0.1203399456	-0.0080901935	0.018994743	-0.1237062862	-0.1123488723	0.1386351488	0.0318557153	0.1276962352	0.0549932989	-0.1211422663	0.0809499101	-0.1854631759	-0.028036639	0.0773475169	0.0526238238	-0.0017966391	-0.2622836884	0.0020062362	-0.0473544755	0.1990787807	-0.1428118324	-0.0579439096	0.0331604558	0.0638208136	-0.1302949657	0.0061315121	0.0335740668	-0.0525495122	-0.0771940734	0.1031527249	0.0266582627	-0.0848768614	-0.0215591841	0.0165070633	0.0096383839	0.0736987255	0.1404048615	-0.1465344937	0.0273561234	-0.1195424991	0.0289193916	-0.1708083381	0.0773406941	0.0234739452	0.002917264	-0.0684745579	0.1451916263	0.0519570585	-0.1029198782	-0.0877607672	-0.0056111775	-0.100112907	-0.0609806707	-0.0761795133	-0.0018247226	0.0848052507	0.0688572549	-0.0438614191	-0.0175486124	0.0373551934	0.0263669482	-0.132212215	-0.0898106454	-0.0764598442	-0.0952605485	0.0482815285	-0.0683470871	-0.0471229863	0.1067282543	0.0468837398	-0.0683091097	0.0982406227	0.1352036197	-0.0276831077	0.0738806328	0.1863999747	0.0544538235	0.0335584217	-0.1138289912	-0.0152427251	0.0800641944	0.1390623961	0.0902074425	-0.042050377	-0.05978085	0.0135487062	0.0850061922	-0.0698873822	-0.1248445165	0.0784691089	0.083597579	0.0037785445	-0.0890869526	0.0962901088	-0.0616214986	-0.0601279692	0.1819858334	-0.0500847264	0.0861119273	-0.0625845788	0.0530490956	0.1195016243	-0.0408918487	0.0100520362	-0.0758566004	0.0158059982	-0.0189239097	0.0871017746	-0.079182489	0.0039377115	-0.1184168613	-0.0117957945	-0.0330061	0.0	0.0	0.0010894026372099	0.0125672	0.00778158	6.055298729640001e-05	0.00015793451584	0.00383845	0.0031641	1.47336984025e-05	1.0011528810000003e-05	-0.000151202	4.5689000000000016e-05	2.0874847210000012e-09	2.2862044804e-08	6.02342e-06	0.0	0.0	3.6281588496400006e-11	-0.000734169	-1.000000000015745e-09	1.0000000000314906e-18	5.39004120561e-07	0.0	0.0	0.0	0.0	0.0	0.0	0.0	0.0	0.0	0.0	0.0	0.0	0.0	0.0	0.0	0.0	0.0	0.0	0.0	0.0	0.0	0.0
558.7528116800398	-0.8431600894348321	312204.70456035004	0.7109189364157541	757.7151222210183	1.4126754403977202	574132.2064424127	1.9956518999028927	516.7958079661431	-0.5157485102017745	267077.90713137866	0.2659965257753499	534.7910713430683	585.3556747938279	1.28879	57.488201	0.0211369499999999	0.0122049	0.1007529181	0.1135746869	-0.0714136505	-0.0348779441	0.0467353647	-0.0497142901	0.0209126453	0.1035556909	0.0433227255	0.0940560954	0.0435288349	-0.0191422765	0.1678749464	-0.1600586682	0.095779839	-0.0855242749	-0.0205678297	-0.0909062721	0.1147011093	-0.0182616178	-0.0244419871	-0.0276596513	0.1506378953	0.040003255	-0.020749071	-0.1451648398	-0.0384447892	0.1311642986	-0.0920794897	-0.1124014654	0.1488329097	0.1998229286	-0.0248570352	0.0268089152	0.0292643296	-0.0218236092	0.0108074562	0.0487954158	-0.0052226174	-0.0761722732	-0.057222777	0.0022217871	0.1185709748	-0.0840786118	-0.1217429309	-0.069334115	0.0325613641	-0.1053400516	-0.0034318172	0.0870606761	0.0914014016	-0.0139731108	-0.0383366815	0.0351367724	0.0009146688	-0.0150202163	-0.078598005	0.1421737217	-0.0409884825	0.0683606877	0.0836191473	0.0510356093	0.0165232837	-0.0879558756	0.1096527778	-0.0272812355	-0.0507850925	0.0484454306	0.0297470976	-0.0384724274	0.03810994	0.1319765072	-0.0402126507	0.0005129029	0.026859506	0.0865527401	-0.0079203934	-0.1056802182	0.0604023879	0.0115597817	0.0634595608	-0.0200157937	-0.109728176	-0.0031772267	-0.0854751449	-0.0687805307	0.0649034473	0.0770449819	-0.0151711962	-0.0313317568	0.0530642879	-0.0222489239	-0.0147069472	0.0555961922	-0.136571695	-0.1236448695	0.0248547709	-0.0349140621	0.0005847814	0.0670234297	-0.0350352671	-0.0413136995	-0.0015996903	0.0181442589	-0.0443627887	-0.1251078724	-0.0547183862	-0.0119917639	0.0631639033	0.092160637	0.0961869654	-0.0714145331	-0.0970115265	-0.0644893725	-0.0413654645	-0.1505047592	0.0726888385	-0.0121009258	0.0294315836	-0.0266637086	0.0432683414	0.0721072417	0.0793326808	-0.1030067328	0.0753782178	0.1336056345	0.0521777929	0.0020216432	-0.0310615179	0.1388222937	0.0060988342	-0.0712457307	0.0734522482	0.0372808886	0.0692443792	0.0710341255	0.0113484607	-0.0493942434	-0.0181093345	-0.0210270495	0.1093314556	0.018313713	-0.0260904101	0.0239116953	-0.0211209597	0.0534787119	0.0502594028	-0.0773743657	0.050247426	0.0799694438	0.1825654286	0.0193881874	0.1179592294	-0.023663744	-0.0382407811	0.1492112037	-0.1363325602	-0.0710576834	-0.0898322888	-0.0507498591	-0.049562225	0.0489721096	-0.1386470023	0.0840992191	0.0452557417	-0.1183040655	-0.0621399476	-0.1061460777	-0.0366768616	0.0826511904	0.0932341016	0.1046436273	-0.0235634308	0.0492587201	-0.0806551522	0.0100488413	-0.0377270268	-0.0904591231	0.1756320175	-0.0368326356	-0.0418216219	0.1173049927	0.0744587944	0.0080579629	-0.0566264435	-0.0236534936	-0.1203742378	0.0530240049	0.1501176229	0.0555088749	-0.0596364445	0.0013127847	-0.1186491225	-0.0039377115	-0.0330053	7.99999999995249e-07	6.399999999923985e-13	0.00108934982809	0.0210718	0.0085046	7.232822116000001e-05	0.00044402075524	0.0047772	0.0009387499999999	2.282163984e-05	8.81251562499999e-07	-0.000314893	-0.000163691	2.6794743481000004e-08	9.9157601449e-08	6.02342e-06	0.0	0.0	3.6281588496400006e-11	-0.0008043339999999	-7.01649999999e-05	4.923127224985967e-09	6.469531835558391e-07	0.0	0.0	0.0	0.0	0.0	0.0	0.0	0.0	0.0	0.0	0.0	0.0	0.0	0.0	0.0	0.0	0.0	0.0	0.0	0.0	0.0	0.0
559.3628885582143	0.6100768781744819	312886.8410961893	0.3721937972831216	752.8292231599245	-4.885899061093824	566751.8392435753	23.872009635197507	517.1153748448916	0.3195668787484464	267408.3109009727	0.1021229899930242	534.8398393662851	594.0125565453185	1.204712	53.737808	0.0341847588	0.0225594	0.1196741961	-0.1445506615	-0.0731603062	0.0604467159	-0.0377590942	-0.0285926445	0.1357303944	-0.1238390351	-0.0534929553	-0.065046807	-0.0574609676	0.0314668721	-0.0391835142	0.1043433445	0.0497165213	0.1622053701	-0.0827342649	-0.1100031675	0.0818839821	0.0972066087	-0.0018339056	0.0049403987	0.0649487498	0.0453988061	-0.0386084221	0.0768099141	-0.0284186274	-0.0719804855	-0.0417550517	-0.0734974511	-0.1354467255	0.1373110111	-0.0246366605	0.0692851298	0.0773402848	-0.1108338821	0.0550521228	-0.001536262	-0.0801044722	-0.0234647031	0.1047245099	-0.0350564706	-0.0866377931	0.1495289423	0.149667879	-0.0492811876	-0.0127385057	0.0039817414	-0.0560504999	0.1759478017	0.0300255059	-0.042465603	0.0110761298	0.0484552091	0.0961980354	0.0133523855	0.0261367169	-0.0409714714	-0.1315216813	0.0672938699	0.0953297117	-0.0709903347	-0.018117651	-0.0853599256	-0.0523178656	-0.0482671673	-0.0269833926	0.1204939365	-0.0316961434	-0.1771080176	-0.0641341282	0.0446819051	0.032258141	-0.1184837683	-0.117155694	0.0748960174	0.0275445114	0.0241707196	0.036099252	0.1415485602	0.1413694842	-0.0573309765	0.1720694832	0.110431772	-0.1140425582	0.0841035345	0.0819799391	-0.0375628334	-0.0010795547	-0.1339504003	-0.0468405913	0.1505560619	0.0676409613	-0.0691275539	-0.00917682	0.1578777318	-0.0448748231	-0.0448456565	0.164052246	-0.0028356179	0.0459618061	0.1010555572	-0.0818667221	0.0610112023	0.01847976	0.1477363752	0.0213473837	0.106432285	-0.101732073	-0.1033545916	-0.0813476899	-0.0155858288	0.0209552203	0.0027193042	-0.0652278154	-0.0765620657	0.0525224415	-0.0005972582	0.0005501445	0.1685784857	-0.1117264303	0.1150647674	0.0532662868	-0.0568442591	-0.0348616651	-0.0501094836	0.0396686383	0.0734350502	0.0071897845	0.0820311006	0.0218447999	-0.0723184816	0.0390268242	-0.020238885	-0.0406135679	0.1027612905	0.0692221538	-0.00064668	0.091308804	-0.1535665176	-0.1226993392	0.0018333577	0.0282660021	0.0252010772	0.2181632956	-0.0054380736	0.1399952336	0.1126801081	-0.0415668524	0.15150022	0.2065111406	0.0306797849	0.0932276863	-0.0223221467	-0.068568841	0.0569371843	0.062033347	0.0696369934	0.0047190736	-0.0912980522	0.1746880811	-0.1305501644	0.1091626728	0.0007949885	-0.0705545718	0.0454664976	-0.0629193755	0.1199726393	-0.0286411914	-0.0130727066	-0.1503761149	0.0639718197	0.0352581354	-0.0281397486	-0.0735535365	0.0821084473	0.1018572421	0.0478505231	0.0559012167	-0.1109485146	-0.0704887478	0.0244203307	0.0926561342	0.0692184109	-0.0429995149	-0.0611814338	-0.0275674258	-0.0422825719	-0.040091448	0.2691831939	0.0052401862	-0.0013127847	-0.1186491225	0.0039377115	-0.0330048	5.000000000005e-07	2.500000000005001e-13	0.00108931682304	-7.585379999999998e-05	-0.0211476538	0.0004472232612446	5.753798974439997e-09	-0.000286226	-0.0050634259999999	8.1925323076e-08	2.5638282857475995e-05	-0.000361729	-4.683599999999997e-05	2.193610895999997e-09	1.3084786944099998e-07	0.000108476	0.00010245258	1.04965311486564e-08	1.1767042576e-08	-0.000794159	1.01749999999e-05	1.0353062499796499e-10	6.30688517281e-07	0.0	0.0	0.0	0.0	0.0	0.0	0.0	0.0	0.0	0.0	0.0	0.0	0.0	0.0	0.0	0.0	0.0	0.0	0.0	0.0	0.0	0.0
560.6999852621913	1.337096703976954	314384.4734730215	1.787827595786034	758.948068320871	6.118845160946535	576002.1704079815	37.44026610363883	516.8108875892884	-0.304487255603135	267093.4935308281	0.0927124888247289	534.7865677107728	597.7730296954172	1.116766	49.814838	0.0393099568	0.0212686	0.0922341752	0.1403479869	-0.1923104952	0.0213643985	-0.0176418135	0.0494443027	0.0569798012	0.1841062259	-0.0320449443	-0.0614960857	0.107811849	-0.0551518114	0.0488376694	0.1431132695	-0.1184021585	0.0958749397	0.0395264634	-0.0760405384	0.032435596	-0.0886720249	0.0603704263	0.110879717	0.0045916644	0.0195663401	-0.2282397936	-0.0281905094	-0.0849170148	-0.0458417236	-0.0038712403	-0.1328381324	-0.0526736641	-0.1306344822	0.0196121463	0.1824126216	0.1670890939	-0.0517770965	-0.2111358609	0.0380039942	-0.01628029	-0.0791671095	0.2329453539	-0.0701598267	0.1213230817	0.1181901362	-0.0526004702	-0.0540743908	0.062385853	0.0745214511	-0.0137499741	-0.1189755081	-0.0683912489	-0.0491701315	0.0971976524	0.0740144612	-0.0599583415	0.0211837659	0.1152218658	-0.0574733703	0.0012018662	-0.0428961525	-0.0277153613	-0.1551184492	-0.0881956231	0.0534060698	-0.1202321664	-0.1031461884	-0.0032625309	0.0304248974	0.0568635068	-0.0105123496	0.0334748686	-0.0492215345	-0.0338938916	0.0259418814	0.0483141711	-0.0875121076	-0.0051473018	-0.2354106305	0.1102921868	0.0650300852	0.0235603138	0.1607314773	0.0223872686	0.0099914084	-0.016800033	-0.0026775079	-0.1277199388	-0.1026839344	0.0123813609	-0.0015480099	-0.0153777432	0.0838403628	-0.0633181127	0.1351175282	-0.0817983759	0.0674513464	0.0079828366	-0.0137765331	0.0819836676	-0.1197469415	-0.0135399026	0.0334997956	-0.0122590972	-0.1566093913	-0.0006758814	-0.1517227529	0.1138233104	0.0285132758	0.011627038	-0.1091683074	-0.0166342426	0.0159869279	0.1061885508	0.0182827807	0.1006423029	0.082023934	-0.097241239	-0.0134915428	-0.0316125742	-0.0013029181	-0.0259511699	0.0701116107	0.1173230594	-0.0070186221	-0.1742962344	-0.0922190391	-0.0175720489	0.0667101959	0.0160940335	-0.0039470527	-0.0098997926	-0.0748571449	-0.1757766826	-0.0103347328	0.0186830256	0.0163818333	0.2042616634	-0.0038370553	0.1107987695	0.0432855107	0.1637542212	-0.0269526268	-0.0837462148	0.039881977	-0.0369062248	0.1065689912	-0.0351056096	0.0213037386	-0.0403343026	-0.0046127615	-0.0018721601	-0.0802829922	0.1481608461	0.0227171329	0.0261720799	0.0532866572	-0.0453521229	-0.0877914403	0.0188874748	0.1200755549	0.0357562427	0.0394707999	0.0778185718	0.0735608222	-0.0806991822	0.1595125142	-0.2001607712	0.0122524382	0.1145141312	0.0708610753	0.0971537059	0.1984496968	0.0714110243	0.0747679695	-0.0382378183	0.0349535333	0.1253057874	0.0374248911	0.1131051057	-0.0169656133	-0.062235773	-0.0664147721	-0.1684273804	0.0119966446	0.0252951509	0.0937137296	0.0414539773	0.0963625787	-0.2211183909	0.065878809	0.0449516537	-0.0039377115	-0.1184168613	0.0117957945	-0.0330061	-1.299999999995749e-06	1.6899999999889474e-12	0.0010894026372099	0.0157668	0.0158426538	0.0002509896794266	0.00024859198224	-0.00706415	-0.006777924	4.99022152225e-05	4.5940253749776e-05	-0.00019041	0.000171319	2.9350199761e-08	3.62559681e-08	6.02342e-06	-0.00010245258	1.04965311486564e-08	3.6281588496400006e-11	-0.000734169	5.999e-05	3.5988001e-09	5.39004120561e-07	0.0	0.0	0.0	0.0	0.0	0.0	0.0	0.0	0.0	0.0	0.0	0.0	0.0	0.0	0.0	0.0	0.0	0.0	0.0	0.0	0.0	0.0
560.853236121256	0.1532508590647694	314556.35246768536	0.0234858258040898	754.6241446463488	-4.323923674522234	569457.5996832335	18.69631594309386	517.5485159356215	0.7376283463330537	267856.46634716424	0.5440955773140355	535.3375338518588	601.0785307373397	1.160969	51.786602	0.03362178	0.0231939	0.1546093916	-0.1503299406	-0.0015240081	0.0437054055	-0.0221552648	0.110449449	0.0356830147	-0.1694205037	0.0225788296	0.0388680554	0.0138943709	-0.087315742	0.1439735115	0.1045185793	-0.062402296	-0.0422364351	0.0720272182	-0.0952081188	-0.1516885131	0.004291231	0.0069153994	0.0075044612	0.0472315231	0.0885011219	-0.0855363248	-0.1400933411	-0.0144180091	0.061203208	-0.0406021346	-0.0592554171	-0.117900016	0.0955324215	0.0833065	0.0325919928	-0.0622722287	0.081589325	0.0018785565	-0.0452166362	-0.1129739573	-0.140023536	-0.0020847461	0.0061845518	-0.0951804232	-0.1344583551	0.2156233284	-0.0269437582	-0.0274285652	-0.1027789426	0.01422482	-0.0932418299	-0.0484991071	-0.0319771668	-0.0889490024	-0.1482502674	0.0031487058	-0.0693468342	0.0765544282	0.1017743372	0.0711274003	0.085895233	-0.0215090062	0.0813947629	-0.0375161787	-0.1361384071	0.0058425766	0.0454534333	0.0634276552	0.1373944595	0.1586130589	-0.0423603027	0.1178934528	0.0635283947	0.0324529197	0.0830815319	-0.0056325303	-0.1169759205	-0.0636507241	0.0919587916	-0.0370620923	0.0699813769	0.0034788414	-0.0688977929	-0.0480183756	-0.0040544425	0.104923599	0.1038885859	0.0381522502	0.0377566134	0.006810795	0.1274601225	-0.108908564	-0.1409571066	0.1120066793	-0.0309238909	0.0615306845	-0.1051348417	0.0724343401	-0.0726764745	0.0494458179	-0.0653663484	-0.0127678665	0.061871782	0.0552777146	0.0479436942	-0.0453235946	0.1861396635	-0.0799332899	-0.0025237309	0.0133179724	0.0203940232	0.0249416012	-0.0715897704	0.1129597241	0.0593693538	0.1617706606	-0.1282603103	0.0353833397	-0.03231577	-0.0057785791	-0.0821949139	0.1558485388	-0.073632764	-0.0631924963	-0.1914803741	-0.1433673819	-0.0230446298	-0.0776772805	-0.1106089041	-0.0890704172	0.1734712424	0.0108546948	0.0033203851	0.0979843822	-0.0798584658	0.0147664449	-0.0866904931	-0.024498525	-0.033306935	0.0361778226	-0.0668841228	-0.0538594372	-0.1323758968	0.060535038	0.0043890932	-0.0436343127	-0.0384199021	0.0439153147	0.0423838219	0.0336784982	-0.0527456834	-0.1310526511	0.0729832814	-0.1410417753	0.0061859401	-0.0079282731	-0.0077293792	-0.0327422832	-0.0254569	0.0686965134	0.0771904797	0.0096141185	-0.0648824614	-0.0370694369	0.0724860168	-0.0822180053	0.0141283324	0.0346768823	-0.0517312356	-0.1532849267	0.0167148965	-0.1888077961	0.1245308328	0.1474953321	0.1134522786	-0.0580559396	0.018366145	0.0538539202	-0.106157863	0.0069063463	0.0608174996	-0.0569420485	0.0349844401	0.0349850761	-0.1489163667	-0.0726968007	0.1100306068	-0.0028833359	0.1655858043	-0.0805702687	-0.0797636198	0.0474746622	-0.006560711	-0.1179527935	0.0196019337	-0.0330061	0.0	0.0	0.0010894026372099	0.02436	0.0085931999999999	7.384308623999998e-05	0.0005934096	-0.00185482	0.00520933	3.4403572324000003e-06	2.71371190489e-05	-0.000586795	-0.0003963849999999	1.57121068225e-07	3.44328372025e-07	6.02342e-06	0.0	0.0	3.6281588496400006e-11	-0.000734169	0.0	0.0	5.39004120561e-07	0.0	0.0	0.0	0.0	0.0	0.0	0.0	0.0	0.0	0.0	0.0	0.0	0.0	0.0	0.0	0.0	0.0	0.0	0.0	0.0	0.0	0.0
559.1094268777147	-1.7438092435413637	312603.3512235266	3.040870677860303	757.9432500045634	3.3191053582146424	574477.9702274802	11.01646037892915	517.3996148327948	-0.1489011028266986	267702.3614291244	0.022171538423007	535.257844039515	549.6623887075841	1.452422	64.787262	0.0729022151	0.0406636	-0.0542235739	0.0491394977	-0.227683915	0.0403151733	0.00399406	0.0206978839	-0.181185737	0.1250647703	-0.1572901486	0.0663502026	0.0024533996	-0.0217346127	-0.0734145706	-0.1034216725	-0.1493163756	-4.18118e-05	0.0349347917	-0.0217713415	0.0113717591	-0.0105699558	-0.065915513	-0.0699060556	-0.0633449341	-0.1361044211	-0.0777113828	-0.0978248672	0.0222971228	0.0146995798	0.0787471552	-0.1435265952	0.0182373673	0.0016575408	0.0735772538	0.0704115922	0.0777139025	0.0978798412	0.0869186731	-0.0354795409	-0.0077975733	-0.0292120197	0.0265439309	0.0370469792	0.0011147254	0.1596142423	-0.1477792946	0.0067451569	0.1233020979	-0.0834664041	0.0222708705	-0.0439088549	0.0362098673	-0.133092039	-0.0079014633	0.0312260827	0.2046291023	-0.0209944125	-0.0882046465	-0.1399059229	0.0322651344	0.0551135385	0.0201259403	0.0414680358	-0.0373896045	0.0169610115	-0.0331968504	-0.0943763025	0.0881585414	0.0492735295	-0.0070408256	-0.0765528741	0.1663453834	0.0740284197	0.0182047917	0.0311273229	-0.1313555236	-0.1112100607	0.0602484285	-0.0943735725	-0.0630543113	0.1735573933	-0.1324148958	0.0387587883	-0.0629407927	-0.0534427875	-0.0549737147	0.173872219	-0.0099758968	0.1293103526	0.0142390985	0.0308708141	0.0862935407	0.0460819793	-0.0125601602	-0.0560929565	0.0283774487	0.0272893576	0.0340028957	0.0162135153	0.0950539872	-0.0479653671	-0.142376751	0.0435891803	-0.1976981465	0.0367244035	0.156259218	-0.1116934728	0.0763976533	0.0463821436	0.0264412286	-0.0577560832	0.0116626156	0.011543481	-0.0706727224	0.2300675629	0.0797488181	-0.1424292873	0.0404205236	0.0507728399	0.0674315124	-0.0531123408	-0.0996546658	0.0537789691	0.0236531803	-0.0220198693	-0.0162260661	-0.0699531933	-0.1152370448	0.0228864617	0.0573553673	0.0937043927	0.2652060039	-0.0875497323	-0.0537270663	-0.0169837676	0.1221352506	0.0497420325	-0.0245593263	0.0716628567	-0.0554521038	-0.1099143608	0.0240007597	-0.0707449494	-0.0688773176	0.0732931685	-0.0259160985	0.1604716032	0.1388091179	0.0259437028	-0.0597231095	0.0333795725	0.0209697377	-0.0555198595	-0.1320211273	0.079540243	0.1301995707	0.0118804652	-0.0005402851	-0.0540433205	0.1426537766	0.0793495209	0.1294634866	0.0558915405	0.0150185751	-0.0692595035	-0.128146396	-0.1011311736	-0.0142678139	0.1034033829	0.086541025	-0.0959928367	0.140725652	0.1293796167	0.0765421291	0.0829305423	0.0037967802	-0.1543311751	-0.0196536885	-0.0747092611	-0.0910739267	-0.1169349614	0.001089303	0.021678366	0.0279854469	-0.1144109579	-0.0649264428	-0.0036447187	-0.1406609264	0.0636161684	-0.1334225447	0.0558566301	-0.0404664622	-0.0091804995	-0.1172578276	0.0273217542	-0.0267655	0.0062405999999999	3.894508835999994e-05	0.00071639199025	-7.346609999999998e-05	-0.0244334661	0.0005969942656598	5.3972678492099975e-09	-0.00187914	-2.4319999999999984e-05	3.5311671396e-06	5.914623999999993e-10	1.2945e-05	0.00059974	3.596880676e-07	1.67573025e-10	0.00025036	0.0002443365799999	5.970036432609639e-08	6.268012959999999e-08	-0.000734169	0.0	0.0	5.39004120561e-07	0.0	0.0	0.0	0.0	0.0	0.0	0.0	0.0	0.0	0.0	0.0	0.0	0.0	0.0	0.0	0.0	0.0	0.0	0.0	0.0	0.0	0.0
558.4246445676387	-0.6847823100760024	311838.0836604936	0.4689268121930263	752.8940273761932	-5.049222628370217	566849.416458744	25.49464915084584	516.6553535362681	-0.7442612965267017	266932.7543376862	0.553924877507607	534.4220099424897	551.1131424658415	1.625286	72.498085	0.0955324351	0.0491638	0.106935518	0.0143551238	0.1517087841	0.0104125663	-0.0526908969	-0.0708094269	-0.0761529016	-0.0644462904	0.157487116	-0.0124255803	-0.0858318959	-0.017906214	0.0710788621	-0.0581416193	-0.1036950062	-0.0334396645	-0.0340909321	-0.0054369081	-0.0014801624	-0.175446923	-0.1185771231	0.0568689225	-0.0754003614	-0.2577499543	-0.1174847394	0.0714738423	0.0432264271	0.1201462527	-0.0317002441	0.0590445539	0.0783584987	-0.0066751649	0.0638812715	0.0568577215	0.0463739013	-0.0056215368	0.0176163323	0.0585442272	-0.0162600666	0.0763379279	0.1268581506	0.0141174275	0.0593000416	-0.1520608625	0.0854932805	0.0345420675	-0.0540787632	0.0534883642	0.0625803847	0.0727689016	0.0387164296	-0.0023147542	-0.0939600333	0.0902326755	-0.0019663705	0.01134243	-0.1513652926	0.0158414808	0.1275787164	0.0681420541	-0.0331753616	0.1494618141	0.0478345907	0.1011001647	-0.0204354563	-0.0090652553	0.0511653683	0.0384053821	0.0137905255	-0.0941907838	0.0371611136	0.0906284703	0.0421057685	0.0125364772	-0.0597158939	0.0196187812	0.012644609	0.0707090584	-0.1147078665	0.0672704689	0.2349828004	0.0954932071	-0.0326578147	0.1026881146	0.0567477983	0.0032968189	-0.0332463668	-0.0471655864	0.0101519053	0.0402804144	0.0399011909	-0.0956759339	-0.0335796185	-0.0474391535	-0.1408807183	0.1201674519	-0.0266676898	0.1353792834	0.0933362049	-0.0193181229	0.1019250993	-0.0478585541	-0.0008964558	-0.0390365716	-0.1448215118	0.0282586063	-0.1091355791	-0.0766531473	-0.0179477026	0.0927069329	-0.0142579111	0.0312192957	-0.0660724646	-0.0063655559	-0.0047032821	-0.0258107478	-0.0197713412	0.0293558746	0.1442263128	-0.0531607327	-0.0460658542	-0.0862380221	-0.0889991454	0.0539550694	9.17649e-05	0.1499344681	-1.58715e-05	-0.1093416971	0.0250737765	0.1276745154	0.1686032586	0.0713875867	0.0952115097	0.0065410568	-0.0477411601	-0.0254950378	0.1070986505	0.1190641729	0.087552631	0.0022426694	-0.2374908685	-0.0599510568	0.0105801266	0.0118841877	-0.0604481351	0.0551285492	0.0834951137	0.0490062728	0.0747928973	-0.0371984785	0.066984694	-0.0329061607	0.1366868502	-0.1235082895	0.1291461065	0.0941932855	-0.0616278964	0.055932696	0.0924454833	-0.062343503	0.0703325568	-0.007339361	0.0577234975	-0.0788140264	0.1018372755	0.0969687508	-0.0687089681	-0.1214031306	0.0143138501	0.1095189693	-0.1109143729	0.0022858626	0.0638606727	0.0099211527	-0.0710621826	-0.1122121705	-0.1164785777	0.0244755806	0.0380667146	-0.1511425676	-0.0098873499	-0.1771325847	0.1100203746	-0.0531989261	0.1344357235	0.0586884594	-0.0573076023	0.1170655346	-0.0490436662	-0.001891427	0.0209986173	-0.0117957945	-0.1163333239	0.0349212611	-0.0280537	-0.0012881999999999	1.6594592399999997e-06	0.00078701008369	0.0365384	0.0366118661	0.0013404287393243	0.0013350546745599	0.0119148	0.01379394	0.00014196245904	0.0001902727807235	-0.000487606	-0.000500551	2.50551303601e-07	2.3775961123600005e-07	6.02342e-06	-0.0002443365799999	5.970036432609639e-08	3.6281588496400006e-11	-0.00086605	-0.000131881	1.7392598161000012e-08	7.500426025e-07	0.0	0.0	0.0	0.0	0.0	0.0	0.0	0.0	0.0	0.0	0.0	0.0	0.0	0.0	0.0	0.0	0.0	0.0	0.0	0.0	1.0	0.0
558.2896458720444	-0.1349986955942768	311687.32868793275	0.0182246478121562	759.9619789934482	7.067951617254948	577542.2095156382	49.95594006385684	516.6063195252264	-0.0490340110417264	266882.08937340026	0.0024043342388401	534.6013346218766	555.0733521899881	1.408266	62.817612	0.054270709	0.0331519	-0.0044018376	-0.0554003493	-0.1320687805	-0.0693351224	-0.0047866554	-0.0748415725	0.0441801667	-0.0059134292	-0.1002172264	0.1274070522	0.0048566133	-0.0345120652	-0.0385934596	-0.0258951222	0.1323320274	0.0343158688	-0.0175598372	-0.0348185895	0.0043037349	0.0032190914	-0.0149718556	0.0580671933	0.07313202	-0.129401652	0.0071556615	0.0091471919	-0.0298770464	-0.054805305	0.100713462	0.1245161635	-0.018319025	0.0465016432	0.006637908	-0.0673928704	0.2070295412	0.0225704179	-0.0050945161	-0.0706824269	-0.0276750567	-0.0407232602	-0.0523978695	0.0496813813	-0.0574981173	0.1569443551	-0.016127364	-0.0587961072	-0.0339033683	0.0060264517	-0.0940245918	-0.0258519053	0.0725363279	0.1290519342	-0.0489474019	-0.0581165046	0.0407512548	0.0791759935	-0.0800307465	-0.1148640762	-0.0865161876	-0.0287269556	0.043773293	-0.012015157	0.0811117133	-0.0737386777	0.233354928	-0.1190971032	0.0282246384	-0.0239321537	-0.0253691884	0.0604356778	0.0018995046	0.0288558275	-0.0797298592	0.0051054139	0.0865539565	-0.1319871128	0.0656185323	0.1688071759	-0.0133984505	0.0669647023	-0.0820408187	-0.064021189	0.06520202	-0.1954984525	-0.0443418722	-0.1341215128	-0.0314771698	-0.0134720704	-0.175416834	0.0789242962	-0.0520475165	0.0132701484	0.0086408451	0.0976182147	0.0333048488	-0.1084333665	-0.1073009948	-0.1347161883	0.0138653158	0.0199657593	0.0017832871	-0.0360126098	-0.0465156545	0.0041016162	0.1359271368	0.0183448817	0.0005477375	0.1247122894	0.0192824136	-0.045742806	0.0168606286	-0.0507481315	-0.0505614256	-0.1075518984	0.0289284592	0.0369636408	0.1952194272	0.0088117458	-0.0138526854	0.0632107595	-0.0690911046	-0.0059153731	-0.089235363	0.118956574	0.1636812124	-0.1141908587	0.0437717626	-0.0581202069	0.1853673761	0.1082561119	-0.0889206424	-0.1438543184	0.0336161957	-0.0443271109	0.0725318556	-0.036558971	-0.036682815	-0.0023178669	-0.1241818217	0.0315992156	-0.0008387605	-0.005818063	-0.0961224829	-0.1305294371	-0.1275756881	-0.0540172803	0.078839778	0.039411742	-0.1405592334	-0.1193452855	-0.0498081646	-0.0379483535	-0.1292903674	-0.1283547106	-0.0407696388	-0.0148532017	-0.0145042238	0.0136014897	-0.1479101571	0.014963815	-0.0337671419	-0.1546431231	-0.0255175755	-0.1468823192	-0.1468661577	-0.0354837652	-0.0386961862	0.1324590043	-0.101474803	-0.0866458429	0.0553825829	0.0539129662	-0.0315939355	-0.0068354582	-0.0127947104	0.0533493075	-0.1305835724	-0.0165081344	0.0179178653	0.0015972227	-0.1213447799	-0.1423632633	0.0247248693	0.0164140274	0.1007156966	0.0362846403	0.0076643562	-0.1312703335	0.0332695375	-0.0092154001	-0.0379259861	-0.0144053161	-0.1151810923	0.0423669894	-0.0330112	-0.0049574999999999	2.4576806249999966e-05	0.0010897393254399	0.00752767	-0.02901073	0.0008416224551328	5.6665815628900005e-05	0.0101158	-0.001799	0.0001023294096399	3.2364010000000007e-06	-0.000483387	4.219000000000022e-06	1.7799961000000184e-11	2.33662991769e-07	0.000300627	0.0002946035799999	8.679126934881638e-08	9.0376593129e-08	-0.0007948029999999	7.124700000010005e-05	5.076135009014256e-09	6.317118088088411e-07	0.0	0.0	0.0	0.0	0.0	0.0	0.0	0.0	0.0	0.0	0.0	0.0	0.0	0.0	0.0	0.0	0.0	0.0	0.0	0.0	0.0	0.0
556.7317677358941	-1.5578781361502934	309950.2612063335	2.426984287095112	754.6427811529882	-5.319197840459992	569485.7271463168	28.293865665954243	516.3015359522607	-0.3047835729656754	266567.27602666355	0.0928930263497231	534.2931793541636	518.0697535056476	1.369179	61.074074	0.045270455	0.0271907	0.0143372059	0.0734322832	0.096767238	0.0728708217	0.097352114	-0.0228308685	0.040507768	0.0392591514	0.0905233567	-0.014266696	-0.0223350785	0.1037747985	0.0684772531	-0.076268142	0.0338948016	0.0850095111	0.0671926883	0.0585279174	0.1366122113	0.0486513681	-0.0348126742	-0.0036363778	0.0769237321	-0.1709841475	0.0212812253	0.0649754187	-0.0124889197	-0.0793026655	-0.0136912303	-0.0286092893	-0.073624527	0.0287756616	-0.0570172184	0.1240768977	-0.1012139317	0.0401677234	0.0234653723	-0.1063272489	0.0151082705	-0.0050690375	0.0010808973	0.0067474733	0.0482239883	0.0552226523	0.0009626521	0.0777904896	0.0487851333	-0.0314842549	0.1367021337	0.1015657641	-0.0187978505	-0.0007648297	-0.0537118031	-0.0620056305	0.0579976401	0.0059087997	-0.1796213049	-0.0399368912	-3.61702e-05	0.0899437559	0.00136478	0.0540417136	0.0093834675	-0.054102398	-0.078037069	-0.0206433955	0.0100211183	-0.1455763898	0.0212267647	0.1135056241	-0.0097088128	-0.0865767292	0.0928491063	-0.0935525515	0.043549697	0.007670291	-0.0304702198	-0.0581969716	0.0209302657	-0.0150539001	0.0525559735	0.0225571027	0.0112770075	-0.025369985	0.2102218234	-0.0697119817	-0.0399918268	0.0208000398	0.0181845666	0.0597633723	0.0382929673	0.0722250725	0.0226781998	-0.0631934262	-0.0296050798	0.0134976933	0.1564665824	-0.1682444441	-0.1821582537	0.1164301619	0.0173363528	0.0032590383	0.1217416553	-0.0593594629	-0.0475192509	-0.0523546295	-0.0438542633	0.0243120076	-0.0721174356	0.0166265773	-0.0080849286	0.0985134158	0.0007010353	-0.0266257502	-0.0770063392	-0.1642424678	0.0551115309	-0.0041572099	0.028715062	-0.0996680113	-0.149039847	0.0071737671	-0.0521047463	0.1037045578	-0.0408875046	0.0836215931	0.0291050594	-0.022937688	-0.0259216375	-0.0261475119	-0.0327677766	0.0139863356	-0.0210131487	0.1257116766	0.0643679082	-0.1048701958	0.0109667175	-0.0210252218	0.0921759979	-0.0217426951	0.0958192749	0.1046115556	-0.1197577896	0.0119615887	0.0840019553	-0.1964644794	0.0535583629	0.0096090111	0.0978199684	0.0026234744	-0.0846219522	0.0238599438	-0.0129343173	0.0401224632	0.0400046672	-0.03844672	-0.0296603872	0.1160370455	-0.0722984166	0.1755745455	-0.0916134992	0.022399286	-0.1272063465	0.1221202418	0.0596605506	0.0738525377	-0.0418479993	0.0058677677	0.1102198609	0.0844091039	0.0066846207	-0.1310646439	0.0188669082	0.0430973323	-0.0486847997	0.0438194609	-0.0775854237	-0.1025057244	-0.0456229351	0.0695757823	-0.0282567046	-0.0379450763	0.1042194541	-0.0644742162	0.0030245004	-0.0506657162	0.0109354753	0.0193768121	-0.087741771	-0.2046910495	0.0700143447	-0.0170077871	-0.1138033884	0.0496261511	-0.0289667	0.0040444999999999	1.635798024999997e-05	0.00083906970889	0.016681	0.00915333	8.378345008890002e-05	0.000278255761	0.00540821	-0.0047075899999999	2.92487354041e-05	2.2161403608099995e-05	-3.82763e-05	0.0004451107	1.9812353525449e-07	1.4650751416899996e-09	0.000342183	4.155600000000005e-05	1.726901136000004e-09	1.1708920548900003e-07	-0.000734169	6.063399999989999e-05	3.676481955987872e-09	5.39004120561e-07	0.0	0.0	0.0	0.0	0.0	0.0	0.0	0.0	0.0	0.0	0.0	0.0	0.0	0.0	0.0	0.0	0.0	0.0	0.0	0.0	0.0	0.0
555.1359112169081	-1.595856518986011	308175.87992262683	2.5467580291901486	757.1199682052022	2.477187052214049	573230.6462550464	6.136455691656929	516.1973771430701	-0.1041588091906078	266459.7321693849	0.0108490575320054	534.1456179393633	473.1540687825332	1.375531	61.35743	0.105410925	0.0529133	-0.1440461848	-0.0300001908	0.0515777499	-0.0622390215	-0.1076021874	-0.0423465375	0.0745882337	0.0065056578	-0.0377333378	0.0676523095	-0.1000886846	-0.0704886553	-0.0224634318	0.0484816114	0.1037233276	-0.0354857468	-0.1143708224	-0.0234559842	0.0146540894	-0.016910188	0.0159799269	0.153338822	0.0386345866	-0.181201292	-0.0273617963	0.1561111096	-0.0408479794	-0.0176512923	-0.0377201565	-0.0174389985	0.2331830958	-0.2097367466	0.0539710696	-0.1164720639	-0.0560202592	-0.0566390078	0.0230510585	0.0549897007	0.0461529992	-0.0093891351	-0.0260284803	-0.0656531296	-0.0294172471	-0.0465688601	-0.0150623185	-0.03047346	0.0415081907	-0.0496003024	0.092713844	-0.0336373407	0.1418558971	0.1241283841	-0.0813496511	-0.071103833	-0.0868565309	-0.1386729536	-0.1643715001	0.1241503593	-0.061183964	-0.0425427595	-0.0486992282	0.0550134413	0.1279185665	-0.0930158698	-0.0009612317	-0.0865055447	-0.0705711864	-0.0869947246	-0.0233302361	-0.0908818827	-0.0072759972	0.0990504047	0.0201645942	-0.1214023675	-0.0896183224	0.0390240986	0.0364318767	-0.0098384056	-0.0128869603	-0.110119242	-0.0656406483	-0.0670737913	-0.0302576255	0.1801704288	0.043155341	0.0185842381	0.0200349132	-0.1269715759	0.0355328884	-0.0705369239	-0.0761320197	-0.0501595643	-0.1209833267	-0.0012432014	0.1485203768	-0.1008806458	-0.014744293	0.0027392315	-0.1806249861	-0.0576489024	-0.0684231991	-0.0357782988	-0.1678132851	-0.0240679863	0.000435774	0.0185960171	0.0428600303	0.0517698588	0.0850828285	0.132289222	-0.0587708655	0.0327981675	-0.0268720336	-0.1135916778	0.116454723	-0.0834907546	0.0305726075	0.1167581573	-0.0914479609	-0.0575407067	-0.0069887755	-0.0062010186	-0.092608133	0.0724595194	0.0025302987	0.1722686144	0.1294052782	0.0045300517	-0.0761464332	0.0492356484	-0.054762931	-0.051637418	0.0809149507	-0.0437185857	0.0427158856	0.0410241889	-0.1200536366	0.0009223516	-0.066266359	0.0272737042	-0.0211380838	0.1534651434	0.1084865796	0.0752010132	0.1970709545	0.0827594504	-0.0837229401	0.1009096374	0.0856682825	-0.1325297981	0.0007592861	0.025511873	0.1003720021	0.0800465564	-0.0833154104	0.0341413458	0.085331353	-0.072480698	0.031723495	-0.026383066	-0.0735291523	-0.0137558503	0.0139711814	-0.0064660574	-0.1115752583	-0.0185963172	-0.045556783	-0.1191193121	-0.0308209223	-0.1126517054	0.0200979684	-0.0476641775	-0.0311937832	-0.1510222598	-0.0074538487	0.0388311624	-0.0713908113	-0.0370482737	0.0473934689	0.0024370803	0.0559682077	0.0410596662	0.043912862	-0.0262242929	0.1318978731	0.1402527364	0.1791676413	0.0155650225	-0.0048473569	0.0246455226	-0.0541050011	-0.0196019337	-0.1122029089	0.05666678	-0.0386719	-0.0097052	9.419090704e-05	0.00149551584961	0.0264081	0.0097270999999999	9.461647440999998e-05	0.00069738774561	0.0379571	0.03254889	0.00144074144041	0.001059430240232	-0.000593279	-0.0005550027	3.080279970072901e-07	3.519799718410001e-07	9.6662e-05	-0.000245521	6.0280561441e-08	9.343542244e-09	-0.00100224	-0.0002680709999999	7.186206104099996e-08	1.0044850176e-06	0.0	0.0	0.0	0.0	0.0	0.0	0.0	0.0	0.0	0.0	0.0	0.0	0.0	0.0	0.0	0.0	0.0	0.0	0.0	0.0	0.0	0.0
555.801933358076	0.6660221411679004	308915.78912457515	0.4435854925258746	756.5751327573125	-0.5448354478896817	572405.931506745	0.2968456652771501	516.1227816892102	-0.0745954538598425	266382.7257786082	0.0055644817365559	533.9615782156646	527.9013752188051	1.463562	65.284142	0.0725807	0.038568	0.0313802466	0.0375577288	0.0374101555	-0.0590639166	0.1291576141	-0.1030686027	-0.1008942005	0.029060564	0.0828181178	0.0485463208	0.1148557836	0.0725555696	-0.0296000826	-0.0618996679	0.0315615649	0.0924621581	-0.1647032711	0.0133493585	-0.0588635986	0.0817145388	0.0635723451	0.0592045095	0.0818005608	0.1075086016	-0.0734469018	-0.0409057311	0.0626344844	0.0956340894	0.1045252445	-0.0276547239	-0.0382615336	-0.0984132211	-0.0661720284	-0.0490549011	-0.0386433698	0.0930772125	0.106265975	-0.1063191496	-0.076722554	-0.0488050423	0.149211479	-0.0645519848	0.0078679509	0.0347292455	0.0688569815	0.069697715	-0.1792304621	-0.0375888547	-0.0633450003	0.0455637295	0.0338851728	0.1549059923	0.0899419629	0.1413789633	0.0172329532	-0.0016097331	0.0048929753	0.1009849857	0.11902202	-0.0446216219	-0.0994659496	0.0824420116	-0.0269707737	-0.1075864345	0.1048315223	-0.0113461193	0.219243421	-0.0456549582	-0.1890520501	0.1608367095	-0.0358810212	-0.1083511432	0.1514284172	0.0005605716	0.0045614703	-0.0386495864	-0.0499637877	0.0574622863	0.0038802675	0.0350774203	-0.0136220216	-0.0309141725	-0.2017259554	-0.0468721249	-0.213026237	-0.042937056	0.0657985809	0.0360397933	-0.1961259428	0.0439989103	-0.0518003012	0.0222197035	0.0036935037	0.1185588496	-0.0273929113	0.1181520032	-0.0632071064	-0.0206477555	0.0562316304	0.1013037569	0.0436552309	-0.1232338368	-0.1356931695	0.0551048919	-0.0612770696	-0.0088047038	0.0163559386	0.0757016709	-0.1505107865	0.0005815571	0.1289019492	-0.0509400176	-0.0862197471	-0.0322586325	-0.0104635688	0.1463812305	-0.0035816275	0.1402542073	0.1219945662	-0.0307104971	0.1105856202	0.0287836155	-0.1028571638	0.055800109	0.0064523364	-0.0258986421	-0.0595441081	-0.1461261601	0.0590212134	-0.1761784289	0.0553065991	-0.1784722792	-0.0632385486	0.1307803618	-0.0450160151	-0.1087829334	-0.1539440578	-0.1092043878	-0.1328975338	0.0550202365	-0.0554888284	-0.0124968989	-0.1378131703	-0.180609706	0.0845235174	-0.0895675199	0.0612189055	-0.0819227118	-0.011213592	0.0002887305	0.0674340027	0.0148074508	-0.006580582	-0.0563724857	-0.1229133397	0.1779191021	-0.1151039478	0.0051577508	-0.0386672017	-0.0879704348	0.0779118911	0.0543348415	0.0445742306	0.0201061928	-0.0174857955	-0.0206960779	0.1258510905	0.1013829742	-0.0768626339	0.0670072267	0.036139552	-0.1200612182	-0.1837416302	0.0088122894	-0.0029728986	-0.0906926946	0.0120444452	0.0040403287	0.0525397001	0.0565810793	0.1236436499	0.058522609	-0.1150606609	-0.1062486704	0.0314341126	0.0705828323	-0.0321423711	-0.133575876	-0.0941887445	0.0005371724	0.0382020274	-0.0221864862	-0.110382787	0.063457872	-0.0330047	0.0056672	3.211715584000005e-05	0.0010893102220899	0.0132469	-0.0131612	0.00017321718544	0.00017548035961	0.0103004	-0.0276567	0.0001060982401599	0.00076489305489	-0.000306605	0.000286674	8.218198227600005e-08	9.4006626025e-08	0.00032954	0.000232878	5.4232162884000004e-08	1.0859661160000003e-07	-0.0010046	-2.360000000000079e-06	5.569600000000373e-12	1.00922116e-06	0.0	0.0	0.0	0.0	0.0	0.0	0.0	0.0	0.0	0.0	0.0	0.0	0.0	0.0	0.0	0.0	0.0	0.0	0.0	0.0	0.0	0.0
555.510367067086	-0.2915662909899765	308591.7679190086	0.0850109020416516	749.3660237208297	-7.2091090364828	561549.4375071671	51.97125309989797	516.3996886364476	0.2769069472374212	266668.6384238201	0.076677457428348	533.8668823227663	478.9190695422983	1.360997	60.709099	0.05567019081	0.0316401	-0.1109664229	-0.0506319921	0.0430811324	0.0599449919	-0.0969429168	-0.1040368883	0.0013605568	-0.0173305909	-0.0203868768	-0.0964795886	-0.0599372566	-0.0333007158	-0.0409433084	0.1031921506	-0.0417109224	0.177626083	-0.0833360491	0.0244993251	-0.0621742121	-0.2031902954	-0.0001125472	-0.017853927	-0.099197375	0.0299522035	0.035011411	-0.0658646771	-0.0416588672	0.085378414	-0.0971794047	0.184848456	0.1636185861	0.0579425494	-0.0810058975	0.0340931227	0.0657796474	-0.0201290899	-0.1373819611	-0.0442678252	0.0542781527	0.0913716573	-0.1434486911	-0.0495860534	-0.1002143549	-0.0194497934	-0.0174156823	0.0695261943	0.0033974458	0.1255037817	-0.0066900379	0.0355405129	0.2198575066	0.0058248173	-0.0701112716	-0.0001775028	0.0112107043	-0.0174473218	0.0522298421	0.0205061789	-0.0891904824	-0.0101342636	-0.0019965899	0.0039420291	0.0037971704	-0.1109615977	-0.0967555882	-0.0557494977	-0.0301237049	0.0058079461	-0.060593769	-0.0058043983	0.0276324354	-0.1244964139	-0.0156118293	0.1559578201	0.1991779397	0.0920998126	-0.0198605066	-0.0027564098	0.1919098376	0.0476404779	0.1238775277	-0.0101816766	-0.0295820759	0.1614659998	0.1337734877	0.0926229984	-0.0589917524	-0.0497902528	-0.0624144138	-0.0222000228	0.011813081	0.0217584563	-0.1705578281	-0.12597315	0.1483409787	0.0241743004	-0.1611348803	0.1494833362	0.0491892955	0.1061686836	-0.0327711455	0.0545402971	0.0094787962	0.0856998902	0.0175333383	0.0572296017	0.1016350058	-0.0688371937	-0.0141402372	0.0296746007	-0.1460510127	0.0811340859	-0.0649992295	-0.0037244464	0.0663577889	0.0281534775	0.1055267208	0.0196176114	0.0504986809	0.1548109512	-0.054771996	-0.0061809393	-0.0836976097	-0.0374631703	-0.0773503799	0.1273339775	0.0112692437	-0.045322658	-0.052759695	-0.0773771573	-0.0992296362	-0.0385229675	0.0031909564	0.0508289239	-0.0802026171	0.1074726023	-0.0011032214	-0.2349428366	0.213433352	-0.0103934003	0.0730711825	-0.0535253357	0.066062502	0.0145563411	-0.1645908323	0.0274961143	-0.0884561333	0.0926356303	0.0991208676	0.088446308	0.0179356446	-0.0190312873	0.0343547741	-0.0176230325	-0.0211410322	-0.165534942	0.0056415483	-0.0126797746	-0.0423311018	-0.1326906289	0.1756917443	0.0885925776	0.1601545282	-0.0855554894	0.0444735314	-0.0876151245	0.038740778	-0.0111606749	0.0608837005	-0.1021626957	-0.023244126	-0.09079606	-0.0236308577	-0.1670726466	-0.0552769736	-0.048659317	0.0738630218	0.1240758131	0.0828511616	0.0769941652	0.0290753885	0.0359233132	0.0028146818	-0.0037456883	-0.0115293478	0.0353630063	0.2314141927	0.0356261499	-0.0965595464	-0.0427687527	-0.040913163	-0.0247601796	-0.1083465856	0.0699695221	-0.0330045	1.9999999999881227e-07	3.9999999999524904e-14	0.00108929702025	-7.59081e-06	-0.01325449081	0.0001756815266323	5.76203964561e-11	0.0315445	0.0212441	0.00099505548025	0.00045131178481	-0.000593279	-0.000286674	8.218198227600005e-08	3.519799718410001e-07	0.000380796	5.125599999999996e-05	2.6271775359999955e-09	1.4500559361599997e-07	-0.000919102	8.549800000000004e-05	7.3099080040000074e-09	8.447484864039999e-07	0.0	0.0	0.0	0.0	0.0	0.0	0.0	0.0	0.0	0.0	0.0	0.0	0.0	0.0	0.0	0.0	0.0	0.0	0.0	0.0	0.0	0.0
557.7931716618637	2.2828045947776445	311133.2223526013	5.2111968179379256	759.494485048112	10.128461327282253	576831.8728184968	102.58572885825215	516.7502760355792	0.3505873991315411	267030.8477828473	0.1229115244298185	534.2138024872388	518.6169512580326	1.335894	59.589367	0.05269584081	0.0266585	0.0094265727	0.016451277	0.0191202034	-0.1291558001	0.0121540925	-0.0576474695	-0.1107559034	0.0287458222	0.0558910454	-0.0080622188	0.1714658659	-0.1218938064	-0.1708722709	0.0113591118	-0.0594113578	-0.0431819405	-0.0135150542	-0.3061201456	-0.0141801226	-0.0177798879	0.1194073837	0.0203234233	0.0180175265	-0.1002416278	0.1089922953	-0.0307348302	-0.0418987065	-0.2406300913	-0.0599835253	0.0763098721	-0.0284040387	-0.0702690695	0.0082589074	-0.0893858018	-0.112343169	0.0130816844	0.180180945	0.1267448384	0.0744052656	0.0419876516	-0.1143031575	-0.0103296862	-0.0089455744	-0.1064229431	-0.0903349088	0.0102298125	0.0604211731	-0.1339699234	-0.1545046179	-0.1020804408	-0.0970286533	0.0012307844	0.0237520871	0.1669594682	0.0820834764	-0.0910157138	0.0197887887	0.0067153541	-4.0654e-06	-0.1090098065	-0.1251824305	-0.0965711859	0.0234634955	0.0185616764	-0.034892503	0.1954028716	-0.0435647219	0.0365997496	-0.1271740981	-0.041778329	0.0866523678	0.0380245302	0.0065790989	0.001157858	-0.0455195893	0.0040895012	-0.0427526681	0.0320829813	0.1367594108	-0.010719914	-0.0596919288	0.121570255	0.1159738023	0.1311604868	-0.039874682	-0.1218424658	0.0715234179	0.2153212313	-0.0332858173	-0.0532118312	0.0033442285	-0.0200927219	0.0029620721	0.0384623791	0.182690798	-0.1162955895	0.1136074118	-0.0731533419	0.0305920709	-0.0043463727	0.0626091815	-0.0262264018	0.0207971086	-0.0314350638	-0.0355488069	-0.0148852794	0.0589153456	-0.0989200332	0.1384978414	-0.0398474882	0.1848150163	-0.1009475328	-0.0560358334	0.0679071832	0.058222136	0.0697093944	-0.085047295	0.1348539003	-0.0058730188	0.0510243373	0.0945281761	0.0673187015	-0.0326108244	-0.0571841457	0.0944766138	-0.1195903663	-0.0258204867	0.1390507402	-0.1343698568	0.0034989826	0.0836840364	0.0210658757	-0.0610186582	-0.0658017565	0.01894429	0.0791209502	-0.0992875684	-0.0793670125	0.137613245	-0.0249839003	-0.0782696835	0.0060388585	-0.0973090936	0.1199978172	0.0186527812	-0.1118530623	-0.1553681065	-0.0384748656	-0.2229264135	0.0021529485	0.1007607624	0.0964277669	0.0451456335	0.1616294503	-0.0726123106	0.0319343442	0.0432165181	0.0032791923	-0.0316057203	0.1362546709	0.0707987062	-0.0926503124	-0.1573615332	-0.0142882234	0.0974991465	-0.131272162	0.0711677335	-0.0827861935	-0.0965849292	0.0077374316	0.0225806532	0.0971312258	-0.1486562649	0.0281979978	-0.0041598341	-0.1241731888	0.011302544	0.2128180765	0.0748685753	0.0284597713	0.1143839129	0.1131633615	-0.080706106	0.0573735046	-0.1490912909	0.1203706215	0.0538086422	-0.1129629982	-0.0552165898	0.0355519874	-0.0937855694	-0.0273217542	-0.1060982907	0.0761730556	-0.0330044	9.999999999593669e-08	9.999999999187334e-15	0.00108929041936	0.0198527	0.01986029081	0.0003944311510577	0.00039412969729	0.0288954	-0.0026491	0.00083494414116	7.017730810000008e-06	-0.000910839	-0.0003175599999999	1.0084435359999997e-07	8.29627683921e-07	0.000215897	-0.0001648989999999	2.7191680200999992e-08	4.6611514609e-08	-0.00104037	-0.000121268	1.4705927824000028e-08	1.0823697369000002e-06	0.0	0.0	0.0	0.0	0.0	0.0	0.0	0.0	0.0	0.0	0.0	0.0	0.0	0.0	0.0	0.0	0.0	0.0	0.0	0.0	0.0	0.0
557.9730406369533	0.1798689750896756	311333.91407764715	0.0323528481998103	749.4586132742701	-10.035871773841905	561688.2130109919	100.71872226099666	516.8982507396184	0.1479747040392567	267183.80161767744	0.0218965130355056	534.3275254616077	496.85845768619055	1.326834	59.185242	0.0861620244	0.0469191	-0.06858561	-0.0717067091	0.0576166503	0.1869720002	-0.0260992249	-0.0040712195	-0.0848997582	-0.0892721903	-0.0293709236	-0.1338617594	0.0020059122	-0.0555352625	0.066348258	-0.1418572591	-0.1411038011	0.0849685057	-0.021248178	0.0892031624	-0.1398537156	0.0777639568	-0.0278855316	-0.0113583216	-0.0261251919	0.133629929	0.0414748081	-0.0286741756	0.0120018001	-0.1501895664	-0.1476184164	-0.0841398317	-0.0002148559	0.0914248924	0.1607511051	-0.0424125313	-0.0887712139	0.0664659716	-0.0560743612	0.1288735411	0.0267918399	0.0288493702	0.0765602176	0.0706174164	-0.0691192338	-0.0491714851	0.0576409856	0.1375047301	-0.1019650899	0.0859634561	-0.0381803774	-0.0693395623	0.0029425068	-0.1034037618	0.0798545324	-0.0012290885	0.0396263558	-0.0630486594	0.2031374788	0.0256249501	0.0224793914	-0.1096654253	0.0155381201	-0.2110818834	0.0924514205	0.0259634374	-0.1176121386	-0.1322743565	-0.0986005273	-0.0928073668	0.0711270479	-0.033096967	-0.0909117033	0.0818839824	0.0181049087	-0.0553614812	0.113121709	-0.0659796157	0.0069340026	0.0920932634	0.045636575	-0.0685718787	-0.0616704788	0.0299738442	0.0562622051	0.0507070808	-0.1047330773	0.0783582497	0.0362093573	0.0180223697	-0.0844180079	0.0573925315	0.0194027166	-0.1492530974	-0.1026714675	-0.1219219685	-0.026917637	-0.0695538913	-0.0015857711	-0.0038511572	0.0718592658	0.0460000277	0.1510571504	0.026057448	-0.033109423	-0.0766713542	0.0372370734	0.0799396738	-0.0525141515	-0.1826759128	-0.0875203883	-0.0826311221	-0.0806557006	-0.0084227747	-0.0743583512	0.1035307429	0.0351189232	0.1363141539	-0.0999243694	0.1567226692	0.0027730682	0.1105531039	0.0537867141	-0.163006947	0.165962326	0.0100353647	-0.088998819	-0.0904805171	0.1849655703	0.0136070556	-0.1237660373	-0.0133410171	-0.1813718057	-0.0037363639	0.0101276958	-0.0631997323	-0.0089518984	-0.0510972115	0.0595999921	-0.0046003331	0.0613655856	0.0275110501	0.017124131	-0.0783908073	-0.038219403	-0.0985383796	0.0043344776	0.0116831386	0.0253147301	-0.2042090227	-0.1115844387	-0.0227602911	-0.0146973741	0.0708512697	-0.091062696	-0.0428756647	0.0423749193	-0.0192889461	0.077992581	-0.0076891914	-0.0398672228	-0.003071869	-0.0189662758	-0.0071770989	-0.0006120325	-0.035687108	-0.0163665903	0.1133409526	0.0611323266	0.0864819893	0.0497892847	-0.052654478	-0.044151393	-0.1195268295	0.2158083651	0.0627118811	-0.0423244705	-0.051932373	0.0310053131	0.0961983114	0.1739901325	-0.0170204577	0.1318672124	0.132461896	-0.0815149551	-0.1138792728	-0.057292075	-0.1751422328	-0.0735213004	-0.1039834979	0.0701621324	-0.188823011	0.0825113721	-0.0298699563	-0.1036423034	0.0820411548	-0.0426791	-0.0096746999999999	9.359982008999988e-05	0.00182150557681	-1.96244e-05	-0.0198723244	0.0003949092770588	3.851170753600001e-10	0.0117283	-0.0171671	0.00013755302089	0.00029470932241	-0.000218817	0.000692022	4.788944484840001e-07	4.7880879489000003e-08	0.000233958	1.8061000000000016e-05	3.261997210000006e-10	5.4736345764000004e-08	-0.000961495	7.887500000000006e-05	6.2212656250000106e-09	9.24472635025e-07	0.0	0.0	0.0	0.0	0.0	0.0	0.0	0.0	0.0	0.0	0.0	0.0	0.0	0.0	0.0	0.0	0.0	0.0	0.0	0.0	0.0	0.0
556.4467712510916	-1.526269385861724	309633.0092357647	2.3294982382187244	757.0719086077776	7.613295333507494	573157.8748030231	57.96226583520699	517.4674242934276	0.5691735538091507	267772.53520487424	0.3239585343557382	535.2348349014471	475.32707162828274	1.328331	59.251976	0.0630781744	0.036587	-0.1169153306	0.0479779906	0.0321195451	-0.220754582	-0.1102057395	0.2033715092	-0.005511603	0.0260851185	-0.0356317956	0.1610517076	-0.0041086405	-0.1122898645	0.0395141438	0.1700373574	-0.1215644647	-0.0420109089	0.1196928842	0.1060012343	-0.0287271606	-0.0087084861	-0.117770849	0.0622898081	-0.0534432503	0.0761095817	0.1759664809	0.0499317798	0.0389433248	-0.0456757517	0.0075897896	0.0558718838	-0.0065562237	0.1683959327	-0.1676272024	0.0458777672	-0.0798527446	0.0693595696	0.0891930266	-0.1400762305	0.0465260281	0.1980120074	0.1151065393	0.1260455082	0.0097455934	-0.0503798148	0.0192626589	-0.0398468112	0.1312928521	0.0694135848	0.0739165607	-0.0600817714	-0.0622862116	0.067027623	-0.016133167	0.1129897011	0.0778967184	0.0691676446	0.0905743352	-0.0622532109	-0.1123124462	0.0236329234	-0.0413354624	-0.2155046733	0.0937417669	-0.0868621142	0.0621988014	0.0072165348	-0.0034923254	0.0787076562	0.0956520849	0.1406434481	-0.0080380648	0.0752279931	-0.0146566001	0.028293594	-0.0281848095	-0.018792948	0.2463000342	0.1443013678	-0.0868227422	-0.0178137132	0.0514118885	-0.0095269147	-0.1746784725	0.0214702695	0.0637386263	0.0558575162	-0.0240580709	0.0250772102	-0.0702166125	0.0472052627	0.1601707139	0.0682136509	-0.0087229105	-0.0652336021	-0.0604581824	-0.070696329	-0.0361998815	0.0961261974	-0.0652827068	-0.0447579307	0.2208217607	-0.0163218585	0.0619338976	-0.0301983018	0.0811036218	-0.0401332443	-0.1112248339	0.0179409636	0.1973835113	-0.0238282924	-0.0282080517	0.0308184854	0.1464064697	0.0591151044	0.0349789659	0.1086968379	-0.089248616	0.0228729469	0.0021818462	0.1409203251	-0.0467029441	0.1186750959	-0.0497288772	-0.0187299775	0.0848670015	-0.1815012414	0.1402837008	-0.1552609927	-0.0511711804	0.0142466637	-0.0946922022	0.0169331755	0.1044076931	-0.000270183	0.0066776743	0.0453985535	-0.0753115641	0.0056959743	0.0287132686	0.0768449685	0.0436812863	-0.053687558	-0.0073019663	0.1328862729	-0.0984650542	-0.0104492447	0.1596914134	-0.1127571862	0.1831628437	-0.0293906938	0.0220828272	0.0168811251	-0.0431537412	-0.1599705467	0.1232948996	0.1240541893	0.0901450769	-0.0742595308	-0.0428880534	-0.0210040236	0.0481233435	0.1839400902	-0.0547433068	0.052940093	0.0400318052	0.0254961296	0.0594004977	-0.0803033678	0.0615779007	-0.0106115765	-0.0156390822	0.1727209358	0.0327889482	-0.0083782306	0.2036038875	0.054755165	-0.0576538811	-0.0452246998	0.1414578961	0.0269181036	0.1799741038	0.1570588306	-0.107657851	-0.0923818127	0.1781505548	-0.1241830015	0.0572099477	-0.0393475035	0.2041681363	-0.2365831684	-0.0111771964	-0.0324035386	-0.1009834314	0.087547979	-0.0329946	0.0096844999999999	9.378954024999998e-05	0.00108864362916	0.0342111	0.0342307244	0.0011717424929487	0.00117039936321	0.0158717	0.0041433999999999	0.0002519108608899	1.7167763559999987e-05	-0.000236487	-1.7669999999999985e-05	3.122288999999994e-10	5.5926101169e-08	0.000154402	-7.955600000000002e-05	6.329157136000003e-09	2.3839977604e-08	-0.00116466	-0.000203165	4.127601722500002e-08	1.3564329156e-06	0.0	0.0	0.0	0.0	0.0	0.0	0.0	0.0	0.0	0.0	0.0	0.0	0.0	0.0	0.0	0.0	0.0	0.0	0.0	0.0	0.0	0.0
556.4929191709759	0.0461479198843335	309684.3690874344	0.0021296305096508	754.2875580415888	-2.784350566188777	568949.7202163432	7.752608075435766	516.6927888391164	-0.7746354543112375	266971.4380383437	0.6000600870759772	534.4911333266219	512.0776894410171	1.430791	63.822346	0.04326976	0.0287416	-0.0168647636	-0.023111984	0.0766868278	0.0696250347	0.2709744858	-8.18372e-05	0.0410099554	-0.0492864887	-0.025555822	-0.0188301773	0.1098307979	0.1510193304	0.1932488013	-0.0892215514	0.0469595646	0.0091462385	-0.0143056284	-0.1473698989	-0.0748024585	0.0543352708	-0.1230157919	-0.0726563832	-0.104280545	-0.0108898931	0.1222487438	-0.0896027948	-0.0220100829	-0.0858283835	-0.0559506618	0.0323766036	-0.0157918107	-0.0133216551	-0.0880868049	0.0988006769	0.0204169183	-0.0062227859	-0.0587184163	0.1085396406	-0.0652197099	0.1491545113	-0.0689478114	0.075512537	-0.0171426086	-0.0291391519	0.0290207198	0.0546208222	-0.2138832282	-0.0547309221	0.0118762235	-0.0351052753	-0.1388656773	0.1491786859	0.0883427843	0.11638428	-0.0308365127	0.1257765527	-0.0508774479	-0.110203375	-0.0391991464	0.0247628651	0.0979564085	-0.0522583546	-0.0828470367	-0.0466723453	0.0319453731	0.0919706255	-0.174262233	0.144943409	0.1089637924	0.0918999819	0.0094219239	-0.0906989319	-0.0596261972	0.1332550156	-0.0722235976	-0.1225279583	-0.117789671	0.055038155	0.1658341601	-0.013631378	-0.0994105306	-0.1578488985	-0.0219666266	0.0732122752	0.0840993607	-0.0855513552	0.0523784614	0.0626835286	-0.0663264815	-0.0317707022	-0.0340316088	-0.0657946959	0.0018211299	-0.0506487621	-0.0626895678	0.1511070246	-0.1209583476	-0.0187776916	0.0850154866	-0.0787667705	-0.0378893188	-0.0743568022	0.0480222841	-0.0264500825	0.0383723809	0.019387558	-0.103250434	-0.0439159378	-0.2128812009	0.0565768802	0.1909748794	-0.0047491898	0.0815146319	-0.0766079591	-0.0009264827	0.0473887929	-0.0264420831	-0.0578363226	0.0400960602	-0.0663729422	-0.0978272453	0.1834428553	-0.0389894329	-0.037459402	0.0147611562	-0.1775856851	-0.071191663	0.0685337264	-6.82081e-05	0.0654139051	-0.1099765263	0.0823720733	0.0167996886	-0.111922351	-0.0077770163	-0.0419760751	0.0246948897	-0.1290937336	-0.029263708	-0.0817363803	0.0171768911	-0.1639505982	-0.005871925	0.0597304113	-0.0853877177	0.0246320831	-0.1921484125	-0.0121349552	-0.0491739985	0.0268924878	0.0160619207	0.1389262291	-0.0633971485	-0.1054042107	0.0347229178	0.055432336	-0.09849919	0.0871329637	-0.0513515856	-0.1480268405	0.0519267977	0.039614172	-0.0723869377	-0.0277635694	-0.0177039969	0.1077159821	-0.1466077872	0.0461409704	-0.1208280275	0.0249779646	0.0190914713	-0.1695925375	-0.0642531929	0.1870046224	-0.0906050085	0.0700001877	0.0137764084	-0.0779752827	0.058029703	-0.0598332359	0.082495171	0.0618592299	-0.0578221402	-0.0857053478	-0.0100856733	-0.2449089124	0.0659313645	0.0391501292	0.0093273496	0.043880741	0.0758947573	-0.0349212611	-0.0981268796	0.0926692784	-0.0330062	-1.16000000000005e-05	1.3456000000001158e-10	0.00108940923844	0.00706854	-0.02714256	0.0007367185633536	4.99642577316e-05	0.012071	-0.0038006999999999	0.000145709041	1.4445320489999992e-05	-0.000244507	-8.019999999999994e-06	6.432039999999991e-11	5.978367304899999e-08	0.00031513	0.000160728	2.5833489984000002e-08	9.93069169e-08	-0.00108711	7.755000000000001e-05	6.014002500000002e-09	1.1818081521e-06	0.0	0.0	0.0	0.0	0.0	0.0	0.0	0.0	0.0	0.0	0.0	0.0	0.0	0.0	0.0	0.0	0.0	0.0	0.0	0.0	0.0	0.0
557.5645920804639	1.0716729094879156	310878.27434185403	1.148482824930294	752.280575699313	-2.006982342275819	565926.0645744897	4.027978122206933	516.6119462988811	-0.0808425402352668	266887.903058718	0.0065355163116907	534.2383944336922	568.304855781394	1.587965	70.833328	0.05365895857	0.0246675	0.0283199324	-0.0067042915	-0.0774642892	0.0565515946	-0.186343514	-0.1212868602	-0.0167585741	0.0176869545	-0.0157934315	-0.0224397746	-0.174422817	-0.0669381573	-0.0521766165	-0.0303795606	0.0309835483	0.0879788905	-0.0064880579	-0.072038887	0.0871504654	-0.0201899031	-0.0380721889	-0.1204064563	-0.1790347868	0.0173388431	0.1079614656	0.0512759769	0.018621344	-0.0707916686	-0.0276601792	-0.0457083737	-0.0283611231	0.1113891197	0.0316371152	0.0086635909	-0.0266950609	0.0530587562	-0.1355807261	-0.1028144383	0.2409377891	-0.0350078333	-0.0581571264	-0.0216082138	0.0636345513	0.0970517844	0.0353931747	-0.0024119895	0.1179697327	0.0629424687	0.0318696866	-0.0315393607	0.1302876891	-0.0965966764	-0.0295016106	-0.033646176	0.0831754697	-0.1577210447	0.0294000258	-0.0291200128	-0.1055849673	-0.0885995816	-0.0618267134	0.0849693716	-0.0195411989	0.0808669922	0.0139991142	-0.0944968074	0.0239879047	-0.1438955904	0.1357363417	0.0953579625	0.0066854762	-0.0685759752	0.0025971899	0.0438456392	-0.0158698727	0.0062224047	0.0857684378	-0.0594653544	-0.0318805159	-0.0494620421	-0.0808256852	-0.0847136029	-0.00521747	-0.1060198347	-0.0449081147	0.0111909842	0.0727760615	-0.1023412445	-0.1898086825	0.1032263957	-0.0257753942	-0.0978663735	0.0720166646	-0.0059673336	0.0494288711	0.0642219415	-0.0418052245	-0.0395500209	0.1499647522	0.050020256	-0.087866229	-0.1285874379	0.1594685824	-0.1040604608	0.0082017344	-0.0268358747	0.0332429977	0.0651854237	0.0469007791	-0.0720217382	-0.1953792565	0.0444437541	-0.0820443511	0.0657566007	0.1154326645	-0.0492504413	0.0740681294	0.1104827882	-0.1152648616	-0.0126254268	-0.0923499464	-0.0197907524	0.1289876601	0.0767998579	0.069306041	0.1264308877	-0.0432799451	-0.0726158502	-0.0863881426	-0.0702654313	-0.0130997495	0.0380023221	-0.1057880112	0.0144912586	-0.0579493798	-0.1379967068	-0.0232711271	0.1559719185	-0.0645369046	0.0595006828	0.0742052604	-0.0339471601	-0.0202669521	-0.0534027221	-0.0056265499	0.0106363135	0.0361205515	-0.0074650343	0.0011047369	-0.0329419943	-0.0690010975	0.2268980432	-0.1366572207	-0.0986549592	-0.019507056	-0.0118163188	-0.0440195932	0.0265927216	-0.046650844	0.0351022831	0.0652062608	-0.0527203391	-0.0274587559	-0.2474227288	-0.0130479277	0.0261643464	-0.1178051353	0.0389217001	0.0658969469	-0.0489796257	0.0063951771	0.0305456008	0.0615430311	-0.186042287	-0.0648992644	-0.0704484161	-0.0093533051	0.0262179051	0.0322359373	-0.0013385934	-0.144171829	0.080261188	-0.0599749096	0.0094697065	-0.0591888058	-0.0669838615	0.1763394252	0.1633732163	0.0451138738	-0.0238860205	0.0196793435	-0.0374218916	-0.0950782398	0.0973825011	-0.0295573	0.0034488999999999	1.1894911209999985e-05	0.00087363398329	-1.60857e-06	-0.0070701485699999	4.998700080187304e-05	2.5874974449e-12	0.00172244	-0.01034856	2.9667995536e-06	0.0001070926940736	-0.000430441	-0.000185934	3.4571452356000004e-08	1.85279454481e-07	0.000432083	0.0001169529999999	1.3678004208999998e-08	1.86695718889e-07	-0.00073417	0.00035294	1.2456664360000006e-07	5.390055889e-07	0.0	0.0	0.0	0.0	0.0	0.0	0.0	0.0	0.0	0.0	0.0	0.0	0.0	0.0	0.0	0.0	0.0	0.0	0.0	0.0	0.0	1.0
558.9567186206926	1.3921265402287872	312432.6132912122	1.9380163040093727	754.5914742854674	2.3108985861543943	569408.2930643152	5.3402522754903785	516.8206351280243	0.2086888291431705	267103.5688941344	0.0435510274091474	534.21529488917	549.2274377815618	1.220373	54.436405	0.05680864857	0.0339571	0.0597040507	0.0391532542	0.0206974193	-0.0305269448	0.0612463186	-0.0715059749	0.0163151723	0.0075682157	0.0941313738	-0.0866331689	0.1270321308	0.0106735037	-0.099012674	0.0126845322	0.0461381727	-0.0931081615	0.0027862643	-0.0913744971	-0.0537606171	-0.0789904134	0.0148109152	-0.1094085476	-0.0060740095	0.0053259053	-0.1759484034	0.1184401922	0.035604344	-0.0608756295	0.0174599375	-0.0610902418	-0.0588773224	0.0251695667	-0.0741130891	-0.1041805669	-0.1224513098	-0.111575583	-0.0285561876	0.0020457246	0.0029809229	-0.0554991415	0.0660147543	-0.0744977053	0.0759600894	-0.0659673783	-0.0113692927	0.018459111	0.0987274695	-0.0585742776	-0.1118928624	0.0795251687	-0.0577186284	-0.0223335553	-0.0277776376	-0.0360619488	-0.0051802123	-0.0366868219	0.1295383404	-0.1252973461	0.0506053912	-0.0048834576	0.0815400259	-0.0269115858	-0.0110974938	-0.0924967174	-0.1072583912	-0.0116308001	0.080805752	0.0587311525	0.0455115919	-0.016913939	0.1087465307	0.0307185633	-0.1180197182	-0.1194214506	0.0343559337	-0.0232852223	-0.0038371343	-0.0031283551	-0.036103239	-0.163325092	0.1441331218	-0.1156397893	-0.0022726955	-0.0421314143	0.0003711886	-0.0022741078	0.0828157755	0.1370011821	-0.0232937117	-0.0124757405	0.1451275777	0.1088038535	0.0337725139	-0.0611221629	-0.0270100258	0.2259112191	-0.0745797035	-0.0308123575	-0.1653838709	-0.0298297772	-0.0325736136	-0.1443978243	0.1400150356	0.1239584419	-0.1013478133	-0.0147820133	0.0741918907	-0.0742092942	0.0687966658	-0.0455387676	0.0865822964	-0.0167196818	0.0086726633	0.0309661159	-0.0717525129	-0.0309730912	-0.0103267225	0.0080743008	-0.097674809	0.0872240374	-0.003740751	-0.0456227093	0.011417933	-0.0182635006	-0.0658322332	-0.0871455714	-0.0681097609	0.0978518343	-0.108708801	0.0468094061	0.0378582157	-0.0280182065	0.0380643038	0.0755260548	0.0781756014	-0.020385762	0.1741302625	-0.0109924565	-0.1772057766	-0.0454391217	0.0314411063	0.0790845742	0.1538220958	-0.0096895388	-0.064861893	-0.08247866	0.1164809436	-0.0885528673	-0.0219767682	0.0338813564	-0.0044547141	0.0689779184	0.0319954689	-0.0167898776	-0.0443713032	-0.0153685173	0.0971541044	0.1231984936	0.0323074098	-0.1559519877	0.0138901404	0.1865325893	0.0961811563	-0.0292386271	0.0352425475	0.0856181688	0.0795336391	-0.101471537	0.036932678	0.0420028643	-0.0089515886	0.0710795326	-0.0484171245	0.0903300759	-0.0770748111	0.0259593043	-0.0331226325	0.1590090957	-0.0995470821	-0.1530946947	-0.0759438325	0.054771072	-0.1109802883	-0.0844176818	0.08216019	-0.0096521616	0.024274407	0.0324855757	0.1582662854	-0.0504537918	-0.0625616167	-0.039904206	-0.0918434799	0.1016668918	-0.0284879	0.0010694	1.1436163600000034e-06	0.00081156044641	0.0303432	0.03034480857	0.0009208074071499	0.00092070978624	0.00664458	0.00492214	4.41504433764e-05	2.42274621796e-05	-0.000445497	-1.5056e-05	2.26683136e-10	1.98467577009e-07	0.000525933	9.385000000000005e-05	8.807822500000006e-09	2.76605520489e-07	-0.00103471	-0.00030054	9.032429160000004e-08	1.0706247841000002e-06	0.0	0.0	0.0	0.0	0.0	0.0	0.0	0.0	0.0	0.0	0.0	0.0	0.0	0.0	0.0	0.0	0.0	0.0	0.0	0.0	0.0	0.0
559.1702646224558	0.2135460017631203	312671.3848379472	0.0456018948690145	755.5683378418158	0.9768635563484622	570883.5131490444	0.9542624077217652	517.2631248687327	0.4424897407084245	267561.1403489661	0.1957971706322087	534.9050391102983	532.6162282258032	1.246779	55.614258	0.0308397699999999	0.0169118	-0.0007064109	-0.0655934324	0.028601531	-0.0045918384	-0.1149750848	-0.0040128236	0.0754668338	-0.0650064833	0.0075014282	-0.0235768284	-0.0625952805	-0.1078210312	0.0094819137	-0.0634859948	0.0733434538	-0.1179748153	0.1135091497	0.0023326624	-0.0693731241	0.0659095522	0.0684531037	-0.0624285943	-0.0569103365	0.1125796399	-0.0537161515	0.0256339525	0.0578781815	0.1580826046	0.0054139217	0.0515602184	-0.2049324773	-0.0758390416	0.0721911724	0.0874091142	-0.0381315322	0.0624919736	0.0016705487	-0.0035058866	-0.0373286515	0.0529715365	-0.0712110322	0.0443974777	-0.0538578015	-0.0568121178	0.0026850135	-0.1737496946	-0.0592587799	0.1718756137	-0.2180033261	0.1172906068	0.0956780071	0.1104637176	-0.0101129734	-0.0502311516	0.0125217582	0.0042869347	0.0483006939	-0.0358836578	-0.0623362719	0.1110861551	-0.0038590046	-0.0527615938	-0.1258332486	0.1325291381	-0.0426452941	0.0907102951	-0.067320625	-0.0549603126	-0.0087437903	0.0011688304	0.1896346652	0.1510172358	-0.0779681508	-0.0418339353	0.1075507308	-0.0820313118	-0.1019370947	-0.0705380792	-0.0948744195	-0.0335076305	0.0210714966	0.1122317952	0.063192377	-0.0757969241	-0.0424552257	-0.0617950142	-0.0713801793	-0.0506853561	0.0022586101	-0.1066382391	-0.0391891972	-0.0474409076	0.1128444467	-0.081977593	0.1380405839	0.0805807334	-0.0325072725	-0.1081626432	-0.049450786	0.0392378047	-0.0428323707	-0.0015350306	0.081816979	-0.022116148	0.0129004482	0.058713526	-0.0200044734	-0.0432634172	0.0573968394	-0.028677444	-0.1285232108	-0.1798973547	-0.0624283481	-0.1492741879	-0.1446890337	0.1034325722	0.157202315	-0.0689440338	0.0604473185	0.0397202545	0.0372937831	0.0290691791	-0.0528752257	-0.1292266846	0.0598841079	-0.0691495801	0.0207340423	0.0723122687	0.0154636783	-0.1082698723	0.0493574691	0.0539644953	0.0063916702	-0.0127414676	0.3030152616	-0.0423884656	0.1544284414	0.0252590772	0.015183963	0.0307874501	-0.0306385856	0.0047987508	-0.0004820015	-0.0503115345	-0.0805211024	0.0110910853	0.019313599	-0.0369373933	-0.0032947495	-0.0557545439	-0.020997254	-0.0433919657	0.0868540136	0.0484821994	0.0194811345	-0.1415469003	0.1270561636	0.0380944395	0.0767740064	0.0831108569	0.0327801978	-0.0972265031	-0.0389765907	-0.0672363624	0.0260182965	-0.0410665851	-0.075420723	0.0317490357	-0.155006589	-0.0412590945	-0.0289403984	0.0579574983	0.1468384117	-0.0043883633	0.022322451	0.1132877215	-0.2369952343	0.0912542901	-0.0129767248	-0.0624883196	-0.0313473394	-0.1357170786	-0.0672462349	0.1211156169	0.0200365157	-0.0803533481	-0.0991416706	-0.0463395858	0.0331082425	-0.063806851	0.0181348302	-0.0423669894	-0.0884289321	0.1055035841	-0.0330245	-0.0045365999999999	2.0580739559999984e-05	0.00109061760025	0.0299347	-0.0004084999999999	1.668722499999993e-07	0.00089608626409	0.0184177	0.0117731199999999	0.0003392116732899	0.0001386063545343	-0.000593279	-0.000147782	2.1839519524000017e-08	3.519799718410001e-07	0.000432084	-9.384900000000002e-05	8.807634801000003e-09	1.86696583056e-07	-0.00107551	-4.079999999999991e-05	1.6646399999999923e-09	1.1567217601e-06	0.0	0.0	0.0	0.0	0.0	0.0	0.0	0.0	0.0	0.0	0.0	0.0	0.0	0.0	0.0	0.0	0.0	0.0	0.0	0.0	0.0	0.0
557.582263839927	-1.588000782528752	310897.980948858	2.521746485311929	755.9458400497888	0.3775022079729524	571454.1130885809	0.1425079170244542	517.2359434491244	-0.0271814196082686	267533.02119570586	0.0007388295719207	535.0269876811451	516.7368445471236	1.278372	57.023499	0.0756388499999999	0.037612	-0.0512845011	0.0599680509	-0.0127091426	-0.0109386916	0.2394999904	-0.0001761724	0.019329621	0.0424911556	-0.0071146512	0.0355299131	0.065226735	0.0841054712	0.1215911344	-0.0959695785	0.0169188154	0.1013674464	0.1406136142	0.0019723598	0.1152581413	-0.0013455041	-0.096740459	-0.163400764	0.0409017158	-0.0760187038	0.1389154673	-0.0245238035	0.061987595	-0.045639558	-0.0685207415	0.0763012524	-0.0706926155	-0.3418198059	-0.0385975262	0.038583623	-0.0787496341	0.0351446748	0.034681178	-0.0023064235	-0.0681406415	-0.1397929541	0.0133784819	0.0992052124	0.0099951758	0.0136056419	-0.0637902559	0.1030787689	-0.0675183768	-0.0421748815	-0.1049349167	-0.0747167804	-0.0067184769	0.1831868077	-0.1094498892	-0.0116885148	0.1136036514	0.0789152782	0.0939121812	-0.0306864082	0.0987761363	0.0661556643	0.0369246284	0.0962001051	0.0981532264	-0.1385101893	0.1146241284	-0.0654230139	-0.0681688979	0.0041417998	0.198284896	-0.0816613683	-0.1509176618	0.1004549524	0.0339002862	-0.2124016064	-0.0927124495	0.0694367547	-0.1360719977	-0.1603963245	-0.0053730693	0.0703448547	-0.0424870289	-0.0042684281	0.0247298439	0.0504869107	0.0001864278	0.0582039299	-0.0335178337	-0.0117459901	0.0547315657	-0.1711139976	-0.0194703826	0.0013380482	0.0703541432	0.1025661044	-0.1072704298	0.0618434987	-0.1588614067	0.1225033428	0.0236209055	0.1367288124	0.0243126464	-0.0037686421	0.1131405818	0.0844674117	0.054000297	-0.0718072871	-0.0576277685	-0.0593448908	-0.1020643947	-0.0470134589	0.1565057795	0.0467356812	-0.0061657151	-0.0717395937	-0.0477378972	0.0449277534	0.1755665146	0.0190298289	0.0543158119	0.0209386025	0.0132503942	-0.1135367039	0.0391050501	-0.098506838	-0.0195332885	-0.0541518245	-0.0685326112	-0.0419638896	-0.0977845545	0.2717432743	-0.1982888479	0.0467573836	0.1259547784	0.1637639463	0.0237788482	0.0471981701	-0.0897804069	0.1005739345	-0.0930899905	-0.0632663193	-0.0549646392	0.0416527272	-0.0751778773	-0.0546379166	0.2198975022	0.1892275246	-0.0164073828	0.0498547333	0.0623927067	0.0973724024	-0.0175518549	-0.0384621016	-0.0391982899	0.0440306804	0.0487335436	-0.0719210622	-0.0844083654	0.0298191227	-0.0793519648	-0.0755413532	-0.0039675344	0.0684554851	0.1000398588	0.0104374328	0.1577245975	0.0208185103	-0.0249191121	0.0495313136	0.1065267137	0.0082566734	0.0669343045	-0.0960140813	-0.0764644774	0.2236329808	0.0108385544	0.0504251904	-0.1613076727	-0.0933309437	-0.037693571	-0.0853940745	-0.0345979949	-0.0598039722	-0.1184989729	-0.0421432582	-0.0964542251	-0.1002218149	0.1032615876	0.0065817716	0.047666759	-0.0190687253	0.0366744829	-0.0448090364	-0.0848412804	0.1088756826	-0.0264413	0.0065831999999999	4.333852223999997e-05	0.00069914234569	0.00268035	-0.02725435	0.0007427995939225	7.1842761225000006e-06	0.0126422	-0.0057754999999999	0.0001598252208399	3.335640024999999e-05	-0.000151114	0.000442165	1.9550988722500008e-07	2.2835440996e-08	0.000572063	0.000139979	1.9594120441000013e-08	3.272560759690001e-07	-0.000937138	0.000138372	1.9146810384e-08	8.782276310440001e-07	0.0	0.0	0.0	0.0	0.0	0.0	0.0	0.0	0.0	0.0	0.0	0.0	0.0	0.0	0.0	0.0	0.0	0.0	0.0	0.0	0.0	0.0
556.2625557122383	-1.3197081276887277	309428.030887511	1.7416295422876866	753.6295199344303	-2.316320115358508	567957.4533165998	5.365338876814451	516.2219258968797	-1.0140175522446953	266485.0767766836	1.0282315962603232	534.2478133953676	516.6160985272326	1.306197	58.26466	0.0818462999999999	0.0435248	-0.0350042255	-0.0421624849	0.1048599829	0.1220357913	-0.1826469075	-0.0485972622	-0.0784181174	-0.0430863826	0.045045787	-0.0032864139	-0.2477604252	-0.0451848512	-0.0320611655	-0.0679978223	0.0332049434	-0.0155391398	-0.1011704557	0.0139809125	0.0227537882	-0.0586859369	0.1630428748	-0.1146865862	0.1300865016	-0.0657630948	0.071900937	0.1072203942	-0.0778690624	0.0090349186	0.0323164416	0.0110625911	-0.091696715	0.0415419146	0.0727043967	0.0270314936	-0.1978040226	0.0395092201	-0.0302041194	0.0582021307	-0.0820023232	-0.0239358124	0.0503392174	0.0278759531	-0.0454405514	-0.0943274174	0.0244427866	-0.014822244	-0.0300252337	0.1348272341	0.0452246129	-0.0223858261	0.0795955728	0.1074447167	0.0843003761	-0.0843750387	-0.0128760043	-0.1569155376	-0.0729723233	-0.0406576394	0.1516690813	0.0212370974	-0.0410703537	-0.1217392963	0.0702612674	-0.1512779893	-0.0689521373	0.1005818601	0.0041338543	0.0005590825	0.0190978067	-0.1154610222	0.0114147682	-0.0436801266	0.0312194966	0.025497614	-0.0452179461	0.1882797717	0.0489185682	-0.016763888	0.0783764071	-0.040580794	-0.0575519907	0.0665964393	-0.0911171918	-0.0943277328	-0.0471022407	-0.1311261309	-0.185273903	-0.0859206088	0.0433899239	0.0071893501	-0.0007362827	-0.1509573769	-0.1052332144	0.1400230601	0.0263832797	0.0572927139	-0.1220435816	-0.0149119565	-0.0192914123	-0.0145218887	-0.0071148456	0.1330385962	0.0689613302	-0.0126507963	-0.0150620985	0.0442607703	-0.088177165	-0.0094530844	0.0243483152	0.1438986886	-0.2172705854	0.0140864554	-0.0921935954	-0.0338870058	0.045070115	0.0403748274	0.0026822308	0.0607878424	-0.0299739587	-0.0812711529	0.0156014365	-0.0708390791	-0.1266360226	-0.0282663754	-0.0502756434	-0.1294363989	-0.0662639662	0.0896574675	-0.1559121386	0.104923083	0.0408393069	-0.0033734153	-0.0309830859	0.0031231366	-0.1181111306	0.1169664297	-0.0377152308	-0.0364471365	0.0161694212	0.1495601765	-0.0102757952	0.0829123024	-0.106204112	-0.0236023407	-0.0300204675	0.0643597348	-0.0357981387	-0.0478022653	0.0104370207	-0.2453092431	0.0267408995	-0.1485285028	0.048147693	-0.075062638	-0.0359953557	-0.1096335714	-0.0670000688	0.0069270642	-0.0846858773	-0.1109601921	-0.0033918982	-0.0448419075	0.1166563008	0.0652108018	0.0249849366	0.0168459645	-0.0187405803	-0.1264338827	-0.021157343	-0.048618813	-0.0510690648	-0.0986762262	0.1675024691	-0.1554976696	-0.0120831357	-0.1403906935	-0.0922795452	-0.086821238	-0.0384611168	-0.1253296349	-0.1625328803	0.0476758647	-0.0231146579	0.0078363151	0.0563666847	-0.0188061848	0.1062661104	-0.0066943481	-0.05134017	0.0137249216	0.0360596839	-0.0472291519	-0.081087548	0.111768338	-0.033007	-0.0065657	4.310841649000001e-05	0.001089462049	0.024089	0.0214086499999999	0.0004583302948224	0.000580279921	0.0277112	0.0150689999999999	0.0007679106054399	0.0002270747609999	-0.000766044	-0.00061493	3.781389049000001e-07	5.86823409936e-07	0.000432084	-0.000139979	1.9594120441000013e-08	1.86696583056e-07	-0.000958288	-2.1149999999999945e-05	4.4732249999999766e-10	9.18315890944e-07	0.0	0.0	0.0	0.0	0.0	0.0	0.0	0.0	0.0	0.0	0.0	0.0	0.0	0.0	0.0	0.0	0.0	0.0	0.0	0.0	0.0	0.0
556.3194834949277	0.0569277826893994	309491.3677160631	0.0032407724419314	758.733748494518	5.104228560087677	575676.9011045424	26.05314919361472	515.8200902470738	-0.4018356498058892	266070.3655024994	0.1614718894549212	533.8029733047476	555.4375962361702	1.450773	64.713684	0.05019415	0.0246483	-0.0094284017	0.0258794883	-0.1298897031	-0.186266662	0.1429732897	0.0911938484	-0.1193655822	0.1037575754	-0.057861348	0.2158100056	0.111095055	0.1658535605	-0.0787214736	0.0883897034	-0.0764881963	0.0560720893	-0.0953769429	0.142559252	0.0439414477	0.0804143356	0.120556655	0.1381507988	-0.0267325002	-0.0445143347	0.125135138	-0.0249793984	0.0990913653	-0.0335752188	-0.0985869755	0.0220302345	-0.1068975531	0.0110033496	0.0917141379	-0.0719502705	0.0131405232	-0.0604292436	-0.0161530504	0.0439120216	-0.0543366937	-0.0292917185	-0.1807202208	-0.0165528982	0.007660071	0.0762735123	-0.0376104354	-0.0856723775	0.045835641	-0.2059264441	-0.0376888698	-0.0288102069	-0.0890547041	0.0362807845	0.0545037001	0.1612595206	0.1869807309	0.0606951114	-0.0038555348	-0.070220909	0.0960911756	-0.1407019028	0.1224600533	0.1530113737	0.0118946301	-0.0457871612	0.0433995384	0.0442356698	-0.0296150533	0.0925323976	0.0585200233	0.027068247	-0.0669029865	-0.1592148077	0.028923704	-0.0838704309	-0.0216399808	0.1131497124	-0.0137324781	0.0874783929	0.0230828344	0.0015219822	-0.0530506128	0.0510985206	0.092298104	0.0078506104	0.0415493396	-0.0631203526	0.0462985026	-0.1300459769	0.1267567531	0.1024649925	-0.0083066923	-0.0137690522	-0.1013850384	-0.0153144767	0.1491699833	-0.0774474123	0.0145494559	-0.0907241833	0.02697426	-0.0032948934	-0.0687915056	0.0102756697	0.0066636175	0.0284422715	0.0638860195	-0.0623070566	0.018744037	0.1844292425	0.0451561488	-0.0039850769	0.2244950018	-0.0163723851	0.029515395	0.0978835194	-0.0358850936	0.0589948815	0.0191185518	0.1091011419	0.1129032021	0.0192363186	-0.0563932625	0.0447063334	0.0604828814	0.0486396801	-0.0363964568	0.0751328855	-0.1451770941	0.1724645086	0.0337547343	0.1174908803	-0.1192053282	0.0681490226	0.013226637	0.0411607268	-0.1937463955	-0.0121913727	-0.0891895817	-0.0508821906	0.0192430153	0.0160588333	-0.0638268226	0.0976473256	-0.0047891762	0.0912621527	0.0424226207	-0.0532033062	0.0107015153	0.0455133777	-0.0615518019	-0.0505563331	-0.1151395806	-0.0021540184	0.0451621872	-0.0571183917	0.0024550033	-0.0208597336	0.0766566943	0.0358259494	0.0391574001	0.0494132967	-0.1126354054	-0.0586004195	-0.0319386824	-0.0041229012	-0.130150055	-0.1506312213	-0.0015932401	0.1199907447	-0.0268920042	-0.0153432891	0.0727502654	0.0332421596	-0.2181922044	0.0711373298	0.246020146	-0.0674254926	-0.0105090087	-0.056226005	-0.0003868732	-0.0280287893	-0.0446382248	0.0190698175	0.0695471737	0.0879474883	0.1630945942	-0.0388778565	-0.0005100626	0.1483001363	-0.135380798	0.0282480898	0.1225574167	-0.0496261511	-0.077175083	0.1141688124	-0.0237692	0.0092378	8.533694884000002e-05	0.00056497486864	0.0162137	-0.0078752999999999	6.202035008999998e-05	0.00026288406769	0.011433	-0.0162782	0.000130713489	0.00026497979524	-0.000593279	0.0001727649999999	2.9847745224999994e-08	3.519799718410001e-07	0.000588582	0.000156498	2.449162400400001e-08	3.464287707240001e-07	-0.000951494	6.793999999999962e-06	4.615843599999949e-11	9.05340832036e-07	0.0	0.0	0.0	0.0	0.0	0.0	0.0	0.0	0.0	0.0	0.0	0.0	0.0	0.0	0.0	0.0	0.0	0.0	0.0	0.0	0.0	0.0
555.1931799911047	-1.12630350382301	308239.4671086352	1.2685595827239893	746.3685957620637	-12.365152732454249	557066.0807398348	152.89700209692077	515.3141446315987	-0.5059456154751842	265548.6676573962	0.255980965818563	532.9420326399134	519.1471340449604	1.368425	61.040432	0.0242811	0.0125738	0.0022684552	0.0077779682	0.1006371397	0.2011739566	-0.0164431433	0.1453932646	-0.0186981412	-0.0339346302	0.0534659456	-0.1373313446	-0.161932159	0.21479719	0.0199378024	0.0536894755	-0.0747240933	0.0188892665	-0.0202125076	0.0565313058	-0.0977138343	-0.0549146166	0.0601284888	0.1198240761	-0.1011158204	0.0210620076	0.0678246926	-0.0940614348	-0.0032551102	0.0854502374	-0.0781413806	-0.0447114273	0.1256325412	-0.0208138993	-0.0059472711	0.1224426362	-0.0685578129	-0.1350094784	-0.0989212535	-0.1242934298	-0.0645973919	0.120316851	0.0622294339	-0.1147685378	0.011350431	0.0071867558	0.0384403172	0.1370449601	-0.1326622728	0.0105070062	0.0054259541	-0.0504041451	0.0823740043	0.0575861744	0.0109035948	-0.1589389093	-0.1600840455	0.084176805	-0.0315652505	-0.0384019283	-0.0993127929	0.0058998224	0.1106441196	-0.057956725	0.1278141625	-0.0744818542	-0.01442422	0.0428143824	0.1169765335	0.1621498577	0.1275117861	-0.0251607776	0.0242880691	-0.1287378801	0.0845575224	0.0760762972	0.0581512679	0.0237200981	0.060593942	-0.008028465	-0.035991948	-2.47891e-05	0.0831770722	0.0678760589	0.1453269813	-0.0023165522	-0.0380738965	0.1176943962	-0.0460718523	0.1671659112	0.0949772339	0.0538782679	-0.0129579564	-0.0189647848	0.0078987412	0.1681820991	0.0934379396	-0.0771265365	0.0583667359	0.026756428	0.0120088897	-0.1602047533	0.0723650778	-0.1465438511	0.0483548176	-0.0140878549	-0.0698038891	0.0240807831	0.0490918668	-0.0298264154	-0.2166855888	0.0773751253	-0.0828846448	0.0995376557	0.1048818219	0.019895626	0.1501474771	0.0207229798	0.0778871111	-0.0369612091	-0.0936160213	0.1185989588	0.0405943067	0.059052736	-0.1243132078	-0.12056563	-0.1116733002	-0.0016617799	0.0022111237	0.0384883842	0.1071397795	0.1743975444	0.0780293281	0.0350981055	0.0575652328	-0.0795072449	-0.1512052416	-0.0593993163	0.0007163064	0.061659266	0.0181020232	0.1643168327	0.0071915645	0.0502465658	-0.0574341906	-0.01597874	-0.0464101285	0.0137450131	0.0049346227	-0.0445706027	-0.0540707076	-0.0017133003	0.0091448153	-0.1094282658	-0.1164205055	0.1093648516	-0.2291473019	-0.006585382	0.0149843081	-0.0325393085	0.0435870672	-0.0380957283	-0.0540336985	0.0384523834	-0.1530568631	-0.0440732588	0.043341555	0.1220436076	0.0539637844	-0.0276073612	0.0420218147	0.0614592263	-0.0355976872	-0.1916829538	0.121486367	-0.0615613276	0.1212400375	0.0285718892	0.2034112955	0.0248742825	-0.0105380643	0.0390915123	-0.034290359	-0.0782028023	0.0022598473	-0.0497211226	0.1083353894	0.098097801	0.081374506	0.0328907012	-0.004147564	0.0351085732	-0.0122334547	-0.051998861	-0.073111544	0.116066535	-0.0265064	-0.0027371999999999	7.492263839999993e-06	0.00070258924096	0.0224815	0.0062678	3.928531684e-05	0.00050541784225	0.0209285	0.0094954999999999	0.00043800211225	9.016452024999998e-05	-0.000593279	0.0	0.0	3.519799718410001e-07	0.000558234	-3.034800000000003e-05	9.210011040000015e-10	3.116251987560001e-07	-0.0008662299999999	8.52640000001e-05	7.269949696017054e-09	7.503544128998268e-07	0.0	0.0	0.0	0.0	0.0	0.0	0.0	0.0	0.0	0.0	0.0	0.0	0.0	0.0	0.0	0.0	0.0	0.0	0.0	0.0	0.0	0.0
557.2801787629181	2.0869987718134557	310561.19764203	4.355563873550871	755.7707415987722	9.402145836708542	571189.4138567582	88.40034633473576	516.2379384312821	0.9237937996834944	266501.60907578026	0.8533949843336682	533.7881744636038	565.1303406849854	1.466111	65.397865	0.0420046599999999	0.023182	0.0092321016	-0.015055128	-0.1428790685	-0.1551688848	-0.07418208	0.0616925492	0.0328680608	-0.0044800326	-0.1014801658	0.0861727269	0.0104266577	0.0375372522	-0.1696057532	0.1377849814	0.0191223267	-0.0633014037	0.0278346504	0.0676903704	0.1347941529	0.0048283942	-0.0590325408	-0.0521027506	-0.065551647	0.025751388	-0.0232828281	-0.057741259	0.0026632	0.0324258948	-0.1737027442	-0.0693495915	-0.113216908	-0.120712832	-0.1107218248	-0.1083444115	-0.0196976291	0.0305735826	-0.1184019743	-0.0833699611	-0.1291582819	0.0357191428	0.0048758587	-0.0781821573	0.0245817614	0.138722069	0.0259339258	-0.166090968	0.1381224556	0.0661436986	0.0368359322	-0.1189462137	-0.1035178825	-0.0078355065	0.0964799963	0.0204195748	0.0473578826	0.0249136452	-0.0994999287	0.1396002551	0.0139328828	-0.0200547961	-0.0172460996	-0.0025151388	-0.041507708	-0.0332378351	0.0021199687	-0.031227217	-0.1605609108	-0.0318593143	-0.0953141533	-0.0250625672	0.0853235382	-0.0513089036	0.0125716057	-0.0613252196	0.0051766995	-0.0246135374	0.031032158	-0.0492200734	0.0210940141	-0.2207611841	-0.0673522565	0.0691048205	0.001733653	0.0799860891	0.0038428193	0.1378873509	0.00896633	0.0599512579	-0.0891637084	0.0210734853	-0.1367479625	0.0476846068	0.1563190311	0.0064279182	-0.0060696234	-0.0472544527	0.0870964473	-0.0276070184	-0.0334845193	-0.0586515154	-0.1395828277	-0.0471029717	0.1308126975	-0.0444240323	0.0141091788	0.010700311	0.1144879756	0.1938881443	0.1181515585	-0.0835716782	-0.0325785159	-0.043832851	0.1138897597	0.0491357231	-0.0087458177	0.053122587	-0.0452750228	-0.0619602799	0.0341290401	-0.2053191788	0.0204396584	0.0767387698	0.0295844809	0.0497991444	0.0394671922	0.0570145633	0.0962577608	0.0723582795	-0.0476260233	-0.0477166572	-0.0660358522	-0.0869470446	-0.0888658624	-0.0716594045	0.1273814478	-0.0398128959	-0.048124362	-0.0667172129	0.0268497819	0.0244817238	-0.0584063092	0.0546165926	-0.0336858955	0.0798046637	0.1027313792	-0.0125270238	-0.1199689709	-0.0943895515	0.0766600231	0.1423979904	0.034283658	0.0232534275	-0.1369123719	0.0007159535	-0.0127006005	-0.0665620992	0.0399868936	-0.0278012798	0.0868930332	0.0398743529	-0.0832348019	0.0738917766	-0.095689817	-0.0865155188	0.1326807485	-0.0488933824	-0.0228934307	0.0823229582	-0.0322016877	-0.0245714452	0.0393533418	0.1222436817	-0.137851453	-0.1274436818	0.1274921838	0.0529776303	0.0770842976	-0.0049695913	-0.02114304	-0.0057642475	-0.052552562	-0.0523031979	-0.0410895701	-0.0081454917	-0.0456310238	-0.0331049662	-0.1057855895	-0.1714772824	-0.1299584652	-0.0024593745	0.1012360832	-0.0543461203	-0.0689048858	0.117453149	-0.0187539	0.0077524999999999	6.010125624999999e-05	0.00035170876521	0.00986031	-0.01262119	0.0001592944370161	9.72257132961e-05	0.00367113	-0.01725737	1.3477195476899998e-05	0.0002978168193169	-0.000593279	0.0	0.0	3.519799718410001e-07	0.000637091	7.8857e-05	6.218426448999999e-09	4.05884942281e-07	-0.000857615	8.61499999989994e-06	7.421822499827594e-11	7.35503488225e-07	0.0	0.0	0.0	0.0	0.0	0.0	0.0	0.0	0.0	0.0	0.0	0.0	0.0	0.0	0.0	0.0	0.0	0.0	0.0	0.0	0.0	0.0
557.9717208838488	0.6915421209306487	311332.44130608364	0.4782305050212599	750.4900592053671	-5.280682393405186	563235.3289660753	27.885606540019527	516.70031562575	0.4623771944678765	266979.2161677497	0.2137926699639845	534.1873370408774	555.4037762983335	1.168924	52.141438	0.0451999599999999	0.0222277	0.0629623292	0.0626615678	0.0452279403	0.0894344072	0.0040201246	0.0477375028	0.1257503763	0.0397270862	0.0645680343	-0.1781357894	0.0016966614	0.0847907995	-0.0217043421	0.1046794312	0.0279091588	-0.0419323723	0.1454398855	0.0917251721	-0.029596835	-0.0195586505	-0.0308892627	0.1115253349	-0.0252784756	-0.0372211414	0.1104712839	-0.1029085488	-0.1722419693	0.0729083768	-0.0222859521	-0.0481146991	-0.0556225014	-0.0343539628	0.0280378736	-0.0236049028	0.0125687754	0.1030487631	0.0661999707	0.0492124487	-0.0549272635	0.097195823	0.0913194769	-0.0049867409	0.0806069834	-0.0419430518	-0.0064217911	0.0942004703	-0.0512165514	0.1870716005	0.0062686636	0.0850660407	-0.1930667915	-0.2114312458	-0.0013869816	0.0028544604	-0.1163343703	-0.0002063121	0.0481761441	-0.0081775341	0.075890426	-0.1271929024	0.0784018556	0.0964879632	0.080089169	-0.0779807517	0.0630356448	-0.1099328273	0.0572435399	-0.0733826167	-0.0582332056	-0.0950188577	0.0560508983	-0.0052264832	-0.0424664323	0.1286643364	-0.0353982074	0.0201370146	0.055025573	0.0621341114	-0.0347953198	-0.0175844525	-0.0892307706	-0.0487239754	0.048179362	0.0696465488	0.0231303968	-0.003541512	0.1173758622	0.021423396	0.0159174055	0.052006767	0.0185064115	-0.0002795718	0.085648828	0.0078383522	-0.0691235152	-0.1053252264	-0.082766115	0.0362110627	-0.0295505388	0.1424697005	-0.1558721611	-0.0677091773	-0.107199693	-0.0967348474	-0.0827541171	-0.0252223801	0.0120302599	-0.1483294249	-0.0512101065	-0.0627309634	-0.1249416732	0.0560355558	0.1285669819	0.0400908753	-0.138963031	0.0478032968	-0.2256079177	-0.0872439359	-0.0484563912	-0.0410796076	0.0663911308	-0.0899500953	-0.037703147	0.0643828693	-0.0328034972	0.1082187847	-0.0435805528	0.0347185826	0.0917634119	0.0862394044	-0.0310471808	-0.1197971018	-0.0859634822	0.008336711	-0.0399656555	0.0284489704	-0.1210414129	-0.0411688682	-0.1070746352	-0.0413694444	-0.0426852956	0.0011994811	0.0547466857	0.0412018117	-0.1027716888	-0.002121948	-0.0120662856	0.090717791	-0.0322681576	0.0981460473	0.0592060258	0.1047741311	-0.083060946	0.0085528332	-0.0064709735	0.0645966013	-0.031461884	0.0222172247	-0.0209004498	0.0516267993	-0.2081844306	0.1140544319	-0.042976936	-0.1689742643	-0.0822867995	-0.1042040414	0.0193459383	-0.021566793	0.0900397681	0.0947100626	-0.0112855784	-0.0991683824	0.0496670029	0.0035059577	0.0155307685	0.1076823396	0.0638392085	0.1350082868	0.0718850367	0.1185269712	-0.0874204474	-0.0650705978	-0.0677694151	0.0635600564	0.0171630891	0.0161938424	-0.0422030759	0.0590351635	-0.2028998289	-0.0288506055	-0.0010536504	-0.05666678	-0.0645633431	0.1183225485	-0.0227816	-0.0040276999999999	1.622236728999999e-05	0.0005190012985599	0.0252639	0.0154035899999999	0.000237270584888	0.00063826464321	0.0127488	0.00907767	0.0001625319014399	8.240409262889999e-05	-0.000706816	-0.0001135369999999	1.2890650368999984e-08	4.995888578559999e-07	0.000432084	-0.000205007	4.2027870049e-08	1.86696583056e-07	-0.000842339	1.5276000000000048e-05	2.3335617600000147e-10	7.09534990921e-07	0.0	0.0	0.0	0.0	0.0	0.0	0.0	0.0	0.0	0.0	0.0	0.0	0.0	0.0	0.0	0.0	0.0	0.0	0.0	0.0	0.0	0.0
559.0260423558498	1.0543214720009928	312510.11603204435	1.1115937663223403	755.3062407893508	4.816181583983735	570487.5173753408	23.195605049904074	517.7893307768467	1.0890151510966462	268105.7910663348	1.185953999318051	535.3467845184422	544.1768500517966	1.188905	53.0327	0.0444315	0.0220212	-0.0001420623	-0.0714134769	-0.0429093834	-0.0936821425	-0.0117078516	0.1437889485	0.0279551448	-0.0497249354	-0.0712400853	0.0389555346	0.0980195237	-0.0380045652	-0.0331244516	0.1175560683	-0.0443808445	-0.1977509351	0.0795751637	0.0940705882	-0.0166683512	0.0389379542	0.0146498204	0.0081350902	0.0705752545	0.1629527769	-0.0140619034	0.0229082562	0.0192420328	6.43816e-05	0.1472480152	0.1010867567	0.0997446718	-0.0582976394	-0.0416643742	0.002284655	-0.1292471776	0.0601516465	-0.1032464532	-0.0449004557	0.0119771226	0.0704141378	-0.0399778705	0.0927110247	-0.0597887603	-0.1388202572	-0.0066839397	-0.0487249395	0.0863690092	-0.0661229291	0.0171412415	-0.0447143959	-0.073010877	0.0699429967	-0.100980565	0.0149008884	-0.1012913013	-0.0051678168	0.0698099867	0.1516259231	-0.2345461073	0.050686165	0.1821660708	-0.0254463341	0.0859444001	0.0224584505	-0.2052090597	-0.046713022	0.0406255399	-0.0526469595	-0.1680948634	0.1055678448	0.0823923752	-0.0818597688	-0.1269589428	0.0517623952	-0.117985278	-0.1086054844	-0.0871652309	0.0235685194	-0.1240788894	0.0208086615	0.0155610049	-0.0293525986	-0.0084451641	0.0122774999	0.0476236261	-0.0336687087	-0.1277930051	0.0513318795	0.0412426771	0.0305049117	-0.0848842204	0.1088451777	-0.0045557165	0.0747112869	0.1096159863	0.1859952284	0.082701682	-0.0950556966	0.1421224054	0.1105795106	-0.0487503086	-0.0192278596	0.0123786359	0.0862506239	0.0715210964	0.0583065209	-0.0571627145	-0.0625488191	0.140635814	0.040608584	0.077806245	-0.0264473034	0.1743255847	-0.0391554991	0.0057974212	-0.0164388136	0.0123960787	0.099198741	-0.1019639039	0.0447437626	0.0024020952	0.0644176496	-0.134459535	-0.1716550862	-0.0618365628	0.1210276954	0.1922305892	0.0298025613	0.0841671318	-0.1688745792	0.0357477184	-0.0352564924	-0.0918351634	-0.0141555098	-0.0329644543	0.0804152865	0.1822256299	-0.0460186758	-0.2315978804	-0.2160631769	-0.0121299333	-0.0787483927	-0.0036093595	0.0216356941	0.0189937196	-0.0321156932	-0.0453603337	0.1115461963	0.0632669032	-0.0127871061	-0.0492935524	-0.1148859007	-0.0788932272	0.0653422197	-0.0748912937	-0.0742487055	-0.0393324439	0.1801043215	0.059304756	0.0625794784	0.1105462451	-0.0055148538	-0.0162239252	-0.0194735739	-0.0268106317	-0.0565298276	-0.0134007917	-0.0975115454	-0.0715651019	-0.056220948	-0.0423719518	0.1608091669	-0.0230321558	0.0210200526	0.1136415994	0.0440996342	0.0509577949	0.0308821183	-0.1728112306	-0.0016198162	-0.0199687206	0.0642241916	-0.0251400577	-0.0478150477	-0.0323348106	0.0350474026	0.0946636037	-0.0514014747	-0.0923710499	-0.0499762859	-0.0260208892	-0.0589597043	-0.0600954145	0.1186709048	-0.0247681	-0.0019865	3.946182250000009e-06	0.00061345877761	0.0206232	-0.0046406999999999	2.153609648999998e-05	0.00042531637824	0.0197217	0.0069729	0.00038894545089	4.862133441000003e-05	-0.000802456	-9.564000000000004e-05	9.147009600000004e-09	6.43935631936e-07	0.000681451	0.000249367	6.2183900689e-08	4.64375465401e-07	-0.00111396	-0.000271621	7.377796764099999e-08	1.2409068816e-06	0.0	0.0	0.0	0.0	0.0	0.0	0.0	0.0	0.0	0.0	0.0	0.0	0.0	0.0	0.0	0.0	0.0	0.0	0.0	0.0	0.0	0.0
558.5696814557309	-0.4563609001188524	312000.0890415567	0.2082652711572892	752.5363758715044	-2.7698649178463484	566310.9970098182	7.672151663115958	517.5220850781241	-0.2672456987226042	267829.1085436091	0.0714202634857329	535.4737944598645	550.5028970548323	1.101692	49.142471	0.0342525499999999	0.0178487	0.01869465	0.0132113193	0.0187163263	0.1539388397	0.0753764986	0.1452526426	0.0477382101	-0.024357275	-0.0442802616	-0.119026397	-0.0734373996	0.0845689949	0.1466594375	-0.0953925768	-0.0770936841	-0.0769995878	0.0281443212	0.037180454	0.1077938617	0.1834652112	-0.1004500977	-0.0292637742	0.0050265005	-0.0125647861	-0.1657691893	-0.0811546436	-0.0338790533	-0.0957556568	0.0073464855	0.1351848224	0.0368616449	0.0924316055	-8.09137e-05	-0.1513759157	-0.0539821796	-0.1890623735	0.1519213167	0.1154251131	-0.0052181528	-0.0900490594	0.1737607126	0.1896361172	0.0320233683	-0.0252727678	0.0490785788	-0.0591574235	-0.159666701	0.0345034231	0.0284665207	0.0574252511	-0.0831494826	0.0092536357	0.1092040408	0.0203304023	0.0396837807	-0.0851166215	-0.0534833801	-0.0614131083	-0.0617825864	0.0349474102	0.086261545	-0.0311779514	0.0248890557	0.1407694404	0.0187755909	0.0926726456	0.0478115319	-0.0684067139	0.0064778207	-0.0084981983	0.0796875527	0.0256853922	0.0367910732	0.1645131247	-0.0201053222	-0.052105819	-0.0358385343	-0.1441955344	-0.0271235622	-0.0077393408	0.149200748	-0.0556789363	-0.0463148063	0.1480661087	0.0716907629	-0.0126218359	0.1309153497	-0.0007156626	0.0021097696	-0.0195757988	-0.1495484701	0.0116202253	-0.0900825791	0.1809732149	-0.1638284246	0.0340400038	0.0541695487	-0.0795327196	-0.03834157	0.0405992364	-0.0106602095	0.0204970372	-0.0807540484	-0.0004935842	0.0646223391	-0.0287037303	-0.1979048107	-0.0478979425	-0.1500106578	0.0316503226	-0.0643525212	-0.1014427825	0.0279233927	0.055662839	-0.111888985	0.0607123853	-0.0769385819	0.0545601851	-0.0447973795	-0.0855286936	-0.0697214087	0.0577565998	-0.0109120886	-0.0171740501	0.0844296615	-0.0452631103	0.0315410116	0.0895583513	0.0378795613	0.0121125781	0.1060722271	0.0249329055	-0.0751542022	0.0057508784	0.060491169	-0.0961786393	0.0681510562	0.0531810042	-0.0450531674	0.0297966277	0.027678433	-0.1710793256	0.0112607884	0.0191410075	-0.0029229528	-0.0859185962	-0.049847377	0.1140372304	0.1169972511	0.1154357477	0.027166736	-0.0253503867	0.1263966604	0.070964065	-0.130426843	-0.0845633103	-0.2791114994	0.0747537098	-0.0373755528	0.0291675225	-0.0383830943	0.0436423357	0.0925363146	0.0403867991	-0.0207194279	0.0268359257	0.073555157	0.0600355595	-0.0855023549	0.065007716	0.0396002582	-0.120900515	0.1524451415	0.1468084911	0.0846568141	0.081293662	-0.001764433	0.0236003191	-0.0969043848	0.0275251651	0.0354847827	-0.025192195	-0.1351423114	0.0850112832	0.0489022017	0.0617783263	0.0427423327	0.1117798574	0.0191067079	-0.0007124492	0.0551413737	-0.0612237711	-0.0555098464	0.118496684	-0.0270937	-0.0023255999999999	5.408415359999987e-06	0.0007340685796899	0.0195544	-0.0010688	1.1423334400000036e-06	0.00038237455936	0.0106429	-0.0090788	0.00011327132041	8.242460944000002e-05	-0.000593279	0.0002091769999999	4.3755017328999984e-08	3.519799718410001e-07	0.0007437089999999	6.225799999989997e-05	3.876058563987545e-09	5.531030766808512e-07	-0.000949808	0.0001641519999999	2.6945879103999995e-08	9.02135236864e-07	0.0	0.0	0.0	0.0	0.0	0.0	0.0	0.0	0.0	0.0	0.0	0.0	0.0	0.0	0.0	0.0	0.0	0.0	0.0	0.0	0.0	0.0
557.9346895399194	-0.6349919158114972	311291.1177920063	0.4032147331459555	757.8360618542556	5.299685982751157	574315.4966467671	28.086671515769098	517.4954800120672	-0.0266050660568453	267801.57183291984	0.0007078295398891	535.5538764971332	552.8314881930319	1.08027	48.186901	0.03330972	0.0187925	0.0120007845	0.0085684877	-0.0444992521	-0.1526463231	-0.0982899684	0.1204776964	0.0054467136	0.0334357288	-0.0059600113	0.1682373453	-0.0975376442	0.0255685289	-0.0496946797	0.0248770329	5.60332e-05	-0.0252246996	0.0888192672	0.0578591579	0.0042674928	-0.0090002868	-0.0925754186	-0.0364265972	0.2162245225	0.0196161261	-0.0150991773	-0.0350685418	-0.0968398869	-0.0479810489	0.0297702506	0.1081263913	-0.0095740122	-0.0475625354	-0.0567083414	-0.020998247	-0.0396855641	-0.1628465062	-0.1350466126	-0.1527562385	0.1628250233	-0.0016721765	-0.0577591948	0.1725260541	0.015598178	0.0583513186	-0.0344561668	-0.0831028418	0.1011434709	0.0183076043	0.1595594849	0.0585205885	0.0342615656	0.0129875839	0.0353541226	-0.0760942251	-0.0015207706	-0.0032595204	0.2939385853	0.0050559874	-0.056442215	-0.1007683142	-0.1762010248	0.0895949114	-0.0530151955	0.0263151737	0.0024026737	0.0020891613	-0.0363205444	0.0317925579	-0.0208682281	0.0849471758	0.115914229	-0.0016347323	0.0876171958	-0.0351759981	0.1404788639	0.1360518102	-0.0850866585	0.1296400113	-0.0907493335	0.0327694161	0.0311148603	-0.0370242833	-0.0644608004	-0.0775610377	-0.0632688702	-0.089979579	-0.0125797527	0.0587840652	0.136920075	-0.0529355279	-0.0845941035	0.0189224052	-0.0375065876	0.0181950809	-0.1129154298	-0.0454430829	0.0389161279	0.0782716309	-0.0382544655	-0.0859321202	-0.0183537785	0.1592542019	0.0983042159	-0.0528224731	0.0742029345	-0.0756632554	-0.1514094943	0.1598706289	0.126582776	0.0265530741	-0.0617166563	0.0815505521	0.0027030773	0.0341888106	-0.057694618	0.0892703704	-0.0284518248	-0.0284797814	-0.1194676298	0.1836445694	0.1121213017	-0.0296238825	0.0446187639	-0.0608639474	-0.0534931069	0.0548697082	-0.1318826096	-0.1271828258	-0.0760048128	-0.0880856342	0.0524304323	0.1289169042	-0.0163618501	0.0179288	0.1187522289	-0.0127024106	-0.0312847227	-0.1314220066	-0.0430060996	0.0529234536	-0.1073060702	0.0656733006	0.082508229	-0.1543330495	-0.0093588293	-0.1323793439	0.0232822172	0.0359303259	0.0540980887	0.0321062459	-0.0630120575	-0.0725794532	0.0352562784	0.1091735204	0.1179471376	-0.0097390723	-0.1294504355	-0.0743149618	-0.0529839418	-0.0813780224	0.0036245317	-0.070542843	-0.083412083	0.1082335257	0.1166991905	-0.0504098285	-0.1047492643	0.0345312084	0.0495241755	-0.000824847	-0.0211449826	0.092010435	-0.0216355379	-0.0838489296	0.209194199	0.0430125377	-0.1225034982	-0.1135225712	-0.0893993605	0.0309304963	-0.0736609631	-0.0046085706	-0.0796379374	0.0554475065	-0.1542880623	0.0124890407	0.0406914965	-0.0648561219	0.0166294427	-0.0197713042	0.0579090935	-0.063457872	-0.0508156151	0.1178006533	-0.0176296	0.0094641	8.956918880999999e-05	0.0003108027961599	0.00436607	-0.01518833	0.0002306853681889	1.90625672449e-05	0.00949021	-0.0011526899999999	9.006408584410001e-05	1.3286942360999992e-06	-0.000593279	0.0	0.0	3.519799718410001e-07	0.0008355959999999	9.188700000000002e-05	8.443220769000004e-09	6.982206752158329e-07	-0.000891603	5.8204999999999976e-05	3.387822024999997e-09	7.94955909609e-07	0.0	0.0	0.0	0.0	0.0	0.0	0.0	0.0	0.0	0.0	0.0	0.0	0.0	0.0	0.0	0.0	0.0	0.0	0.0	0.0	0.0	0.0
556.0238626659551	-1.9108268739643108	309162.53585396893	3.65125934226422	753.5735821773808	-4.262479676874818	567873.1437556497	18.168732995770856	515.4403318688995	-2.055148143167685	265678.7357171213	4.223633890365583	533.4169766889654	518.5278920883958	1.341054	59.819527	0.06031692	0.0334413	-0.0230642466	0.0403693248	0.0992090273	0.0455079455	0.1670276633	0.0061001191	0.1067493843	0.0033769087	0.0380801925	0.0157955097	0.0387791436	0.2017962929	0.1087877073	-0.0205077318	0.1621386512	-0.1165705125	-0.0065816772	0.0343997837	0.030235191	-0.0645346064	0.0393367817	-0.0487321033	0.0017214372	-0.0355808971	0.0535803493	0.0203408052	-0.0545670176	0.0548571827	0.0740759343	-0.0019233815	0.0407510384	-0.0199263801	0.0948212477	-0.0653567994	-0.063154029	0.1576807339	0.019226138	0.0015594226	0.0408114796	-0.0062891036	-0.0552293268	-0.0799320099	0.0044120922	-0.0607961973	-0.0146812478	0.0270337975	-0.1087244284	-0.0758331959	0.0670061182	-0.0492657309	0.0512789078	0.0533084777	-0.0917260556	-0.0024531061	-0.0484387283	0.2041051733	-0.0845882794	0.0706659763	-0.1231932406	-0.0427665722	-0.127449257	0.0190502839	-0.2048039771	-0.0264983237	-0.0076803908	0.1057750248	-0.0781165698	-0.0369664646	-0.1022712118	-0.2056749516	-0.0607202462	-0.0479420769	-0.0208177442	-0.007885397	-0.0652840141	-0.0332939405	0.0934730117	0.0055791101	-0.0149347197	-0.1156138183	-0.0379479454	0.1882513159	0.0548437899	-0.0924814567	-0.1424804597	-0.0735782509	0.0946691626	-0.1436039895	0.1077760591	0.1178390185	0.1222118098	-0.0711120309	0.0108601432	0.0880953001	-0.1162512194	0.0622320266	-0.1266553876	-0.0850899141	0.0391621659	-0.2568893386	-0.1067250451	-0.0678204861	0.0325494035	-0.0495935846	-0.0564491157	-0.0063248788	0.0044875601	-0.0030277428	-0.1245836639	0.1437366389	0.108603019	0.0629758641	0.0824907874	-0.1529521306	-0.0143438617	-0.0259675079	0.0831206771	-0.1540066918	0.0094834392	-0.0134454431	-0.0060855703	-0.0037991138	0.048441809	0.0607788622	0.1137119271	0.101798049	0.0828053082	-0.0041419675	-0.1482836766	-0.1094930371	0.1233647123	-0.0542806603	-0.1547868156	-0.135499562	-0.0066171022	0.0473884122	-0.106374545	0.0403359117	0.044890285	-0.0232392379	-0.0680074837	0.0625101272	-0.06240577	0.0346277532	0.0082634894	0.051142167	-0.0063817571	-0.2194265051	-0.1606054373	-0.140546001	-0.1397171673	-0.065014928	0.1957801175	-0.0401307065	-0.0187151429	0.0633581598	0.0257969862	0.0319999688	0.0645170625	-0.0864605698	-0.1200372709	0.0267514519	-0.0229474313	0.0067405623	-0.1232673441	-0.0052718561	-0.1915847023	-0.1198838974	0.0123963783	0.0285849258	0.0070909098	-0.1573793624	-0.0737166578	0.0672055838	-0.0252601136	0.1012197369	-0.0048516517	-0.091577667	-0.1164316703	-0.0753353624	-0.222648998	-0.0075093355	0.05350649	-0.0076910868	0.0126963576	-0.192584547	0.0579290682	-0.0352186638	-0.0394121849	-0.0717528537	-0.061945135	-0.0656609137	-0.0460219099	0.1165858777	-0.018982	-0.0013524	1.8289857600000004e-06	0.0003603163239999	0.0288142	0.02444813	0.0005977110604969	0.00083025812164	0.0287546	0.01926439	0.00082682702116	0.0003711167220721	-0.000721979	-0.0001286999999999	1.6563689999999986e-08	5.21253676441e-07	0.000681642	-0.0001539539999999	2.3701834115969216e-08	4.64635816164e-07	-0.000913989	-2.2386e-05	5.01132996e-10	8.35375892121e-07	0.0	0.0	0.0	0.0	0.0	0.0	0.0	0.0	0.0	0.0	0.0	0.0	0.0	0.0	0.0	0.0	0.0	0.0	0.0	0.0	0.0	0.0
556.6605313535224	0.636668687567294	309870.9471667859	0.4053470177286606	755.1286574707824	1.5550752934016143	570219.2893336262	2.4182591681481176	515.1896017928486	-0.2507300760508997	265420.32579547394	0.0628655710364899	533.0999615887254	545.2656254786615	1.32715	59.199326	0.06413711	0.0321524	-0.0113538132	-0.0165763712	-0.0177684532	-0.0114303604	-0.1870453742	-0.0419067963	0.0398366619	0.0077244363	-0.0029234272	0.0168501209	-0.1751962153	-0.0613077771	-0.1498726706	0.0765464631	0.1329849962	0.0248638375	-0.0520124078	0.0246479635	0.0748311777	-0.0064311748	0.0403962762	0.1530609991	0.0462081385	-0.097104204	-0.0577913542	-0.0797563695	0.0407595324	0.0422704249	-0.0372819337	0.0534327565	-0.0063824032	-0.0325134669	0.0879397817	-0.0556514676	0.0545234024	0.0004818124	0.1135153762	0.11168181	-0.0018623579	0.0973891716	-0.0296053669	-0.1265040746	-0.0484544002	0.0787668338	-0.018907603	-0.0913561194	0.0376326138	0.0395463766	0.1874964785	0.181329281	-0.0284152174	0.0175756338	-0.0243671749	-0.05182672	-0.1031155911	-0.0258926596	0.0687050251	-0.0124874235	0.1193824995	0.0489471541	-0.0927393629	-0.0707912671	-0.0575022032	0.0032070359	-0.02797087	-0.1175731521	0.0213025516	0.0798093613	0.1419282817	-0.0025042536	0.1094405312	-0.0659616534	-0.0043972618	0.0274456878	-0.0693534123	0.0298329519	0.0066521504	-0.0853900627	-0.0205497566	0.0480282375	-0.1390267578	0.039005511	0.0826896056	0.1782678657	-0.0164224346	-0.0663395491	-0.0109365224	0.0166331876	0.1981857882	-0.0863130939	0.1014312333	-0.009768752	0.0953619311	-0.011820638	0.0137862108	-0.153013849	-0.0088403248	-0.1174922718	0.0494797277	0.0140833488	0.0570527011	-0.1521365959	-0.1645658127	0.0094697179	-0.0052495623	0.0023364192	0.1115537063	0.1458722241	0.0179152197	0.0731243686	-0.1598444782	0.0290406619	-0.0134880721	-0.06445496	-0.1125923633	-0.1719927731	-0.0994081929	0.0359411123	-0.0291709341	0.0362019953	0.056990884	0.0257817505	0.0422785085	0.0100659192	-0.2144019042	-0.1437680777	-0.0519886685	-0.0900022043	0.0240945313	0.0853173587	0.0826942271	0.0771304089	-0.0725878024	-0.0225415958	0.0416256084	-0.0186736642	-0.0074406462	-0.0207943342	-0.025329615	0.0929141813	0.0063528861	0.0051142081	0.0079967321	0.0584308938	0.0239443637	0.1683079746	-0.0940291035	0.014199353	-0.0096895394	0.0698079053	-0.0163751949	-0.0829800905	0.128537679	0.0315815503	0.09758702	0.0250684402	0.0751097004	0.1839212567	-0.0333815746	0.087459014	-0.1591251974	-0.0908376554	-0.136317158	-0.1330800824	-0.0799703222	0.0586119265	0.1139067126	0.0815410063	-0.0155201744	-0.0207243922	0.0126714514	-0.0162011711	0.0288508545	-0.2296726462	0.0490410376	-0.0076799206	-0.0797409575	0.0049061112	-0.1101057264	-0.0140862737	-0.1124118097	0.0184579958	0.0683831796	0.0521200897	0.1154433887	0.0719794841	-0.0180603326	0.0690226682	0.0353887977	0.0604723468	-0.1554959101	-0.067831818	-0.0411381146	0.1148577065	-0.018259	0.0007229999999999	5.227289999999971e-07	0.000333391081	0.00672429	-0.02208991	0.0004879641238081	4.52160760041e-05	0.010554	-0.0182006	0.0001113869159999	0.00033126184036	-0.000593279	0.0001286999999999	1.6563689999999986e-08	3.519799718410001e-07	0.0008355959999999	0.0001539539999999	2.3701834115969216e-08	6.982206752158329e-07	-0.000734171	0.000179818	3.2334513124e-08	5.390070572410001e-07	0.0	0.0	0.0	0.0	0.0	0.0	0.0	0.0	0.0	0.0	0.0	0.0	0.0	0.0	0.0	0.0	0.0	0.0	0.0	0.0	0.0	0.0
556.0468841784142	-0.6136471751082127	309188.13740452274	0.3765628555182894	758.0443671716478	2.915709700865364	574631.2626006639	8.501363059720388	515.2363727207364	0.0467709278877919	265468.51977442164	0.002187519695485	533.0444047362207	530.7377130413806	1.212728	54.095383	0.0743728099999999	0.0402553	0.00038697	0.0296709438	0.0712542918	-0.0616459493	0.1357971441	-0.0898578278	-0.0596128082	0.0070859027	0.0311418327	0.0287075949	0.1172479344	0.0714861664	-0.0002843977	-0.0340469096	0.0141896142	0.0323326198	-0.1300712744	0.0811103097	0.0926584185	-0.1202143284	0.0183055366	0.0583777514	-0.0378471353	0.0116270657	-0.084319902	0.0242853526	0.110735065	-0.1128265791	0.0518122523	0.1449329717	-0.0104148924	0.0796553334	0.1004094964	-0.0589817258	0.0932107587	0.0597109694	0.0988554892	-0.0750497778	0.0298843581	0.1272174464	0.1516373373	-0.2008226962	0.0393693508	-0.0206379476	0.0195140661	0.0652601517	0.0716851734	-0.191991134	0.0804792159	-0.1484473501	0.0146473315	-0.0270928514	-0.0184630722	-0.023522712	-0.0074523869	0.0646937084	-0.0550496685	-0.0032986302	0.0991460705	-0.1414560274	0.0798761944	0.0809209741	0.0804419831	-0.0163721303	-0.1214567969	0.06235677	0.0060473367	-0.1342381517	0.0143232074	0.1028156039	-0.05116749	-0.0748858999	-0.1114122047	0.1124349163	0.0676318972	0.0068786439	0.1524955981	-0.1644312855	0.121984797	0.0272756899	-0.1176468267	0.1627807485	-0.0526956467	-0.014906262	-0.0380481878	0.0708710692	0.0194457741	-0.000451227	0.043917131	-0.0112036203	-0.0227187625	0.0362633708	0.0581976441	-0.1104520249	0.0056490875	0.1386356828	-0.058949295	0.1325649969	-0.2419652278	0.080292581	0.0850055349	0.0268870973	0.0442678255	0.1718192782	-0.1287263101	0.0093852126	0.1287272058	0.0493291191	-0.0223432308	0.0773695084	0.1653900354	0.079118373	-0.0265155886	0.0396508313	0.1138841303	-0.0408564574	0.0344443056	0.0112666003	-0.0483930001	-0.0859254861	-0.0086425819	-0.1001720103	0.0105401672	0.1444984294	-0.0138749156	0.1165775023	0.0233273939	0.0631608553	-0.0288292209	-0.0766308712	-0.0218671787	0.025299804	-0.1115762559	0.1314455519	-0.0616733253	0.053779473	-0.009235263	0.0190669633	-0.0356279463	0.1364544931	0.1465312262	-0.1501534261	-0.1103923569	0.1690448799	-0.0860771347	0.0140779916	0.0456598065	0.0285420801	-0.053225869	0.0299351209	0.0016811914	-0.0138398205	-0.0209806965	0.1265338244	0.0760376161	-0.0707426331	0.1060982415	0.0317059573	0.0402566542	-0.1874298459	-0.0213686974	0.111401406	0.093942416	0.0240025522	0.2251551842	0.0156761829	0.1077852271	-0.0790198629	0.1142069544	0.0252492647	-0.0352661176	-0.117625877	-0.1754671463	0.0306807658	-0.0006139802	-0.093073071	-0.006920903	-0.0173126157	-0.0067105202	-0.1054409122	-0.0426634015	-0.0539842066	-0.1298154318	-0.0069731697	0.1192131674	0.0745967346	-0.0576789727	-0.0106849983	-0.0513371323	0.0169826465	-0.1853021372	-0.0699695221	-0.0361737896	0.11262375	-0.0175386	0.0007203999999999	5.189761599999993e-07	0.00030760248996	0.0418535	0.03512921	0.0012340613952241	0.00175171546225	0.0240037	0.0134497	0.00057617761369	0.00018089443009	-0.000748336	-0.000155057	2.4042673249e-08	5.60006768896e-07	0.000706193	-0.0001294029999998	1.6745136408974115e-08	4.98708553249e-07	-0.000951181	-0.00021701	4.7093340100000014e-08	9.04745294761e-07	0.0	0.0	0.0	0.0	0.0	0.0	0.0	0.0	0.0	0.0	0.0	0.0	0.0	0.0	0.0	0.0	0.0	0.0	0.0	0.0	0.0	0.0
556.4800466041652	0.4331624257509929	309670.04226857383	0.1876296870824844	751.408782508427	-6.635584663220811	564615.1584307965	44.03098382277125	515.5029020478132	0.2665293270767961	265743.2420197173	0.0710378821920097	533.0412099112106	520.826443164164	1.09547	48.864937	0.04305785	0.0246287	-0.056112447	-0.0385773368	0.0095790618	0.096259769	-0.1058827708	-0.1021905689	0.0193363933	-0.0278580293	-0.0320295442	-0.0982155949	-0.0475709097	-0.0768133523	-0.1005047639	0.0234943914	0.0620913372	-0.0744724172	-0.1475015758	0.0153285473	-0.0380488123	0.0523721668	-0.0327963402	-0.0855051258	-0.0447952211	0.0547717202	0.0120409521	-0.1328435856	-0.0197768128	0.0237213101	0.1144493754	0.0901832261	0.064044848	0.0299245538	-0.0234030932	-0.0278364491	0.0097040974	0.1522678891	0.1018378464	-0.0090140815	-0.0200928996	-0.1861234244	0.0508073467	-0.13047959	-0.0861770009	-0.0305639757	-0.0864512122	-0.006398842	-0.0813023463	-0.0217419692	0.0228082689	0.0633151909	-0.0152255407	-0.2210342835	-0.0247113373	-0.0601590747	0.0607908662	-0.1865344522	-0.1037657972	-0.012071491	0.1115074916	0.0841007702	0.0277994084	-0.021856497	-0.0567254971	0.1867740365	0.0605082293	0.0348826014	0.0864568178	0.0121238743	-0.0848373328	0.0702556428	-0.0624451822	0.1020376789	-0.0539394433	0.0857575316	-0.0739869191	-0.0104853188	-0.0381907341	0.1187421987	0.1968645308	0.0121332091	0.022021804	0.0254856781	0.1281883183	0.0231089291	0.0164593709	-0.0512496637	-0.0541891884	-0.1627555149	0.0661820845	-0.0028191446	-0.092734491	0.0496977679	-0.1073454534	-0.000453071	-0.030125879	0.1158381021	0.1558883671	-0.0011902731	-0.0871893447	-0.0751002203	0.0860119615	-0.0199715688	0.1104542216	0.0403273801	-0.008018226	0.0579083225	0.1661210242	-0.0637824542	0.0138120905	0.0714689749	-0.0932451789	-0.1158211008	-0.1015964686	0.0290659128	0.0008857262	-0.2068033998	-0.0741987835	0.0458386114	0.0501131532	-0.1137904717	-0.0028551792	-0.1126480189	0.0637580407	0.0714061587	0.0623212595	-0.0126806859	-0.0474357142	0.0412196073	0.107217121	-0.0547370962	-0.0119254128	0.0507901353	0.0742340442	-0.0384347053	-0.0664019373	0.0251606987	0.0185125906	-0.0044575671	0.0563739583	-0.1142833406	0.0539204159	-0.089010813	0.036847667	-0.0176675804	0.0189287679	-0.2342512373	-0.1183541324	0.0958673039	-0.0540961683	0.0354914658	-0.0367608428	0.0301296855	0.1614164169	-0.0777613781	-0.0108395829	-0.1122369875	-0.0164063164	-0.1434572168	0.1202657546	-0.0565069612	-0.0303708928	0.0811961333	-0.1049919107	0.2648247818	-0.0263705372	0.0804653865	0.0718259981	-0.0092205378	-0.1863231211	-0.0695988097	0.0565546295	-0.0860426258	-0.0012141536	-0.1571723388	-0.0530857321	-0.0214467915	0.0386725875	0.105281962	-0.100489903	0.0941287764	-0.0253291615	0.1047032721	-0.0236983876	0.0796954082	-0.1173321611	0.0100375347	-0.0373921474	-0.0074737712	-0.0363395528	0.0507889098	0.0546008465	-0.0720729799	-0.0311386526	0.1098938456	-0.0164693	0.0010693	1.1434024900000047e-06	0.00027123784249	0.0217481	-0.0201054	0.00040422710916	0.0004729798536099	0.0291836	0.0051799	0.00085168250896	2.6831364010000014e-05	-0.00086783	-0.0001194939999999	1.4278816035999985e-08	7.531289089e-07	0.000920172	0.000213979	4.5787012441e-08	8.46716509584e-07	-0.000950589	5.920000000001055e-07	3.504640000001249e-13	9.03619446921e-07	0.0	0.0	0.0	0.0	0.0	0.0	0.0	0.0	0.0	0.0	0.0	0.0	0.0	0.0	0.0	0.0	0.0	0.0	0.0	0.0	0.0	0.0
558.3539802993378	1.8739336951725816	311759.16731611325	3.511627493903166	755.8041743621981	4.395391853771116	571239.9499833239	19.31946954819749	516.7421224237554	1.2392203759421818	267022.42108700745	1.5356671401502824	534.2568721220941	553.7115581309621	1.319886	58.875294	0.0721063299999999	0.0355569	0.0308605458	0.0663557321	-0.0041630263	-0.0657693671	0.0993345084	-0.0996766588	0.0111973831	0.0703305126	0.0663621238	-0.0602110004	0.1639809844	0.0249010995	-0.1464791671	0.0080898006	0.0405100798	0.0750187199	0.1083413627	-0.0331663148	-0.1257913031	0.0332239679	0.0572340015	-0.1724740793	0.0973235071	0.0461380519	-0.0020619575	0.0132584241	0.0145893316	-0.0063227485	0.0306782407	0.0570808439	0.0256603867	0.0635267109	-0.0710688682	-0.0556313566	0.0174025565	-0.0799021054	0.0823107054	0.1148830085	-0.1751256298	0.0802041932	-0.0387982532	-0.0442329128	0.0905106296	0.1447265796	0.0822433043	0.0953926756	0.0533358512	-0.0847068702	-0.0975450763	-0.0172390019	-0.1079682223	0.079028014	-0.0437216065	-0.064456868	-0.1596087603	0.0145024335	0.0326341307	-0.0105682826	0.0700731488	0.0333154267	-0.0039866023	-0.143382599	0.0048656621	-0.0597810282	0.0373059187	0.0157148128	-0.2657153147	-0.0599864485	-0.1069405527	0.0232416265	0.1392842917	0.0860330608	0.069203426	-0.0020222415	-0.0690980156	-0.0983529252	0.0788249076	0.1179124455	0.0380730083	0.0278202853	-0.0129406473	-0.068943846	-0.0049637897	-0.1760079001	0.0838101289	-0.0497808166	-0.0425347156	-0.0566196528	0.0658567811	-0.1864927756	-0.0599511977	0.0126124794	-0.0237940201	-0.0866642911	-0.0036745619	-0.0779474901	-0.0195387217	0.044940131	-0.057716279	0.0276328027	0.0462449054	0.1050002008	-0.0475849901	0.1005705623	-0.0721436268	-0.0601999206	0.0512457249	-0.0015316365	-0.0368792179	-0.2136609073	0.1072331588	0.0692851297	0.0267037317	-0.0672182327	0.0018518057	-0.0313795824	-0.0908127134	-0.0114821324	-0.0945729847	0.0195696273	0.0665859456	0.0218393863	-0.1787849613	0.0030751354	-0.0502001921	-0.1159928642	0.0469453136	0.1211904056	-0.026312305	-0.105210637	-0.1540560148	0.059080006	-0.0285984687	-0.1066402049	0.2061978537	0.0734803261	-0.1335995017	0.041512175	1.45396e-05	-0.0180816519	-0.0039713375	0.0683395969	0.085221952	0.09763936	-0.0760616582	0.0021049489	0.0376279768	0.1048569435	0.0819283125	-0.0891230542	0.0339107863	-0.0596840265	-0.0650331584	-0.0743363274	0.1015261163	-0.0517919569	0.0159347376	-0.1675821353	-0.0162904059	-0.1064692111	-0.0821148698	-0.200574056	0.1091333558	0.2010796736	-0.1350835284	0.0273818228	0.1625694671	0.0394955734	0.1271827626	0.0501384182	0.0248457179	-0.0247252948	-0.1612531385	0.0614086301	-0.0688669392	-0.0086137923	0.0303511274	0.0925972748	-0.034940741	-0.0049903785	-0.0397703083	0.0800190145	-0.0313638965	0.0380451672	-0.1280193887	0.0315595298	-0.0898241171	-0.0276005332	0.077476736	-0.0105937562	-0.1534023509	-0.0741411618	-0.0260425603	0.1066800145	-0.00331096	0.01315834	0.0001731419115556	1.09624561216e-05	0.00649906	-0.0152490399999999	0.0002325332209215	4.22377808836e-05	0.0061647	-0.0230189	3.800352609e-05	0.00052986975721	-0.000593279	0.0002745509999999	7.537825160099997e-08	3.519799718410001e-07	0.0008355949999999	-8.457700000010003e-05	7.153268929016921e-09	6.982190040248328e-07	-0.0008961159999999	5.447300000009994e-05	2.967307729010888e-09	8.030238854558208e-07	0.0	0.0	0.0	0.0	0.0	0.0	0.0	0.0	0.0	0.0	0.0	0.0	0.0	0.0	0.0	0.0	0.0	0.0	0.0	0.0	0.0	0.0
557.9017762899583	-0.452204009379443	311254.3919874907	0.2044884660988434	751.8408106168857	-3.963363745312336	565264.6045090558	15.708252177656224	517.2661026954152	0.5239802716597524	267564.2209977038	0.2745553250886279	534.7945401691785	531.2506708697728	1.283649	57.258907	0.08333103	0.0441842	-0.0385505674	-0.0625686452	0.047669055	0.1579509832	-0.0868255632	-0.0380913804	-0.0682343384	-0.0841766566	-0.0366639719	-0.1038002332	-0.0873635815	-0.0842264326	0.032218926	-0.0787812675	0.0156884426	-0.0854070194	-0.0261637403	0.1278226969	-0.0926371993	-0.0344981363	0.0693114252	0.0236218939	-0.0713424327	0.0752275265	0.0257550476	0.0079824583	0.1092431105	-0.0002898089	0.0252728709	-0.1267039456	-0.0485730053	0.0620335115	0.1103225164	-0.1745254279	0.0648972652	-0.0339879734	0.1221934793	-0.050346326	0.07269258	0.0372856642	0.0065512199	0.117421006	-0.0299857878	-0.1667025903	-0.0283658363	0.0131415787	-0.0066031218	0.0276549535	-0.1221854771	-0.0283695474	0.1873660699	0.0643800105	0.1598904723	-0.010029214	0.0038734117	-0.0227848379	-0.1343859207	-0.0906074208	0.0439647458	-0.0777591392	-0.067223716	0.0006881827	0.0831747638	0.1233197992	-0.1516754149	-0.0123542812	0.1615944231	0.0143129811	-0.0420606773	0.0754607494	-0.1207534664	0.0933400837	0.0996835234	-0.0106790944	-0.0316490266	0.106110127	0.0026130627	0.0267601176	0.0622996121	-0.0316936049	-0.0522225481	-0.0804296869	0.0482981844	-0.0207478437	0.0831277826	-0.0663549646	0.0247516125	-0.1522075224	0.0176866209	0.041740614	0.1487168279	0.1424811037	0.0526714936	-0.0413459006	-0.0076061349	-0.0078748048	0.0779141771	-0.0789268367	0.1190019775	-0.0075454957	-0.1618141933	0.1192736064	0.1100940608	-0.0402267348	0.0327717718	0.0510743651	-0.0872085178	-0.1754898127	0.0607917491	0.0603992418	-0.085957627	-0.0749791911	-0.1686890303	0.008399841	0.1063266458	0.1548089837	0.0881412639	0.017263816	0.0149231661	-0.0188815625	-0.0483146609	0.0086938779	-0.0044535809	0.2111093669	0.0052570873	-0.0546947775	-0.0110683905	0.0439428069	0.010699173	-0.0709128107	0.1545859553	0.0900586372	0.1016242934	0.0508875652	-0.1625538753	-0.0473181608	-0.0614942053	-0.0554396064	-0.0052072026	-0.0658177999	0.2164656756	0.0755463904	0.0559713854	-0.0364064212	0.1197281802	-0.0692056708	-0.0176271869	0.0323636817	0.0344606594	-0.0428765903	0.0373329052	-0.0652624339	0.0760802805	-0.0621667217	0.0929775987	-0.0079447991	0.0429640272	0.0362832145	-0.0263873305	0.2171925477	0.0514549078	-0.006986687	0.1228586219	0.0496234879	-0.073316811	-0.0907482143	-0.05726271	-0.128970304	-0.0509821887	-0.0812026091	-0.019329338	-0.0647913032	0.1283431342	-0.0521304773	-0.0885874866	-0.1265385769	0.0567999599	-0.0098271912	-0.0396665988	-0.0728617219	0.0034475452	0.148332284	-0.0988539257	0.1366782216	-0.0626976143	-0.1323028542	-0.1939602684	-0.1858349157	-0.0463361601	0.1058451802	0.0065030929	-0.0761730556	-0.0208954884	0.1029964092	-0.0122871	-0.00897614	8.057108929960001e-05	0.00015097282641	0.0254954	0.01899634	0.0003608609333956	0.00065001542116	0.031977	0.0258122999999999	0.0010225285289999	0.0006662748312899	-0.00107612	-0.000482841	2.33135431281e-07	1.1580342544000002e-06	0.0008355949999999	0.0	0.0	6.982190040248328e-07	-0.0010042	-0.0001080840000001	1.1682151056021618e-08	1.00841764e-06	0.0	0.0	0.0	0.0	0.0	0.0	0.0	0.0	0.0	0.0	0.0	0.0	0.0	0.0	0.0	0.0	0.0	0.0	0.0	0.0	0.0	0.0
558.1036305392078	0.2018542492494361	311479.6624210445	0.0407451379400535	761.4357878230494	9.594977206163662	579784.4589777079	92.06358758680024	517.3589298076621	0.0928271122469368	267660.26225172944	0.0086168727681054	535.2132889570712	564.5810761586214	1.350175	60.226368	0.08983528	0.04782	0.0217248981	0.0404568348	-0.0786893124	-0.1793316335	0.0233970136	0.069218181	-0.1394274886	0.054214889	0.0250691668	0.2344898341	0.1106092122	-0.003655779	-0.0124287194	-0.0062606561	-0.1811974991	0.0337230052	0.0225312227	0.0263257053	-0.0207747692	0.1630384849	-0.0528286755	0.0420347012	-0.1080796946	0.0188902431	0.0680772077	0.1021139621	0.0517984741	-0.0842627103	0.0684074347	0.0719415863	0.1609589088	0.0594427644	-0.0808163375	-0.0018850136	0.0277650561	0.0900527486	-0.0925371242	0.201236271	-0.0252093595	0.0309465621	0.0639663814	0.0990170124	0.0584013954	0.0897314753	0.0461554615	-0.0918213585	0.0435269126	-0.0259088356	0.1144883908	-0.1097082293	-0.0930741601	0.0055314991	-0.0051299718	0.1625373393	0.0795302378	0.0254920348	0.0531600904	0.1397384868	0.142083931	0.0267191533	0.0764437388	0.0374555805	0.0707883591	0.2003856264	0.0397939381	-0.0437531559	0.0522231795	0.0118275822	0.0490339126	-0.0090795794	-0.166508352	0.0910109643	-0.0792874036	0.0167357428	0.0294159798	0.2327108549	-0.1427317295	-0.124186699	-0.0585641016	0.0322620826	-0.0315160781	-0.0629904837	-0.1014079119	-0.027433752	-0.1012080552	-0.0459075306	0.0555045453	0.043354033	0.1404622199	-0.0497258729	-0.0042873738	0.0656830284	-0.0778227311	-0.0986793076	0.0455180842	-0.1167010472	-0.1989682455	-0.0851646422	0.0336848183	-0.1099544407	0.0112118568	-0.0244873466	0.0908357974	0.036939691	0.0406772234	-0.0740628814	-0.1171597099	0.1736122899	0.0730897638	-0.0489951134	0.1206943635	-0.0161932418	0.0191569488	0.0633548786	0.0099733923	0.0934648394	-0.1155079096	0.0965772375	0.172681797	-0.1018476927	0.0322036498	-0.1151171288	0.1798039966	-0.0370951546	0.0373499858	0.0213318865	0.0759089271	-0.0724981	0.0630336607	0.0366060236	0.0227786447	0.152031813	0.055430886	-0.0137458457	-0.1332613168	0.1058454677	6.55156e-05	0.0273947145	-0.1255184267	-0.0282528879	0.0514210781	0.0580546099	0.1408221863	-0.0722660292	-0.0257246669	0.1609696368	-0.0318116069	-0.0537077579	0.0394668687	0.0855884968	-0.0335463146	0.0369223254	0.0989692815	0.2560504118	0.1314594921	-0.0465788203	0.021687751	-0.0708499106	-0.1234372219	-0.0283511695	-0.0042467606	0.0154229947	0.0105270622	-0.002649735	-0.1848894176	0.0927163349	0.0326675721	0.0985805011	0.051314036	0.0411938169	0.0201610585	0.1175086387	-0.1137650426	0.0187485583	0.1164423704	-0.0981653311	0.0183072834	-0.0470752388	0.0028720006	0.022364456	0.1243087666	0.1012191857	0.0039777846	0.1827777815	0.0713159206	-0.1434323542	-0.0871596005	0.2135853536	-0.0189874617	0.0325172102	-0.0746610693	-0.0781676667	-0.0157075127	0.0988592507	-0.00758402	0.00470308	2.2118961486400003e-05	5.75173593604e-05	0.00863696	-0.01685844	0.0002842069992336	7.459707804160001e-05	0.00284124	-0.0291357599999999	8.0726447376e-06	0.0008488925107775	-0.000563388	0.000512732	2.628941038240001e-07	3.17406038544e-07	0.0008355949999999	0.0	0.0	6.982190040248328e-07	-0.0007341719999999	0.0002700280000001	7.291512078405402e-08	5.390085255838532e-07	0.0	0.0	0.0	0.0	0.0	0.0	0.0	0.0	0.0	0.0	0.0	0.0	0.0	0.0	0.0	0.0	0.0	0.0	0.0	0.0	0.0	0.0
556.8773267775789	-1.2263037616288557	310112.3570789424	1.5038209157850813	750.3244484304578	-11.111339392591615	562986.7779124707	123.46186309735825	516.2360384183032	-1.1228913893588697	266499.6473618238	1.2608850722962928	534.0414029422556	535.1148308652362	1.309457	58.41008	0.05546513	0.0287395	-0.0095219666	-0.0171404721	0.0625610182	0.1917090903	0.1075964816	0.145686351	0.0280433484	-0.0820831159	-0.0139508185	-0.1161576712	-0.0270545108	0.1885004119	0.119512511	-0.0044421542	-0.0297316178	-0.0334034277	0.0888726924	0.0065364949	-0.0921213002	-0.1065049222	0.0220333817	0.1934118846	-0.0261657234	-0.0310711923	0.0948405149	-0.0486962309	-0.0745023516	-0.0220411895	0.0783975479	-0.1463205697	-0.0647407158	0.1162168206	-0.0661002836	-0.0334471691	0.140783292	-0.1334105025	0.1213752526	0.0619165655	0.235760028	-0.002834652	-0.0202122952	0.0077704332	-0.0388868235	-0.0307781193	0.0093691564	0.1100825274	-0.0880201403	-0.025132298	0.085582277	0.1552463575	-0.0101979338	0.0047162567	0.083804469	-0.065989435	-0.0011447896	0.1187695318	-0.193220584	0.1003604358	-0.2827660639	-0.0157584425	-0.0464075435	-0.0639892594	0.0094500157	-0.0559155547	0.000969206	0.0032105868	0.0029650974	0.0055370268	0.0166607735	0.034028116	-0.2190178689	-0.0251848023	0.0055625489	0.0541422472	-0.1236530984	-0.0135458864	0.0394111871	-0.1467100314	-0.0216813404	0.0883868053	0.0120525786	-0.0028471881	0.1686029878	-0.0998031619	-0.0567156958	-0.0316609022	-0.0264523999	0.0881728882	0.067929992	0.034606523	-0.0428725839	0.0637732337	0.0999605641	-0.1186255698	0.0060263765	-0.0864417649	0.0773939195	0.1925162222	0.001035596	0.0296635317	-0.0508663923	-0.0233400191	-0.178075875	-0.0720733496	0.0034004252	0.0650151857	-0.0571755062	-0.0729172413	-0.1859266087	0.1027066842	-0.0057787379	0.1261139224	0.0700459047	0.0221695669	-0.099854041	-0.0672260224	0.1026056169	-0.1115996862	-0.1055328946	0.0342299915	0.0499586539	0.2715463368	-0.0342524962	0.0772735409	0.1213489188	0.0490724466	0.0786600464	-0.0434731375	0.0747682247	-0.0769096798	-0.0161850682	-0.074352127	0.1075853124	-0.0667361253	-0.1292951636	0.0148427348	0.0093542771	0.1893623015	0.0400519409	-0.0551797704	0.116998656	0.0470559593	-0.1078751254	0.013718725	-0.0291450858	0.0153070064	-0.0780872535	0.0544647514	-0.0820690064	0.0667582076	0.118561675	-0.0110878343	-0.0345878853	0.1601116281	0.0590067334	0.0105647196	0.1199047037	-0.0674375122	0.0409086144	0.1142579492	-0.024602959	-0.0165933752	0.0153901237	-0.0804608386	0.003906578	0.0094049225	0.1188608279	-0.0451092062	0.0588235912	0.0345306898	-0.030020004	-0.1609166394	0.1013547622	0.0732106274	0.0197157325	0.0846642537	0.2207202396	-0.0605713741	-0.0642021211	-0.0062036969	0.1313411909	0.0295058003	-0.1719619896	0.0895407545	0.1640478515	0.142824483	-0.0965516698	0.0740074805	-0.0076173194	0.0776921147	-0.1789848347	-0.080124019	-0.0104887887	0.0942867573	-0.0109799	-0.00339588	1.1532000974400005e-05	0.00012055820401	0.0334993	0.02486234	0.0006181359502756	0.00112220310049	0.0104549	0.0076136599999999	0.00010930493401	5.796781859559999e-05	-0.000459353	0.0001040349999999	1.0823281224999986e-08	2.1100517860900005e-07	0.000932021	9.64260000001e-05	9.297973476019286e-09	8.68663144441e-07	-0.000925576	-0.0001914040000001	3.6635491216038286e-08	8.56690931776e-07	0.0	0.0	0.0	0.0	0.0	0.0	0.0	0.0	0.0	0.0	0.0	0.0	0.0	0.0	0.0	0.0	0.0	0.0	0.0	0.0	0.0	0.0
557.8546849787274	0.9773582011484904	311201.8495527152	0.9552290533522132	756.807044316448	6.482595885990236	572756.9023269981	42.024049421057526	516.6218826992326	0.3858442809294047	266898.16968369967	0.1488758091259293	534.5104344091927	584.75662532956	1.437303	64.112823	0.0782132099999999	0.0446906	0.0438637379	0.0212573386	-0.1000019602	-0.1282617796	-0.2220377517	0.0456496626	0.0944106753	0.0496485545	-0.0570086711	0.1051851911	-0.123724185	-0.0613809228	-0.1010699046	0.0478812028	0.0142483708	-0.0232421295	0.0023816764	-0.0869517904	0.1450800807	-0.016525787	-0.193590198	0.0678788534	-0.0774594356	0.0448359398	0.1062311892	-0.0361561077	0.0237596325	0.0173000439	0.2066863816	-0.1322284608	-0.0667658766	0.0799944848	-0.1557902192	-0.0088795654	-0.0432515429	-0.0660926654	0.0117078803	0.0270450605	-0.0058421345	-0.1146093616	0.0210178867	-0.0203180681	0.0115002071	0.0552296755	-0.0044701665	-0.2027174856	0.1498449764	0.168861582	0.0812121526	0.031856048	0.0900863789	-0.0758270346	0.040916199	-0.0610772448	-0.0720663185	0.2147476499	0.0450957335	-0.0232026156	0.0399259104	-0.0387052601	0.0191743274	-0.0611773145	-0.0801008919	0.0054315886	0.0824763355	0.0370537793	0.107336082	0.0747554805	-0.039236293	0.0239368625	-0.1120647499	-0.0221420236	-0.0920732114	0.1262868944	-0.1326539017	0.1139921811	-0.0260655814	0.0643349522	0.0314845848	-0.06134429	0.1269034454	0.0909619538	-0.0030984105	-0.1447703073	0.1070233205	-0.0176205978	-0.0895326631	0.0675570015	-0.1105257459	0.0810767987	0.014480919	0.0009444548	-0.050260394	-0.1106898779	0.0944805375	-0.0841827171	-0.0082641266	-0.0619459564	-0.0200804956	0.096068655	0.0421089289	-0.0766683643	-0.0316004345	0.0307130957	0.0254971626	-0.0390157305	0.0469947101	0.1707928711	0.1760518365	0.0143299258	-0.1555697576	0.0431393732	0.0586630234	0.0314576719	0.0046729891	0.0246995204	0.0178304132	-0.2786097155	0.0793781519	0.0561411462	0.0624583353	0.0100936755	0.0324152861	0.0985064171	-0.0202215253	-0.0933437554	0.0932915678	-0.004390806	0.0850885251	-0.0279624942	0.0284462897	-0.0337383853	0.0352899008	0.0818806658	-0.147429774	0.0649237396	-0.0387950134	0.09583152	0.0205004556	-0.1231915247	0.0186311686	0.0371549874	-0.0703315707	0.0187148363	-0.1996168671	-0.0391093909	-0.0121911463	-0.0826707848	0.0825890366	0.0680448644	-0.0415007801	0.0201251707	0.0485076226	-0.0767814058	-0.0622662165	0.0206760688	0.0099030914	0.0864181773	0.0153569811	-0.0781232565	0.0406281255	-0.0901105687	-0.0297771197	-0.0125531679	0.0507529118	-0.0353516727	0.019001923	0.0512831266	0.0155329017	0.0375237996	0.0019019818	0.1841811723	-0.0188526506	-0.236245688	0.0265985195	0.0997241626	0.0770924361	-0.1137413133	-0.0634433347	-0.0419667798	0.0613822566	0.0340812964	-0.1508295144	0.0551814714	-0.0787930272	-0.0172949949	-0.153539324	-0.0893066446	-0.033451965	0.0057954029	0.0103422826	-0.0820411548	-0.0052495325	0.0892990645	-0.0075033699999999	0.0034765300000001	1.2086260840900702e-05	5.63005613568985e-05	0.00510232	-0.02839698	0.0008063884731204	2.60336693824e-05	-0.0223996	-0.0328544999999999	0.00050174208016	0.0010794181702499	-0.000400165	5.9188e-05	3.503219344e-09	1.6013202722500002e-07	0.00102488	9.285899999999992e-05	8.622793880999987e-09	1.0503790144e-06	-0.000807919	0.0001176569999999	1.384316964899999e-08	6.52733110561e-07	0.0	0.0	0.0	0.0	0.0	0.0	0.0	0.0	0.0	0.0	0.0	0.0	0.0	0.0	0.0	0.0	0.0	0.0	0.0	0.0	0.0	0.0
557.7450304063223	-0.1096545724051338	311079.51894294936	0.0120241252493527	756.0242545633306	-0.7827897531174131	571572.6734880398	0.6127597975856205	515.6153398338656	-1.0065428653670097	265859.17867199273	1.0131285398212302	533.2897859346343	544.4090581870745	1.36477	60.877407	0.10929209	0.0600774	0.009007857	0.015466889	0.0376311112	-0.0132753847	0.1982644494	-0.0612772592	0.0828684336	0.0044066494	0.0161262834	-0.109752293	0.1889474616	0.1165097776	0.092275828	0.0103563224	0.0709227916	-0.0581676875	-0.0747265855	-0.0734222386	0.2016627934	-0.131385633	0.0324580395	-0.0409435278	-0.0703023163	-0.0631315349	0.0068129616	0.0039714723	0.0512777737	-0.0219200833	0.1261327396	-0.0364907693	0.023898847	-0.0044883902	0.0559701319	0.0354753452	-0.0096029251	-0.1872949391	-0.1079748887	-0.1241655468	0.1270469009	0.0149725341	0.0739068973	-0.1593935689	-0.0338565159	-0.0799161637	0.0205982272	0.152348052	-0.0146989067	0.0268195511	0.0062827759	0.0225913358	-0.1032767586	0.1467277995	-0.0399264604	0.0532751271	-0.052249592	0.0365432749	0.0288146011	0.0479419109	0.186951264	0.0875972954	-0.2010541783	-0.0608716897	-0.2056733721	0.1799224021	0.0309165802	-0.0064821519	0.1833678398	0.0054105179	0.1105641813	-0.0145157144	-0.1334088088	-0.1072247698	-0.0138057974	-0.1019462185	0.0395327667	-0.1115982036	0.0596284516	0.0316843396	0.0225574912	0.1127752732	-0.0282813755	-0.0819671621	-0.0290334372	-0.0350712516	0.0849408001	0.1682330607	0.0216929834	-0.0405360053	-0.0506244746	-0.1900341554	-0.1141170572	-0.0339015391	0.0026094969	-0.1163792054	0.0126529295	-0.1008618231	0.0611755064	0.0148539915	0.0441117397	0.0123194397	-0.1005401648	-0.0518818887	0.0333668106	0.0391437082	-0.0848853007	0.0380539671	0.1259038445	-0.0992127429	-0.0539295718	0.0287085994	0.1601582918	0.1052780243	0.0645947434	-0.0983950669	-0.078505656	0.0132520105	-0.0040154851	-0.0269346136	0.0725488082	-0.1019736765	0.0241737465	-0.0193915265	0.1281195996	0.0156647176	-0.0816074188	-0.2524649258	-0.0603890138	-0.2386576915	0.0448454544	-0.1640799623	0.0925842498	0.0017188821	0.0004059658	0.104066341	-0.0983556547	-0.1656469384	0.012060528	0.0544042644	0.1574592801	0.0901937192	-0.0443471174	0.0138198524	0.1537004046	0.1229436448	0.1138612696	0.1464148545	0.0113137423	0.1136658997	0.0090126362	-0.011540444	0.0274621178	0.024997406	-0.0935266542	-0.0521079078	0.0126561052	-0.0164705824	0.0172350969	-0.1206342284	6.00895e-05	-0.0319899342	0.0826296703	-0.1373741561	0.0179446317	-0.0457349852	-0.0003935567	-0.0596375625	-0.0030313456	-0.0980608649	0.0632502448	0.0180622768	-0.0189214488	-0.0662579873	-0.1455841861	0.1136072491	-0.1153457463	0.0709983496	0.0844648399	0.0248386071	-0.0158832939	-0.0614987546	-0.0022884811	0.0064929727	0.0695835454	0.0282040401	-0.0003016996	-0.033574148	-0.0568837142	-0.0769561933	0.0838823995	0.0552932088	-0.0247452264	-0.0839181358	-0.0	0.0839181358	-0.00706501	0.0004383599999998	1.9215948959991224e-07	4.99143663001e-05	0.0301089	0.02500658	0.0006253290432964	0.00090654585921	0.0196838	0.0420834	0.00038745198244	0.0017710125555599	-0.000868858	-0.000468693	2.19673128249e-07	7.549142241640001e-07	0.0007320449999999	-0.000292835	8.575233722505852e-08	5.358898820248536e-07	-0.0007341719999999	7.374700000010006e-05	5.438620009014758e-09	5.390085255838532e-07	0.0	0.0	0.0	0.0	0.0	0.0	0.0	0.0	0.0	0.0	0.0	0.0	0.0	0.0	0.0	0.0	0.0	0.0	0.0	0.0	0.0	0.0
558.312046636313	0.5670162299907133	311712.3414192285	0.3215074050728815	752.6745401548175	-3.3497144085131367	566518.9633972659	11.220586618600514	515.9025739296251	0.2872340957594588	266155.46578721225	0.0825034257667539	533.289766462475	540.2516649626189	1.120702	49.99041	0.03125777	0.0183408	-0.0230912307	-0.0235346476	0.017179418	0.0616471205	-0.1975108161	-0.1069979809	0.0613476121	-0.0081407501	-0.0084863508	-0.0997000152	-0.0810805505	-0.2279282703	-0.0458060634	0.0087251119	0.1121039904	-0.0686355398	-0.0913796426	-0.0623174961	0.0276791873	0.0482874621	-0.0289707493	0.1082005452	0.0275889518	0.0313405097	-0.019335918	0.0194463795	0.184632298	0.0030479509	0.1054732124	-0.0222911988	-0.0255572926	-0.1734786738	-0.0331003817	0.0914820136	0.0561819675	0.0359403016	-0.1664972172	0.0638681675	0.0538671415	-0.049113485	0.0050393314	-0.1023360186	-0.0653492638	-0.0066563778	-0.0976107592	-0.0632510447	-0.0456719221	0.0271016047	-0.0335286975	-0.0277646217	-0.045281342	-0.0172175145	0.003667061	0.0248614948	-0.0564572032	-0.2434881184	-0.0474287186	-0.0180467846	-0.0284622179	0.1905733127	0.0078636811	0.0257419603	0.013820121	-0.034861141	0.0071068336	-0.0878232266	-0.1099547179	0.1219014925	-0.1003549405	0.0104045046	0.0898053572	-0.1232240596	0.014562286	0.1462210442	-0.0822880701	0.1451668784	0.0615056438	-0.015420964	-0.115366384	0.0304826349	-0.0766705763	0.044747099	-0.1482738175	-0.2109192712	-0.0307183062	0.3076476576	0.0409753567	0.0524306096	-0.0493666082	-0.1653615321	0.0736224476	-0.0064538465	-0.0103827932	0.1377626478	0.0560781847	0.0436530358	0.0863541457	0.0098944295	0.0094860226	-0.0410382773	0.0475863804	0.0683136226	0.0353014672	-0.021664046	0.0010626015	0.032333367	0.1567557113	-0.0382507977	0.0670918456	0.0073469856	-0.1245766334	-0.1707524505	-0.0614492266	-0.0485253524	0.0288206743	-0.0835987331	-0.1065490645	0.1224030959	-0.0295788219	-0.1521836556	-0.0743173743	0.02974376	-0.1057798451	-0.1584297664	0.0668866673	-0.0022391837	-0.1068543223	-0.0532745972	0.0735164767	-0.0684721178	-0.0259981936	0.0340728432	-0.1048048105	-0.1063768479	-0.0268724253	0.0914908761	-0.1127264862	-0.0718993278	-0.1063104104	0.0232899487	-0.0221357841	0.0775606296	-0.0818429394	0.010760836	-0.022563559	0.1836803925	0.1970337131	-0.111456916	0.0452258463	0.1677798617	-0.0085849359	-0.0832241186	-0.1287241521	0.0043958095	-0.1604229338	0.034678815	0.0497167337	-0.0836813023	0.0876277006	0.0425606812	0.0979120252	-0.0396208051	0.0344359753	0.1636027602	0.1092000666	0.0902451887	-0.0420629336	0.0333035837	-0.1618673	-0.03228645	0.0358061238	0.038318426	0.099788913	-0.1681817344	-0.0892673593	0.0201633491	-0.0933283193	0.1436588655	0.0268149984	0.0640605014	0.0267236283	-0.0258643242	0.0887211935	-0.0314485962	0.0027073917	0.0600017919	0.1110749648	0.0328799174	0.0398826422	-0.0284776246	0.0737518302	-0.0857540434	0.0052495325	0.0781676667	-0.0078493799999999	-0.0007843699999999	6.152362968998441e-07	6.161276638439844e-05	0.0140022	-0.0161067	0.00025942578489	0.0001960616048399	0.0166443	-0.0030395	0.00027703272249	9.238560250000005e-06	-0.000717362	0.000151496	2.2951038016e-08	5.14608239044e-07	0.000656997	-7.504799999990001e-05	5.6322023039849934e-09	4.31645058009e-07	-0.0007341719999999	0.0	0.0	5.390085255838532e-07	0.0	0.0	0.0	0.0	0.0	0.0	0.0	0.0	0.0	0.0	0.0	0.0	0.0	0.0	0.0	0.0	0.0	0.0	0.0	0.0	0.0	0.0
559.1429031781354	0.8308565418224134	312640.7861744737	0.6903225930890998	759.1370312033421	6.462491048524612	576289.0321442239	41.76379055226074	517.3145994277224	1.412025498097364	267614.39478106494	1.9938160072771087	534.8433513093197	572.2886068348191	1.350535	60.242435	0.04322544	0.0229075	0.0252094475	0.0337675267	-0.0582366728	-0.1051911832	0.1864916936	-0.0729728675	-0.0648848079	0.0591279714	0.0270140021	0.0298528742	0.2145044924	-0.0442823859	0.0390688248	-0.0375555676	-0.0898333945	0.1738259788	-0.0010021827	0.0449069484	-0.0806843416	-0.0463846987	0.1088417588	-0.0526385919	0.0880067035	-0.1262397493	-0.0946690762	-0.0425035792	0.1331793346	-0.0271710561	-0.0542384524	-0.0857216843	0.0465588427	-0.0010043952	-0.1234013978	-0.0761285666	-0.1209205733	0.0471126797	-0.0841104614	0.0141859703	-0.0002747845	-0.00538615	-0.1304140896	0.0054195365	0.0468510221	0.111612026	-0.0038789105	0.0974194969	0.0408281564	-0.103422504	-0.1462698133	0.0535917801	-0.0482082135	-0.0044230358	-0.0102567164	0.0869941805	-0.0565163584	-0.0561850399	-0.0223116572	0.0691643595	0.1292171687	-0.0140435217	-0.0232362727	0.030682429	-0.0991241703	0.0606157942	-0.1766970291	-0.0297586242	0.0848420969	0.0550957071	0.0778986224	0.1191021184	0.0563119486	-0.1093723393	0.0127969916	0.0047075278	0.1030675467	-0.0437853624	0.0517295829	-0.0183305874	-0.0336443361	0.05146111	0.1105442527	-0.065864084	0.0540639298	-0.0373857461	-0.0530720629	-0.023179689	-0.0691224259	-0.1676775127	-0.0558074248	0.1254360361	0.0170146505	0.0209550316	0.1886148282	0.0959331316	-0.0046824807	-0.0866357475	0.0157974916	0.0318940835	0.0152828448	-0.0073478841	0.0741113278	0.1926595553	-0.0016857307	-0.1018294998	-0.013306511	-0.0369595094	0.0281062239	-0.011340165	-0.0314223971	-0.1970848441	0.1774416666	0.0174891915	-0.0609255671	-0.0444775376	0.032891139	-0.0752345371	-0.0288180401	0.0936475159	0.0398686133	-0.0569915373	0.0537042837	0.0798999537	0.0101678431	0.0447607912	-0.1417293562	0.0399507524	-0.1302975887	-0.0517976895	0.0071885071	-0.0786400422	0.0721036765	0.0133710127	-0.0037610242	0.0426111732	-0.1061145856	-0.0638809823	0.1778657458	-0.0622198995	0.0909738418	0.1069092823	0.0619255337	-0.0479603368	0.0158313224	-0.0698189783	-0.0724032079	-0.1410829433	0.0905755786	-0.022733684	0.0796072412	-0.1185471511	0.0306369365	-0.0103526976	-0.0290747183	0.0108182287	-0.1102922691	0.002833771	0.1331157993	0.0479391635	-0.002509975	0.0399318534	-0.014975922	-0.1045979507	0.0361695831	-0.0211293481	-0.0120065531	-0.1384486785	-0.1204858198	0.05625018	0.1132917787	0.0054831064	0.0041868784	0.035158205	-0.1349322409	0.2095215803	-0.0353595641	-0.0731809751	-0.0592874531	-0.0465884459	0.0437481474	0.0385416658	-0.0320809635	-0.0460907943	-0.006231471	-0.1276790129	-0.1141808356	0.2773501493	0.0488419231	-0.1033817889	0.058247796	0.081175078	0.0358828611	-0.087547979	0.0104887887	0.0720729799	0.00431062	0.0121599999999999	0.0001478655999999	1.85814447844e-05	0.00858921	-0.0054129899999999	2.9300460740099997e-05	7.37745284241e-05	0.00205685	-0.01458745	4.2306319225e-06	0.0002127936975025	-0.000537599	0.000179763	3.2314736169e-08	2.890126848010001e-07	0.00061546	-4.153700000000002e-05	1.7253223690000015e-09	3.7879101160000006e-07	-0.0007341719999999	0.0	0.0	5.390085255838532e-07	0.0	0.0	0.0	0.0	0.0	0.0	0.0	0.0	0.0	0.0	0.0	0.0	0.0	0.0	0.0	0.0	0.0	0.0	0.0	0.0	0.0	0.0
557.3021885752111	-1.8407146029243224	310585.72939072014	3.388230249418845	750.7719504868536	-8.365080716488478	563658.5216378345	69.97457539336739	516.793539998637	-0.521059429085426	267075.56298432284	0.2715029286388301	534.320697688001	532.3705473767269	1.415031	63.119385	0.0624309599999999	0.0338093	-0.0350845196	-0.0116098509	0.0666788998	0.1710284001	-0.1227984037	0.0319388177	-0.1066520596	-0.0368538926	0.0127749834	-0.0562522244	-0.1923356955	-0.0850702421	0.0525976329	-0.0931174996	-0.0639550532	-0.001208598	0.0340594884	0.079461884	-0.1464163302	-0.0896104296	0.0911129086	-0.1683629512	0.0388888682	0.0598451363	0.056752987	0.0868647941	0.0942638357	-0.183637628	0.0405642316	-0.0433702674	-0.0190478057	0.0361048105	-0.0822964229	0.0051849236	0.1950772556	0.2101054593	0.1021041683	-0.0308450494	-0.0487236162	-0.183950359	-0.0761420757	0.0518549246	-0.0468389718	-0.1227067182	-0.0261825467	0.0482314291	0.0506804617	0.0520695974	-0.005194427	0.1620150672	-0.0187051569	-0.2021180712	0.0698094911	-0.0597542149	0.0366307257	0.0799251234	0.0407065387	-0.0344140051	-0.0048981688	-0.006035216	-0.0421345531	0.0570750397	-0.1384946739	-0.073929981	0.0922502964	-0.1098534778	-0.0447247556	-0.0555804441	0.0972076262	0.0547915971	-0.0225255421	0.1269435475	-0.0598158981	0.0286764859	-0.1045076364	-0.0344611077	0.0308017414	-0.0832139047	0.0983546555	-0.0487710569	-0.1067406059	0.0399591249	-0.0141949742	0.0343487974	0.0791037168	0.0638923405	0.1380028475	-0.0210469962	0.0468812416	0.1135450303	0.0897440476	0.0210349606	-0.0943756437	0.0689440271	-0.0342524267	0.0757833623	0.1480131837	-0.0863785832	0.0258987169	-0.0287950922	0.2010707383	0.0713572975	-0.006589129	0.1734946416	0.000501571	0.0370503401	-0.0479998598	-0.1309520997	0.066027787	0.0683348245	-0.1474554678	0.0100511499	-0.1030811812	0.1240315196	-0.1062987555	-0.1004228364	-0.0256029136	-0.0819679302	0.0398877188	0.0335761853	0.0565357262	0.0569907639	0.1507428775	0.1290674429	-0.0927864316	9.53919e-05	-0.0623903933	-0.0655416803	-0.0110162365	0.042700394	-0.1068582827	-0.0052387564	0.0003956047	-0.0229868264	0.0933340511	0.0018170363	-0.0896366074	0.0620930435	-0.0395734985	-0.1053773344	0.1275028038	-0.0850596421	0.0208241996	0.0903765057	0.0193345603	-0.0524405427	0.087093082	-0.0251983672	-0.1350160723	0.060489443	-0.2025041604	0.0643255329	0.0614833873	-0.0582201059	-0.0658590018	0.079247179	-0.1429440102	0.1220157062	0.1191256783	-0.0102180988	0.0924091989	-0.0428794934	0.0507488392	0.1481040071	0.0139466334	-0.0409985908	0.0484166262	-0.1103755026	0.0315309754	-0.0292040246	-0.0213860363	-0.0310724831	0.2114611524	-0.0339783633	-0.0132395552	-0.1412643689	0.017020989	-0.0493279752	0.1354347224	-0.081707609	-0.1101688268	-0.1135955929	0.1468919886	-0.180996328	0.0641506286	-0.0110830712	-0.1847724321	-0.1769604132	0.0114161535	-0.0193967771	0.0627623061	-0.0892990645	0.0157075127	0.0656609137	0.00316495	-0.00114567	1.3125597489000005e-06	1.00169085025e-05	0.0318976	0.02330839	0.0005432810443921	0.00101745688576	0.0203791	0.01832225	0.00041530771681	0.0003357048450625	-0.000706373	-0.000168774	2.8484663076000003e-08	4.989628151290001e-07	0.000391141	-0.0002243189999999	5.0319013760999986e-08	1.52991281881e-07	-0.0007341719999999	0.0	0.0	5.390085255838532e-07	0.0	0.0	0.0	0.0	0.0	0.0	0.0	0.0	0.0	0.0	0.0	0.0	0.0	0.0	0.0	0.0	0.0	0.0	0.0	0.0	0.0	0.0
558.3713783813671	1.0691898061560323	311778.59619550785	1.143166841587974	758.4634909111154	7.691540424261802	575266.8670450756	59.15979409805343	517.0478258830391	0.2542858844020657	267338.4542503775	0.0646613110061407	534.7923092160587	575.3324565014647	1.42952	63.76569	0.0463488999999999	0.0211372	0.0190042253	-0.0181321257	-0.0977082698	-0.1738087454	0.0437802778	0.1075570043	-0.0893545741	0.0078101275	-0.0191671236	0.1752512634	0.0621121926	0.0880101839	-0.0864393273	0.0806300093	-0.0688773788	-0.0782218168	-0.0604728322	0.0324326202	-0.062360261	0.1146308191	0.0209885197	-0.1028538203	-0.087633563	-0.0386684138	-0.0634225401	0.1532349072	0.0147488886	0.0756416257	0.0086976705	0.0355413197	-0.0317827107	0.0776470833	-0.0068307124	0.1749542928	0.0622821936	-0.0332792294	-0.0192380615	0.008261427	0.0466999239	-0.110968027	-0.0043762035	0.0730308087	-0.0141808327	0.0477051857	-0.0171756951	-0.142777021	0.0269767493	-0.0761282024	0.0952438681	-0.0129211654	-0.071677316	-0.0046815886	-0.0545303385	-0.032744869	0.0576586572	-0.0182169528	-0.0269871246	-0.1357965484	-0.0003699666	-0.0702054086	-0.1793559682	0.1964780543	-0.019193062	0.0696180242	0.0650876512	0.169755791	-0.0095565782	-0.0795898809	0.0198707696	0.0049439482	-0.1984796349	-0.0016459665	-0.1339400684	-0.0376648639	0.2541393254	-0.2265351006	0.0408093595	0.0637664958	-0.0643683026	-0.0740863765	0.0892905281	-0.0550475812	0.0491173325	0.0352963911	0.0641581532	0.0966353885	-0.0250622124	0.0022760494	-0.0298464733	-0.0932493786	-0.0027683365	-0.0595977775	-0.1604602809	0.1121941477	0.1579629295	0.112644503	0.0398281852	-0.0165080556	0.0025915356	-0.0226997608	0.1067355691	0.1260225546	-0.0950767784	-0.0898197528	0.0639801594	-0.0176280272	-0.0384084197	0.1473203126	0.074208782	0.0217233946	0.1253601283	-0.0763242009	-0.0038523585	0.0664502596	-0.1370214264	0.0354244031	-0.0411705452	-0.1188007165	-0.0785480669	0.0367909618	-0.1690663249	-0.1788013454	-0.015499557	0.0810770449	0.1752913395	0.0776549973	-0.0953301363	-0.0641114261	-0.0595233328	-0.0828424835	-0.0571791438	-0.0194070006	0.1441845276	-0.0473360608	0.0070464532	-0.1172871432	0.0925667621	0.0292575041	0.1101460068	0.1256748599	-0.091910394	-0.0749587031	0.1815060977	0.1007446528	-0.0026228149	0.0160474969	-0.0544158802	-0.0025487996	-0.1307121023	-0.1691019497	-0.1094945993	-0.0909567045	-0.0555198986	0.0385375355	-0.1893883908	0.0035712805	0.0016589851	-0.0232265396	-0.0201147784	0.1594157023	0.2074463277	0.0358018209	-0.023029656	0.0851863664	0.086076631	0.107919498	0.0040364344	0.083141483	-0.1242909167	-0.0123379258	0.0310843833	0.1197477873	-0.1086582989	0.0784825237	0.171851008	-0.0713707237	0.0105529223	0.0404011014	0.0768778556	0.0360787859	-0.1264900284	-0.0628501758	0.2258383046	-0.049828324	0.0632812597	-0.0210830912	-0.0346883895	0.0743326809	0.0554677497	0.1519244666	0.0764882804	-0.0910064429	0.0208954884	0.0589597043	0.0026526	-0.00051235	2.625025225e-07	7.036286760000001e-06	0.0243423	-0.0075552999999999	5.708255808999996e-05	0.00059254756929	0.0112955	-0.0090836	0.00012758832025	8.251178896000002e-05	-0.000995209	-0.0002888359999999	8.342623489599993e-08	9.90440953681e-07	0.000579827	0.0001886859999999	3.560240659599999e-08	3.36199349929e-07	-0.000627741	0.0001064309999998	1.1327557760978706e-08	3.940587630810001e-07	0.0	0.0	0.0	0.0	0.0	0.0	0.0	0.0	0.0	0.0	0.0	0.0	0.0	0.0	0.0	0.0	0.0	0.0	0.0	0.0	0.0	0.0
557.7518623946036	-0.6195159867635311	311087.1400046488	0.3838000578555917	750.7236085181163	-7.739882392999107	563585.936386462	59.90577945745758	516.3034180559484	-0.7444078270906402	266569.21949625545	0.5541430130338085	534.1105457985473	537.8199285401507	1.368909	61.062046	0.0665702899999999	0.0341152	-0.0127413319	0.0105323598	0.0591918797	0.1909092914	-0.0096036851	0.1377779078	-0.0298584963	-0.021753094	0.0133543529	-0.1428850878	-0.1257234177	0.1184043523	0.0281453134	-0.0446026091	-0.0855409893	0.0328109205	0.1128989751	0.0386320404	-0.0267914396	-0.0520587497	0.0481421974	0.0630296006	0.0120358406	-0.0266067652	-0.0156249598	0.0476647927	0.008279564	-0.0558340847	0.0734402109	0.0141599505	0.0119087616	-0.1294927559	-0.0120193769	0.0911489256	-0.0365127525	0.0501144311	-0.0700490449	-0.0276409931	-0.03384552	-0.107982156	-0.1494190983	0.0281513379	0.0501141814	0.0854626793	-0.0223641937	0.1728310583	-0.1092095093	0.0215577091	0.0665582531	0.0303862283	0.0812595754	-0.0504412681	-0.0626482246	0.0001116475	-0.0223675563	0.1026176961	0.0185676255	-0.0665209435	-0.0542855668	0.0968749219	0.0073135614	-0.0246220525	-0.147733164	-0.0473660925	0.0309935808	0.1416160186	-0.0065478793	-0.2000101257	-0.1659137451	-0.089468049	0.0282356768	-0.1166999543	-0.1358436095	-0.2181003805	0.0435267048	0.0200916792	0.0235540426	0.053392264	-0.023617114	-0.0420341803	-0.0184963304	-0.1758092142	-0.1530191452	0.0717606526	-0.0530327684	0.0353350041	0.0263760939	0.0685298016	0.1154943591	0.1203938818	-0.0777684198	0.0285762179	-0.0318990583	-0.0580791517	0.0276510089	-0.1766852036	0.0676531554	-0.0737626795	0.057121801	0.0230166148	0.1364540901	0.0230316545	-0.0153738953	-0.1489629722	-0.0079379461	-0.0195440715	-0.0236383545	-0.0606607945	-0.2090038779	-0.0155780508	-0.0645778224	0.1169900546	0.0082294416	0.0311721837	-0.038119223	-0.0780150401	0.023664619	-0.1048493989	0.0001448362	0.0706587291	-0.1278663886	0.0094093751	0.0052714829	-0.0323852719	0.0491626372	-0.0035161151	-0.0048643089	0.0208179001	0.0307780275	-0.0638984059	0.0069303055	-0.052415231	-0.0697613763	0.1346420889	0.0560477871	0.1793193148	-0.0083675008	-0.0658326541	0.0114055208	0.0479810948	-0.1025187276	0.0219307466	0.2244362995	-0.0065098871	0.1104110471	-0.0954338497	-0.003843375	-0.2004920062	0.0872267454	-0.0915441635	-0.146971642	0.1135824158	-0.0108119491	0.1402026245	0.0194857156	0.1107150798	-0.0258518369	-0.0553810332	-0.0393471241	-0.0051813872	0.0377325573	-0.1213820771	-0.184511753	-0.0504673477	0.0493294535	-0.0543109729	-0.0037595617	0.0383488543	0.0963179165	0.0310503546	-0.0210187247	-0.10620405	0.1769125345	0.0186660838	0.0822542291	0.0006815062	0.1216904372	0.0102809502	0.0285799313	-0.0006130464	-0.0180858074	-0.1687992205	0.1046848898	-0.0924315107	-0.1135719873	0.080136944	0.0064010707	-0.11692686	0.1926235303	0.0344467514	-0.0527513614	-0.0926692784	0.0260425603	0.051998861	0.00712193	0.00446933	1.997491064890001e-05	5.07218869249e-05	0.00427014	-0.02007216	0.0004028916070655	1.8234095619600005e-05	0.011451	0.0001554999999999	0.0001311254009999	2.418024999999981e-08	-0.000519942	0.0004752669999999	2.2587872128899994e-07	2.70339683364e-07	0.0008355949999999	0.0002557679999999	6.541726982394884e-08	6.982190040248328e-07	-0.0007341719999999	-0.0001064309999998	1.1327557760978706e-08	5.390085255838532e-07	0.0	0.0	0.0	0.0	0.0	0.0	0.0	0.0	0.0	0.0	0.0	0.0	0.0	0.0	0.0	0.0	0.0	0.0	0.0	0.0	0.0	0.0
558.0466440639773	0.2947816693737195	311416.0569510673	0.0868962325987569	758.491191536893	7.76758301877669	575308.8876390557	60.335345953588	516.7217856095999	0.4183675536514784	267001.40372357337	0.1750314099483226	534.3688579016709	541.1590616313664	1.271034	56.69619	0.10910333	0.058278	-0.0280483346	-0.0184162619	-0.0251471313	-0.1521803678	-0.0317036499	0.1647048244	-0.0410894916	-0.0095748039	-0.0578043574	0.1376124608	-0.0187324416	0.0550725683	-0.0521679738	0.1219338652	-0.0528171507	-0.1234397342	0.0357976502	-0.0107120432	0.0267101994	-0.078937673	-0.0217467571	-0.0909404244	-0.0037892457	-0.0777736189	0.0584577489	0.0812704565	0.0182174167	-0.0561251854	-0.0323837347	-0.0239969775	0.0942278087	0.0381113214	0.0448688396	0.2050744105	0.053166182	-0.0430977037	0.0100952544	-0.0236491882	-0.0869109829	-0.1502505989	0.0406333858	-0.0282073349	-0.0294154296	-0.1294003346	0.0106260111	-0.0580404827	0.1375723111	-0.0120099362	0.0493825988	-0.0931191162	-0.034091181	-0.0014842576	-0.0226093719	-0.0800301455	0.1927718244	-0.0359777045	-0.0059188638	-0.0836858385	0.0065242043	-0.1207785445	-0.0085355398	-0.0011925522	0.0908326955	-0.0883044551	-0.0140162443	-0.0491734161	0.0046286705	-0.0602614875	-0.161681302	-0.1351077768	-0.0349211191	-0.169285977	-0.0648606011	-0.0227759688	0.051651056	0.0093543741	-0.0310192026	0.0136327235	-0.0678983021	0.0719106888	0.2474759098	-0.0433398309	0.0253114135	0.0046917664	-0.1235837941	0.0130936646	0.1291315885	-0.1146041388	-0.0764419422	-0.0285729084	-0.0380075124	-0.0126052997	0.1222756823	-0.0336288878	-0.138354714	0.0048448417	0.0009453217	0.0446706445	-0.0198288124	-0.0962164438	-0.0966020017	0.0035846769	-0.0584000695	0.0005509693	0.0134498119	0.0360536434	0.006994731	0.0371187158	0.1695718147	0.1223097077	0.071521429	0.0131784077	0.1629544311	0.1340817339	0.0067329759	0.0409430828	0.1193665332	0.0368197691	-0.1192797985	0.0295226166	-0.0893719418	-0.0919805202	-0.0710669538	0.0802862698	0.0704024162	0.044487222	-0.0535145704	0.0834385439	-0.0814474797	-0.0347643893	-0.0029689539	-0.1323738637	-0.0607331124	0.0797062501	-0.0503754358	0.0069340096	0.0619764883	0.0061416221	0.0908028689	-0.0329612505	-0.1741283898	-0.0016724997	0.0640289563	-0.1305427198	-0.0236155399	0.0347846843	0.1359319625	0.002066396	0.0053217836	0.0406323219	0.1105390378	0.088105353	0.0633941677	0.0381762302	-0.0584434633	-0.0098654841	0.0238322621	-0.0585458926	0.0245581144	0.0244207862	-0.116296315	0.0727623446	0.1008147273	-0.0453002005	-0.1620214619	0.1068702254	-0.0528053628	-0.1509031885	-0.0195857529	-0.0410883881	-0.0431761742	0.1417781201	-0.0564281114	0.0341602814	0.1761261301	-0.0237625544	0.0208738801	0.0067056267	0.0641805794	0.1013838662	-0.1182583977	-0.0613033721	0.2160074851	0.0306983388	-0.074578847	0.0648383812	0.1084304019	-0.0891743759	0.0437386521	0.0956600372	0.0550324048	-0.0942867573	0.0311386526	0.0448090364	0.00553806	-0.00158387	2.5086441769000006e-06	3.06701085636e-05	0.0349166	0.03064646	0.0009392055105316	0.00121916895556	0.0334071	0.0219561	0.00111603433041	0.00048207032721	-0.00124034	-0.0007203979999999	5.189732784039999e-07	1.5384433156e-06	0.000457655	-0.0003779399999999	1.428386435999244e-07	2.0944809902500002e-07	-0.0007341719999999	0.0	0.0	5.390085255838532e-07	0.0	0.0	0.0	0.0	0.0	0.0	0.0	0.0	0.0	0.0	0.0	0.0	0.0	0.0	0.0	0.0	0.0	0.0	0.0	0.0	0.0	0.0
558.0015371352786	-0.0451069286987149	311365.7154453337	0.0020346350166309	752.1751664882753	-6.316025048617689	565767.4810816647	39.89217241476609	516.4387194943254	-0.2830661152745506	266708.9509929385	0.0801264256166251	534.1143776413434	533.8277722374692	1.254687	55.966991	0.0779344099999999	0.0387243	-0.0222878454	-0.0017749619	0.0629356818	0.1900280349	0.0681463534	0.1430013043	0.0023160711	-0.0301796713	-0.0465586756	-0.1321936133	-0.0772560684	0.1731452767	0.0324780147	-0.0317670204	-0.1275603853	-0.0715060097	-0.0444544746	-0.0030952818	-0.0310957904	0.0254194257	-0.0354239652	0.1544229792	0.028569361	-0.0266825283	-0.1702259506	0.009834404	0.0739662158	0.0282198996	0.140875018	0.1479990635	-0.1036711628	-0.0959736008	0.0913929361	0.0298958714	0.0920943258	-0.0045733159	0.0959767978	-0.0635457596	-0.0448104386	0.0532736016	-0.1556141008	-0.0054170619	0.0122212452	0.0068384113	0.0498653011	0.0617383908	-0.2303565594	0.1488075353	-0.0415969869	0.0598908314	-0.0677510581	-0.0908489143	0.0008229657	0.015236391	0.0155583825	-0.0920451777	-0.0358005509	-0.11825376	-0.0288295559	-0.0921138991	-0.1700134618	0.0610111989	0.0557899116	-0.0476367004	0.0731381666	-0.0092760055	-0.071029679	-0.0318034019	-0.0687121058	0.0479488313	0.0720758631	-0.1860478773	0.0850764528	-0.0820986076	-0.0263140541	0.0478270744	-0.1166722524	-0.0105484414	-0.0033485368	0.0928554415	0.0594326802	-0.0486120942	0.028663419	0.0489094941	-0.1067729834	0.0076211699	0.0102145444	0.0550257726	-0.0141590792	-0.1229280284	0.1127683767	0.0591328631	-0.1368088849	-0.0359369945	0.0907687878	0.0589409966	0.1164585359	0.0343632897	-0.0892019672	-0.1091185785	0.0191921686	0.0809449371	-0.0089376761	-0.0089364813	0.0072683436	0.0262482652	0.0122251844	-0.0714335962	-0.22298322	0.0060653507	-0.09838952	-0.1241525808	0.1193067602	0.0702441125	-0.0446586197	0.0485770714	-0.0669730654	0.0973417146	-0.0267638786	0.0138523004	0.0061761862	0.024848497	-0.1343798903	0.0803844409	0.0539844367	0.0577525929	-0.2351254451	-0.0401867091	-0.0084483068	-0.0527772418	-0.0824908951	0.0002800842	-0.0611505382	0.0784924709	0.0279880495	-0.0054333575	0.003957976	0.0261267892	0.1105108135	-0.0358074154	-0.1082049342	0.1154972512	0.0414764376	-0.1044525929	0.063476706	0.0946753297	-0.0681545986	-0.0079759102	-0.0483258526	0.078298862	0.0900333726	0.0218191207	0.0582973517	-0.0086538855	0.0391057519	0.0205551398	0.0664285416	-0.0053717383	-0.0333138216	0.0092836775	0.1773868394	0.0888963427	-0.0970782438	0.1311119726	-0.0453138477	-0.0033869326	0.0225518824	0.0818057806	-0.0911721566	0.0470616269	0.0316312217	-0.1756574604	0.1424013927	0.116666556	0.1155892892	0.0337830413	0.0560601801	0.1046603973	0.0402634989	0.0696494811	0.0380224555	-0.0586127636	0.1036517337	0.0276312811	-0.0934762519	0.0884503725	0.0801882203	0.031162938	0.0705109524	0.0740712521	0.1056071198	-0.0958580879	0.0361737896	0.0374218916	-0.00248105	-0.00801911	6.430612519209999e-05	6.1556091025e-06	0.0135627	-0.0213539	0.0004559890452099	0.00018394683129	0.0239692	-0.0094379	0.00057452254864	8.907395641000004e-05	-0.000785609	0.0004547309999999	2.067802823609999e-07	6.17181500881e-07	0.000785394	0.000327739	1.0741285212100001e-07	6.16843735236e-07	-0.0007341719999999	0.0	0.0	5.390085255838532e-07	0.0	0.0	0.0	0.0	0.0	0.0	0.0	0.0	0.0	0.0	0.0	0.0	0.0	0.0	0.0	0.0	0.0	0.0	0.0	0.0	0.0	0.0
558.3519864110243	0.3504492757457456	311756.9407291367	0.1228146948707176	758.5729945061875	6.397828017912161	575432.9879940843	40.932203346781854	517.0479740417204	0.6092545473950395	267338.6074606476	0.3711911035215344	534.8653548494415	553.4469447480575	1.281715	57.172646	0.06662891	0.0434927	-0.0143455048	0.0281505708	-0.0486962049	-0.1625385115	-0.1150825616	0.1177815726	0.0055817754	0.0348644863	-0.0471037466	0.1782921928	-0.0467886459	-0.0495080551	-0.035692748	0.1117670044	0.0086764558	-0.0469718766	0.1283278816	0.0362821727	0.0233295766	-0.0786995743	-0.0819321948	-0.069861279	0.0186499166	0.0165160897	-0.1849018186	-0.137374712	-0.1661790527	-0.1194027796	-0.0988224555	-0.013327955	-0.0763355662	0.0031517298	-0.0551013461	-0.060216533	0.0799954739	-0.0791584776	0.0552589996	-0.0118386907	0.0493109563	-0.0364187519	-0.0095531708	-0.0047162059	0.0221753169	0.0296800881	0.0289483341	-0.0237699768	0.1975840576	0.1941204043	0.0010722607	-0.0442475644	-0.0336198343	0.0607702625	0.0667345133	0.0041661347	0.0635736083	0.0367549717	-0.0391364164	0.0799954916	-0.1433908471	0.028598203	-0.0348486422	-0.1362524779	0.0022401541	0.013822192	0.0301421586	0.04686842	-0.0783562166	0.1205190775	-0.0498680289	0.1176308368	-0.1226582193	0.0201356082	0.0369274396	-0.0514425077	0.0125678141	0.0497123591	-0.0167720377	0.0062774394	-0.074403313	0.1209190288	-0.0271376892	-0.0025296352	0.0191323307	-0.0250729127	0.0531493745	0.1070271581	-0.0524541943	-0.0421948326	-0.0798483667	0.0737303603	-0.0847904737	-0.1586914282	-0.0957438304	-0.0937132684	-0.1510110507	0.1767645213	-0.0404916481	0.101369191	-0.0414565043	0.0319495026	-0.0493530416	-0.0310279	0.0404013621	-0.0045913114	0.0128422403	-0.045965985	-0.0004531425	0.1247604223	0.1898103869	-0.0370631901	-0.0918733022	0.1045860313	0.1230584698	-0.0237311122	-0.0237196209	0.0982652616	0.0417247983	-0.0113536675	0.0653722185	-0.0172878101	0.0350849932	0.1363275656	-0.0214491772	-0.020373236	0.0860750847	-0.059865678	0.0162008236	-0.0397611173	0.0352255692	-0.1187600722	-0.0920173601	-0.0092889982	0.1049201968	-0.0410169568	-0.055952717	0.0308708362	0.0741326315	0.0721104677	0.0937058012	-0.0043803921	0.021573411	-0.0178462298	-0.1243744702	-0.0817650961	0.122775471	-0.0230349073	0.0240903102	0.0744810961	-0.0286036585	0.0168112309	-0.0454169411	0.0761516089	-0.0734777446	-0.0054459504	0.116497817	-0.1166757356	-0.0877962333	-0.0401439565	0.1129697534	-0.1689831501	0.0228165871	0.0837547503	0.0673147325	0.0238071752	0.06454172	0.0016583282	-0.1071411405	0.0019089549	0.0648834472	0.0096636131	0.0026795395	0.1659400487	-0.0179385994	-0.0962592643	0.1379026958	0.0753371454	-0.013936322	-0.1501087237	-0.0361329341	0.0189110727	0.0245308356	-0.0397377027	-0.1285852731	-0.1570595973	-0.1122599283	-0.0124363782	0.031821674	-0.0393665822	0.1285402351	0.0104888907	0.035648024	-0.0973825011	0.0411381146	0.0298699563	-0.0020363	0.0004447499999999	1.9780256249999986e-07	4.14651769e-06	0.0042525	-0.0093102	8.667982404000001e-05	1.8083756250000003e-05	-0.00145646	-0.02542566	2.1212757316e-06	0.0006464641864355	-0.000206844	0.000578765	3.349689252250001e-07	4.2784440336e-08	0.0008355949999999	5.020099999989997e-05	2.520140400989957e-09	6.982190040248328e-07	-0.0007341719999999	0.0	0.0	5.390085255838532e-07	0.0	0.0	0.0	0.0	0.0	0.0	0.0	0.0	0.0	0.0	0.0	0.0	0.0	0.0	0.0	0.0	0.0	0.0	0.0	0.0	0.0	0.0
557.9282175546634	-0.4237688563608799	311283.89594372385	0.179580043621408	755.278003658079	-3.294990848108455	570444.8628097333	10.856964689118476	516.522785706967	-0.5251883347533521	266795.7881544854	0.275822786960999	534.0906758507482	567.5671998333318	1.255554	56.005699	0.06781007	0.0381607	0.041674018	0.0122195909	0.0687490867	0.02431458	0.1996851155	-0.0399234881	0.0980836512	-0.0279612676	0.048372335	-0.0104668302	0.0665405223	0.1622474096	0.1817504044	0.0066431021	0.0963082687	-0.0676572007	-0.0158521694	-0.0627496693	0.0182191608	-0.0115615169	-0.10366356	-0.0444790923	-0.1417966238	0.0197799662	-0.0262057161	-0.0829386939	0.070117527	0.0969926496	-0.0817996476	0.0426737195	-0.0064789838	-0.0809665188	0.0592004374	-0.0050947232	0.0560769192	0.1824358907	0.0525307258	0.1188465169	-0.1136075478	-0.1083754147	0.0304133571	-0.0586443466	-0.0505875976	-0.0183232819	-0.0176794287	0.0315893695	-0.1456928014	-0.1171422227	-0.0860866758	-0.0431552554	-0.0972110294	-0.0352044105	0.1085352102	-0.1862809988	-0.0625329211	0.1292424	-0.0557513629	0.0953023592	-0.0713021375	0.0641330921	0.0485236866	-0.014149023	-0.0578663613	0.1230199645	0.0373510691	0.0323069664	-0.0330146294	0.0037241946	0.0939773921	-0.0929586826	0.053112177	0.0190394196	-0.0413981495	0.0025904842	0.0891595497	-0.0316604465	-0.1230594336	0.0701346149	-0.0569718638	0.0521786308	0.0341041348	0.0555305494	-0.2269593478	-0.002433624	0.0029597004	-0.1162947111	0.0530293125	-0.1123471693	0.0683609712	0.062286976	0.0984758943	-0.059185325	-0.0379213408	0.0108364684	-0.0297691827	0.0759982695	-0.054613955	-0.0079434708	-0.0023302165	0.0964920891	-0.012013103	0.0007592649	0.095594349	0.0134579657	-0.0326785727	0.0569225587	0.0274072279	-0.0478891353	-0.1531697874	0.051233586	0.1259694004	-0.055025349	0.0437068662	-0.061493569	-0.0418228222	-0.0217614468	0.0865918486	-0.1599194771	-0.0714432235	-0.1707069733	0.1162482443	0.0383539569	0.0965871568	-0.0297666728	0.0574401293	-0.0102797911	0.0765462099	0.0490873842	0.0889485662	0.0444125826	-0.0262193497	0.1441589394	-0.0309140683	-0.0206887814	0.0745525803	-0.0864670868	0.0300485241	-0.1340720986	0.0140204001	-0.0292570456	-0.0308767079	-0.0776078807	-0.0567300798	-0.1547142659	-0.0685350521	0.0382778162	0.1219563396	-0.0209823914	-0.0026321903	-0.1157430028	-0.154871462	0.0180772082	0.0982335283	-0.0089359613	0.0547113761	-0.0767264	-0.0557358291	-0.0649465745	0.0097188731	0.0251611473	-0.0439272825	0.1018783429	0.0824467226	-0.0066964449	-0.0679778224	-0.0082628986	0.0551816124	-0.0227081006	-0.1135519763	0.0524402088	0.0124455119	-0.1411037989	-0.087720684	0.1081270758	-0.1005643145	0.1009368544	-0.0256923045	-0.0769830428	0.0130773322	-0.0812785114	-0.0187918739	-0.0287720159	0.1000989927	-0.0697307994	-0.0063902103	-0.0823957451	-0.0988806022	0.0994647947	-0.0857019816	-0.0092408613	0.1177581457	-0.0988592507	0.0460219099	0.0221864862	-0.0045309	-0.0024946	6.22302916e-06	2.052905481e-05	0.0328497	0.0285972	0.00081779984784	0.00107910279009	0.00532906	0.00678552	2.83988804836e-05	4.60432816704e-05	-0.000660317	-0.000453473	2.0563776172900006e-07	4.36018540489e-07	0.000690413	-0.0001451819999999	2.1077813123970973e-08	4.76670110569e-07	-0.0007341719999999	0.0	0.0	5.390085255838532e-07	0.0	0.0	0.0	0.0	0.0	0.0	0.0	0.0	0.0	0.0	0.0	0.0	0.0	0.0	0.0	0.0	0.0	0.0	0.0	0.0	0.0	0.0
557.4633277777027	-0.4648897769607174	310765.3618169904	0.2161225047225856	755.2629532671111	-0.0150503909678718	570422.1285777584	0.0002265142682857	516.4267951626566	-0.0959905443104389	266696.63476197247	0.0092141845970143	534.0336085150216	542.4433737707177	1.260974	56.247467	0.08495346	0.0439284	-0.0486077577	-0.0020374458	-0.025147625	-0.0072806578	-0.1573699486	-0.0948613874	0.0567471662	0.0429403276	-0.0301912779	0.0283013577	-0.1344354831	-0.0916372337	-0.089112247	0.0287246183	0.0702750862	0.0825539229	0.0015209234	-0.0245575867	0.0329837033	-0.0262038072	-0.0182694219	-0.0638479771	0.0559091312	0.0348878062	-0.0578720394	-0.149680871	0.030969226	-0.0445367463	0.0272357801	-0.1551649454	0.1082788835	-0.1019107541	0.0927138969	0.0776542227	0.0175096545	-0.0115790581	0.0225703556	-0.1039667624	-0.0236796735	0.0858941177	-0.0182090055	-0.0705726346	0.0017163629	0.0711984156	-0.0023584053	-0.0655570303	0.1671141516	0.0966635194	-0.0068380249	-0.0029115653	0.0856922103	0.1630296841	-0.0117915245	-0.0480143771	-0.0665827743	0.0462013962	-0.0467604989	0.0295916983	-0.0167818686	0.032431429	-0.149681949	0.0993824455	-0.0608008798	0.0007059659	-0.0195894333	-0.0867681153	-0.067024971	-0.0258898335	0.0065705134	0.0626536156	0.092347731	0.091845695	-0.0953920239	-0.0602037989	0.016773249	-0.0387394996	-0.0188502169	-0.0149240728	0.0122216847	0.0661272816	-0.0791947468	-0.0001582426	-0.0545994271	0.0614691194	-0.1105560653	-0.0625087975	0.0332131057	0.0172584736	-0.0084146771	0.091454474	0.1509220769	-0.1089189901	-0.0200411775	0.1204199794	0.0112879996	0.0183278505	0.1347498419	0.1185317532	0.0636860922	0.0442131897	0.170322008	-0.0004027011	-0.1243232001	0.1968030505	0.0180531057	-0.0371187931	0.0849161142	0.0828807175	0.1101455339	-0.0249839668	-0.1253531378	0.0669927953	-0.0336389893	-0.1435858745	0.0845995007	0.0108840692	0.1232636937	0.0219617446	-0.0502918649	-0.0492625454	0.0083723795	0.0936333921	-0.0402407133	0.0968102157	-0.1325988701	0.0330087479	-0.0643278657	-0.1467878916	-0.0603839743	0.0289729957	0.0387298929	0.075576712	0.0381993393	-0.0472430843	0.1666293823	0.0807633512	0.0971831487	0.0782267295	-0.0108017104	0.0488885334	-0.0486830302	-0.0331079554	-0.0169678507	-0.0156211791	0.0133828677	0.1135954867	-0.0197428254	-0.0743516363	-0.1317732889	-0.0663177276	0.0060596067	0.091219616	0.0156924565	-0.0718750148	-0.0428722587	0.11952474	-0.0779613122	0.0138310632	0.0250724055	0.0248746526	0.0176747557	-0.0089779662	-0.0057402468	0.0702171634	0.085277203	-0.0622328311	0.1460141055	0.0469198478	0.0448602953	-0.0428832709	0.021110378	0.0175866311	0.0011817031	-0.2014802753	-0.0684767452	0.0617298733	-0.0459021362	-0.0683982504	-0.0633431756	-0.0146222626	0.0168194993	-0.0896560172	-0.0789612585	-0.0956239358	-0.0379508751	0.0503816524	0.0268522978	0.0976160158	0.1685733567	-0.0094183642	-0.1319357002	-0.100287614	0.0508156151	0.0144053161	0.0017249	0.0062558	3.913503364e-05	2.97528001e-06	0.00423603	-0.02861367	0.0008187421108689	1.79439501609e-05	-0.00218263	-0.00751169	4.763873716900001e-06	5.64254866561e-05	-0.000121218	0.000539099	2.90627731801e-07	1.4693803524e-08	0.00100276	0.0003123469999999	9.756064840899997e-08	1.0055276176e-06	-0.0007341719999999	0.0	0.0	5.390085255838532e-07	0.0	0.0	0.0	0.0	0.0	0.0	0.0	0.0	0.0	0.0	0.0	0.0	0.0	0.0	0.0	0.0	0.0	0.0	0.0	0.0	0.0	0.0
558.9216715487789	1.4583437710762155	312393.4349268811	2.1267665546367973	755.25981894554	-0.0031343215711103	570417.3941136498	9.82397171112782e-06	516.9828298092337	0.5560346465771318	267271.2463175632	0.3091745281941558	534.4859537322216	574.580045776601	1.258015	56.11544	0.06522567	0.0392058	0.0617941022	0.0214171856	0.0423239319	-0.058169847	0.0958250552	-0.1087754148	0.0273327161	0.0089013079	0.0880415878	-0.0731097882	0.1424652513	-0.0154501675	-0.0655559141	0.0397848165	0.0972495266	0.0637012457	-0.0657257247	-0.0827155615	-0.0077076946	-0.0279980157	-0.0483554765	0.1061024313	0.0803018445	0.0611511478	-0.0395460521	-0.1221733704	-0.0400232905	0.088074128	0.0385345937	0.0189072215	-0.0845897274	-0.0040334807	-0.0586039829	-0.0809285614	-0.1629310483	-0.1137188476	0.0959156612	0.0079827637	-0.0094277292	-0.1172075665	-0.0037939031	-0.0888559904	0.0795358472	0.0329690993	0.0597606271	-0.0881732809	-0.0419117897	-0.1339605023	-0.0602718537	-0.115463165	0.0198394632	-0.0979716759	0.0347884772	0.0703845498	-0.0493770448	0.0161114223	-7.20171e-05	0.0814700356	-0.0601190392	0.1474609707	-0.0709349559	0.0083209253	0.0860345747	0.0974666016	0.1773170223	-0.1026906278	-0.0675711855	-0.0647553098	-0.0363033497	0.2039958049	-0.1329896108	0.1430697358	-0.0242141517	-0.0552771339	0.0045250617	-0.0243576635	0.1366402727	-0.0170388278	-0.0958739455	0.0349296382	-0.0052244331	-0.0689685695	0.0970071469	0.1442166371	0.1059468518	-0.0336450284	0.0009879016	-0.0411543654	-0.069735108	-0.1162963414	0.1368903388	-0.1425140936	0.1663557884	0.1524141856	0.0147538148	-5.42667e-05	0.0390872696	0.0269677391	0.0313512036	-0.0707243057	-0.0453407122	0.0777475998	-0.0144728134	0.0993933075	-0.0937168964	-0.0098168896	0.0682810436	0.0390216954	-0.0323093663	-0.0828276694	0.1047909363	-0.1436141962	-0.0590798171	-0.0008803841	0.1428700781	-0.0445004839	-0.0648394509	-0.0695341553	-0.0355713999	0.0225231497	0.0171683392	0.0680569889	0.0065565213	0.0226829514	0.0932830329	0.0253937973	0.0716310792	-0.1875738949	0.1161522127	-0.0646332478	-0.1741442256	0.0127314463	0.1096314869	-0.1007095732	0.05803012	0.074422816	0.0423420118	0.1566675275	-0.0472314225	0.1047906299	0.000640834	-0.044406527	0.0562109647	0.0474512512	0.1290176306	0.0513645686	0.0288695553	0.0591193951	-0.0313599506	-0.0618473749	0.1844808128	-0.028211303	0.0160078691	-0.1065137147	-0.0196043125	0.0602608228	-0.1519663211	0.1325462974	0.0227847213	0.249390663	-0.0681927951	0.0050100105	0.0690778314	-0.0229181532	-0.0074516693	0.0742605802	0.018871424	0.0359234263	-0.0664222677	0.0751202004	0.0010573206	-0.0112669635	-0.1344800427	0.037635619	-0.0939232617	-0.0026345334	-0.0300472647	0.0653915252	-0.1075204282	-0.0651140954	0.0903071824	-0.0970046935	-0.0510206544	-0.1291661807	0.0482851976	0.0405734029	-0.0854034231	-0.0043937119	-0.0053921226	-0.0204206458	0.1625003632	-0.1016668918	0.0555098464	0.006560711	0.0020777	0.0003528	1.2446784000000008e-07	4.31683729e-06	0.0361136	0.03187757	0.0010161794691049	0.00130419210496	-0.00408133	-0.0018987	1.66572545689e-05	3.605061690000001e-06	-0.000575985	-0.000454767	2.06813024289e-07	3.31758720225e-07	0.0008355949999999	-0.000167165	2.79441372250334e-08	6.982190040248328e-07	-0.0007341719999999	0.0	0.0	5.390085255838532e-07	0.0	0.0	0.0	0.0	0.0	0.0	0.0	0.0	0.0	0.0	0.0	0.0	0.0	0.0	0.0	0.0	0.0	0.0	0.0	0.0	0.0	0.0
559.6790594022037	0.7573878534248024	313240.64953333547	0.57363636051543	753.6905121379774	-1.5693068075626115	568049.3880868066	2.462723856262356	517.7561676539955	0.773337844761727	268071.4491437523	0.5980514221407129	535.1181159962676	564.6498212610217	1.088023	48.532745	0.03224478	0.0191995	-0.0208604091	-0.060521492	-0.0596780534	-0.0095276575	-0.0729904681	-0.104396467	0.0797642816	-0.016021432	-0.0567248941	-0.0727443341	0.020458469	-0.1188179119	-0.0621272402	-0.0036250961	0.0787750401	0.1140007543	0.0796935188	0.1507347148	0.0738184584	-0.0292488725	0.029416433	-0.0025202104	-0.0455629177	0.0058533997	-0.038778495	0.0456651045	-0.0189334483	0.2056363032	-0.0509061004	0.1066731296	0.1075239459	0.1509808777	-0.0482617575	0.0052631327	0.1187722455	-0.0359139034	-0.0552075822	0.1431696338	0.0019232116	0.0673636586	-0.0593429567	0.0487667525	0.0071635309	0.0215853498	-0.0305467079	0.0362661329	0.0010753643	0.0575811835	-0.0212630413	-0.0251896681	-0.1108458553	-0.0739525639	-0.0033795987	-0.1210152009	-0.0375378331	-0.1492223438	-0.0492572205	-0.0933962271	-0.1011269217	-0.0703339825	0.0436658536	-0.0207290638	-0.1896141194	-0.0004165634	0.1345698623	0.0423509415	0.0222840913	-0.0692960759	-0.0370034962	-0.1016844747	-0.0251701578	-0.0006431597	-0.0695098945	-0.0687993624	0.1763408281	-0.1365931272	0.0534274342	-0.0655429223	-0.0315412996	0.0401521313	0.1132720456	0.0320733515	-0.0303359336	-0.0014818668	0.1401388638	-0.0291707584	-0.0496657068	0.0230394503	0.0437166336	-0.0369718217	0.0445796044	0.0519275408	0.0345238622	-0.0590013083	-0.0111856738	-0.1000939385	-0.1557094873	0.0578544462	-0.0596589887	0.0163846931	-0.0577842742	-0.1200079965	-0.0012789411	0.0917655812	0.0445540235	0.0158765019	0.0104448543	-0.0649209015	0.025068987	-0.094979104	-0.0631242951	0.0249117012	0.0047988165	-0.0354308012	-0.0702294448	-0.0228079414	-0.0239423316	-0.0654308907	-0.1999275969	-0.0790341072	-0.0633415553	-0.1085341567	0.1204670278	-0.0485660243	0.1036266234	0.0078778951	-0.06754613	0.0687020196	0.0763763235	-0.0597526572	-0.0477930222	-0.1873747186	0.0928654737	0.0406924715	0.1264276318	-0.0553372323	0.032398545	-0.0387346528	0.1812846338	0.0501505367	0.0132831455	-0.0645800702	0.0253855193	0.0187868856	-0.1076857178	0.0393340916	-0.0022089395	0.0530703776	0.0399175835	-0.0222575487	-0.0840765626	-0.0552413886	0.0130538594	0.0002958175	0.0259410529	0.073616543	-0.0240556687	0.0001670298	-0.0807184714	-0.1134331266	-0.013582945	0.0376928059	-0.041336778	-0.0842215235	0.0104257859	-0.0889487399	0.0752875176	0.0517174609	0.0794464562	-0.0704014547	-0.032741722	0.0687797923	0.0235341272	-0.0464978586	-0.0874339649	0.0852918866	-0.0433193303	0.0669286551	-0.0033745008	-0.006533377	0.0543194301	-0.1629061496	-0.0724632144	0.0059923418	-0.1308918929	-0.0327317131	0.0252962496	0.1036149747	0.0401313722	-0.070256313	-0.0271983889	-0.1029964092	0.0600954145	-0.0013127847	-0.00115422	-0.00323192	1.04453068864e-05	1.3322238084000002e-06	0.0189572	-0.0171564	0.00029434206096	0.00035937543184	-0.00446524	-0.0003839099999999	1.99383682576e-05	1.4738688809999958e-07	-0.000425056	0.000150929	2.2779563041e-08	1.80672603136e-07	0.000914116	7.852100000009998e-05	6.165547441015701e-09	8.35608061456e-07	-0.0007341729999999	-1.000000000015745e-09	1.0000000000314906e-18	5.390099939288531e-07	0.0	0.0	0.0	0.0	0.0	0.0	0.0	0.0	0.0	0.0	0.0	0.0	0.0	0.0	0.0	0.0	0.0	0.0	0.0	0.0	0.0	0.0
559.5628424293059	-0.1162169728978597	313110.5746275642	0.0135063847895418	756.3237658147308	2.633253676753384	572025.6387361757	6.934024926135215	517.5549779334906	-0.2011897205048853	267863.15518373594	0.0404773036368338	535.170685263173	550.8069007182761	1.191253	53.13744	0.0755236799999999	0.0463972	0.0122136303	0.0880282134	0.0481893856	-0.0084598323	0.0773290407	-0.0534282928	0.0993262647	0.0878402532	0.0530939373	-0.0582320037	0.0975930009	-0.1338264401	0.1566063548	0.0928946034	0.0548017667	-0.0350944425	-0.0593379311	-0.0804507248	0.0452500962	-0.0367419614	0.0102745897	-0.1727863812	-0.0740613272	-0.1023870412	0.0864425666	0.2169616615	-0.0002555545	0.0823411184	-0.0299582762	-0.0856894342	-0.0656605025	0.0069386292	0.1532293948	-0.1336317728	0.043136389	-0.0803724378	-0.000841363	0.1064001482	-0.0380761427	0.0502461638	-0.0586924894	0.0852094654	0.0903009414	-0.1388024011	-0.0752385911	0.0543164455	0.0929204234	-0.1765883336	-0.0097807808	0.0353207398	0.0811726378	0.011512867	0.0033993286	-0.0292374497	-0.0951198416	0.0156153876	0.0320319167	0.106254349	-0.0349907212	0.0289509175	0.1251935001	0.062478629	0.0007990094	0.023690134	-0.0833581931	-0.0771318687	-0.0958630602	0.0095809125	0.0182486911	0.0495469472	0.0468769536	-0.0574165637	0.0038625467	-0.0887098113	0.0261306843	0.1028756776	0.1999343279	0.1238388885	0.0193874183	-0.1178990533	-0.05263088	0.0021918447	-0.0519981457	-0.0062611618	-0.0789919947	-0.1089355799	-0.0363877917	0.0076707647	-0.0623946325	-0.1805631505	0.0307253532	0.1028681823	-0.0625328901	-0.0679738581	-0.1069536164	-0.0303359589	0.1160101948	-0.0501136919	0.1270639763	0.0683307498	-0.072169524	0.0366830493	0.0381805114	-0.0934662792	-0.0326692051	-0.0787738116	-0.1009554345	-0.1350985143	0.1006248687	0.0256512323	0.1114354639	0.0168847866	-0.0444556113	-0.0699192152	0.0386946583	-0.1015267925	0.0267573848	-0.0454791545	-0.0948968468	0.0366268333	-0.0197182069	0.0562080403	0.0906504827	-0.0360493541	-0.0867784364	0.1301582051	0.1146735636	0.0693086293	0.0092533556	-0.0360576142	-0.069433845	0.0752108595	-0.0399959413	-0.0046980553	-0.0143652296	-0.0022145648	0.0055471936	-0.153583791	-0.1555304919	0.0846368821	-0.025395632	0.1829120263	0.023556333	0.1300200935	0.0647084629	-0.0999745685	0.0436855198	-0.084599308	-0.0335663766	0.0402640417	0.1287866692	-0.0936135534	-0.029832443	-0.1437351309	0.1735827096	-0.0296518793	-0.04095914	-0.0373567306	-0.0454471253	0.1096031862	0.1714311774	-0.0130209699	-0.0308604903	-0.0432484843	-0.0238874061	-0.0824724371	-0.0362011847	-0.1593782589	-0.0186217024	0.057774805	0.0278087898	0.0608960557	-0.0017998167	0.113950949	-0.1063169226	0.0820744079	-0.0827841361	0.0158439606	-0.0272654609	-0.0040142416	-0.0366981227	0.0489304172	0.1622300975	0.1143411325	-0.0946796418	-0.0159255746	0.0075172405	-0.1831415739	0.1283144742	0.0458007534	-0.0158001863	-0.1042755153	0.0645633431	-0.0091804995	0.00265887	0.00381309	1.4539655348099998e-05	7.069589676899999e-06	0.0294164	0.0104591999999999	0.0001093948646399	0.0008653245889599	0.0213449	0.02581014	0.00045560475601	0.0006661633268195	-0.00105536	-0.0006303039999999	3.972831324159999e-07	1.1137847296e-06	0.0008355949999999	-7.852100000009998e-05	6.165547441015701e-09	6.982190040248328e-07	-0.0007341729999999	0.0	0.0	5.390099939288531e-07	0.0	0.0	0.0	0.0	0.0	0.0	0.0	0.0	0.0	0.0	0.0	0.0	0.0	0.0	0.0	0.0	0.0	0.0	0.0	0.0	0.0	0.0
558.9044209165523	-0.6584215127535344	312374.1517200668	0.4335188884566527	753.675405272747	-2.648360541983834	568026.6165130393	7.013813560336907	517.3367483365186	-0.2182295969720371	267637.31117940234	0.0476241569945777	535.1771430657511	562.5685798642555	1.160487	51.765087	0.06374089	0.033088	-0.0085911939	-0.0530121642	0.0047645752	-0.0030909137	-0.1165356154	-0.0562045307	0.0352699555	-0.0534415514	0.006031573	0.0426101741	-0.1607346935	-0.1106035979	-0.0226675156	-0.1635980714	0.0672134549	0.0180995387	0.0606194374	-0.0032251274	-0.0311196917	0.0564068438	-0.0587770653	0.0726308874	0.2033846858	0.0096574713	0.0284553439	0.0138271261	0.1982451317	0.1797346114	-0.0639243683	0.1387505288	0.0369144352	-0.0863959507	-0.0432200687	0.0681555713	0.0572043495	-0.1031015923	0.0158206475	-0.0407595475	-0.0813203701	0.0160893563	0.0688805281	0.1408360666	-0.0410809736	0.131562456	-0.0372431362	-0.1048962378	-0.0033440966	0.0047280683	-0.1112560133	0.1559451356	-0.0158590601	0.0665769764	0.0442803541	0.016292284	-0.0833713749	-0.1988293833	-0.0685846181	0.0853533835	-0.1027678074	0.0308692461	-0.0259892006	-0.0825897399	0.0987726948	0.0936979444	0.0502190562	0.2271713702	0.0723623229	-0.1121088168	0.1404067369	-0.0466341569	0.0003930046	0.0138888119	0.0248395316	0.0442627751	-0.0710319383	0.0920995922	0.153630767	0.0216380749	0.0590677405	0.0613706521	-0.0076774087	-0.0493818541	-0.0318795282	-0.029626098	-0.0544426252	-0.0213460363	0.0747622403	0.0656631612	0.0271776828	-0.0107532047	0.0472235928	-0.0656829314	0.0904898309	0.0796483622	0.0090398123	-0.0170571978	-0.0487109383	0.0694513828	-0.1811634871	0.028971991	-0.0788247786	-0.0167448836	-0.0708011293	-0.0028605234	0.0932377677	-0.0007676033	-0.1226408134	0.0678209139	-0.0055043297	-0.086239286	-0.1163330378	-0.1081084403	-0.1515537797	-0.1227876511	-0.1548632491	-0.0439280255	-0.0258396388	0.0403013288	-0.0849652102	-0.0490012507	0.0842361159	0.1184944087	-0.0526097238	-0.109335131	0.1308631866	-0.0610187269	0.0387605242	0.0771679763	0.003617991	-0.006793384	0.0857237646	0.1475922466	-0.0288317386	0.069134003	-0.1075425765	-0.0162713921	-0.1168707998	0.0786101205	0.0670780692	0.0367694519	0.0791084965	0.0399339577	0.1066704027	0.0188316667	-0.0146501148	0.0232487339	0.0620144619	0.0836202028	-0.0188867823	-0.1666289097	0.2272745676	0.0004612274	-0.0259459881	0.0245570523	-0.0168861989	0.024420894	0.0119464607	0.0206908224	-0.0217566639	-0.1027533504	-0.1778629921	0.0892060797	-0.0460071978	-0.0155694393	0.1027362886	-0.1216978652	-0.0460197478	0.1339317124	-0.0488236482	-0.0499185839	-0.0108350531	-0.0431744686	0.0974363766	-0.0887131996	-0.0174854702	0.0409860743	-0.1888614954	0.0370971266	0.0995974705	-0.0277596889	0.0282840567	0.127267837	0.1044542715	0.1324653227	0.1256383256	0.0646075413	-0.0352351753	0.0817249141	0.2187242876	0.0317385018	0.0046128525	-0.1055035841	0.0689048858	-0.0170077871	-0.00350622	-0.00616509	3.80083347081e-05	1.22935786884e-05	0.00685741	-0.0225589899999999	0.00050890802982	4.702407190810001e-05	0.0077633399999999	-0.0135815600000001	6.0269447955598445e-05	0.0001844587720336	-0.0007406119999999	0.000314748	9.906630350406292e-08	5.485061345438519e-07	0.0008355949999999	0.0	0.0	6.982190040248328e-07	-0.00084813	-0.0001139570000001	1.2986197849022793e-08	7.193244969e-07	0.0	0.0	0.0	0.0	0.0	0.0	0.0	0.0	0.0	0.0	0.0	0.0	0.0	0.0	0.0	0.0	0.0	0.0	0.0	0.0	0.0	0.0
557.1120291733857	-1.792391743166604	310373.8130496874	3.212668160971817	757.6423268965996	3.966921623852613	574021.8955052939	15.736467169789456	516.4434524315402	-0.8932959049783449	266713.83955940855	0.7979775738510801	534.4078425556578	538.7185386564211	1.288272	57.465092	0.05387826	0.0241825	-0.0181663048	0.0656286976	0.069163491	-0.0755688661	0.1282480131	-0.0801864684	-0.0932556018	0.0496053819	0.076416453	0.119704053	0.072474135	0.0384320259	0.0904445317	-0.135367357	0.0374294136	0.1014168461	-0.1275897736	0.1018058583	0.1724753182	-0.0946624584	0.0659849445	-0.0612990096	0.1608476135	0.1308997807	-0.0007767761	-0.0741369851	-0.0151482507	-0.0595332943	-0.0243401689	-0.0167107625	0.137359625	0.0149117511	-0.0497983694	-0.109074128	0.1063858604	0.1239055376	-0.0205691552	-0.0761322614	-0.0452411864	0.117160737	-0.0065515826	0.0293006215	0.0775841782	0.0114917438	0.0171330551	0.0714331512	-0.0426357357	-0.0428241731	0.0784671424	-0.0056666871	0.0454692593	0.1267632454	0.0286099341	0.0541094496	0.0391115147	-0.0156698242	0.1187131969	-0.1869554679	0.0108726608	-0.0049159409	-0.0859299432	0.0484789098	0.1309405645	0.1055299215	-0.0358061521	-0.0403690315	-0.0490387036	0.0851902113	-0.0590321933	-0.102532254	-0.1578246472	0.0673634036	-0.1069387938	-0.0811574203	-0.0591784346	0.0427386373	-0.0387909837	-0.0905325518	-0.0508257214	-0.0399072178	0.111862525	0.0050449028	-0.1055176398	-0.0011657364	0.1020277771	0.0492910881	-0.0064799571	-0.0394219861	0.0097174701	0.0673844904	-0.2059250919	0.1367493995	0.0611350433	-0.0398794612	-0.0305694677	0.0701806641	0.1428513547	-0.1596125814	-0.1357255153	0.0841599156	-0.1225645405	-0.1100323459	-0.1126168692	-0.0172222433	-0.0531865013	-0.072938503	-0.0873134376	0.0431283453	-0.0401498287	0.0269169898	0.1214795173	0.0958782069	-0.112348458	-0.0305451754	-0.0253670945	0.152997265	0.0317143015	0.0588475084	-0.0666581218	0.076841595	-0.1332393204	-0.1562860295	0.0522346487	0.0794912668	0.1192904619	-0.0784329901	-0.0323993032	-0.0767558506	-0.0433619203	0.0154489697	0.023796476	-0.0226242165	-0.0395788537	0.0415792196	0.0285161665	0.0564321281	0.1126883714	0.0288359253	-0.0630460691	-0.0847223113	0.0502383148	0.0758733245	-0.0815076702	0.0903408093	0.1488217659	-0.0217872747	0.0197603967	0.0927132273	0.1859828733	0.140634633	-0.0161192821	0.0333170815	0.0239792003	0.0632190625	-0.0715961481	-0.0610658921	0.0070500088	0.0780629827	0.147335703	-0.0130885558	-0.066378731	-0.0559149553	-0.0416646291	-0.06216641	-0.0324796997	0.0002809165	0.1301595883	-0.0299390743	0.1072576389	0.0464329749	0.0016500617	-0.0831187291	-0.1356248283	0.038209948	0.0062886034	-0.0866840834	-0.0840377166	-0.0743487431	0.0345293163	-0.0096836352	0.1208763501	0.0524723818	-0.0524733534	0.0886890501	-0.0585976159	0.1010209255	-0.007922546	0.0040355	0.1520697735	0.0624004854	-0.0486285471	-0.1066800145	0.073111544	-0.0247601796	0.00412709	0.00763331	5.82674215561e-05	1.70328718681e-05	0.0237311	0.01687369	0.0002847214142161	0.00056316510721	0.015696	0.0079326600000001	0.000246364416	6.292709467560162e-05	-0.000549137	0.0001914749999999	3.6662675624961715e-08	3.01551444769e-07	0.000958935	0.00012334	1.5212755600024657e-08	9.19556334225e-07	-0.0007341729999999	0.0001139570000001	1.2986197849022793e-08	5.390099939288531e-07	0.0	0.0	0.0	0.0	0.0	0.0	0.0	0.0	0.0	0.0	0.0	0.0	0.0	0.0	0.0	0.0	0.0	0.0	0.0	0.0	0.0	0.0
556.9948392970656	-0.1171898763201397	310243.2510035639	0.0137334671119296	752.0181115641415	-5.624215332458107	565531.2401204975	31.63179810585685	515.8080372941323	-0.6354151374079038	266057.93133722496	0.4037523968471052	533.5307942423942	528.8293125262683	1.087397	48.504791	0.04931375	0.0244867	-0.0797414815	-0.0581891223	0.0299554364	0.138016435	-0.0214045567	-0.0796218363	-0.0756920383	-0.0489328304	-0.047599814	-0.0470298899	-0.1135383898	0.0116448132	-0.0037135751	-0.0466762845	0.0243227628	-0.0098525718	-0.1979193907	-0.0607523878	-0.099305498	0.0545163345	-0.0185466182	-0.0595238683	0.0562204076	0.0504919059	0.074903678	-0.041572193	-0.0999904264	-0.0077886657	-0.1779270316	0.0444319944	-0.0553675003	0.048866745	0.0257015586	0.1043347517	0.0218579779	-0.0469743901	-0.0355170484	-0.0453058582	0.0485798566	0.0800739698	-0.009110877	-0.0354019748	-0.1190757481	-0.0968701683	-0.0985291981	-0.0985239983	-0.1628108143	0.0207734738	0.0375866111	-0.0756275613	0.0462200044	-0.2107627533	0.1198731843	0.1899130818	-0.0977403771	0.0053210421	-0.0222850112	-0.0693112967	0.0372188909	0.0843222996	-0.1235439216	0.0392125683	0.1432435817	0.0054341462	-0.0641211684	0.0976383844	-0.0987393084	-0.0904512794	0.1644964864	0.0164187689	0.0272259016	-0.0530549703	-0.0373323632	-0.0642112365	-0.0609899331	-0.0466236243	-0.0123067407	0.048280044	0.0652813272	0.0487604472	0.0482040199	0.036321871	0.1547341522	-0.0327786793	-0.0891915309	0.0186610306	-0.1712676733	0.0652396552	-0.0865224373	0.0833602522	-0.0143871489	-0.008762922	0.1479349809	-0.0370430377	-0.139984508	-0.0745513375	-0.1151615372	0.0206014927	0.0079471935	0.2033009932	0.0057916204	-0.0751857184	0.0246946529	0.0824275382	0.0371726915	0.0455537935	0.0400762769	-0.044664683	-0.0588062832	0.1878670495	-0.0572709488	-0.1076697455	-0.1341841677	0.0007708593	0.1049698921	0.0703068393	-0.2620255588	-0.1484672331	0.0635473632	-0.0031571458	-0.0083914938	0.0792345345	0.0244690041	0.043676752	0.0875805193	0.0109710749	-0.0566611107	-0.0343427005	-0.1118963827	0.0731637902	-0.0897283787	0.1022340634	-0.0734437873	0.1734803595	0.0254186663	0.0482295931	0.1634446923	0.0491468888	0.0663390126	-0.0293281645	-0.1052252446	-0.080398229	-0.1363790051	-0.0144683937	0.0065127229	-0.1081240588	-0.0056953866	0.0244095096	0.0088276437	0.0777764871	0.0906785377	-0.0901222501	-0.2101395743	-0.0210754712	0.032471796	-0.0758733104	0.0879884807	-0.0496196374	-0.0254469872	0.0215317553	-0.2192239338	-0.0106980188	0.0245963419	-0.0541508115	-0.1560796506	0.070805979	-0.0630269725	-0.0651268967	-0.127357009	-0.1066404116	0.0381104009	-0.1460241651	0.0219609114	-0.0761604045	-0.0316791529	-0.0927914676	0.0260761553	0.0197460047	-0.1091235835	0.014236038	0.0428128375	0.1183215407	0.0155671273	0.0742381369	-0.0945788284	-0.0270749911	-0.0254088717	-0.0227610065	-0.0304847482	0.0831159031	0.1628979261	-0.1078042307	0.077175083	-0.0324035386	-0.00580866	-0.00993575	9.87191280625e-05	3.37405309956e-05	0.0189498	-0.0047813	2.286082969000002e-05	0.00035909492004	0.0255795	0.0098835	0.00065431082025	9.768357225e-05	-0.000819642	-0.000270505	7.317295502499999e-08	6.71813008164e-07	0.00100876	4.9825000000000086e-05	2.4825306250000086e-09	1.0175967376000002e-06	-0.000908107	-0.0001739340000001	3.025303635603479e-08	8.24658323449e-07	0.0	0.0	0.0	0.0	0.0	0.0	0.0	0.0	0.0	0.0	0.0	0.0	0.0	0.0	0.0	0.0	0.0	0.0	0.0	0.0	0.0	0.0
558.1885623997752	1.193723102709555	311574.4711939277	1.4249748459425269	756.5250965606989	4.506984996557435	572330.2217261748	20.312913759193822	516.4488040533582	0.6407667592259259	266719.367208144	0.4105820397288956	533.9677828801705	567.1156760325428	1.376477	61.399593	0.0831063799999999	0.0453385	0.0456623386	0.1094859407	0.0379593693	-0.1157096369	-0.0387252887	-0.1028939924	-0.0631985599	0.0860885104	0.1479152135	0.0623864718	0.0264608141	-0.0615406498	-0.1197792255	-0.0440197131	0.0765002477	0.0043638686	0.0095344273	0.0524841748	0.0009445947	0.004042446	0.0686015095	-0.0065900068	-0.066722441	0.0669925542	-0.0827948211	0.0238847441	0.021697326	-0.029500342	-0.1189828434	-0.0367514302	0.0750491485	0.0082814845	0.0596201241	0.0522259841	0.0181310026	-0.0332902994	-0.0020592083	0.0954343825	-0.1462453718	0.0921255127	0.1424433307	-0.1328072376	0.0852849947	0.1076469864	-0.0579701229	0.042797627	0.0938913232	-0.1255308071	-0.0185343513	0.1401401319	0.085143094	-0.0787758751	-0.028956279	0.0485467932	-0.041426063	-0.0027263211	0.1319921274	-0.0273594808	-0.0212711322	-0.0908758395	0.0657888214	-0.0736380438	-0.07062541	0.0973799342	0.1630486668	0.0707927745	0.1100740138	0.1401011984	0.0760584227	0.1404659177	0.1765202103	0.0701951098	-0.0040356233	-0.0377988535	0.0212219284	-0.0279084687	-0.1786797927	-0.055305767	0.1012693213	0.0511400108	0.0006162433	-0.0774058746	0.0711944748	0.1330974694	-0.0561687924	-0.0114497869	-0.0214614707	0.0162359631	-0.0317655542	0.0574122226	0.0157547899	-0.0929383829	-0.0908616103	0.0427513106	-0.0203346144	0.0496840065	-0.0704544223	0.021064386	-0.0972590877	0.0438332692	-0.1199479218	-0.0053293117	0.0773091874	-0.0097158332	-0.1306252585	-0.081957348	0.0974737304	0.1002472692	0.0393739878	-0.0785021078	0.0466894755	0.0705983515	-0.1197643175	0.0127248745	-0.0234023593	-0.1188595484	-0.0008251113	0.0973881526	0.0201938942	0.2140809568	0.1692104752	0.0401471512	0.1165945045	-0.0842080373	0.02774704	-0.0524725949	-0.1264222425	0.0456474608	0.1360098244	0.0899910628	0.0594253963	0.0471186994	0.029634438	0.0389300869	0.1254387579	-0.0412638917	0.0483332546	-0.0301087893	-0.0514993906	0.0615460371	0.0752677156	-0.1807008866	0.0445393974	-0.1021592063	0.0352166236	-0.0487198744	-0.0926544989	0.0221050794	-0.0711632125	0.0022204713	-0.0190681747	0.054972539	0.0975209429	-0.0838348374	-0.0709651902	-0.1562481887	0.0108898915	0.0199130471	-0.0359543786	-0.0704893479	-0.0527510583	0.1431171262	-0.0440167802	-0.0728192631	-0.0256788788	0.0159619466	-0.1407946034	0.0540526138	0.0841357132	0.1200922041	0.0374812959	0.043214791	-0.1149097754	-0.0973915569	-0.0102406142	-0.0482920287	-0.0787196547	0.0861364015	-0.1044793287	-0.1446387624	0.127077649	-0.0254455231	0.0008002924	0.0120929287	-0.0177039638	0.0748649266	-0.0776409211	0.1345767176	0.104582447	0.0161107915	0.0262593639	-0.1088756826	0.081087548	-0.039904206	0.00930159	0.01511025	0.0002283196550625	8.65195765281e-05	0.0130992	-0.0058505999999999	3.422952035999999e-05	0.00017158904064	-0.00702718	-0.03260668	4.93812587524e-05	0.0010631955806223	-0.000445759	0.000373883	1.3978849768899998e-07	1.98701086081e-07	0.00105172	4.295999999999987e-05	1.8455615999999887e-09	1.1061149583999998e-06	-0.0007341729999999	0.0001739340000001	3.025303635603479e-08	5.390099939288531e-07	0.0	0.0	0.0	0.0	0.0	0.0	0.0	0.0	0.0	0.0	0.0	0.0	0.0	0.0	0.0	0.0	0.0	0.0	0.0	0.0	0.0	0.0
559.4066195835114	1.2180571837362777	312935.7660338515	1.4836633028515522	752.9509816699685	-3.574114890730357	566935.1807977693	12.774297252140473	516.5581598132161	0.1093557598578627	266832.3324696161	0.0119586822140905	533.8644844654231	556.3102114198289	1.247075	55.62748	0.10062797	0.0520145	-0.0042324235	-0.1787030897	0.0437356187	0.0117855943	0.0834025879	0.0150087599	0.110486104	-0.1742984051	-0.052691119	-0.1212767253	0.0837271689	0.0200056682	0.0226738278	0.0649316285	0.0909576512	-0.0311690277	-0.012788832	0.0889597629	-0.0101690586	-0.0490341785	0.0217566416	-0.0046520817	0.0460998971	0.0873624177	-0.0389070226	0.0792658805	0.0458001957	0.0373910412	0.1014497939	0.097413079	0.0583181483	0.0542683817	-0.0346371154	0.0857940997	-0.0721803163	0.0157022195	-0.0149583095	0.1018235759	0.0249150492	-0.024245267	-0.1112207017	-0.0530439665	-0.1941330188	-0.0966180791	0.1191557414	0.1443863041	-0.0495917617	0.0275628382	-0.0540100047	-0.0155160359	-0.0453421503	-0.0071806978	-0.1271584419	-0.1667460735	0.0657854213	0.0381360496	0.0280331517	0.021173283	0.048375024	-0.0997077545	0.0972161324	0.0576682205	0.0703347289	0.1773445167	-0.0807650157	-0.0758653884	-0.1466876586	0.0225393027	-0.025803839	-0.0244655697	0.0673019609	0.0905649342	-0.0138877699	-0.0281847262	-0.1353116973	-0.0398015205	-0.1473089836	-0.023622155	0.0163696872	-0.0981678983	-0.0511262458	-0.0273523696	-0.0769379296	-0.0380737444	-0.0099550134	0.133237239	0.00220671	0.0624006341	-0.2297090123	-0.0286980341	0.1606222779	0.2199074743	0.0483986576	0.111855022	-0.0027427618	-0.0359829957	-0.0773088862	0.0448599858	-0.0782873085	-0.0781894735	-0.0259659029	0.1055114402	-0.0698591082	-0.1362852878	0.0114024632	0.2249947497	0.0506865057	-0.126287217	-0.0322485962	0.0023781176	0.013350662	0.045295282	0.088086352	-0.0359683393	-0.0011027228	-0.0415970112	0.0869094764	0.1054842572	0.0127246705	-0.0244040911	0.0583251222	-0.226889178	-0.0302596282	0.103590835	-0.0127018238	0.0051243295	0.0495577107	0.0330397423	0.041807675	0.0078028992	-0.0325170477	0.1786740821	-0.0327071677	-0.0270817721	0.1406749431	0.0336622318	0.0241894654	-0.102673594	-0.1131476806	-0.2053556008	0.0632258535	-0.0613910619	0.0152801187	-0.0189104913	0.0325143004	0.1425623287	-0.0087246111	-0.0661685699	0.0513628224	0.115442531	0.0949249963	-0.0624707994	-0.0933823533	-0.1205107932	-0.1004056302	0.1789530025	0.1333037004	-0.0273980691	-0.0169101661	0.0314124428	-0.0366025046	0.025831334	0.0639113508	0.0119244857	0.1108017096	-0.0593458468	-0.1774347646	-0.0915881934	0.0029178052	-0.1068040208	-0.1722540193	-0.0392567989	-0.0331596874	0.0949367956	0.0024361787	0.0752946229	0.048781153	0.1400215918	-0.117690882	-0.078116723	-0.0165780214	-0.0499733699	0.0664176761	0.0776320378	0.0738280796	0.0009163956	0.0430691119	-0.015778235	-0.0975217001	-0.1019778195	0.0080417356	-0.1098938456	0.0848412804	-0.0472291519	0.0037046	-0.00559699	3.132629706009999e-05	1.3724061160000002e-05	0.0379868	0.0248876	0.00061939263376	0.00144299697424	0.0166518	0.02367898	0.00027728244324	0.0005606940938404	-0.00111343	-0.000667671	4.457845642410002e-07	1.2397263649e-06	0.000957466	-9.425399999999987e-05	8.883816515999979e-09	9.16741141156e-07	-0.000901536	-0.000167363	2.8010373769033465e-08	8.12767159296e-07	0.0	0.0	0.0	0.0	0.0	0.0	0.0	0.0	0.0	0.0	0.0	0.0	0.0	0.0	0.0	0.0	0.0	0.0	0.0	0.0	0.0	0.0
559.6794098994229	0.272790315911493	313241.0418653663	0.0744145564550921	754.8189526149931	1.867970945024581	569751.6512267953	3.489315451456026	517.5547223190624	0.9965625058463274	267862.8905947618	0.9931368280587114	535.3247253435793	561.5080098234557	1.204954	53.748611	0.06881588	0.0373651	-0.037991282	0.0934085331	-0.0748184873	0.0827190308	-0.0206289188	0.1416901562	-0.037099037	0.1040629493	-0.0981840674	-0.0541835948	-0.1164089909	-0.1027563133	0.0607887632	-0.028062195	-0.1121715192	-0.0529400339	-0.024380151	0.0240131887	0.2216309524	0.1573617031	0.0984949439	-0.2174821606	-0.0561681799	-0.0400736037	-0.0516138459	-0.0745659136	-0.0593343568	0.0024084376	0.0636458511	-0.050110153	-0.0714693721	0.025389719	-0.0194662188	-0.0528343932	-0.0454400508	-0.0704739362	-0.1659899885	0.0387614975	-0.1371144307	0.1503887015	-0.073413395	0.1237782016	0.0585270775	0.0094942799	-0.0485497583	-0.0817989413	-0.0910007435	0.0143408117	-0.0985599281	-0.0125993956	-0.1537001144	0.041785944	-0.1247356592	-0.0930676969	0.1660888017	-0.0697069466	-0.0358776208	0.0798382568	-0.0155134163	-0.1205437846	0.1002657601	0.0782202225	-0.0980029369	-0.0843382494	-0.1048596808	0.0536529557	0.2173066444	-0.1180121923	-0.0219662673	-0.0358372047	0.0091344645	0.0172815329	0.0088623358	0.0167366112	-0.0526128872	0.1591371673	0.0321107519	0.0919604825	-0.023208288	0.0837336864	-0.1553053299	0.0099852008	0.0485834278	0.0706120494	0.0800070031	0.1433053804	-0.3530515085	-0.0668002712	-0.0057259237	-0.0178498389	-0.0232014048	-0.0042373576	6.59211e-05	0.132031518	0.0321524409	-0.0305685221	0.0162025315	0.0924475228	0.0541411989	0.1869441407	0.099781623	-0.1406430833	0.0472202521	-0.0034282828	0.1264239454	-0.112670689	-0.02477269	-0.0314676087	-0.0260929092	-0.0272857769	-0.0326642302	-0.198581264	0.1334651295	0.0347372223	-0.1106953894	-0.023332676	0.1509102527	0.1670087125	-0.0063080048	-0.133081748	-0.0080627619	-0.0635258983	0.03781508	-0.0353262397	-0.107905452	0.1025419468	0.005302424	0.0365663333	-0.0082732195	-0.0236675621	0.1496256461	-0.0448093808	0.0946175977	0.1631056824	-0.0645032901	0.2033380603	-0.1134361259	0.020759648	0.0119230026	0.0650557726	-0.0067268209	-0.1141212663	-0.0580863302	-0.0269729428	0.0473790842	-0.0369365402	-0.1228023432	0.1517824507	0.0321645155	-0.0753689824	-0.1335972921	-0.1546178376	-0.1716782563	-0.1434134235	-1.93516e-05	-0.0724577103	0.0280537562	0.0352131225	-0.0133605786	0.0235862336	-0.0180671799	-0.006473007	-0.024472716	-0.1218778376	0.0827048279	0.0648400294	0.1238535889	0.0660427961	-0.0667605129	0.0345235994	0.1480867321	0.0187865872	0.1464253659	0.068426022	0.1102132744	-0.0107422464	-0.0132252613	0.0252514503	-0.0768681642	0.0319097235	0.1435448284	-0.0411408122	0.0159727619	0.0399113347	-0.0130159903	0.0933451235	0.0906757467	-0.1095361805	0.053006133	0.0046782585	0.1593420904	-0.1108582214	0.0884289321	-0.0543461203	0.00429184	0.0005872399999999	3.448508175999997e-07	1.84198905856e-05	0.0100005	-0.0279863	0.0007832329876899	0.00010001000025	0.00633841	-0.01031339	4.01754413281e-05	0.0001063660132921	-0.000706449	0.000406981	1.6563353436100006e-07	4.99070189601e-07	0.000981701	2.4234999999999947e-05	5.873352249999973e-10	9.63736853401e-07	-0.0007341729999999	0.000167363	2.8010373769033465e-08	5.390099939288531e-07	0.0	0.0	0.0	0.0	0.0	0.0	0.0	0.0	0.0	0.0	0.0	0.0	0.0	0.0	0.0	0.0	0.0	0.0	0.0	0.0	0.0	0.0
558.547896907845	-1.1315129915778923	311975.7531401767	1.280321650109552	756.0692645505779	1.2503119355848185	571640.7327980518	1.5632799362658552	517.7769522004297	0.2222298813672978	268092.9722299661	0.0493861201725232	535.6919174168554	574.6684915454045	1.15043	51.316498	0.031611568	0.0162997	0.0489150308	-0.0784073886	0.0721278066	-0.0571618907	0.0397192854	0.1081256008	-0.062652754	-0.1049952144	0.0404413673	0.1406650056	-0.0332210405	0.0766278581	0.1047368227	0.0927386644	-0.0824220561	0.0676163761	0.0018724869	-0.0259186336	-0.0141172898	0.0795319894	-0.0694462048	0.0018086119	-0.0742880819	0.0213189909	-0.1267855044	0.0181867441	0.0088062692	-0.1063177211	0.0286267393	-0.1895743012	-0.0868134008	-0.0647916927	0.1372955099	0.0666312405	-0.0622250816	0.0694535185	-0.0341017399	0.1268589866	0.1351797319	0.1644284113	0.0027913035	0.1223057402	0.0131904615	-0.0575995406	0.1530867514	-0.0038938426	0.0104354156	-0.0288806238	0.0482364685	0.0816008389	0.0273356897	0.0564225093	-0.0547427337	0.0391163555	-0.0107370825	-0.0554687136	-0.0239795429	-0.0310028	0.0934732302	-0.0825447891	0.1627439657	0.0608658794	-0.0931788011	-0.1292111959	-0.0504440775	0.0617499861	-0.0898551636	0.0060679919	0.0011602154	0.0715157027	-0.0066009777	0.1492794422	-0.0265486292	-0.0153620055	0.1104904112	0.0482638383	0.0427166531	-0.059795249	0.0764014655	-0.0464239543	0.0022753981	0.0187358354	-0.0025001585	0.0915964369	0.0104428358	-0.0767781022	-0.0333581597	-0.0152454011	-0.0336837926	-0.0502188468	0.1645265133	-0.0847544155	-0.0625874392	0.0039485798	-0.0181148226	-0.0818320074	0.0441407132	0.0424303396	0.0461512937	-0.0130207973	0.0156897822	0.0368571328	-0.1773806771	-0.0049727385	-0.0114021893	0.0817231936	-0.2043100346	0.042522562	-0.0028071661	-0.0040043621	0.0221514301	0.0469762212	0.0252297173	-0.0321365751	0.0103600387	-0.026099098	-0.0321767542	0.0749857109	0.0397414834	0.0285397855	-0.0105813388	-0.0155643077	0.0008749448	0.0138419289	-0.1261826526	0.1095599256	-0.0298057932	0.1482165841	-0.0629803808	0.029375544	-0.0385153106	-0.0380390828	0.2382629756	-0.0330482469	0.0566710383	0.0475817297	-0.0104211701	0.0201933996	-0.0004561267	0.1315955387	0.0106201148	-0.0213082208	0.0274015147	0.0969843109	-0.0905942807	0.0256949561	-0.0520956695	-0.081369017	-0.0145854435	-0.0262860068	0.0357345058	0.0680672985	0.0559363219	-0.1600455663	0.0401317583	0.0702443513	0.0003328643	0.0485797458	-0.0823516892	0.0220420388	-0.0099817534	0.0119939887	0.0287059571	-0.0077417031	-0.0537928511	0.0268317267	0.235325852	0.0093114818	0.047972456	0.0273083319	-0.1420675387	-0.047452991	0.0106654927	0.0389794468	0.1111596665	-0.0114193112	0.0009023009	-0.105929182	0.0472924774	0.1346344431	0.0675159999	0.0230264038	0.0107864618	-0.0025849483	-0.1199919847	-0.0570808498	-0.0844194709	0.1681422789	0.0960871231	-0.1223790226	0.000249471	-0.111768338	0.0918434799	-0.0612237711	0.00336779	-0.00092405	8.538684025000001e-07	1.13420094841e-05	0.0189505	0.0089499999999999	8.010249999999997e-05	0.0003591214502499	-0.000473408	-0.006811818	2.24115134464e-07	4.6400864465124e-05	-0.000554041	0.000152408	2.322819846400001e-08	3.06961429681e-07	0.0008355949999999	-0.000146106	2.1346963236029212e-08	6.982190040248328e-07	-0.0007341729999999	0.0	0.0	5.390099939288531e-07	0.0	0.0	0.0	0.0	0.0	0.0	0.0	0.0	0.0	0.0	0.0	0.0	0.0	0.0	0.0	0.0	0.0	0.0	0.0	0.0	0.0	0.0
557.4269086710019	-1.120988236843118	310724.7585105095	1.2566146271406426	753.6942112021741	-2.375053348403867	568054.9639996673	5.64087840776442	516.4339930695801	-1.3429591308496356	266704.0691977911	1.8035392271324089	534.15499795672	539.8803529915194	1.318962	58.834103	0.055828158	0.0349115	-0.0889731037	0.0676889237	-0.0777090028	0.0712867933	0.0447473731	0.1222872237	-0.100675103	0.0983554754	-0.0867979366	0.0203973048	-0.0631023687	0.1161654782	0.0099997385	0.00885361	-0.0352286567	-0.0657298322	0.0202977921	-0.0572539068	-0.1436850436	0.1158557766	0.0529381899	-0.055678795	-0.0113109829	0.0021363987	-0.0202465489	0.1193344496	0.0140305545	0.1753379851	-0.1035353426	-0.0911858284	0.2073438043	0.014277654	0.0004751032	-0.054401456	0.0630045323	-0.0909807053	-0.0109245017	0.0419347997	0.0714043718	-0.0570512958	-0.068585634	0.0496721999	-0.0030211435	-0.0610139084	-0.1877154723	0.0101805477	-0.0914570541	-0.0581855897	0.1157631511	-0.0102740644	0.111724061	0.0017826915	-0.0472876015	0.0222236141	0.1682920668	0.1020504664	0.0428135886	-0.1364854062	-0.0509862196	-0.0277824518	0.0088522036	-0.0796022081	0.0611015888	-0.0189439931	-0.1340722131	-0.0204922307	0.020195127	-0.0936010207	0.0114880293	-0.0094078306	0.0332635882	0.1192098335	-0.0047768355	0.0077474504	-0.0239401198	0.0715590238	-0.0942452984	0.0081320376	0.0635070171	0.0976525596	0.0424201734	0.0079189882	0.0206497297	-0.2544007443	-0.0693356801	-0.0949905893	0.0044859179	0.1741510324	-0.0495557698	-0.0452003619	0.0286470266	-0.1423983065	-0.0153764505	-0.0350390815	0.0720322711	-0.0344829104	-0.0134099412	0.0009333781	-0.0978412932	-0.1531948179	0.1073567688	-0.0381862406	-0.0088635499	0.0298706549	0.1227375036	-0.1062368913	0.0026839355	-0.0386747899	-0.0421781762	0.1938010799	0.0382516116	0.0015454394	-0.0068090586	0.0917097465	0.0017550046	-0.0015306424	0.0603875556	0.0427219264	0.0403452759	0.1968725604	-0.0790304531	-0.0222291193	0.0358240964	0.0043756235	0.0037580313	-0.0661576293	0.0558208249	0.0889820767	-0.046491252	-0.0347063645	0.0396246819	0.092510152	0.0439022076	0.0817476111	0.0882611518	0.0770685672	-0.0220690772	0.0622796844	-0.016844109	-0.1374325354	0.034694233	0.1019905746	-0.1194146699	-0.1262214209	-0.189447436	0.018872209	0.0788504608	-0.0287966158	-0.1294733002	-0.1139071196	0.1180703682	0.0554189158	-0.0496658112	0.1143436262	0.005061036	0.0118031906	0.0324520268	-0.051914639	-0.0442179951	-0.0451848985	0.0080545358	-0.0990206308	-0.0799492101	0.0954644498	0.096756142	0.0693296703	0.0155507396	-0.1138833344	-0.0288193565	-0.0529305278	0.1374114318	-0.0158647228	-0.0233497799	0.001516367	0.0873899867	-0.0703237868	0.1752668163	-0.013063712	-0.0167362887	-0.1058251623	0.0804696372	0.0497117398	0.1795170511	0.1496153294	-0.0385009445	0.0214580908	0.1049301934	-0.0733147257	-0.0615827237	-0.0473537138	-0.1430218828	-0.11262375	0.0950782398	-0.067831818	0.00143864	-0.00192915	3.7216197225e-06	2.0696850496e-06	0.0265016	0.0075511	5.701911121000002e-05	0.00070233480256	0.0242819	0.024755308	0.0005896106676099	0.0006128252741748	-0.000932665	-0.0003786239999999	1.4335613337599997e-07	8.698640022249999e-07	0.0008888229999999	5.3228e-05	2.833219984e-09	7.900063253288222e-07	-0.0007341729999999	0.0	0.0	5.390099939288531e-07	0.0	0.0	0.0	0.0	0.0	0.0	0.0	0.0	0.0	0.0	0.0	0.0	0.0	0.0	0.0	0.0	0.0	0.0	0.0	0.0	0.0	0.0
558.6307640290316	1.2038553580297275	312068.3305196596	1.4492677230568836	755.7160462754987	2.0218350733246098	571106.7425982717	4.08781706372553	516.5982049882197	0.1642119186395803	266873.7053970506	0.0269655542232921	534.0842458655408	569.7586765438181	1.33903	59.72924	0.03917264	0.0233735	0.0665598114	-0.0454752372	0.0960681193	-0.0603040933	-0.0336212786	0.0132865147	-0.1497014546	-0.1008289855	0.120187588	0.0542418213	0.0028371262	0.0278149673	-0.1380622633	-0.0733048923	-0.1247172463	-0.061242274	-0.050845008	0.0036810471	0.0406422805	0.064370884	-0.0421666729	0.0288844486	-0.0711967137	0.0683775584	0.0727148762	-0.1297609124	-0.0609503757	0.1256979549	-0.024374996	0.0069666659	0.0041478004	0.0312070588	0.0402856549	-0.0444309104	-0.0529485932	0.0315210547	-0.0423030499	0.0954876512	0.1208654543	-0.0684905976	-0.0901877819	-0.034888596	0.0327893231	0.0372670957	0.0767952052	-0.1227339833	-0.0733957259	0.0019655705	0.0962119557	0.2179893108	-0.1457339602	-0.0263821505	0.1681201825	0.0003430851	0.1120686797	0.0388467806	-0.0120148885	0.0215119115	0.1302938777	-0.0054259396	-0.0300707957	-0.0433120893	0.0632355007	-0.0734904224	-0.0687531215	-0.1130194978	0.1078264998	0.0286047179	-0.0540986461	-0.0734115735	-0.045205884	0.1060417057	0.1021470718	0.0214522945	0.1024953964	-0.0123959239	-0.0378611045	0.117243196	-0.0089334843	-0.0625952481	-0.0391764656	0.0945814942	-0.2259426126	0.0310304992	0.0705066654	-0.0292186654	0.0750066132	0.0292533799	0.0388725958	0.0743311545	0.0223710713	-0.0642778199	0.1630106901	0.0217883091	0.0929560559	0.0850646957	0.0308626242	0.1057564209	0.1172520973	-0.0413166062	-0.0453532048	-0.000225177	0.0261354112	0.0013944764	-0.0972875664	0.0392676204	-0.0347031999	0.1264594041	-0.0231555078	0.011282783	-0.014562665	-0.1242542503	-0.0624614841	0.1782198612	-0.2746237915	0.0212448328	-0.0986492074	0.0172106579	0.0288719251	-0.0522024382	-0.0214321281	-0.0524149992	-0.0142952953	0.1129617276	-0.1343555755	-0.0521182419	0.1433908654	-0.0586431264	-0.0074841907	0.0732273406	0.0639037545	-0.0703539815	0.0749170222	-0.0693556052	-0.0404132468	-0.0839723819	-0.0719292201	-0.1974550316	0.0026681601	-0.0470564441	-0.026551515	0.0224142473	-0.0911668788	-0.0717487198	-0.0388156011	0.0443732794	0.0549636672	-0.0306098591	0.0680792597	-0.1052774797	0.0509931403	0.084231178	0.0285311181	0.0877164496	0.0371664335	0.1053768791	-0.0853277646	-0.0490224433	0.1934927921	0.0551710149	0.0309027986	-0.012174553	0.0966614197	-0.0680491764	0.0526594289	-0.0644633634	-0.0468718352	0.0858594256	-0.0722947379	0.0677311272	-0.0860974165	-0.0614992263	-0.0604661745	-0.0277186549	0.0741978664	-0.1317593461	-0.0196822929	0.079044832	0.0863420015	0.1341052575	0.0628608862	-0.0203438997	-0.0309478081	0.055980839	-0.0176149956	-0.1064995849	-0.0936010015	0.0740738625	-0.0954556125	-0.0579083958	0.1283921004	-0.1134240387	0.0981268796	-0.0741411618	0.0016669	0.00022826	5.210262760000005e-08	2.77855561e-06	0.0215371	-0.0049645	2.464626025e-05	0.00046384667641	0.00431612	-0.01996578	1.86288918544e-05	0.0003986323710083	-0.000795983	0.0001366819999999	1.8681969123999987e-08	6.33588936289e-07	0.0008355949999999	-5.3228e-05	2.833219984e-09	6.982190040248328e-07	-0.000824545	-9.03720000001e-05	8.167098384018071e-09	6.79874457025e-07	0.0	0.0	0.0	0.0	0.0	0.0	0.0	0.0	0.0	0.0	0.0	0.0	0.0	0.0	0.0	0.0	0.0	0.0	0.0	0.0	0.0	0.0
558.9467334835664	0.315969454534752	312421.450871949	0.0998366961989887	754.6391103259228	-1.0769359495758408	569480.1868335004	1.159791039488818	516.411658555403	-0.1865464328166126	266681.0010919422	0.0347995715966029	533.8929096455412	556.2805084515489	1.155661	51.549824	0.03354309	0.0194094	-0.0778687218	-0.028048475	-0.1133021623	0.0401381492	0.0253844643	-0.0688524924	-0.0770003409	0.0275128806	-0.0867764795	-0.0132299319	0.0323052489	0.0455849915	-0.0827469038	-0.0669071215	-0.1006559184	0.0154502557	0.0104789612	0.0754780776	-0.0296298323	-0.0287538654	-0.0061568155	0.0178230114	-0.0130399647	-0.056204709	-0.0767814173	-0.1195845255	-0.0658410279	0.080804087	-0.1137424707	-0.0175837366	-0.0431395332	-0.0270738369	-0.0461597829	0.0085092301	-0.0711937468	-0.1524872721	0.0895703384	-0.0168951082	0.044290501	0.005292128	-0.1250701515	-0.0937457726	-0.083859198	0.1047843721	-0.0844999553	0.0921495802	0.0452960618	0.0114441833	-0.0732537975	0.029923941	0.0026604724	0.1058228925	0.0854456237	-0.0317091153	0.0389488256	-0.0783720762	-0.1086358714	-0.0199034717	0.0640503067	0.0303219576	0.0108712051	-0.092432868	0.0076417909	0.0289099991	-0.0609794771	-0.0371625874	-0.1104562305	0.0074417273	0.0188114262	0.0438629319	-0.0645903953	0.013238236	0.105485553	6.08134e-05	0.0215991021	-0.0235543611	-0.2022686541	0.0569093777	0.0242259503	-0.2457996706	-0.0791813917	-0.1290169063	-0.0028641838	-0.048756038	-0.0174404301	0.0718476897	-0.0668310233	0.0251137938	0.0329282853	0.0807489479	-0.0704114774	-0.0178883005	0.0902723016	-0.2269344463	-0.0001329937	-0.0896511239	0.0811548342	-0.1219274064	0.1508811551	0.0220165817	0.0608343403	-0.1084824207	-0.083873593	0.0948587595	0.0694853647	0.0116044609	0.1395339743	-0.0063206545	-0.0126416324	-0.0291272374	0.0148959115	0.0950132783	-0.0996726929	0.0534880287	-0.0132670013	0.0148798402	0.0653004211	0.0802082101	0.0552192629	-0.0949053338	-0.0166601554	0.0497862401	-0.0552142671	0.0422721879	0.0011887588	-0.0831499903	0.0462918391	0.0890935316	-0.0755978638	0.0153898971	-0.0115308203	0.0586756417	0.0949497866	-0.0966252433	-0.010874703	-0.1527772414	0.0580179513	-0.0097523137	0.0188337685	-0.0553466167	0.0205079816	0.0781664701	0.0275796774	-0.1832115077	0.0392335389	-0.0602101007	-0.1466282653	-0.1808620843	0.152557282	0.1546460439	-0.0529480489	0.0558166251	-0.1369863953	-0.0083908109	0.0545912716	-0.0321978226	-0.0082167925	0.0796221443	0.1009077078	-0.0747111247	0.0088914289	-0.2561261901	-0.0697186232	-0.0522980611	-0.1459942844	-0.0900584925	0.072067803	0.0318873095	0.0898476206	-0.134346145	0.0591281761	0.0067739963	-0.0111989373	0.0146756753	-0.034836897	-0.0615503834	0.0263082018	0.0180408789	-0.0136067144	0.0485533189	-0.0695924131	0.0538080576	0.0317334502	-0.0252501487	-0.0152240373	0.1130989715	-0.0526430023	0.167459392	-0.0050457017	-0.0137691922	-0.0720087811	-0.1141688124	0.1009834314	-0.080124019	0.0122309	0.0105639999999999	0.0001115980959999	0.00014959491481	0.0189372	-0.0025998999999999	6.759480009999994e-06	0.00035861754384	0.00251648	-0.0017996399999999	6.332671590400001e-06	3.238704129599998e-06	-0.000514764	0.000281219	7.9084125961e-08	2.6498197569600004e-07	0.0008355949999999	0.0	0.0	6.982190040248328e-07	-0.0007341729999999	9.03720000001e-05	8.167098384018071e-09	5.390099939288531e-07	0.0	0.0	0.0	0.0	0.0	0.0	0.0	0.0	0.0	0.0	0.0	0.0	0.0	0.0	0.0	0.0	0.0	0.0	0.0	0.0	0.0	0.0
558.7727420521817	-0.1739914313847066	312226.977260514	0.030273018195299	758.07638807851	3.4372777525871925	574679.8101621597	11.81487834843086	516.227917368827	-0.1837411865760714	266491.26267095644	0.0337608236443826	533.6347978274856	553.1895263911438	1.183482	52.790825	0.0585062199999999	0.0332578	0.0419276318	0.0457164456	0.1365958563	-0.0640783919	-0.058126408	-0.0661257556	-0.1495725293	0.010325754	0.1486633866	0.0461456569	0.0090269007	-0.1101176545	-0.021093924	-0.0243741034	-0.0752686772	-0.0460039231	-0.0790476364	-0.0435601466	-0.0200141629	-0.0731422462	0.0867750603	0.0336690004	-0.096900619	0.0322888738	0.1349961271	0.0755611834	-0.0531552566	-0.1198116539	-0.0622914365	0.1417124556	-0.0131737632	0.069129873	-0.0102185612	0.0609529265	-0.0624587941	0.0780077036	-0.0371973201	-0.0210173361	-0.0003993477	-0.0392702528	0.0594675653	-0.1287986045	0.0806396763	-0.1837115081	0.0025157452	-0.0336737568	0.0233431272	-0.0108341506	-0.0109147204	-0.0371605345	-0.0143327749	-0.0112665135	0.0589555907	0.1341207789	0.0458721795	0.0155343453	0.1764459287	-0.0935937081	-0.0828073626	0.0474268298	-0.0689183036	0.0816117197	0.1316615659	-0.0123191485	0.2211369988	-0.0525913338	0.0565322083	-0.1736364328	-0.026488026	-0.0759686478	0.1958367334	0.0482267317	0.1664614307	0.1363765954	-0.044638736	-0.0027771069	0.0271446168	-0.0116641903	0.0358190738	-0.0032736318	0.0246375305	0.0623976726	0.0289970151	0.0440482919	-0.140929005	-0.0521221713	-0.0617320003	-0.097698809	0.0142962088	-0.0975217607	-0.1584874569	0.0262493975	-0.0173861169	-0.2416719709	0.0434825053	-0.0075593629	0.0804131337	0.0964055355	-0.0107121202	-0.0398942938	0.0243237264	-0.0518313773	-0.0144715914	-0.0749215592	-0.1807688849	-0.0118781029	0.0374579512	-0.0610727706	0.0857282189	0.1118429047	0.0442877452	-0.0505886429	-0.0699150869	0.1175338248	0.0372006714	0.1830039566	-0.0502655399	0.0378263254	-0.0400580441	0.0754247154	-0.0310054679	0.0316390066	-0.0406727757	-0.1102794834	0.0198343663	0.0690675762	0.0153561737	-0.1064509981	0.0165860871	0.14230946	-0.0238497344	-0.0579823977	-0.2246363898	0.0594115572	0.1088703173	-0.0282187927	-0.1669523245	0.1893332941	-0.0154841208	0.0248411416	-0.0436456869	-0.0656139857	0.0362260701	-0.0830304922	-0.0986361021	-0.0659425039	-0.105556505	0.1217916343	0.011470637	-0.0061452043	0.1234693052	0.00074608	0.1248664705	-0.0644293761	0.1477521427	-0.0438105838	0.0988236374	-0.1054202011	0.066342968	-0.0487178624	0.1133747081	-0.0171325912	-0.1114684338	-0.0518724829	-0.0372079367	0.0312259778	0.0175985254	-0.1528377454	-0.0683923647	0.0865236174	-0.0393620949	0.0246080361	-0.0082337978	-0.0383286902	-0.0414353833	-0.1695247161	-0.108046491	-0.0148829419	0.0140353922	-0.0054353791	0.0826302851	-0.0612285797	-0.0026128888	0.080255967	-0.0334728832	-0.0261438826	0.1304723688	-0.1121814264	-0.0469444257	-0.0498474577	-0.0220623371	-0.1148577065	0.1036423034	-0.0857540434	0.0117569	-0.0004739999999999	2.246759999999988e-07	0.00013822469761	0.0377863	0.0188491	0.00035528857081	0.00142780446769	0.0170138	0.01449732	0.00028946939044	0.0002101722871824	-0.000932665	-0.0004179009999999	1.7464124580099993e-07	8.698640022249999e-07	0.00091141	7.581500000009998e-05	5.7479142250151605e-09	8.306681880999999e-07	-0.0007341729999999	0.0	0.0	5.390099939288531e-07	0.0	0.0	0.0	0.0	0.0	0.0	0.0	0.0	0.0	0.0	0.0	0.0	0.0	0.0	0.0	0.0	0.0	0.0	0.0	0.0	0.0	0.0
558.425601664985	-0.3471403871966458	311839.1525949005	0.1205064484230372	755.8624840382744	-2.2139040402356613	571328.0947765106	4.901371099371785	516.5750059437154	0.3470885748884029	266849.7367657496	0.1204704788180625	534.1168464329816	548.8129501283842	1.176602	52.483917	0.0677581499999999	0.0358489	-0.0749515949	-0.1074283569	-0.058726113	0.0199513215	0.0903832469	-0.1294102861	0.0664361598	-0.0587470281	-0.1102620448	-0.0054365112	0.0775530514	0.0303446413	-0.0221540183	-0.0652045306	0.1612240976	0.0459197003	-0.0406698173	0.0579006172	-0.1155503152	0.1147374449	-0.0396500382	0.0093730475	-0.1220685752	-0.0010728784	-0.0215405189	0.0644901323	-0.0434850684	-0.0320791373	0.0441961927	0.1066839494	-0.114255109	-0.0373811149	-0.0436676609	0.003633637	0.0653708924	0.1150057635	-0.0519721466	-0.0060924786	0.0599765784	-0.0261884229	0.0255708276	-0.0041267513	-0.1791211168	0.0963762471	0.0035661358	0.0285788143	-0.0025240122	0.0488636966	-0.0307331942	-0.0508520876	0.0090896968	0.0314504258	-0.0432778645	0.1132258541	-0.121216694	0.0318924862	0.0267909344	0.0233352435	-0.0153668396	-0.0699982589	-0.0978045562	0.1471096287	0.0546503107	-0.0397194429	-0.106656193	-0.0376975267	-0.1345551135	-0.0622412451	0.0556064621	-0.0666068501	0.0077586264	0.0853498413	0.158025198	0.0439656776	-0.0072631123	-0.0888448953	-0.0206703627	0.1826608916	-0.0239302319	0.1038061351	-0.0746044231	0.0475914834	-0.081330897	0.0497384345	0.0356147905	0.0443981686	0.0011138967	-0.0512089292	-0.0249073354	0.1008135701	-0.0142670788	0.1036092403	-0.0303507857	-0.0341466871	0.0645182949	0.0536046139	-0.165982062	-0.0882026627	-0.085500215	-0.13179127	-0.0767162429	0.0746489915	0.1124310086	0.011246327	0.1020242944	0.1018389747	0.0830663814	0.0240618767	-0.0340382618	-0.0608768522	0.0394640458	0.0186044102	-0.0694363168	-0.1618546991	0.0290150284	0.1308908597	-0.1096826154	-0.0090565962	0.075263492	0.0173078451	-0.023316926	-0.0236011451	-0.0731322558	0.0388085202	-0.0340826534	0.1315968103	0.0052004589	-0.0433093382	-0.1643959044	0.0093578856	-0.0257827822	0.1095083482	-0.0227725232	-0.1077044767	0.081856221	-0.0849598111	-0.1407952389	-0.1034077428	0.0386893515	-0.1337170591	-0.0006653065	-0.0849973326	-0.0836591817	-0.0341716268	0.061524528	0.0140930979	0.0751747564	0.0977286843	-0.02222105	-0.0996663737	-0.1137438278	-0.0701764026	-0.0626002229	0.0277675011	0.019518109	-0.0034088182	0.1359742757	-0.0189306114	-0.0551695965	-0.051115791	0.121167334	0.1538644263	-0.0370280409	-0.0404608206	-0.0970501556	0.0063308073	-0.0542071187	0.1372198722	-0.0475748374	-0.1329643477	0.0041089201	-0.0846274291	-0.0624299872	0.0385885839	-0.0672119957	0.0850282471	-0.0682011459	0.0075248133	0.0205049906	0.0656455028	-0.025809833	-0.0787455851	0.0010029114	0.0312766057	-0.0305365525	-0.0245845486	0.0008917285	0.0334435535	0.1049180291	0.0367951749	0.0104420407	-0.115490384	0.1060982907	-0.0910064429	0.00406343	-0.00769347	5.918948064090001e-05	1.65114633649e-05	0.0117987	-0.0259876	0.00067535535376	0.00013920932169	0.00665257	-0.0103612299999999	4.42566876049e-05	0.0001073550871128	-0.000534163	0.0003985019999999	1.5880384400399994e-07	2.8533011056900005e-07	0.0008355949999999	-7.581500000009998e-05	5.7479142250151605e-09	6.982190040248328e-07	-0.0007341729999999	0.0	0.0	5.390099939288531e-07	0.0	0.0	0.0	0.0	0.0	0.0	0.0	0.0	0.0	0.0	0.0	0.0	0.0	0.0	0.0	0.0	0.0	0.0	0.0	0.0	0.0	0.0
559.4243209655784	0.9987193005933932	312955.5708877985	0.9974402413777564	755.642206177223	-0.220277861051386	570995.1437563808	0.0485223360693737	517.6671796425234	1.0921736988079829	267979.30887904455	1.1928433883679106	535.4151206709872	571.8161389875593	1.287301	57.421791	0.0178995099999999	0.0118283	0.0210342257	0.1730224595	0.0006100855	0.0375858451	-0.0969332702	0.0321776816	0.086918739	0.1520178528	0.0581962317	-0.0578839511	-0.0405252439	-0.0808754572	-0.0122235848	0.0689424895	0.0072928829	0.076463346	0.1671517283	0.1270905223	-0.0778570256	0.0486311542	-0.0423636602	0.055913854	-0.0442058942	0.0589945704	0.0013101688	0.0952897984	-0.1440367679	-0.1015897406	-0.0119218374	0.0055160992	0.0284389843	-0.1267663106	-0.0886377133	0.0451612238	-0.1305033382	0.0655021731	0.1562760954	0.0458667093	0.0212769682	-0.1124948139	0.0938052881	0.0461315978	0.1733097385	0.0116376089	0.0021279305	0.0190795592	0.0193897086	0.2039841383	-0.127005111	-0.1049088847	0.0130605682	0.0419114948	-0.0484961096	-0.1027856188	0.0608624643	0.1925653827	-0.0777150971	0.0417930494	0.1181792747	0.0636392464	-0.0223972116	0.0786151863	-0.0372628099	-0.0473332611	-0.0603444958	0.0178457517	0.0848519973	0.0919107842	-0.0371583986	0.0610782392	0.0682018593	-0.0148438174	-0.0328960794	-0.0284969331	-0.0645537067	0.0164197342	0.0858308496	0.016539095	-0.0855795827	0.0417047714	-0.0525135096	0.005424367	0.243137239	-0.0289645657	-0.1133803269	0.0463272249	0.0800989986	0.0121613654	0.0266298354	0.0575697645	-0.1212379627	-0.0237239228	-0.1057541929	-0.0420470892	-0.0174918966	-0.0786500253	-0.0775746714	-0.0792670976	-0.1227477424	-0.0084945772	-0.0369888527	0.1269683582	0.0056095464	0.0031958974	-0.0513554099	-0.1578603834	-0.0273849996	-0.0577219871	0.0060304753	-0.1196049024	-0.1210990997	0.0189358947	0.1256587362	-0.0332573403	0.0931566016	0.1253403257	0.1446347846	-0.098320582	0.1543937415	-0.0846253443	0.0653665591	-0.0128036077	-0.0893166239	0.063820299	-0.0820105989	-0.0111901481	-0.0421578475	-0.0403442618	0.043758087	0.050493375	0.0625783394	-0.031158098	0.0200062716	-0.039547326	-0.008773187	0.106920578	0.0300162914	0.0578782774	-0.0818856657	0.0527276809	-0.0899956015	0.0253957223	-0.0031433828	0.0800719417	0.0536055003	-0.1919389065	0.0883197264	0.0020504645	-0.1622335663	0.1018673764	-0.1057965033	0.0194370105	-0.0591202363	0.0874314206	-0.0097564651	-0.0813064942	0.1470533631	-0.0517680465	-0.096430385	-0.0113055348	-0.0952833301	0.0830112424	0.0989067912	0.1356460178	-0.0824122934	0.0219717241	-0.004139763	-0.0418304795	0.1066618287	0.1088073832	0.1011438522	0.0244735357	0.0788211699	-0.0581092841	0.0356742926	0.0466738217	0.0048697149	0.0193447687	0.0438388376	0.0856773259	-0.0135477015	-0.0818165172	-0.1168948731	0.0013752052	0.0115565114	0.0379288053	0.0026859731	-0.0062734618	-0.0389422652	-0.0660385706	-0.0022409585	-0.116066535	0.1083465856	-0.0958580879	0.00448271	0.00041928	1.7579571840000014e-07	2.00946889441e-05	0.0189417	0.0071429999999999	5.1022448999999975e-05	0.0003587879988899	-0.00291911	-0.0095716799999999	8.5212031921e-06	9.161705802239998e-05	-0.000549474	-1.531099999999995e-05	2.3442672099999845e-10	3.01921676676e-07	0.0008355949999999	0.0	0.0	6.982190040248328e-07	-0.0007341729999999	0.0	0.0	5.390099939288531e-07	0.0	0.0	0.0	0.0	0.0	0.0	0.0	0.0	0.0	0.0	0.0	0.0	0.0	0.0	0.0	0.0	0.0	0.0	0.0	0.0	0.0	0.0
559.6096370724266	0.1853161068481768	313162.945904333	0.0343420594573648	755.895888564569	0.2536823873459752	571378.5943488192	0.0643547536495534	517.7147418354563	0.0475621929329008	268028.5539137532	0.0022621621965864	535.5121546138821	596.062989747078	1.225536	54.666683	0.02952118	0.0154548	0.0612579585	-0.1286206575	-0.0025741735	-0.0533091779	0.032919062	0.1322754785	0.0747182356	-0.1195766625	-0.0139670142	0.0978186205	0.0337057005	0.050507928	0.0526809226	0.0957490352	0.016944412	-0.0581981887	0.0178348944	-0.0488594176	-0.163146158	0.1042523658	0.042873935	0.0043226993	0.1116844294	-0.0583248642	0.0314252204	-0.0111144622	-0.0084057556	-0.0560195946	0.0451131273	0.0212551313	-0.0707804559	0.0737944827	-0.1318135147	0.1003471806	0.0828672413	-0.0083356621	-0.1315960176	-0.0225645788	0.0242455436	0.1276354882	0.0350647664	0.0880165915	-0.1201690375	0.0242994361	0.2015897321	-0.0697998747	-0.0288339921	0.0195042103	0.0296955344	-0.0557009549	0.1490265583	-0.0593713489	-0.247672459	0.0698426703	0.0332683205	0.0677450257	0.1891038785	0.1957133043	0.08347524	0.1079852889	0.011471344	0.046788253	0.0514169836	0.0249199474	-0.0839377504	-0.0835796874	0.0523096361	0.0476160164	0.0635101068	0.0108527276	-0.0424507868	-0.2042711704	-0.1176108307	0.0439663989	-0.0511342784	-0.1683673503	0.0926217019	-0.0522454777	0.0594745645	0.0973826633	-0.0161912708	-0.0158278819	-0.0417413487	-0.0132480807	0.1035165255	-0.0803566687	0.0973463721	0.125624088	0.0827518942	-0.0971678587	0.000877232	-0.0146856201	-0.0304313193	0.0213313799	0.0560253421	-0.0070067851	0.0192702491	0.0114273699	-0.091786596	0.001637891	-0.108650356	-0.131024988	0.0239969197	-0.1520897978	0.0431049705	0.1388541844	-0.1198575897	0.0915247691	-0.0117048598	-0.0185928469	-0.0042218492	-0.0319721284	0.0943511289	-0.0595706781	0.1116205192	-0.1071673837	0.0503566969	-0.0523654101	0.2211192696	0.1351285293	0.0814853931	-0.1340061029	-0.0030772112	-0.0841783993	-0.0736587692	-0.0025234946	0.0224911132	-0.2007211008	-0.0364843741	-0.1080706123	-0.0662160629	-0.0168592298	-0.1852763167	0.0499845315	-0.1068787052	-0.0945403632	0.0665047919	-0.070241968	-0.0538689822	-0.079001731	0.0467494804	-0.0086584744	0.0853449875	0.2239497717	-0.0908288312	0.1390606816	0.0542692089	0.1084149282	0.0029046613	-0.0971208855	0.0357145418	0.0613368006	-0.0419275146	0.1634811125	-0.0057354014	-0.0711540574	-0.0675849314	0.0003121016	-0.0613103063	0.0484979714	-0.0623916857	0.0427615699	-0.1759960389	-0.0068392844	0.0018593306	-0.0358358811	-0.0347939657	0.0723918756	-0.1318167694	-0.0078168716	-0.1084235396	0.0625488159	0.012584116	0.0350169628	0.0614554488	0.0755763583	0.0615674326	-0.1210273972	-0.0057697539	-0.0338451853	0.0214834565	0.0761943567	-0.0123536237	-0.1980714282	0.1216078551	0.0438034969	0.0652050076	-0.0610625691	-0.0886854718	-0.0381524793	0.1451688412	-0.1165858777	0.110382787	-0.100287614	0.00373447	-0.0007482399999999	5.598630975999998e-07	1.39462661809e-05	0.026084	0.0071423	5.101244929000001e-05	0.000680375056	-0.0132816	-0.0103624899999999	0.0001764008985599	0.000107381199	-0.000774837	-0.000225363	5.0788481769000006e-08	6.003723765690001e-07	0.0008355949999999	0.0	0.0	6.982190040248328e-07	-0.0007341729999999	0.0	0.0	5.390099939288531e-07	0.0	0.0	0.0	0.0	0.0	0.0	0.0	0.0	0.0	0.0	0.0	0.0	0.0	0.0	0.0	0.0	0.0	0.0	0.0	0.0	0.0	0.0
559.160887190756	-0.4487498816706647	312660.8977639533	0.2013764562994356	754.5314703815147	-1.3644181830542266	569317.7397960906	1.861636978248997	517.5044851292791	-0.2102567061771196	267810.8921289203	0.0442078824924516	535.1741846883908	574.8941677907277	1.179957	52.633556	0.03286064	0.0168603	-0.034120595	0.0983649444	-0.1116474333	0.059538378	-0.0164381183	0.0882627098	-0.0507797059	0.1292729452	-0.063404871	0.0146028655	-0.0513539556	0.0969709406	0.0128586814	-0.063968303	-0.0843642128	0.0105928495	0.0977620709	-0.008897214	-0.0219160189	-0.0033504435	-0.0884704602	-0.0246838603	-0.0022915085	-0.0187631379	-0.0204496371	0.1365295807	-0.0031017846	0.0401760198	-0.0469005454	-0.0598609015	0.0620274356	-0.0432058466	0.0366349182	0.0008599932	-0.2455950842	-0.0039013181	0.0097414376	-0.1487539951	-0.0296076352	0.0071181274	-0.0408172625	0.0807068717	0.0344648671	0.1383764372	-0.0929034859	0.1364082043	-0.0771181293	-0.0508344717	0.0637572552	-0.0886494074	0.1180750966	-0.0124214078	-0.0811698092	0.0729941135	0.1721538025	0.087550876	0.0392797963	0.0887873901	0.0023286958	0.0671153888	0.0606394511	0.0089086793	-0.1010132104	-0.0158828954	0.0193271333	0.0046470507	-0.0638015554	0.0548224121	-0.0023069122	-0.0148104575	0.0512461496	-0.0791607197	0.1692800312	0.1758397665	0.1156676796	0.0043287571	-0.077636378	-0.0686730344	-0.022579955	-0.250856049	0.2122481886	-0.0102615643	0.0764126142	-0.0123791171	0.0057930736	0.0174669465	0.0093000873	0.0599586813	-0.0835426408	-0.0006127395	0.1021333741	-0.0330805425	0.0899423015	0.0990989606	0.0901839573	0.0205730344	0.1115082973	0.087381325	-0.0038990056	0.0952141227	0.0167059819	-0.0789353561	0.0738123372	0.0596372384	0.1002579477	-0.1379769113	-0.0210597498	0.0142036322	-0.1224993205	-0.0214591941	0.0211934282	0.1148667229	0.0289456261	0.136326267	0.0691453668	-0.0435539299	0.0879274374	0.0395057461	0.1857373382	0.0527358918	-0.0354949763	-0.0083624724	0.0353062724	-0.1305532415	0.0584046612	0.1153168754	0.0041618738	3.14093e-05	-0.0452579508	-0.0433878124	-0.0215915462	-0.008691909	-0.0584021008	-0.1254716385	0.0747738451	-0.1174123839	-0.0226365473	-0.0192644956	0.0593145101	0.0338600664	-0.0828359102	0.0730861381	0.0618394506	-0.0498587129	-0.1499386725	-0.0476417186	-0.0211005759	-0.1174049733	0.0814267985	0.1142742419	0.1307317364	-0.0100503965	0.0226995656	-0.0957271948	-0.2123735107	-0.0767480366	-0.0446465479	0.0209341723	0.0448237982	0.1718393499	-0.0827729674	0.0577488682	0.0845234812	0.0003141234	0.2065319382	-0.0139159371	0.0874314264	0.0341008709	0.1266083237	-0.0184688274	0.1070649745	-0.0016875151	0.0549422359	0.0189100625	0.0724108186	-0.0373344608	0.0686184745	0.0410843076	0.1184785473	-0.0850707618	0.0153527773	-0.0719124657	0.0751541148	0.0762749458	-0.0451372667	-0.0714693201	0.0725186389	0.0319055258	-0.0269972111	-0.2200932506	-0.110016347	-0.1170481578	0.1122029089	-0.1042755153	0.0053152	0.0015807299999999	2.4987073328999994e-06	2.825135104e-05	0.0149432	-0.0111408	0.0001241174246399	0.00022329922624	-0.00240409	0.01087751	5.779648728099999e-06	0.0001183202238001	-0.000589606	0.000185231	3.4310523361e-08	3.47635235236e-07	0.0008355949999999	0.0	0.0	6.982190040248328e-07	-0.000734174	-1.0000000999791855e-09	1.0000001999583812e-18	5.39011462276e-07	0.0	0.0	0.0	0.0	0.0	0.0	0.0	0.0	0.0	0.0	0.0	0.0	0.0	0.0	0.0	0.0	0.0	0.0	0.0	0.0	0.0	0.0
559.4294783927207	0.2685912019647958	312961.3412947516	0.0721412337728937	757.2970432554079	2.76557287389312	573498.811723383	7.648393320813453	516.7263980661288	-0.7780870631503376	267006.1704583954	0.6054194778419174	534.6433318970963	586.9254283137482	1.176829	52.494034	0.04093017	0.0273716	0.0885674553	-0.0461370328	0.1075497108	-0.0450931519	-0.008277306	0.0261441394	-0.1434097165	-0.0862940196	0.0992786979	0.0693383476	-0.0140655172	0.0255683175	0.0067219802	0.0393114918	-0.1041850345	-0.1260874474	-0.0418386072	-0.1340771894	-0.1454935277	-0.1098005958	0.0247596318	0.0791367056	0.0404072678	-0.0770577794	0.0565162811	0.0361742436	-0.1795024758	-0.061209809	-0.143814218	0.0795137834	-0.0915034108	-0.0667762369	0.0442542996	-0.0687480009	0.0247825942	-0.1471797638	-0.0795975226	-0.1117660209	-0.0601271566	-0.151436037	0.0724017351	-0.0483981953	-0.0175804363	-0.1734341386	0.0774864101	-0.0617587465	-0.0213925593	-0.0814663359	0.0955698425	-0.0313232993	0.1347775875	0.0481215554	0.173759768	-0.0259406349	0.053140561	0.0106379511	-0.0796475179	0.0591204287	0.0013322645	-0.1528417388	0.0545590985	-0.1350712367	-0.0437825649	0.1339007289	0.1007329741	-0.0432508453	-0.0397382463	0.0655043873	-0.0524676323	0.0962766372	0.1882331937	-0.0902223231	0.1129447728	-0.1100849818	0.0958921004	-0.0443050322	-0.0487379447	-0.0766347125	-0.0982463981	0.0166409707	0.0155144029	0.0822444578	0.1229710034	-0.1219956375	0.2042935686	0.1090572799	0.0036444676	0.0323588285	0.2099607983	-0.0242639771	-0.0910235553	0.0340872073	-0.060963653	0.0669239866	0.0021467433	0.039152608	-0.1808035227	-0.0072886343	0.1827169385	0.0399438246	0.0599293811	0.0624862226	-0.1883390649	-0.0610332345	-0.120581508	0.0717759706	-0.0641276258	0.0283693529	0.0435383907	0.1821479313	0.0378560757	-0.0231645015	0.0318942128	0.1042502041	0.1508547779	0.0330400102	0.0212318575	0.1020724309	0.0062627005	0.0682874189	0.1583819909	0.109371502	-0.010716697	-0.0080513425	-0.0111937606	-0.0259532799	0.0398196902	0.1855033246	0.2042050954	-0.0609993123	0.0026052368	-0.0154712686	0.0117873588	-0.0283575825	0.1192714848	-0.1291753012	0.0571659723	-0.0368581027	0.1602198348	0.0458210216	-0.0604877379	0.1474604484	-0.0190525341	0.0514365946	0.0026106188	0.0486958059	-0.0562710629	0.0469396679	0.0232822294	0.115642374	-0.2039146542	-0.1488828574	-0.0021712949	0.0821882327	0.0694011759	0.0557895632	-0.0861326683	0.0173086754	-0.0027594703	-0.0391850928	0.0370937808	-0.1125921505	0.1463800964	-0.0708621102	0.066020491	0.0946269572	-0.0826922663	-0.1451867088	-0.1013639197	0.0607506019	-0.1075202239	0.0277247479	0.0035815612	-0.0066749264	-0.0228098661	-0.1585532143	0.0287506276	-0.1225756667	0.0534294108	0.0044439521	0.0118144635	-0.0194166125	-0.1165025525	-0.0068217507	0.001111245	-0.0756896135	0.1374452642	-0.0655615137	-0.1569999463	-0.0942693325	-0.0555628622	-0.117453149	0.1138033884	-0.1078042307	0.00241036	-0.00290484	8.438095425600001e-06	5.8098353296e-06	0.0388278	0.0238846	0.00057047411716	0.00150759805284	-0.00239896	5.129999999999892e-06	5.755009081599999e-06	2.6316899999998888e-11	-0.0008723169999999	-0.0002827109999999	7.992550952094346e-08	7.609369484888255e-07	0.0008355949999999	0.0	0.0	6.982190040248328e-07	-0.0007341729999999	1.0000000999791855e-09	1.0000001999583812e-18	5.390099939288531e-07	0.0	0.0	0.0	0.0	0.0	0.0	0.0	0.0	0.0	0.0	0.0	0.0	0.0	0.0	0.0	0.0	0.0	0.0	0.0	0.0	0.0	0.0
559.2843507577776	-0.1451276349431509	312798.9850025488	0.0210620304241924	756.2101960727556	-1.0868471826522637	571853.8606443955	1.181236798439163	516.9729585335773	0.2465604674484893	267261.0398549598	0.0607920641084175	534.6479718345076	586.1256752020468	1.118416	49.888443	0.07250305	0.0417957	-0.0397734014	-0.0387597651	-0.1358443157	0.0260106693	0.0064341065	-0.1553057492	-0.0002250646	0.0103043388	-0.0978262789	0.0149579918	0.0165965183	0.0397413664	-0.068801282	-0.0990954366	0.0082598924	0.1433860907	-0.0973485929	0.014985709	0.0056996601	0.0025940576	-0.0753720595	0.0688702763	0.0967406829	-0.1964623123	0.0210823211	0.0370726236	-0.1218356801	0.0547281325	0.1367713433	0.0149520447	-0.0376540716	0.0529823035	-0.1236508354	-0.0308576057	0.1401495601	0.010482324	0.0712777383	0.063751519	-0.0628433023	0.050142043	0.0809858206	0.006609055	-0.019805243	0.0755303697	-0.0843719051	0.0151047067	-0.008964711	0.0474710585	-0.0187336467	-0.0442618613	-0.0538488519	-0.0779608867	0.0341184981	0.0650993488	-0.1544412495	-0.1528851472	0.0837990366	0.0547861994	-0.0513209729	0.0296543618	0.1064820882	0.0904317269	0.1533511354	-0.1717437895	0.0110915737	0.0210280323	0.0328279828	-0.0449470104	-0.1327730419	-0.0326258631	-0.0175722636	-0.0915224121	-0.031904035	-0.0244169683	0.0262240438	-0.0973217911	-0.1013482659	-0.1157540356	0.0039952038	0.2138198911	0.0405886834	0.1288144011	-0.0302738371	-0.0934136828	0.1221708712	-0.0693555261	0.0803800819	-0.1200364408	0.0486475345	-0.0030116019	0.0463492163	-0.0106273695	-0.0303315741	-0.009863664	-0.0895986073	-0.1196464171	-0.0919596681	-0.2780724964	0.0655658682	-0.0718508318	0.0823772248	-0.0059403033	0.0259132763	0.2041977773	0.0976958722	-0.0175613586	0.0613489519	0.0342798264	-0.0512857748	-0.0266676564	-0.0252029196	0.013563269	-0.0976487839	0.0120329612	0.0296958215	0.0395933918	-0.1575129993	-0.0139186771	-0.0837261009	-0.0005251958	0.0278172597	-0.0217497111	-0.1359347939	-0.1785332198	0.0209817181	0.1679316065	-0.0091636773	0.0464133327	0.0050046236	-0.008051349	-0.0550357932	-0.211036983	-0.0408333211	0.1387117893	-0.0550431925	-0.012121959	0.0574050844	0.0032898498	0.0667149427	-0.0817577315	0.0805031235	-0.0383561989	-0.0888653134	0.0565741998	0.0221033559	0.1624967163	0.1451560455	0.0306492087	-0.064476171	0.0367973913	-0.122258723	0.0068910097	0.147177064	0.0202978806	0.0097300835	0.0788353709	-0.1041384957	0.0986898146	-0.2087709464	-0.0632856757	-0.0090911316	-0.2202211196	-0.0002473193	0.0976322937	-0.1401742875	-0.070920458	0.0940593864	0.1357595892	0.0455311698	-0.1043336496	0.0432183761	-0.0038138945	-0.0398552554	-0.0209492738	-0.1226984839	-0.0044572813	-0.0007161317	-0.0403859242	0.062664943	0.0301359654	-0.1519420109	0.0483856059	-0.0656934297	-0.0070004673	0.030457595	-0.0518985104	0.1109135837	0.1014417863	0.0110218153	-0.0416675013	0.07776265	-0.1178006533	0.1151810923	-0.1108582214	0.00799288	0.00558252	3.1164529550400006e-05	6.388613069440001e-05	0.00734221	-0.03148559	0.0009913423776481	5.39080476841e-05	-0.0157261	-0.01332714	0.00024731022121	0.0001776126605795	-0.000430162	0.0004421549999999	1.955010440249116e-07	1.85039346244e-07	0.0008355949999999	0.0	0.0	6.982190040248328e-07	-0.000734174	-1.0000000999791855e-09	1.0000001999583812e-18	5.39011462276e-07	0.0	0.0	0.0	0.0	0.0	0.0	0.0	0.0	0.0	0.0	0.0	0.0	0.0	0.0	0.0	0.0	0.0	0.0	0.0	0.0	0.0	0.0
559.7277937729147	0.4434430151370634	313295.20312189445	0.1966417076738498	756.6187591251274	0.4085630523718464	572471.9466600476	0.1669237677634001	516.8942211491104	-0.0787373844668763	267179.6358573455	0.0061995757126847	534.6516214735266	577.1397785062874	1.125009	50.182541	0.05110907	0.0288139	0.0576635101	0.1215511147	0.0670048704	0.0029340935	-0.0337665146	-0.0546004427	0.0937279334	0.0763702423	0.1202905933	-0.0658899709	0.017843066	-0.0425225119	-0.0070472347	0.0586552951	0.1123966036	-0.0173998941	0.0567253944	-0.0367979452	0.012413185	-0.1328068229	0.1229537849	0.0677249466	-0.0725445602	-0.1124208574	-0.0650734602	0.026377083	0.0414258158	-0.0561993006	0.1324720157	-0.108019197	0.0169834565	0.0726551172	0.1144561101	-0.034268125	0.027323038	0.0450759175	0.0139875904	0.0230105668	-0.0528826765	0.0648568598	0.0470154392	-0.0273829884	0.1218489882	-0.0368538317	0.0726847726	0.04434175	0.1368916444	0.0941357858	0.1490325448	-0.0025123892	0.0410615744	-0.0157702329	-0.11085526	0.0451992549	-0.0550043203	0.0137297932	-0.0195821574	-0.1855280276	-0.0080591068	0.1907335948	0.1042102474	-0.1349358866	0.0492816219	-0.1369346339	0.0390375987	-0.0028488909	0.0986123747	0.058539832	-0.0784499738	-0.079149146	-0.083284937	0.0762044647	0.0139547047	-0.0334043698	-0.0484654058	-0.0739483176	-0.0838598916	-0.0385332164	0.1754155879	-0.0677231387	-0.1608827591	-0.0789705987	0.0380188754	-0.0223523644	-0.0533565324	0.0072860418	0.0153334769	-0.1345802183	-0.015288876	0.0354749844	-0.0180445256	-0.0475478176	0.0483052968	0.1323494747	0.0024347466	0.1347825841	0.0610452791	-0.0352190605	0.0434311308	0.0373027016	0.0172356288	0.1095683779	0.0243474715	-0.1132765081	-0.137087544	-0.0639966606	-0.011489423	-0.0240219391	0.0818930324	-0.0169879942	-0.0584137699	0.1215823861	0.0615625557	-0.0571543456	0.0507543585	-0.1600229862	-0.0667395697	-0.0505283379	0.1051670884	0.0548541524	-0.267332737	-0.0410794092	-0.1173227271	-0.0293640134	-0.0168488823	-0.1514886931	0.01299355	0.0047894948	0.0527466585	0.1095825087	0.0183307105	-0.1807248508	-0.00699242	0.0353522169	-0.0316792858	-0.0128948437	-0.0307485253	-0.0410480031	-0.0710134353	-0.07678897	0.183409526	-0.0273509456	0.0093224674	-0.0635042554	0.1499406321	-0.0060211632	-0.1178460608	-0.0870516583	-0.1215408703	-0.0888842236	0.0214528142	0.0183437543	0.0406703846	-0.0384092027	0.0071119041	-0.0351713415	0.0158905043	-0.0154779947	0.0411476361	0.0149064797	-0.0004950366	-0.0509557544	0.0439968002	0.0698884306	0.0975003929	0.015840526	0.0267445117	-0.1002904462	0.0894620881	0.1170131357	0.0141442434	0.0543116079	0.0183408974	-0.020340696	-0.0968193128	0.0848085919	-0.0053988249	-0.0103665281	0.0247664628	0.0109439619	-0.0768920904	0.0522663797	0.0495347324	-0.1627030324	0.170556742	0.0408330979	0.0392772877	-0.0631110575	-0.0750710207	-0.008416978	-0.1255473106	-0.1180905004	0.1163333239	-0.1134240387	0.00964322	0.0016503399999999	2.723622115599995e-06	9.299169196839998e-05	0.0304711	0.02312889	0.000534945552632	0.00092848793521	-0.00240566	0.01332044	5.7872000356e-06	0.0001774341217936	-0.000565982	-0.00013582	1.8447072400000013e-08	3.203356243240001e-07	0.000711227	-0.0001243679999998	1.5467399423975116e-08	5.05843845529e-07	-0.000734174	0.0	0.0	5.39011462276e-07	0.0	0.0	0.0	0.0	0.0	0.0	0.0	0.0	0.0	0.0	0.0	0.0	0.0	0.0	0.0	0.0	0.0	0.0	0.0	0.0	0.0	0.0
560.0885280593446	0.360734286429988	313699.1592636833	0.1301292254061526	757.8050857212504	1.1863265961229672	574268.5479449917	1.4073707926687058	516.922423398314	0.0282022492035594	267208.7918119858	0.0007953668601396	534.6439508335916	594.7893485717728	1.139125	50.812187	0.037203	0.0224566	0.0266390572	-0.0961174758	-0.0602406516	-0.0366551969	-0.0391351743	-0.041292997	0.1515555718	-0.0676531188	-0.0408278915	0.0518953533	0.0219009022	-0.0855245766	0.0439398019	-0.0284849754	0.1316828291	0.0172700506	0.0370884261	-0.0830742526	0.0730889531	0.0832066874	0.0645280162	0.1808058187	-0.1795185283	0.0068421858	0.0155344439	-0.0135854859	0.0916953372	0.0438191115	-0.0373653817	-0.0720683665	-0.0587448386	2.42037e-05	0.0360346531	-0.1095933949	-0.0161338511	0.0089780462	0.0594948713	-0.2113290093	-0.0992449762	-0.007708472	0.0086187469	0.0064679744	-0.0662589699	0.033070948	0.0074608981	-0.0976693549	-0.0026630088	-0.0622749507	-0.1167350044	0.1261909461	0.0401561947	0.0550407767	-0.0846204689	-0.0593334525	-0.052465368	-0.0458328377	-0.0675170869	-0.0198220903	0.0777869775	-0.0586682191	0.1242254605	-0.1006182071	-0.0125521872	-0.0214221851	0.0624320603	-0.0817534575	-0.0607696875	0.0663325843	0.0726047928	-0.0501315145	-0.0403570964	-0.0788607315	0.0109968585	0.0570725885	0.0618291837	0.0057882853	0.0381214168	-0.0803128659	-0.0521739678	-0.1087743291	-0.1062127562	0.1338048577	-0.1677346538	0.0008809971	-0.1828515986	-0.0482671904	-0.020835103	-0.0084106224	0.0067908094	0.1467752128	-0.1614506836	0.04408295	-0.0937357507	-0.0310279473	-0.0832192504	0.1249086324	0.0461452602	-0.0025754756	-0.1111134749	-0.0107187817	0.0370725957	-0.0302895054	-0.0058279729	-0.1005744014	0.0474912772	0.0643869688	0.0129055317	0.0375614787	0.0195835266	-0.0382079784	0.0072772219	-0.0760453488	-0.0276325921	-0.1893761023	-0.0599578014	-0.0898346401	0.0914892479	0.0345171135	0.0052274034	0.0072377093	0.0111217673	-0.0117580498	0.0691937118	0.0311598532	-0.0348983848	0.0009263793	0.0049183101	0.1102907028	0.0514361082	0.1215618591	-0.0157363259	-0.0843784277	-0.1334836163	-0.1180203394	-0.1225992866	-0.1075212276	0.0081549175	0.0104304114	-0.1294312784	0.1433702607	0.0045444478	-0.0004401506	-0.1675345555	-0.0369940806	-0.0317157132	-0.0515107942	-0.0115911732	-0.1250456422	0.0690894359	-0.0059308024	-0.0610697345	-0.0150618328	0.0482552516	0.1306363527	0.0753629036	0.0731648338	0.0096620622	-0.0645026103	0.0702480034	-0.0607183414	0.0568655642	0.0870832357	-0.0042519594	-0.0168314896	0.093058913	0.059615707	-0.0101020767	0.1133264631	-0.1214310524	-0.0366994798	-0.0307035558	0.0713587714	0.0298050386	-0.0164641813	-0.1122057098	0.1139679591	-0.0289043532	-0.1197503405	0.068799805	-0.0271360113	-0.0106607242	-0.0840668203	-0.0875496406	-0.0935487508	0.189894822	-0.0704474444	-0.0640192996	-0.0535532901	-0.1985348926	0.0688913328	-0.0412056394	-0.1183225485	0.1172578276	-0.115490384	0.00840341	-0.0012398099999999	1.537128836099998e-06	7.06172996281e-05	0.0189357	-0.0115354	0.00013306545316	0.0003585607344899	-0.0202632	-0.0178575399999999	0.0004105972742399	0.0003188917348515	-0.000573019	-7.036999999999994e-06	4.951936899999992e-11	3.2835077436100004e-07	0.0008355949999999	0.0001243679999998	1.5467399423975116e-08	6.982190040248328e-07	-0.000734174	0.0	0.0	5.39011462276e-07	0.0	0.0	0.0	0.0	0.0	0.0	0.0	0.0	0.0	0.0	0.0	0.0	0.0	0.0	0.0	0.0	0.0	0.0	0.0	0.0	0.0	0.0
558.9604362568664	-1.1280918024782522	312436.7693004664	1.2725911148186322	753.4083384851781	-4.396747236072315	567624.1244989967	19.331386257909543	516.8429924358446	-0.0794309624693596	267126.6788300385	0.0063092777988088	534.3623055200328	575.9465370492155	1.123603	50.119835	0.0414845099999999	0.0227385	0.0236333472	0.1343206375	-0.003931848	0.0011141557	0.0362546883	-0.0166164629	0.1356660648	0.1120654338	0.0720801916	-0.038428856	0.0478647499	0.0143993515	0.1042700008	0.0125927856	0.0832734404	0.0921112275	0.1430895316	0.072446649	-0.0057468535	0.015239919	-0.04737004	-0.0881849752	-0.0617969175	0.1991284672	0.0884663709	-0.0368322651	-0.0685653375	-0.0852632659	0.1538615335	-0.1005373447	0.0324878554	-0.003100047	0.0982066804	-0.053830522	-0.0408827938	-0.0769697536	0.0125873383	-0.0455985346	-0.035741545	-0.0684130724	-0.0646782685	-0.0155789858	0.1232038531	0.0707479266	-0.0077223794	0.0444181514	0.0731126229	0.0797982321	0.0136566065	-0.0274917747	-0.0643852342	0.050339186	0.091746125	0.0884465956	-0.0848040018	-0.0256968201	-0.1450241156	0.1137430871	-0.0249837472	-0.1482249844	0.0240407117	-0.0101742008	-0.0699633607	-0.1197156276	-0.0579016928	-0.0009954928	-0.0607306647	0.1154885903	-0.0070767192	-0.0894903844	-0.0327516889	0.0729403105	-0.0411370213	0.0123220539	0.0419888856	-0.0095344463	-0.023000427	0.054264898	-0.0061520268	0.120877312	0.0883158248	-0.0612800062	0.0354223976	0.1025728829	-0.0658704632	-0.1326646424	-0.0561915716	0.0229599762	0.0546723886	-0.1364825984	0.032612547	0.1269076879	0.0652374197	0.0144451337	0.1075332767	-0.0382837894	0.1337724799	0.0679131601	0.0329518839	0.0460049497	0.0169843921	-0.0255947565	0.2038730305	-0.0296097161	-0.066030227	-0.0984964795	-0.0047107915	-0.0020695942	-0.0075208392	-0.1136810677	-0.0368216771	0.1162948938	0.0736580425	-0.1106775574	-0.0310481261	0.0650227476	-0.0439538998	0.0077955079	-0.0450978404	-0.0921264126	0.0502896816	0.12601687	0.067601896	0.0891445576	0.0171851739	0.0323454926	-0.0176644961	0.1042101858	-0.0882559771	0.0584863032	0.0486510627	-0.101168727	0.110441462	-0.1361754519	-0.048907555	0.1339552449	0.0196204492	-0.1292009269	-0.0040413778	0.0135606485	-0.0687933225	-0.1073195872	0.0613863036	-0.0802917404	0.0460410042	0.054794857	0.0169557792	0.0937997352	0.0421330446	-0.012856411	0.1006574937	-0.0766627164	0.0479539309	0.0063990193	0.0691326004	-0.1138958517	0.0030548478	-0.0250909965	-0.0180190483	0.1621503506	0.0631198786	0.022159474	-0.0845459707	0.0685190685	0.0676613338	0.0701306748	-0.0135590703	-0.0022922286	0.1399885139	0.0965405537	0.0694344493	0.0081450309	-0.0096958318	0.019948771	-0.0372940292	0.1093885544	-0.0270178765	-0.0346064013	0.0608459324	0.0927040865	-0.0725010235	0.0620736065	-0.0180942304	0.0531763371	0.0766298565	0.0305371604	-0.1154599989	-0.0547373393	-0.0957136957	-0.0514773963	-0.1454092553	-0.118496684	0.1179527935	-0.1170481578	0.0169418	0.00853839	7.29041037921e-05	0.00028702458724	0.0251743	0.0062386	3.892012996e-05	0.00063374538049	-0.00239583	0.01786737	5.740001388899999e-06	0.0003192429107169	-0.00064339	-7.037099999999995e-05	4.952077640999993e-09	4.139506921e-07	0.0008355949999999	0.0	0.0	6.982190040248328e-07	-0.000627742	0.0001064319999999	1.1327770623999989e-08	3.940600185640001e-07	0.0	0.0	0.0	0.0	0.0	0.0	0.0	0.0	0.0	0.0	0.0	0.0	0.0	0.0	0.0	0.0	0.0	0.0	0.0	0.0	0.0	0.0
559.187394111524	0.2269578546575985	312690.54173323687	0.0515098677907796	753.5496653271936	0.1413268420154736	567837.0981147254	0.0199732762740666	516.8162750296888	-0.0267174061558534	267099.0621355629	0.0007138197916968	534.1981134902367	551.5165667994848	1.208549	53.908947	0.08495945	0.040665	0.0271464645	-0.1358082216	0.0990555606	0.0072328727	-0.0134338438	0.062606625	0.0544113833	-0.1772678332	-0.0277753544	-0.0760257659	0.0300975425	-0.0525240686	0.0250870055	0.0639609046	-0.0470064275	-0.0116994711	0.0293735678	-0.0913617904	0.2140609982	0.0057693373	0.0744673638	0.0226596366	0.1582978749	0.0437286999	0.161870243	-0.073100527	0.1102717911	-0.0683527873	-0.0962034427	0.0346830068	0.167208171	-0.0888641074	0.0259617653	-0.068375438	-0.0311001006	0.0671620967	-0.0303382651	0.0006506075	0.0537861412	-0.0117365968	0.151857227	-0.0306667528	-0.0473748076	-0.1180636269	0.0616167296	0.0333010358	0.0402336306	-0.0884934087	0.0244337707	-0.084826846	-0.0509176353	-0.0022378337	0.0315381032	-0.0821302051	-0.0262151178	-0.0348766685	-0.00832506	-0.0410894472	-0.0816796547	0.0792489266	-0.0565288745	0.0151941751	-0.0493165652	0.0452818204	0.0099738534	0.1165071928	0.0525143096	0.0453908103	0.1026734283	0.0258148533	-0.0168777356	0.027831678	-0.0604219752	0.0241334322	-0.1815806355	0.1705856563	0.174721041	0.096627427	-0.0085009207	-0.0925132023	0.0024690363	-0.0987248053	0.0569697498	0.1020458588	0.1082128934	-0.0557207671	0.0623802174	0.1231671672	0.0155606626	0.0420780909	0.0042129919	-0.011167968	-0.0813451174	-0.0309881009	0.0023148549	0.0672702483	-0.1174422464	-0.032153674	0.1081786748	-0.0852850104	-0.0178676455	0.0478186247	0.0111183199	-0.0728793911	-0.0457724795	0.1459517845	-0.0197553819	-0.0820060767	0.0477822318	0.0351257352	0.0077403041	0.0073894917	0.0464484773	0.0455081502	0.0666646267	-0.0433448439	0.009043527	-0.0701603086	-0.1373568499	-0.0874879488	-0.0256618156	0.0338169475	0.0626358773	-0.1041478614	0.0494156732	-0.1229264999	0.0121242127	-0.0650762994	-0.0567422715	0.0499962303	0.0650245535	0.1736273496	0.0444339192	-0.0218704998	-0.1111790451	0.0942440828	-0.0892621586	0.0600581623	-0.0653202712	-0.0240907588	0.0078014973	0.101839576	0.0653041567	0.1357037714	0.0191415499	-0.1749366909	-0.0647096003	0.01463004	0.019126061	-0.0291719168	-0.0302712545	0.0473748482	-0.0353276569	-0.0201007497	-0.0383895812	0.0558964165	-0.0814988771	0.0992463531	0.0063451085	-0.0565568549	0.0738076209	0.0441220258	-0.0292411133	-0.0463970872	-0.0851800937	0.0724810538	-0.1980515682	-0.112380333	-0.0334877492	-0.0162965628	-0.1715927132	0.0311766441	0.0247957537	0.0256552174	0.0099875358	0.0237649802	0.0602273241	0.1178502398	-0.0514645869	0.0326539163	0.0148283025	0.1784391508	-0.0304539089	-0.022795572	0.0611111307	-0.0955887512	-0.0712680753	-0.0284401848	-0.0688654844	0.1410402097	-0.0708636439	-0.1186128217	0.1184168613	-0.1180905004	0.00119703	-0.0157447699999999	0.0002478977823528	1.4328808209e-06	0.0317563	0.006582	4.332272400000002e-05	0.00100846258969	0.0158746	0.0182704299999999	0.0002520029251599	0.0003338086123848	-0.00107849	-0.0004351	1.893120100000001e-07	1.1631406801000002e-06	0.00098108	0.0001454850000001	2.116588522502912e-08	9.625179664e-07	-0.000934402	-0.0003066599999999	9.404035559999996e-08	8.73107097604e-07	0.0	0.0	0.0	0.0	0.0	0.0	0.0	0.0	0.0	0.0	0.0	0.0	0.0	0.0	0.0	0.0	0.0	0.0	0.0	0.0	0.0	0.0
561.4750952777216	2.287701166197621	315254.28261712653	5.233576625821956	756.0362271069898	2.4865617797962614	571590.7766981719	6.182989484743551	518.2268010316819	1.410526001993162	268559.01730753045	1.9895836022988136	535.6766734977824	586.4222130589518	1.250591	55.78429	0.1178809726	0.0576228	-0.0350243001	-0.0012847962	-0.1666029507	0.0653590174	-0.0226229707	-0.0715387767	-0.0540945041	0.0520701338	-0.119880658	-0.1169387478	0.0896140611	-0.0863416248	-0.0118284283	-0.0181210667	-0.159211181	0.0716291532	-0.0804627869	-0.1355868808	0.0585698227	-0.1083944921	-0.1082620467	0.0149144649	0.1819144525	-0.085866504	-0.0322376616	-0.1091657249	0.1058429292	0.0637999686	-0.04048045	0.0570493176	-0.0899960795	0.1200673526	-0.0373583027	0.1125491475	-0.019006922	0.1748828764	0.037201106	-0.0812428455	0.184578738	0.043743698	0.0333333035	0.0577319514	-0.0255657131	0.0348268107	-0.0592953037	-0.0445722412	0.0316776513	-0.0376782347	-0.1432665947	-0.0559117946	-0.0282267292	-0.0280639533	0.001948528	-0.067485537	-0.0394513212	-0.0316694035	0.0571440398	-0.0503177473	-0.0022305987	0.0328676388	-0.0760444352	-0.0724414366	-0.0104686117	-0.0496688534	-0.005074444	0.0310768176	0.14530662	0.0251724593	0.0144365813	-0.025060343	-0.0475746413	-0.0206661244	0.0011158917	0.0394067013	-0.0501879948	0.0252172374	0.1301348775	-0.0540055125	-0.0742564663	-0.1047932976	0.0306552614	0.0392842894	0.0223939701	0.0809241134	0.0176398514	0.0346229053	0.1109663371	-0.0188200953	-0.154544035	0.0243642333	-0.0149198224	0.0038011301	-0.0623950813	-0.0129076618	-0.1073335761	-0.0474774928	-0.097907745	0.0671154904	0.0791715054	-0.0429191528	-0.0566634339	0.003127463	-0.0015735519	0.1012644889	0.1259697465	-0.0238071345	0.0436313384	-0.0909147541	0.0239680828	-0.1085745695	0.0252976512	-0.0921572311	-0.0352225522	0.10512765	0.0422536725	0.0231571268	-0.0007604966	-0.1009058163	-0.118142375	-0.0125390334	0.0036225952	-0.0339392942	-0.0133134434	-0.0585025786	-0.0306236515	-0.0953983919	0.0695163743	-0.0629531563	-0.0520493886	0.0048082681	0.0872322288	-0.0616641484	0.0122898349	0.0014465171	-0.1291957723	-0.0033876933	-0.0156771838	0.1278902714	-0.0016668359	0.078049613	-0.0293515898	0.0575335123	-0.0029050647	0.0629686996	-0.0417283947	-0.0140772796	-0.0147310214	-0.0069941823	0.0461218419	0.0535684525	0.0065864434	0.1228694312	0.0514557787	-0.0655298047	-0.1101095069	0.140370949	0.000419113	-0.002758383	-0.0694406628	-0.1125268737	-0.01729006	0.0915226614	0.106114812	-0.0516944315	-0.0804278162	-0.0870455457	-0.0969745577	0.0848481044	0.0303518283	-0.1011542492	0.0711551774	0.1399056329	0.0836340402	0.0407609831	-0.1251465589	-0.0575922232	0.0330267674	0.0725726826	-0.0767871606	-0.0532441776	-0.0813497374	0.1111830105	-0.1011946923	-0.0848097726	-0.0325461477	-0.1510478432	0.0221804828	0.0954900429	-0.0334128482	0.1878545899	0.0498263106	-0.1186709048	0.1186491225	-0.1186128217	0.0104305	0.00923347	8.525696824090001e-05	0.00010879533025	5.00474e-05	-0.0317062526	0.001005286453935	2.5047422467599998e-09	-0.0173861	-0.0332607	0.00030227647321	0.00110627416449	-0.000593507	0.000484983	2.3520851028900015e-07	3.52250559049e-07	0.000912757	-6.832300000000002e-05	4.668032329000002e-09	8.33125341049e-07	-0.000614097	0.000320305	1.02595293025e-07	3.7711512540900005e-07	0.0	0.0	0.0	0.0	0.0	0.0	0.0	0.0	0.0	0.0	0.0	0.0	0.0	0.0	0.0	0.0	0.0	0.0	0.0	0.0	0.0	0.0
