global_signal	global_signal_derivative1	global_signal_derivative1_power2	global_signal_power2	csf	csf_derivative1	csf_derivative1_power2	csf_power2	white_matter	white_matter_derivative1	white_matter_power2	white_matter_derivative1_power2	csf_wm	tcompcor	std_dvars	dvars	framewise_displacement	rmsd	t_comp_cor_00	t_comp_cor_01	t_comp_cor_02	t_comp_cor_03	t_comp_cor_04	t_comp_cor_05	t_comp_cor_06	t_comp_cor_07	t_comp_cor_08	t_comp_cor_09	t_comp_cor_10	c_comp_cor_00	c_comp_cor_01	c_comp_cor_02	c_comp_cor_03	c_comp_cor_04	c_comp_cor_05	c_comp_cor_06	c_comp_cor_07	c_comp_cor_08	c_comp_cor_09	c_comp_cor_10	c_comp_cor_11	c_comp_cor_12	c_comp_cor_13	c_comp_cor_14	c_comp_cor_15	c_comp_cor_16	c_comp_cor_17	c_comp_cor_18	c_comp_cor_19	c_comp_cor_20	c_comp_cor_21	c_comp_cor_22	c_comp_cor_23	c_comp_cor_24	c_comp_cor_25	c_comp_cor_26	c_comp_cor_27	c_comp_cor_28	c_comp_cor_29	c_comp_cor_30	c_comp_cor_31	c_comp_cor_32	c_comp_cor_33	c_comp_cor_34	c_comp_cor_35	c_comp_cor_36	w_comp_cor_00	w_comp_cor_01	w_comp_cor_02	w_comp_cor_03	w_comp_cor_04	w_comp_cor_05	w_comp_cor_06	w_comp_cor_07	w_comp_cor_08	w_comp_cor_09	w_comp_cor_10	w_comp_cor_11	w_comp_cor_12	w_comp_cor_13	w_comp_cor_14	w_comp_cor_15	w_comp_cor_16	w_comp_cor_17	w_comp_cor_18	w_comp_cor_19	w_comp_cor_20	w_comp_cor_21	w_comp_cor_22	w_comp_cor_23	w_comp_cor_24	w_comp_cor_25	w_comp_cor_26	w_comp_cor_27	w_comp_cor_28	w_comp_cor_29	w_comp_cor_30	w_comp_cor_31	w_comp_cor_32	w_comp_cor_33	w_comp_cor_34	w_comp_cor_35	w_comp_cor_36	w_comp_cor_37	w_comp_cor_38	w_comp_cor_39	w_comp_cor_40	w_comp_cor_41	w_comp_cor_42	w_comp_cor_43	w_comp_cor_44	w_comp_cor_45	w_comp_cor_46	w_comp_cor_47	w_comp_cor_48	w_comp_cor_49	w_comp_cor_50	w_comp_cor_51	w_comp_cor_52	w_comp_cor_53	w_comp_cor_54	w_comp_cor_55	w_comp_cor_56	w_comp_cor_57	w_comp_cor_58	w_comp_cor_59	w_comp_cor_60	w_comp_cor_61	w_comp_cor_62	w_comp_cor_63	a_comp_cor_00	a_comp_cor_01	a_comp_cor_02	a_comp_cor_03	a_comp_cor_04	a_comp_cor_05	a_comp_cor_06	a_comp_cor_07	a_comp_cor_08	a_comp_cor_09	a_comp_cor_10	a_comp_cor_11	a_comp_cor_12	a_comp_cor_13	a_comp_cor_14	a_comp_cor_15	a_comp_cor_16	a_comp_cor_17	a_comp_cor_18	a_comp_cor_19	a_comp_cor_20	a_comp_cor_21	a_comp_cor_22	a_comp_cor_23	a_comp_cor_24	a_comp_cor_25	a_comp_cor_26	a_comp_cor_27	a_comp_cor_28	a_comp_cor_29	a_comp_cor_30	a_comp_cor_31	a_comp_cor_32	a_comp_cor_33	a_comp_cor_34	a_comp_cor_35	a_comp_cor_36	a_comp_cor_37	a_comp_cor_38	a_comp_cor_39	a_comp_cor_40	a_comp_cor_41	a_comp_cor_42	a_comp_cor_43	a_comp_cor_44	a_comp_cor_45	a_comp_cor_46	a_comp_cor_47	a_comp_cor_48	a_comp_cor_49	a_comp_cor_50	a_comp_cor_51	a_comp_cor_52	a_comp_cor_53	a_comp_cor_54	a_comp_cor_55	a_comp_cor_56	a_comp_cor_57	a_comp_cor_58	a_comp_cor_59	a_comp_cor_60	a_comp_cor_61	a_comp_cor_62	a_comp_cor_63	edge_comp_00	edge_comp_01	edge_comp_02	edge_comp_03	edge_comp_04	edge_comp_05	edge_comp_06	edge_comp_07	edge_comp_08	edge_comp_09	edge_comp_10	edge_comp_11	edge_comp_12	edge_comp_13	edge_comp_14	edge_comp_15	edge_comp_16	edge_comp_17	edge_comp_18	edge_comp_19	edge_comp_20	edge_comp_21	edge_comp_22	edge_comp_23	cosine00	cosine01	cosine02	trans_x	trans_x_derivative1	trans_x_derivative1_power2	trans_x_power2	trans_y	trans_y_derivative1	trans_y_power2	trans_y_derivative1_power2	trans_z	trans_z_derivative1	trans_z_derivative1_power2	trans_z_power2	rot_x	rot_x_derivative1	rot_x_derivative1_power2	rot_x_power2	rot_y	rot_y_derivative1	rot_y_power2	rot_y_derivative1_power2	rot_z	rot_z_derivative1	rot_z_derivative1_power2	rot_z_power2	motion_outlier00	motion_outlier01	motion_outlier02	motion_outlier03	motion_outlier04
550.3302792487141	n/a	n/a	302863.4162579676	797.2240946521888	n/a	n/a	635566.2570940021	516.7232557330951	n/a	267002.9230154096	n/a	528.9111900288271	539.387465793895	n/a	n/a	n/a	n/a	-0.1370039497	0.0991427326	-0.0144941292	0.1196476956	-0.0177442656	0.0099811131	-0.1223881886	0.1364314665	-0.0807915368	0.1298459068	-0.128167812	0.1022913987	-0.1386901155	0.1234298961	-0.0189722774	-0.0117828725	0.1157115449	-0.0486598476	0.1853835348	-0.0887143891	0.1704670649	-0.069187532	0.0121658491	-0.234246644	0.2718616562	-0.2423440389	0.066667354	-0.002205282	0.1429784971	-0.0335310626	0.0288477764	-0.0430694385	0.0690197718	-0.1084897474	0.2752950719	-0.0055273447	0.0035412046	-0.2145000753	-0.0392853489	0.0151825746	-0.0407362575	0.1389788733	0.0021825286	-0.145804687	0.064181993	0.0014552708	-0.0957305407	0.0359364372	-0.0928009768	-0.0124963716	0.0621191653	-0.1162366182	0.0413639265	-0.0670195474	0.0684877225	-0.1074724038	0.0637704235	-0.0249859537	0.0639884166	-0.1183141523	0.046131109	-0.003309141	0.015451665	-0.0134173481	0.159673777	-0.0441221684	0.0288301887	-0.0206094051	0.0059627031	0.0357848276	-0.0387891921	-0.0084670843	0.0218166028	0.0441912539	-0.040586922	-0.0055795492	0.0411448495	0.0093925275	0.0589346555	-0.0852465097	0.0763079142	0.0070751291	0.1089220537	0.051165019	-0.1285195002	0.0811311253	0.0124928243	0.0183795016	0.055876046	-0.046514905	-0.094348732	-0.009756778	0.0863537966	0.0538228227	0.0050512227	-0.0381765785	-0.0516603776	-0.0312200313	-0.0215198431	-0.0329631974	0.1493726392	0.0565596271	-0.0310073557	-0.0547349198	-0.017862654	-0.0546419882	0.1015486138	0.1510145395	-0.0924070724	-0.0986694722	-0.0260395211	-0.0220275423	-0.0371857249	0.0817898153	-0.1844971793	0.0111514236	-0.1076669514	0.043460029	-0.087976831	0.0628673749	-0.0116118581	0.0195655008	-0.1019843485	0.0329628213	-0.0889730427	0.0096023166	-0.0095279412	0.0802779669	-0.1640022983	0.0187084275	-0.0295283409	0.0414191543	-0.0075420093	-0.0273766672	0.0944451997	-0.0090655738	-0.0455860477	0.0193210646	0.0128839866	-0.052890934	-0.0485169549	0.0248314012	0.0085481058	0.167139739	-0.0946610247	-0.1276127564	0.0518566584	0.0862454979	-0.0185100672	-0.0458760181	-0.0594433063	0.0370543952	0.0571592579	0.0374711158	-0.1026508704	-0.035436938	-0.0237073924	0.0237737289	0.0634897027	0.0335150516	0.0452579926	-0.0495897242	-0.0157007235	-0.1258889534	0.1903002256	0.0509809389	0.0417478078	-0.030897166	-0.0780194687	-0.018756818	-0.1223704593	0.0706911199	0.0295371779	0.1219586314	-0.0584986267	-0.0315307073	-0.0666190064	0.0180326184	-0.0905510296	0.0371799585	-0.0423594665	0.1639537763	-0.052093438	0.0219153925	-0.1186928616	0.0077737027	-0.068721901	0.2670728146	-0.1608961886	0.1393749801	-0.0691664452	0.020604896	-0.010928923	0.0723849299	-0.20631123	0.1155763527	0.0026064419	0.0547428597	-0.3041614515	0.0853535498	0.1186709048	0.1186491225	0.1186128217	0.043014	n/a	n/a	0.0018502041959999	0.0261002	n/a	0.00068122044004	n/a	-0.0226697	n/a	n/a	0.00051391529809	0.000531612	n/a	n/a	2.82611318544e-07	7.09225e-05	n/a	5.03000100625e-09	n/a	0.00129085	n/a	n/a	1.6662937225e-06	0.0	0.0	0.0	0.0	0.0
547.340656352379	-2.989622896335049	8.937845062290771	299581.79409625306	790.8841472976081	-6.339947354580659	40.19493245885429	625497.7344466647	516.2184231490008	-0.504832584094288	266481.4603984409	0.2548559379633163	528.2403578842935	446.6473008768358	1.828424	77.707893	0.0862049051	0.0404288	0.2394832665	0.0417894488	-0.0028099126	-0.0403066237	0.0381658571	-0.0495075203	-0.1025102707	0.0630541107	-0.0006175745	0.1435281953	0.1234876494	-0.0851493843	-0.0750240197	0.1115315047	0.0364919314	0.1915586326	0.1883149621	0.0951152616	0.0540999208	-0.0182991641	0.0660689259	-0.0288421569	-0.0742884829	-0.1439363917	-0.0064152696	-0.0229745608	0.0139605592	0.0020714883	-0.0027004143	0.1286738673	0.0244507488	0.0173773397	-0.0706684003	-0.0269432342	0.1277529603	0.0691305926	0.0313934396	-0.1140576571	0.1062933813	0.0980176787	0.0171865397	-0.0681629507	-0.0619802261	-0.0799598808	0.0248195444	-0.0462752616	-0.0372095819	0.0321333356	-0.0026304619	0.0937518118	-0.0866850448	-0.1047490879	0.037406728	-0.174887704	0.0035366575	-0.0898084145	0.0958093212	0.0861661202	-0.0657161311	-0.1279637518	0.1374219257	0.0460840175	0.1329145194	0.0119200485	0.1261137513	0.0752077353	-0.0040208913	-0.0768652994	-0.0970979099	-0.0709654043	-0.0427852407	0.0568921224	-0.1737725031	0.018906544	-0.0244207453	0.0404635654	-0.0257865166	0.0120170636	0.1003710649	-0.0452110122	0.0776847525	0.0089540264	-0.1134380644	0.041623396	-0.1268126344	-0.0119159788	-0.0219184107	0.0270233012	0.0593904585	-0.0670975964	-0.1133452837	0.1193544817	0.0329684594	-0.0200860801	-0.033979616	-0.0838925019	-0.0045684228	-0.0326644306	0.0221701953	0.0215843324	0.0928340987	-0.1121441245	-0.1558683129	-0.0165985219	-0.0680284995	-0.0442012394	0.0107115622	0.0541145039	0.0743027838	0.1018517442	0.0877437576	-0.1383942073	-0.0576512768	-0.0782335217	-0.0564349236	-0.031054724	-0.216811391	0.1118776656	-0.04617879	0.0849582512	0.0212507688	0.0533045444	0.0363815702	0.0231429083	-0.2342849746	-0.0299049023	-0.0273163756	0.1622439166	-0.1209150032	-0.0958689859	-0.0434662052	0.016969626	0.0185847561	-0.0354324129	0.0498984566	0.1088055598	0.0516299556	-0.100582115	0.0566060075	-0.0395251833	-0.0195037335	-0.1518655179	-0.0900335588	0.0573645534	-0.0818552435	-0.02146103	0.0710271726	0.1026927644	0.0064741096	-0.0217213297	-0.1120232915	0.0902633893	0.1674126528	0.1164327006	0.0609890939	0.0629028532	-0.0604822877	-0.0494974884	-0.0499975402	0.0581923333	-0.07373807	0.0209010281	0.0549198639	-0.1382727769	-0.0375728831	-0.0252934641	0.0336782237	0.0452642757	-0.0947188294	-0.0733961634	-0.0102472135	-0.153282629	-0.0172912788	0.0546387542	0.0329898317	-0.1620047047	-0.2106710269	-0.0608419451	0.0386896217	0.1276139491	-0.0166462616	0.1435731672	0.1025508203	-0.0251345242	0.030420168	-0.0227469397	-0.0553445286	0.1417212306	0.0133134875	0.1056243584	-0.2253865421	0.1349580594	0.0952641257	0.0669983884	0.0021525003	0.0359500913	0.0539793418	-0.048938402	-0.0165528022	0.0838648811	0.1186128217	0.1184168613	0.1180905004	0.030591	-0.0124229999999999	0.0001543309289999	0.000935809281	-6.22823e-05	-0.0261624823	3.87908489329e-09	0.0006844754800978	6.92478e-05	0.0227389478	0.0005170597470511	4.7952578048399996e-09	0.000942849	0.000411237	1.6911587016900006e-07	8.889642368010001e-07	-0.0	-7.09225e-05	0.0	5.03000100625e-09	0.0013063	1.544999999999997e-05	2.3870249999999905e-10	1.70641969e-06	1.0	0.0	0.0	0.0	0.0
545.8071157646202	-1.5335405877588073	2.351746734303628	297905.40761929355	781.546369483551	-9.337777814057176	87.19409450469841	610814.7276529191	515.7094139825427	-0.5090091664580996	265956.19967021764	0.2590903315383693	527.5539158945603	442.1311363334254	1.101372	46.80822	0.1249968488	0.0826617999999999	0.1911013373	-0.0970669203	0.0757721405	0.0368950182	-0.15324149	-0.0308468325	-0.0604841618	0.1288369713	0.0124929195	-0.0575162159	0.0180471017	-0.0402200521	0.0587592111	0.0343587484	0.1219756991	-0.059024885	-0.0611716798	0.0772312307	0.1077997303	-0.0072505678	0.0387585764	-0.0492171538	-0.1338174993	-0.0173206041	-0.0874806523	-0.0508886383	0.0041179892	0.0282715249	0.0184853284	-0.2036980642	0.0646244096	-0.0667267798	0.0677388136	-0.0479824197	0.1283183573	0.0836388221	-0.0681547223	0.0610114269	0.0596135689	-0.1045144971	-0.0634871373	-0.0904028185	0.0839850648	-0.0123576011	-0.0478610882	0.0326161474	0.1749123371	-0.0084616412	0.0951223186	-0.0104551722	-0.0661136084	-0.1780539086	0.0058719757	-0.0962103411	0.0761379791	0.0867730767	0.0663028675	-0.0317678797	-0.0807312337	-0.1050321016	-0.0859128186	0.044391136	-0.0861209497	0.0214495824	-0.041608786	0.1208157663	-0.0632939794	-0.023751464	-0.1344784977	-0.0001006338	0.0836712261	0.1492918476	-0.0068601764	-0.0157977307	0.0957901117	0.1591052466	-0.0681456578	-0.0220254014	0.0404438227	0.0033645031	0.1260075432	0.0527535829	-0.038217106	0.0065677454	-0.0113961846	-0.0852334073	-0.0139535926	-0.1288985484	-0.030907046	-0.022899434	-0.1065293913	-0.0898926771	-0.1655425356	0.0864615639	-0.0488152961	0.0089977683	-0.0911121517	0.0786687393	0.0481584042	0.0223369203	-0.1211491785	-0.2659489347	-0.0665127423	0.145762507	-0.009713294	0.0110008343	-0.2278257503	0.0251869142	0.0485731759	-0.0354881051	0.0759783748	0.0398965908	0.0925636953	-0.0535667791	-0.0832520443	0.0089682615	-0.1837272122	-0.0966325286	-0.0510464058	-0.1247368792	-0.0173891084	0.0992596289	0.0143773451	-0.0240627708	-0.0815949232	0.0494626082	-0.0692095597	-0.1042320191	0.0369794781	-0.1363669284	0.0471081126	0.0094275018	-0.0675450964	0.0052700397	-0.0488904656	0.0519805394	0.0750115357	-0.0542376972	-0.0456185299	-0.0821476401	0.0725151735	-0.1019998637	-0.0102885379	0.0954467153	-0.108297543	0.1015435597	-0.0383827507	-0.1069045164	-0.0581282201	-0.0489511187	0.0989555502	-0.0969940687	0.1694306976	0.0556968776	-0.0028752731	0.1359679576	0.0352041367	-0.1080378716	0.0276277016	0.078281017	-0.0361266812	-0.0953636902	0.1428905054	0.0478133337	-0.1959694168	-0.1206069471	-0.0758154136	-0.0083626578	0.087919166	-0.1233649818	0.1657325055	-0.0353008871	0.0257226747	-0.0227333299	-0.1234121964	-0.0303124541	-0.0031930869	-0.1230149777	0.0786168709	0.0405669988	-0.0629684751	0.2493002867	0.0646078709	-0.0075813369	-0.0756182178	0.0687300255	-0.0375083276	0.0246662449	0.0830361755	-0.0940833402	-0.0473265184	0.1926387028	-0.0318817394	0.0249889456	-0.0252580592	-0.0386309429	-0.0711654005	0.0472822638	-0.0307479517	0.0258449958	0.118496684	0.1179527935	0.1170481578	0.0329467	0.0023557	5.549322490000011e-06	0.00108548504089	0.0756967999999999	0.0757590822999998	0.0057300055302399	0.0057394385509381	3.22813e-05	-3.69665e-05	1.36652212225e-09	1.0420823296899996e-09	0.000313341	-0.000629508	3.96280322064e-07	9.818258228100001e-08	-0.0	0.0	0.0	0.0	0.000998906	-0.000307394	9.449107123600008e-08	9.97813196836e-07	0.0	0.0	0.0	0.0	0.0
546.1386486309249	0.3315328663046557	0.1099140414401807	298267.4235284128	782.7402622995799	1.1938928160288924	1.4253800561653986	612682.3182248151	515.8841350771054	0.174721094562642	266136.44082425314	0.0305274608851677	527.7062116911684	442.0316742202785	1.075224	45.696945	0.0950847587	0.0629501	0.1431247406	-0.0517129445	0.1881854027	-0.0179240721	0.0644814889	-0.0868314022	-0.0581379618	0.0120145698	0.100806235	-0.0224069407	-0.0275593502	0.1136248771	0.0664307801	-0.0064064574	0.0665865671	0.1126341113	-0.1203404441	0.0757896528	0.1022842735	-0.0126214903	-0.0762013183	-0.014031222	0.0789546754	-0.009753407	0.0282262734	0.0135611164	-0.0469521135	-0.0261981282	0.0589125152	0.1276651821	0.04387725	0.0973638824	0.0756684755	-0.0600092306	0.0090245398	-0.0199901042	-0.0535779486	-0.0003165754	0.0811527582	-0.0598651648	-0.0463792741	0.007112718	0.0955549756	0.1050698325	-0.0469617405	0.0007360763	-0.0832375374	-0.017904075	-0.0085602793	-0.0957496404	-0.2065271063	-0.1122857708	0.0764182828	-0.1220941011	-0.0830281713	-0.0377079835	-0.0025322208	-0.0935104537	-0.0406288655	0.0409823722	-0.0084627431	-0.1009149295	-0.0966997839	0.0269050822	-0.0412136206	0.0526944618	-0.0203674678	0.0540437552	0.0779060697	-0.0118886575	-0.0046036163	-0.1005373431	0.0210674524	0.0185741989	0.0682462122	0.0736704476	-0.063412936	0.0496939418	0.164207616	0.0425259914	0.0524232241	-0.0286302716	0.183716639	-0.0686330033	-0.0079689574	-0.1060810554	-0.0954395002	0.0003868913	0.0084194207	-0.1682985418	0.0327206771	-0.1345072614	0.0401933632	0.0565407904	0.036400526	-0.0705806386	-0.0035422003	0.147883199	0.0258278979	0.0017041112	0.0035164865	0.1126575078	0.0810039545	0.112991188	0.0536391128	-0.0368751425	0.0506534403	-0.1500103106	-0.1293302154	-0.1436696504	-0.1103509003	0.1010611727	0.0815057969	0.0877019925	0.0793854692	-0.0811522048	-0.2458504823	0.065285643	-0.042671068	-0.0062849237	0.030850939	0.0488662715	-0.0170750923	0.0298703376	0.0097609791	0.0053409124	0.1068248094	-0.1306844404	0.0609209343	0.0153087473	0.0150729231	-0.0368766901	0.0325791696	-0.0445563069	0.0231029012	-0.0971416529	0.0482764957	0.0510393576	0.0595191809	0.1218877782	0.0664530619	-0.0526962692	0.0520932747	0.1277884023	-0.0739036231	-0.0125467919	-0.0686783686	0.006882123	0.0379643845	0.0054196773	0.1364862714	0.0339844858	-5.65402e-05	0.0949524085	-0.0404615042	-0.0448435462	0.1531028707	0.0951025729	0.2070382606	-0.0949201931	0.0057081499	-0.0257916155	0.0253537641	0.0231208872	0.0961153648	0.114588001	-0.0928615049	-0.007707533	0.1851285982	0.0219962705	-0.0025756874	0.1928294881	-0.0162196661	-0.0237030391	0.0845568997	0.0822200666	-0.1287552435	-0.0965762757	-0.0285250386	-0.0841741863	-0.0621761524	0.1028185438	0.2040148285	0.0491882269	-0.0246134171	-0.0460655014	0.0442419319	0.0966126762	0.1054647627	-0.0198491672	-0.0126931457	0.051339448	0.0676166814	-0.0312114283	-0.0379349279	0.0437274171	0.0463156039	-0.0359312546	-0.0780683882	-0.0093162264	0.1183225485	0.1172578276	0.115490384	0.0289819	-0.0039648	1.5719639040000007e-05	0.00083995052761	0.0170674	-0.0586293999999999	0.0002912961427599	0.0034374065443599	0.00407144	0.0040391587	1.631480300378569e-05	1.65766236736e-05	0.0007833999999999	0.0004700589999999	2.2095546348090602e-07	6.137155599998434e-07	-0.0	0.0	0.0	0.0	0.0008999369999999	-9.896900000009992e-05	9.79486296101978e-09	8.098866039688201e-07	0.0	0.0	0.0	0.0	0.0
546.2232313787184	0.0845827477935472	0.0071542412243068	298359.81849780894	783.10093737761	0.3606750780301127	0.1300865119120278	613247.0781216914	516.1501148258712	0.2659797487658579	266410.9410347601	0.0707452267535489	527.9009295140703	460.0212394201714	1.275442	54.206196	0.09895717	0.0616557	0.090986496	0.0975799422	0.1376951832	0.0555260028	-0.059854924	0.021123051	-0.0964473985	0.1116331929	-0.0324341759	0.1468907988	-0.1161587072	0.0942595495	-0.0907186133	0.0632916653	0.0663404724	0.001975278	-0.0055911616	0.0586529428	0.2180869317	0.0065553494	-0.0207025181	-0.0454982939	0.0577231071	0.0838955258	0.0004738617	0.0348917347	0.0412913562	-0.0614343894	-0.1140147714	-0.045247943	-0.0315245442	0.1078737045	0.0224699048	-0.0149553597	-0.0011235345	-0.1218019973	0.0470151424	-0.0697766843	-0.062346328	0.1218244845	-0.0442803245	-0.046349976	0.0104183617	-0.0492671758	-0.0556740967	0.0499973952	-0.0618586288	-0.1079131862	-0.0719843884	-0.0591305245	0.0963638423	-0.1457098136	0.0432655844	-0.1025996184	-0.0425477109	0.0168063209	-0.0575555409	-0.0367362798	0.0519871524	0.0243836799	0.1311613584	-0.0956050769	0.0125781084	-0.107500578	0.0772818439	0.0024036659	-0.0543447444	0.0279820842	-0.0022742986	0.0176621408	-0.1538556223	-0.0850660738	0.0627178404	-0.0116579971	-0.1559076324	-0.063525352	0.057352303	0.0261451365	0.0988511632	0.0246443392	0.0639587623	2.76086e-05	0.0948205293	0.0061086913	0.022417706	0.0715064805	0.0450007264	-0.0240044162	0.0861337206	0.0026501513	-0.0840335037	0.2106239835	0.0554049446	-0.1508464993	0.0615487061	0.0593596113	0.0201935005	0.0488348572	0.0224432093	-0.0961405252	-0.0029375891	0.1254049311	0.2289433803	-0.0275980106	-0.0801049763	0.1833661612	-0.1184230087	-0.0655230904	0.0602576154	0.1572449746	-0.0063683401	-0.0557568497	-0.0201630637	0.1009195434	-0.1369954777	-0.0881076653	-0.0531143173	0.0202672455	0.0087364983	-0.0358619925	0.1568464257	-0.0113972262	-0.045118409	0.0042730858	-0.03491295	0.0413834902	0.1575742543	0.0368003199	-0.1066748503	0.0063642655	0.0005575424	0.0289966123	0.0854212082	-0.0924704715	0.0794472837	-0.0047233838	0.0352510307	0.1172298407	-0.0526382445	0.0888603743	-0.1051602485	0.074375568	0.0348819441	0.0830292573	0.0297053123	-0.0348327306	0.0086963182	0.065166555	0.1028030694	-0.0545337188	-0.1259944387	0.0229310538	-0.0312294462	-0.0047095183	0.100317987	-0.0223359445	0.0239614256	0.0123728244	-0.1595311505	0.0248255102	0.0933195775	0.1032561295	0.0002165055	0.1333772451	0.0673563699	0.1634664531	0.1061823979	-0.0636243121	-0.0702228737	0.0260662199	0.1408627754	-0.0355911511	0.0172587562	-0.2367030088	0.0281272266	0.0437708848	0.0046865741	-0.0300351696	-0.0850580303	0.0995652131	-0.1718497017	0.1570142482	-0.0178957061	-0.0539037915	-0.0925724666	0.0271675623	-0.0139779376	0.1488750808	-0.1044710761	0.0364989742	0.0569954757	-0.0441952358	-0.1366476449	0.0101929897	0.0065106598	0.0068985096	-0.001526592	0.1103130059	-0.1050760711	0.0834582489	0.1180905004	0.1163333239	0.1134240387	0.0271315	-0.0018504	3.4239801600000074e-06	0.0007361182922499	0.073603	0.0565356	0.005417401609	0.00319627406736	-0.00491623	-0.00898767	8.077821202889999e-05	2.41693174129e-05	0.000291907	-0.0004914929999999	2.415653690489017e-07	8.5209696649e-08	6.765640000000001e-23	6.765640000000001e-23	4.5773884609600013e-45	4.5773884609600013e-45	0.0007597599999999	-0.000140177	1.9649591329000004e-08	5.77235257599848e-07	0.0	0.0	0.0	0.0	0.0
546.4629535845374	0.2397222058190209	0.057466735962737	298621.7596403363	787.5168747735052	4.415937395895185	19.500503084465542	620182.8280530286	516.0578191664729	-0.0922956593983599	266315.67272285605	0.008518488743778	527.9015012665291	442.4216805184325	1.306412	55.522427	0.103439465	0.0507412	0.2349944211	0.0603109164	0.0284741332	-0.0683033392	0.0632349262	-0.0348955216	-0.0787923876	-0.0098543557	-0.009985489	0.0410938937	0.1677570973	-0.0816732274	-0.0723634527	0.0958995177	0.0274722975	0.1819722216	0.0306345388	0.1773534063	0.0167851807	-0.1357795445	-0.0488535817	-0.0293848944	0.0600264745	-0.1114286568	0.0315436082	0.0972938509	-0.0664580696	-0.1052667701	0.0123497977	0.005531497	-0.036520166	-0.033697838	-0.0379218383	0.1115142523	-0.1382750064	0.0456587577	0.002065346	-0.0677158468	0.0511635164	0.0428383995	0.1468968828	-0.080342506	-0.0626611014	0.0383702151	0.0756907503	0.0386630559	0.0299584706	-0.0861877274	-0.0080730417	0.1425523932	-0.1345395185	-0.1415415156	0.047765306	-0.0778130859	-0.0306203011	-0.0204854057	-0.0191059208	-0.03973242	-0.0374547987	0.2295560657	0.0960654391	0.0767492473	0.0284467669	-0.0280255462	0.0736068534	0.0527519282	-0.1152020586	-0.0158594157	0.0227273048	0.0618508133	-0.0385096133	0.1123957682	-0.0391905637	0.0295443056	0.0136786586	-0.047228333	0.1248930246	-0.1872201398	0.0091322338	-0.1280060026	0.0466834478	-0.2077584942	0.0596633677	0.0568304319	0.1417839378	0.1175209596	-0.0366155954	0.1392470384	0.0267110224	0.0614125282	-0.015841432	-0.1153182525	-0.0036480037	-0.0650802384	-0.0469339161	0.0664659795	0.0211730646	0.0522327944	-0.0720814163	-0.031885517	-0.0302474205	0.1100561693	-0.2098404481	0.0949666759	-0.0407118567	-0.0394399928	-0.092215805	-0.1009573738	-0.1367790491	0.0144176791	-0.0135362297	-0.0522109571	-0.1002932782	-0.0980396193	-0.0178894816	-0.0174540994	-0.2234999286	0.0096515704	0.0197271357	0.0715700065	0.1048873352	0.0522454445	0.1769794851	0.0795321947	0.082434677	0.0812836805	0.0945886005	0.0334477384	-0.0470325547	-0.0515416146	0.02616819	-0.1227374864	-0.0287307034	0.008233044	-0.0305039654	0.0826018796	-0.0512242876	0.0497044635	0.0203356643	-0.160073568	-0.1890139618	0.0562596439	0.0747852242	0.0170680047	0.1534383022	0.0760841569	-0.1152418365	0.1374729045	0.0606308119	-0.0411872562	0.0813146925	0.006440568	-0.1273373188	0.0285410275	-0.101389196	0.0691827758	0.0071782897	0.0420575889	-0.0507626797	0.0350670656	-0.0745741333	-0.1167039734	-0.1326394196	-0.0285787186	0.053726135	-0.0767249987	0.026654101	0.1288647618	0.1614675447	-0.1302973178	0.0346676983	0.0125264851	0.0059847183	0.0805273481	0.1826899463	0.0709622892	-0.1515191657	-0.120011656	-0.0020024711	0.1213866007	0.0493847939	0.0855143143	0.1621085861	0.0424873167	0.0026363284	-0.0709127689	0.1022239696	0.0016781279	0.0149676846	0.0532238004	-0.1298728449	0.004264301	0.0418300004	0.024535032	-0.1207923853	-0.1280395545	0.0037559158	0.091701499	0.0957238827	0.0111866419	0.1178006533	0.1151810923	0.1108582214	0.0152092	-0.0119222999999999	0.0001421412372899	0.00023131976464	0.0302644	-0.0433386	0.00091593390736	0.00187823424996	0.00921653	0.01413276	0.0001997349052176	8.49444252409e-05	0.000686718	0.000394811	1.55875725721e-07	4.71581611524e-07	8.043709999999998e-05	8.043709999999998e-05	6.470127056409997e-09	6.470127056409997e-09	0.000965428	0.000205668	4.2299326224041126e-08	9.32051223184e-07	0.0	0.0	0.0	0.0	0.0
546.4981372915627	0.0351837070252258	0.0012378932400369	298660.21406314767	783.9108528400709	-3.606021933434249	13.00339418440888	614516.2252004473	515.8243996231936	-0.2334195432792967	266074.8112466281	0.0544846831847154	527.5555248260408	443.3710288765567	1.135293	48.24987	0.081491875	0.0429998	0.2067072516	-0.1065580478	0.0676527027	0.0218788129	-0.1352983703	0.0661608676	0.0292275123	0.0204690965	-0.0034972801	-0.1252133586	0.0820556701	-0.0628200997	0.084966056	-0.0026778025	-0.0150167787	-0.127978426	-0.0164100005	0.1191169751	0.1750318368	-0.0065169917	-0.0085725222	-0.1212278258	-0.1040249454	-0.0621138728	-0.0742449088	0.1180155302	-0.0574389907	0.0191948381	-0.0288259581	-0.1085683574	0.0748804187	-0.0395000416	-0.0675352331	0.1384200501	0.0239782563	-0.1775548472	0.1407846331	0.0182330203	-0.056664746	-0.0229146927	0.0054041063	-0.0521193811	0.0887656035	0.0676751872	0.028194329	0.0339241458	0.0236156547	0.0178504383	0.1193165681	-0.0029078875	-0.058490737	-0.1277717136	0.147426129	-0.0317467597	-0.0610822284	0.1310634279	-0.0102712153	-0.0065706304	-0.0617954423	0.1547223473	-0.0593561742	-0.0052361459	0.0221089703	-0.0779320703	0.0011705191	0.249707852	0.0895480583	-0.1339451039	0.0108491152	-0.044083269	0.0561120444	-0.0247897365	0.1583305131	0.0021141562	0.0111706781	0.167007142	0.0631405181	0.0271946915	-0.1137234729	-0.066745915	0.0142529012	-0.108059485	-0.0591985695	-0.060595237	0.1535831375	0.0446835124	0.0079444954	-0.0997984947	0.0204689959	0.1030501828	0.1431561633	0.0870009135	0.0835962449	0.1619704571	0.05846108	-0.0298139186	0.0272854871	-0.0221833632	0.1191966068	0.1361448293	-0.0340797406	0.1008867877	-0.0149947767	-0.0524994337	0.0245024132	-0.0237354404	0.2011486744	-0.0236221507	0.1167576667	0.0525707214	0.0485794482	-0.0637088242	0.0632482118	-0.0810051206	0.0379891063	-0.1013362704	-0.097619742	-0.0892979008	-0.0862005965	-0.0848844705	0.1662344568	0.0544330619	0.1379346553	-0.0640124522	0.0300168604	0.0657199418	0.0788345767	-0.0836385578	-9.85832e-05	-0.1670516345	-0.1513296222	0.0928647161	0.0497592535	-0.0340581007	-0.0866188181	-0.1169392031	-0.1446041228	-0.086840692	-0.1470455921	-0.080993796	0.0597534335	0.0274524635	-0.0708567742	0.0422883865	0.1408985865	0.1027357591	-0.0817298171	0.0024978951	-0.0447973475	-0.0119850589	0.0361003873	0.0894929035	-0.0291750158	-0.2242149501	0.0836752026	0.0274167854	-0.0613667014	0.0666604984	0.0859371383	-0.1106441866	0.0309135526	0.1492689436	0.0394316259	0.0412379792	0.0537208877	-0.1057840022	-0.0698393814	0.024410574	-0.0483736388	0.1278904533	-0.1086379068	-0.0445455208	-0.1164642523	-0.0532571142	-0.0576373896	-0.0612321352	-0.0276905236	-0.1247469412	0.1221882713	0.064573138	-0.1678190298	0.1741425806	0.0514953107	-0.0595384176	-0.0374385821	0.1319420324	-0.1033103665	-0.1562132864	0.1649056543	-0.1029706028	-0.0154057627	-0.0018034497	-0.0865662602	-0.010072129	0.0800235672	-0.0481449369	0.0514452863	0.0077588092	-0.0244149443	0.0536498941	0.117453149	0.1138033884	0.1078042307	0.0158141	0.0006049	3.6590401000000027e-07	0.00025008575881	0.0627328	0.0324684	0.00393540419584	0.00105419699856	0.0042399	-0.00497663	2.476684615690001e-05	1.7976752009999996e-05	0.000208882	-0.000477836	2.2832724289600006e-07	4.3631689924e-08	0.000158937	7.849990000000002e-05	2.5260969969e-08	6.162234300010002e-09	0.000652925	-0.000312503	9.7658125009e-08	4.263110556249999e-07	0.0	0.0	0.0	0.0	0.0
547.3919441416048	0.8938068500420968	0.7988906851821753	299637.9405111258	783.7976525095761	-0.1132003304948057	0.0128143148241332	614338.7600795222	515.8690479697453	0.044648346551753	266120.87465321145	0.0019934748498054	527.5898751119206	441.3299620336159	1.165089	49.51619	0.05416295	0.0346893	0.143868012	-0.0803963315	0.1960338761	0.0125077052	0.1165124949	-0.1250142776	0.0403189192	-0.1236546379	0.0079932749	-0.0558142358	-0.0034969122	0.0869837082	0.0724977725	0.0830594634	-0.0960261963	0.1686564738	-0.0663295413	0.0290899955	-0.0829181467	-0.0206592612	-0.1680937363	-0.0576810301	-0.0264190116	0.0303319615	0.0060320962	0.0421469318	-0.0271413125	-0.0069307746	0.0752624963	-0.0702267834	-0.0092188797	-0.2524805606	0.0465449971	-0.0241604937	-0.0373530278	0.1011083238	0.0366339902	-0.0396376675	-0.0935542982	-0.0476568573	-0.0377009563	0.0098891679	0.0809254277	0.1271994619	0.0642807394	0.0097348732	-0.0999346527	0.0051093224	-0.001582309	-0.0354944732	-0.1957850774	0.0041462146	-0.169589341	0.0375688754	0.050339645	-0.0999488832	0.058874583	-0.0453203518	0.0754946553	0.2041442713	-0.0725281342	-0.0952944891	0.0511874671	-0.2475348975	-0.0024655648	-0.103471597	-0.0595478202	0.0090064434	0.0216401654	0.0170434274	0.0140354356	0.0102648646	0.0564463116	-0.0537255141	-0.040774279	-0.0005733666	0.0479922058	-0.1451076318	0.0214861078	-0.1127728951	-0.0795213782	0.1664006951	-0.0026357874	0.1009557118	0.0071766551	0.0393715157	0.1528668324	-0.1596414625	-0.023373307	-0.1101105094	-0.049498806	-0.0951518339	-0.1639013831	-0.0734377808	0.0015205226	0.074689143	-0.0411000626	-0.1277022831	0.0056344217	-0.0746321421	0.1131385498	0.0614631555	-0.0159025826	-0.0742552275	-0.0471291029	0.1886088156	0.1347501026	0.0817128939	0.0362561896	0.0983017761	-0.0506043312	0.0423211632	0.033496709	0.0360204638	0.117888153	0.1672853473	-0.1542104922	-0.0401924554	0.127689466	0.126703977	-0.0320460138	-0.0364472829	0.0203127642	-0.1085722048	0.1164399118	0.02001406	0.2486167804	0.0682557088	-0.0815924754	0.0538487099	0.0482045236	0.0257128875	-0.0940455648	0.1088389421	-0.0366349693	-0.0169188005	0.025476566	0.0480788586	-0.0182040319	-0.0959623596	-0.062031073	0.0894140392	0.0108433322	0.0066554715	-0.0035418515	-0.013341286	-0.0009260648	-0.148336456	-0.1900555055	-0.0542479099	-0.1435176333	-0.252894636	0.019840827	0.091717207	-0.0580588819	-0.0701386021	0.026301694	-0.0888070713	0.0912192215	0.0395986914	0.0639736278	0.0477897507	-0.1303666787	0.01740267	0.1348998934	0.0466658193	0.142174747	0.0215551515	-0.0262739621	0.1303335033	0.0147033043	-0.1533946746	0.1686404502	0.0165290011	-0.0718043065	-0.0154894138	-0.0813539674	-0.1589774098	-0.0697164865	-0.1393341172	0.128696631	-0.0038455831	0.2206200275	0.1045631522	0.0315193879	-0.1268458822	0.07865832	-0.054831662	0.1194478606	-0.0323168482	0.0163610686	-0.0323322296	0.0340639099	-0.0908494261	-0.1371545907	-0.0944918645	-0.0041933692	0.052215702	-0.1121140343	-0.0589910686	0.1170481578	0.1122029089	0.1042755153	0.0111362	-0.0046779	2.1882748410000004e-05	0.00012401495044	0.0302427	-0.0324901	0.00091462090329	0.00105560659801	0.0154925	0.0112526	0.00012662100676	0.0002400175562499	0.000277546	6.866399999999999e-05	4.714744895999999e-09	7.7031782116e-08	0.000141542	-1.7394999999999992e-05	2.0034137764e-08	3.0258602499999965e-10	0.000624137	-2.878799999999997e-05	8.287489439999981e-10	3.89546994769e-07	0.0	0.0	0.0	0.0	0.0
548.8013647778727	1.409420636267896	1.9864665299378008	301182.93798205565	788.8380659008503	5.040413391274228	25.40576715493657	622265.4942141942	516.8339736140186	0.9649256442733076	267117.35628165613	0.9310814989762578	528.4317083861355	441.54399649568506	1.167477	49.617695	0.0505204917	0.0238572	0.17346985	0.078743544	0.1518205451	-0.0270355413	-0.0305097938	0.1550566105	0.0667761382	-0.0458434671	-0.0297946948	-0.0097102819	-0.056499267	0.0141631878	-0.0787017545	-0.1207951184	-0.1529549173	-0.133027011	-0.0004698278	0.0385050265	0.1149986744	0.0272690949	0.0147087184	-0.00646046	-0.0661120798	0.0352827126	0.0445711817	0.063183196	0.07798015	0.068563033	0.0699396273	0.1302847588	0.031400071	-0.0585070689	-0.0496251307	-0.0893969622	0.0799813838	0.085092266	-0.0282305639	0.0477369649	0.1786818951	0.0991250659	0.0516780673	0.0130409805	0.0198070935	0.0408363144	-0.0746718139	0.0591479569	0.0622292509	-0.0047213234	-0.1259515001	0.0958546568	-0.1782520292	-0.0307030302	-0.0390928517	0.0166077034	-0.0484971929	0.1150808177	0.0148527544	0.1015963587	0.0519172624	-0.1146464138	0.0484441482	-0.1951562216	0.0830781861	0.0332684018	-0.0749981331	0.0340530779	0.0467321775	-0.0298464353	-0.11658381	-0.0754270584	-0.0522130692	0.0657296155	-0.0101786039	-0.0529796395	0.0746396956	-0.0772221135	0.0129584749	-0.0554498663	0.0426277054	0.1767445053	0.0105814455	0.0304058553	0.16455726	-0.0819603431	0.1452443837	0.018462527	-0.1003019031	-0.0188043421	-0.0912111537	0.1698838738	0.1367800736	-0.0776805135	0.035905241	-0.1278055545	-0.073758899	0.008833397	0.1187099331	-0.0770396675	-0.0333703202	-0.1072392585	0.0226052112	-0.1534342574	-0.03605166	-0.1369922291	-0.0217942766	-0.1013005304	-0.0269164051	0.0359733184	-0.0161772837	-0.0479231339	-0.1062378902	-0.0567702505	-0.1595620856	0.0333073477	0.1726047961	-0.1170840051	-0.060839687	-0.1229453685	-0.015335589	-0.108711184	0.0086295477	-0.0921110363	-0.0691363159	-0.0163869377	-0.2065719989	-0.073711067	0.0528285914	0.0293977315	0.0794478576	-0.1225066163	0.0141601097	0.0422448472	-0.0573850782	0.0542398306	0.0585993724	0.0068012763	0.0176248317	0.0741926362	0.0279228235	0.0653024063	0.0644934354	-0.0150518087	0.2115543354	-0.0662573121	-0.0386545663	0.0863805934	-0.0462916083	-0.0788943105	0.0001048599	-0.031168993	0.1745484783	-0.0011828563	-0.0934379436	-0.0656414263	0.0495501979	0.0490285266	0.0088433745	0.0893203971	-0.1245922829	0.0955288451	-0.073438626	-0.0253182007	-0.1737139453	-0.1256768983	-0.1464542089	0.0146894865	0.0764423619	0.0546196516	-0.1936444318	0.0219840396	-0.0001644029	0.1276236779	0.0511877497	-0.0448987413	0.0326262154	0.0105866687	-0.1034726411	-0.0247645089	-0.0372341707	0.1354997359	-0.1424672999	-0.0401238976	0.0346916426	-0.0028034999	0.1172830159	0.1432887672	-0.0949846254	-0.0037627649	0.1963442178	-0.0771990173	0.0315975844	-0.0268533643	0.0444048591	-0.123807665	0.1797261986	0.0244506296	0.0115915202	0.033368038	0.0684235164	-0.0088426786	0.1165858777	0.110382787	0.100287614	0.00711393	-0.00402227	1.6178655952900006e-05	5.06080000449e-05	0.0171802	-0.0130625	0.00029515927204	0.00017062890625	3.24783e-05	-0.0154600217	0.0002390122709644	1.0548399708899995e-09	0.000241866	-3.5679999999999984e-05	1.2730623999999986e-09	5.849916195600001e-08	-0.0	-0.000141542	0.0	2.0034137764e-08	0.000441845	-0.0001822919999999	3.323037326399999e-08	1.95227004025e-07	0.0	0.0	0.0	0.0	0.0
548.7074860800892	-0.0938786977834524	0.0088132098975168	301079.9052803313	786.0998715194846	-2.7381943813657017	7.4977084701426975	617953.0080029502	516.6177272722363	-0.2162463417823801	266893.8761319307	0.0467624803342619	528.3533472039711	444.6947097574192	1.167046	49.599373	0.0632958817	0.034367	0.2410445929	-0.0073824195	0.0011214431	0.0923039607	0.0667652804	-0.1225864831	0.0761254196	-0.1921390468	-0.0889503479	-0.0044819003	-0.1081566888	-0.1242947943	0.0196684549	0.1535320684	-0.1124704277	0.0801809371	0.0111983302	-0.1460944004	-0.0910465108	0.016336651	-0.1005650199	0.0579859853	-0.0132187425	0.154085777	-0.0166169927	-0.1342863558	0.0663485388	-0.016917839	0.1517800577	0.0997888518	0.0276326954	0.0167361844	0.0438924668	-0.1055693892	-0.1019437295	0.0189180102	0.0164273236	0.0187692638	0.0534597463	-0.0635112008	-0.0480503105	-0.1506672355	-0.0477529434	0.0631654998	-0.0412257636	-0.2534051111	-0.035189999	0.0172351163	0.0656212639	0.1338770869	0.020646848	0.0039888431	-0.0455884743	0.0353242146	0.1451680728	-0.1325382189	0.1330988498	0.0087663969	-0.150837035	0.0633932943	0.1182736827	-0.0439684225	0.045082833	-0.041334263	-0.1114373965	-0.0161616183	-0.0650670211	0.1759424008	-0.0124755724	-0.0085447634	0.0384555046	-0.0898296771	-0.0343126267	-0.0175515074	0.089553893	-0.0041467627	-0.0640586275	0.071813762	-0.1337642968	0.0015972868	-0.1802217627	0.0620793185	0.0438087901	-0.0078151463	-0.126744626	0.0613002405	-0.0225852869	-0.0828396049	0.0457458684	0.0574669512	0.0626546293	-0.1524421006	0.1189434154	0.013977126	-0.0556821161	-0.2073358222	0.068912183	-0.1203632516	0.1087713919	-0.0340030813	-0.1072314259	-0.0282305895	-0.0175616626	-0.1053941289	0.1187788634	0.0718269257	-0.0144860162	0.0135949095	-0.0342920399	-0.1493770358	0.1029133163	-0.0453361471	-0.0472490086	-0.127613038	-0.0307718801	0.2001028801	0.0124786696	-0.0352780961	-0.026405482	0.1598191682	-0.0483594869	0.0166631915	0.0843945482	0.0129712969	-0.1331955961	-0.0024413966	0.0757481106	0.0430314824	0.0486831446	0.0557474934	0.1081579562	-0.0164676717	0.0027501308	-0.0075762522	-0.103828948	-0.1251509705	0.0514321497	0.0006399434	0.0100148484	0.047444055	0.1135015887	-0.0226001206	-0.0357583419	-0.1864006271	0.0335122646	-0.1737203887	0.1513438883	0.0101229039	-0.1146112487	0.0460785967	0.1326147497	-0.1074416817	-0.0769872025	-0.0284495234	-0.1229144732	-0.0220248468	0.090570397	0.2212177783	0.0182115318	0.1095689944	-0.0483100011	0.1265517315	0.07779221	0.0217221869	-0.0883737814	-0.0417195201	0.1079618978	-0.0308298487	-0.0656752893	0.0387753793	0.0252041508	0.0682906451	-0.0992039666	0.1666499106	-0.0111416659	-0.0035519751	-0.0067564349	-0.1113580173	0.0459804322	0.0283454327	0.2458068367	0.0074438849	0.0523947619	0.0291737151	0.0309350963	-0.0831341083	-0.0836911752	-0.0502855177	0.1793564298	0.1027995727	0.0668678442	-0.0201413929	-0.0340483437	-0.0951349648	0.0495406756	-0.0019804691	-0.0780072025	-0.0500293976	0.1331164869	-0.1269949096	0.116066535	0.1083465856	0.0958580879	-0.00182488	-0.00893881	7.990232421610001e-05	3.3301870144000003e-06	0.0456303	0.0284501	0.0020821242780899	0.00080940819001	0.00487941	0.0048469316999999	2.3492746904464883e-05	2.38086419481e-05	-4.44388e-05	-0.0002863048	8.197043850304e-08	1.9748069454399998e-09	-0.0	0.0	0.0	0.0	0.000306949	-0.000134896	1.8196930816000004e-08	9.4217688601e-08	0.0	0.0	0.0	0.0	0.0
550.8373477386767	2.129861658587515	4.536310684721161	303421.78366377985	785.0311321225643	-1.068739396920364	1.1422038985297034	616273.878401635	516.8670204649516	0.2492931927152994	267151.5168443167	0.0621470959341874	528.490878747174	553.0581632584576	1.959257	83.26831799999998	0.07132862	0.0429096	-0.1650387389	-0.1265182903	-0.0799881843	-0.0675569473	0.0289076196	0.0905038819	0.0534203478	0.093167045	-0.0324652062	0.0725813828	0.0212578048	-0.0077063439	0.135384146	-0.117665402	-0.0529789557	-0.0203449788	0.0675994239	-0.0313383319	0.0074744847	0.0862032313	-0.0466369141	0.0128700477	0.1168839481	0.0381809291	-0.0324158097	-0.0041666944	-0.0728270484	0.0301670319	0.0289770577	-0.0547027492	0.1168074392	0.1381528552	-0.0996499312	0.1429760535	-0.0420764562	-0.0133896612	-0.0780893113	0.0883777353	0.1214343939	0.1130032153	0.1270605398	0.0448201484	-0.0896445076	-0.1344974176	-0.0708231834	-0.0774415227	-0.0004133002	-0.0122359499	0.1084741662	-0.0267571581	-0.0324246794	0.005593114	0.0281132735	0.1052871729	-0.0118313752	-0.1362989939	-0.0282374915	0.0524269816	-0.0164738491	-0.1583054749	0.0548548883	0.119928	0.1032959456	0.0370721447	-0.0263367966	-0.1241754889	0.1208042192	0.0259441572	0.009983143	0.1779861413	0.0239413832	-0.0286878526	0.0636604154	-0.0963493254	0.0504883036	-0.0799936303	0.0629783624	-0.109384392	0.1771884953	0.0132851719	-0.1353198037	-0.2138693393	0.0230647962	-0.0177437022	0.0558011352	-0.0139566551	-0.0015301006	-0.0617685664	0.0444455651	0.0183266452	0.0468051912	0.0230684348	0.0711046968	-0.0028030191	-0.00964539	0.0731289202	-0.039454631	-0.0192571409	0.0115336723	-0.0318431384	-0.1500620054	0.0223097754	0.0149709015	0.009046335	0.0301714809	-0.079628712	0.1439414931	-0.0695836657	0.0872798695	-0.0575913531	0.0995067349	0.0733600563	0.0979378774	-0.0478674372	0.0769931267	-0.0726641053	0.0682975671	-0.0339469828	-0.0422617003	0.1169063268	-0.019261045	-0.0567496739	-0.1168362088	0.0474570458	-0.0686479355	-0.0322387562	-0.1239932189	0.0971305299	0.0243936332	0.1684028864	-0.0809589826	-0.008885029	-0.0351641294	-0.0570418393	-0.2103682782	0.069728031	-0.0014866131	0.177762681	0.012647457	-0.0617518963	-0.0131142204	-0.0331172254	0.0428830116	0.0405832913	0.0905379699	-0.0011487153	-0.1645472194	0.0836999784	0.007214094	-0.0791126941	0.0466292981	0.0419152582	0.0183795044	-0.0071140391	0.0467538513	0.0435976763	0.0441709158	0.1825495549	0.0308630096	0.0234129624	0.0466335031	0.0243595547	-0.0182345683	0.1153780246	-0.0376115163	-0.0108283351	-0.0480957024	-0.0534619921	0.0065739829	-0.0273296909	-0.1431155826	-0.1095678686	-0.1211963595	0.089391643	0.010749355	-0.05525958	-0.0099225835	0.0624062991	0.1181216279	-0.1157817881	-0.1076350189	-0.1020718479	-0.1173826191	0.0052170331	0.0580465203	0.1085440262	-0.0220873885	0.1199875078	-0.1068387671	0.0381917321	-0.0096890758	-0.0704344834	0.0754070906	-0.0130992386	0.1365535175	0.0363260114	0.0749235734	0.0483000023	-0.0387034727	-0.0095231421	0.115490384	0.1060982907	0.0910064429	0.00709133	0.00891621	7.949880076410001e-05	5.02869611689e-05	0.0096631	-0.0359672	9.337550161000002e-05	0.0012936394758399	-0.0163229	-0.02120231	0.0004495379493361	0.00026643706441	-4.44388e-05	0.0	0.0	1.9748069454399998e-09	-0.0	0.0	0.0	0.0	0.000202091	-0.0001048579999999	1.0995200163999996e-08	4.0840772281e-08	0.0	1.0	0.0	0.0	0.0
550.0905224913371	-0.7468252473396433	0.5577479500639194	302599.5829347922	781.6351430319137	-3.3959890906505734	11.532741903817708	610953.4968225202	516.8129094459956	-0.0541110189559503	267095.5833700349	0.0029280023724512	528.3531526075203	558.6070747600284	1.127705	47.927406	0.0836583687	0.0591768	-0.2051813967	0.0153397363	0.0070178789	0.0729457446	0.0063467617	-0.1380409838	0.0748917638	-0.0437496235	-0.0507375093	-0.0357527087	0.1134660546	0.1316971408	0.0235038295	0.1026443338	-0.0002467282	0.0131316934	0.0204002687	-0.1060034313	-0.0785406413	-0.1030853043	-0.1130042357	-0.0217830561	-0.0317522426	0.0337549772	0.0621978707	0.0697660232	-0.1071492646	-0.0184007454	0.0038131275	-0.0337271859	0.0280527849	-0.0423345191	-0.0435961962	-0.0110929767	-0.0732655748	0.0237102121	0.0241095192	0.060410129	-0.0179324723	-0.0649239337	0.0602613305	0.0017192266	-0.0205655935	-0.0800697275	-0.0895228446	0.0049385105	0.0113433325	0.0675029988	-0.0939960815	-0.1045082818	0.060576004	0.0212231629	0.0157607078	0.0733897949	0.2086833055	0.0317376334	-0.0234222668	0.0467546886	-0.1426202267	0.16714184	-0.0252049186	0.0182400156	0.0631987714	0.1044335416	0.0121188019	-0.0279897133	0.1363468355	0.046468009	0.0047208342	-0.0071479729	-0.0808507476	-0.1138820031	0.1500242842	-0.0074563491	-0.1955230535	-0.0107393266	0.0618093549	0.0168309577	-0.0319390908	-0.0014711793	-0.0082738419	0.068818215	0.0110305929	-0.0803062586	-0.1201500204	-0.0612364162	-0.0448679855	0.0123998118	-0.1848968223	-0.0319547239	0.0159911367	0.0714819821	-0.0708430903	0.0909986866	-0.0322413196	-0.0151018151	-0.0779717325	0.0442938405	0.0708499833	-0.1132128567	-0.0304837878	-0.0145306899	0.0270057439	0.0808875035	-0.0324112439	-0.0362629621	-0.0407567404	-0.0079191501	-0.0379805683	-0.0145097166	-0.0473973145	0.0424814306	0.0268362387	0.1396291036	-0.0398268156	0.1522563794	0.0719335585	-0.083922992	-0.0775411729	0.035625998	0.0256948517	-0.036544591	0.1829660105	0.0356093299	0.064592296	-0.1921137027	-0.0404645427	0.0075329808	0.0406110606	0.0573487793	-0.0424637119	0.1239678772	0.0849041667	-0.0839024637	-0.0283603752	-0.0908579638	0.0057658329	0.0343804739	-0.1072010718	0.0785261216	-0.1244304777	0.1299948008	0.0157801204	-0.0183273367	-0.002325912	-0.0493056065	0.0599764313	-0.0410185842	-0.0307561457	0.0400617698	-0.010397657	0.0331950982	0.1423088823	0.0080267389	0.0687921255	-0.1608084383	0.0102837321	-0.0695589262	0.0039310295	0.0653763233	-0.0876075824	-0.032763315	0.0823741329	0.1299358042	-0.0230935069	0.0016236878	-0.1176185981	0.0231787662	0.0209915803	-0.0508182437	-0.0171280279	0.078313224	-0.0355651975	-0.1380481747	-0.0509188919	0.0533468678	0.1277666998	-0.0363465293	-0.119563103	-0.1032415311	0.0737689827	-0.039179828	-0.0894078293	0.0198329082	-0.1051337178	-0.1049018353	-0.04525359	-0.1914964989	-0.1202466957	-0.0009923649	-0.0065406177	-0.041842834	0.0060780669	0.1019428891	-0.0056884245	-0.0009140422	-0.0192721425	0.0617657722	0.0254929219	-0.0299520905	0.1148577065	0.1036423034	0.0857540434	0.00708337	-7.959999999999565e-06	6.336159999999307e-11	5.0174130556900005e-05	0.0652254	0.0555623	0.00425435280516	0.00308716918129	4.76487e-05	0.0163705487	0.000267994864739	2.2703986116899996e-09	-0.000272329	-0.0002278901999999	5.193394325603999e-08	7.4163084241e-08	4.6881800000000006e-24	4.6881800000000006e-24	2.19790317124e-47	2.19790317124e-47	0.000208552	6.461000000000005e-06	4.174452100000006e-11	4.3493936704e-08	0.0	0.0	0.0	0.0	0.0
548.9121829051088	-1.178339586228276	1.388484180472625	301304.58454165165	788.801956744655	7.166813712741259	51.36321879313616	622208.5269641965	516.6669191076508	-0.145990338344859	266944.7053001917	0.0213131788900464	528.4444905643503	487.7565222242255	1.674211	71.153839	0.0904432517	0.0598166	0.0999231282	0.116972446	0.0386788963	-0.1965400143	-0.0224006424	0.0843179028	0.1226839848	0.0543239077	0.1374961888	-0.0153398556	-0.0928932926	-0.040279793	-0.119465866	-0.1796227588	0.0163753087	-0.08789641	-0.0309984232	0.1036039674	-0.0840089555	0.0357925631	-0.0990082747	0.1357301638	-0.0678916841	-0.0186112871	-0.0706580634	0.1170314319	-0.0835574607	-0.0634438683	0.0625696457	0.0840995066	-0.0867448133	0.0933759737	0.1428469286	-0.0308134652	0.0431334476	-0.1427658808	0.0857333926	-0.0140504808	-0.0209021863	-0.0489741979	0.0838000132	0.0756953494	-0.065612686	-0.0012674432	0.0636853591	-0.0564074542	0.0318825682	-0.0836398599	-0.0665949619	0.0968067384	-0.0216952916	-0.0292121928	-0.0757115604	0.1074366446	-0.1643119098	0.1342278822	-0.0616977484	-0.0009466533	0.0097306324	-0.0607160249	0.0486117244	0.154392289	-0.0166380528	-0.0227777975	0.016350678	-0.0699561115	0.0220624002	-0.032987413	-0.0274327666	0.1570076764	0.039573194	-0.08566863	0.0142971314	-0.1127722228	0.0439723156	0.0783811673	-0.0965937296	0.0012631819	0.0381668654	0.0624492247	-0.1330463757	0.1876831113	0.0649369187	0.0145523916	0.0167678943	-0.0708199989	-0.0935803311	0.1395418885	0.0576910844	-0.0190610206	0.0090538129	0.0309212507	-0.0219719821	0.0117527686	-0.0426255031	-0.1223937222	0.1222206084	0.0912732744	0.2115679014	0.0838420072	0.043547621	-0.0892664937	-0.0031248864	0.1623576695	-0.1281462376	-0.0294602767	0.092123527	-0.011342618	0.0388868495	0.1078646114	-0.0708414474	0.1457030985	-0.133757229	-0.0041514669	0.0580469291	-0.1643441923	0.0376066399	-0.0899287892	0.1098426266	-0.0446954387	-0.0323914305	0.0144593242	0.0058939379	0.0104654233	0.0673952816	0.0609957914	-0.1137567921	0.010566603	-0.0053115781	0.1026889616	0.0298168064	0.0077651294	0.0446056159	-0.1042198819	-0.0942558041	0.1044902241	0.010241346	0.0722244209	0.0107121095	-0.0275128843	0.1474145142	-0.0563630352	-0.0307007305	0.0126962296	-0.1259315291	-0.1561690992	-0.0391033524	-0.1405403877	-0.0304752767	0.039510187	-0.0071416761	0.0482210214	-0.128400885	0.1074915293	0.0938931525	-0.0272189852	0.0438984206	0.054751508	0.0269058864	-0.049768126	-0.2129782194	0.0842163374	0.0062902342	-0.1245272946	-0.0267839496	0.0494850378	-0.1245602777	0.2415632153	0.1053145334	0.0760999162	-0.0303462608	-0.0982950063	-0.0084880488	-0.1275401831	-0.0495347799	0.0015741283	-0.0700810427	0.0318511092	-0.0180401507	0.1154278299	-0.0384584406	-0.1192575875	0.0206396441	-0.0409425657	0.1595757104	0.0465360459	-0.0528696546	-0.0669689978	0.04486238	-0.0777168532	-5.40932e-05	0.0722750998	0.0537696948	-0.0796728393	0.1171715108	-0.0341643055	-0.0112372865	0.0096872701	0.158679417	-0.1058876312	0.1141688124	0.1009834314	0.080124019	-5.11862e-05	-0.0071345562	5.090189217095844e-05	2.62002707044e-09	0.00821004	-0.05701536	6.74047568016e-05	0.0032507512759296	4.16582e-05	-5.990499999999996e-06	3.5886090249999956e-11	1.73540562724e-09	4.87938e-05	0.0003211227999999	1.0311985267983999e-07	2.38083491844e-09	-9.32152e-05	-9.32152e-05	8.689073511039999e-09	8.689073511039999e-09	9.71431e-05	-0.0001114089	1.2411942999210002e-08	9.43678187761e-09	0.0	0.0	1.0	0.0	0.0
548.0565125510858	-0.8556703540230046	0.7321717547538541	300365.94094965846	782.0972527695907	-6.704703975064263	44.95305539324252	611676.112789741	516.3770080472614	-0.2899110603893859	266645.21443984145	0.0840484229360982	528.0758285912161	442.286741741576	1.5371	65.32666	0.0803613325	0.0704973	0.2432571552	-0.0662188082	0.0165348636	0.1321405257	-0.132427227	-0.0541282007	0.0460158244	-0.0758732226	0.0592155253	0.0418306797	-0.0642496998	-0.1140692216	0.0707552457	0.1289542947	0.0766346087	-0.0904902759	-0.1449532749	-0.0796533269	-0.0860478208	0.0057212443	-0.0146513551	-0.0704784982	-0.0591925859	0.0436866671	-0.0194031499	0.0112267269	-0.050251016	0.0553890004	-0.057518991	-0.1068311487	-0.1462937864	-0.0809073606	-0.0378724928	0.051310922	-0.0204009798	-0.0808919107	-0.0415270441	-0.0611938674	0.151469633	0.0112905214	-0.0292552434	0.0312672044	-0.0879297692	0.0110985042	0.0482885985	0.0040973702	-0.0281123832	-0.092574564	0.0435314105	0.0497696524	-0.0431673798	-0.0269918398	0.0002547911	0.0392566242	0.069176842	0.0337481885	0.1043396028	-0.0352760585	0.0471809285	-0.1097280209	-0.0129922422	-0.0654015659	-0.1084413653	-0.1054031295	0.0203288136	0.0348463598	-0.1240358646	-0.0821070641	0.0109347918	-0.03138627	-0.0384922549	-0.1058383702	0.0314365357	0.1915204035	-0.0196585123	-0.0934327849	0.0220938624	0.0060327376	-0.1350763407	0.0376459118	-0.0961038842	-0.121619407	-0.1836315914	-0.181017489	0.018214651	-0.1893929468	0.1859197283	0.0662776146	-0.0330228197	0.1008610981	-0.1014744059	0.1027988749	-0.1047623298	0.1012524746	-0.1740016493	-0.0725073821	-0.0735257872	-0.0788238705	0.0920439378	0.065392847	-0.134009039	-0.0054524698	0.1134635522	-0.1502028156	0.0352414104	0.0924169836	0.0867544367	-0.0266762318	0.009596772	-0.0164295167	-0.013748438	0.0519695974	0.025892538	-0.07849821	-0.0373522298	0.1132867522	-0.0437849604	-0.0846443356	-0.0531763838	-0.0470156953	-0.0779832476	0.0396648915	-0.1000302913	-0.106848113	0.0081016269	0.1201215931	-0.0340700664	-0.0355668109	-0.0998402135	0.0058200148	0.0730398071	0.020375228	0.0559515725	-0.0347765891	0.0449030378	-0.0101429859	-0.0865441535	-0.0117367289	-0.0236779339	0.1782538994	-0.0439511325	-0.0572297379	-0.0091282449	-0.2206616356	0.0845129862	0.0710356605	-0.1187076665	0.0298585664	-0.0224642009	0.1420282522	-0.0996667373	-0.0601252506	0.0892951773	-0.0658949031	-0.0622377865	0.1645556189	-0.132397122	-0.1537074805	-0.0313257948	-0.027124138	-0.1539171231	0.0397381773	0.0924180708	0.230096111	0.025039229	0.0193280759	-0.0557588589	-0.0223150227	-0.1113221668	0.2559555682	-0.1105825098	0.0602565326	-0.0191614813	-0.0604746719	-0.0185452111	0.0988131008	0.0498910354	-0.1093552346	0.0575823893	-0.0086866507	0.1487866055	0.0493666892	-0.0272061511	0.0576150164	-0.0369360057	0.033109586	-0.0106833423	-0.0338473155	0.2200317127	-0.1522926508	0.2121131904	0.027421141	0.0082619444	-0.0775597265	0.0784592425	-0.0400725693	1.69084e-05	-0.1723198847	0.3344007673	0.0391120425	0.1134240387	0.0981268796	0.0741411618	0.00113459	0.0011857762	1.40606519648644e-06	1.2872944681e-06	0.0784592	0.07024916	0.00615584606464	0.0049349444807056	3.67169e-05	-4.9413e-06	2.4416445689999995e-11	1.34813074561e-09	5.91169e-05	1.0323100000000005e-05	1.0656639361000006e-10	3.49480786561e-09	-0.0	9.32152e-05	0.0	8.689073511039999e-09	2.22523e-05	-7.48908e-05	5.60863192464e-09	4.9516485529e-10	0.0	0.0	0.0	1.0	0.0
550.8436320144866	2.7871194634008134	7.768034903267638	303428.7069309112	783.1504781403486	1.0532253707579002	1.1092836816081164	613324.6714114567	516.8935574718321	0.5165494245707123	267178.94975588616	0.2668233080243339	528.5100525160334	552.666545342267	1.953323	83.01609	0.1218931379	0.0746393	-0.1808304038	-0.0600735073	-0.0060696756	-0.0180669967	0.1603361602	-0.0542464564	0.0283720735	0.0457969108	0.0929254168	0.0780340835	-0.0569040947	0.0798749077	0.0925431971	-0.1117974586	0.0159639969	0.055342087	0.0303440881	-0.0177030609	-0.0879694462	0.2097782897	-0.0576374634	0.010265074	0.0869499999	0.0968791142	0.0299090221	-0.0282006921	-0.0127956407	0.0220277439	-0.0869736099	0.0260574647	-0.0626905049	0.1614787914	-0.0953175409	-0.0221828746	0.0068070686	0.1070684878	-0.0952917548	0.0389865626	0.0650395246	0.0590826532	-0.0158725034	0.039289326	0.1068084374	0.1064002311	0.0405897512	-0.1156887954	0.1679400471	-0.1009887412	-0.0126713932	-0.1106060418	-0.0826929332	0.0401755142	-0.0054247051	-0.0303460106	-0.0634076923	-0.0724701589	-0.15813638	0.0085006531	0.1334035491	0.0296334617	-0.1892885614	-0.0255140736	-0.0379760245	0.0242384968	0.164750328	-0.0970945977	0.0966350603	0.0794108152	0.2285871749	0.0341250707	-0.1066977556	0.0360464097	-0.2172576219	0.0418499179	0.0413786318	-0.0610484242	-0.1838711334	0.1522808671	0.0773927402	0.0166945	-0.0117212697	-0.0500719533	-0.0834356613	0.2167910487	0.0334631058	0.025889693	-0.0091934679	-0.1190165117	0.0580571738	0.0733392775	-0.0831146987	0.0366491848	-0.1825158133	0.0666882803	-0.048127335	-0.1140218604	0.0447606988	0.0167576978	0.0332540933	0.0510799167	-0.0526162505	0.0675084484	-0.10743582	0.0426842246	0.0781057191	0.0098038547	-0.0250408041	0.0267606675	-0.1732665188	-0.0673181819	0.0018041479	-0.0553935709	0.0946413302	0.0728470124	0.0942334252	-0.0686141818	-0.0105258063	0.0996799433	0.059147387	0.0723878311	0.0073638762	-0.0590680447	-0.1028890116	-0.0315790793	0.2146667429	-0.0998597122	-0.0637557007	-0.0731718486	-0.102310462	0.1730510669	-0.1406969299	-0.1082176177	-0.0703031912	0.0437446453	0.2373520145	-0.0306736054	0.0632121525	0.0321883595	0.1410395954	0.0260365416	0.0424318845	-0.1649755381	-0.1204585187	-0.0808007244	0.0396380401	-0.0132670384	0.1304310762	-0.0636556955	0.0322412391	-0.2361300903	0.0561038241	0.0037468608	-0.0090701132	0.0916552712	-0.0776075872	0.1231543631	-0.1170110901	-0.0946783403	-0.0255712549	-0.0253224069	-0.0730935088	0.1420923566	0.0346362772	0.0750472687	0.0115260841	-0.1537214573	0.0765542309	0.0231593247	0.0813592321	-0.0692310101	0.0843431928	0.2071745767	-0.000382451	0.0613235994	0.0470913797	0.0183327294	-0.0104413324	0.065820494	0.0226025894	-0.1608659064	-0.0805166438	-0.1272337344	-0.1289844291	0.0567247546	-0.0011425011	-0.2314318139	0.0080451294	0.1732697797	0.0064525365	-0.1705538124	0.1507518644	-0.0757831389	-0.0195072031	0.1469527164	-0.1396617143	-0.046248035	-0.0750497825	-0.1975966092	0.1417118955	0.1133911361	0.11262375	0.0950782398	0.067831818	-0.0096405	-0.01077509	0.000116102564508	9.293924025e-05	0.0123037	-0.0661555	0.00015138103369	0.00437655018025	-0.0317374	-0.0317741168999999	0.0010095945047748	0.00100726255876	-4.44388e-05	-0.0001035557	1.072378300249e-08	1.9748069454399998e-09	0.000139848	0.000139848	1.9557463104e-08	1.9557463104e-08	1.88738e-06	-2.036492e-05	4.147299666064e-10	3.5622032644e-12	0.0	0.0	0.0	0.0	1.0
551.0374343531375	0.1938023386509257	0.0375593464665681	303642.25405848835	786.9972902543407	3.846812113992087	14.797963440356268	619364.7348676749	517.1525418296216	0.2589843577894726	267446.7515208385	0.0670728975796255	528.8622700859929	551.4871411427677	1.180393	50.166626	0.115164539	0.0637879	-0.1381102569	0.095303335	-0.0757975367	-0.1254802438	-0.0597112898	0.1089613412	0.0268137407	-0.0398865585	0.0280964745	-0.0256916998	-0.0334708663	0.0109143403	-0.0795736603	0.0263924964	-0.0376943078	-0.1226751712	-0.0374128509	0.0195577388	-0.1481026509	0.0652868036	-0.0481469385	0.0423381984	0.0059925986	0.0030779937	-0.0886003612	-0.0441941714	-0.0304185186	0.1276971973	0.0402915863	0.1452898673	-0.096970714	-0.103099687	-0.137009567	0.0733716574	-0.0427162884	-0.0277005135	0.0257188415	-0.0265744779	-0.0039187476	0.0543838563	-0.0187389671	0.0750577481	0.0446420626	-0.1282389123	-0.0616744592	0.0455017971	-0.0851618048	-0.0228562867	-0.1144500851	0.041471871	-0.040861271	0.0643714586	-0.119412475	0.173481412	-0.0437471335	-0.0550471416	-0.0373895107	-0.1250009732	-0.1704571121	-0.2518934329	-0.122384661	0.0786231411	-0.0429716123	0.0520261494	-0.0682086299	0.0016943072	0.0936145242	0.1194275047	0.0482849668	0.0121987643	0.1189548359	0.0926450594	0.012156633	-0.0818466365	0.004671931	-0.199466341	0.1000660796	-0.0050808066	-0.1631622804	-0.0483389005	0.1340274566	-0.0482879162	0.0353314568	0.0968397118	-0.0106278541	0.0306056398	0.0173491979	0.0676181095	-0.1820453769	-0.0609775179	0.0279452245	0.0188384412	0.0208751698	-0.0278139681	-0.039913516	0.0545108245	0.0378344507	0.0248550607	-0.136806565	-0.045135548	-0.0600052607	0.1479611536	0.1344184267	0.0441292053	-0.026587046	-0.0422627076	-0.0541437531	0.0695690648	0.0931724395	-0.0518855578	0.0843090713	-0.0584751533	-0.1061529142	0.0462039798	0.070563263	0.0467183025	0.060076044	-0.0866558695	0.0871825932	0.0254647205	-0.1077331284	0.2247233059	-0.1388528007	-0.0172848424	-0.0353521446	-0.0625682919	-0.2152192539	-0.0492931745	0.146030081	0.0708764417	-0.0665185683	-0.0887546305	-0.1350308224	0.0680956486	-0.1319480117	-0.0319496106	0.0429072707	-0.0008057916	0.0295831538	-0.0607581837	-0.0396816219	0.2331591696	0.0950177479	-0.040634065	0.0302392023	0.0960703348	0.0691214137	0.0348100633	0.1233146457	-0.0453075768	-0.0443833287	0.0373822369	0.003601804	0.0109717603	-0.1281251069	-0.1103344458	-0.0430036856	0.0160384671	-0.0921645967	-0.1504178301	-0.0139490957	-0.1678676483	0.0521824504	0.1250715156	0.0721142117	0.1119589487	0.0285644095	-0.0384439115	-0.0682097169	-0.0916938739	0.0155334588	-0.045559947	-0.0699106814	0.0350657105	-0.0652002111	-0.0933410819	0.0543119293	0.0057395608	-0.099138473	0.0246729649	0.1208213807	-0.1122220282	-0.0893844551	0.0378984681	0.1852326039	0.0511677622	0.1104495268	0.0184243805	-0.1860369788	-0.1192831972	0.0927043644	-0.0057013343	0.0518461204	0.0512677668	-0.0156620069	0.0210099836	0.0787338751	0.2076846822	0.0793200443	0.0176738425	0.111768338	0.0918434799	0.0612237711	0.00208286	0.01172336	0.0001374371696896	4.3383057796e-06	0.0695767	0.057273	0.00484091718289	0.003280196529	-0.0125975	0.0191399	0.00036633577201	0.00015869700625	-0.00031367	-0.0002692312	7.248543905344e-08	9.83888689e-08	-0.0	-0.000139848	0.0	1.9557463104e-08	-0.000129599	-0.00013148638	1.72886681255044e-08	1.6795900800999997e-08	0.0	0.0	0.0	0.0	0.0
551.3534859079931	0.3160515548555622	0.0998885853266184	303990.6664228956	787.8181800681944	0.8208898138536824	0.6738600864887334	620657.4848459619	517.0289756300958	-0.123566199525726	267318.96164110623	0.0152686056652315	528.8087891634567	553.8407986841195	1.138777	48.397949	0.085632285	0.0523185	-0.1037582841	-0.0950501079	-0.1469311651	0.0428438318	-0.0605796622	0.1253511372	0.0730959202	0.1477917968	-0.0012921154	-0.0535059781	0.0455241874	-0.1099376772	0.0816252125	-0.0551784648	0.0144890853	-0.1253292567	-0.117264024	-0.0603484202	0.1009236755	0.12607148	0.0136810723	0.0050098444	0.0720967536	-0.1212262936	-0.0406815308	-0.0988197582	0.0380541784	-0.0505788441	-0.0500988487	0.1645795339	-0.0022349451	-0.1747742593	0.101868788	-0.0359794695	-0.1697633952	0.05506351	-0.0575002856	0.0160042189	-0.0776222262	-0.0519843493	0.051468724	-0.1193888442	-0.0122176473	-0.1606606703	0.0583037255	-0.028856191	0.1193214397	0.0769041357	0.1126336407	0.0161824943	-0.0322303345	0.0639585279	0.1184198375	-0.0403842446	0.0806097456	0.130394866	0.0244063916	-0.0111191345	0.0803589351	-0.0375800757	0.134211967	-0.0360831281	-0.0650807706	0.137877717	-0.0333839102	0.0440673883	-0.0024903216	-0.0706251944	0.1796176228	-0.0717197014	0.1131088398	0.036720352	-0.0499096002	0.0812935657	-0.1113343103	-0.1279333479	-0.0935856712	0.0512154945	-0.1292918892	-0.0219137838	0.1233929404	0.11260422	-0.0847309385	0.0007211148	0.0206263898	0.1473873885	-0.1365720346	0.0575475208	-0.074150773	-0.1144367465	0.0551771264	-0.0009049736	-0.0627600041	-0.0702080048	-0.0653820851	0.0020754223	-0.0250621736	0.0280320144	-0.1435390318	0.0593188167	0.0439111573	-0.0931315981	0.206459455	-0.0252291952	-0.0493619985	-0.0114419617	0.0851013654	-0.0251692368	-0.018320563	0.0332136679	-0.1267785584	-0.1349884	0.0574657789	-0.1120597343	0.0354986954	0.0018296997	-0.0036816793	-0.0140143161	-0.1115300966	-0.1679511879	-0.0544641263	-0.0625481182	-0.0147582045	0.0968921165	-0.0113194069	-0.0449951848	0.0244415482	-0.0541743302	-0.0258196315	-0.0193992197	-0.0522245206	-0.1091199493	0.0955410494	0.0391709078	-0.0136809692	0.0173240163	-0.1406412747	-0.1718107417	-0.0003655896	0.0967843265	-0.0706310524	0.0424380458	-0.0405781684	-0.0835201613	-0.0567199785	0.0976712601	0.2720600825	-0.010820842	0.0630741523	0.0360291501	0.0361323291	0.0826427617	-0.1246822828	0.1283253676	-0.0420910273	-0.0617350274	-0.07510223	-0.0495299399	-0.0533344697	-0.1005709242	0.1563542307	-0.156043456	0.020406291	-0.0442027503	-0.0722968467	0.1654037539	-0.0358983011	0.0062336975	-0.0051277799	0.110062796	0.0020398439	-0.0142211209	0.0533289245	-0.1128154533	0.0572825962	-0.0768459583	-0.0215240834	0.0342625461	0.1299213832	-0.0606364695	-0.0215183948	-0.0665038291	-0.1344887832	0.1022631264	-0.0435391106	0.1566890409	0.0320441088	0.0386497837	-0.1369138573	-0.1263551509	0.0780042949	-0.0832021614	0.0112664849	0.0535005158	0.0185384307	-0.0404822704	0.0358819082	0.0187232904	0.0648685731	0.0480319696	0.1108582214	0.0884289321	0.0543461203	0.0070713	0.00498844	2.4884533633600003e-05	5.000328369e-05	0.0203264	-0.0492503	0.00041316253696	0.00242559205009	-0.00628142	0.0063160799999999	3.989286656639999e-05	3.94562372164e-05	2.5193e-05	0.000338863	1.1482813276900001e-07	6.34687249e-10	8.251449999999998e-05	8.251449999999998e-05	6.808642710249997e-09	6.808642710249997e-09	-4.94272e-05	8.017179999999999e-05	6.4275175152399985e-09	2.44304809984e-09	0.0	0.0	0.0	0.0	0.0
551.3956739959345	0.0421880879414402	0.0017798347641546	304037.18930143095	784.5831828382973	-3.2349972298970897	10.465207077441844	615570.770792673	517.067451378988	0.0384757488922105	267358.7492755622	0.0014803832528164	528.747241515879	559.2224705806669	1.145002	48.662491	0.0613532335	0.0464596	-0.177958494	-0.0467623004	0.0138387435	0.0307247404	0.0796316349	-0.1248356633	0.0567400392	-0.0550929006	0.0277872698	-0.0314033487	0.0479823431	0.0981758889	0.0755192589	0.0802295955	-0.0845014192	0.0354223699	-0.0097418647	-0.0663212482	-0.0154949768	-0.0440247296	-0.0809481461	0.1077079494	0.0117760498	-0.0168089418	-0.1034659157	0.0050761226	0.0185512166	0.0310554345	-0.1506046699	0.1002179936	-0.1287925982	-0.0949021383	-0.0478926078	0.1311686795	0.0995719793	0.0197948594	0.0309964579	0.1279936213	-0.0341295108	-0.0680114232	-0.018586504	0.1019070701	0.0751293547	0.0832595807	-0.1002787832	7.55466e-05	0.0312980953	0.0324642166	0.0378166078	-0.1292150734	-0.0073498706	0.0716590955	-0.0276699669	0.0449317605	0.1348176055	-0.0450678356	-0.0602788691	-0.05048701	-0.0052287223	0.0318621253	-0.1207334479	0.0291867997	-0.0474854995	0.0219094114	-0.0314609019	0.0729947957	0.0537882381	-0.2221382173	-0.0015198057	0.048552362	0.1043711543	0.0610557041	-0.1682738908	-0.064945347	-0.0195051473	0.1627268697	-0.0228789659	0.2325347622	-0.0263334947	0.1245048316	0.0538217013	0.0968403346	-0.0601440166	-0.051571967	0.1846009141	0.0319582141	0.1132020244	-0.0177988955	-0.020214196	0.0732824894	-0.1213484256	0.006051653	-0.0220208091	-0.033569428	0.1076783389	0.1294413265	0.1203227817	-0.118340515	-0.0932874654	-0.1110794791	0.094109622	0.021666105	0.0529216239	-0.0192728696	0.0083588588	-0.0603543118	-0.043268815	0.0138403107	0.0258705842	0.0065300508	0.0267846474	-0.0282710322	0.1007108614	0.0718070074	0.0368923626	0.1423454645	0.0423222068	-0.0144234111	-0.0170273067	0.0324660079	0.0263430869	0.0311697536	-0.0060139504	-0.0278553883	0.1206796035	-0.083815256	-0.0118576471	-0.1081547547	0.0368146218	-0.0083827105	-0.1159907642	0.0120071917	0.0135372132	-0.0202746565	0.0413475315	0.1507256078	0.0254724161	-0.269711486	-0.0458536865	0.0668751963	0.2073038981	-0.0392450916	0.0361156645	0.1009341107	-0.0077844703	0.1008218467	-0.009526312	-0.067897894	-0.0647170399	-0.0457898798	-0.1454798992	0.0219684801	-0.0923965177	-0.1748916247	-0.028072891	-0.0143325308	-0.031132693	-0.1660364508	-0.0756200807	-0.0369148411	0.0368012053	0.0342206575	-0.1922991837	-0.0386499043	-0.0937213298	0.09505817	0.1009217924	-0.003917595	-0.0406238284	-0.1602576168	0.0622004779	-0.0113541309	-0.0245532023	0.0612936603	-0.002340448	-0.0667120425	0.0830263356	-0.0257135272	-0.0886526497	-0.1496237029	0.0945887372	-0.0167039848	-0.0459883218	0.0044381443	0.0081912026	-0.2086115023	-0.0628062562	-0.1634485079	-0.1617022682	-0.0774345107	0.1030183186	0.0263796812	-0.0115849479	0.0693617253	-0.0074471443	0.0373391613	-0.01047316	0.1029369103	-0.0549136494	-0.0016094029	0.1098938456	0.0848412804	0.0472291519	0.00705739	-1.390999999999979e-05	1.9348809999999414e-10	4.98067536121e-05	0.0660526	0.0457262	0.00436294596676	0.00209088536644	4.09485e-05	0.0063223685	3.997234344979225e-05	1.6767796522500003e-09	-4.44388e-05	-6.96318e-05	4.84858757124e-09	1.9748069454399998e-09	-0.0	-8.251449999999998e-05	0.0	6.808642710249997e-09	-8.3096e-05	-3.3668800000000005e-05	1.1335880934400003e-09	6.904945216000001e-09	0.0	0.0	0.0	0.0	0.0
551.246268622253	-0.1494053736815885	0.0223219656849351	303872.44866995706	791.164378505752	6.581195667454722	43.3121364133248	625941.0738163928	517.2672396573898	0.1997882784017974	267565.3972227756	0.0399153561867541	529.0338670419206	557.4342013002856	1.135303	48.250282	0.0896421974	0.0637312	-0.1374463464	0.1291137981	-0.0450958985	-0.0459077951	0.0075458737	0.1148450933	0.0223002778	0.0897174012	-0.0024150217	-0.0161655886	-0.0563739966	0.0104793424	-0.1261004343	-0.1176167019	-0.0217012023	-0.0841094226	0.0067661597	0.0033805606	-0.0351131708	0.0743726568	-0.003010674	0.0222882046	0.0485467398	-0.1017899161	-0.0695591304	-0.0184400759	0.1472186819	0.1790408542	0.0191306132	0.0506815854	-0.0266590533	-0.0260732282	0.0180019943	-0.0396583124	-0.0634985641	-0.0107175573	-0.1517323978	-0.0752205633	-0.0710877273	-0.0171804278	-0.0779457855	0.081642784	-0.0924458139	-0.0710216869	0.0749426497	0.0608098382	0.1190120567	0.0108732067	-0.1201028266	0.0146224158	-0.0461711256	0.0873249091	-0.0568996448	-0.0208336353	-0.0283434367	0.0487384427	0.0073615976	0.0338803601	0.054951211	0.0145800734	0.0071178503	0.0308392368	0.0928233635	0.0309623208	-0.0647789042	-0.0168380369	0.1408464422	0.0867214444	-0.1709165677	-0.0442831419	0.0452961225	0.1068812234	-0.1472204486	0.1377749767	0.0380193114	-0.0544614564	0.1393911066	-0.0339724944	-0.0843087224	-0.0721136919	-0.2492430035	0.074132015	-0.0161650211	-0.1166868033	-0.0177981136	-0.0993403769	0.0137534029	0.1412401801	-0.0302910395	-0.1131664186	0.0068552324	0.0756416212	0.102153995	0.038171647	-0.0012705634	-0.0106410458	-0.0629493708	0.0414461092	-0.0639373615	0.0815787619	0.074657224	-0.0176733537	0.1348183929	0.0974892537	0.0477039601	0.0104046536	-0.0032328672	0.0914424805	-0.0123477194	0.103554181	-0.0087862456	0.0236555832	-0.1130876006	0.0577257851	0.0616903631	-0.0429162238	0.0139246907	0.0493988416	0.0521040487	-0.0738853864	-0.0881153783	-0.0704510133	-0.0026284682	0.0775899732	-0.035020275	-0.0842583791	-0.0222729232	0.1431943554	0.1252189564	-0.0132672946	0.0273852243	0.066128154	-0.2262396954	0.0272948228	0.0205338035	0.0245511926	-0.0665208374	-0.1239971642	0.0271997272	-0.0337231362	0.0213909841	-0.0244416988	0.0098902241	-0.1844920419	0.0418586023	-0.0980111694	-0.0962470063	0.0196769188	-0.1347709873	0.1540641483	-0.1220794789	0.0261942989	-0.0690870358	0.0627674971	0.0971646427	-0.1024014945	-0.0322098852	0.040190692	-0.0304706935	0.0227638091	-0.0429150775	-0.0872238242	0.1852364019	-0.0417676155	0.0990738863	0.0462772032	-0.1476521294	-0.0966425332	0.0146425147	-0.0207086101	0.0868606793	0.0033030319	0.0858312316	0.0228299882	0.0355690684	-0.0715557419	-0.0476686122	0.0866260341	-0.0558002964	0.0548713819	-0.0388398888	-0.1387867392	-0.07587324	0.039388057	0.0418622013	0.0729346073	0.0003761398	0.0793697464	-0.1427738246	-0.0333796359	0.0843401925	-0.0139396772	0.0402042239	-0.0539615528	0.0344232907	0.086579693	-0.0541241982	0.0083148835	0.083614232	0.0476114148	0.1088756826	0.081087548	0.039904206	0.00154383	-0.00551356	3.0399343873600007e-05	2.3834110689e-06	0.00377244	-0.06228016	1.42313035536e-05	0.0038788183296256	-0.0089963	-0.0090372485	8.167186045075227e-05	8.093341369000001e-05	0.000128363	0.0001728018	2.986046208324e-08	1.6477059769e-08	-0.0	0.0	0.0	0.0	3.26778e-07	8.342277800000001e-05	6.959359889237286e-09	1.0678386128400003e-13	0.0	0.0	0.0	0.0	0.0
550.4670938439821	-0.7791747782708853	0.6071133350934833	303014.02140503936	786.4353701443197	-4.729008361432307	22.36352008249667	618480.5914140331	516.417546821319	-0.849692836070858	266687.0826649492	0.7219779156701379	528.2261493341553	549.9825219035699	1.128865	47.976704	0.1028305639	0.069669	-0.0630173244	0.0276803504	-0.1810606852	0.068196915	0.0681304942	-0.0808210589	0.024103153	-0.0723362761	-0.0591456768	0.0761788999	-0.0645712537	-0.1025316623	-0.0289529825	0.0258616325	-0.0028350463	0.0527779039	-0.0071684811	-0.0719752264	-0.0423917911	0.0458587658	-0.0011483607	-0.0185401654	0.0604363631	0.0860487458	0.055151302	-0.0631005901	0.1624232122	0.0645581943	-0.086487483	-0.0545359747	0.1422871096	0.0368827885	-0.0640428823	-0.0214906069	-0.003052179	-0.037772784	-0.0232191643	0.0936379417	-0.0626445021	-0.1573728435	-0.1323520728	-0.0227885052	0.0063235542	0.1123253777	-0.07975439	0.0673911337	0.0839564051	-0.0567515606	0.0285702406	0.0724004571	0.0897590003	-0.004012255	-0.0094035348	0.0456365656	0.0817918837	-0.0739724941	0.0364405201	0.165167915	-0.0742714975	-0.0462996803	0.0039110952	-0.1431990165	0.0171186604	0.0079817424	0.0713611397	-0.2179999488	0.0664324507	0.0535808312	-0.0611583524	0.1155738698	-0.0197971769	-0.12125601	0.0369009958	0.0474741869	-0.0705313923	0.0726142767	0.0429697177	0.0419934171	-0.1912579036	0.0702306605	-0.0458318641	-0.0202581818	0.0129828479	0.1218601678	-0.0606599908	-0.0926627889	-0.0785083421	-0.0180593976	-0.0892844589	-0.0575550555	-0.0624708802	0.113300422	0.1160827411	-0.0585025653	-0.0035155754	0.1867936331	-0.0440712284	0.0472955546	-0.0101497768	-0.0561859542	0.0251696637	0.0010109571	-0.105265437	-0.0067759895	0.0108630404	-0.0440037203	-0.1118199225	-0.1165482444	0.1190485102	-0.000964502	-0.0582711447	0.0568768013	-0.0340453669	-0.0751168324	-0.076402759	0.0540529786	0.0758431118	-0.022694892	-0.0111177636	0.0834429239	0.0264233822	-0.090919231	-0.0077126595	-0.0682999565	-0.1193956102	-0.1243662253	-0.0606302724	0.0208706103	-0.0686863357	0.1729559799	0.1460155809	0.1040172229	0.0051003759	-0.0246093248	0.0508303765	-0.0275198039	-0.0145257374	-0.0369078353	-0.059286829	0.0274057698	0.0696983974	0.1378474127	-0.0553946988	-0.07464323	0.084985067	-0.1155724834	-0.1214423694	-0.1115237229	0.116004325	-0.0006145465	-0.0895287894	0.0182067975	0.1515348498	0.0255606889	0.0839885626	-0.0860460711	0.0407299603	0.0653212971	-0.0463024896	0.0103062567	0.0655189861	-0.1687523306	-0.0891406605	-0.0027772826	-0.0702482114	-0.0866079347	0.0696385557	-0.0148946182	0.0544637329	-0.1230969224	-0.0447755739	0.0220178171	-0.0523158933	-0.1777025777	0.0223368986	0.1141899545	0.0904439489	0.0207879098	0.0228635444	0.0442207972	0.1301188636	0.0297959138	-0.1069152767	-0.0573166774	-0.0320347959	-0.140881904	-0.0514893546	0.0374965051	-0.1108247202	0.0141187231	0.0556526345	-0.0625924513	-0.0685912271	0.0009393942	0.1085479876	0.0469019817	-0.0517732111	0.0815639918	0.0687794897	0.0626200219	0.1078042307	0.077175083	0.0324035386	-0.00237243	-0.0039162599999999	1.5337092387599997e-05	5.6284241049e-06	0.0699978	0.06622536	0.00489969200484	0.0043857983071295	-0.00905444	-5.813999999999993e-05	3.3802595999999917e-09	8.198288371360001e-05	-0.000274697	-0.00040306	1.624573636e-07	7.545844180900001e-08	-0.000215624	-0.000215624	4.6493709376000006e-08	4.6493709376000006e-08	-3.36053e-05	-3.3932078e-05	1.151385917398084e-09	1.12931618809e-09	0.0	0.0	0.0	0.0	0.0
551.268737460181	0.8016436161989304	0.6426324873924981	303897.220900942	786.8782799731084	0.4429098287887427	0.1961691164376734	619177.4274934375	516.7683336019257	0.3507867806067679	267049.5106137112	0.1230513654484607	528.4356003151532	551.6035305120255	1.128125	47.94524	0.1027138223	0.0710132	-0.1060801152	-0.1291222638	-0.087261316	-0.0661865275	0.0418918638	0.1413803024	0.0633738642	-0.0055334509	-0.0392462874	-0.0807234424	0.0560400683	-0.0604125391	0.1062403364	-0.2106056419	-0.0537607149	0.0137146254	-0.0062661198	0.0397046904	-0.1004903131	-0.0597933297	0.0973201839	-0.0509966314	-0.019629094	0.0252499625	0.1010522476	-0.0670006836	-0.066945414	0.0735760747	-0.002363944	-0.0220880211	0.0647409319	-0.0042500815	-0.0584923239	0.0229958354	-0.082094495	-0.1222044314	0.0520381059	-0.0303090616	-0.0097786242	0.1196153399	-0.0318699236	-0.1444063541	0.0442587918	-0.0342278937	0.096528714	0.0197491519	0.0358097846	-0.0557135645	0.1391221232	-0.0176650795	-0.0038835375	0.1341635054	-0.0450737386	0.0066756585	-0.0617719106	-0.0270136018	-0.1600485496	0.1642626564	0.0571186552	-0.0468745165	0.0074403624	-0.0481018263	-0.0339800317	-0.0409557615	0.0121944776	-0.0405474071	-0.0550622011	0.1009161063	-0.0581282328	-0.1239456784	-0.0345496177	0.0096554377	0.0626441886	-0.0516182262	0.003620246	-0.1111006815	0.0548698563	-0.0125158744	-0.0039672194	-0.0417587988	0.000490496	-0.1119194657	-0.1495253841	0.0232410651	0.0678247622	-0.1205657215	0.1804133876	0.0666512598	-0.0289971655	-0.0163218418	-0.0118820595	-0.0906776912	0.1098128903	0.0938585547	0.201884506	0.0856953206	-0.0089108809	0.0093802871	0.0092077937	0.116432515	-0.0836193436	0.0138260983	-0.0063026894	-0.0110025914	0.0640990838	-0.1059481397	-0.0094509602	0.0189663156	-0.0409293978	0.195559664	0.0572100378	0.1345598003	0.0850335434	-0.0894932539	0.1343700498	-0.0286421951	0.1151542315	0.0602457521	0.0886861859	-0.0125867595	0.0861946684	-0.1314145136	-0.0235416701	0.0237595209	0.0022995413	0.0740422289	-0.078831679	0.0462006471	-0.021632957	-0.0056577114	0.0945302521	0.0056255339	-0.1445353543	0.1278101217	0.0296036855	-0.0161549373	0.0403841646	0.0761130493	0.1054688568	0.0705660769	-0.087425562	0.0949916559	-0.0608895602	-0.0118313921	0.1030095085	0.1082344078	-0.051127681	0.0232520086	0.0753878455	0.0530769326	-0.1560691563	0.0313403264	0.0394025146	-0.1686119971	-0.0798869908	0.0489400027	0.1127572282	-0.045324808	0.1204660999	-0.0616567677	0.032245829	0.0429589008	0.0397280443	-0.0001332525	-0.0266536068	-0.1137040076	-0.2186613424	-0.082329892	-0.0701846691	-0.0460574042	-0.0536322347	-0.0961490829	0.0287452833	0.0936766084	0.002135126	0.1274333251	-0.0111742611	0.0665741221	0.1246926138	-0.1167706985	-0.0201596208	-0.0980822106	-0.0472244483	-0.0185222638	0.052384274	0.0995746279	0.0194956852	-0.0665951004	-0.0983391277	0.0596670515	-0.0289178915	-0.0720895454	-0.0791254024	0.045575417	0.0742748041	-0.0667610812	-0.0443382021	-0.0140320613	-0.0476164609	-0.1667072844	0.1066800145	0.073111544	0.0247601796	-0.00206374	0.0003086899999999	9.528951609999996e-08	4.259022787600001e-06	0.000841081	-0.069156719	7.074172485610001e-07	0.0047826517828449	4.09483e-05	0.0090953883	8.272608832777689e-05	1.67676327289e-09	-4.44388e-05	0.0002302582	5.3018838667240014e-08	1.9748069454399998e-09	-0.0	0.000215624	0.0	4.6493709376000006e-08	-7.07836e-05	-3.71783e-05	1.38222599089e-09	5.0103180289600005e-09	0.0	0.0	0.0	0.0	0.0
551.6849991810338	0.4162617208528445	0.1732738202473714	304356.3383213773	784.3979516131773	-2.48032835993115	6.152028773078747	615280.1464949484	517.2237634342947	0.4554298323689636	267520.42146113527	0.2074163322116223	528.7976650673725	556.4764683149901	1.121663	47.670601	0.1095880212	0.0768688	-0.1629214639	-0.0212469727	0.018735373	0.0927976579	0.0308500493	-0.0995466078	0.0975502527	-0.0726428852	-0.0522041056	-0.0525840265	0.1258913795	0.1014404834	0.0469180504	-0.002445757	-0.0835068797	-0.0383255438	0.0415385597	-0.0817861371	-0.0608761371	-0.0385489602	-0.0022625527	0.1084310392	0.0292739705	0.1184860732	0.0155685875	0.109118049	0.0264131431	-0.0923609418	-0.2378962421	0.0009664687	-0.0694459159	-0.0208897326	-0.0076222125	-0.0468149856	0.0889416496	-0.0748619722	-0.012792216	0.0471652933	-0.12559751	0.0043576958	-0.00399157	-0.090595892	-0.0786161904	-0.0761818211	0.0892344359	-0.1003344963	-0.0576666534	0.142186341	-0.0499504705	-0.1348264232	0.0372702529	0.1089243373	0.0725754399	0.0944803772	0.0595033972	0.1267339505	-0.0089478759	0.1683714543	-0.0341298214	0.150378892	-0.1800995283	0.0535695003	-0.0037655259	0.0097346944	0.1569065093	0.0347488644	0.0317964209	-0.0114981651	-0.0471703246	0.0186343329	0.118418483	-0.0319108877	-0.0758952825	-0.148374408	-0.0089116911	0.012335201	0.0778996219	0.0092914208	-0.0897555705	0.0676720724	0.0629049134	-0.0573199959	-0.0900862726	-0.2075624185	0.0313474142	0.0381282454	0.024097861	0.0918583054	0.2412329987	-0.124955907	-0.0014724907	-0.0176377376	-0.0419894362	0.0178014555	0.0036114049	-0.0626696945	-0.02968188	0.0748047782	-0.2148060092	0.0344266911	-0.0036027684	-0.0656642753	-0.0323472962	-0.0635412051	0.1507447427	-0.0750986058	-0.1064001464	0.0933802852	0.1064612763	-0.0821407326	-0.0188632545	0.1372117284	0.038462275	0.1135883707	0.0516061752	0.0266899097	0.1411116936	-0.0507007628	-0.079372994	-0.0310433337	0.0285694205	-0.0651617121	0.2319591244	-0.1382180738	0.16166481	-0.07194687	-0.0877632155	-0.0337561953	-0.1034551403	-0.0510733402	-0.0562235313	0.1201120454	-0.0100784558	0.0245691289	-0.068764974	0.021204226	0.0972667984	-0.1250606031	0.0635331536	-0.0233069233	0.0884455041	0.0524252515	0.067645139	0.0482602907	0.062674067	0.089331363	0.0116881716	0.1580575284	-0.008754433	0.1876531112	-0.0530609333	0.046666951	-0.1091099333	0.0851040547	0.0951408757	0.1613028219	-0.0952609608	-0.0441297109	0.0612855577	-0.0051726473	0.0442001648	0.0094268675	0.1523435642	-0.089257312	-0.0778158993	0.0137252094	0.0391368664	-0.1553396273	0.0721309609	-0.1081284713	-0.1024935397	0.1192559496	-0.0671645018	0.0627443094	-0.0426999411	0.0839550905	0.1185007825	0.0153499048	-0.0746884557	-0.0790516781	-0.0095379099	0.0213110045	-0.095335544	0.0259433705	-0.1298528177	-0.1303266184	-0.0869436207	-0.2064691788	-0.005000109	-0.0030483015	-0.0966450216	-0.0399186013	0.0438955449	0.0175133891	0.0441859821	-0.0381098753	-0.1247555414	0.0705432077	-0.1157800668	-0.1344039135	0.1055035841	0.0689048858	0.0170077871	0.00705839	0.00912213	8.321325573690002e-05	4.9820869392100006e-05	0.0755363	0.074695219	0.00570573261769	0.0055793757414579	5.60325e-05	1.50842e-05	2.2753308964e-10	3.13964105625e-09	-0.000347999	-0.0003035602	9.214879502404e-08	1.21103304001e-07	-0.000138952	-0.000138952	1.9307658304e-08	1.9307658304e-08	1.81596e-06	7.259956e-05	5.2706961121936e-09	3.2977107216000002e-12	0.0	0.0	0.0	0.0	0.0
551.80267916399	0.1176799829561332	0.0138485783885558	304486.19673255726	789.7784657766448	5.380514163467524	28.949932663274627	623750.0250045109	517.7666103878513	0.542846953556591	268082.262832525	0.2946828149856716	529.3440577969352	526.1331819896953	1.364394	57.986652	0.0952652969	0.0779331	0.016439703	0.1062849954	0.010845364	-0.148916964	0.0047439437	0.1444919178	0.1315790603	-0.1335773209	0.1985298802	-0.0436983683	-0.1021530638	-0.0178608159	-0.1009995987	-0.1438696115	-0.1496035327	-0.0868821199	-0.007673819	0.0408842695	-0.2079685398	-0.008287611	0.0537137702	0.1816747452	-0.084514665	-0.0995325704	0.0365160264	0.084974331	0.0259079038	-0.1314200352	0.0531050796	0.0043908366	0.0473617957	0.0920427886	-0.0419704126	-0.1628156318	-0.0369716396	-0.0845392668	0.0850535054	0.0104536308	-0.0668157266	0.0188677513	-0.0510843313	0.1099674748	-0.0164939411	0.1199185554	0.0572062047	0.0678861052	-0.1120400335	0.0330249312	-0.1100753282	0.066497332	0.011101926	0.2086115467	-0.017345401	0.1408365431	-0.0498896015	0.0643613184	-0.1505351169	0.0494434753	0.0922724884	0.0607859672	-0.0072697085	0.0546262395	-0.1220668014	-0.0611931821	0.0761581089	0.0134744744	-0.0712404895	0.0118715435	-0.0180303158	0.0613773435	0.0137572113	0.0633669094	-0.0059499239	0.1482421707	0.2025662092	-0.1345618875	0.0012020841	-0.0320950332	-0.0121816983	-0.070492641	0.0807108194	-0.0927527933	-0.0812278558	0.0783263866	-0.1122896392	-0.1236539091	-0.0096826031	-0.0446305041	0.0488238895	0.1302317267	-0.1259864424	-0.0329468157	0.0717405993	-0.1127573876	0.0034897121	0.0835632244	0.008925141	0.1627827367	0.0460348394	-0.0888682217	0.1826423558	0.0051606996	0.0382782783	-0.0015440441	-0.0409594124	0.0246544569	-0.0073733984	-0.0713764443	0.1433558546	-0.0853187409	0.0052152128	-0.0482359408	-0.1492361006	0.0122260347	0.1454018749	0.012491634	0.2107854698	-0.0023932955	0.0108518448	-0.0261587733	0.0033745468	0.0178047957	0.0363561045	0.0487562868	0.1670954985	0.1592368284	-0.0908232151	-0.0208506609	-0.0363653729	-0.021224619	0.0749306159	-0.0588583417	-0.1420035452	0.0513036194	0.0906851304	0.0684975168	-0.1448639337	0.0990068051	0.16571936	-0.0922350078	0.0066308863	-0.0272435777	-0.0170762782	-0.0559829564	0.0584288973	-0.0352943735	-0.0498696573	0.0586190941	0.1481971197	0.0178681222	-0.0008372377	-0.0221564789	0.1890390996	-0.0458692173	0.0361246734	0.0810539058	0.0635615495	-0.0438812561	-0.0982635466	0.0473854146	0.0064995373	-0.069608082	-0.0731478779	-0.1196831566	0.0687312504	0.1560275067	0.197606028	-0.0701433879	0.1223841553	0.0968362359	0.027701833	0.0361610823	-0.1262847302	-0.0786943018	-0.1226214065	-0.0087464755	-0.0686539321	0.0918967149	-0.0466303103	0.059793953	0.015874118	-0.117623266	-0.0180285594	-0.0078101282	0.1861356633	0.0352197776	-0.0503340612	-0.0469577084	0.0607033145	-0.0016139318	-0.0474284261	0.0559566874	0.0630151705	0.003525735	0.0412075496	0.0189544	-0.1585403086	-0.0633377607	0.0200841285	-0.2928262798	0.1042755153	0.0645633431	0.0091804995	0.00708068	2.2289999999999463e-05	4.968440999999761e-10	5.01360292624e-05	-0.00127165	-0.07680795	1.6170937225000002e-06	0.0058994611832025	3.91986e-05	-1.68339e-05	2.8338018921000005e-10	1.53653024196e-09	-4.44388e-05	0.0003035602	9.214879502404e-08	1.9748069454399998e-09	-0.000130996	7.95599999999999e-06	1.7159952016e-08	6.329793599999983e-11	-5.50323e-05	-5.684826e-05	3.2317246650275998e-09	3.0285540432899997e-09	0.0	0.0	0.0	0.0	0.0
551.6024067295394	-0.2002724344505395	0.0401090480007456	304265.21510982024	783.8835314946682	-5.894934281976589	34.75025018882284	614473.3909485525	517.1249469456195	-0.6416634422317884	267418.2107535098	0.4117319730967476	528.6579117141762	554.9711854683655	1.393488	59.223133	0.1167783136	0.0830338999999999	-0.059111713	-0.0216784128	-0.1618686181	0.1756352308	-0.0730092819	-0.0392881021	0.1159658946	-0.0075617549	-0.0139707258	-0.0062654767	-0.0570583321	-0.104400069	0.0435899473	0.0651102037	-0.0388040724	-0.0748349388	-0.0284404472	-0.1942907313	-0.0118779243	0.0773265352	-0.0281737095	0.0129726746	-0.0084309954	0.0021168586	0.0472354581	0.0746915909	-0.0410668408	0.1244002131	0.0546262953	-0.137612223	-0.0669426037	0.0586199544	0.0366765157	0.096547794	0.0403954981	2.19878e-05	0.0877061632	-0.0728761284	-0.180389693	0.0407154809	-0.0740367173	0.029070405	0.0248906951	0.0395590073	0.2056900638	-0.0742571984	0.0949012513	0.0553808927	0.0542120924	0.089129268	0.0972850055	0.0945954706	-0.033990764	0.0589748561	0.1420961816	-0.0060149562	0.1765355478	-0.023615288	0.1506864982	-0.0664737101	-0.207086604	-0.0601272599	0.0391295335	0.0209547323	-0.111249823	0.0387804765	0.0038732382	-0.0713049249	0.1697700027	-0.1192463932	0.1165494739	-0.0988449606	0.1225736256	0.0314778614	0.065620183	0.0092153777	0.1494609322	-0.0035426955	0.0683031009	0.0260306383	-0.0853942251	-0.1551242582	-0.0924076507	0.0251498521	-0.0135894504	0.1137619187	-0.0082547267	-0.0139796646	0.0055860471	0.0585623831	0.0174959737	-0.0316984302	0.1247765122	-0.0712127308	0.0778841484	-0.0600322632	0.091822409	0.0725252389	-0.0205843513	-0.037069674	0.1174344018	-0.0749306594	-0.0035024053	-0.0192721195	-0.0321133153	0.0195538521	-0.1357260496	-0.0537272246	-0.126435902	0.1284898954	0.0438737317	-0.0755653537	-0.0047940749	-0.0910670027	-0.0377834364	0.1656670334	0.1261532974	-0.0314743385	-0.0724702465	-0.0342179358	-0.1966697898	-0.0840509794	-0.1678211783	-0.1743349225	0.0283751775	-0.0776989134	0.0285871235	-0.0421021418	0.0418026849	-0.0679956232	-0.1076306963	-0.0427271815	0.1159180287	0.0967800995	-0.0647725998	-0.1363406679	-0.0713465014	0.0056284861	0.0501698398	-0.0221217239	-0.0616144488	-0.1117027816	0.0268819246	0.0730274779	0.1842806906	-0.0489709237	-0.1041792898	0.0477357224	0.0330344662	-0.0071869084	-0.0409826475	0.0623280818	-0.0188746657	-0.1318399864	-0.0583056027	0.0082182066	0.0518010019	0.0331550905	0.0200492861	0.0234636507	0.0343281397	0.0238055467	0.0361733203	-0.2364272602	-0.019511269	0.0275760258	-0.0071770911	-0.009231965	-0.0484984408	-0.0254384666	0.1191277754	-0.1063076575	0.1392252766	0.0065937376	0.0706615926	0.1486943276	0.1086349527	-0.002788235	0.0474814193	-0.0040834689	0.1697922335	0.0166175392	-0.1435921966	0.0531797406	-0.0895798493	0.0453815601	-0.0548336755	-0.0131390649	-0.0599092688	-0.0219566129	0.1124074044	0.021961247	0.0723730863	-0.1377241725	0.0388498457	0.1134807833	0.0440908583	0.0010418211	-0.1179755078	0.042005322	0.1029964092	0.0600954145	0.0013127847	0.00704362	-3.706000000000022e-05	1.373443600000016e-09	4.96125827044e-05	0.0800121	0.08128375	0.00640193614641	0.0066070480140625	-0.00933616	-0.0093753586	8.789734887859396e-05	8.71638835456e-05	-0.000375304	-0.0003308652	1.0947178057104003e-07	1.4085309241600002e-07	-0.0	0.000130996	0.0	1.7159952016e-08	-0.000114814	-5.97817e-05	3.57385165489e-09	1.3182254596e-08	0.0	0.0	0.0	0.0	0.0
551.2548724876117	-0.3475342419277467	0.1207800493122936	303881.93444133305	784.2620945572264	0.3785630625582143	0.1433099923334545	615067.032959288	517.2738187083568	0.148871762737258	267572.20352112595	0.0221628017404984	528.8344046766853	550.4113545029217	1.160647	49.327408	0.09447736	0.0701231	-0.1295305537	-0.1051184067	0.0011732908	-0.091647695	0.1418504261	0.0171259462	0.013366604	0.0121974653	0.0492110323	0.0210112366	-0.0404969359	0.0505612806	0.1205735307	-0.1090457994	0.0024002166	0.0618891871	0.0479814001	0.0109028822	-0.0857759448	0.1271961438	-0.0628306533	-0.0147664384	0.0253321203	-0.01528089	0.1013120542	-0.0260409442	0.0283403614	0.0104034775	0.0466681066	-0.0456444355	0.1658140951	0.1605261617	-0.0602327948	0.0133503615	0.0394762991	0.1704857309	0.0539712975	0.0509237129	-0.0790029175	-0.0760458635	-0.0900448961	0.1152140611	-0.0067436184	0.1279798497	0.041294408	0.1283132013	0.0128517849	-0.1168730348	0.0513008608	-0.0821164847	-0.0357266813	0.1466853976	-0.047778356	0.0455633339	0.0080370908	-0.0709518436	0.0461828171	-0.0116567868	0.1001058363	0.1041518934	0.1197779854	0.1285712218	0.0687091766	0.0869432797	-0.0428849073	0.0411596208	0.0571765374	-0.0012790239	0.1602726925	0.0228714037	-0.0809231252	-0.0532350922	0.0301429409	-0.0480723575	0.095539622	0.0019859384	-0.0219577708	0.011475749	0.0232626621	0.0597348492	0.0423300099	0.0420197281	0.0034543905	0.0255264362	-0.0906599537	0.0217120613	0.2120705371	-0.0071681444	0.0794827714	-0.0509254322	0.0587679572	0.1671078739	-0.0036782893	-0.1810870545	-0.0106013041	-0.0219169398	-0.0071425333	-0.0941676712	-0.1313546711	0.1757650663	-0.0840686741	-0.0826439657	-0.0480097536	0.1027252492	-0.0986508822	0.1653093471	-0.0989739668	0.0035453686	0.0593232055	-0.025047701	0.0978420716	-0.0493673448	0.1015156332	0.0244258177	0.1086084604	0.0097249801	0.0682289513	0.0593819728	0.0588778367	0.0909364014	-0.1370138611	-0.0651593899	0.0181327406	0.1121805258	0.0740072983	-0.0065996164	0.0223475809	0.0499056171	0.0134404324	-0.0170773768	-0.1570243166	-0.0596395926	0.1509506325	-0.116449409	0.0284721538	-0.0431988832	-0.0196985889	0.0905886256	0.0718603819	-0.0351084186	0.0528260772	-0.0541142878	-0.0329362398	0.0584735257	-0.0158288399	0.0077183242	-0.0144019085	0.1193819521	0.1145818945	0.0404663985	-0.090474464	-0.2215484221	-0.0120275102	0.0029824072	0.0950313111	-0.0308051756	-0.11766472	0.0298133026	-0.139661005	0.0440734534	0.1361427262	-0.0023350277	0.1325360991	0.0122709336	-0.1082561759	-0.1055797239	0.0692763917	0.0264146866	0.0619570711	0.0920373961	0.1585683876	-0.1018141624	-0.0240502708	0.0476459706	-0.034205135	-0.1476495069	-0.0202610589	0.0645982688	0.0308162233	-0.1625170556	-0.0323690685	-0.1036911765	-0.0084962385	0.0829527738	0.0814792916	-0.0464901237	0.0140101435	0.101165793	-0.0537491236	0.010666519	0.0004547968	0.0585993671	0.0144606386	0.0330813348	0.0030022551	0.0810891381	-0.0334741194	-0.0953235788	-0.0574246632	0.0200912946	0.1016668918	0.0555098464	-0.006560711	0.00231296	-0.0047306599999999	2.2379144035599996e-05	5.349783961600001e-06	0.0119043	-0.0681078	0.00014171235849	0.0046386724208399	-0.00741885	0.0019173099999999	3.676077636099997e-06	5.50393353225e-05	-1.52962e-05	0.0003600078	1.2960561606084e-07	2.3397373444000003e-10	-0.0	0.0	0.0	0.0	-0.000149238	-3.4423999999999994e-05	1.1850117759999995e-09	2.2271980644e-08	0.0	0.0	0.0	0.0	0.0
551.0905172434395	-0.1643552441721567	0.0270126462868892	303700.75819564174	786.1938719410913	1.931777383864869	3.731763860811798	618100.804277725	517.1604753587721	-0.1133433495846247	267454.9572733112	0.0128467148950624	528.6984529758029	559.4549596492739	1.161188	49.350399	0.0953366440999999	0.068063	-0.1314160927	0.1018338898	0.0209264394	0.0984038258	-0.0863505186	-0.024047767	0.0482175168	-0.0405371046	-0.1360542735	0.0255662285	0.0027711213	0.093482462	-0.0805836973	0.0383261084	-0.0045144137	-0.0912646193	0.051722605	-0.1486676193	0.0571042256	-0.0151032574	0.0859720048	-0.0381830561	0.0430243456	0.1141950224	0.1942123944	0.0182112344	0.0151200576	-0.0529173241	0.0907981251	0.0084427489	0.0235845516	0.1088731291	0.0719518589	0.1245970615	-0.1330531471	0.0444093818	0.0518456291	0.217930047	-0.0695491366	-0.02685366	-0.0590449332	0.0608527191	-0.0788691901	-0.1237167642	0.0202425986	0.0804555282	-0.0068132793	-0.0309055174	-0.1208176224	-0.0512223394	0.1851171402	-0.0534995923	0.0078545085	0.1047752537	0.08717081	-0.0105067456	-0.1490223526	0.1099502536	-0.020488901	0.0195412746	0.013420134	-0.0166026299	-0.0405493021	0.0248785717	-0.0953354465	0.0584796713	0.0790174392	-0.0828303872	-0.0248452572	-0.0466167397	-0.0335310308	-0.0739130603	-0.0365477053	-0.0119921538	0.0523819208	0.1289132263	-0.1883163032	0.0920066985	0.1533607168	-0.0931552188	-0.1113381949	-0.1364908718	0.1277425237	0.1290147124	-0.0798607882	0.0543933195	-0.0687257745	0.0288555656	-0.1104091334	0.0076213417	0.1795642578	0.1146023513	0.0254277953	0.095315415	0.1573991269	0.1971907957	0.0743709549	0.0473760792	-0.114651667	0.0722409067	-0.1162015232	0.0447209826	0.0924579899	-0.0001638969	0.077042488	0.1404012229	0.0404918178	0.0576774768	-0.0553961256	-0.016270668	-0.0691720005	0.0196486008	-0.054549415	0.1306467042	-0.1106750571	0.0243187562	0.1539488459	-0.0971273795	-0.0564240226	0.0313496323	0.1635026083	-0.1100787861	-0.0019577598	0.0321555991	-0.0188702425	-0.0140274033	-0.0303533795	-0.0446756662	0.1057848844	-0.0345138786	-0.0623178143	0.0604652245	0.0030480511	-0.0518045056	0.0469462068	0.0105276628	0.0419876471	-0.0068108906	0.1287789554	0.0764553228	0.0159525681	-0.0759304201	-0.2088747916	0.0501326272	-0.0556351146	-0.1634609258	-0.1139940682	0.0682776305	0.0594768502	-0.1666562818	0.1384907277	0.0557176617	-0.0471268706	-0.1235958451	0.0827426005	-0.201429213	0.0091787111	0.0168273335	0.0543277673	-0.1730829368	0.164657915	-0.0684011954	-0.078699239	0.1484951472	0.039440318	-0.0040499768	-0.0778450295	0.0092159283	0.0352542595	0.0441170076	0.024929599	-0.0125965895	0.1995769805	0.0216819799	-0.0346457301	0.0038376743	0.1098885498	0.0175676709	-0.1446433052	0.007763768	-0.0014488194	0.0298243946	-0.1286195355	-0.0286738724	-0.0392731353	0.046705306	-0.0985617633	-0.0754478456	-0.0144837263	0.128805339	-0.001281027	-0.0610333064	-0.1271548705	-0.0378860591	0.0084923791	0.0163508105	0.0242781316	0.0330388652	-0.0916162632	0.0419263482	0.100287614	0.0508156151	-0.0144053161	0.00706166	0.0047487	2.255015169e-05	4.98670419556e-05	0.0772561999999999	0.0653518999999999	0.0059685204384399	0.0042708708336099	8.41541e-05	0.0075030041	5.6295070524616815e-05	7.08191254681e-09	-0.0003671	-0.0003518038	1.2376591369444e-07	1.3476241e-07	-0.0	0.0	0.0	0.0	-0.000152095	-2.857000000000017e-06	8.162449000000096e-12	2.3132889025000006e-08	0.0	0.0	0.0	0.0	0.0
550.6099783478954	-0.4805388955441003	0.2309176301307438	303171.3482562699	787.4448647030762	1.2509927619848895	1.5649828905385823	620069.414947246	516.6241118847291	-0.5363634740430143	266900.4729806851	0.2876857762874913	528.3055216154046	554.1843787960205	1.163172	49.434723	0.0784379040999999	0.0590663	-0.0249082909	0.0652980701	-0.1586797264	-0.1001212835	0.1382847759	-0.0069546288	-0.0535504665	0.0561877481	-0.0774371114	0.0575167047	0.1699134972	-0.1160145424	-0.0810667553	-0.0717542671	0.0530097822	0.1657730815	0.1486407027	-0.0119137832	-0.087422767	-0.014826206	0.0336625687	-0.0810909365	-0.0137775806	-0.0456066375	-0.0014274586	0.1156652367	-0.0434929273	-0.0455593277	-0.0627026425	-0.0275097077	0.0011265731	0.0425908642	0.092517568	-0.0239661023	-0.0587255894	0.0166515532	-0.0265308733	-0.0152313054	-0.0698420619	0.0137802295	0.0481761838	-0.0897500555	-0.0774124032	-0.1383994683	-0.0604587032	-0.0071782987	-0.0336474188	0.0369523436	0.0248980646	0.1375805531	0.1054288722	0.097078849	-0.0135431824	-0.0271621883	-0.1304000027	-0.1358672746	0.0022483399	-0.0690548788	-0.2159489666	-0.0019483054	0.1297192841	-0.0282755977	-0.0952682854	0.1415191022	-0.009358521	-0.0198671329	-0.0418162899	-0.0799401656	0.1100113261	-0.1494592901	0.0451496601	-0.0521663366	-0.006912445	-0.0697869979	-0.0898997115	0.0119860932	-0.1671734634	-0.1373384274	-0.0395296881	0.0230129582	-0.0094821443	0.0672780642	-0.0721020337	0.0474285193	0.1074751359	-0.0898374864	0.0372945863	-0.0009560656	-0.0434733705	0.0370274654	-0.1371173342	-0.0859786588	0.0760793278	0.1101628031	0.0296990266	0.0108374552	0.0685349907	-0.1473652423	-0.0323937412	-0.0366958014	0.0284188592	-0.0120696157	0.0443023442	0.0062450442	0.0194265458	-0.054619166	-0.0101744402	0.1185338143	-0.0110910467	-0.0993753894	-0.0194871569	-0.0075134473	-0.0767258956	-0.1216464224	-0.0281774839	-0.0393598243	0.0856814483	0.1531429782	0.0791586345	0.1329993663	0.0057656563	0.1108747751	0.0723819497	0.1054187665	-0.1223990579	-0.0166651664	-0.0156383652	-0.1289780916	0.0182034878	0.0533490801	0.0305793324	-0.0597568107	0.2082899963	0.0677318937	-0.0553200777	0.0168153364	0.0498386583	-0.0414583161	-0.0089936968	0.0570442361	-0.1081541811	0.0091834412	-0.1086211524	-0.1440516705	-0.1490909878	0.0769429818	-0.0283209335	-0.1467112836	-0.0180471801	-0.0007637727	-0.0975252817	0.0527176319	0.0009842239	-0.1131503692	-0.1298141046	0.0572443749	-0.0478667975	0.0205537753	0.1246611152	-0.0404855402	-0.0026885273	0.0059926972	-0.0865142195	-0.0331895086	-0.0229104132	0.0956215258	-0.0099305381	-0.0185239449	-0.0379336954	-0.0147587035	0.0261667389	0.124623817	0.0865211242	0.0603917582	-0.0453138305	-0.152085406	-0.0389859316	0.0792958848	0.0574970071	0.0930375843	0.0532577908	-0.1070148085	-0.0203763142	0.0333081779	0.0418857127	-0.0778693226	0.0554455325	0.0281732737	-0.1163227969	0.0628534626	-0.1452966299	0.0026344818	-0.002620251	0.0458410582	-0.0311446964	-0.0732256938	-0.0005888652	0.0083422033	0.0279647348	0.0241733854	0.0988592507	0.0460219099	-0.0221864862	-0.00324515	-0.01030681	0.0001062303323761	1.05309985225e-05	0.0198208	-0.0574353999999999	0.0003928641126399	0.0032988251731599	-0.00919694	-0.0092810941	8.613870769305484e-05	8.458370536360001e-05	-0.000350957	1.6142999999999984e-05	2.6059644899999945e-10	1.23170815849e-07	-0.0	0.0	0.0	0.0	-0.000139946	1.2149000000000009e-05	1.4759820100000018e-10	1.9584882916000003e-08	0.0	0.0	0.0	0.0	0.0
550.5333339265529	-0.0766444213425074	0.0058743673229278	303086.95176428545	783.5176087191979	-3.92725598387824	15.423339562907442	613899.8431730502	516.2392818933253	-0.3848299914038762	266502.99616973614	0.1480941222839074	527.9296114260121	551.7228218470943	1.154463	49.06461	0.11503067	0.0747983	-0.0799075307	-0.10502858	-0.0649015865	-0.0415042348	-0.1689261797	0.0818358906	-0.0320407768	-0.0238258914	-0.0304429889	0.0305333816	0.0716473483	-0.0150518681	0.1106844157	-0.0078963967	0.0793089955	-0.1675820063	0.0239213101	0.0066505573	-0.0735981276	-0.002897236	0.2058941086	-0.117244854	0.0041920902	0.1096330994	0.0520312748	0.0316771138	-0.087109148	-0.0740781961	-0.1349623124	-0.0438040213	-0.012962107	0.0381791833	0.1443427969	0.0240392752	-0.0175926045	0.0164605281	-0.0675610101	-0.1127548426	-0.0584224514	-0.1184433459	0.1477145762	-0.1172789547	-0.0300446285	0.0537773566	-0.0389487524	0.116775936	0.0553478321	-0.0453076687	0.1331629479	-0.0512671244	0.103243716	-0.1112887918	0.0385747162	0.0784795781	-0.0117064572	0.2035676356	-0.0875280143	0.0241808574	0.0040930172	-0.0869040749	-0.051997083	0.075021288	-0.175876048	0.0826060834	0.0953840985	-0.0479701837	0.0163554317	-0.0336116068	-0.0397328594	-0.0665821005	-0.0827146061	0.0991683473	0.0684714974	0.0691089896	-0.0478150377	0.0061808169	0.0983561772	-0.1556780075	0.0731643984	-0.0566683549	-0.1658090015	0.1348545399	0.177802907	-0.0225524881	-0.1934291942	0.1115591693	0.0657834331	0.0043722872	0.0037133091	0.0911020844	0.0127286521	-0.063272704	-0.1598846907	0.1077832854	0.1466402017	-0.0043021721	-0.0576439956	-0.1000236335	-0.009049903	0.1765392834	0.0410966922	-0.0069521522	0.0436059204	-0.0470744707	-0.0352256895	-0.0703454489	-0.0165854939	0.1421774397	-0.1373541644	0.0264471789	0.0561182202	0.0047486965	0.1277447996	-0.0467946577	-0.0844122213	-0.0948556109	0.0719404929	-0.1532789786	-0.025738738	-0.1402869674	0.0590575517	0.0008328991	0.0385853814	0.0535098453	-0.0150299655	0.0626395404	-0.1714383471	-0.0969296084	-0.0028208324	0.0169567472	0.0236981411	0.0568550059	-0.0089512434	0.0708607007	0.1504647739	-0.0198091075	-0.0394202012	0.063539239	-0.0508110754	-0.1170602493	-0.2253292173	-0.0339229721	0.1186277355	0.0029068419	-0.1254627292	-0.186825898	-0.0164711681	0.0030099574	-0.2140500373	-0.0037652699	0.098811411	-0.1228159561	-0.0897704363	0.0069062754	-0.0310101404	-0.0571066988	-0.019218777	-0.1672570137	0.0453412042	-0.0746042837	0.0770167131	0.0276929751	-0.018281465	-0.0422329844	0.0720918363	-0.1165338785	-0.1873895242	-0.0599885815	-0.1076433599	0.044550722	-0.0141616694	-0.0027796265	0.0344557794	0.0768162858	0.0299274703	-0.0311553837	0.168100035	0.0061569063	0.0549452691	-0.0220572768	-0.0808863095	0.0481830377	-0.1172735499	-0.0496637763	0.0146522554	0.1172759366	0.0835091862	0.0082124041	0.0744478257	0.0066057468	-0.1191269013	-0.0881573177	-0.0849948919	0.1179654994	-0.041217646	-0.0148653575	-0.0118010739	0.1438318521	-0.0254851219	-0.0177309584	0.0973825011	0.0411381146	-0.0298699563	0.00704871	0.01029386	0.0001059635536996	4.96843126641e-05	0.0904529	0.0706321	0.00818172711841	0.00498889355041	-0.0166241	-0.0074271599999999	5.516270566559998e-05	0.00027636070081	-0.0008374749999999	-0.0004865179999999	2.366997643239027e-07	7.013643756248325e-07	-0.0	0.0	0.0	0.0	-0.000186979	-4.703300000000001e-05	2.212103089000001e-09	3.4961146441000006e-08	0.0	0.0	0.0	0.0	0.0
551.8561379078674	1.3228039813144503	1.7498103729813612	304545.1969465871	788.3614000500357	4.843791330837803	23.462314456699453	621513.6970888525	516.9277907270134	0.6885088336881608	267214.340825911	0.4740444140666315	528.6429709196608	552.0807327193804	1.173608	49.87825	0.13719409	0.0995435	-0.1242508035	0.048014199	0.0545040174	0.0819274198	0.0832764731	0.0201535703	0.0327457895	0.0096619622	-0.0025564063	0.0112974533	0.0727548713	0.105727152	-0.0280091879	-0.0745586927	-0.074924477	0.1132341147	-0.0703368094	-0.1412809316	-0.0732323683	-0.074768052	0.1281340177	-0.0447343632	-0.0256610209	-0.0223279648	-0.0152300152	-0.0744095833	-0.0401999149	-0.062611046	-0.2240761377	0.0474597466	-0.0542577853	-0.1034081596	0.0684278051	0.1204541336	0.134869253	0.0111213339	-0.0650339424	-0.1163675514	0.057908237	-0.2298161915	0.0708921438	0.0789318457	-0.0469908959	0.1167775206	-0.0451550426	0.0353987761	0.0439287674	0.0740288643	-0.0863057186	-0.086527582	0.0768142227	0.047344998	-0.0557685787	-0.0511603902	-8.15235e-05	-0.0543116713	-0.1476935942	0.0345988889	-0.052935819	0.0002068419	0.157319677	0.0291863971	-0.0646898881	0.0904282507	-0.0769915732	0.0534730504	-0.0357870107	0.0014036372	-0.024980741	0.0303352045	-0.0885789676	0.0503606913	-0.0469669597	-0.2175150412	-0.0151829072	0.1085676023	-0.0377056294	0.0991963712	-0.049715074	0.1607995131	-0.027916615	-0.0241212209	-0.0979362024	-0.1003574348	-0.075460064	0.0497462031	-0.0652554289	-0.0632206188	0.0776724119	0.1195387662	-1.1153e-05	-0.0540745648	-0.0894782549	-0.0893793035	-0.1243921564	0.0407994545	-0.0621596475	-0.0093887184	-0.0229522309	0.0570625079	0.0833779807	0.0930926242	-0.05365104	0.0337389502	0.1141413151	-0.0441284437	0.1081111462	-0.088365895	-0.0415406723	0.0907675316	-0.221314608	0.0677704025	-0.0158496152	0.1154978956	0.0058649938	0.0672697763	0.0794703467	0.0772205719	0.0640783126	0.021548276	0.1296037616	-0.0757726055	0.039780186	0.1681607542	-0.0629870338	0.0290667659	-0.0589386393	-0.0752609784	0.0753366505	0.0190603461	-0.025675724	-0.0500631235	0.1005639388	-0.0602892518	0.0130991895	0.0889495992	0.177946296	0.0418104872	-0.1152898045	0.0287653621	0.1324601109	-0.0735279046	0.0412372093	0.0074863535	0.0196032575	-0.0020270868	0.1887108967	0.0163293703	-0.1357564663	0.0105860719	0.0336751913	-0.0558013181	0.0367071176	-0.0604153221	0.0246182168	0.1304078673	-0.0361456355	0.0032830653	-0.0837161247	-0.1260939003	-0.0216983193	-0.0203711099	-0.1034351258	-0.04389109	0.1035313718	-0.0236473872	-0.0052144728	0.0032147873	0.1483082928	0.0712090664	-0.1643532612	-0.0203836436	0.0428310094	0.0050774844	0.2201918611	0.0955131596	-0.0543986677	0.0925504808	-0.132221797	-0.0957206923	0.0957821198	-0.0949079665	-0.012763775	-0.0475456819	-0.0619526644	0.0137137324	-0.0290189202	0.1458278629	0.0011405002	0.0500978372	-0.0572162365	-0.0260433192	0.0044852738	0.0307589756	-0.0277013306	-0.138791764	-0.1143382213	0.0023848452	-0.0127118643	-0.0699132098	0.0958580879	0.0361737896	-0.0374218916	-0.00106015	-0.0081088599999999	6.575361049959999e-05	1.1239180224999998e-06	-0.00624598	-0.09669888	3.90122661604e-05	0.0093506733932544	-0.0113505	0.0052736	2.781085696e-05	0.0001288338502499	-0.000336431	0.0005010439999999	2.510450899358998e-07	1.13185817761e-07	-0.0	0.0	0.0	0.0	-0.00022819	-4.121099999999998e-05	1.6983465209999983e-09	5.20706761e-08	0.0	0.0	0.0	0.0	0.0
551.441538980878	-0.4145989269893562	0.1718922702607255	304087.77091359923	788.0573667856454	-0.3040332643903412	0.0924362258558471	621034.4133451253	517.4309535569803	0.5031628299668682	267734.7916988859	0.2531728334602675	528.9696873268836	559.8255053962985	1.203394	51.144173	0.14068818	0.100153	-0.0184988883	0.0678650731	-0.1348044701	-0.0977752373	0.035802186	-0.0989050406	-0.0515513283	-0.016901211	-0.1915234576	-0.0802039927	0.1332976894	-0.1157545948	-0.0898306585	-0.0269924125	0.0428765768	-0.0404210775	0.1837999477	-0.0176494038	-0.056727255	-0.0099624654	-0.0191419569	-0.0541190917	0.0834562367	0.0290068112	-0.1143718841	0.0575797346	0.0179415359	-0.037066892	-0.1291791788	-0.0153470789	-0.0767486013	0.0391487616	0.074345535	0.0843803549	0.021382872	-0.0062038036	0.1277018603	0.0457500508	0.0994478334	-0.081573426	0.0797873356	0.0386258956	0.1323397542	0.0641361556	0.0901143567	-0.0410361737	-0.1010632661	0.1509807848	0.0306842305	0.1116451708	0.1009618781	0.10037689	0.002569004	0.1248559902	-0.2035919357	-0.0284376057	-0.0041660902	-0.0118303101	0.2120118033	0.1732599504	0.0566045516	-0.0734414022	-0.1845566849	-0.009589373	0.0110349941	-0.0411179619	-0.0302642113	0.1173525518	0.0435261648	-0.0057439353	0.1170584966	0.0418818177	-0.01211429	-0.1671877447	-0.0300117795	0.0940395343	-0.0699644749	0.0360764713	0.0157043088	0.0257745473	0.0588557313	0.0186448441	0.0733324919	-0.0926116579	0.0639585278	0.1303155219	-0.1677153564	0.1483665107	-0.0935805147	0.036324886	-0.1575053321	0.00324871	-0.0021305891	-0.0568316149	0.0895147838	0.0139151171	-0.0421188896	0.1001489316	0.143896712	0.0270867604	-0.0363740232	-0.1894509161	-0.1050218328	-0.0547018998	-0.0163991604	0.0701654717	0.0640070307	-0.0510855275	-0.0057412691	0.0313028442	0.1020876783	-0.0185989904	-0.0860221306	-0.0888826268	0.012096147	-0.1417475427	0.1625002426	0.0084506136	0.0632925987	0.0812909252	-0.0663398535	-0.0804639367	-0.0019055191	0.0808055179	0.1182293233	0.1330646234	0.1781203598	-0.2097903932	-0.0878857286	0.0068511165	0.083388658	-0.083912605	0.041126175	-0.0017996116	-0.0171908456	-0.0795022667	0.0936778924	-0.0820681702	0.004493691	-0.1032081875	0.0492806788	0.0668706071	-0.0203240913	0.0790335338	-0.1289870912	-0.0674076135	-0.0052202051	0.0179702528	-0.0837039617	-0.0068963708	-0.0277517601	0.2644504371	-0.0558782978	0.0062611239	0.0219967987	0.0777073321	0.2093649641	-0.0820288791	-0.1726160326	0.021519564	-0.0877256124	-0.0467206392	-0.0095953721	-0.0470028223	-0.1494471295	-0.1200068943	-0.0078880409	0.0307495752	0.0245496973	0.1000348144	-0.0144978486	-0.1164595705	0.1054387165	-0.0418790325	-0.08181648	-0.0005170719	0.0853588623	0.0025516239	0.0679650028	0.1610659256	-0.0539856837	-0.1020274322	0.0037844623	0.0532209389	0.0044349003	-0.0824326915	0.026594534	-0.2875628558	-0.0105367539	0.2519456875	-0.128114715	-0.0551887851	0.0206140966	-0.0343766333	-0.0376477497	0.046728008	0.2013127337	0.0349241108	-0.0334607699	0.1809506674	0.0942867573	0.0311386526	-0.0448090364	-0.00542964	-0.00436949	1.90924428601e-05	2.9480990529600005e-05	0.0895805999999999	0.0958265799999999	0.0080246838963599	0.0091827334344963	0.00267826	0.01402876	0.0001968061071375	7.1730766276e-06	-0.000852186	-0.000515755	2.66003220025e-07	7.26220978596e-07	-0.0	0.0	0.0	0.0	-0.000214678	1.3512000000000002e-05	1.8257414400000006e-10	4.6086643684e-08	0.0	0.0	0.0	0.0	0.0
550.4176253840238	-1.023913596854186	1.0483990538228765	302959.5623333876	781.9273481528674	-6.130018632778047	37.57712843820603	611410.3777893755	516.6201121644802	-0.8108413925000377	266896.34029284015	0.6574637637914003	528.3003908893927	547.9436670853854	1.233056	52.404812	0.102062605	0.0554552	-0.0681193456	-0.1113102517	0.0054916103	-0.1897121567	-0.0870016228	-0.0999280446	-0.0719307929	-0.1331432936	-0.0620861707	-0.1530031119	-0.0206203428	0.04159838	0.1148678206	0.0272824928	0.1926427544	-0.063913847	0.0978439707	0.0788382549	-0.1028467886	-0.0576510055	-0.0257126629	-0.0924964884	-0.0299907691	-0.0099988099	-0.1043522484	-0.2471601114	0.1107256599	0.0067342565	0.0158245634	-0.0438517331	-0.1752523325	0.0022613465	0.0394171629	-0.091001001	-0.0636097144	0.1039888218	0.0077336783	0.1046745543	-0.0594000406	-0.1527511193	0.0241144989	-0.0295848671	0.2193586294	-0.0242416682	-0.0125027267	0.1719703305	-0.0190389855	-0.0526542981	0.1242717263	-0.1075786753	0.1125605816	-0.1384171531	-0.1355853232	0.1844569551	-0.0578175536	-0.0693579812	0.0020916635	-0.1035253828	0.0923581276	-0.0245732206	-0.0595641446	-0.0133072497	0.0112253246	0.0840332459	-0.091595745	0.0223421421	-0.0738446179	-0.0825192719	-0.0470958765	-0.0313479047	-0.1399930943	0.0624167324	-0.0537434665	-0.1057430949	0.0494262245	-0.177271938	-0.0919250022	-0.0006149109	-0.1335362501	-0.1210632848	0.0811270157	0.102838862	0.1302354498	-0.1636964067	0.0360749547	-0.0294053612	0.0329830672	-0.0730338061	0.0315700304	-0.0561584733	0.0782113953	-0.1200904208	0.0937270001	0.0220056026	0.0398165466	-0.1192465224	-0.1656275341	-0.0378497106	-0.0077414558	-0.1058521127	-0.079998041	0.0723307202	-0.1120745564	-0.0603708352	-0.0031270427	0.0208971848	-0.0566559279	0.0131112918	0.0128995878	-0.0013061379	-0.0155755981	0.0696149293	0.1742391017	0.0082485064	-0.1149935871	-0.0505883273	0.0585970477	-0.1697581182	0.152018995	0.1240441361	-0.0820515595	0.0820933993	-0.1100334336	0.040338979	0.0255198178	0.0533226368	0.0178366947	-0.0182943225	0.114897942	-0.1565096141	0.0142252899	-0.0054205556	0.0199494478	0.0104054048	0.1435480145	0.1044443535	0.0422789542	0.0224548181	0.0816008908	0.0428998549	0.0289186288	0.2543127355	0.0602606466	-0.0307677276	-0.1107663532	0.1249267806	0.0688632222	0.0002365454	-0.1687201266	0.0793938977	0.057201935	-0.0170156276	-0.0471045863	-0.0057571359	-0.1000862785	-0.0274516909	0.0765485759	0.0981482612	0.054739996	0.1710243555	0.0408983636	0.0554657187	0.0780410412	0.0414476944	0.0734247649	-0.0428713451	0.050222135	0.064158579	-0.0119738935	-0.0306854321	-0.0536298004	-0.0238288014	-0.0322343603	0.0057559799	0.0238351234	0.0177376124	0.2212561474	-0.1097239974	0.0556029998	-0.0308125313	-0.0596586351	-0.1080362127	0.0899225174	0.0434075551	0.1246079955	-0.0037268406	0.2171963721	-0.1513136115	0.3128422208	0.2489672052	0.0111419474	0.0314234959	-0.0397770447	0.0984503014	-0.2483987978	0.2440790829	-0.0115106084	-0.0221533819	0.0799939519	0.0469277836	0.0926692784	0.0260425603	-0.051998861	-0.0171312	-0.01170156	0.0001369265064336	0.00029347801344	0.104705	0.0151244000000001	0.010963137025	0.00022874747536	0.0195221	0.01684384	0.0002837149459455	0.00038111238841	-0.00175197	-0.000899784	8.096112466560001e-07	3.0693988809e-06	-7.69341e-05	-7.69341e-05	5.91885574281e-09	5.91885574281e-09	-0.000405816	-0.0001911379999999	3.653373504399999e-08	1.6468662585599997e-07	0.0	0.0	0.0	0.0	0.0
551.9656420223947	1.548016638370882	2.396355512673086	304666.0699731944	791.4905687148896	9.563220562022252	91.4551875178852	626457.3203646194	517.5744919932115	0.9543798287312484	267883.35476203094	0.9108408574890868	529.3287789663169	555.5964932666022	1.342701	57.064724	0.296185455	0.175195	-0.0951024492	0.1160700634	0.034173363	0.1184879046	-0.0036233036	0.0630945134	0.0025401867	0.0309693472	0.0149611295	0.0820012788	-0.0639600813	0.0622730166	-0.1083409598	0.0311955	-0.0530202311	0.0221297656	-0.066989314	-0.074418029	0.0511775889	-0.0778294466	0.2177090177	0.1070433558	0.095219309	-0.0755947259	-0.0632678104	-0.1681830723	-0.0580941931	0.1046059504	0.130575938	0.0197629518	0.0270428742	0.0761967339	0.0850429041	-0.0259215224	-0.1235633617	-0.0600651096	-0.0542900896	-0.0715541491	-0.0011039939	-0.0457848797	0.0317544411	0.1060288438	0.0668558396	0.0673548364	0.0676781269	-0.0525622113	-0.023580801	0.041670039	-0.1765143857	0.014522528	0.0457105285	0.0589579602	0.0550695242	-0.1048932824	0.0959116358	-0.1311036625	-0.0014597059	-0.085631486	0.0146956844	-0.0562069694	-0.0663003062	-0.0770392461	0.0419940879	0.0162733426	-0.1012533059	-0.1425137354	-0.0914235861	0.1093629053	0.0111967257	-0.0116634178	0.0700674633	0.1997967551	0.1246200708	-0.0743717164	-0.0827599913	0.0571226034	0.1907006406	0.0423846122	0.1692119153	-0.0381376057	0.0449899438	0.2535957082	-0.1199444109	0.0415933239	0.1197691959	-0.108529676	0.0107468234	0.0784979978	0.040181938	0.1145802449	0.1038584505	0.047750072	-0.1446232764	-0.0598696468	0.0023788917	-0.0512364811	0.0699233942	0.0877265406	0.0377436876	0.143275333	-0.1035253434	0.0849277043	-0.0716310214	-0.119189056	-0.0114901222	-0.067736935	0.1072519998	-0.0092200683	0.0816808398	0.0237574808	-0.0779930852	0.0357641768	-0.1082501206	0.1193125297	-0.0392598778	0.0650922583	-0.0016644155	0.1651177423	-0.0875681345	-0.0118095128	-0.0384208693	-0.0178257796	-0.1179612469	0.0510228443	-0.0374840064	-0.0715399606	0.0476237825	0.0344259759	0.0773295588	0.0604871178	0.0975114625	-0.1232584786	-0.1120253575	0.1737061084	-0.0474146184	0.007660704	0.0094178132	0.0736581989	-0.0990759177	-0.0266520866	-0.0623602218	0.0327653353	0.041490233	0.296719582	0.0761649366	0.039462143	0.0699015595	-0.2801664459	0.0786346756	0.136021542	0.0488154287	-0.0483993164	-0.1143681783	-0.0665628972	0.1341620493	-0.0027810597	-0.0005972808	-0.1304875592	-0.0436421225	-0.1256841589	-0.1239630285	0.0989811806	0.108910382	0.0378492257	-0.0130330511	-0.0445321113	0.0427574933	0.0296815959	-0.0251694047	0.1106389415	-0.149624768	0.0219509082	0.0038632176	0.0426344485	0.0059250866	-0.0087359213	-0.1034445843	0.1524038441	-0.1281161604	-0.0356135073	0.0712912946	-0.1436722642	-0.0451215582	-0.212660316	-0.0759857269	0.1078001564	-0.0480003047	0.207035342	0.0429553009	0.0272954995	-0.0001324595	-0.0527095785	0.1395694312	-0.0984348064	-0.0617664446	-0.1478041315	0.0696663284	-0.2488560138	-0.0964011048	-0.0631314897	0.0910064429	0.0208954884	-0.0589597043	0.0010419	0.0181730999999999	0.0003302615636099	1.0855556099999995e-06	-0.0453852	-0.1500902	0.00205981637904	0.02252706813604	-0.0288053	-0.0483274	0.00233553759076	0.0008297453080899	-0.000347815	0.001404155	1.971651264025e-06	1.20975274225e-07	0.000106582	0.0001835161	1.1359722724e-08	3.3678158959210003e-08	-0.00041004	-4.224000000000046e-06	1.784217600000039e-11	1.6813280160000006e-07	0.0	0.0	0.0	0.0	0.0
550.7966959311069	-1.1689460912878076	1.3664349643370433	303377.00024862424	786.5574415823919	-4.933127132497702	24.335743305385005	618672.6089086379	516.7001669881924	-0.8743250050190454	266979.06256562594	0.7644442144015537	528.3755582823836	558.5312707783221	1.177412	50.039951	0.1152175799999999	0.0705756	0.0077326463	0.0409879201	-0.1621401973	-0.0696010812	0.0551535498	-0.0401003679	-0.1067792378	0.0711315673	-0.0398095034	0.0674964339	0.0629351352	-0.1122857747	-0.0395658379	0.0299346324	0.0536840258	-0.0005430991	0.1804276587	0.0055392874	0.0576005548	0.0346681781	0.0471810773	0.014854822	-0.0505990253	-0.0218144469	-0.0952221414	0.0122214465	0.0247107522	0.0364861665	-0.1370614876	0.0472661035	0.0474537802	0.1173194293	-0.2691201061	0.0509006657	0.1200972994	-0.0167902606	0.0232563317	-0.0044552659	0.0686872555	0.0661062321	-0.0667694026	0.0256898777	-0.1126354284	-0.0412316519	-0.056950745	0.109710641	0.0122910241	0.1403040033	0.0533907125	0.0985509502	0.1417624069	0.0136342556	0.0665784085	0.0161113816	-0.0701121315	-0.0293105887	-0.0126120607	-0.0558090324	-0.0441531332	-0.0185649107	-0.007802269	0.0139923239	0.0572333691	0.0519127831	0.0523345761	-0.1178438229	-0.0341695272	0.0023461072	-0.1197257291	-0.0061813472	0.0680187678	-0.0857366691	0.1453400402	0.0742450726	0.0494471017	0.239956383	-0.1229027848	0.0607704084	-0.0209614178	-0.0564258872	-0.0460043469	0.1396617428	-0.1701338288	-0.0914480282	-0.052666517	0.0408842794	-0.0579003367	0.0463635309	0.1074301282	-0.0722410601	0.1172917698	-0.0400490605	-0.0660515751	0.0029788825	0.1107845125	0.081085343	-0.0259836569	-0.0624263835	0.0625896504	-0.1024380686	0.0494290441	0.1292003001	0.0403169838	-0.1434646465	-0.028652761	-0.0616934312	-0.2114261214	-0.100658958	-0.1218750064	-0.0755625704	0.0249207887	-0.2107399573	-0.042418725	-0.1074650551	-0.103383558	-0.062274187	0.091780023	0.0499924816	-0.0251670743	0.0447727197	0.0029494104	0.0443110385	-0.0401539043	-0.0127585604	0.0113568008	-0.0591210041	-0.0836204616	-0.0191966942	0.0164399449	0.0262643425	0.1548558838	0.1502697449	0.0938696504	0.0166509747	-0.049412498	-0.0414776376	-0.0918476507	-0.0468577067	-0.1009437795	-0.0993628844	0.1240038768	-0.1016646603	-0.2221227061	0.0549802496	-0.0366343245	0.0569066411	0.1245198998	0.0359562269	0.0070265214	0.167972752	-0.0144711452	-0.0165110716	-0.0550000295	0.0308696746	0.191729768	-0.0752009998	0.1277556326	-0.1166422826	0.0819862073	0.0718263646	0.0232896555	0.1072138105	-0.1519272492	0.0086536588	0.0697612648	-0.0249773425	0.0389485678	-0.0643973488	-0.1634414519	-0.1209259617	0.187159064	0.0300944968	-0.0701916954	0.0485717701	0.177010779	0.0237985007	-0.0109033805	0.1190267062	0.1152306706	0.1302417925	-0.0581733613	-0.0945361286	-0.0176656002	-0.0711406489	-0.028402709	-0.0385495866	0.0171132548	-0.0428888658	-0.0345176567	0.1824567006	-0.0816773943	0.0809665483	-0.0087873471	0.0900386634	0.130108689	0.0047816663	0.1549976842	-0.1365405292	0.0940966865	0.1001884479	0.0892990645	0.0157075127	-0.0656609137	-0.0077618799999999	-0.0088037799999999	7.750654228839824e-05	6.024678113439845e-05	0.0212757	0.0666609	0.00045265541049	0.0044436755888099	-0.0121939	0.0166114	0.0002759386099599	0.00014869119721	-0.000508701	-0.0001608859999999	2.5884304995999983e-08	2.58776707401e-07	-0.0	-0.000106582	0.0	1.1359722724e-08	-0.000214678	0.000195362	3.8166311044000015e-08	4.6086643684e-08	0.0	0.0	0.0	0.0	0.0
549.6501213435058	-1.1465745876010942	1.3146332849326192	302115.25589293067	781.0882163431503	-5.469225239241609	29.91242471755744	610098.801710124	516.7502002918054	0.0500333036129632	267030.769501621	0.0025033314704269	528.3901951453289	556.6507284652517	1.117037	47.474018	0.07447312	0.0492909	-0.0506800811	-0.0879075915	-0.0454227931	0.0223129992	-0.1608524864	-0.0008716764	-0.092831238	0.0967384456	-0.0156703939	-0.0464725246	0.0561813761	-0.0142518966	0.0681542567	0.060324246	0.16049393	-0.1067807524	-0.0166220332	0.0099886623	0.0364574065	-0.0740311427	0.0656653485	-0.0288650284	-0.1013783684	-0.0232127901	-0.1132922071	-0.1602881461	-0.053733228	-0.0542302993	0.1032288826	-0.0356983579	-0.0101924248	0.021356114	0.0201674543	-0.0910991505	-0.1161700658	-0.0310139112	-0.0328090135	0.1255092529	0.0629218216	-0.0050655262	-0.1315675057	0.0281299804	-0.0169772684	-0.0056897299	-0.0531660981	-0.1099461102	0.0830627891	-0.002641054	0.1057076551	-0.0433137536	0.0347603191	0.0395086174	0.1586071962	-0.0953626509	-0.0151017682	0.1350736756	-0.0580172425	-0.0903793248	0.0822172443	-0.0197734976	-0.0270887518	0.1827266242	0.0283584343	0.0290968095	-0.1073704002	-0.028207558	-0.0565225481	-0.101547998	0.0197726802	0.0300801198	0.0992279256	-0.0225000157	0.0809214315	0.0758668698	-0.0231630528	0.0639525721	-0.0507933191	-0.0406788584	-0.0997281236	0.0542802412	0.042884128	0.0199926873	0.0449386298	0.1183274055	0.0372614912	0.0301854692	-0.1307397426	-0.0031120193	-0.0395625535	-0.0229987547	0.0428307426	0.0760005356	0.0528289492	-0.0128772784	-0.0740328778	0.1002755249	0.0523389524	-0.1839042107	-0.0254913285	-0.0016144344	0.1023568287	0.0518461338	-0.0403906316	-0.064618302	0.0406369242	0.0090392356	0.0351627034	-0.0292137008	-0.0416229607	0.0763859523	0.1113058007	0.1299945104	0.1202833256	-0.0463787415	-0.0583133809	-0.036136299	0.0059043977	0.0652665185	-0.1099553016	-0.1657696676	-0.0055693333	0.0447600278	-0.0301145729	0.0160037123	0.156147072	0.0665012033	-0.0607447827	0.0429060973	0.0566482175	-0.0495852494	0.038474726	-0.0464751433	0.1185233526	-0.0038741252	-0.0680460009	0.0313593248	-0.1098636467	-0.0670396248	-0.1020789034	-0.0929961226	0.0639995925	-0.0030744198	-0.0440045135	-0.0455500035	-0.1175978331	-0.037487644	0.000586132	-0.1013863117	0.0840087725	-0.0722357876	-0.0159875457	0.0318867141	0.0021193676	0.0376813076	-0.0539046451	-0.1010674719	-0.1184884498	0.1386630334	0.0346987633	-0.0360396074	0.0515825504	0.0209221488	-0.1963447066	-0.0140786014	0.0120717787	-0.0237816159	0.0688854495	-0.069906226	-0.0490516161	-0.0073322589	0.0211851568	-0.1106680317	0.0114689789	0.1170194884	0.1226695554	0.1087956687	0.0927356153	0.0322546005	0.0910255003	-0.03790348	-0.0164081409	0.0225099926	-0.0293008563	-0.0779556517	-0.0826222319	0.1281631746	0.0816397799	-0.0803780575	-0.0489879015	-0.0465590559	-0.005275671	0.0724794188	-0.01412531	0.080056797	-0.160830094	-0.1041197791	0.1058559639	-0.1188495266	-0.0146805668	-0.0366493846	0.087547979	0.0104887887	-0.0720729799	-0.00467926	0.0030826199999998	9.50254606439938e-06	2.18954741476e-05	0.0680448	0.0467691	0.00463009480704	0.00218734871481	-0.0106782	0.0015157	2.2973464900000003e-06	0.00011402395524	-0.000720062	-0.000211361	4.4673472321000034e-08	5.184892838440001e-07	-0.0	0.0	0.0	0.0	-0.000465431	-0.000250753	6.2877067009e-08	2.16626015761e-07	0.0	0.0	0.0	0.0	0.0
548.9722033907002	-0.6779179528056147	0.4595727507361556	301370.4800956403	783.4751898315567	2.3869734884063973	5.697642434355005	613833.3730815938	516.1438126025623	-0.6063876892430926	266404.43528790894	0.3677060296655774	527.8074319378652	559.1097626526106	1.074365	45.660427	0.07941889	0.049588	-0.0837530858	-0.0214688749	0.0495510834	-0.0211245425	0.0313825024	-0.1231118882	-0.1108965308	0.089109875	0.0958489626	-0.0499398915	-0.0008244451	0.1137073166	0.0303697426	0.0130301423	0.1346101626	0.0821359445	-0.0383421926	0.026866314	0.0571587406	0.064649767	-0.050385409	0.1392309571	-0.1051390354	-0.1148403776	-0.0921773838	0.061109186	0.1059608389	0.0366627079	0.0577751603	0.0213321817	0.0641836817	0.0162038778	0.0865442802	0.0601111227	-0.0607636069	-0.0632723644	-0.1640979096	0.110028099	0.0348532412	0.0905456321	-0.0667640806	0.0191580896	-0.0864938527	0.0613674061	-0.0881477997	-0.085112482	-0.0713806631	0.0786098926	0.0269185918	-0.13772445	0.0598499605	-0.0260946861	0.0752073644	-0.1345725767	-0.0965088941	0.0235900688	0.0593273564	0.0693453231	-0.0367219674	0.0932322623	-0.1404629512	-0.0503296078	-0.0033710201	0.0371160544	-0.1588306094	-0.0379645788	-0.2538117707	0.0367308421	-0.0736950246	0.0183429065	0.2318443038	0.0267396321	-0.0295082259	0.1905525715	-0.0121946604	-0.1241785868	-0.131259936	-0.1448536092	0.0825142906	0.010742052	0.0127517487	0.1449764359	0.0127101087	0.0367282276	-0.071875594	-0.0109853412	0.0650306956	-0.0255903613	-0.0496692865	0.0879292966	0.0556263984	0.0636935037	0.038628412	-0.0418273046	0.0436165249	-0.1026168984	0.1976243665	0.0331430513	-0.0982392254	-0.1682706038	-0.1004218187	0.1018985462	0.0429366371	0.2155480678	0.0301713924	0.0323432957	0.0983479853	-0.0798043582	-0.0837543875	0.0102320912	0.1395417416	0.1595579236	0.1140726045	0.0860394521	-0.0474218762	-0.0719541547	-0.0435053298	0.1422079503	-0.0070556177	-0.0411353633	-0.023098823	-0.0388981779	0.0253715196	-0.1809658466	0.0701165544	-0.0362896196	0.0591543005	-0.0768134817	0.1004861329	-0.1196337805	0.3051157912	-0.1175316505	-0.0671716293	0.0909092788	-0.1348668008	0.0422792473	-0.135651129	-0.0519518797	0.0608121798	0.0544915619	-0.1579711791	-0.1199780803	0.0250200327	-0.0795163685	-0.1701407481	-0.0070613981	0.0286328888	-0.0124312439	0.0834285261	0.0053416141	0.0848872787	-0.1040083099	-0.0153818519	-0.0973336618	-0.0044252635	-0.0968432845	-0.0212208552	0.086281181	7.01942e-05	-0.0912986624	0.0016021062	0.1588285017	0.0408151683	0.1148247455	-0.065132358	0.1415672261	0.0249443332	0.0416791271	0.2235959362	-0.1189651589	-0.0629349011	-0.025042754	-0.0314867417	0.0179738803	-0.0931023431	0.1084959553	0.0157497587	0.0591099604	0.0075462214	-0.1017229127	-0.0920958732	-0.049690265	0.1171045493	-0.0608192968	-0.07917227	-0.057309559	0.0674670218	-0.1148206982	-0.0456440216	0.0292607356	0.0166898596	0.1044044224	0.027457305	-0.051070205	-0.0057481583	0.0407766498	0.2099297803	-0.2328984467	-0.1257343812	-0.0783404458	0.0857540434	0.0052495325	-0.0781676667	-0.00256013	0.00211913	4.490711956900001e-06	6.5542656169e-06	0.0212835	-0.0467613	0.00045298737225	0.00218661917769	-0.00182094	0.00885726	7.845105470760001e-05	3.3158224836e-06	-0.000429136	0.000290926	8.463793747600004e-08	1.84157706496e-07	-0.0	0.0	0.0	0.0	-0.000322733	0.0001426979999999	2.0362719203999992e-08	1.0415658928900001e-07	0.0	0.0	0.0	0.0	0.0
547.5856000574997	-1.386603333200469	1.922668803642651	299849.9893903321	782.4771485807051	-0.9980412508515428	0.9960863384013122	612270.488050991	516.434695855322	0.2908832527597269	266704.79508317896	0.0846130667360791	528.0692825271002	551.5087083841411	1.102083	46.838459	0.11177782	0.071948	-0.0605005058	0.1138704683	0.0231685319	0.0213334659	-0.1438871964	-0.0158985538	-0.1317794508	-0.008683507	0.0530659039	-0.0016302849	-0.1158225404	0.0982878598	-0.1295081287	0.1053162182	0.1438547103	0.0263458565	-0.1632325908	0.1110493584	0.1157800812	0.0394876626	0.0213438096	0.0761051115	0.1074822331	0.1492446892	0.0172676169	0.0032088664	-0.0854857928	0.0394243319	-0.135524555	-0.0827789365	0.0274294541	-0.0385101414	0.0306413765	-0.175951576	-0.0153904281	-0.0804899444	-0.1409596579	-0.0364168595	0.0077267124	0.1249197288	0.0018577868	0.0441469251	-0.0258212603	0.0402026748	-0.0349731314	-0.0578956957	-0.0186222798	-0.0541302581	-0.0950366386	-0.075159403	0.2082273209	-0.1063801286	-0.0247924908	-0.1694831366	0.0017471153	0.0585357972	-0.0287729673	-0.0631681712	0.1031065985	-0.0789210737	-0.0371151562	0.1223324563	-0.0539172348	-0.0619640065	0.0177004955	-0.0876938893	-0.1843449722	0.1799490532	0.0175190879	-0.0247370572	-0.1459106572	-0.2335586607	-0.1311280343	0.1154450452	0.0209273484	-0.0125617079	0.0298642138	-0.0624863868	-0.1074034605	-0.0746146359	0.1180387408	0.0414392221	-0.035445849	-0.0169167513	0.1402352448	0.0660821567	-0.0451525105	0.0727080143	0.0379242163	0.0270382276	0.0694733989	-0.0627734463	0.0717820492	-0.0282594423	0.0668128656	-0.1277618385	-0.0127619167	-0.1533842469	-0.0272189008	0.0477448983	-0.108269972	-0.2228520042	0.0339873848	0.1124805144	0.0624382993	-0.0433382147	0.0063644694	0.0113219437	0.0889281865	-0.0033112237	-0.1246211714	-0.0021847867	-0.012322319	0.121844784	-0.250290383	-0.0186870466	-0.0286952292	0.0828146989	0.0797512076	-0.1338959881	0.0643283875	0.027263581	-0.1190409364	-0.0661631302	0.1166711587	0.1390421986	-0.0669917589	0.1152530615	-0.08625581	0.0785203854	0.1764773953	-0.0587425005	0.0374326853	-0.1294020619	0.0890850769	-0.122014698	0.108127857	-0.0384510473	0.0510868082	0.0306096934	-0.1291047057	0.0068324332	0.006550092	-0.0568903209	0.0676752069	0.1102703295	0.0496573458	-0.0119817777	0.0025326147	0.1613026344	0.0814912413	0.0707665935	-0.0829760618	0.055363748	-0.0929194015	0.0138557324	-0.0725357485	0.1280466356	-0.0441240912	0.1073326579	0.115649329	0.1215809486	0.0103556865	-0.0814726322	-0.2170321878	-0.0535210665	-0.0822320442	0.0214382928	0.017523671	0.0192378933	-0.0263769212	0.0537935972	0.047893785	-0.0228543139	-0.0326979875	-0.0963857225	0.1311701252	0.0372622467	-0.1175027148	0.0720645489	-0.0577802609	0.0433173643	0.0135960298	-0.1345252522	-0.1038233837	0.0711652857	0.1712218054	0.0572765044	0.0253109866	0.0044607131	0.1293361901	0.0230625903	-0.0848897688	-0.0344262573	-0.0628196016	0.0069213274	0.0899465997	-0.0739433306	-0.0722669616	0.0201960891	0.0839181358	0.0	-0.0839181358	0.00202498	0.00458511	2.10232337121e-05	4.1005440004e-06	0.0897773999999999	0.0684938999999999	0.0080599815507599	0.0046914143372099	-0.0118558	-0.01003486	0.0001006984152195	0.0001405599936399	-0.0008647909999999	-0.0004356549999999	1.897952790249129e-07	7.47863473680827e-07	-0.0	0.0	0.0	0.0	-0.000460357	-0.0001376239999999	1.8940365376e-08	2.11928567449e-07	0.0	0.0	0.0	0.0	0.0
549.0649553705316	1.4793553130318742	2.1884921421956345	301472.32521604386	785.8423595093852	3.365210928680085	11.32464459450788	617548.2139992779	516.6510751183212	0.2163792629991121	266928.3334209172	0.0468199854560389	528.3593656509058	544.1368988813026	1.13048	48.045311	0.09022495	0.0590028	0.0283753439	0.018422378	-0.1279388341	0.0462189465	0.1151923909	-0.0418676335	-0.0506526233	0.0034058411	0.060486377	-0.0597348166	-0.0442613854	-0.1363549839	-0.0640326615	0.0085266384	0.0203733644	0.1942339206	-0.0481845454	0.0368733062	0.1015899251	-0.0579939672	0.0354346522	0.0163007568	0.0858633784	0.1682503253	0.0086402307	0.0350043486	-0.12205843	-0.191431854	0.0594036786	0.0175855982	-0.1302908587	0.04203803	-0.0185270463	-0.06668703	-0.0794456416	0.042293871	0.1419499207	-0.0592678787	0.0035315629	0.1412683228	-0.0022465419	0.0707028258	0.1156120256	0.0285164372	-0.0610818777	0.0778474471	0.1109879199	0.1389036761	0.0458573037	0.1156971798	0.0888822282	0.0266860084	0.0294304984	-0.1343279332	-0.1266433825	-0.0386526084	0.125653417	0.0402488356	-0.0105131353	0.0787930064	-0.0909122215	0.0398525324	0.2491971833	-0.061359056	-0.0721586258	-0.0142811014	0.1036181927	-0.0711534188	-0.0501139352	0.0265980716	-0.0863255519	-0.0856983678	-0.0044374829	-0.0035913251	0.0232485979	-0.1012775551	-0.0883902684	-0.0357428499	-0.0173172661	0.1698066691	0.05081594	0.0460163377	-0.0525573008	0.1296978318	-0.0638105165	0.0358625795	-0.0940220707	0.029354227	0.0665038916	-0.0534949345	0.1819988809	-0.1086793473	0.0483181329	0.091387309	-0.1622466747	0.0778762874	-0.1632145792	0.071692912	0.0501304742	0.0350593969	-0.1061644396	-0.009598596	-0.0231803067	-0.0868772965	0.1199088843	0.1187645686	0.0181093882	-0.083643984	0.0505157592	0.1350434381	0.0232266622	-0.0282137005	-0.0526854593	-0.1237268391	-0.0679194785	-0.0399426907	-0.003171122	0.1899868633	0.0295596853	0.0332387448	-0.0264139358	-0.0445835948	0.0517433059	-0.2018969974	0.0435275637	-0.0448228632	0.0816791228	0.1655569058	0.1171372008	-0.0156308495	-0.1020585691	0.1325314256	0.0721640179	-0.0873732339	-0.0467003059	0.0529781483	-0.0059204457	0.0454343339	0.0172876822	-0.0051423949	0.0583547464	0.0091014015	0.0409592698	-0.1259931507	-0.0544032421	0.0555380837	0.1372117454	-0.050217874	0.1417341306	0.018806133	0.1299451237	0.0269982653	-0.0084755342	0.0705325432	0.0414174253	0.0307643363	0.055818338	0.0836053945	0.1034217732	0.1351312289	-0.0335571374	-0.0757665954	0.0152102608	0.1064606643	0.0216417963	-0.2050427683	0.0254297829	-0.1662436701	-0.0123511712	0.1047628718	-0.0742966986	-0.1572683731	0.0164995051	-0.0941697775	0.0724325992	-0.0005649716	-0.0074647774	0.0836774609	0.099913695	0.1032536913	0.0286176082	-0.0507933518	0.0783974442	-0.098219141	-0.1366219153	-0.0957526435	0.1479056881	-0.0182099088	0.0016896586	0.0189798007	0.0925739367	-0.0680346229	-0.0428889105	-0.0189056833	0.0641841817	-0.0933814489	0.0294104421	-0.0556454606	-0.006910672	-0.0217779357	0.0820411548	-0.0052495325	-0.0892990645	-0.00893682	-0.0109618	0.00012016105924	7.986675171239999e-05	0.0341682	-0.0556091999999998	0.00116746589124	0.0030923831246399	-0.0094435	0.0024122999999999	5.819191289999996e-06	8.917969225e-05	-0.000499852	0.0003649389999999	1.3318047372092705e-07	2.49852021904e-07	-0.0	0.0	0.0	0.0	-0.000400463	5.9894000000000006e-05	3.5872912360000003e-09	1.6037061436899998e-07	0.0	0.0	0.0	0.0	0.0
550.0813691718809	1.0164138013492447	1.033097015573222	302589.51271001104	782.1926900607345	-3.649669448650684	13.320087084414189	611825.4043844483	516.6606179828643	0.0095428645431638	266938.1941744353	9.10662636891745e-05	528.2470724649237	548.6551701149572	1.121334	47.656605	0.09655425	0.0675346	-0.049656322	-0.1043671459	0.0136107481	-0.0818108382	-0.0409286744	-0.0042954512	-0.1058153594	-0.0226318989	0.0259792755	0.0665168861	-0.0713854771	0.0336830221	0.1179616526	-0.0279709224	0.0667045457	0.0140612726	0.0618040767	0.088218073	0.0231689785	-0.0218926492	0.1012214305	0.0129538542	0.0944739327	0.118428766	-0.0491322193	0.0330846644	0.1166063887	0.0496692186	0.0091366034	-0.0150351364	-0.0623602971	-0.0374507161	0.0806944224	-0.1208903927	-0.0665356503	-0.1245499765	0.0732211219	-0.0131326517	-0.1006126952	0.1389593621	0.0467587462	-0.079168591	-0.0137852481	-0.0795673287	-0.0548647178	-0.06701446	-0.1280398075	-0.0636078676	0.1195686199	-0.1108858184	0.1320459225	-0.036292801	0.088024309	-0.0274102699	-0.1577451647	-0.0779450827	0.075290228	-0.1033127626	0.1207183295	0.0064415452	0.1661776063	-0.0237752707	0.032581968	-0.1301473472	0.0304027539	-0.0610644798	0.2072173481	-0.1139675467	0.0050588048	0.0482842028	0.0723382933	0.1744475061	-0.0745385054	0.1781715528	0.1226472446	-0.1066564939	0.0647396097	0.0696725456	-0.1146600308	-0.0894412036	0.0125738495	-0.0378057248	0.0435209972	0.079699901	-0.0764666007	0.0025070305	-0.1599731662	-0.0509455352	-0.0231350175	0.0792667567	0.1160934386	-0.0043979811	-0.11486971	-0.0056365303	-0.0054501966	0.1503764743	-0.0767123939	-0.0559977049	0.0350535169	-0.0706616329	0.0284317821	-0.0309984064	-0.0425030317	-0.0677173121	-0.0578803273	0.0216048773	-0.0678135619	0.116394559	0.005736224	-0.0010377263	0.0992797389	0.152993785	0.1581230435	-0.0080906692	-0.085340282	-0.1392765067	0.0663280913	0.0877340123	0.0096935131	0.0260734313	0.0061728457	0.0461334803	-0.1077226441	0.0750548558	-0.086363326	0.1320893745	0.1714735363	0.0816957702	-0.0330790221	0.0567072561	-0.1380363505	0.0338503255	-0.120289581	0.0969059008	0.0196108679	0.0427602054	-0.296461037	-0.1488200599	0.0446507993	-0.1070309775	0.1008142006	0.0510322947	0.0489613511	-0.1059915107	0.0847475415	-0.0394724092	0.0707008186	0.0020856484	0.0213197504	-0.0588915012	0.2034085418	0.0237763799	0.0847730386	0.0790855678	0.0015578519	-0.0422881748	-0.0533845577	-0.0577514391	-0.0348934542	0.0681965646	0.0628848691	-0.089498506	-0.104305359	0.0615760024	0.0455913626	-0.0717652646	-0.0560792838	-0.0563253961	-0.0568727402	-0.0497489608	-0.0111583655	-0.027599777	0.0098516793	0.0393781321	-0.1578423973	0.2354819707	0.1341121246	0.0226645753	0.072199577	-0.0407428443	-0.1389885893	0.0324733591	0.0072640674	-0.0583571633	0.0065126575	-0.0243196773	0.17962292	0.098928829	0.0803351873	0.0195244639	0.0405438902	-0.1007680976	-0.0482479363	-0.0369877429	-0.0360552648	-0.012895448	0.0379278584	0.0163550612	0.063387722	0.0252838366	0.080124019	-0.0104887887	-0.0942867573	-0.00640457	0.0025322499999999	6.412290062499999e-06	4.10185168849e-05	0.0997861	0.0656179	0.00995726575321	0.00430570880041	-0.0165298	-0.0070863	5.021564769e-05	0.00027323428804	-0.000836288	-0.000336436	1.1318918209600005e-07	6.993776189440001e-07	-0.0	0.0	0.0	0.0	-0.000490383	-8.992000000000006e-05	8.08560640000001e-09	2.404754866890001e-07	0.0	0.0	0.0	0.0	0.0
550.9449609979469	0.8635918260659992	0.7457908420480069	303540.3500490292	788.2842464031477	6.091556342413128	37.107058672793606	621392.0531273785	517.4758457755164	0.815227792652081	267781.250961086	0.6645963539123844	529.0506795734328	553.1550078089763	1.101701	46.822235	0.12073839	0.0751762	-0.0726078246	0.0382204307	0.0851739467	0.0698972152	0.0452737412	-0.0073912679	-0.0291266128	-0.0363089286	0.0721560429	-0.0454923959	0.0865004039	0.1161461226	-0.0292308738	0.0276470778	-0.068325302	0.0675100294	-0.021202423	-0.0093648778	-0.0343093146	0.0318119415	0.07063952	0.0028607831	-0.0443311295	0.0331858343	-0.0942804142	0.0309748115	0.0830117397	-0.1202638818	0.0378668158	0.0124717572	0.0447082848	-0.0127088987	-0.0422988295	0.1184936562	-0.0236970928	0.0456763802	0.0503054982	-0.0100083055	0.0164227164	-0.105335782	0.1103011045	0.0483997785	0.0002178636	-0.12028175	-0.0714038725	-0.0223295588	-0.0245715832	0.0614879911	-0.111004607	-0.0828236281	0.0184504534	0.0392366659	-0.0164879703	-0.0146156989	0.0340780384	-0.0197394421	-0.0726409357	0.0001901752	-0.0792252054	0.0307282974	-0.0461587651	0.0753931202	-0.104665534	-0.0440077172	-0.0965802339	0.0614965063	0.0803318647	0.1525341819	-0.016352121	0.0004493627	-0.178485997	0.1338510914	0.013550013	0.1111111277	-0.0563227844	0.0123970394	0.0248221911	-0.1080990766	0.0402380689	0.1509223679	0.050468649	-0.0287923955	-0.0185823402	-0.0009607028	-0.0378110732	-0.0592023598	0.0375471487	-0.0590889486	0.0208482035	-0.0143789667	0.1575913163	-0.005226422	0.1901435956	0.0266026869	-0.1075228303	0.1497479642	-0.0417189798	-0.0467067146	0.1078009349	0.1367763154	0.1987347852	-0.094282872	-0.012692709	0.0653675663	0.0508451199	-0.0031598403	0.0955334157	-0.1263663663	-0.1530984844	-0.1611924926	0.0498804808	-0.1730178689	-0.0248714277	0.1259116627	0.004116111	0.0675300273	0.0106352809	0.0626911461	-0.0184167129	-0.0005041826	0.0511916858	0.0085319775	0.074516306	0.0254628808	0.0447508296	0.0751789257	-0.0377978258	-0.0256122543	0.1653425963	0.0380899008	-0.0743852116	-0.0538770643	-0.1517502072	-0.0417196032	0.1207954192	-0.0679906935	0.0615716812	0.0915214977	-0.1715169615	0.0107596953	-0.0445532643	-0.0679587283	0.0759711276	-0.0588273831	-0.0582456384	0.0689715251	0.0626355847	-0.003833253	0.0470598977	-0.0096602526	-0.0126028125	-0.0289539002	0.1809468795	-0.0357075564	0.1327055962	-0.0112103035	-0.1172778147	0.1495284051	0.0537701521	0.1048117748	-0.0122520088	-0.1301548201	-0.0907968035	-0.1516183891	-0.0250742212	-0.024944769	-0.1407213181	-0.0889783333	0.0691364302	0.1259668859	0.0385384	0.0979468127	-0.05881192	0.0604181765	0.0971169647	-0.0608715211	-0.0198598157	0.0622185405	-0.1195810069	-0.0587874495	0.007196105	-0.0332425219	0.0678041477	-0.0742232526	-0.0665798049	-0.0204470639	-0.007296174	-0.0844339236	-0.0108150209	-0.0060046144	-0.0153992466	-0.0353334897	-0.0384961646	0.1148848185	0.0734483275	-0.1263334826	-0.0170868126	-0.0010532385	0.0777656052	-0.0239985383	0.0781676667	-0.0157075127	-0.0988592507	-0.00423524	0.0021693299999999	4.705992648899999e-06	1.7937257857600003e-05	0.0290505	-0.0707356	0.00084393155025	0.00500352510736	-0.00403209	0.01249771	0.0001561927552441	1.6257749768100003e-05	-0.000362839	0.000473449	2.2415395560100006e-07	1.31652139921e-07	0.000196685	0.000196685	3.8684989225e-08	3.8684989225e-08	-0.000526964	-3.658099999999994e-05	1.3381695609999954e-09	2.77691057296e-07	0.0	0.0	0.0	0.0	0.0
550.2810843570821	-0.6638766408647143	0.4407321942858169	302809.27180120617	786.9555169167812	-1.3287294863664556	1.765522047939665	619298.9856057584	516.9410487944904	-0.5347969810260338	267228.04792874766	0.2860078109145599	528.5890837519564	555.103706818167	1.090907	46.363483	0.12662173	0.0683913	-0.0250379685	0.1271581608	0.0031852299	-0.0589753563	-0.0743442261	0.0416490883	-0.0564283555	-0.0038426797	-0.0061248322	-0.1009414991	-0.0914785561	0.0333747788	-0.1455563289	0.0474436852	0.0433982419	-0.0964628618	-0.0061307768	0.0656161261	-0.1034483836	0.0629398435	-0.0126939665	0.0163121474	-0.0700551383	-0.0053522299	0.0926874948	0.0771324034	-0.0083161596	-0.1100164798	-0.0278374335	-0.0916895982	0.0570126861	-0.0806268426	0.0015558482	0.1856886609	0.0639867221	-0.0017636675	-0.1283258978	0.006653742	-0.0709253696	0.1118342209	-0.0267525412	0.0519958314	-0.026220807	0.0955660824	-0.1934672165	-0.0090805756	-0.0133539357	0.0275494328	-0.0356250535	-0.0139670864	0.0512794688	-0.0070285123	-0.0900870999	-0.0095037651	-0.0365785913	0.0812496881	-0.0112479386	-0.0899068067	-0.0296793985	-0.1327133781	-0.0595644938	0.0994661586	0.0881957841	0.0659963396	-0.0912608499	0.0572069633	-0.1034119012	0.2752197595	0.0727276068	0.1158128476	0.0680476885	0.0687503391	0.0132883023	0.0336934327	0.0949811744	0.122793355	0.0048368329	0.0521586349	-0.0175265748	0.0541374385	0.0691820071	-0.0613894097	0.0505468843	-0.0329096808	0.1134324989	0.0851274197	0.1487187846	-0.0854777466	0.0002002782	-0.117014185	0.0530479763	0.0328541824	-0.0372635919	0.1739706614	-0.0533818569	-0.0091214263	-0.0855215132	-0.0537767899	-0.0804639439	-0.1593913356	0.0455130691	0.0115169155	-0.1034598004	-0.0731316755	-0.1496097353	0.1144689777	0.1837722281	0.0446161542	0.0903598977	0.095200729	-0.1525388206	-0.0686893328	-0.0348277227	0.0274653601	-0.0621699244	-0.0170974362	0.0214073298	-0.0202033589	0.0939694658	-0.0936828234	-0.0629200723	0.083102414	-0.0297274627	-0.0251798292	0.0377587195	-0.0358247285	-0.1348451765	0.0566038812	0.0545772753	-0.0250374838	0.1098898638	-0.2269642472	-0.0891903301	-0.1059243522	-0.0933366137	-0.1776199119	0.0923139887	0.0120743574	-0.1181415219	-0.0367706855	0.1735337345	-0.0299509617	0.0443874929	0.097784868	-0.017898607	0.1139735602	0.0085536013	0.1162284095	-0.0573983806	-0.1103065758	-0.0563789726	0.0123489541	-0.0063830606	-0.0294010772	-0.0440585247	-0.0592057165	-0.1032697275	-0.0666152717	0.2148512446	0.1323812981	0.0882428914	-0.0705264659	0.0063639104	0.1100783261	0.0116740729	-0.0020354965	0.1494356259	0.1281453216	-0.0528246087	0.0725201993	-0.1531763172	-0.0952548303	0.0225185569	-0.0580917247	-0.0455425214	-0.0627526909	0.1129970969	0.0236370408	-0.0802893335	0.1010867546	0.0099002579	-0.0161481458	0.0330008309	-0.0443282934	0.0230664597	0.0096704353	0.1230205857	-0.0414501641	-0.0394770544	-0.0801826771	0.0355894254	0.1534155575	-0.026743229	-0.1444934873	-0.1504252232	0.0760753997	-0.0683188025	0.0058712981	-0.0370398097	-0.1019529998	0.0761730556	-0.0208954884	-0.1029964092	-0.00996374	-0.0057285	3.2815712250000003e-05	9.92761147876e-05	0.0898035999999999	0.0607530999999999	0.0080646865729599	0.0036909391596099	-0.0165495	-0.01251741	0.0001566855531081	0.00027388595025	-0.000908298	-0.000545459	2.97525520681e-07	8.25005256804e-07	-8.112539999999998e-05	-0.0002778104	6.581330525159997e-09	7.717861834816e-08	-0.000397779	0.0001291849999999	1.6688764224999994e-08	1.5822813284100004e-07	0.0	0.0	0.0	0.0	0.0
550.2333174561405	-0.0477669009416104	0.0022816768255656	302756.70363878994	786.2981803398126	-0.6573365769686461	0.4320913754208568	618264.8284057004	516.8124524606554	-0.1285963338349347	267095.11101839726	0.0165370170757859	528.5667523046053	547.5664957975432	1.137137	48.328251	0.11710528	0.0820942	0.0596456535	0.0048993369	-0.1428245875	0.1036656777	0.0224881635	0.047730973	0.0196092238	-0.0529074226	0.138370026	-0.0023486983	-0.0075563095	-0.151221727	-0.0071166561	-0.0575207637	0.054716062	0.0858385352	-0.2368207067	-0.1098295804	-0.0269139244	-0.1049877361	-0.0077469081	-0.0451321725	-0.1014546741	0.0261505992	0.2295162117	0.0907134187	0.0921715718	-0.0112901186	0.1613997197	-0.0670397727	0.0942222587	-0.0447660609	0.0062258059	0.0490925916	0.0652315996	0.0016701774	-0.0205758835	0.1042876692	-0.0614271696	0.0482541466	-0.0741090198	0.0105229981	-0.0488977555	-0.0222822813	-0.078695203	0.1035481055	-0.0142850518	-0.0566996647	0.0365064159	0.1369784617	-0.0148057389	0.0698637131	-0.0495349154	-0.1015931917	0.1263392716	-0.0126401632	-0.0898813091	-0.2130172805	-0.0373455988	0.0799362235	-0.0850127631	0.1076460569	-0.0284731955	-0.0866473962	-0.0496031521	-0.1700995277	-0.0072609599	-0.0406068556	-0.0098722	-0.1370505179	-0.0696970296	0.0683673689	0.0304122995	0.0784111847	-0.24043198	0.0125492306	0.0046591779	0.115393874	0.0558400117	0.0725616809	-0.1264595153	0.0082288834	0.0836469838	-0.0044748824	0.0152599751	-0.0419887115	-0.0288024212	0.0031072043	0.0242610109	-0.0402448371	-0.1025213197	-0.1688399566	0.0098483472	-0.086005559	0.1094868957	0.030119878	-0.0905337987	0.0061254097	-0.0019890047	0.0470029999	-0.0550775226	-0.0855364353	-0.1216489861	-0.0107202497	-0.1353220445	0.0561040464	-0.0172019087	-0.0193251159	0.0890044181	-0.1252656016	-0.0319533096	0.0096692158	-0.0633310782	-0.123920845	-0.0242675291	0.1376335942	-0.0398609067	0.095228194	0.041268876	-0.0897552387	0.0082982589	0.0466730767	-0.0084790344	0.086700807	0.1540319776	0.0079164446	0.0386101797	0.0756596021	0.1260966394	0.1568331434	-0.0715664142	0.0454658004	0.0254225064	0.2089227995	0.0590020969	0.0614225691	0.081134532	-0.0707138395	-0.1693501849	0.2099742196	-0.0740332972	0.0283450598	0.0316053019	0.0473726891	-0.0321919952	-0.1340359051	-0.1176624513	-0.0744172579	0.010073887	0.0516518005	-0.0631361174	-0.0425305488	-0.0264992648	0.0779444872	-0.0004328507	0.0273251897	0.1661794211	-0.0664514118	0.0258616244	0.1156376558	0.1324058543	-0.0486213204	-0.0338615147	-0.0118698901	-0.0833811917	-0.1221346046	0.0225340127	0.1472433326	0.0160190991	0.0086177672	0.0481843714	0.085849841	-0.0941956761	-0.0077612595	-0.1364307278	0.0213347702	-0.0514896214	0.0650914051	0.0722982294	0.0336894394	0.1655660835	-0.0126161034	0.0254458571	-0.1028709164	-0.0768866997	0.0051228703	0.089946275	0.1098228801	0.0703201255	-0.105993753	-0.0489007878	-0.0902351034	-0.0325124568	0.0294276946	0.073643	-0.0332122982	-0.0417149209	-0.0748220499	-0.0132116123	-0.1230308094	0.0741411618	-0.0260425603	-0.1066800145	-0.0127792	-0.0028154599999999	7.926815011599994e-06	0.00016330795264	0.0120093	-0.0777942999999999	0.00014422328649	0.0060519531124899	-0.0165354	1.4100000000003e-05	1.9881000000008456e-10	0.00027341945316	-0.000367634	0.0005406639999999	2.923175608959999e-07	1.35154757956e-07	2.7409600000000003e-23	8.112539999999998e-05	7.512861721600002e-46	6.581330525159997e-09	-0.000505618	-0.0001078389999999	1.1629249920999996e-08	2.55649561924e-07	0.0	0.0	0.0	0.0	0.0
551.1000605320545	0.8667430759139734	0.7512435596448158	303711.2767184341	785.7509829364986	-0.5471974033139304	0.2994249981935082	617404.6071856738	516.6183764990056	-0.1940759616497871	266894.54693646834	0.0376654788902896	528.2168718982053	551.5963150979396	1.161153	49.348942	0.060687355	0.0306405	-0.0257437557	-0.1293175906	0.0285648428	-0.0939150691	0.0930595001	0.0483226787	-0.0018539744	-0.125914063	-0.0592301947	-0.0089972103	-0.0231227109	0.0012050223	0.100888913	-0.1007729513	-0.0996724816	0.0737321817	0.0283371403	0.1091435783	0.0508363237	-0.0322606794	0.0403314962	-0.0448120202	-0.0614990054	0.0419643619	0.0169814526	-0.0470196181	0.0202141983	0.1038651743	0.0615394806	-0.1554918797	0.0096678916	-0.0291049235	-0.0527293012	0.0201117841	0.1013234743	-0.1045450153	0.0274828646	0.0407717553	-0.0651406038	0.044968622	0.0897797238	0.0534581713	-0.1099704437	0.0981537563	-0.0164127055	-0.0577918014	-0.1674261801	0.0236653785	0.0810500794	-0.0788015105	-0.1171599145	0.1112441909	-0.0174115748	0.0268160451	-0.1277350538	0.0010614603	-0.0410869885	-0.0018073322	-0.0103806416	-0.0168738002	0.0373012613	0.07385255	0.091996108	-0.0142245049	0.1199417579	0.0627130539	-0.2486354141	-0.0154511948	-0.1077494786	0.0182023694	-0.1417001135	-0.1675003345	-0.0345241445	0.0362771778	-0.0901909188	0.0142546016	-0.0028488377	0.0018197655	-0.0073634976	-0.176837573	0.1300885864	-0.0334776757	-0.11290295	-0.0049491848	-0.0434685584	-0.0920936732	0.0421441975	-0.0773576933	-0.1215342651	0.0542135372	0.0170199617	0.0009824938	0.0715386316	-0.0816826856	0.0049302452	0.0235844752	-0.0560361251	0.0198295004	-0.0645015732	-0.0035644424	0.1358093993	-0.1255408392	-0.0592549461	-0.0300995388	-0.0260168759	-0.1199537541	0.0837348304	0.0057816164	-0.0070489222	-0.0660129134	0.0897631223	-0.0671054852	0.0801526943	-0.0209895457	0.1937130887	-0.0558823172	0.0208797813	0.0538556822	0.0934904099	0.0185614341	0.0542736239	0.1012871932	0.0042743534	-0.0329567118	0.0400588323	0.0815873364	-0.0532958589	0.1392450918	-0.1416068383	-0.1386863967	0.1601023142	0.0232905984	0.075945412	-0.0819216596	0.0099221668	0.1050971552	0.057253948	0.008958831	-0.0072834949	0.1149579538	-0.1144760468	0.0003005098	-0.1115279193	0.0131604082	0.1329115606	0.1172655557	0.0168957895	-0.0269722704	0.0045848015	0.0346414777	0.0288484014	-0.0402226677	0.1715234444	-0.0433621352	0.0397972965	-0.0768886591	-0.0100388623	-0.021852659	-0.082527936	0.0723455333	0.0997122158	-0.062576561	0.0148392415	-0.1569566671	0.0185950837	0.0231247592	-0.0137229018	0.0547665333	-0.0634104807	0.0044303139	-0.032447707	-0.028848098	-0.0098458711	0.065128076	-0.0556027479	-0.0691323767	0.0050794287	0.0531283076	0.0689005814	-0.0732245362	-0.0964827682	-0.0612294709	0.0753602958	-0.1131311308	0.1073998795	-0.0392355608	0.0144767296	-0.0980719388	0.0580183312	0.1127978176	-0.0933627782	-0.1015732395	-0.2174416604	-0.0807116322	0.0275408462	-0.0740992712	-0.0847597163	-0.1380475213	-0.1660714829	-0.0837401846	0.0720729799	-0.0311386526	-0.1098938456	-0.0199178	-0.0071386	5.095960996e-05	0.0003967187568399	0.0319925	0.0199832	0.00102352005625	0.00039932828224	0.000144605	0.0166800049999999	0.0002782225668	2.0910606025e-08	-0.00058655	-0.000218916	4.792421505600003e-08	3.4404090250000005e-07	5.29395e-23	2.55299e-23	2.8025906602499998e-45	6.517757940099999e-46	-0.000624413	-0.0001187949999999	1.4112252024999996e-08	3.89891594569e-07	0.0	0.0	0.0	0.0	0.0
552.3105656199976	1.2105050879431474	1.465322567936247	305046.9608954817	784.3707760371478	-1.38020689935081	1.9049710850155768	615237.5143011175	517.5525314308674	0.9341549318617126	267860.6227904989	0.8726454367215609	528.9964964987541	554.1123615900278	1.174395	49.911701	0.061830775	0.0404402	-0.0280970502	0.0627857702	0.0364178455	0.0186082703	-0.1092748664	0.1437368728	0.0511703655	-0.2030456923	-0.0472376666	-0.0352236685	0.0197415905	0.0228033417	-0.0243723869	-0.0162287707	-0.1279261797	-0.1317499348	-0.1077079029	-0.0257673859	-0.062679936	-0.1320993032	0.0016360483	-0.0205791116	0.0615234159	0.0644587304	-0.050721338	0.0628379567	0.0459576545	0.0813934412	-0.0024199023	-0.0634737587	0.0256105543	-0.0708012964	-0.1466346756	-0.1022908216	-0.0101322723	0.0174753294	0.1624818369	0.0023807193	0.1282144822	0.058153385	0.1349856472	0.1624063653	0.0221039012	0.0514917989	0.0532022087	0.0342095586	0.0085890314	-0.1232776462	-0.0872401365	0.0092274295	0.0977112204	0.0046432109	-0.0507463325	0.1057686798	0.1412977586	0.0686710755	0.0681233017	-0.0720014218	0.1548414271	-0.0876441318	0.0753211337	-0.0508546527	0.0045239985	-0.0444277324	0.0409054301	0.1033581375	-0.1879685377	-0.0821434728	0.1512073264	-0.1481976969	0.0308826731	-0.0285604517	-0.1635826931	-0.1140433053	-0.0157490109	0.1103280968	0.2266826117	0.0980615079	0.0157424994	0.1233256068	-0.0429380163	-0.0722101776	-0.0526136693	0.1184549756	-0.0119870331	-0.1158453491	0.0006459575	-0.0354531861	-0.0097246552	-0.0717803264	0.1346977414	-0.0394606179	-0.0523602633	0.0945151904	-0.0225001984	-0.1141966185	-0.0602015609	0.04147601	0.2111784154	-0.1293513042	-0.0241976352	0.216636476	-0.0706924256	0.0711361846	0.062680452	-0.0237726977	-0.0781627454	0.0411095202	-0.0443779448	-0.0623294036	0.0921072298	0.0096219478	-0.0722907977	0.0540517024	-0.0263051373	0.1090604294	0.1407496362	-0.1568569456	0.0015908708	-0.081992888	-0.027751037	0.0045657177	-0.1049810511	0.0390813093	-0.0266515701	0.0590152394	0.1085569169	0.1052762287	-0.0882967298	-0.1245521462	-0.0536468537	-0.1412775102	0.174978109	0.0790897783	0.0629022087	0.0024543563	0.1841381831	-0.1681424831	0.0410095307	0.0057830775	0.0613998528	-0.107425357	0.1645069696	0.0395203975	0.2215679624	0.0240594322	0.0257541151	-0.0547859583	0.1053440661	-0.0256184094	-0.0207384294	-0.0313689352	0.0368174564	0.0351971951	0.0039022691	-0.0824575901	0.0538306329	0.0099231266	0.1524760212	0.0060919423	-0.2213407425	0.1546073258	-0.0070552055	0.0792433486	0.1603569117	-0.0727834245	-0.0496823224	-0.063405772	-0.0147918718	-0.1304265356	0.0205843162	0.037812323	-0.0649680238	-0.0247416206	-0.0064677651	-0.0307604032	0.0816768627	-0.0057291618	-0.1358485199	0.029750292	0.1082822309	0.0066291406	-0.0109413873	-0.047693016	0.1284694103	0.1117689086	0.0340197273	-0.0986127425	0.0649942169	-0.0681111378	-0.0205849801	-0.0371977874	-0.0111281917	-0.0861895086	-0.0969995982	0.0410770233	-0.0020968568	0.0003490229	-0.1012004374	-0.1084467557	0.0699695221	-0.0361737896	-0.11262375	-0.0128093	0.0071085	5.053077225e-05	0.0001640781664899	0.0708016	0.0388091	0.00501286656256	0.00150614624281	-0.00384342	-0.003988025	1.5904343400625002e-05	1.4771877296400002e-05	-0.000739755	-0.000153205	2.3471772025e-08	5.47237460025e-07	-0.0	-5.29395e-23	0.0	2.8025906602499998e-45	-0.000539115	8.529800000000004e-05	7.275748804000006e-09	2.90644983225e-07	0.0	0.0	0.0	0.0	0.0
552.4323484954837	0.1217828754860192	0.0148310687616432	305181.4996642355	784.9563732582382	0.5855972210903246	0.3429241053487105	616156.5079187265	517.4125675866959	-0.1399638441714614	267715.76509665715	0.0195898776752531	528.9872200658788	554.1660663910741	1.154422	49.06287	0.07549758	0.0452961	0.0427372059	-0.0562382621	-0.1007727086	0.0440170443	0.0313264559	0.1026757504	0.0685908044	0.1322171993	0.0108411766	-0.1602873026	-0.0408286237	-0.1303260722	0.0338313874	-0.1923168672	-0.0415332213	-0.0545658953	-0.1032675333	-0.1376407648	0.0966641942	-0.0514439887	-0.1150284844	0.0714386228	0.0223282961	-0.1329400743	-0.0957699166	-0.0732912209	-0.2235781455	0.0407132463	0.0510706442	-0.0328655824	-0.0900780335	0.0701087091	-0.0678217209	0.0347253539	-0.0995016834	0.1673062875	0.1059622377	-0.0587658061	0.0147278894	0.1552693919	-0.0260157693	-0.0898203799	-0.0286738917	0.0030376488	-0.0358242539	-0.0697814901	-0.1207273728	-0.0634122162	0.0607425444	0.0976176026	-0.0132807098	0.2412633675	0.0577329426	0.0135237605	-0.0354396386	0.1458019517	0.1141118346	-0.0420399723	0.1073360473	0.1003339353	-0.0501328882	-0.020590432	0.1197669257	-0.0175559744	0.0498296955	-0.0200531863	0.0277341942	-0.0044728259	-0.0292673027	0.0748066023	-0.0176827588	-0.0183741406	-0.0476822908	-0.0281025224	-0.0091883333	0.078994155	-0.2099018133	0.0567341313	0.1631537569	0.0484955739	-0.0271257995	0.0554707764	-0.016470316	-0.0863955524	-0.0131298312	-0.0347929798	0.087580152	0.0295576951	-0.1360164498	-0.0216331873	-0.0234604574	0.0966654501	0.1156962968	-0.0094173045	-0.1057604244	-0.1130148994	-0.0083644379	0.058088551	-0.0567982593	-0.0042920002	-0.076512255	0.1534070857	-0.0246036207	0.1315516886	-0.1271403157	0.0294869939	-0.0388481402	0.2028413567	0.0027865966	-0.1310341816	-0.0071777774	-0.0230571349	-0.034294172	-0.1289397492	0.1198531532	-0.0620223998	0.1304767681	0.0760696658	-0.0535177401	-0.1344383611	-0.1857542494	-0.08906224	0.0527398722	-0.0562721567	0.1311119665	-0.0883110192	0.164136126	0.0686128246	-0.0582817913	-0.0018777353	-0.014835658	0.0954582814	0.0328544964	-0.0769422965	0.0219615931	0.0482610919	0.0142434991	0.0228499501	-0.026480494	0.0881651759	0.0721200118	-0.1489180914	-0.0853638008	0.0582672266	-0.1179775921	0.0767847465	-0.0201764976	0.0231813128	-0.0646681964	-0.0017191924	-0.0033523481	-9.37273e-05	0.0057401013	-0.0379148753	-0.0789898489	-0.1101983351	0.015377139	0.1285682589	-0.0878858313	-0.1026727114	-0.0676578548	-0.1307581491	0.1491450067	0.1125580773	0.1894574803	-0.0028834874	0.0468207677	0.204263101	0.0143050589	-0.1001388497	0.00585249	0.065656281	0.0101431648	0.0562811101	-0.0783327664	-0.0606394272	-0.0472853516	0.0575732416	0.1573603368	0.0147651112	0.0261780238	-0.0411691184	-0.0237471615	0.0582790604	-0.0344946706	0.0834869112	-0.0695610817	-0.062850628	-0.0356712618	-0.0050102482	0.0675926887	0.0920503136	-0.0056906093	-0.0050567278	0.0227100293	0.0977035953	-0.0814420987	-0.061565307	-0.0246195061	0.1267430949	0.067831818	-0.0411381146	-0.1148577065	-0.0193881	-0.0065787999999999	4.328060943999999e-05	0.0003758984216099	0.0315644	-0.0392372	0.0009963113473599	0.00153955786384	-0.0123085	-0.00846508	7.16575794064e-05	0.00015149917225	-0.000351586	0.000388169	1.5067517256100007e-07	1.2361271539599998e-07	-2.6469800000000003e-23	-2.6469800000000003e-23	7.006503120400002e-46	7.006503120400002e-46	-0.000575276	-3.616100000000005e-05	1.3076179210000036e-09	3.30942476176e-07	0.0	0.0	0.0	0.0	0.0
551.3622292436861	-1.0701192517975642	1.1451552130677785	304000.30783656705	784.8482748558101	-0.1080984024280269	0.0116852646074916	615986.8145441413	517.3808411597507	-0.0317264269451698	267682.9347991712	0.0010065661667071	528.9654352941242	557.5881898236739	1.112261	47.271015	0.0768951999999999	0.0491504	-0.030908569	-0.1038686061	0.033802108	-0.0117741473	-0.0424397326	-0.0223433631	-0.0681338812	-0.0022485938	-0.0469395962	0.0953825793	-0.059675067	0.0269469222	0.1053996149	-0.0927520308	0.0415569981	-0.1017149654	0.0662916355	-0.0104627425	0.0858367868	-0.1287428401	-0.1172361808	0.2378495566	0.1383750086	-0.1410760754	-0.0593412198	-0.0063756532	0.0602705307	-0.0246489283	-0.0400707502	0.0563163709	0.1250491024	-0.0314435565	0.0370392162	-0.0533776412	0.0334436579	0.1291061628	-0.0238818071	-0.0135923815	0.0093052557	-0.095285019	0.0280264638	-0.1902143327	-0.0998493405	0.0987487231	-0.0435233887	-0.0339447928	-0.0485865204	0.0302041544	0.0453978986	-0.1197743576	0.0888007626	-0.0235359449	0.140418787	0.0936553844	-0.0566804253	0.038390074	0.0536869424	-0.1266458664	-0.0826054851	-0.0304658673	-0.0294166664	-0.2651347391	0.188827196	-0.0707279739	-0.0851784398	-0.044990662	0.1150327256	0.0556666065	-0.101606574	-0.0055691451	-0.1259420666	-0.0039644087	-0.0431674479	-0.1301672559	-0.143768065	-0.0219543012	-0.0204744176	-0.0251673403	0.0215501591	-0.1760691854	0.112109344	-0.0104151354	-0.0111396123	-0.001463296	-0.0990851191	0.033860775	-0.0245300024	0.189062578	0.108950588	-0.0681453372	0.0011588597	0.0524784562	-0.1546442712	-0.042075171	-0.0856392029	-0.0079006882	0.1748823794	0.0963750225	0.0111020231	-0.0740703788	0.0161148615	-0.0961513839	-0.0417061784	0.0165878098	0.1641723241	-0.0535586568	0.0452249279	0.0192491931	0.1019890051	-0.0494821584	0.0262033619	-0.1307402428	0.1103458443	0.022516135	-0.0188456931	-0.1513804177	0.1144386545	-0.0337691536	-0.1257712006	0.0225774513	-0.0068433224	0.1407913171	-0.0334979938	-0.065539269	-0.0959895901	-0.1673040405	0.2400278757	0.075723929	0.0924751555	0.0329587922	-0.0319195209	0.1089189329	-0.0911362834	-0.0392642825	-0.006387745	-0.0033174801	0.1546904343	0.0750718429	-0.0329948239	0.0040941553	-0.0825250739	0.1610937467	-0.1783679483	0.0905133148	0.003313527	-0.0411337114	0.0724561497	0.1155818748	0.0166333979	0.1312854786	0.0881051136	-0.0417454657	-0.0610529082	0.1508465119	0.0404303183	0.0370196359	-0.1401042084	-0.0519787568	-0.0547543806	-0.0667807291	-0.1772594268	0.0115219728	-0.0473771575	-0.0392083901	-0.0828901953	0.0982392638	0.0358242079	-0.0522271313	0.0296116481	-0.0607196067	-0.1318843733	-0.019069282	0.061711999	-0.0376019189	-0.1093482152	-0.0229273082	0.0773437617	0.0307791544	0.0609325764	-0.0700234046	-0.1322620656	0.094898098	-0.0364522378	-0.024904167	0.0451370017	-0.0385479955	-0.0865487449	-0.032948392	-0.0177235242	0.0806345193	-0.0120902705	-0.0522283441	0.0578934459	-0.0912424858	0.0102870228	0.0799007974	0.0774607498	0.0426428863	0.1473934362	0.1138802235	0.0656609137	-0.0460219099	-0.1165858777	-0.0128188	0.0065692999999999	4.315570248999998e-05	0.00016432163344	0.0774313999999999	0.0458669999999999	0.0059956217059599	0.0021037816889999	-0.0165046	-0.0041961	1.760725521000001e-05	0.00027240182116	-0.000694526	-0.00034294	1.1760784360000001e-07	4.82366364676e-07	-5.293960000000001e-23	-2.6469800000000003e-23	2.802601248160001e-45	7.006503120400002e-46	-0.00051296	6.231599999999998e-05	3.883283855999997e-09	2.6312796160000004e-07	0.0	0.0	0.0	0.0	0.0
550.5994886836318	-0.7627405600543398	0.5817731619520079	303159.79693867674	784.4389128070852	-0.4093620487249154	0.16757728693626	615344.4079259619	516.7752015642976	-0.6056395954531126	267056.6089518204	0.3667993195806099	528.3723444317205	550.758589722396	1.117312	47.485695	0.092006445	0.0515941	-0.0355249373	-0.0158817906	0.1063742415	0.0132346385	0.0461361895	-0.0104196452	-0.0486051317	0.0246661465	0.1006521208	-0.048621688	0.0953786157	0.1342300957	0.0334962354	-0.0028036819	0.0367743223	0.0470060305	-0.0006096713	-0.0020594337	-0.0112528426	-0.0997450761	-0.0450138359	0.0223086222	-0.1233091852	-0.0770907339	-0.1020489979	0.0116525597	-0.0092674188	-0.006989396	0.0654056712	-0.0028644726	0.0449027379	0.0256307567	-0.087791671	0.0063048955	0.1733437874	0.0299011216	-0.0260005274	-0.0044912363	0.0226655422	0.0374964897	0.0458274273	-0.040746676	0.0509897031	-0.086637058	0.1187814097	-0.0625162349	-0.0028928627	-0.0524515932	-0.0738048155	-0.0872047649	-0.1163367416	0.0531200875	-0.0035967738	-0.0429474069	0.0005372609	-0.0135917716	0.1170664368	-0.0050295542	-0.0249464874	-0.0432509667	0.0669682843	0.1171930976	-0.1282744264	0.0777153706	0.0568979227	-0.027866424	0.1013763842	-0.0757547479	0.0264786678	-0.0194989732	-0.0520164808	0.0390058242	0.0861713902	-0.0493102117	-0.0241771208	-0.0776891945	-0.2126249672	-0.0813281268	-0.0972238933	-0.0349837509	0.046929759	-0.1445134934	0.0234942623	0.0462447433	-0.0852681802	-0.0371658126	0.020311541	-0.0808012929	0.1195440535	-0.1109800517	0.0059700509	0.021546053	-0.0999567115	0.0609604177	0.0592793674	-0.0388548645	-0.0151978485	0.0205697402	0.091609631	-0.0632242174	0.057128287	0.0472486939	0.1857962471	0.112842612	-0.1756231858	-0.0674593481	0.0425304476	-0.1193108681	0.0299520088	0.0285777088	-0.0140077655	-0.1097986304	0.029864785	0.1180518327	0.0616905704	0.0250072607	-0.0878190431	0.0425403545	0.009695894	0.0054544687	-0.1410761208	0.013214193	0.072259396	0.0711128387	-0.0645655539	0.0842735101	-0.0870501028	-0.0899484405	-0.0243720373	0.0672819709	-0.0979414159	0.0662099263	0.068931816	0.0729065049	0.0085975574	0.0715073897	0.0054157404	0.0890204783	-0.0686567141	-0.0878978259	0.0062453817	0.045136595	-0.1196451057	-0.1393428566	-0.074984847	-0.0114729489	0.0386801831	0.1026565147	0.115105663	-0.1048383084	0.0585742082	-0.0258731026	0.0739545085	0.0661915208	-0.0215895803	0.0765026496	0.0043817443	-0.0396526696	0.1136076673	-0.0765914523	0.0897460243	0.0546322087	-0.0101302017	-0.0625909684	0.121412636	0.1317363125	-0.1298682661	0.1108240217	-0.044835043	-0.0077089963	0.0254549346	-0.0685636981	-0.0874706764	-0.1705324695	-0.0164233635	-0.1670429067	-0.0583793308	0.0151369498	-0.0709836026	-0.0999518231	-0.0099505193	-0.0131266155	0.1072105224	0.1199299747	-0.0189524967	0.0298216503	0.0285638173	-0.0482806988	-0.0691588764	-0.0854712214	-0.0563363515	0.0323905445	0.0059402663	0.0605418239	0.1384769444	0.0621926851	0.1349834608	-0.0044045304	0.038899774	0.0769508897	0.063457872	-0.0508156151	-0.1178006533	-0.0128005	1.8300000000000607e-05	3.3489000000002225e-10	0.0001638528002499	0.0368955	-0.0405358999999999	0.0013612779202499	0.0016431591888099	-0.00484595	0.01165865	0.0001359241198225	2.34832314025e-05	-7.30541e-05	0.0006214719	3.862273224896101e-07	5.336901526810001e-09	0.000157056	0.000157056	2.4666587136000003e-08	2.4666587136000003e-08	-0.000530304	-1.7343999999999975e-05	3.0081433599999906e-10	2.81222332416e-07	0.0	0.0	0.0	0.0	0.0
550.4334071254885	-0.1660815581432189	0.0275830839552794	302976.9356797738	786.1317117154608	1.6927989083756074	2.865568144197648	618003.0681646804	516.5832007115602	-0.1920008527374648	266858.2032574	0.0368643274519136	528.1248117277432	552.1944834591075	1.11617	47.437149	0.072489295	0.0416981	-0.0115374488	0.1000152316	0.0539295694	-0.0161515162	-0.0375199384	0.0848298879	-0.0318039022	-0.0024653286	-0.0075768757	-0.0507504748	-0.1054806861	0.0637445659	-0.1171301136	0.0123838621	-0.0056853788	-0.1180187786	0.0147503953	0.1255062961	0.0731676976	0.0542007659	-0.0220753528	-0.0084497848	-0.0724695535	0.1155912928	0.0869716896	0.0591507199	-0.004260872	-0.1631826246	0.013301365	0.0463363839	0.0210353881	0.0805207144	-0.033577355	-0.0600539342	0.0357147186	0.0784376949	-0.0529358556	0.0372182568	0.202977776	0.0168548758	0.0296232895	-0.1003968345	0.0405320589	0.028395695	0.1237656524	0.0245724733	0.0195701196	0.1453559773	-0.1369383809	0.0358018188	-0.041253929	0.0077788006	0.0183402619	-0.0589183215	-0.1874122011	0.2106059335	0.0414132525	0.0307528788	-0.1682010372	-0.0613714208	-0.0062358642	-0.1777784369	0.0288171818	0.0460034227	-0.1107189898	-0.1512777485	-0.0977168956	-0.0485707705	-0.0098342065	0.0608440842	-0.0077307891	-0.025170199	0.0208425188	-0.1359276092	0.1446889388	-0.0098184253	0.0710410087	0.0936723606	-0.0978808058	-0.1258572289	-0.0340435302	-0.1052421483	-2.77047e-05	0.0048506614	0.0395821962	0.0439237137	0.0122343703	-0.0453474095	-0.0200355584	0.0317805638	0.0250143814	-0.0070247007	-0.0103365638	0.0270725535	0.025046356	-0.1227436496	-0.1018832769	0.0720070436	0.0289925756	0.1102120024	0.2455034839	0.0350532452	0.0381987498	0.0305573448	0.0056752257	0.0844720907	-0.2369502613	0.1164526728	-0.1104977708	-0.0814033198	-0.0535201224	0.0079189293	-0.1126012606	0.0688350731	0.0430813208	-0.1480814607	0.0098146558	-0.0166722316	0.0272860998	-0.1555930564	0.0052161706	0.0778997327	0.0442116008	-0.1802406014	-0.1496597496	-0.0621943398	0.0233361908	-0.0704843002	0.1145791403	0.0449160318	0.1936176934	-0.0112899108	0.1404616331	0.006661256	-0.0162177927	0.0336770094	0.004798742	0.0622862495	0.0744789066	-0.0581541321	0.1436362213	0.1400885089	-0.0674435366	-0.0008298916	0.1733380642	-0.0073995447	0.0295116984	0.0352211261	-0.0513056319	-0.1226723068	0.0259281673	-0.0014104088	0.0170060483	0.0188476062	-0.1112825436	-0.0126269518	-0.0673394669	-0.0836332954	-0.0396406256	0.0894588044	-0.0246412641	0.0107533612	0.083426114	-0.1841274505	0.1733395405	-0.0426738957	-0.0397684681	-0.0324440268	0.036830555	0.0244518525	0.2033639564	0.2555332262	0.0236948129	0.0395783482	0.0319795721	0.0225582603	-0.0002837031	0.052731807	-0.0479179513	0.1232662285	-0.1507770811	0.0235418787	0.0067478076	0.0038927523	0.0714538522	0.0315897715	-0.0313564138	-0.0287963248	-0.012122426	-0.1358281243	0.0571191176	-0.0246064788	-0.0796308533	-0.1110862825	0.0158875536	0.0586533466	0.032991812	0.0605299995	0.0079135965	0.1260840567	0.0612237711	-0.0555098464	-0.118496684	-0.0127935	7.000000000000062e-06	4.900000000000087e-11	0.0001636736422499	0.0705217	0.0336262	0.00497331017089	0.00113072132644	-0.0197571	-0.01491115	0.0002223423943225	0.0003903430004099	-0.000524656	-0.0004516018999999	2.0394427608361002e-07	2.75263918336e-07	0.000147908	-9.148e-06	2.1876776464e-08	8.368590400000001e-11	-0.000512155	1.8148999999999965e-05	3.2938620099999867e-10	2.623027440250001e-07	0.0	0.0	0.0	0.0	0.0
551.4210900398618	0.9876829143732948	0.9755175393449252	304065.2185407494	788.1311052643582	1.9993935488973875	3.9975745633724897	621150.6390852189	516.3903078585915	-0.1928928529686118	266658.95005029097	0.0372076527263704	527.9727566690125	551.675858454829	1.156621	49.156303	0.04280138	0.0206696	0.0796301236	0.0373579487	-0.1162717414	0.0990604755	0.0593258174	-0.0259885998	0.047012154	-0.145613507	0.0078182364	-0.038015331	-0.0144935485	-0.1288010393	-0.0374173676	0.1494531607	-0.0689981767	0.0620843449	-0.1021986561	-0.0386140965	-0.0126162682	-0.0320128768	-0.1191034119	-0.0502306424	0.0374895815	0.1414302574	0.0507304032	0.014189891	-0.067217421	-0.0619527597	0.0575412323	0.1745293566	0.0705163012	0.0228621476	0.0441537123	-0.0540179038	-0.0808273176	0.0595639167	0.0866265154	0.0422237141	0.1110652047	-0.1258098595	0.0766420073	0.0265915289	0.0638291609	-0.1448094071	-0.1114060162	0.0710980394	-0.0783434111	0.0203012093	0.0482915731	0.1844462879	-0.0104279595	0.0301553202	-0.2233787691	-0.0976183325	0.0953453016	-0.0024056186	-0.0271932131	0.1292585511	0.0686062278	0.0271112487	-0.0268633397	0.0136968805	-0.0559090324	0.0109372226	0.0103035948	0.0939448773	-0.0835786314	-0.0679842183	-0.1302340899	-0.0864217071	-0.1065875391	0.0418639735	0.0548303625	-0.0154424653	0.1784446768	-0.1218653291	-0.0558534839	0.0004213022	-0.0141095694	0.072581072	-0.0252458568	0.0213218334	0.0359890601	-0.0907184272	-0.0718942164	0.0813862565	-0.0106092123	0.036152941	-0.0598850247	0.1308994622	0.0316374042	0.033787667	-0.1865175023	-0.0688042184	0.0448495198	0.0599457231	0.1272999826	0.073689017	-0.0275064358	-0.060808171	0.0027916683	0.0234904087	0.0917206872	0.028530666	-0.0100500864	0.0176144544	0.035395897	-0.0208682276	0.011930807	-0.0035975921	0.0332416347	-0.1390068135	-0.0942898891	-0.1375860479	-0.0090135076	0.2098548661	-0.0554851849	-0.0143425073	0.1531129523	-0.0214521254	0.0299101685	-0.1314085199	0.0001849732	-0.0340778326	-0.0262646514	0.0652580891	-0.0273678209	-0.0214555254	0.0545036712	-0.1444957178	0.025660295	0.1201252856	0.0129275473	0.0335341584	0.0762312202	0.0307041162	-0.0121312271	0.1814697836	0.1036858498	-0.0173516842	0.0388286035	-0.0460385449	0.1046359329	-0.0953436976	-0.0820614137	0.0020078777	0.0629543342	0.1190540895	-0.012851833	-0.0374988333	0.0969377731	0.0188113786	-0.0762413408	-0.0960351575	0.0676319282	-0.0515623185	0.0228286225	-0.1426876027	-0.1410200935	-0.080681237	-0.008670209	0.0405039988	-0.0559960895	0.07195636	-0.0694150527	0.1537924343	-0.0198843046	-0.0044847609	0.0021398581	-0.0630901997	0.0257105978	-0.0268607602	-0.0137395742	0.0710744397	0.0028737708	-0.0216577463	-0.0146439747	-0.007862499	0.0269294747	0.0670677411	0.2344705173	0.0157764397	0.0695764697	0.0533386536	-0.0250430185	-0.0248819791	0.0515290451	-0.0226305175	-0.0200556678	-0.0003421478	-0.0461470041	-0.1159037485	-0.0658399079	-0.0881649255	0.0864400514	0.0446531032	0.0479123816	0.0896888823	-0.1420172364	-0.0743185822	0.0589597043	-0.0600954145	-0.1186709048	-0.0198616	-0.0070681	4.995803761000001e-05	0.00039448315456	0.0590618	-0.0114599	0.0034882962192399	0.00013132930801	-0.00569207	0.01406503	0.0001978250689008	3.2399660884899994e-05	-0.000492796	3.185999999999998e-05	1.0150595999999986e-09	2.42847897616e-07	5.288260000000001e-23	-0.000147908	2.796569382760001e-45	2.1876776464e-08	-0.000487756	2.4399000000000035e-05	5.953112010000018e-10	2.37905915536e-07	0.0	0.0	0.0	0.0	0.0
552.3770134333082	0.9559233934463692	0.9137895341380218	305120.3649695012	784.2487462474679	-3.882359016890291	15.072711536029349	615046.0959907253	516.8177231713817	0.4274153127901172	267100.5589840509	0.1826838496074737	528.2658429978386	550.2177286025917	1.182534	50.257633	0.0654041799999999	0.030732	0.0021947668	-0.1390215322	0.0285010046	-0.110152159	0.0913923168	0.0932842721	-0.0071791858	-0.0306423966	-0.0423408871	0.0307930076	-0.0298753631	0.0152705412	0.1372496746	-0.1212571582	-0.0764933777	-0.0026899389	0.1241389955	0.1129873242	0.0311324587	0.0084009756	0.0696016944	-0.0051542762	0.0299682221	0.1307487844	0.1076320904	-0.0105298366	-0.0249482872	0.0753186675	0.0329251992	0.0075659203	-0.0189269032	0.0228123245	0.1440939156	0.1130293447	-0.0410583558	0.0095952349	-0.0170738956	-0.0637475332	0.0454112765	0.0363544829	-0.018380361	-0.1584061822	-0.0537193415	-0.083102304	-0.1112927793	0.0333111029	-0.1163333518	0.0314663873	0.1112520728	-0.0531123989	-0.1014751667	0.0110066585	-0.1353501779	0.0377546912	-0.1879780229	-0.0014740174	-0.0443351318	0.1234921377	-0.0515178899	-0.0546778923	0.0816481611	-0.1387722196	0.0400083685	-0.0371402407	-0.0823415002	0.0556110841	0.0055751736	-0.0760789296	0.0089047237	-0.0748774857	0.051873028	-0.1098684647	0.0401373849	0.1691234293	-0.0782711031	-0.0759379102	-0.0750728958	-0.0310283138	0.1619282085	0.0136282581	0.0423596029	-0.0628311775	0.0585645536	-0.0080587236	-0.0366072163	-0.0694520321	0.0256645953	0.0185308227	0.0127626832	-0.0596902412	-0.0590974712	-0.0326666197	-0.1887759709	-0.074779981	0.1201523224	-0.0195352386	-0.0280471706	0.0119352608	0.0755130032	-0.0129306893	-0.1321050712	0.0591929203	-0.0235998094	-0.0988627949	-0.0141227473	-0.1097257317	-0.0230982028	-0.0821053959	0.1313827163	-0.0429280168	-0.0914944195	0.1159337178	0.1040718271	-0.0397781779	0.1658300798	-0.1199290994	0.0237980621	-0.0426440576	0.1499359245	0.0448156262	0.0980571818	-0.0434315698	-0.0022284915	-0.0820469989	-0.1589651118	0.0163192935	0.0548264913	0.0152200742	0.0315884258	-0.0593952635	-0.0135360969	-0.0107636351	0.012344244	-0.0287908407	-0.0463994963	-0.041358998	-0.0981501915	0.0190621647	0.0401862602	0.1773855055	-0.170625506	-0.026747686	0.002619324	0.0159534605	-0.1237291155	-0.0265931668	-0.0966328674	0.0655010574	0.0825978803	-0.0271838732	-0.0247429534	-0.0521933941	0.0400104131	0.1576745673	-0.0239181452	0.0763819752	0.1820572883	-0.1572520999	0.0242312429	-0.0194003475	0.0069893282	0.1227154252	-0.0272478181	0.0629421447	-0.0188257379	0.0070599051	0.0546283871	0.032725855	-0.0546063104	-0.0701019462	-0.0607408586	0.0189164258	-0.124964771	-0.0676964607	0.0042935633	0.0650601702	-0.0471209916	0.0471451367	0.0927432482	-0.0855369756	-0.1293330393	0.0019745088	0.0309535183	0.0777936489	0.1313473175	-0.0055154831	-0.0131508975	0.0886646323	0.0210459105	0.0062993096	-0.0803858426	-0.0501684988	-0.0972279894	-0.0505982333	0.0993157906	0.0475435436	-0.1256107648	0.0780511315	-0.010025364	0.0202535492	0.05666678	-0.0645633431	-0.1183225485	-0.0127856	0.007076	5.006977600000001e-05	0.0001634715673599	0.0373069	-0.0217549	0.0013918047876099	0.00047327567401	-0.0165646	-0.0108725299999999	0.0001182119086008	0.0002743859731599	-0.000221618	0.0002711779999999	7.353750768399998e-08	4.9114537924e-08	0.000183461	0.000183461	3.3657938521e-08	3.3657938521e-08	-0.000547132	-5.937599999999998e-05	3.5255093759999972e-09	2.99353425424e-07	0.0	0.0	0.0	0.0	0.0
552.8189332697077	0.4419198363995065	0.1952931418033665	305608.7729814575	787.0368562271037	2.7881099796358058	7.773557258544773	619427.0130598427	517.4137078530014	0.5959846816197114	267716.945074191	0.3551977407253487	528.9658335146963	555.4283741184021	1.17855	50.088299	0.0803619	0.0417526	-0.0285028353	0.0648106345	0.0879547656	0.1487896689	-0.0695649648	-0.0161798408	0.0507819277	-0.1029893583	-0.0855855494	0.0698460475	0.0700440868	0.0867718895	-0.0215455834	0.1530280385	-0.1179058426	-0.0525152682	0.024920378	-0.1399689302	-0.0233666817	-0.0369435327	0.0170106981	-0.0228128419	0.0772407415	-0.0698409513	-0.0766078565	0.1065878236	0.082208253	-0.0631565678	-0.086915751	-0.0408058215	-0.0118143477	-0.0954166475	0.0815049328	0.0153981619	-0.1640934213	-0.0285089774	-0.159502665	-0.0126921767	-0.0552992194	0.0719005645	-0.0306169459	0.0093343619	-0.0703689509	0.0189844109	0.0331953822	-0.0399072899	-0.0108234182	0.0317892754	-0.0639579464	-0.0154655388	0.1515638968	0.0481561892	-0.0783585521	-0.0006628098	0.1286623419	-0.0023136332	0.0424894164	-0.0466200879	-0.0714916032	-0.0106659402	-0.0148989393	-0.023758016	-0.0938298954	-0.1350125817	-0.0526393406	-0.0077439783	0.0697683205	-0.0916674221	0.059432275	0.0871076626	0.0108650371	0.0537604179	0.1770493266	0.0775715849	0.0939983012	-0.0132619717	-0.1115524438	-0.2156459854	0.1168585878	0.0541807515	0.1142287754	-0.1430742852	0.0705957066	-0.0103044326	0.1097600003	0.0683064288	-0.1130858419	0.0168967883	0.1148217911	0.1030106828	-0.1013132	0.0347789886	-0.0488720329	0.0804044211	-0.1101805886	-0.1129313785	-0.0260433412	-0.0582106967	-0.0111031971	0.0219638795	-0.0381128413	0.0247172352	0.04434785	-0.009831905	0.0057147178	-0.1232593389	-0.0800374481	0.1915961029	0.112611823	0.0668976235	-0.0614849124	-0.0855697679	-0.0300136036	0.079731944	-0.085653778	0.1853935327	0.1388307011	-0.0305736205	-0.0155642728	-0.0331645051	0.03350134	0.023543337	-0.0068604998	-0.0592492762	-0.0743348038	0.0707342346	0.0962681231	-0.096885264	0.0197280672	0.0978500804	-0.0883291911	0.0201104351	-0.0146584995	-0.0058464411	-0.1021911914	-0.0325096499	-0.1427492672	0.1727135441	-0.0798956468	-0.0813834394	-0.0640261775	-0.1122546263	0.0573808603	0.0404187925	-0.1240990446	0.0818320934	-0.1323444732	-0.0101693815	0.0057680101	-0.0067374493	0.0965261432	0.1432430418	-0.087944938	0.0609921681	-0.0608208683	0.2057139196	-0.1448011815	0.0342149837	-0.0744666747	0.0335965335	0.0477585586	0.0466877232	0.0043851809	0.0134949677	0.0794488692	-0.0577476824	0.0556622903	0.0578993897	-0.150158599	-0.1652873786	0.0476960817	-0.0227629221	0.003608282	-0.0716009384	-0.0359190636	-0.1406782185	0.0689566722	0.0100076379	-0.1672847102	-0.023239299	0.1148404648	0.0929278212	-0.0531838571	0.0335098193	-0.0440737581	0.0437128702	-0.1083169996	0.0441587153	0.0641809905	0.0284978182	-0.115976608	-0.0068312424	-0.0126588507	-0.0570133948	-0.0053442914	0.0120816851	-0.1336114784	0.0702388322	0.076971782	0.0219020289	0.0543461203	-0.0689048858	-0.117453149	-0.0128155	-2.9900000000001103e-05	8.940100000000661e-10	0.00016423704025	0.0704028	0.0330959	0.00495655424784	0.00109533859681	-0.027165	-0.0106004	0.00011236848016	0.000737937225	-0.000682788	-0.00046117	2.126777689e-07	4.661994529440001e-07	-6.88702e-23	-0.000183461	4.743104448039999e-45	3.3657938521e-08	-0.000635215	-8.808299999999998e-05	7.758614888999997e-09	4.03498096225e-07	0.0	0.0	0.0	0.0	0.0
552.782861650792	-0.0360716189156846	0.0013011616911983	305568.8921348387	787.7036886375356	0.6668324104318799	0.4446654636023911	620477.1010931797	517.5684918635769	0.154784010575554	267877.1437699375	0.0239580899298532	529.0990087053929	558.9763880932602	1.165258	49.523384	0.079276315	0.0486062	0.0705432657	0.0597853803	-0.0918129743	-0.097942537	0.1274865868	-0.0184442769	-0.0782521038	0.0493290469	-0.0767814085	0.0430001039	0.1331770485	-0.1012436009	-0.0662624838	-0.0797219316	0.0306727322	0.0923910225	0.1656252292	0.0015098239	-0.1127721596	0.0164193852	-0.0418464071	0.0283080418	0.0269754771	-0.0732449514	-0.0943756681	0.0642017216	0.0200705647	-0.0436184909	-0.0509469968	-0.0039921677	-0.0571082297	-0.0524453558	0.1064482834	-0.0066671865	0.018430664	0.0762278134	0.0020785973	0.0280506299	0.004644664	0.0752322198	0.0143846882	0.0269814958	-0.0459394526	-0.067199121	0.114180715	0.1787381577	0.0412703199	-0.0633077441	-0.0226914286	0.0998183482	0.0118753348	0.1106196516	0.0073266138	0.0168205715	0.0096368724	-0.0617302649	0.0337794601	0.113918566	-0.0414069133	0.1628865783	-0.0275188404	-0.0448196049	0.0437282829	0.0136761236	0.0941618687	0.1143099356	0.1004289296	0.0356598847	0.0170089178	0.0696347796	-0.1240246172	0.0579425089	0.0721986974	0.0734774578	-0.0045591808	-0.0461605699	0.10451966	-0.0512073061	-0.0463174484	0.0732336498	0.1426921869	0.0422736465	0.0951644626	0.0510193302	0.040787653	-0.0771959286	0.0383044885	-0.0201235357	0.0044009688	-0.0295231325	-0.0163147401	0.0122592776	-0.088121743	0.1062070209	0.1224755783	-0.0611396075	-0.0050882405	-0.085516276	-0.1496895893	0.1140314344	0.0660377055	-0.0771616602	-0.0051442325	-0.0637199353	0.1109964797	0.029993572	-0.1189947058	-0.0629055679	-0.1287511699	-0.0674639249	0.06808738	0.1380768106	-0.0978807152	-0.0701175366	0.0338137418	-0.0111550041	0.0629821443	0.0873053538	-0.0078827785	0.1164505069	-0.031653518	-0.0393623143	0.1704847481	0.0327575453	0.0102294341	-0.0657516268	0.0411903552	-0.0118584383	-0.0960242131	-0.0752654505	-0.0625480639	0.0270212037	-0.0959743269	-0.079448734	0.080472086	-0.0784624194	-0.1070479481	0.1012323783	-0.0368591026	-0.0176147823	0.0015861274	0.1376984912	0.1400500782	-0.0086263148	-0.0425696173	0.0168489924	-0.0629784269	-0.0569763413	0.0526251832	0.0181997024	-0.0358457377	-0.0225448881	0.0149112443	0.0138998848	-0.0764875443	-0.0017487981	-0.1695523757	-0.1323921821	0.0929899467	0.017438336	0.1341448552	0.0212051052	0.0697270168	-0.0522497573	-0.1178923607	-0.0633151811	-0.0800981383	-0.0808360199	0.0455401326	-0.0287850971	0.1189233456	0.0499742355	0.0797371007	0.0070438163	-0.0334384424	-0.0115874319	-0.0772294621	0.0750314594	0.0701162581	0.0981554868	0.0043434549	-0.0069270685	-0.0002364101	0.0866763224	0.059001556	-0.0685223825	-0.0998991488	0.0195050917	-0.0850536678	0.0720938303	-0.1546855868	0.0856803857	0.019225558	0.0650992314	0.0434473251	0.0134440139	-0.0340652584	-0.0167938877	0.1096901055	0.0471458722	0.051998861	-0.073111544	-0.116066535	-0.0127987	1.6800000000000842e-05	2.822400000000283e-10	0.0001638067216899	0.0330774	-0.0373254	0.00109411439076	0.00139318548516	-0.0233663	0.0037987	1.4430121690000017e-05	0.00054598397569	-5.3218e-05	0.00062957	3.963583849000001e-07	2.832155524e-09	1.32873e-05	1.32873e-05	1.7655234129e-10	1.7655234129e-10	-0.000515364	0.0001198509999999	1.4364262200999982e-08	2.65600052496e-07	0.0	0.0	0.0	0.0	0.0
551.4118827862545	-1.3709788645375056	1.879583047008548	304055.0644778821	781.2480628731132	-6.455625764422393	41.67510401027421	610348.5357429918	516.8267782919561	-0.741713571620835	267109.91875964275	0.5501390223265354	528.4565204366983	558.0501764607412	1.173326	49.86628	0.0863975904999999	0.0566791	0.0294385038	-0.0933794969	-0.0227716405	0.034580785	-0.2234824768	0.0275887516	-0.0672864924	0.0447202715	0.0123084735	0.0082133768	0.0852668854	-0.0151119148	0.0977996342	0.1098681964	0.1381972025	-0.1343250974	0.0128172234	0.0049711965	-0.1253639939	-0.038639639	0.1276457124	-0.1216969345	-0.0299023167	-0.0372585305	-0.1500152203	0.026678977	0.0056706347	-0.0030578167	0.1077336486	-0.0729746642	-0.0518027419	-0.0253288417	-0.1360116588	-0.2245821037	0.0650606939	0.0866969546	-0.0530549991	0.0612407793	0.1078211866	0.0838625192	-0.1227547127	0.0979200726	0.0735827616	0.0739793784	-0.0553544209	0.0232011052	-0.0688136317	0.1194896977	0.0905208712	-0.0252564487	0.0147302752	0.0433381962	0.0693836558	-0.0001465258	0.2180865608	0.1885971089	0.0794640989	0.0036491354	0.0092865406	-0.1194167223	0.1412486694	0.1351723428	0.0525328194	0.0815034311	0.1619209161	0.0150366666	0.0054230225	0.1766146953	0.0152123369	0.0426484308	-0.0531359772	0.0242606436	0.0025847293	0.0442680218	-0.0278406263	0.1027145258	0.0133665471	-0.0934900388	-0.0152830595	-0.053870338	-0.1085357145	-0.0175906881	0.182320539	-0.0686898284	0.0428179308	-0.0653629543	-0.1017827082	-0.0106595454	-0.0401666964	-0.0532262377	-0.1305952063	-0.0621299581	0.0050044674	-0.0378755828	0.0032968415	-0.0607859965	0.1412274913	0.1440842937	0.0055988061	-0.0385226805	-0.0193495917	0.0204087034	0.0015782319	-0.1731705095	0.0007449596	0.0857178725	-0.0489321707	-0.1394466991	0.0316653445	-0.0191963201	0.0115377988	0.1290310677	0.1137093039	-0.0449215287	-0.078353959	0.0986306884	-0.0024854169	-0.0584428746	-0.1126876605	-0.1808752533	-0.1176602929	0.0368757053	0.1230848573	0.1718348544	-0.0567990165	-0.0190110025	-0.143572958	0.1289480918	-0.2096768628	-0.0088419764	0.0277292216	-0.0879249905	-0.0289910666	-0.1290357782	0.0660690613	-0.0744544836	0.0813601948	0.082648426	-0.0584618297	-0.0869487142	-0.0296746157	0.0713556631	-0.0067241526	-0.0454736953	-0.0564171105	-0.050574764	-0.1668442144	-0.0190663312	-0.0649759371	-0.0003194396	0.0976405012	0.0676485776	-0.0601963532	0.0783961485	0.0213225968	-0.0473788654	0.1422117943	-0.020045513	0.0426153329	-0.0041019146	-0.0661005379	-0.0171576129	0.0832381912	-0.0536180482	-0.054085264	0.1316520254	0.2029176629	-0.0168501839	0.0261667938	0.0360512054	0.088182058	0.0662183103	-0.0798360605	-0.0317503238	0.0244970511	0.1326882765	0.081413078	-0.0276168193	0.0483771906	-0.0593323822	0.12348568	0.1240341724	0.0148124365	0.0389494851	0.0122021142	0.2155971264	0.0084757623	-0.0614162849	-0.0839644941	-0.0494957716	-0.1124692755	0.1662874526	0.0811829106	0.0629680314	-0.1001796822	0.0339169729	0.0032917777	-0.0604115466	-0.0119855516	-0.044375199	0.0496261511	-0.077175083	-0.1141688124	-0.0128094	-1.070000000000064e-05	1.1449000000001367e-10	0.00016408072836	0.0786170999999999	0.0455396999999999	0.0061806484124099	0.0020738642760899	-0.01653	0.0068363	4.673499769e-05	0.0002732409	-0.000710516	-0.000657298	4.320406608040001e-07	5.04832986256e-07	-2.88751e-06	-1.617481e-05	8.3377140001e-12	2.6162447853610003e-10	-0.000522109	-6.74499999999995e-06	4.549502499999932e-11	2.72597807881e-07	0.0	0.0	0.0	0.0	0.0
550.4092027036803	-1.0026800825742157	1.005367347991036	302950.29042090103	786.2529085372931	5.004845664179925	25.048480122260592	618193.636183353	517.4094587681559	0.5826804761998119	267712.548022756	0.3395165373444395	529.1603657688177	559.3790977335858	1.156273	49.141506	0.0837796554999999	0.0500587	-0.025951613	0.0053920437	0.1118298965	0.0307326527	0.0776016338	-0.1486679863	-0.0746878978	0.1528686011	0.1015529535	-0.0797390993	0.0468592292	0.1222033209	-0.0004206724	0.0190489943	0.1249048976	0.1140050793	0.0352301597	-0.0340622799	-0.0295023054	0.2662836946	-0.0804104909	-0.0120692264	-0.1125605852	-0.1554855544	-0.0139107117	0.0333437936	0.1047449447	0.0005501275	0.0388263069	0.0010232497	-0.1551120733	-0.0649279572	-0.0534819032	-0.048509142	-0.0663657571	-0.0705857476	-0.0925189215	-0.010336013	-0.020197932	0.0445371591	-0.0382615753	-0.1421489411	-0.0254612668	-0.0197799503	0.1676967087	-0.0276412434	-0.1157006656	-0.1581469853	-0.0761427147	-0.1313139351	-0.0597338042	0.0332621092	0.0592291637	-0.0248067919	-0.0566757528	-0.1347911295	0.274974928	0.0208562368	0.0096126683	0.0681521531	-0.0177743528	0.037711731	-0.0307966846	0.082748388	-0.0346237958	0.1398392201	-0.0683205892	0.1491996817	-0.0330175495	-0.0113387832	0.1779540185	-0.1095349482	-0.1059707825	0.0098117341	-0.1493092503	-0.0206756532	0.0510085177	0.1248047804	-0.1158315909	0.0264896309	-0.0321779018	-0.0790917137	0.1046897172	0.0979902009	-0.0454382019	-0.0575255247	0.0063294709	0.0675537618	0.0646044325	0.1428703691	-0.0450060086	0.0526354109	-0.1372567897	-0.0800425925	-0.0986530363	0.0260851828	-0.0099106317	-0.0064682529	0.0180831752	0.2017611671	-0.0126920595	0.0331968607	0.0563717534	-0.0307965747	-0.0795464042	-0.1343605656	-0.0570264535	-0.1061236087	-0.0576929773	-0.0528408125	0.0615448839	0.024823482	0.0527061256	0.1390301589	0.004565144	-0.0335346722	-0.089743824	0.1154186439	-0.0476320948	0.1334079768	-0.2306588534	0.0045453204	0.0778122295	-0.0398864449	-0.0077604923	0.0328521197	-0.012298548	-0.0800313341	-0.079479078	-0.1167530205	0.0313903597	-0.1112246062	-0.0508758656	-0.1155120199	-0.1188544681	-0.1102486847	0.0600412226	-0.2291883161	0.0007452157	0.0613882876	-0.0462773657	0.0800730753	0.0190605749	-0.052253846	0.0606222017	-0.2027035229	0.0212572275	-0.0013616777	0.1427513125	-0.0661295427	0.0145310442	-0.0820128148	-0.0398231168	-0.0246160646	0.0287211976	0.1252338309	-0.0284053045	-0.0493537859	-0.1766385715	-0.0647326881	-0.0671523481	-0.0151439682	0.0360131201	0.0068168032	0.0608254919	-0.022573878	-0.1191784874	0.0697250501	-0.089457211	0.0042195068	0.0976660526	-0.0911425887	-0.1397353099	0.0458537785	0.1686527807	0.02548232	-0.0474841981	0.0409096186	-0.0472537435	-0.0690582555	-0.0848345823	0.0167431793	0.1256738781	0.0708568778	-0.1248442427	-0.0854569156	-0.0478647342	-0.0268367806	-0.0800241616	-0.0679843716	-0.028200602	0.1487876456	0.1411981656	0.0009710393	0.0201495592	0.0712361973	-0.0019402564	-0.0439188104	0.010733458	0.0379041593	0.0472291519	-0.081087548	-0.111768338	-0.00969622	0.00311318	9.6918897124e-06	9.40166822884e-05	0.0375074	-0.0411096999999998	0.00140680505476	0.0016900074340899	-0.0213702	-0.0048401999999999	2.3427536039999997e-05	0.00045668544804	-0.000164632	0.000545884	2.97989341456e-07	2.7103695424e-08	0.000125689	0.00012857651	1.5797724721e-08	1.65319189237801e-08	-0.00054198	-1.9870999999999973e-05	3.9485664099999885e-10	2.937423204e-07	0.0	0.0	0.0	0.0	0.0
549.9663176357271	-0.4428850679531706	0.1961471834158845	302462.9505338015	786.7786778427263	0.5257693054331867	0.2764333625356955	619020.6879079485	516.9891541911995	-0.4203045769563687	267277.7855513319	0.176655937410472	528.6671680855618	554.3168948790964	1.129086	47.986061	0.06594513	0.0439166	0.0260521789	0.1110729571	0.0290213862	-0.0496667593	-0.1157184455	0.0928539409	-0.0837443876	-0.0225690291	0.1404407329	-0.0306680549	-0.1083090703	0.0291968035	-0.1225026822	0.0576880099	0.0716570008	-0.0505572699	-0.2078241613	0.1814625651	-0.1163933484	0.0539274503	0.0032124182	0.1637547012	0.1072284851	0.0011555803	0.0455727229	0.0740043892	-0.0057684824	0.2715180367	-0.0403977116	-0.009359771	0.1414614098	-0.0781242259	0.0793157	-0.0329499217	0.05588997	0.0566583218	0.0454233886	0.0288136143	0.0820955401	-0.048343549	-0.0056724161	-0.0311143858	0.0233049014	-0.1282274041	-0.0027365803	-0.0054881641	-0.009091805	-0.0657214825	-0.1331362586	0.0018237329	-0.011066642	-0.0025443706	-0.0679274909	-0.0594947058	0.0361263029	0.0752738669	0.048562745	-0.216747052	0.0191951076	-0.0705764773	-0.0302057509	0.1207807241	0.1279836275	-0.0406172832	0.0300061461	0.0606557968	0.1243245359	-0.1213978524	-0.0720637072	0.0060401495	0.0063958728	-0.0454382981	0.0509709157	-0.0509911034	0.0534911847	0.0002311045	0.0766166511	-0.0113063835	0.1063526257	0.0040833637	0.0208993015	-0.0547492154	-0.0105994778	-0.0864832814	-0.1460084031	0.0493892318	0.0080547233	-0.181684515	-0.0141709729	0.0542372592	-0.1087972194	-0.124278526	0.0705830799	-0.0964561863	0.1259892154	0.0587981421	0.1166513335	-0.1272094715	-0.0576569765	0.1439614811	-0.0652131739	0.1014755804	-0.1213267385	0.1016349807	0.1590602585	0.008573778	0.0124063751	-0.1445682597	0.1048466577	-0.0940114548	-0.012411032	0.0831007512	-0.0908553388	0.0845374317	-0.0368709488	0.0456190459	-0.072934804	0.0126446334	0.0873964225	-0.1287335982	-0.0917707438	0.1760450772	-0.1065534811	0.0468793185	0.0484079876	-0.0279066143	0.0021211964	0.1232227099	0.0237028343	-0.0179924005	-0.1722765864	0.1605413662	0.0003929236	-0.046461886	-0.095271024	0.0344760177	-0.0428353559	0.0380138414	0.0478022023	-0.0090106818	-0.0604855249	-0.0480977223	0.0507393958	0.0822579274	0.0629056355	-0.0855405338	-0.0407980721	0.0374535243	-0.1168634924	0.0554420313	0.0489141795	-0.1097208141	0.1385866822	-0.0870504689	-0.0290836962	0.0311152518	0.054474159	0.0542247748	-0.0026757564	-0.204296885	0.1518441367	0.1387076701	-0.1097764821	-0.0510073215	-0.158779338	-0.1384365037	0.0979046042	-0.0356504271	0.1375270559	-0.0401555427	-0.0010002914	0.1196860267	-0.1428806229	0.0316884185	0.0326655337	0.0015862223	0.0019481627	-0.0116321829	-0.1123970343	0.0844117035	0.0583614503	0.062279836	0.1025558949	-0.0502247277	0.1162944345	0.0625140549	0.082554929	-0.005530365	-0.1073219097	-0.1425969421	0.0971781929	0.079997835	0.0763045183	-0.0046701842	-0.0043554012	0.0691921146	-0.0069990798	0.033229483	0.031313692	0.0950261496	0.0448090364	-0.0848412804	-0.1088756826	-0.0168563	-0.00716008	5.126674560640001e-05	0.00028413484969	0.0795637	0.0420563	0.00633038235769	0.0017687323696899	-0.01655	0.0048202	2.323432804e-05	0.0002739025	-0.000350365	-0.000185733	3.4496747288999995e-08	1.22755633225e-07	0.000121539	-4.150000000000006e-06	1.4771728521e-08	1.722250000000005e-11	-0.000590268	-4.8288000000000064e-05	2.331730944000006e-09	3.48416311824e-07	0.0	0.0	0.0	0.0	0.0
550.4643644813511	0.4980468456240032	0.2480506604360197	303011.0165638578	784.793340626258	-1.9853372164683376	3.941563863094248	615900.5874913218	516.7740195541389	-0.2151346370606006	267055.3872861416	0.0462829120631963	528.5288982795349	552.189490603229	1.127683	47.92646	0.06937093	0.042455	0.0733857664	-0.0452674146	-0.0754319131	0.1136051685	-0.0257257426	0.0195747247	0.0089048428	0.1694568087	0.0684289995	-0.124844468	-0.043948266	-0.1155170093	0.022182483	-0.0233420649	0.0589777435	-0.0114657673	-0.2106582977	-0.0882479715	0.1617643758	0.0912249945	0.0477405019	0.00785003	-0.0069688138	-0.010661135	-0.0618459923	0.0589137681	-0.1404732962	-0.003894939	-0.0246369413	-0.0120653381	-0.0005802785	-0.1201415871	-0.0428976202	-0.0364125512	0.0069625867	0.0478535221	0.1251739502	-0.0518742922	-0.0240709775	-0.0476986215	0.026635119	-0.0257886636	0.0455507923	0.0255291804	0.0678104266	0.0754362672	-0.1034919867	0.1034932352	0.078636631	0.0841388949	-0.0279891296	-0.0939732776	-0.0181352146	-0.1930029646	0.0110151185	0.0568900161	0.1136358351	-0.0583169298	-0.0074909	-0.0741603249	-0.0067828947	-0.1243088912	-0.0852927685	0.0624576086	0.0230779741	0.0367960566	0.1954941576	0.1494586868	-0.0937183792	0.1313747305	0.033090006	-0.0735678114	0.0135125678	0.074047301	0.0443269876	0.0828165298	0.1229846076	0.0728993645	0.1007456148	0.0747514427	0.0889524372	-0.058464014	-0.1359624946	-0.06894645	0.0503251382	0.0561746883	0.0563331042	-0.0065155494	-0.024641723	0.0452378587	-0.124388066	-0.1599834673	-0.0955861167	-0.0264230063	0.0615181932	0.0763894668	0.0059550606	0.1668064074	-0.0745317914	0.0285693956	0.0354251816	0.0624920356	0.0823817867	0.0084805211	-0.1123989546	0.1513324882	0.0558735027	0.0552585446	-0.0073246212	0.0576337178	0.0229107213	-0.0506422562	0.0082242937	-0.1187900365	-0.057257899	-0.0198717662	-0.1470200294	0.0412803822	0.0053029387	-0.153215964	-0.0634396677	-0.0500444796	-0.0585323103	-0.0108109807	-0.1155462951	-0.10339	0.0160378782	-0.1612133481	-0.009661349	0.1002981727	-0.0137981069	0.1250435827	-0.1386647811	-0.1715729259	-0.0496258232	-0.1196870168	0.0019178207	-0.0047655337	-0.0699146775	0.0166741863	0.0093471649	-0.0851428733	0.1021626794	0.1116879698	0.1437598949	0.071383574	0.0449964659	0.0461705202	0.0214324608	0.0187778464	0.0429731783	-0.0065914563	0.0285141422	-0.0628842418	-0.0427882638	0.1009540982	0.1590471049	-0.2186118858	0.0197854695	-0.0217501755	-0.0271284235	-0.1010058859	-0.0215506991	0.0130370078	0.0937084038	0.0722765153	0.1140936003	-0.0128771133	0.0770179122	0.0553589156	0.1267443384	-0.0580845147	0.0204345191	0.0568163283	0.0270962031	-0.0280569448	-0.0628951255	0.0351522892	0.1203092756	0.0546517852	-0.0030914097	0.0494083302	0.0650662656	0.0404413302	-0.1540906699	0.0682280592	0.021674979	0.0129811682	-0.0204745812	-0.0946145488	0.1095803229	0.0106752898	0.0724508979	-0.1023431395	0.0454067372	-0.0082616061	-0.0382024306	0.0137770631	-0.0338500305	0.1048113008	0.0423669894	-0.0884289321	-0.1055035841	-0.0170548	-0.0001984999999999	3.9402249999998926e-08	0.0002908662030399	0.0442049	-0.0353588	0.0019540731840099	0.00125024473744	-0.0332208	-0.0166708	0.00027791557264	0.00110362155264	-4.91572e-05	0.0003012078	9.072613878084001e-08	2.4164303118399996e-09	9.38052e-05	-2.77338e-05	8.79941554704e-09	7.6916366244e-10	-0.000576353	1.3914999999999978e-05	1.9362722499999936e-10	3.321827806090001e-07	0.0	0.0	0.0	0.0	0.0
550.6440902191222	0.1797257377710366	0.0323013408173434	303208.9140932448	784.3900175944285	-0.4033230318294727	0.1626694680041178	615267.6997017879	516.504090617157	-0.2699289369819553	266776.4756242563	0.0728616310202084	528.1852750517982	552.8517813487	1.134787	48.22839	0.0788212799999999	0.0410874	-0.0066494209	-0.0838181225	0.0844887662	-0.043175026	0.0214841016	-0.0862471115	-0.0827567095	-0.0559154258	0.0840834798	0.1057649808	-0.0829091545	0.0899744828	0.089816172	0.1079670751	0.033313218	0.0663042805	-0.0172425766	0.0067498523	-0.0528380206	0.0141340515	-0.0124751056	0.0524065251	0.0211853391	-0.0386590863	0.0886922528	0.0726072118	-0.0130126925	0.0444898964	0.0158754726	0.0695532323	-0.0294231482	-0.0649460996	0.0241430389	0.0331885701	0.0777979273	-0.0386115045	-0.0092090078	-0.0505045548	-0.0731973491	-0.0090480268	0.0242353685	-0.0339926382	-0.0470101639	-0.0216085758	-0.2075658341	-0.1192023524	-0.0545674055	-0.1028222033	0.0470983135	-0.1355946105	-0.0172108948	0.0144808257	-0.0958753824	-0.1864025774	0.0060448978	-0.0098329733	0.0540309854	-0.0604731166	-0.1093797493	0.0754287236	0.1255331034	-0.1810414154	-0.0401320228	-0.0881901435	0.02548216	0.1053324591	0.0645969487	-0.0710107565	0.0893333947	-0.0209123723	-0.0552048643	0.0327416209	0.0087320914	-0.0205841033	0.0547951934	-0.0679319621	0.005017244	0.0769425961	-0.011424756	0.0995318671	-0.1972562824	-0.0124333247	-0.0424555232	-0.0773998369	0.0042440082	0.0669866689	0.027178561	-0.0655317787	0.0281829349	-0.1349530114	0.0462532887	-0.0200408525	0.104612488	0.0018752422	0.0734219776	-0.0265922544	-0.0734121373	0.07138757	-0.0521868305	-0.0933967644	-0.0282545344	-0.1992841505	0.0285567701	0.0385774462	-0.0178556245	-0.178747123	0.1549401433	0.093034853	0.0394451373	0.0997704179	0.1689623001	0.0429551008	0.125908192	0.0585418976	7.05747e-05	0.0976981787	-0.0532443649	0.0994071364	0.0864292878	-0.0317496505	0.0640265875	0.0926974999	0.0465174872	-0.0165889158	-0.1363194801	-0.0173757038	0.1965392099	-0.092007827	-0.0182289419	0.021629839	-0.1000897468	0.0083369367	0.0376299937	0.0026800212	0.0111302974	-0.0394870795	-0.0387422042	0.0253175987	0.0227033388	0.1148610502	0.1377021074	-0.0936812687	0.0525249582	-0.1318188034	0.0551056668	0.0122691812	-0.0185046523	0.093269535	-0.0883557428	-0.0108279553	-0.0959406538	-0.0207500399	-0.0438516504	0.0093141131	0.031313531	0.0176551901	0.0972005451	0.0459637355	0.0646115292	0.1053100145	0.0218372032	-0.0500214938	0.0391497868	-0.0614939861	-0.1104425864	0.1268972318	-0.1420108324	-0.0318922184	-0.0097227641	0.053386906	-0.1584406617	-0.0405075505	0.0460092139	0.0609533644	-0.0640290834	-0.0320577416	0.0366512126	-0.0307669592	-0.0242060303	-0.1222045646	0.048939434	0.1011153059	0.096512868	-0.083538794	0.1123153285	-0.1161848483	-0.0152230336	0.0191756179	-0.0243216901	-0.063640286	0.0654080263	0.0769257692	0.0052847059	-0.0506541209	0.0183459026	-0.021794791	-0.0302289301	0.0218262291	-0.0281437234	0.1355989892	0.039904206	-0.0918434799	-0.1016668918	-0.0292494	-0.0121946	0.00014870826916	0.00085552740036	0.0781436999999999	0.0339387999999999	0.0061064378496899	0.0011518421454399	-0.0251991	0.0080217	6.434767089000005e-05	0.00063499464081	-0.000284299	-0.0002351418	5.529166610724001e-08	8.082592140100001e-08	7.05714e-05	-2.32338e-05	4.98032249796e-09	5.398094624400001e-10	-0.0008113009999999	-0.0002349479999998	5.520056270395299e-08	6.582093126008377e-07	0.0	0.0	0.0	0.0	0.0
550.7050212647539	0.0609310456317189	0.0037125923217746	303276.020446213	788.8544337190565	4.464416124627974	19.931011333838256	622291.3175982133	516.858579418428	0.3544888012710316	267142.79111843545	0.1256623102265729	528.6059063142135	554.2840305112893	1.126101	47.859211	0.07013757	0.0436974	0.0069401665	0.1138723541	0.0758923961	0.0084681554	-0.0418719851	0.0542046148	-0.056273237	0.0770917119	0.025176189	0.0241560843	-0.0499986564	0.0520273508	-0.1214941862	-0.0678462249	0.0403054254	-0.0175857285	-0.0451964604	-0.0225977744	0.1031169701	0.061711744	0.0449460916	-0.1024844962	-0.0603812959	0.0656127433	-0.0979485248	-0.0289676024	0.0506120048	0.0657404666	0.1058754551	0.0890444808	-0.0179216969	0.262589177	0.0575677176	0.0493067693	-0.022741836	0.0351291407	-0.0497481564	-0.1346889245	-0.1809464383	0.005817957	0.0102871087	0.011164794	0.0087627581	0.0330827224	-0.0935146045	-0.1351792539	0.1572125715	0.032349547	-0.1129838852	0.0297760195	-0.0028901078	-0.0644851588	0.0396482076	-0.0169503694	-0.098830094	-0.0141462589	0.0048609246	0.0882984665	0.0073259258	-0.0566550955	0.1665329319	0.033720804	0.0392515891	0.0501498457	-0.0464905101	0.0128244813	-0.0761609777	-0.1240254597	0.005066773	0.106825757	-0.0020149986	0.1216182066	0.0974214878	-0.0286722627	0.0421052933	-0.0521081134	0.0712207922	0.0364904889	-0.1147772254	-0.0381311363	-0.167653787	0.0195848771	-0.120247563	-0.0535769159	0.0277991461	0.0368812729	0.0391002985	-0.0711862837	0.0773013117	-0.1154495442	-0.1380659575	0.0099375872	0.1112264033	-0.0029846189	-0.041821648	-0.0113934394	0.1734669453	-0.0973628637	-0.1164181495	-0.1288665816	-0.1380728393	0.0452817674	-0.0622037939	0.0749468283	-0.0430269324	0.1887189596	0.0134783285	-0.0549256236	-0.2147150893	0.0460577479	-0.072744323	0.0585394558	-0.0877505581	0.0756343293	-0.0464877866	-0.0921635752	-0.0609881666	0.0161033503	0.0026225688	-0.0077063392	-0.0011235434	-0.0800153073	-0.0193530085	0.0683239349	-0.1307013669	0.0545663854	-0.066747499	0.0339965969	0.0444385382	-0.0364217105	0.020213256	-0.0659173825	0.0663202254	0.0517030869	-0.0493218852	0.1678659821	-0.1743483762	0.0722255581	-0.0069797586	-0.0341338053	0.0932134752	0.0205513565	0.0030424792	-0.0765538987	0.1352764922	-0.0507703475	0.0572456062	0.0597081226	-0.1236721331	0.0341422044	-0.2337001035	-0.0715875217	-0.0405892205	-0.0236658964	-0.0427598717	0.0877709382	-0.0008096103	0.1388949047	0.1289551471	-0.0747573471	0.041779043	0.0121595135	0.0618668542	0.1588410656	-0.0829511945	0.064355024	0.1511851427	0.0803336374	0.1001687508	-0.0477283154	0.073803446	-0.0127263806	0.2720053198	-0.026809968	0.0882811718	0.0657253111	-0.0598510171	0.0413106872	-0.0932263638	0.0663915469	-0.0768041682	-0.0260069144	0.0375514263	0.0335957206	-0.0332617528	0.106341804	0.0108363423	0.0879736778	0.0454339368	0.0127609023	0.0814672072	0.0112021891	-0.0141519297	-0.069611446	-0.0089681954	-0.0109327755	-0.0191692573	-0.0298617529	0.0785378266	0.0678975624	0.0374218916	-0.0950782398	-0.0973825011	-0.0246351	0.0046142999999999	2.1291764489999984e-05	0.00060688815201	0.0375504	-0.0405932999999999	0.00141003254016	0.0016478160048899	-0.0347492	-0.0095501	9.120441001000003e-05	0.00120750690064	-4.91572e-05	0.0002351418	5.529166610724001e-08	2.4164303118399996e-09	0.000105362	3.47906e-05	1.1101151044e-08	1.21038584836e-09	-0.000848966	-3.766500000010006e-05	1.4186522250075372e-09	7.20743269156e-07	0.0	0.0	0.0	0.0	0.0
550.706979748357	0.0019584836030617	3.835658023461626e-06	303278.17754355725	786.9700105573303	-1.884423161726204	3.551050652450183	619321.7975166045	516.4918212198871	-0.3667581985408787	266763.80138703587	0.1345115761969506	528.2649021139678	550.9271618089987	1.141353	48.507446	0.10279836	0.0715978	0.0901248841	0.0332866492	-0.0889439259	0.0927182525	0.0361349433	-0.1340239519	-0.0283352754	-0.066057227	-0.034221819	0.0446725901	-0.1144899579	-0.1172252752	-0.0356319311	0.1126856348	0.0326328983	0.1532177098	-0.0625424379	-0.0636867391	0.0719024815	0.0173667151	0.0385750771	0.0603165104	0.0627528483	0.1239371241	0.056596048	-0.0079760074	0.0553347493	0.031317562	-0.027034565	-0.0121000035	0.0767199712	-0.033256447	-0.2158195012	-0.0757528146	0.0683158853	-0.0716619572	0.0809140719	0.1378418515	-0.0821832945	-0.0626950057	0.0055108082	0.0583760177	0.0302982174	-0.0529049591	-0.0341113511	-0.0768146378	0.1366813959	0.0682463958	0.0660002764	0.0924658824	0.108764968	-0.1094161525	-0.1499271101	0.0124536141	0.0498571608	-0.060950946	-0.1395964836	0.1348649231	-0.0850590027	0.0183624921	-0.06915789	0.0249898837	0.0888804838	0.1342591513	-0.0553519316	0.0987644755	0.0279782468	-0.037164161	0.0208780934	0.0849358671	-0.0984535525	-0.1022413722	0.0616963916	0.1305371919	-0.1185541316	0.0938537428	0.0683759588	0.0934920049	-0.068983663	-0.0341299622	-0.0616680372	-0.0138847317	-0.0032141963	0.093377077	0.0815161241	-0.0824516889	-0.1165994916	-0.0789209359	0.0162393046	-0.0392819078	-0.0762275869	-0.0350248447	-0.0033639024	-0.1225972665	-0.2103221152	0.042612718	-0.0525286491	-0.0649915844	0.0368030484	-0.0301991624	0.0006403143	0.0108478391	0.0983860289	0.1348148847	-0.0585984616	-0.1111745143	0.1310087374	0.1614158772	-0.0673904324	0.0306363811	-0.0032081347	0.0533167202	-0.0276856336	-0.0950226239	-0.1435890294	0.0906699905	0.001381921	-0.0352385926	0.1126067057	0.0970624322	0.1799688026	-0.0746111519	0.0244994353	-0.0569153159	0.031806948	-0.1256521911	-0.172440899	0.0121683015	0.1056756542	-0.0905643422	-0.0299748551	-0.018054077	0.0188665629	-0.1526302994	0.0674947983	-0.0329109191	-0.0760202706	-0.0469572091	-0.1488247452	0.0819492057	0.0147371255	-0.0149383282	-0.0671097278	0.0151145339	0.1479224557	-0.0904222929	-0.0289615886	-0.1706370527	0.0087723581	-0.0503561694	0.0028867062	-0.0437000517	0.0945709311	0.1547332384	-0.0655315485	0.1073258824	0.0119974036	0.1592204013	-0.0697600377	-0.0498860978	-0.0730647822	-0.069814187	-0.0842709733	0.018084663	0.075964987	0.1598843606	-0.0990468361	-0.0054747593	0.0074740441	0.0536561931	-0.0587382042	-0.0257425406	-0.0022321334	0.0572699061	-0.0652555752	-0.0254345401	0.0868147188	-0.0364138421	0.0321444293	0.0846964367	0.1241064987	0.1264508572	0.0038828226	-0.0915311703	-0.0928483104	-0.1439794	-0.0469930877	0.011258713	0.0130294001	0.0001615741	0.0505611743	0.0296651174	0.0053796347	-0.0402044834	0.0434563932	-0.0469576832	-0.13219488	0.0547651584	0.0276931148	0.0722692874	0.0349212611	-0.0981268796	-0.0926692784	-0.0292527	-0.0046175999999999	2.132222976e-05	0.00085572045729	0.104849	0.0672986	0.0109933128009999	0.00452910156196	-0.0343376	0.0004115999999999	1.6941455999999844e-07	0.00117907077376	-0.000559037	-0.0005098797999999	2.5997741044804e-07	3.12522367369e-07	6.48176e-05	-4.05444e-05	4.20132126976e-09	1.6438483713599995e-09	-0.000789979	5.898700000000004e-05	3.4794661690000043e-09	6.24066820441e-07	0.0	0.0	0.0	0.0	0.0
551.2780659602606	0.5710862119036619	0.3261394614264742	303907.50600888545	784.4954921481365	-2.47451840919382	6.123241357439113	615433.1772007468	516.5864160867781	0.0945948668909295	266861.52528538177	0.0089481888421126	528.2366625578757	548.6445049955967	1.165123	49.517651	0.1226574099999999	0.0863595	0.0192011284	-0.1255707173	0.0510737002	-0.0999239201	0.0754978301	0.0662035421	-0.0274915785	-0.0016143286	0.0428484822	0.0114815022	-0.0336261691	0.0107144706	0.1322244327	-0.1663753703	-0.0017210427	0.0702808967	-0.0260927036	0.0892137691	-0.0371843735	-0.0616036268	0.0202425564	-0.0126023714	0.0485561918	-0.0193529342	0.1546420204	-0.1139822533	0.011752613	0.0165252792	-0.0088920727	0.0203855557	0.0083954267	-0.0491857164	-0.060784432	0.0154549396	0.0340857686	0.0570249626	0.0311563454	-0.1075744165	-0.0701943756	0.1006643755	-0.0009452215	0.0414447053	0.0048162477	0.112548401	-0.0865108201	0.0364302964	-0.0399141044	-0.0073824236	0.1036711921	-0.0980572912	-0.064281515	-0.0039356039	-0.0002707789	0.0029318255	-0.0378183071	-0.1215013687	-0.0805689635	-0.0266325925	0.0202601195	-0.0713932451	0.0225020315	0.0994758623	-0.0070955542	-0.0203329052	0.0838385826	-0.0475714579	0.0393698907	-0.1177662934	0.0095767343	-0.0622296586	0.1726424793	0.1106359613	-0.0536250921	-0.0351522524	-0.0981426428	0.0733127165	0.0612027096	-0.0706530673	0.1429340204	-0.1415566371	0.0310446003	-0.0303457443	0.0562804216	-0.0994415756	0.1037637227	-0.079312978	0.0725598528	0.0709127154	0.092560338	-0.1795362508	0.15728412	0.078532121	0.1163517523	-0.0161643369	-0.0214847399	-0.0838012519	0.1797235326	-0.0712724748	0.0611214008	-0.022419201	0.1425721826	0.0318253869	0.0479385582	-0.004434178	0.1017553245	0.0538841971	-0.1050351064	-0.1299966669	0.1487007265	0.0222071205	-0.0202030984	-0.0261568561	0.1376377577	-0.018307839	0.0712734571	-0.0440708491	-0.0334560403	0.0349812211	0.0505622823	0.0589075183	0.0352502104	0.0019549287	-0.0597115189	0.100016323	-0.003305295	0.0285568494	-0.0616746241	0.0512354173	-0.0506292335	0.0291948839	-0.0907089572	-0.050028487	-0.0546295854	0.1382396955	-0.0845271135	0.1520377187	0.0186530601	-0.1331266881	-0.008446349	-0.0322496605	-0.046527191	0.0249236035	-0.0457538509	0.2046705389	-0.0478402562	0.1034017029	-0.1456322801	0.0911661189	-0.0153539912	0.0716617342	-0.0723213442	-0.0032166547	-0.0423086901	0.0656085288	0.0608033083	-0.1467009795	-0.0572089028	0.1443241639	0.1000683703	-0.0216536182	-0.07560189	0.1609320539	-0.000487027	-0.0659664429	0.014197172	0.1084919828	0.0224167253	-0.0727340479	-0.017954	0.0151377766	0.0317952289	0.0577045314	-0.1006535649	-0.0802587835	0.0691197484	0.099911734	-0.0596607804	0.0137401417	0.0710190076	-0.117297917	-0.052416168	-0.0191794424	0.1113747601	0.0354153637	0.0487871077	0.0170353572	0.0478377228	0.1183177641	0.0422477843	0.03653912	-0.0223257566	-0.0259268169	0.0790005675	-0.025804775	0.0121382673	0.0278800821	-0.1396916535	0.0629287778	0.0353349331	0.0355759133	0.0324035386	-0.1009834314	-0.087547979	-0.0226912	0.0065614999999999	4.305328224999997e-05	0.00051489055744	0.0221308	-0.0827181999999999	0.0004897723086399	0.0068423006112399	-0.0350276	-0.0006899999999999	4.7609999999999474e-07	0.00122693276176	-4.91572e-05	0.0005098797999999	2.5997741044804e-07	2.4164303118399996e-09	0.000181418	0.0001166004	3.2912490724000003e-08	1.359565328016e-08	-0.000817253	-2.7273999999999983e-05	7.438710759999991e-10	6.67902466009e-07	0.0	0.0	0.0	0.0	0.0
551.7323791676678	0.4543132074071536	0.2064004904245754	304408.6182220151	787.7919415809935	3.296449432857002	10.866578863383255	620616.1432199514	517.0905752766091	0.5041591898310571	267382.66303989454	0.2541764886911078	528.7457489410392	554.4195275610605	1.15639	49.146515	0.11667164	0.0770048	-0.0085763063	0.0695268902	0.1043600097	0.123035956	-0.0906985343	-0.0390411006	0.0308628063	-0.0821153118	-0.0984151895	0.0673432016	0.0506293747	0.0793694792	-0.051372101	0.0379862446	-0.0458557925	-0.0190318011	-0.0043438505	-0.0842202112	0.0079946055	-0.129673803	0.0160347799	0.0239317232	0.1009643203	-0.0151619151	0.0836727647	0.0906598653	-0.0574644013	-0.0291591405	0.0383270734	-0.018757106	-0.0656861232	-0.0692645261	-0.0402366567	0.1671193748	-0.0051604398	0.0346844876	-0.0479566039	0.0857281576	-0.0876258226	0.0200627646	-0.0128672498	0.0437175892	-0.0098350217	-0.0975664257	0.2017121066	-0.0197092632	0.0959188269	0.0205426489	-0.1157773411	-0.0793299301	0.0581176439	-0.0589924621	-0.0238799739	0.0210815911	0.0962356022	0.0634141466	-0.0751707936	0.2627901707	-0.0386345288	0.0320595301	0.0173285011	-0.072896294	0.0335679177	-0.0506323146	0.0318143622	0.1200270057	-0.0414638218	-0.0791370639	-0.1076898829	-0.0880069012	0.1152254157	0.1088528677	-0.0046719752	-0.0115341264	-0.1773626919	-0.1038947485	-0.0383373225	-0.0514092152	0.1225062069	0.01283547	0.0310049096	0.0657519694	0.0906704201	-0.0407583274	0.0071210188	0.0459061879	0.1043773363	-0.0854524788	0.0819558557	-0.0021887475	-0.0633775214	-0.0064953418	0.1278265908	0.0213910172	-0.1315341828	0.0321163353	0.0529527809	-0.0077894462	0.1357537706	0.1202950053	-0.0788995068	0.084494489	-0.0179172232	-0.1299708397	-0.2527064417	-0.0551524798	-0.0863280458	0.126249268	-0.0846157607	-0.0178830021	0.0307177696	-0.0495300085	-0.0388062316	0.1320410211	-0.0591096615	0.0429880084	0.0515976019	-0.0805805884	-0.0548867558	-0.0191640864	0.1572484362	-0.1337714772	0.1200285991	-0.0542075794	-0.0834324221	-0.0359891412	0.003128171	0.0290078402	-0.0595148923	-0.1540897861	-0.0449017373	0.0137182013	-0.0976397834	0.0555343465	-0.0218758455	0.0877687259	-0.0212859357	-0.0340287993	-0.0037549778	0.0957426504	-0.1469891053	0.0361938937	0.0320358208	0.0813474291	-0.2027900144	0.0061728025	0.0111645609	-0.0080667538	-0.0107744636	-0.0857824969	-0.1389707011	-0.0862971785	-0.0039022317	-0.0286690632	0.0492095364	0.1585932457	0.0043320868	0.1370403612	0.0064178959	-0.0800296117	-0.0544101393	-0.0955779798	0.0613376314	0.0043772241	0.073439784	-0.0392138004	0.0518105917	0.1591974135	-0.2068778303	0.0726343977	0.152776493	0.0559766298	-0.059989259	0.1153578148	-0.0337062476	0.0553733554	0.094347689	-0.0200185986	-0.1452700005	0.0208981982	0.0003640389	0.1280190797	-0.0344210763	-0.1108413134	-0.0970248743	0.0062149815	-0.1111031177	0.015039151	0.089392831	0.0268565539	-0.0781577016	-0.0570755843	-0.0015909595	-0.0103571547	0.0662468853	-0.0889884737	-0.1724189065	0.0247939062	0.0339301096	0.0981851543	0.0298699563	-0.1036423034	-0.0820411548	-0.0187522	0.003939	1.5515721000000012e-05	0.00035164500484	0.0953157	0.0731849	0.00908508266649	0.0053560295880099	-0.0422781	-0.0072505	5.256975025e-05	0.00178743773961	-0.000554901	-0.0005057438	2.5577679123844e-07	3.07915119801e-07	0.000140247	-4.1171e-05	1.9669221009e-08	1.695051241e-09	-0.000916283	-9.903000000000006e-05	9.806940900000012e-09	8.395745360890001e-07	0.0	0.0	0.0	0.0	0.0
552.1544565061669	0.4220773384990934	0.1781492796744783	304874.54383962054	789.8128048761639	2.020863295170443	4.0838884577671415	623804.2667463534	517.4472534331276	0.3566781565184556	267751.6600854873	0.1272193073374039	529.2360738189583	552.8095369425813	1.167534	49.62014	0.104240075	0.0612948	0.0917226261	0.0615665386	-0.0757664043	-0.1029906473	0.1345017824	-0.0057146935	-0.0268926596	0.0241274874	-0.0669454265	-0.0171745351	0.1531728458	-0.1216489596	-0.0976182758	-0.1064049065	-0.0264579195	0.1286010764	0.0680889994	0.0515873626	-0.1012411404	-0.1428921076	-0.0279693228	-0.0369889366	0.0451167437	-0.0655057095	0.0430558332	-0.0138965945	0.0158324116	0.0494423475	0.0298169811	0.0438968476	-0.1137084072	-0.0208649101	0.0269071692	-0.0297637638	0.0460389587	0.0096979796	-0.1330712527	0.0214204835	0.0799200923	-0.0283593879	-0.0951178311	-0.0658281397	-0.0348204833	-0.0040712735	0.0611816644	0.080405671	-0.1366248131	-0.0168245707	0.0180579743	0.1075686194	0.0457118751	0.0051589338	-0.1096844809	0.0044587354	-0.0487593996	-0.0891417455	0.1289416521	0.0133884126	-0.0318154685	0.0823031509	0.0155172832	0.1090034659	-0.0517000403	0.0097594897	0.1236404347	0.1363743859	0.1845576934	0.1371664278	0.026001841	-0.1069071757	0.0148600101	0.0735150196	-0.0726418651	-0.0935583349	0.0452721288	0.0413028614	-0.1069405711	-0.1319818053	-0.0405301086	-0.1198705071	0.0563143849	0.0252136156	0.0441723784	0.0298607247	0.0841398772	-0.0393900459	-0.0076571744	0.0489967022	-0.1855607118	0.0303786201	-0.0405724766	0.1053883366	-0.0135278827	-0.0847994192	0.0756847181	-0.0147079282	0.0339819002	0.0402388129	0.0060361431	-0.0758342005	-0.1326386365	0.0558768687	-0.0334962154	-0.118085997	0.1440555976	-0.0102377794	0.0290175777	0.1198163059	-0.0581642837	0.1471974936	-0.2240532102	0.0418073482	-0.0837663254	-0.0848624996	-0.0373876479	-0.0116441837	-0.0058414735	0.0526445768	0.1506631145	0.1154337235	-0.0984692789	0.0155687036	0.1471562906	0.0902512214	-0.0453299731	0.0457210484	-0.0092414414	-0.0551741548	-0.0862681839	-0.0315459951	-0.156631475	0.0525136095	-0.1412640162	-0.018391761	-0.0115919841	-0.0879914109	0.1227347418	-0.0418978423	0.0709439768	-0.1262826361	-0.0407448009	0.0196554235	-0.0631822282	-0.0648254984	-0.0585836404	0.1598126611	-0.0604008402	-0.103463296	0.0017396512	-0.0091611636	0.0614712877	0.0762713778	-0.0088738727	-0.0390330405	-0.0279144791	-0.1275207214	0.0581624424	-0.0110269249	-0.1462816937	-0.1256146672	-0.0212954668	0.0252319637	0.0175821914	0.0761372915	-0.0213897846	-0.0131388242	0.0880879652	-0.0386232542	-0.0566250055	-0.0545489884	-0.1871160213	0.140385144	0.1652135182	-0.1256126094	0.0305315989	0.0858012423	-0.07803017	0.0168664739	0.0499059385	0.0990725648	0.0523018783	-0.0697493126	0.0620547471	0.086515322	-0.0028731775	-0.0527172493	0.0609079218	0.0677315649	-0.0155282167	0.0739344755	-0.1166582856	0.0033703369	0.0786512155	0.0636807607	-0.061025587	-0.0146173357	-0.1662675539	0.0090679622	0.0741122106	0.031325342	0.0273217542	-0.1060982907	-0.0761730556	-0.0239495	-0.0051972999999999	2.7011927289999983e-05	0.0005735785502499	0.0392295	-0.0560862	0.00153895367025	0.00314566183044	-0.0325787	0.0096993999999999	9.407836035999994e-05	0.00106137169369	-6.85415e-05	0.0004863595	2.3654556324025005e-07	4.69793722225e-09	0.000189842	4.959499999999999e-05	3.6039984964e-08	2.459664024999999e-09	-0.000787094	0.000129189	1.668979772100001e-08	6.19516964836e-07	0.0	0.0	0.0	0.0	0.0
551.9450910067666	-0.2093654994002918	0.0438339123391335	304643.3834864678	788.4141893873801	-1.3986154887837756	1.9561252854658795	621596.9340273597	516.9909689502907	-0.4562844828368497	267279.6619761605	0.2081955292776914	528.6644487506218	552.5326441103556	1.157753	49.204433	0.074589825	0.0401617	0.0507374555	-0.1132030832	-0.0173313954	0.0004818118	-0.1258589878	0.1223350496	0.0273095704	-0.0333500366	-0.0356296971	0.0404616425	0.0669140546	-0.0709954575	0.100157968	-0.0334275988	-0.0549562523	-0.1513407419	0.0672750999	0.0557019824	0.0678057596	-0.0485045023	0.2001815455	-0.0075211938	-0.05336741	-0.0290946564	0.0669352343	0.0627562434	0.0500178645	-0.0120280646	0.0277577249	-0.0314389298	-0.025141822	-0.0025807932	0.1822034339	-0.015506572	0.0042471791	-0.0240747104	0.0533821804	0.1471962732	-0.0637727441	-0.0945961801	0.0919795772	-0.067623485	0.1258010348	0.0833571917	0.140064019	-0.1278672415	0.1379128798	0.092578902	0.1074300864	-0.0476283943	-0.0643134183	0.0133716936	0.1282663237	0.0112014094	0.065649245	0.2215918883	-0.1537003073	-0.0270115651	0.0231883997	-0.0231246974	0.0895479565	-0.0708495303	0.1275117606	-0.1343565669	0.0426858774	0.0548440382	-0.0021296448	0.1117749855	-0.1191213862	-0.0342757693	-0.0115547126	0.112154534	-0.0412746254	-0.186427173	-0.075846444	0.0043000088	-0.0444459794	0.0351582676	-0.0421859409	0.048430001	-0.0715583083	0.0072300704	-0.0183606015	0.2482497294	0.092749703	0.0403375948	0.0439464649	-0.1419992771	-0.0709865501	0.1049449058	-0.0677639073	0.0271170565	0.1381055422	0.0969337043	-0.0592830598	-0.0145767232	-0.0114243153	0.0690405658	-0.0452105498	0.0229208774	0.0306929994	-0.1521030283	0.0805942044	-0.0330149877	0.0658954071	0.1059667708	-0.0163315234	-0.1044470615	0.0348371639	0.046810477	-0.1005311774	0.1160104688	0.0847881316	-0.0770411371	0.0736111167	-0.068226214	0.0283828111	-0.0887708525	-0.140896651	-0.2104777796	0.1600673458	0.0617017193	0.0394690859	0.0924783048	0.0120581973	-0.0401986843	0.0872688962	0.1428392583	-0.0851149036	-0.0755646078	-0.0117804011	0.0243612802	-0.1606588343	0.058587765	-0.0258868108	0.0514224105	0.1791166208	0.042227472	-0.060953407	-0.0151366587	0.0779600798	0.0408998765	-0.1115600077	-0.0188728625	0.025828534	-0.0738975831	0.0586081339	-0.149718221	0.0079307983	-0.211680474	-0.0887477971	0.0128576148	-0.0356116236	-0.2032469467	-0.0567748787	0.0675113503	-0.008897595	0.0750721552	-0.0189669464	0.0696862914	-0.0103564209	-0.0572208004	0.0830847076	-0.0290887183	-0.1200356456	5.42073e-05	0.0129426343	-0.0986886186	0.1287685212	0.1126979853	0.0036625859	-0.1104427833	0.0478812702	-0.1048872041	0.0699920394	0.0484807194	0.0294873714	-0.0111075058	0.1071564963	-0.0180267705	-0.0730444795	0.1188009742	-0.0638675348	-0.1234621837	0.0563100019	0.1194616201	-0.144369818	-0.027943512	0.0553099481	-0.0592844741	-0.1050688573	-0.0677199258	0.1131930383	0.1503704628	-0.0085599463	-0.1167811025	-0.1517740903	-0.0694886214	-0.0460738124	-0.0184201456	0.0247601796	-0.1083465856	-0.0699695221	-0.029285	-0.0053355	2.846756025e-05	0.000857611225	0.0750629	0.0358334	0.00563443895641	0.00128403255556	-0.0398255	-0.0072467999999999	5.2516110239999966e-05	0.00158607045025	-0.000255541	-0.0001869995	3.4968813000250024e-08	6.530120268100001e-08	0.000450503	0.000260661	2.02952953009e-07	6.794415692100002e-08	-0.000862916	-7.582200000000002e-05	5.748975684000003e-09	7.44624023056e-07	0.0	0.0	0.0	0.0	0.0
551.808221950673	-0.1368690560935874	0.0187331385159495	304492.3138123632	784.2774211656231	-4.136768221757052	17.112851320539	615091.0733502001	517.2391855910028	0.2482166407120303	267536.3751108438	0.0616115007263651	528.7353821661942	551.3708202409429	1.149388	48.848907	0.0344321	0.0203402	-0.0129781202	-0.0319327717	0.1190975849	0.0058049436	0.1038889746	-0.0673758582	0.0739817053	0.0157332186	0.0087267261	-0.10700273	0.0925466268	0.1200608994	0.0366093418	-0.0124195463	-0.0640006369	0.0690091787	-0.0686128754	-0.029508204	-0.0760406001	-0.0064007641	-0.0992621622	-0.0334603045	-0.0260783434	0.0445970647	-0.0655641373	-0.0521849352	-0.0493535905	0.0412419031	0.0140930215	-0.107945518	-0.0421194053	0.0391460488	-0.0438142468	0.0547569019	0.0108426194	0.0019660681	0.0211958236	-0.1109363645	0.1139450282	-0.0899900899	-0.1621557694	-0.093805695	0.062392467	-0.095211987	0.0097887502	-0.0521675975	0.0767482293	0.0070087708	-0.0117329419	-0.086996085	-0.1337989873	0.0901283497	-0.0418539098	0.0251133605	-0.045386773	0.0083894796	0.1456379642	0.0141623007	-0.0131098352	0.1078168919	-0.1531608246	0.1188405176	-0.0875927094	0.0802520341	0.0382776954	-0.0969609709	-0.159629495	-0.0527064824	0.0973880667	0.0929704411	-0.1020403361	-0.0262982039	0.0295814842	-0.1424973034	-0.0438050523	-0.0172158095	0.0313146646	-0.0776080705	0.1884642488	-0.0832616935	-0.1282134776	-0.0900566134	-0.0102301383	0.0335233379	0.0363364157	0.1290524625	-0.0460323768	0.0303996745	-0.1823180581	0.0283393165	-0.0470011256	0.0548531998	0.0175637135	0.0490410352	-0.1443769791	0.0369806068	-0.1536174099	-0.07458823	0.1990831908	-0.0539436309	0.0513635696	-0.0315716228	0.0652513984	-0.0597107759	0.1401968238	-0.0538995884	-0.0522278042	-0.0162277767	-0.0566973569	0.1309128998	0.0238752524	-0.0462174716	0.0507246697	0.0918576108	0.1228660829	0.0597878423	-0.0454429192	0.0340358573	0.0443755122	0.0301052442	-0.1787329526	-0.0068748818	0.1278723956	-0.1405798694	0.116207561	0.0217160797	-0.025449973	-0.0772507753	-0.0276137944	0.0154317677	0.0542543862	-0.0206577687	0.1598818793	0.0080365278	-0.0313338668	0.1474068778	0.0918002455	0.1081301199	-0.0143453956	-0.0663738992	-0.1574767451	-0.0781128848	-0.0033548617	0.0843329796	0.0706153543	-0.0227887058	-0.0504561738	-0.0322481187	-0.1701017625	-0.2029097757	-0.0335789858	0.1449365713	0.0081502855	0.072390155	-0.105746965	-0.0871841576	-0.0159194724	0.0723222966	-0.0846882166	0.0947187761	-0.101890802	-0.0610012856	-0.035793216	0.0497230358	0.0730706989	-0.0791025556	-0.1567265142	-0.1586042327	-0.1152052794	0.0395760107	-0.0621415421	-0.0241491201	0.0164215329	-0.0464493977	0.0142825445	0.0559884449	-0.0234388542	-0.0640883321	-0.0579817053	-0.1005787536	0.019330291	-0.0690278255	0.0998423026	0.1689326471	-0.0794272347	-0.0437922492	-0.0263933884	-0.0801515593	-0.0138740111	-0.0082409386	0.016257293	0.0141199381	0.2201839171	0.0244851332	0.0213777242	0.0281680776	-0.0964933067	0.1199777151	-0.0547389428	0.0850898105	0.0221864862	-0.110382787	-0.063457872	-0.029234	5.099999999999896e-05	2.600999999999894e-09	0.000854626756	0.0630699	-0.011993	0.0039778122860099	0.000143832049	-0.0233497	0.0164758	0.00027145198564	0.00054520849009	-0.000171519	8.402200000000003e-05	7.059696484000005e-09	2.9418767361e-08	0.000450503	0.0	2.02952953009e-07	0.0	-0.00089714	-3.4224000000000017e-05	1.1712821760000012e-09	8.048601796000001e-07	0.0	0.0	0.0	0.0	0.0
551.7029121638939	-0.1053097867791166	0.011090151191463	304376.1032901212	790.0669641906765	5.789543025053376	33.5188084389442	624205.8079054717	516.9383969612904	-0.300788629712315	267225.3062529087	0.0904737997642121	528.5670522238775	552.0452086551402	1.111249	47.228001	0.0338519	0.0234548	0.0289642361	0.1087476901	0.0513884514	-0.0684565512	-0.0353947371	0.1309454909	0.0393907159	-0.0462382894	0.0330724895	-0.0292271609	-0.0695025506	0.0142690241	-0.1222587368	-0.0181145411	-0.1207864506	-0.1486528264	-0.0231177841	0.1368713731	0.0221669389	0.0173982595	0.0133637628	0.0570698496	-0.1121561034	-0.0250131513	0.0502553497	-0.0068634089	0.0383826175	-0.0877885901	0.0919314876	-0.0135621319	-0.0715874685	0.0358426534	0.0226880056	0.0930286448	0.1586154588	0.0861568079	-0.0507763666	0.0133808348	-0.0188070378	-0.092062303	0.0247606495	0.0118988531	0.0708645971	0.1768523007	-0.0311572759	-0.0054998614	-0.1045616504	-0.1032535395	-0.0965554653	0.0466725252	-0.1518346991	-0.0947434918	-0.0489319768	0.0439102655	-0.0739221302	0.1346985307	-0.0215890316	-0.0461727822	-0.0341294546	-0.1358185973	-0.0376810114	-0.0748843657	-0.1274142171	-0.0323390642	0.0686742593	-0.1067446059	0.0048741486	-0.0574163917	0.0194275718	0.0214491724	0.1123231507	0.0466753254	0.0047426918	0.1696622202	0.0198935609	-0.0134686534	-0.0113593014	0.0615422954	0.0932980757	0.1506585052	-0.1118851297	0.0246262288	-0.0016973317	0.015557597	-0.122153386	-0.1404500922	0.001336168	0.0371093158	0.0230609355	0.0958020211	0.10970212	0.1468559196	-0.0320628393	-0.017611081	-0.046807305	0.0956981753	-0.1113358277	-0.1067495734	-0.0213376321	-0.0666028177	0.0657639741	-0.0321160931	-0.2192240028	-0.0611151353	0.1095555639	-0.0283730838	0.01508192	-0.0412131672	0.1026822998	-0.0105851654	-0.120723526	0.0169345855	-0.1222683684	0.0333107451	0.1110543127	-0.0902650638	-0.0830929458	-0.1397714147	0.0326781094	-0.1172480148	0.0141911976	0.0899612002	-0.0820094612	-0.059193204	-0.064257299	0.0135757894	-0.0411613673	-0.0917984658	-0.074960173	0.1002217943	0.0463524339	-0.0196605055	-0.0361022192	0.1328175557	0.0698994952	-0.0099823517	-0.10708939	-0.0257019185	-0.0181840309	0.0905594307	0.0574586952	-0.1752249141	0.0898607856	-0.0083488829	-0.0881999549	-0.1253074908	-0.0653014553	-0.0310020943	0.0597046883	-0.0052365988	-0.0462350597	-0.0679858033	0.1053124654	-0.0005378988	0.1249082529	-0.0805441012	-0.1127816808	-0.0286400898	-0.0636268121	0.1426160812	-0.0783190344	-0.0012510816	-0.03170192	-0.019952996	0.066604112	-0.1113229836	0.0770155613	-0.0254001446	0.0334947972	-0.033979495	-0.2370543369	-0.1400595409	-0.0591318044	-0.0293206853	0.0420533789	0.0102512751	-0.0569974873	-0.0029981606	-0.0750524109	0.1043059795	-0.0618618759	-0.0046727082	0.01117866	0.0013450334	0.1508040639	0.0527229016	-0.0722326623	0.016953106	0.0358271807	-0.0841854317	0.121826818	-0.08540044	0.1850633493	0.0573830784	-0.0096326362	0.097259763	-0.0559044022	0.0705686556	-0.1175307735	-0.0405265731	0.0196019337	-0.1122029089	-0.05666678	-0.0292354	-1.400000000002094e-06	1.960000000005863e-12	0.00085470861316	0.0634127	0.0003428	0.00402117052129	1.1751184000000289e-07	-0.0445006	-0.0211509	0.00044736057081	0.00198030340036	-0.000171519	0.0	0.0	2.9418767361e-08	0.000253767	-0.0001967359999999	6.439769028900001e-08	3.870505369599999e-08	-0.00084674	5.040000000000003e-05	2.5401600000000034e-09	7.169686276e-07	0.0	0.0	0.0	0.0	0.0
551.3640485730025	-0.3388635908913784	0.1148285332317994	304002.3140588123	787.1438717713298	-2.9230924193466308	8.54446929204174	619595.4748671597	516.2148628377329	-0.7235341235575561	266477.78461457934	0.5235016279522008	527.9125872457828	551.7434884783884	1.114792	47.378601	0.01980905	0.0152335	0.1052939857	0.0042892511	-0.1087610466	0.0932576633	0.0351515152	-0.0408592334	0.0999206561	-0.0242207626	0.0058720164	-0.0252815323	-0.0789960941	-0.1527653773	-0.0001879877	0.0863518983	-0.0760816295	-0.002734174	-0.0808894574	-0.0292219691	0.1306426464	0.0453205379	-0.1004972891	0.0221874169	0.0366890503	0.0873075601	-0.0815348107	-0.0764701607	0.1094469152	-0.1363862084	0.0559437825	0.0646819198	0.0930015871	0.1090862839	0.0761929716	0.0267599649	-0.035004887	0.1570491871	-0.0088308564	-0.0433808409	-0.1096445501	0.021338995	-0.1401954128	-0.0797155149	0.0213885664	-0.0701437503	0.0463257551	-0.0010713299	-0.0732966136	-0.0439689886	0.0959161299	0.1687782687	-0.039593121	-0.0993823797	-0.0509492529	-0.0102703252	-0.0098602672	-0.0460111395	-0.0514165549	0.1164110901	0.0661305868	0.0993679997	-0.0796326063	-0.0653820434	-0.1713582732	-0.0377536736	0.0371975387	-0.1775364524	0.0008562031	0.0973234488	-0.1548637443	-0.1923359243	0.0989144223	0.0127482077	0.0509627673	-0.1086733618	0.0271459711	0.0874953481	0.1341901144	0.0331607515	0.0344964742	-0.059654487	0.0554105853	-0.0496803876	-0.0542016926	0.0483072113	-0.2177059207	0.1942666233	-0.0465260097	-0.1029013557	-0.067471149	-0.0688021102	-0.077669711	0.0538934895	0.0314585056	0.1901997694	-0.1477463038	-0.1206362269	0.0176070369	-0.062064552	-0.1458492488	-0.153384383	0.0417589783	0.0471931662	0.0723508195	0.1022906386	0.0574927943	-0.1323973717	0.1428690763	-0.1763505735	0.142616429	0.0077729413	-0.0054861347	-0.0634022906	-0.068777041	-0.1647093747	0.0070161755	0.053535159	-0.0787367977	-0.0697403363	0.0303495149	0.0492276529	0.0719072719	-0.164556644	-0.0250692031	-0.0785742852	0.0331707579	0.0658230301	0.0365610797	-0.0938473923	0.0428893931	0.0614991703	0.1222656841	0.1817410272	-0.0453638844	0.2358805856	0.0059152051	-0.14685184	0.109387216	-0.0595558379	0.0348888834	-0.1540213689	-0.0999172099	-0.0533409276	-0.0237148234	0.1515540443	0.0250027119	-0.1514487894	0.2051566764	0.1367408101	-0.1101266183	-0.0893761239	-0.0476572068	0.0939949536	0.1095643992	-0.0355976572	-0.1150562866	-0.0301376128	-0.1214893745	0.0631596489	0.0484949598	0.0142031448	-0.0228203995	-0.0411743337	0.0820675997	0.0339994823	-0.1078696419	0.1928139473	0.0331085279	-0.0507566417	0.0545969593	-0.0627961442	-0.0923428058	-0.043637273	-0.1654617778	-0.1288983555	0.1126963009	-0.1469464637	-0.0397647953	-0.0368629936	0.1025648792	0.1013816852	0.0518442551	0.0206848601	0.0202507098	0.0562327392	-0.0797638911	-0.0049113077	-0.1186353396	-0.0086392933	0.0290933749	0.0870291563	0.1433876828	-0.1222275169	0.1676085813	0.0764984278	0.0676996585	0.1362737705	-0.0032475267	0.1223505882	-0.0786406529	-0.0436124187	0.0170077871	-0.1138033884	-0.0496261511	-0.0292274	8.000000000001062e-06	6.4000000000017e-11	0.00085424091076	0.0638364	0.0004236999999999	0.00407508596496	1.7952168999999926e-07	-0.029644	0.0148566	0.00022071856356	0.000878766736	-0.000171519	0.0	0.0	2.9418767361e-08	0.000315768	6.2001e-05	9.970942982400001e-08	3.844124001e-09	-0.0008183259999999	2.8414000000100007e-05	8.07355396005683e-10	6.696574422758364e-07	0.0	0.0	0.0	0.0	0.0
551.3411389919829	-0.0229095810195758	0.0005248489024925	303977.051544977	782.3357106401751	-4.808161131154748	23.118413463147306	612049.1641428678	516.9438071843681	0.7289443466352168	267230.8997862691	0.5313598604914431	528.4759399588075	545.7316423291405	1.162705	49.414883	0.0781802	0.048013	0.0193880713	-0.1232425132	0.0580767236	-0.1288848576	0.0553512599	0.0187251499	0.0192123148	-0.0825237218	-0.0006203143	0.0654695063	-0.0850565937	0.0442896543	0.1439021288	0.0219850101	-0.0799913744	0.0228502926	0.1178627452	0.1524843781	0.1584371109	0.0193353017	-0.1092280729	0.0408117393	0.0332851117	0.0789703657	-0.0887622205	0.013835977	-0.0122628457	0.1513058541	-0.0231236301	-0.0032325291	-0.077969816	0.0499143846	0.0688890169	0.0266023359	-0.0132909319	-0.0787332525	-0.1405473834	0.0186327143	-0.1049895813	0.0323402402	0.1443333998	0.0950089617	0.0939110316	-0.0020838986	0.0325885654	0.2654090041	0.0275812421	0.008936599	0.0804529207	-0.0896889642	-0.0935073325	-0.0164541204	-0.0096827205	0.1281591776	-0.1698746514	-0.1052505167	-0.0820045375	-0.0668225043	-0.1376952984	-0.0327153669	0.0524759482	-0.010270368	-0.1844254798	-0.2355007624	0.0682884964	-0.0327225039	0.0250830656	-0.0564864466	0.1496342462	-0.077521887	-0.1394399714	-0.1036597601	0.0055732211	0.0464230518	0.0502083135	0.0272813813	0.1768416332	0.0366083657	-0.0488752907	0.0871645512	0.0350571022	0.2739807381	-0.0198031984	-0.0386793004	0.0899185282	-0.0354824498	-0.1306598178	-0.0794884446	-0.0193651548	-0.0601672586	-0.0010270366	0.0129018588	0.0714835521	0.0208899054	-0.0359670218	-0.0587640667	-0.0487247433	0.0439613281	-0.1856875532	0.1197943601	-0.0570637575	0.0610142478	-0.0500092799	0.0891265158	-0.0236869892	0.0332941814	-0.1141511722	0.0176242268	0.0027476941	0.0944338156	-0.0421321272	-0.1222141473	0.1099998169	-0.0082187311	0.1351714958	-0.0919588913	0.0094290029	-0.0590373482	0.0364294601	0.1507639849	0.1556337813	0.1798772674	-0.030269529	-0.0602473669	-0.0513588319	0.1850224357	0.0229286846	-0.0083485523	-0.0265950073	0.2007866242	-0.0569799714	0.0498331771	0.0978192434	0.0064686656	0.1440704942	-0.127300928	-0.0471888959	-0.0432227501	0.0294243523	0.0405829873	0.0286843091	-0.0201167177	0.1708332001	0.0619595772	0.064025082	0.0501576899	0.0615283884	-0.2443659559	-0.0477143352	0.1309598496	-0.1028375741	0.0324916808	-0.0397537571	0.061739575	0.0285453531	-0.0092700468	-0.0226564993	0.0459924979	0.0179259001	-0.0734096643	0.1197978354	-0.1220202177	0.1752526516	0.0097168951	0.050662654	-0.0112781698	0.0068558376	0.039040315	0.0923349496	-0.0778077693	0.0762148022	-0.0437779656	0.0458254333	0.0200467317	0.1285546523	-0.1094533647	0.0005889585	-0.0790821403	0.0529856126	-0.0655366641	-0.1216764987	0.0756679806	-1.0305e-05	0.047777865	0.1731702434	-0.1414997144	0.022803528	0.1304873514	0.076503828	-0.0118212394	0.1665125326	-0.1644756553	0.0195205556	0.2070746591	-0.1324210084	-0.0062716911	0.0275199166	0.0694805766	-0.0445908108	-0.0435426779	0.0144053161	-0.1151810923	-0.0423669894	-0.0292472	-1.9800000000000373e-05	3.9204000000001476e-10	0.00085539870784	0.105976	0.0421396	0.011230912576	0.00177574588816	-0.0486021	-0.0189581	0.00035940955561	0.00236216412441	-0.000171519	0.0	0.0	2.9418767361e-08	0.000548227	0.0002324589999999	3.00552843529e-07	5.403718668099999e-08	-0.000927121	-0.0001087950000001	1.1836352025021767e-08	8.595533486410001e-07	0.0	0.0	0.0	0.0	0.0
552.9190267188301	1.577887726847166	2.489729678534917	305719.4501076983	788.3275815554214	5.991870915246295	35.902517064974475	621460.3758410196	517.8881113651667	0.9443041807985536	268208.09589337924	0.8917103858736276	529.413759437035	553.5951270013105	1.179183	50.115181	0.1014443	0.0683158	0.0039651482	0.0943849806	0.0954201614	0.0881010274	-0.0041461538	0.0545601925	0.0832424954	-0.0209517558	-0.0928412046	0.0627265744	-0.0025457593	0.060177593	-0.0707509234	0.1220610257	-0.1703089726	-0.0555673861	0.0334774144	-0.0045268098	-0.0103410453	0.0430870929	0.0389481033	-0.0808085286	0.071476034	-0.057332749	-0.2166061755	-0.0981140959	0.0688394558	-0.2391295095	-0.0528062625	-0.0271144542	0.1020309448	-0.0042362377	0.0983314963	0.0431861375	-0.035747345	-0.1566839685	0.0503319932	-0.1732690468	0.0024253257	0.034140669	0.0415936028	0.0284717002	0.0019831171	0.0581106165	0.0941358053	0.0333721865	0.0455289558	-0.1411915555	-0.1519241275	0.0102529703	-0.0647680621	-0.0128009093	0.184030829	0.1477121877	0.1312250554	-0.0377589606	0.0667109038	0.1020045668	-0.1492583541	-0.0376476656	0.0721836823	0.0566494278	-0.0725766251	-0.2697464575	-0.1478077706	-0.0998023773	0.0115586005	-0.0400254321	-0.0362231973	-0.0572364256	0.0292603527	-0.1460998708	-0.0338661771	-0.059896723	0.0487128783	0.0272354385	-0.0444984325	0.0088469504	-0.1206467695	-0.0714021285	0.0597697568	-0.018364988	0.0411806489	-0.0521065275	0.1358194553	-0.0130677766	-0.030543492	0.0388129302	-0.0367651617	0.0603105052	-0.104022169	0.0374052203	-0.0410506716	0.0870127704	0.0829776633	0.0292590659	0.0305377458	-0.0746574439	-0.0033306495	-0.0141952948	0.0123210007	0.0483828765	-0.0404982597	0.0956665112	-0.1486403691	0.0503870408	0.1290454805	0.0694006353	0.0399406129	-0.0650815655	0.1424247793	-0.0272290146	-0.1063919925	0.0984663962	0.0638105475	0.0910607092	-0.0120306094	-0.1185114113	-0.2511018343	0.0916044254	0.0418490118	0.0467599849	0.0496263612	-0.0884730119	-0.1256424489	0.2343051046	0.0157943936	0.0768715588	0.0701413145	0.1661337834	0.0899061339	0.0665192976	0.0254692372	-0.0596594341	-0.08319824	-0.0693203117	0.0186454949	-0.0883307677	0.1127346921	0.0123766891	0.0562396277	0.138858509	-0.0780544286	-0.0306383304	-0.0205050543	0.0783240282	-0.1018656276	-0.0190186219	-0.0697645834	0.0060274413	-0.0545363675	0.0904166214	-0.0418786397	-0.0508873139	-0.006379647	0.0355154104	-0.1007560046	-0.0086535868	0.0273928015	-0.0526661539	0.0035474708	0.066348004	-0.1220010441	0.0381890508	0.0202531945	-0.0141742877	0.01908091	0.1176913248	0.0892463179	0.0287539463	0.0544654455	-0.0174463381	-0.0833068692	0.0840307612	-0.1425917516	-0.0406332329	-0.110517326	-0.0296626414	-0.1413285009	0.0136013313	-0.0272711237	0.0086820314	-0.0415198748	0.063398632	-0.0184218062	0.0942426159	-0.124642808	0.0099994642	0.0866253046	0.1173536418	0.1745472062	-0.1304507611	-0.0126362303	0.055877212	-0.1126478196	-0.1377578707	0.1977706899	0.0367416551	0.040176455	-0.0954690861	0.0117957945	-0.1163333239	-0.0349212611	-0.0292476	-3.999999999976245e-07	1.5999999999809961e-13	0.0008554221057599	0.0416133	-0.0643627	0.00173166673689	0.0041425571512899	-0.039235	0.0093671	8.774256241000006e-05	0.0015393852249999	0.00030456	0.000476079	2.2665121424100006e-07	9.27567936e-08	0.000626429	7.820199999999998e-05	3.92413292041e-07	6.115552803999997e-09	-0.00092712	1.000000000015745e-09	1.0000000000314906e-18	8.595514944000001e-07	0.0	0.0	0.0	0.0	0.0
552.1551075081259	-0.7639192107042163	0.5835725604829528	304875.26274731004	785.1764850119782	-3.151096543443145	9.92940942609934	616502.1126157653	517.4537709668372	-0.434340398329482	267758.4050878	0.1886515816210131	529.0600242153733	554.9583030575232	1.15601	49.130367	0.1116639449999999	0.069231	0.0909047619	0.0159567518	-0.0992232171	0.0225448065	0.0881330586	-0.1075606669	0.030825834	0.0350968082	-0.0443588484	0.0803736771	-0.0735895529	-0.1113802299	0.0132691421	0.0312224046	0.0380094385	0.0343781716	0.1578687047	-0.0843675637	0.0599062489	0.0068765103	-0.0522739225	0.0619876441	-0.0520567625	0.0963925157	0.0676294404	-0.2030515822	-0.0481390254	0.1162581194	0.0396409666	-0.0845626021	-0.0090786958	-0.0171928889	-0.0810884802	0.0443678703	0.1126112458	0.0250814435	-0.0983372476	-0.0578334425	0.004050144	0.0226434415	0.1714702527	0.008992923	-0.0781807686	0.1259932837	0.0339822665	0.0659052189	0.1697255762	0.0999110513	0.0445757153	0.1537331897	-0.0257349851	-0.1421797248	0.3110017642	0.1500679974	0.0034035825	-0.2367698603	-0.152808446	0.0181861938	-0.0692677614	-0.118693114	-0.1149787572	0.0608974827	0.1167195841	0.0191241442	0.0383523045	0.119845098	-0.0029077156	-0.0261374785	0.0271479285	-0.0237564008	0.0126003828	0.0308061932	0.0633339917	0.0019957322	-0.0614030335	-0.1246943154	-0.1161552084	0.1228013151	0.087687245	0.1065803487	-0.0016540762	-0.037418656	0.0408446736	-0.1104922724	-0.0760785472	0.0692019681	0.2106526612	0.1474285984	-0.1652698829	0.0152332794	0.0641662089	-0.0555958642	-0.0710860441	-0.0665603234	-0.0519118167	-0.0958587079	-0.0763910815	0.0109711313	0.038801136	-0.0073393247	0.0223973018	-0.0994462329	-0.1198797424	0.0748578328	-0.0176557128	0.0811028191	-0.023596329	-0.0028125237	-0.1193266995	0.1189624273	-0.1034254094	-0.05364213	-0.0431417679	-0.1387501549	-0.0448090458	-0.1200535293	-0.0442463979	-0.0415593305	-0.2815278081	0.267835748	0.0841605688	0.0639014759	-0.1076390781	0.0033161955	0.0731269671	-0.0492874545	-0.1966763467	0.0166260495	0.0326534925	-0.0793621421	-0.125668779	-0.0105262831	-0.0026991027	0.0987075208	-0.0675368453	0.0363417717	0.0203751991	0.1029591274	-0.0375782296	0.2443198468	0.0243622697	-0.0311229803	0.0601437263	0.001529116	-0.1057650868	0.0782914515	0.0119371494	0.171089714	-0.0258638731	-0.0013581233	-0.000962093	-0.1103600077	-0.0270889625	0.0046663591	-0.1159329441	-0.1259001121	0.0046653511	-0.121437427	-0.1110687886	0.0639492527	-0.1604026088	-0.004869836	0.024639926	-0.0262789609	-0.0156391457	-0.18585933	-0.0171917408	0.0640353612	0.0086146732	0.0456812956	0.0157716329	0.0692843935	0.1694899574	-0.074419055	0.057116917	0.0003546668	-0.0019535217	-0.0301164569	0.096146264	0.109027222	-0.0252068085	0.0689185612	-0.1164254084	0.1080482084	-0.0029146385	-0.1662246752	-0.0535414169	0.077376754	0.0769379399	0.0565235327	0.1018724787	-0.0664231053	-0.0023249214	0.1759319425	-0.0664131147	-0.0649165245	0.0439541727	-0.0141971782	0.04331421	-0.1731115089	0.0091804995	-0.1172578276	-0.0273217542	-0.0292507	-3.1000000000024064e-06	9.61000000001492e-12	0.00085560345049	0.103523	0.0619097	0.010717011529	0.00383281095409	-0.06927	-0.030035	0.000902101225	0.0047983329	8.61631e-05	-0.0002183969	4.769720592961e-08	7.42407980161e-09	0.000450503	-0.0001759259999999	2.02952953009e-07	3.094995747599999e-08	-0.00092712	0.0	0.0	8.595514944000001e-07	0.0	0.0	0.0	0.0	0.0
551.784872890676	-0.3702346174499098	0.137073671958281	304466.5459509794	783.8274519343255	-1.3490330776527344	1.8198902446012084	614385.4744058574	517.364052441112	-0.0897185257251749	267665.5627582897	0.0080494138582988	528.9634632496785	540.306530479761	1.260804	53.584106	0.134004045	0.070937	0.0656839983	-0.1295925054	0.0393044633	0.0676268175	-0.0366198315	0.0585566679	-0.1410055499	0.0416892017	-0.0293550254	0.007416516	0.0201700818	0.0035196482	0.0925769299	0.0722262721	-0.0165765452	-0.0330754412	0.1187245595	0.0375319141	-0.0366540318	-0.0787022356	0.0473728544	-0.0442055094	-0.0238866164	0.0352671135	-0.2006899965	-0.0355610659	-0.2283029937	-0.0271274215	0.1492453777	0.1795279657	0.1842831208	-0.1810307226	-0.1075392552	0.1185100315	0.0463488376	-0.1258632549	-0.0747450245	-0.1179070644	-0.022693497	-0.0975986015	-0.0867482102	-0.0150626857	0.0036591745	-0.0134339706	0.0871456115	0.0121207278	0.0291066911	-0.13027574	0.1071535658	0.0190698623	-0.0857543684	-0.0339409581	0.2273543549	0.0410791158	0.079097659	-0.0504474354	-0.0765013772	0.0225674898	0.0244690219	0.1001805806	0.064068112	0.065129192	0.0312388454	-0.0482672016	-0.0964421898	0.0144835518	-0.0600740374	0.0138405886	0.0790418856	-0.1788233166	-0.033637626	-0.0137205962	0.0173853713	-0.0212609699	0.1399824891	-0.0869560034	0.0610950564	0.0451056132	-0.0124230011	0.0574004965	-0.0688135071	0.017703354	0.0578807823	0.0111745103	-0.0127721784	-0.1564695056	-0.1648685459	0.0401100153	0.0696855613	0.030916237	-0.0895424677	-0.0610438276	-0.0488518839	0.037070339	0.1160215678	0.0763724684	0.0930393561	-0.0056100698	-0.0011085401	-0.0018079802	-0.03070356	0.0532643605	0.015441187	-0.0944646285	0.0986127302	0.0341833418	0.0038922127	-0.0067644253	-0.0430556277	0.0416208756	-0.0456648208	-0.2109607212	0.079203419	-0.0672445734	0.0348747639	0.0184673901	-0.0840003078	-0.0288488352	-0.2270422742	0.0616585244	0.0411244181	0.0068068044	0.0909920014	0.1296649056	0.0645104228	0.1143093112	0.0105496319	0.117836418	0.1187774754	-0.0301168009	0.0112881676	-0.0432662192	0.0872177015	0.1344458556	0.0284999562	-0.1220099425	0.0049003402	0.0494827333	0.1734642869	0.0298093612	0.0554539335	0.0380021555	0.0570336333	-0.09236544	0.0411548238	-0.1255289192	-0.0647945308	-0.0665824241	0.0021629791	0.0493967908	0.0352070824	0.1399708841	6.47454e-05	0.0099154153	0.0835189742	0.0925280214	0.0841443704	-0.0897136132	0.0254491245	-0.1337334366	-0.0233339513	0.0669124291	-0.0549738649	-0.0045328878	0.0267648806	-0.0252144236	0.0951658975	-0.1123940143	-0.0735702109	-0.0237454356	0.0006112508	-0.0234636721	0.1130650378	0.0375449262	0.1518774893	-0.1616288176	-0.088755473	-0.0528547326	0.0773142689	-0.1029282033	0.0157362542	0.0896073869	0.0295799311	0.0556715692	0.0311375324	0.128980503	-0.1046391298	-0.054716397	-0.0873021954	0.0877895668	0.0659669452	0.0356932338	0.0021378307	0.1141940725	-0.1134869748	-0.1656737997	0.1447883152	0.0272491704	0.0505393645	-0.2207962154	0.006560711	-0.1179527935	-0.0196019337	-0.023153	0.0060977	3.718194529000001e-05	0.000536061409	0.0447562	-0.0587668	0.00200311743844	0.00345353678224	-0.0326075	0.0366625	0.00134413890625	0.00106324905625	0.000439384	0.0003532209	1.2476500419681e-07	1.93058299456e-07	0.000548164	9.766099999999996e-05	3.00483770896e-07	9.537670920999997e-09	-0.000728461	0.000198659	3.9465398281e-08	5.306554285210001e-07	0.0	0.0	0.0	0.0	0.0
551.0420403500968	-0.7428325405791156	0.5518001833432234	303647.3302331978	783.7117735244839	-0.115678409841621	0.013381494503486	614204.1439608919	517.0228986038896	-0.3411538372223504	267312.677680768	0.1163859406515339	528.707327175808	558.2556208933403	1.223117	51.982384	0.10411905	0.0596597	-0.0114103485	-0.0116968485	0.0936672646	0.0240035664	0.0183571352	-0.1119689028	0.0276475574	0.1117768227	0.0712733999	-0.0158632176	0.0997993495	0.1046999649	0.0289636264	-0.0406484077	0.1251553913	0.0267846385	0.0353529524	-0.0111647806	0.0883479022	-0.0424241396	-0.1165292998	0.1777375257	-0.176170776	-0.0955425151	0.0584734866	-0.0518430438	0.0699621704	-0.1463873604	-0.1083338368	-0.0978762107	-0.0690205741	0.0399407736	-0.1058533178	0.0201055896	-0.1050064797	0.0935183411	0.0198240343	-0.0142779909	0.0341964262	-0.1041604563	0.0753640974	0.087016274	-0.0654465022	-0.2149483371	0.0717463928	-0.1187390322	0.1019911672	-0.0049504334	-0.0620740816	-0.0780578036	-0.1071689257	-0.1262502552	0.1061322338	0.0019108185	-0.0634187648	-0.0121790259	-0.0205178786	0.0708528689	0.0733910529	0.0408045898	-0.0276471987	0.2263601025	0.0257023218	-0.0350091764	0.0203589325	0.0762824115	-0.0084276205	0.0296961409	0.0717212976	0.0267719055	0.0995325284	-0.0877982504	0.0978726866	-0.1617680972	0.0273021673	-0.1711659198	0.1196593745	0.0811410415	-0.0442846487	-0.0234686254	0.057841971	0.1042936405	-0.0702654292	-0.0718152578	-0.1587912171	-0.0244817232	0.0231103153	0.0926377183	0.2194867553	0.1759063851	0.0324182982	-0.0757325986	0.0598904418	0.0703517863	-0.0084558034	0.1060974212	0.0051250348	0.0900884906	0.078788322	-0.1597645808	0.00710854	-0.1295463395	0.1257215521	-0.0312240391	0.030882763	0.082947117	0.045779174	0.1320485164	0.0039191492	-0.158674355	-0.127987774	-0.017494368	0.0401186955	0.0994258232	0.0130176911	-0.1292007368	-0.1432629821	-0.0193329867	-0.0885712596	0.0605076648	-0.0070631917	-0.0543193804	0.0289422988	-0.0496668204	0.1735928403	0.0966725602	-0.1514965698	0.0146884126	-0.049979791	-0.0371422144	-0.1167932594	-0.0264852711	0.0650201405	0.0350567521	-0.1979504171	0.0219486986	-0.0124100415	0.0532911076	0.1197864615	-0.0011917227	0.041457014	0.107269468	0.068422328	0.0278098847	0.0113018044	-0.1661164339	0.2100532681	0.0375848416	0.038183469	0.1808350132	0.0232645363	-0.018032018	0.0343408613	-0.1674072053	0.1318301932	0.0869521561	0.0111823887	0.0103687021	-0.018905543	0.2020390429	-0.083321072	-0.0207024972	-0.0846512668	0.0379309291	0.0110628761	0.1469373538	-0.0170883121	-0.0549093716	-0.0349477015	0.0237609924	-0.002281473	0.1314297633	0.1094420429	-0.0207256268	-0.1704191204	-0.0597547077	-0.0162766652	-0.0296982176	-0.0307877745	-0.041337171	-0.1460796166	0.0477883331	-0.0325974424	0.148329571	-0.0958474773	-0.1016137165	-0.0261456392	-0.0390954691	0.0177364185	-0.1107810991	0.0187705974	0.0160034477	0.0965769004	0.1030263994	-0.0136780275	-0.0453529438	0.1380166145	-0.0314458304	0.0619002717	-0.0846111084	0.0039377115	-0.1184168613	-0.0117957945	-0.0163367	0.0068163	4.646194569000001e-05	0.0002668877668899	0.0920716	0.0473154	0.00847717952656	0.00223874707716	-0.0670209	-0.0344134	0.0011842820995599	0.00449180103681	0.000424225	-1.5158999999999997e-05	2.2979528099999983e-10	1.7996685062500001e-07	0.000450503	-9.766099999999996e-05	2.02952953009e-07	9.537670920999997e-09	-0.00092712	-0.000198659	3.9465398281e-08	8.595514944000001e-07	0.0	0.0	0.0	0.0	0.0
551.5350637358623	0.4930233857654684	0.2430720589116459	304190.9265301217	789.3615445447025	5.649771020218623	31.919912580902174	623091.6480059983	517.3157504088839	0.2928518049942568	267615.5856211067	0.0857621796883942	528.9905743469704	555.3839545546065	1.103804	46.911575	0.0837119999999999	0.0429719	0.004429689	0.1158742094	0.0814763866	-0.0111911506	0.0070284826	0.0139846663	0.0345186332	0.0014100531	-0.0061950253	0.0698181083	-0.1261960412	0.076235047	-0.1317737281	0.1613526008	-0.0794934444	-0.0011715247	-0.0271816853	0.0968626798	-0.0473366406	0.0810438221	-0.0231192872	0.0861380269	-0.0818805403	-0.0404418737	-0.0200948988	-0.1806871396	-0.0732564961	0.1278486225	-0.0699532179	-0.1413416588	0.2125525787	0.0676963793	-0.0933041708	0.0328861015	-0.0234225671	-0.0714962106	0.0292505164	0.0894805591	0.0024010987	0.0058325914	0.0866672302	-0.0186262683	0.0686915266	0.0080160932	0.1042528143	-0.0346611262	-0.0120574637	0.0004127923	-0.18347966	0.0338545743	-0.1073958135	-0.0682274524	0.0514747204	0.10437107	0.0545160549	-0.2172073443	-0.0519261874	-0.2579719333	0.0457044733	-0.0598809885	-0.0454456943	0.0455957221	-0.1078447271	0.0276723476	0.1054575258	0.1243240168	0.0106294813	-0.0458250149	-0.1857825696	-0.1122636054	0.0285676576	-0.1201370715	0.0288148454	0.134187159	-0.0126100359	0.0506786969	-0.0990362691	-0.1039002313	-0.0465251319	0.0037086799	-0.1107684792	0.04042307	-0.052377646	0.1013048644	0.1748997338	0.1798778165	0.0459819341	0.0544818036	0.0400389555	-0.0226624299	-0.0246726357	0.1140994523	0.0698016313	0.0833912225	-0.0708172564	0.0472045249	-0.0789401271	0.2941412046	-0.0994243728	-0.0444548343	-0.068069786	-0.0888997453	-0.0113697299	-0.0495035625	-0.0013766653	-0.0718093427	-0.007051976	-0.0334163042	-0.0663452322	0.0090304976	0.0835542682	0.1906716352	-0.1372271993	0.1114265553	0.0238812213	0.0879503343	-0.103462062	-0.0516784446	-0.0918482721	0.1738651245	0.0006542392	0.2528762771	-0.2176279962	0.1005123912	0.1200876329	0.0699417386	-0.0569147034	-0.0676179277	-0.0334693653	-0.0716674725	0.0264385218	0.2043937424	-0.0167545591	-0.0753375866	0.0056550638	-0.0598713392	-0.0475019795	-0.0980346565	-0.0343475659	-0.0582903004	-0.1481043031	-0.156742834	-0.1018045805	-0.068618746	-0.0509840368	0.0598838447	-0.051049742	-0.0307728096	0.1124008141	-0.0942271242	-0.0725512395	0.0531911438	-0.2492983493	-0.0634389126	0.0570846739	0.0473915985	0.0545634903	0.004801539	0.0519081986	0.1328092704	0.0066999945	-0.1970924044	0.1561004996	0.0151275412	-0.0207755973	0.0694427599	-0.0603306626	0.0275123028	0.0876296154	-0.0165185048	-0.0691658466	-0.0301459993	0.0407955079	0.05323673	-0.0071360586	0.2055982769	-0.0771538763	-0.0413011971	-0.1465800917	0.0427616495	0.0193895285	0.004618376	0.0214162415	-0.0347260202	0.1060036009	0.0375146414	-0.0651986687	-0.0275266346	-0.0611796877	0.0512802787	0.2154076742	0.0628878158	-0.0898387182	0.044366556	-0.0751021394	-0.1203891856	0.1979996698	0.0876956659	0.0591626179	-0.0475687988	0.0013127847	-0.1186491225	-0.0039377115	-0.0292476	-0.0129109	0.0001666913388099	0.0008554221057599	0.0637177	-0.0283539	0.00405994529329	0.00080394364521	-0.0398189	0.0272019999999999	0.0007399488039999	0.0015855447972099	0.00030456	-0.000119665	1.4319712225000006e-08	9.27567936e-08	0.000576185	0.000125682	3.31989154225e-07	1.5795965124000002e-08	-0.000867563	5.955700000000001e-05	3.547036249000001e-09	7.52665558969e-07	0.0	0.0	0.0	0.0	0.0
550.8700045467434	-0.6650591891188924	0.4423037250314787	303457.7619093291	786.9448341041352	-2.416710440567272	5.8404893535468565	619282.1719231849	516.6270855850075	-0.6886648238763655	266903.5455600587	0.4742592396446655	528.401704422017	552.6916360230734	1.181487	50.213123	0.0522485999999999	0.0388791	0.0813083023	0.0420020436	-0.0990142121	0.0552599952	0.0732069919	-0.1130368267	0.0411243378	0.1079330176	-0.1006024028	0.0449822503	0.0209580744	-0.1261069114	-0.0389193987	-0.0290658541	0.0593951209	0.0899800395	0.0476998364	-0.1274017098	0.066789018	0.0584484398	0.0071693244	-0.0860991545	0.0086224651	0.0189490541	0.0004098796	0.0973511107	0.0095643856	0.0064481253	-0.1453531647	0.0765309891	-0.0130088799	-0.1180940752	-0.0692793699	-0.1496409323	-0.0915774455	-0.0438294482	-0.123971254	-0.1495514675	0.0558620152	0.056678219	0.0670487142	0.1425367602	0.0426180878	0.1031934489	-0.0123678126	-0.0463228073	0.0949137404	-0.0022836469	0.0373673648	0.1283732763	0.0148719378	-0.1032849038	0.0491347772	-0.0798831616	-0.0249915519	-0.1361780218	0.0868666385	0.292691208	0.0393941067	-0.0741910532	-0.0142557956	0.0944637715	-0.0139731524	0.0013932408	0.0257900117	-0.1340599068	0.0307866613	-0.0418847839	0.1706566405	0.0085420792	-0.1542206439	0.04220119	-0.1398778811	-0.0173447722	0.1475854003	0.1656891645	0.0571609132	-0.0684244384	-0.0715349541	0.0398786383	0.0019751784	0.032886491	-0.1214157505	-0.0515570633	-0.0254806402	0.0848067781	0.0331164552	0.0575965941	0.0445371807	-0.0195530596	0.0875373393	0.0891832856	-0.1075685845	-0.0544673248	0.0973433773	-0.0172387243	0.0916380235	-0.0208932862	0.0754545289	0.0874068422	0.0155274326	0.0393478105	0.0416259852	0.0150855271	-0.1637999676	-0.0229121749	0.0294810098	-0.0632399207	0.0798646871	-0.0527624318	-0.0325389528	0.2316571598	-0.0371750746	-0.1203063373	-0.0926137231	-0.0360839487	-0.0932689713	0.0607016897	-0.0381296047	0.1312425731	-0.0021793441	-0.2632604706	0.0222916933	-0.1285095686	-0.12806859	0.0129059884	-0.155102119	0.0813742692	-0.029709628	0.134919506	-0.0309036557	-0.101605245	0.0874597786	-0.0244246529	0.1409112126	0.0330678576	0.0509100093	-0.0424568526	0.0397484158	-0.2239654963	0.0721219003	-0.1145038023	0.0869189874	-0.0227162728	0.0616668697	0.0765704866	0.0190118635	0.026807289	-0.0123619164	0.1058634242	-0.0126872013	-0.0319554753	-0.0533448184	0.0037551023	0.0289378857	-0.0325561423	-0.0615808636	-0.0750416486	0.0128848524	-0.1336576555	0.0559730709	0.0558060844	-0.0284621249	0.0120003532	-0.0021221014	-0.0143153325	-0.071078853	0.2034940531	0.0711584863	0.106754767	0.0060189513	-0.0177339825	-0.087987173	-0.138247651	-0.1347866549	0.1860679647	-0.0469149246	-0.0300204068	0.0884974793	0.0709683333	0.0535608093	0.006773629	-0.0357903071	0.1380995275	-0.1610621063	-0.1048126194	0.0610625995	0.1491279499	0.0226409559	0.0438940496	-0.0253871917	-0.1130222794	-0.0302875652	-0.1616787633	-0.021565676	0.0153833294	0.0316118749	0.0130817806	0.0813628803	-0.1873335949	-0.0013127847	-0.1186491225	0.0039377115	-0.0292384	9.199999999997405e-06	8.463999999995225e-11	0.00085488403456	0.06513	0.0014122999999999	0.0042419168999999	1.994591289999976e-06	-0.0768591	-0.0370402	0.00137197641604	0.00590732125281	0.00039205	8.749000000000002e-05	7.654500100000002e-09	1.537032025e-07	0.000551038	-2.5146999999999995e-05	3.03642877444e-07	6.323716089999996e-10	-0.000704462	0.000163101	2.6601936201000007e-08	4.96266709444e-07	0.0	0.0	0.0	0.0	0.0
552.3140069765399	1.4440024297964555	2.0851430172580674	305050.76230248134	787.6837807059769	0.7389466018416897	0.5460420803733806	620445.7383872615	517.2125057762034	0.585420191195908	267508.77613129927	0.3427168002598535	528.9207804240176	549.5251541848627	1.225218	52.071693	0.0501049499999999	0.0260389	0.0011171799	-0.126237322	0.0675685582	-0.1301494322	0.1075260361	0.0388988205	0.0434295383	-0.0614577086	0.0694030312	0.1127746615	-0.1033769343	0.039925618	0.130944446	-0.0299194515	-0.1125359323	0.0775802518	0.1205061755	0.1191062028	-0.078337101	0.0876081547	0.1030535855	0.0416170589	-0.0459350061	-0.0294369547	0.0874914905	-0.051539834	0.0138816696	-0.018394837	-0.0430330046	0.0073802396	-0.0109920726	0.1134081881	-0.044241155	-0.1891420159	-0.0633897292	-0.1308019355	0.2435973214	0.0048522144	0.0348063065	-0.0905416977	-0.1200022566	-0.0108814021	-0.1784907779	0.0143926619	-0.1016143919	-0.0877627903	0.1175950523	0.0267609506	0.0727891642	-0.0691927224	-0.0406168912	0.0805019272	-0.0284865072	0.0099119521	0.0294419129	-0.0893771466	-0.0510489353	-0.0548028231	0.0511094943	-0.0158010021	0.1363456898	-0.1882574104	-0.104522089	0.0319919172	0.007184	0.0224781079	-0.0085841151	-0.0741991365	-0.0222020583	0.2153109975	-0.1015727364	-0.0058051994	-0.0275740708	0.039532922	0.0191421225	0.1087370009	0.0808128011	-0.0959120743	-0.1331749229	0.0629112756	-0.0177329999	0.036178338	0.0398881483	0.0052485859	-0.120871026	-0.0448742045	0.184463729	0.2030050836	-0.1606584694	-0.0114819693	0.0331382713	-0.0460365447	-0.0405780262	0.0965415038	-0.117783381	0.0632405654	0.2692082647	0.0094146164	0.0782662968	-0.0016826751	0.0196823807	-0.117953865	-0.0424779668	0.097724392	0.004657423	0.0989405645	-0.0363795081	0.0090505624	-0.0046707472	0.0499600577	-0.0050737054	-0.0670057496	0.0930667834	-0.0063929852	0.1240189854	0.0386060184	0.0491080058	0.0337586499	0.0230984271	0.0700103723	0.0848516964	0.0224971235	-0.1178209838	0.086989679	-0.068157625	-0.0496563778	0.1013339129	-0.0960950667	-0.0983452097	0.0274766083	0.1152958573	-0.0299996117	0.0273492705	-0.1800668595	0.1572194238	0.0773095552	-0.0715958167	0.0232359523	-0.0643147763	-0.0941543177	0.0304421467	0.0352245968	0.0276010716	-0.0763155787	0.0178007141	-0.0764933606	-0.0870554803	0.071594943	0.0433206125	0.0866412617	0.0148759605	-0.1568422003	0.0272492647	-0.105624477	-0.0220868021	-0.1688174237	-0.1356342027	-0.0111841629	0.0796093681	-0.1179931111	-0.3069075451	-0.0897540126	-0.065069847	-0.0348929879	-0.2117341081	-0.0018067721	-0.0415045467	-0.0044982085	0.0066684241	-0.0188897012	0.0849699245	-0.1237924672	0.0435573853	0.030122558	-0.0142184412	-0.0471624667	-0.0935850956	-0.0098234111	0.0264298009	-0.1222611473	-0.046580402	0.0421286299	-0.0003170612	-0.1187211087	0.1800649109	-0.1257503853	-0.0846226974	0.0965836927	0.0289205832	-0.012389711	-0.0095342431	0.0785584002	-0.1526592079	0.0346120986	0.0850902481	0.0901176021	-0.0768070286	-0.0262082063	-0.0804766148	-0.0722524522	-0.0039377115	-0.1184168613	0.0117957945	-0.0292264	1.2000000000001593e-05	1.4400000000003823e-10	0.00085418245696	0.0440906	-0.0210393999999999	0.00194398100836	0.0004426563523599	-0.067356	0.0095031	9.030890961e-05	0.004536830736	0.000612607	0.000220557	4.8645390249000014e-08	3.7528733644900003e-07	0.000710929	0.000159891	5.05420043041e-07	2.5565131881e-08	-0.000693901	1.0560999999999967e-05	1.1153472099999936e-10	4.81498597801e-07	0.0	0.0	0.0	0.0	0.0
551.9664195378482	-0.3475874386916757	0.1208170275362394	304666.92829743185	783.5035940351613	-4.180186670815601	17.47396060286442	613877.8818660149	517.3427268247453	0.1302210485418982	267643.49699846306	0.0169575214833514	528.8701291746152	557.8274887684947	1.239769	52.690117	0.08619905	0.0597721	-0.0147486741	0.1188042434	0.0645741188	0.0484953743	-0.2005550531	-0.0814279555	0.0323435584	0.0569938736	-0.1545125676	0.032675991	-0.0261104678	0.0643655694	-0.0836823683	0.0380924916	0.0752974247	-0.1423149509	0.0894962143	-0.1874019875	-0.0408095003	-0.065134186	0.0490748394	-0.0419282181	0.1659190553	-0.0050519832	0.0914269349	-0.0217355369	-0.0145720314	-0.0757214999	0.007694922	0.0413711964	0.0139940631	0.1154361771	-0.0323321826	0.0300396735	-0.0485951985	-0.0495715206	0.0161653511	-0.0543011285	-0.0237458756	-0.056730808	-0.2162095678	-0.0317053994	-0.0382316062	0.0322469259	-0.1564799089	0.0476404917	-0.0360779895	-0.0838840296	-0.0860156656	-0.0510289824	0.1092146308	-0.1704417989	0.0123840409	0.1009345642	0.0401400715	-0.0123135433	0.1757139396	0.0261550622	0.2055582605	0.0509254365	0.1007107793	-0.0799059108	-0.0887651482	0.0818466765	-0.0302449579	-0.0035925167	0.0647493073	0.0078732497	0.0578350016	0.0486763683	0.0154934708	0.0145469889	-0.1806711436	0.031296674	0.0035642828	-0.0028510127	0.0565086392	0.0392114318	0.1153249609	-0.0405446465	-0.0466900198	0.0070854571	-0.0169925456	-0.0057028046	0.0715508367	0.1133498686	0.1833055537	0.0020140008	-0.1405342142	-0.0112309302	0.0423666996	-0.2188535166	0.1377176225	-0.0938329339	-0.0467723288	0.1008330005	-0.0795804525	0.0024434139	0.0367307645	0.0626354909	-0.0387680798	-0.0358792402	0.0674528729	0.0483758071	0.0586149454	-0.0985864114	0.0207461022	-0.0835031452	0.0695491262	-0.0308421803	0.0738038458	-0.0586690897	-0.0120143226	0.1048507892	-0.1835655618	-0.0497618082	0.018199297	-0.1323122753	-0.0412135307	0.0448265979	-0.1423824853	-0.1675782189	-0.067207074	0.0713347002	-0.0326345393	0.043669368	0.1388344639	-0.0867648009	-0.0155323662	0.0439196045	-0.0640534813	-0.0987337928	-0.0560503609	-0.0942288565	0.05694591	0.0815999604	-0.0227388638	-0.1430187329	0.0929643188	0.0376515115	-0.0866315669	-0.0564925344	0.0082597987	0.0264092664	0.1429347313	0.08724298	-0.0063465207	0.0702335971	-0.0606229156	-0.0409842151	-0.0059717371	-0.1074492289	-0.06502033	-0.0686705458	-0.0454901363	-0.0771796048	0.1871353416	0.0853661229	-0.0287876748	0.0490373554	-0.0685761511	-0.1240417334	-0.1102534351	-0.0203178321	-0.1071638639	-0.0373135686	-0.0415193106	-0.148499029	-0.0178855626	0.1082650551	0.0048869954	0.0266071859	-0.1461031238	-0.0006356967	0.0017126454	-0.1312314625	0.0590709214	-0.0762931854	-0.1233970758	0.060146118	-0.030217004	0.0589086753	-0.1154275523	0.1236971966	-0.0782230907	0.0868323605	-0.0213923446	0.087874416	0.0234443968	0.0382073551	-0.0213853268	0.0633716706	-0.0304948816	-0.0791926351	-0.0504440696	0.0895462786	-0.0046512067	-0.0270669034	0.0802316974	-0.0975773571	-0.006560711	-0.1179527935	0.0196019337	-0.0292029	2.3499999999999216e-05	5.52249999999963e-10	0.00085280936841	0.101622	0.0575314	0.010327030884	0.00330986198596	-0.0717631	-0.0044070999999999	1.9422530409999974e-05	0.0051499425216099	0.00030456	-0.000308047	9.489295420900005e-08	9.27567936e-08	0.000884517	0.000173588	7.823703232890001e-07	3.0132793744000005e-08	-0.000690795	3.106000000000007e-06	9.647236000000045e-12	4.771977320250001e-07	0.0	0.0	0.0	0.0	0.0
551.4962948830514	-0.4701246547967912	0.2210171910478021	304148.1632697336	787.9422922774934	4.438698242332066	19.70204208648177	620853.0559595108	517.5775722501678	0.2348454254224634	267886.5432963777	0.0551523738418578	529.3083343020797	545.9740275751689	1.260576	53.574413	0.1046251	0.0688371	0.1059869903	0.0125009299	-0.0979175577	0.0392685146	0.0967717245	-0.0349584504	-0.071090531	-0.0153106337	0.0777234714	0.0633512134	-0.0659958715	-0.1350185612	-0.0081533376	0.031355006	-0.0076348471	0.1409180956	0.0136246414	-0.0079478291	0.0326352977	0.0241088527	-0.0181033534	0.0662664636	-0.0433366476	-0.044914668	-0.0408539125	-0.0072581356	-0.0168798094	-0.0228350046	-2.97988e-05	0.1970642441	-0.0162979464	-0.0028413021	0.1112268527	-0.1318992088	0.2381920443	-0.1034716804	-0.0283692862	0.052838281	-0.0897667756	-0.073685928	0.0217817031	0.0042395141	-0.0984759729	-0.073610955	-0.132791513	0.0745932422	0.1846597082	-0.102460145	0.0251499814	0.1061908428	-0.1035942483	0.0776004763	0.1067282266	0.0113137824	0.0900060733	-0.034260592	0.0028024653	0.0462007374	-0.1233373531	0.0373001738	-0.1120687128	-0.1390511435	0.0331412815	0.1116489531	0.1597418887	0.0207620676	-0.0775607782	0.0053094088	-0.1064820257	0.0092516648	-0.0441080284	0.0662255144	-0.1628119912	0.1240145574	0.0976051663	-0.010714864	-0.0675385959	0.1234095967	-0.0219632988	-0.2461444087	-0.1341474042	0.1206536119	0.0087397937	0.0587926131	0.0995707176	-0.0177264165	0.0071581436	-0.0597634405	0.0660306867	-0.0341662131	0.092583992	-0.0442288574	0.0733278511	-0.08994763	0.0059893311	0.0330853407	-0.0612898979	-0.0103145042	-0.0399406416	0.0710777785	0.0305889127	0.1570796599	0.0183457258	-0.0489025584	-0.0407551675	0.0280956701	0.0339236204	0.002817639	0.1098427331	-0.0783243957	-0.0602885635	-0.013171572	-0.0564456526	-0.10236781	0.0415066392	0.0389642572	-0.055121548	0.0834132939	-0.1094285536	0.0544625293	0.0132430481	0.1028029393	0.1104872577	-0.0262525802	-0.0396839251	-0.1961037477	-0.0675550721	-0.0328776437	-0.0500854321	-0.0969894061	0.121719777	0.0181522912	-0.1518828926	0.0732101008	0.2265597331	0.0946849149	-0.0374047991	-0.0987593692	0.1339594097	0.035326809	0.0215750002	0.0002361963	-0.1331189951	0.0039350681	0.1200499051	0.0325269414	0.0116186877	-0.076581325	-0.0648182079	0.0070007579	0.0024576544	-0.0669948136	-0.1528589043	0.0585524742	0.0964855425	-0.0689503447	0.0771715646	0.0760901172	0.0006725815	0.010543247	0.1323082518	-0.0060123527	-0.0026005018	0.0691144223	0.1173987833	-0.0168540778	0.0888127425	0.0451164194	-0.0415293223	0.0843285278	-0.0388107146	0.0291848573	-0.1134663238	0.0223936625	-0.0138205989	-0.0964704737	-0.1477912143	-0.020827454	0.0822748684	0.0460886267	0.09023111	0.0670706928	-0.0212241458	-0.1236806279	0.0626931146	-0.1066147084	-0.1183113376	-0.0035374185	-0.1050935168	0.0297764144	0.0269770844	0.0588676499	-0.1800026525	0.1086404769	0.1023635805	0.0729383964	0.1293083623	0.0072123478	0.0270192017	-0.0675562081	-0.0091804995	-0.1172578276	0.0273217542	-0.0292045	-1.6000000000009065e-06	2.5600000000028996e-12	0.00085290282025	0.0375123	-0.0641097	0.00140717265129	0.00411005363409	-0.0626814	0.0090816999999999	8.247727488999997e-05	0.00392895790596	0.000824556	0.000519996	2.70395840016e-07	6.798925971360001e-07	0.000884517	0.0	7.823703232890001e-07	0.0	-0.000582149	0.000108646	1.1803953316e-08	3.38897458201e-07	0.0	0.0	0.0	0.0	0.0
550.2881165477639	-1.2081783352874709	1.4596948898580044	302817.01121368544	783.8278475940532	-4.114444683440183	16.92865505308919	614386.0946639263	516.7927186033221	-0.7848536468457041	267074.71400141245	0.6159952469670013	528.5800009124575	540.627753341447	1.179622	50.133865	0.1007543	0.0694567	0.0445744842	-0.1032595818	0.0206661887	0.0417208614	-0.1259319248	-0.017648539	-0.1309123259	0.0841327705	-0.082126834	-0.0530966374	0.0681803443	0.0005143711	0.0510336832	-0.0318680242	0.1379536533	-0.0201593597	0.0346616945	0.0301218816	-0.0518371962	0.0237917058	0.02044706	-0.1507638506	0.165598941	-0.118335019	0.0467368441	0.0665563263	-0.0446949648	-0.0276597157	0.0897739685	0.0251448751	0.0452711377	-0.0701626122	0.0303399214	0.1093858557	0.0033846488	0.0106671374	0.1367452529	-0.0618818188	0.039603944	-0.017775389	-0.0488775376	-0.0106301456	-0.0353350097	-0.0794812775	0.0583635852	-0.1195229409	0.0680548346	0.002869614	0.1318369089	-0.0362927279	0.0193493701	-0.0748968911	0.0575430435	-0.0175629724	0.0904548574	0.1090218428	0.0469024471	0.0623421159	-0.037737153	0.1431161819	0.0575893543	-0.0571372132	0.0158691263	0.136071343	0.0251546171	-0.1334314031	-0.0247783964	0.0064308508	0.1199420933	-0.0199619367	0.0572486536	-0.0367763296	0.0513176495	0.0870182096	0.1678059088	-0.033952621	0.0356203161	0.0012056568	0.1052553247	-0.0301817091	0.0086930083	-0.0663107302	0.0229969343	0.0816936552	0.1251367899	-0.0668308234	-0.0043559961	0.138957998	0.0814055666	-0.0430227203	-0.079874582	0.0775587758	0.0622381242	-0.012598876	0.0870002193	-0.0644994095	-0.1063053501	0.0154406227	-0.0322916046	-0.0913126288	0.0225072759	-0.0906265596	-0.0254268949	0.0653006886	0.010605968	-0.008741143	0.1452039988	0.1017913752	-0.0470466405	-0.1497638229	-0.1111468592	-0.015795432	0.1263685948	-0.0481706138	-0.0969059612	-0.0215446847	-0.0539123476	-0.0377159118	-0.0408925381	-0.0468448782	-0.0544085843	-0.0937461425	0.1813738266	0.0775525837	0.0120310754	-0.1055865721	0.0339719094	-0.0033120294	0.0064195684	0.0577876346	0.1030957361	-0.0595205433	0.0564622321	0.0747676707	0.0160834837	-0.06397243	-0.1513656318	0.0286317167	0.1464332505	-0.0021359163	0.0294499737	-0.0650082416	-0.0374216675	0.0756333949	0.0303680738	0.0365945754	-0.1226904823	-0.006823274	0.1049952161	-0.011802022	-0.0433150477	0.1139175821	0.0113681378	0.07531087	-0.0301875468	0.0059026246	-0.0080248856	-0.01564054	-0.0046476361	0.1734410207	0.0240683061	0.0347468437	-0.0089085803	-0.0190454058	0.0233680033	0.0560636531	-0.0359702536	0.0406038518	0.0743631454	0.0302590964	-0.1569240543	0.1352739936	0.0803361267	0.0818694203	-0.0839448872	-0.1206502812	0.0305120055	-0.1410518178	0.0662620259	-0.0647896296	0.0057529935	0.0763026497	0.0073624982	0.1035219071	-0.048511045	0.1255613182	0.0609445323	-0.0206659893	-0.2051550843	-0.0096086282	-0.0562748634	0.0537436499	-0.0812586684	-0.0470838661	0.0057362528	-0.0769606218	0.023477925	-0.0057652853	0.1614184368	-0.0861152594	-0.0117957945	-0.1163333239	0.0349212611	-0.0292086	-4.099999999999937e-06	1.6809999999999484e-11	0.00085314231396	0.10422	0.0667077	0.0108618083999999	0.0044499172392899	-0.0509969	0.0116845	0.00013652754025	0.0026006838096099	0.000525825	-0.000298731	8.924021036100007e-08	2.76491930625e-07	0.00096851	8.399299999999998e-05	9.380116201e-07	7.054824048999997e-09	-0.000646585	-6.443599999999996e-05	4.151998095999995e-09	4.1807216222500005e-07	0.0	0.0	0.0	0.0	0.0
550.2395289419514	-0.0485876058124858	0.0023607554385895	302763.5392102606	786.6137085605003	2.7858609664471032	7.761021324373588	618761.1264953037	516.6468666788063	-0.1458519245157958	266923.98484902823	0.0212727838849614	528.453177189426	530.0824730555132	1.184505	50.341373	0.10622725	0.064361	0.0293547375	-0.0540012438	0.1318912464	0.105441502	0.0754119397	0.0306034586	-0.1334143692	-0.0639689315	0.1231519204	0.0035443965	0.1106271807	0.1040800935	0.0405167309	0.0065594587	-0.0156698526	0.0594244311	-0.061924002	0.0531024938	0.0252893992	0.139280923	-0.0434503295	-0.1721460948	-0.0537642827	-0.114569173	0.1434258514	0.1807725852	-0.1011519585	-0.0515799062	0.0410941264	0.1146265706	-0.0321142552	0.0590576631	-0.074600619	0.0832615494	0.0458124656	-0.0318840833	0.0873402114	0.0252685811	0.0161926407	-0.0239858965	0.0259426432	-0.045751551	0.0402998765	0.0668534769	0.0176959164	-0.0479452527	0.0975574928	-0.010332998	-0.0286302151	-0.1335103	-0.1423965173	-0.0216686043	-0.0718135727	-0.1116485715	0.0234943037	0.0411092595	-0.1278458573	0.0543618854	-0.0627595437	-0.0969856993	-0.2112239427	-0.0314845669	0.075737635	-0.1369296579	-0.0294608723	0.0686118559	0.0532453094	0.2540047238	0.0779993206	-0.0951119979	0.0145140612	0.0090291458	-0.0767177449	-0.0322145199	0.0975454733	0.0517472118	-0.1007355412	0.0503451721	-0.0594685307	0.0108186599	-0.0409046348	-0.0591817584	-0.009899204	-0.0083406658	-0.0152778185	0.0406453941	-0.1396986096	0.0802198523	0.0188139316	-0.1188848424	-0.0896547647	0.0126009803	0.0240148168	-0.2578516118	0.051099694	0.0276076402	-0.0794979164	-0.1711679322	0.1227396971	-0.0654643818	-0.0605753193	0.0284489925	0.0994570134	-0.1236746251	-0.0581600388	0.012914072	-0.0407910651	0.001475546	-0.1146396747	0.1233917009	0.1142937587	0.04213221	0.0667615804	0.1113134819	0.0856619681	0.0449101529	-0.1475460697	0.0291462199	0.047823105	-0.0758219742	0.0957004707	0.0477055604	-0.0100582409	-0.1468438418	0.03855654	-0.0914149867	-0.0735040031	0.025033586	0.0236584184	-0.009492861	-0.067339723	-0.1090370964	-0.1573524683	0.0375155878	0.0304832928	-0.2075309351	0.1883881566	0.0204650823	0.0547873865	-0.0224230197	0.1709048527	-0.0370120128	-0.0905096298	-0.0792580754	-0.0547957179	0.003969012	-0.0345889902	0.0299995347	0.0408028663	0.061473649	-0.0958044046	0.0924838316	0.0083826304	0.1468031739	-0.0435675395	0.0039384884	0.177036006	0.0707103489	-0.1659696984	-0.0620120389	0.123544802	0.0711968826	-0.1392930634	0.0603193453	0.0221459028	0.0124007491	-0.0767490009	-0.0505870173	-0.1638789194	0.0323135815	0.0681982328	-0.1389742221	0.0997396883	0.0324698788	-0.0099053377	0.166124422	-0.1166747922	-0.0688196393	-0.074220573	-0.1250475193	-0.0063972529	0.0728180727	0.0354656239	-0.0591391014	0.0032227237	-0.0748395823	-0.0006652601	-0.0633822712	-0.0624441748	-0.132112744	-0.0810662776	0.0109093915	-0.1143067226	-0.0171070695	0.0869330833	0.0737646001	0.1888036427	-0.0166187292	-0.0376648054	-0.0305332279	-0.0144053161	-0.1151810923	0.0423669894	-0.0252015	0.0040070999999999	1.6056850409999995e-05	0.00063511560225	0.0474477	-0.0567722999999999	0.00225128423529	0.0032230940472899	-0.0619093	-0.0109124	0.00011908047376	0.00383276142649	0.00107174	0.000545915	2.9802318722500015e-07	1.1486266276e-06	0.00102886	6.034999999999992e-05	1.0585528996e-06	3.6421224999999907e-09	-0.000562141	8.444399999999993e-05	7.130789135999987e-09	3.160025038810001e-07	0.0	0.0	0.0	0.0	0.0
550.4370918177123	0.1975628757608092	0.0390310898788809	302980.9920487406	789.897142870738	3.2834343102376806	10.780940869645994	623937.4963153551	516.4788224037089	-0.1680442750973725	266750.3739915219	0.0282388783930014	528.2010825026722	536.9767432805576	1.143537	48.600231	0.0780168	0.0473677	0.0161693814	0.0861529464	0.1143443081	0.0688728458	0.0353540713	0.0178778214	-0.0682629103	0.0586022921	-0.0732742368	-0.1088692301	0.0042950627	0.1044992063	-0.1064641933	-0.0373077365	-0.0073299442	0.0248528063	-0.047351961	-0.0572635915	0.0341956442	0.0053106048	0.0079643916	-0.1718677719	0.0261356196	-0.0242482698	0.1200637535	-0.0751582686	0.075912112	-0.0428689359	-0.012078316	-0.0076243012	0.1334518098	0.0228323759	0.0498092176	0.0275809974	-0.1181273259	-0.0325202632	0.1918447091	0.1529315525	0.1582838986	0.1134316717	0.0760434557	0.0493726961	-0.0546830549	-0.0427037612	-0.0397141434	0.086838065	0.0310390675	-0.1697382267	-0.1347356817	0.0092505526	-0.0308165655	-0.1511271466	0.0522491973	-0.1143557535	-0.0227781381	-0.0099216539	-0.1118014439	-0.0164202385	0.1871860068	0.0366444005	0.0534178747	-0.0054378892	0.1059657771	-0.0099393749	-0.0005842468	-0.0742872363	-0.0460538752	0.0072421911	0.0736624331	0.029130946	0.0518940526	0.0304183225	0.2412712389	-0.0242949862	-0.0562752553	-0.1025336044	-0.077570166	0.0199164958	-0.1205543926	-0.0117296589	-0.0203811799	0.0041434699	-0.042478037	0.031475243	0.1010931584	-0.0158712838	0.0600870716	-0.1358890213	-0.1565213423	-0.1780516712	-0.0420924805	-0.012255302	-0.1020129967	-0.0188258896	-0.0144608412	0.0233861743	0.0368075262	0.0263264632	0.1249315805	0.0977842777	0.0382260148	-0.031091008	0.1684263033	0.023396937	0.1062414575	-0.0014205989	-0.1770212187	0.0991580713	0.0572515486	-0.1084135816	0.0404304073	0.0075659307	-0.0762393616	0.1045136928	-0.0594657672	-0.057822751	-0.1431265312	0.0110216205	-0.0113704192	-0.0330577498	0.0766668386	-0.1519910335	-0.1373005758	0.0626762543	0.1226667397	0.0213070629	0.0470961606	0.0467202079	-0.0386455257	-0.0268036893	-0.0009680593	-0.0094501134	0.0792708963	0.087739506	-0.0975885527	-0.0067688981	-0.1058247367	0.140611705	-0.1312728097	0.0037638649	0.0700782189	0.1576922709	-0.1070094899	-0.0582252452	0.019424865	0.1340672995	0.0172852479	-0.0424825948	-0.0056097068	-0.1458748881	-0.1079324496	-0.0858039311	-0.0358532946	0.10921048	-0.0124219533	-0.0571416679	0.059261847	-0.0441693561	-0.0196852829	-0.0765658753	-0.0470912352	-0.0029134812	0.0618670693	0.0098477449	-0.0438971053	-0.0156845737	-0.0513952694	-0.1554848163	-0.0538505271	0.0363770804	0.1473671696	0.1013111355	-0.0651448197	-0.0810000775	-0.1122107398	-0.0295275555	-0.0616497385	-0.0954040752	-0.1050736874	0.022799784	-0.0582403088	-0.043266823	-0.011166141	0.123198161	-0.0831094401	0.0364572657	0.093694663	0.0236953188	-0.0488476811	0.010336563	-0.0197468318	-0.0029537961	-0.3078436241	-0.0953208685	0.0451390627	0.0031385931	0.0194408368	0.0385993791	0.0480020724	0.0199796933	-0.0170077871	-0.1138033884	0.0496261511	-0.0312746	-0.0060730999999999	3.6882543609999975e-05	0.00097810060516	0.090586	0.0431383	0.008205823396	0.0018609129268899	-0.0619056	3.700000000002313e-06	1.3690000000017112e-11	0.00383230331136	0.000726966	-0.000344774	1.1886911107600005e-07	5.284795651560001e-07	0.00119275	0.00016389	1.4226525625e-06	2.685993210000003e-08	-0.000629511	-6.736999999999997e-05	4.538716899999997e-09	3.96284099121e-07	0.0	0.0	0.0	0.0	0.0
550.7559954564605	0.3189036387482247	0.1016995308068582	303332.1665312367	786.7011285361106	-3.196014334627421	10.214507627143956	618898.6656399899	516.5644027953563	0.0855803916473405	266838.7822353231	0.0073240034345121	528.2363345525177	548.3088460390134	1.249473	53.102535	0.0667284	0.0356939	0.0510199163	0.0650688445	-0.0608546529	-0.123390516	0.0853976854	0.0200872286	0.0553951172	-0.0259087277	-0.0340629449	0.0844623256	0.2048163623	-0.0912384979	-0.0756227857	-0.0318014912	-0.0450384606	0.0518133474	0.0264797726	0.1179483408	0.0249624373	-0.0695925914	-0.1142317658	-0.099612713	-0.1793555176	0.0704680558	0.0720338872	0.1185785093	0.0637175862	0.0672320766	-0.2194906355	0.0556325716	0.0852070288	-0.0261320013	-0.0158404291	-0.0358579963	-0.0650612375	-0.1021020112	-0.1100702268	0.005364159	0.0183499126	-0.0261111455	-0.06600197	-0.0997263769	0.1068929339	0.0703577558	0.0247882472	-0.1137727883	-0.0745356423	0.0224477902	0.001275134	0.1299122044	-0.0046460602	-0.0878521806	-0.0893243335	-0.0382969872	0.0324725464	0.0448647319	-0.2406682376	-0.1028297842	-0.1064653087	0.267954775	0.0918335778	0.0351465579	0.0340058915	0.0397983568	-0.0656062686	-0.0314953893	-0.0706470124	-0.0346056379	-0.0183339202	0.1945646709	0.1925939982	-0.0279193354	-0.1217071635	-0.0745394631	-0.0543010482	-0.1088234366	0.11036497	0.0784648071	0.1014715908	0.0218305821	0.092781169	-0.0573228762	-0.0455199713	-0.0830954785	-0.1312292348	-0.0376550296	-0.0475921409	0.073013744	-0.1641270197	-0.0003353573	0.0806619555	0.0565514745	-0.0516572094	0.0801585115	0.1050680234	-0.0239763514	-0.136793969	-0.0709385491	-0.0166782966	-0.0243945777	-0.0261352632	-0.0243099565	0.0178107398	-0.1126348219	-0.1166672171	0.0380003977	-0.0383350435	0.0290001764	0.0380350163	0.0234906064	0.1463949358	0.0645308221	-0.0975291258	-0.0881648984	-0.01116096	0.0020095303	-0.0516211259	-0.0415734693	0.1219459175	-0.0109969588	0.2382315255	0.0388878743	0.0993970434	0.1348271121	0.1787511021	-0.1101085453	0.1285912108	-0.0439030514	0.0508833066	0.0527006306	0.0791343167	-0.0710752931	0.0002883938	-0.0665109977	-0.2213518088	0.143518626	-0.0175242037	-0.0559710011	0.0648613527	0.0579223277	0.0308069846	0.0440326872	0.1427337889	0.0632874432	0.0163402465	-0.0838069165	0.0473650114	0.0831134539	-0.0216803903	0.0241370907	0.0456692198	0.146650369	0.1627877968	0.0072255864	-0.0342516067	-0.1537381046	-0.0365761688	-0.1295479301	0.0051564832	0.0410803463	-0.0136650801	0.0172880777	0.0805859994	0.0489572146	0.0368579336	-0.0630120234	-0.0111114426	0.0334798466	-0.0936569507	0.0382676363	0.1146345127	-0.0859597774	-0.0377120388	0.153006351	-0.0382729067	0.0219923711	-0.0750427078	-0.0472154395	0.0204886721	0.100258413	0.0064658041	-0.0297529357	-0.0553806121	-0.0273417505	0.0534257961	-0.1119810562	0.0718005589	-0.0527101322	-0.0717082978	-0.1253948648	-0.2230262143	-0.0504602446	-0.1273625014	-0.040662732	-0.0260586207	-0.079674174	0.0526128467	0.0891395117	0.0509222813	-0.0056807137	-0.0196019337	-0.1122029089	0.05666678	-0.0342435	-0.0029689	8.814367210000021e-06	0.00117261729225	0.0666149	-0.0239710999999999	0.00443754490201	0.0005746136352099	-0.0829072	-0.0210016	0.00044106720256	0.00687360381184	0.000733293	6.326999999999982e-06	4.003092899999977e-11	5.37718623849e-07	0.000884518	-0.0003082319999999	7.823720923240001e-07	9.5006965824e-08	-0.000690688	-6.117699999999993e-05	3.7426253289999924e-09	4.770499133439999e-07	0.0	0.0	0.0	0.0	0.0
551.8063683858521	1.0503729293916422	1.1032832907987795	304490.26819118275	786.6767017539785	-0.0244267821320818	0.0005966676853281	618860.233082518	516.7951100867008	0.2307072913445154	267077.1858095252	0.0532258542795231	528.4472389884504	548.8169007249924	1.098154	46.671463	0.04868665	0.0213169	0.0447024298	-0.0846228607	-0.0721745205	0.0172506878	-0.0634876705	0.1112035041	0.189377611	-0.0014889587	-0.0121180541	-0.0662552945	0.0777161048	-0.1060647899	0.0791674128	-0.0071358911	-0.0918471761	-0.0811202631	-0.1100178716	0.0513743979	-0.0574782636	-0.022530073	-0.0117294243	-0.0696125212	-0.0583837119	-0.0779525415	0.1555400254	-0.0096995535	0.0386978407	-0.045554211	-0.065533583	-0.0360748698	-0.0417831172	0.0135814701	0.0316596524	-0.0053841728	-0.0247720379	-0.1350435739	0.0211907494	-0.1785301344	0.1519589375	-0.0617088053	0.0378833909	0.0950754551	0.0535721708	-0.0707924794	-0.0358513487	0.0615887182	-0.067252381	0.1512403133	0.0488237749	0.1016990662	-0.0804801029	0.0158435054	-0.1566096406	-0.157314394	0.1046170806	0.0805922172	0.0109916745	0.0526312785	0.018870286	-0.0706168661	-0.082845429	0.0334796029	-0.0232607985	0.06716864	-0.0426848568	-0.0137025493	0.1131340211	-0.1840364687	-0.0453264773	0.1092273807	0.05163389	-0.0641310169	-0.0415077086	-0.032660508	-0.1490427302	-0.0802521092	-0.0359851003	0.0166563019	-0.089900967	-0.0479318489	0.1115612023	0.0267154197	0.0144848502	0.1048340133	0.0551336194	-0.064375652	0.0043038182	0.0983515056	0.0691826758	0.1251268469	0.10760533	0.1202693005	0.0757058434	0.0272094907	0.1823281921	-0.1132099747	-0.1927767124	0.0208973207	-0.0626224684	-0.0555058547	-0.015749611	-0.0084931498	-0.0612975356	0.0305858226	0.0288315459	0.1115471982	0.0193535465	-0.1787084813	-0.1638227776	0.0248298493	0.0002923692	-0.0670610214	-0.0317082057	-0.1051306693	0.055184363	0.1276134471	-0.098889938	-0.0354732246	0.1022376833	-0.1635072249	-0.0042134697	-0.0914853513	-0.0410879025	-0.0445892604	-0.0467771192	-0.0611731028	-0.0826900792	-0.0805931895	0.0151759103	0.0277920642	-0.1048896512	0.0533832192	-0.0009297156	-0.105848971	-0.027184581	0.2011969461	-0.0454697383	-0.1152394996	0.0261019755	0.0297501616	-0.0348861693	0.1942299986	-0.0152073155	-0.0247642961	-0.0766782626	-0.0257241687	-0.0032021867	0.000146709	0.1827882409	0.0162152912	0.0634264681	0.0889315556	-0.0361792685	-0.0868089247	0.0193522384	-0.0478163104	-0.0623892191	-0.0429726791	-0.0135757466	0.2356947217	0.0968652907	0.1605058518	0.0563643615	0.0203602563	0.1052184368	-0.0742141833	-0.0207429847	0.0068378609	0.1442622615	0.0491383037	-0.0739438874	0.0007306418	0.0925986062	0.0344981154	0.1918454472	-0.0032267317	-0.0330243932	-0.094097329	0.0844315731	-0.0255399827	0.0888445497	-0.0469968233	-0.0896770054	0.0328960397	-0.0243359233	0.1265241714	0.0774096651	-0.006682032	0.0503823155	-0.1552678037	-0.0747845973	-0.0591139436	-0.1041089894	-0.0596551573	0.0295150076	-0.0634159693	-0.0184505997	0.0080025239	-0.1106452214	0.053025186	-0.0221864862	-0.110382787	0.063457872	-0.0438304	-0.0095868999999999	9.190865160999991e-05	0.0019211039641599	0.0731042999999999	0.0064893999999998	0.0053442386784899	4.211231235999864e-05	-0.0767748999999999	0.0061323000000001	3.760510329000128e-05	0.0058943852700099	0.000548139	-0.0001851539999999	3.4282003715999994e-08	3.00456363321e-07	0.00107028	0.000185762	1.1454992784e-06	3.4507520644e-08	-0.0008493329999999	-0.0001586449999999	2.5168236024968285e-08	7.213665448888302e-07	0.0	0.0	0.0	0.0	0.0
552.4940917134736	0.6877233276214838	0.4729633753547667	305249.7213782962	783.9944619877782	-2.6822397662002686	7.194410163386071	614647.3164275058	517.2697080373401	0.4745979506393496	267567.9508530351	0.2252432147510705	528.702862491257	549.2354632094043	1.099826	46.742542	0.0569604999999999	0.029897	-0.033043471	-0.0823045824	0.0738716226	-0.0228580632	0.1231525878	-0.032116159	0.1930378329	-0.018748113	-0.026435363	0.0157105835	0.0086491286	0.0757504903	0.1154164997	0.0005136152	-0.1472247663	0.0349689703	0.0666340166	-0.0160138674	0.09630868	0.05509002	-0.1090250761	-0.0775624517	0.0080072238	0.0164022933	0.020021681	0.2314128232	0.0656170876	0.1023177574	0.0708388733	-0.082983389	-0.1518368255	0.0357369413	0.1803283495	-0.1010654694	0.0106056924	0.0168911358	0.0003227907	0.0572772514	0.1183834102	0.0480338063	-0.0247897092	0.035620007	-0.0340540243	0.0115579589	0.0158851344	-0.0632731616	0.0488147057	0.0680693829	-0.0171770332	-0.0531966639	-0.0821755475	0.0185753363	-0.0955606744	0.0209518223	0.0001299418	-0.0536881045	0.055897646	0.0336017859	0.0828222009	-0.0211908792	-0.0357626826	0.0343639622	0.0278746115	-0.0395549287	-0.0407848948	0.0661016534	0.0037675278	-0.061100912	0.1372300346	0.166753654	0.0086944606	-0.135781373	-0.0833380186	-0.097038026	-0.0917138501	0.0261409528	0.020180411	-0.0470364202	-0.060582507	-0.009421145	-0.0850463087	0.0256946361	0.0767452507	0.0014316459	0.0079459861	-0.0437833323	-0.1335844641	-0.1874944661	-0.0895150265	-0.0337937275	0.1335453451	0.0407920004	-0.0349350219	0.109259504	0.1314885501	0.0201829814	0.146325856	0.1838670704	-0.0374529458	-0.0050029627	0.0183801662	-0.0574444678	-0.0881926364	-0.1531502421	-0.1455115378	-0.1101763362	0.0803029527	0.0017477232	0.0125940536	-0.0843504116	-0.009935217	-0.1307924175	0.0365304146	0.0494525985	0.1349716589	0.0411570561	-0.004314341	-0.058482594	0.041069033	0.0708676654	0.006382511	-0.0681059777	-0.0754534824	-0.1259852804	0.0051281402	0.0173622309	0.0721273468	0.019602346	-0.0905547072	0.0057199791	-0.1143637792	-0.0838838589	0.1021785609	-0.1496778219	-0.0817288909	0.0528340429	0.0589101537	-0.0335919339	-0.0219451277	-0.0626400066	0.0047521396	0.0875149662	0.052266091	-0.0968267784	0.0305373678	-0.0629425559	-0.0174988085	-0.1112815384	-0.0483331926	-0.121664111	0.1480341542	0.0844519264	0.0150435158	0.0015451436	0.2148193019	-0.1324784089	0.0422680442	-0.0943185252	0.1757716513	-0.0355950395	0.088792946	-0.061440877	0.0798446473	-0.0848238473	-0.1148780429	0.072436405	0.0459327752	0.1684897715	-0.1182827529	-0.0229755078	-0.0932581859	0.1455171742	-0.0626836439	0.099303369	0.0671258742	0.0170825869	-0.049087368	-0.0595974852	-0.0057137245	-0.1158435538	-0.063013769	-0.1108408033	-0.1053340876	0.0446220356	-0.0021306824	-0.1545081622	-0.0192726475	-0.0576370571	0.0942363778	-0.1436800338	-0.111140899	-0.0206399891	-0.0727386993	-0.1273473015	-0.001469094	-0.0239314266	0.035166277	-0.0050060047	-0.0749302407	0.1339568288	-0.0247601796	-0.1083465856	0.0699695221	-0.0464732	-0.0026428	6.984391840000004e-06	0.00215975831824	0.0637656	-0.0093386999999998	0.00406605174336	8.721131768999802e-05	-0.100933	-0.0241581000000001	0.00058361379561	0.0101874704889999	0.0007077	0.000159561	2.5459712721000005e-08	5.0083929e-07	0.00117407	0.0001037899999999	1.3784403649e-06	1.0772364099999974e-08	-0.0010024	-0.0001530670000001	2.342950648903064e-08	1.0048057600000002e-06	0.0	0.0	0.0	0.0	0.0
553.0979559799438	0.6038642664701683	0.3646520523195544	305917.34890919185	788.6394238933833	4.644961905605101	21.575671104522566	621952.1409188876	517.9271275871055	0.6574195497653363	268248.50949062983	0.4322004644136575	529.485274635811	553.0536812749634	1.10901	47.13287	0.0362126999999999	0.0191967	-0.0283056212	0.0888128094	0.0550642922	0.0169693331	-0.0433391551	0.0639129817	0.2012342454	-0.0860079529	-0.0850542236	0.0685397801	-0.0177687229	0.0261411003	-0.0520140568	0.0873617503	-0.1804703746	-0.0611510966	-0.0093808243	-0.0579438865	-0.0700012301	0.0260761883	-0.1015804811	-0.1817773413	0.005500344	-0.0794704806	-0.0341865576	-0.0787933454	0.1411938401	0.0107087205	-0.0591493026	-0.0865278254	0.1082853543	0.0728411613	0.0306824747	0.0118977311	-0.0644896741	-0.0384767178	-0.1063094382	-0.0103008717	0.0646796644	0.0422320993	0.0972219846	-0.0127109431	0.1169873299	-0.0343831043	-0.0814591538	-0.0166323691	-0.0972090123	-0.079633099	-0.1336891104	0.0249271929	-0.0296370907	0.0418819962	-0.0064961756	0.1059934828	0.0312726953	-0.0158324928	-9.9258e-05	0.0406729596	0.1383862904	-0.095081004	0.0524920363	-0.0095154124	0.0670701579	0.0439169518	-0.083630894	0.0700477329	0.0693779911	-0.0285105899	0.0056167932	0.0189601949	0.1436333024	0.0570575643	-0.0102113623	0.0337398334	0.0469311124	0.0775439184	-0.1113044292	0.0006029228	-0.0023601947	-0.1706235925	0.0595139066	0.0866179049	-0.0503287612	0.1042363012	-0.0511714839	-0.066582976	-0.075524108	0.0640541938	0.0491854851	0.0013696472	-0.0801301622	-0.1529399227	-0.0452575084	0.1738576949	-0.0362029943	-0.0254082734	-0.1481899618	-0.0823024495	0.0401667736	0.1058011286	0.0590698965	0.0728236389	-0.0273246557	0.1055989313	0.0343234108	0.0779808058	0.0343828698	-0.0450190516	0.056296968	0.1681208907	0.1261840996	0.0014099909	-0.1195139548	0.0783807874	0.078417149	0.0714215675	0.0547303452	-0.0885631883	-0.0368240424	0.0167900299	-0.0558277023	-0.057580328	-0.1189567538	0.0591193935	-0.0390883402	-0.0004401935	-0.0273532216	0.0243945491	0.0025331238	-0.1131346552	-0.0205391742	-0.0602033468	-0.0589326143	-0.0432232915	-0.056409044	0.0338323236	-0.1021876906	-0.075636006	0.0569498461	-0.0590092439	0.0517858918	-0.0050174141	-0.2104837748	0.0186265925	-0.0926577606	-0.0301838145	0.0860355068	-0.1372479036	-0.0705495953	0.0838010605	0.0946886606	0.0377662044	0.0924534136	0.0665754205	-0.137117029	0.089355381	-0.0305370099	-0.0712973186	0.1412479759	-0.0139646271	-0.0310029664	0.0331809466	-0.0129110215	0.0339713328	0.118243594	-0.1732487015	-0.0404777959	-0.1099740142	0.0590388114	0.0042913023	0.0243010935	-0.0841678682	-0.0839825468	-0.0978690299	-0.0856583375	-0.0272503274	-0.0234873485	-0.0686926689	-0.1354484001	-0.0148807211	0.0618973666	-0.1054845836	-0.1544864328	0.0470854063	0.0710873703	0.0779299705	-0.0076875205	0.0825911553	0.1203885256	0.0214268381	-0.0298650664	-0.0269209812	-0.0974074474	-0.0799478077	-0.0454037777	-0.0050067251	0.0896948439	-0.0304640034	-0.0498096616	0.1472884694	-0.0273217542	-0.1060982907	0.0761730556	-0.0462667	0.0002064999999999	4.2642249999999324e-08	0.00214060752889	0.0730588999999999	0.0092932999999998	0.0053376028692099	8.636542488999801e-05	-0.08822	0.0127129999999999	0.0001616203689999	0.0077827684	0.000548139	-0.000159561	2.5459712721000005e-08	3.00456363321e-07	0.00106955	-0.0001045199999999	1.1439372025000002e-06	1.0924430399999974e-08	-0.000986483	1.5917000000000058e-05	2.533508890000018e-10	9.73148709289e-07	0.0	0.0	0.0	0.0	0.0
552.7006053396422	-0.3973506403016245	0.1578875313481109	305477.9591428069	787.9689680728142	-0.6704558205691455	0.4495110073350463	620895.0946457356	517.3598297208054	-0.5672978663001231	267661.1934087407	0.3218268691086723	528.9827523721043	553.7515961524612	1.1154	47.404415	0.04142745	0.0240909	0.0546356583	0.0457627907	-0.1272453159	-0.0184457852	0.1181237079	-0.0757558616	0.1553799452	0.023996036	-0.1077642641	0.0541269443	0.0183230849	-0.123217653	-0.0355206979	-0.1065636058	-0.0540925507	0.0560937079	0.1469912782	-0.1298605676	0.0481062798	0.021715205	-0.0919906535	-0.0154867915	-0.0594202812	0.0591514528	0.1082843951	-0.1372860182	0.0208439994	0.1598781069	-0.072622653	-0.0487851821	-0.0467295983	-0.0919531192	0.0249375595	0.1265825522	-0.0312930944	0.0095396619	-0.1650567798	-0.0176835675	0.0512537815	-0.0157404872	0.0567920502	0.049599879	0.0361834972	-0.0414244163	-0.097428744	0.0473641528	0.0114929729	-0.031949983	-0.009879191	0.1226656954	0.0245578094	0.0072915856	0.0177197463	0.1453417766	-0.071945342	-0.1019161496	-0.0681278978	-0.0411075427	-0.0086345209	0.027607158	-0.0219110736	-0.1118261656	0.0487132389	0.0807589611	0.0453911591	0.1217184858	0.0092849612	0.0248164083	-0.0315043589	0.1158350661	0.1044542629	-0.0388834956	0.026274514	-0.0400821464	-0.0466679906	0.0840035291	0.1576983077	-0.1278874516	0.0519603345	0.028764843	0.0563885938	-0.095852637	-0.0331719978	0.0468918158	-0.0342009702	0.0036418408	-0.087174602	-0.1221440982	0.0797742852	0.02189745	0.0122191779	-0.0975882503	0.011377468	-0.1967328618	0.0357142438	-0.094485362	0.0502951016	-0.1674292699	-0.047974239	0.0388091814	0.0317298333	-0.0950904078	0.0936332535	0.1206996942	-0.0728696145	-0.039442736	0.0477985564	0.1129168104	-0.0959743579	-0.0964111913	-0.1177880825	0.0977425579	-0.101024075	-0.0979272994	0.0376705877	-0.0754798402	0.1039161365	-0.0468444127	-0.0241740604	0.1612599364	0.0516299835	-0.007497169	-0.0468384798	0.0428823754	0.0312849925	-0.171039004	0.0057557827	-0.0958168947	-0.0535864228	-0.0999596105	-0.0005318582	-0.0027278829	-0.0576910746	-0.0243631698	-0.1552138545	-0.0141693185	0.0279142995	-0.0193395609	-0.104667949	-0.0543680385	-0.0351963364	-0.074497462	0.1370951615	0.0527553634	0.1324461588	0.003870247	0.0274102713	-0.0181798012	0.007479945	0.0563061316	0.0794725068	-0.1003485775	0.1194636674	0.0426297697	-0.1151517798	0.054831411	-0.0028277807	0.127531258	-0.017521706	0.0011136197	0.2033965013	0.0872608446	-0.086743265	-0.0697169894	0.0176630258	0.0793014842	-0.097288153	0.1134525457	0.0062604576	0.0221468132	0.0112664803	0.1170237595	0.1190358413	-0.0407994798	-0.0914434224	0.0312927278	-0.0455808733	-0.0229264959	0.0978431712	0.0636750925	0.0382332202	-0.1287709491	-0.1783315726	0.0643240267	-0.0125878006	-0.119770522	-0.0272570706	0.0160709148	0.105468343	0.0091902436	-0.0935825782	-0.037034473	-0.0526194759	-0.0477144666	0.0181888008	-0.03208719	0.0417771416	-0.0375818462	0.0166523077	0.078696398	-0.0298699563	-0.1036423034	0.0820411548	-0.0487612	-0.0024944999999999	6.222530249999984e-06	0.0023776546254399	0.0640413	-0.0090175999999999	0.0041012881056899	8.131710975999826e-05	-0.107701	-0.019481	0.0003795093609999	0.011599505401	0.000709759	0.00016162	2.6121024400000004e-08	5.037578380810001e-07	0.00105861	-1.0940000000000082e-05	1.1206551321e-06	1.196836000000018e-10	-0.00102261	-3.612699999999995e-05	1.3051601289999962e-09	1.0457312121e-06	0.0	0.0	0.0	0.0	0.0
552.06226177558	-0.6383435640620974	0.407482505779501	304772.74087676906	783.4128005397681	-4.55616753304605	20.758662589182933	613735.6160495625	517.0673349356081	-0.2924947851972774	267358.6288574123	0.0855531993676014	528.7228196612924	555.0773468564885	1.13816	48.371731	0.06264595	0.0332445	0.0100142824	-0.116462063	-0.0571554885	-0.0402799712	-0.1538740103	0.062904395	0.1262940343	0.0322277895	-0.033198445	0.0562466236	0.0910857702	-0.041575783	0.1278947475	0.0219441407	0.0052096401	-0.1138275681	0.0324618763	-0.0141888237	-0.0838993363	-0.0803827212	0.0106491078	-0.1089513768	-0.0743208255	-0.0046752677	-0.0398281222	0.0130553324	-0.0391697643	0.0758121933	0.075084773	0.0573830118	-0.0336696372	0.0618741273	0.0065777148	0.0987525367	-0.0369332883	-0.0328432867	0.0439895619	0.063611824	0.1155009943	0.1331602231	-0.0540437088	-0.0361746792	-0.049929595	-0.0389578465	0.0208020266	0.0721016062	0.048886589	0.0536851225	0.1067805278	0.0175302272	-0.0495899168	0.0239958	0.0098698817	0.0440724506	0.1255686609	0.0653077172	-0.060679232	-0.1139744271	-0.1179542974	0.003884987	0.0653865301	-0.082185933	-0.11845181	0.1902493485	-0.0225563231	-0.062228231	0.0743558401	0.0278768396	-0.0431491815	-0.0884643404	-0.0928198951	-0.1564354901	-0.1787725273	-0.0180674308	-0.0597963075	-0.059793659	0.0009957674	-0.1030836709	-0.0019936394	-0.0443616918	0.114491999	-0.0863424324	-0.0284740836	0.0390343307	0.0306899418	0.0870902941	0.0495523097	-0.008047374	0.1451807446	0.0866688363	0.0843250861	-0.0478805981	-0.0835851598	-0.0470364844	-0.0439076785	0.1043882048	0.0139952039	-0.03808697	0.1705214418	-0.0075029197	0.0233699636	0.129228876	0.0197568433	0.0670310588	0.1474570825	0.2590610511	0.0379847656	0.1469303367	0.0700179018	0.0305413188	-0.0017159469	0.1111369782	0.0642359695	-0.0837020611	0.0562837392	0.0768391568	0.008225697	-0.0915299713	-0.0374595476	-0.0603125098	0.0071941811	0.0879550503	0.0340057503	0.1862201705	-0.0446005248	-0.110078818	-0.0091455147	-0.100988576	0.0681774034	0.1124616083	0.0586531064	0.0436523865	0.060729331	-0.1045360867	0.0837176207	-0.0025113324	0.1381755269	-0.0722768504	0.0913740569	0.0040645725	-0.189553501	0.0369321444	0.0054385826	-0.0441436322	0.0636291099	0.0777741928	0.0603872211	0.1023714991	0.0830768474	-0.0632091255	0.0444875617	-0.0374373562	-0.0449254819	0.0209729771	0.0571435682	0.0717974784	-0.0564651119	0.0738482006	0.0080701506	0.0163817605	-0.0515940641	0.1502622304	-0.1327088454	0.0476635119	0.1651094554	-0.0599853217	0.0877441075	-0.1566588069	0.1062875732	0.0379809069	0.0450574304	-0.0973990727	0.1157066066	-0.0242657848	-0.1731869918	-0.0069090115	0.0226477079	-0.0976823885	0.0580152784	-0.084449713	0.1298869711	-0.0184177871	-0.1461363527	-0.0012022767	0.0976939753	0.1703056548	0.0158471865	-0.0210760413	0.02746357	-0.0733526891	-0.136136526	0.0702920439	-0.029809069	0.0846452928	-0.0409297167	-0.0629176762	0.0495131437	-0.0965831378	-0.060012693	0.1086860073	-0.0324035386	-0.1009834314	0.087547979	-0.0462643	0.0024968999999999	6.2345096099999815e-06	0.00214038545449	0.0839932	0.0199519	0.00705485764624	0.00039807831361	-0.0842698	0.0234312	0.00054902113344	0.00710139919204	0.000548139	-0.00016162	2.6121024400000004e-08	3.00456363321e-07	0.00114758	8.897000000000006e-05	1.3169398564e-06	7.915660900000012e-09	-0.000937881	8.472899999999997e-05	7.179003440999994e-09	8.79620770161e-07	0.0	0.0	0.0	0.0	0.0
551.9452424858537	-0.1170192897263859	0.0136935141680678	304643.5507027678	786.7960660465459	3.383265506777775	11.446485489352275	619048.0495463206	517.2051533654301	0.1378184298220048	267501.17066775804	0.0189939195986028	528.7883545299644	553.9690013189207	1.150477	48.895195	0.05781905	0.0324935	-0.0644474898	-0.0185806006	0.0884862817	0.0162075492	0.1128865807	-0.1378032734	0.17417967	0.109193838	-0.0106654106	-0.0613049592	0.0419636125	0.106716249	-0.0028155784	-0.0379582061	-0.0211019567	0.0346207327	0.0944367824	-0.1178447413	0.0413237039	0.1257654693	-0.1394475599	0.0620262318	-0.109066022	-0.0185988738	0.1338153359	-0.1144834387	-0.0969929407	-0.0654802508	0.0012085569	-0.0451748866	-0.1274445781	-0.0478133957	-0.0691339241	-0.0872378935	-0.0133448848	0.0760676188	0.0760255208	-0.0079374789	0.04493774	-0.1656115198	0.0280751537	-0.0518225187	0.0462062308	-0.0380042655	0.0455658485	-0.1046920805	-0.0918805407	0.0616397845	-0.0541348113	-0.095264565	-0.1495208811	0.0110135936	0.0601785938	0.0484526926	0.0820328139	0.032915999	0.0471380512	0.1048531217	-0.0287919988	-0.1015746331	0.0072709805	-0.0693351911	0.1130968523	0.0637655236	0.0266883209	-0.1375072431	0.0450400231	0.108675314	0.0554038939	0.023815318	0.0018956361	-0.0411738704	0.1287201751	-0.0075278985	-0.0155715084	0.1081130346	-0.0819855453	-0.1294474475	-0.0601009028	0.0898859906	0.1209605643	0.1392227221	0.0478710642	-0.0576990505	-0.0443982945	-0.0116884682	0.0581203129	-0.0828253204	-0.046499238	0.1155768544	0.0217770154	-0.0453207417	-0.0224257449	-0.0324415488	0.188728962	-0.0169339536	-0.0424233643	-0.0091758425	-0.0513931009	-0.1017912587	0.0015163196	-0.0341467684	-0.1083106632	0.1645819207	0.1358961975	-0.0782603136	-0.0321000539	0.0114286016	-0.0692946569	0.165325628	0.2368808758	-0.0781654991	0.0210002896	0.1109589594	0.1140883081	-0.0314885633	-0.0560544232	-0.0659598976	-0.1039184418	0.0289100508	-0.0804779598	-0.0816557349	0.0049261777	-0.0758204888	-0.0685443439	-0.1828397943	-0.0617976304	0.0404598965	-0.1089186005	0.0867026562	0.0695095395	-0.034380595	0.0327455104	-0.0012054496	-0.0201337264	-0.1479261765	-0.0010785512	0.0573471969	-0.0798879272	-0.0248190319	-0.0038322832	0.076732274	-0.0167928091	-0.0374383393	-0.1732129509	0.0963868027	0.0184776648	-0.0721015021	-0.0234317239	0.0422709523	0.0574714503	-0.0812142599	0.1053619599	-0.1259989959	-0.0638815152	-0.0541816697	0.0805726901	-0.0544872005	-0.0709042287	0.0801635533	0.0659996442	0.0855261264	-0.0739027665	-0.0749091917	-0.058342558	-0.0013256348	-0.1130731651	-0.0332028944	0.1188118499	-0.2280144364	-0.0066551868	-0.1404296582	0.0442709449	0.1411361608	0.0726019178	0.0147920137	-0.0330140962	-0.0332847598	-0.0385143232	-0.0955270618	-0.0551980132	-0.1405030698	-0.0811768446	0.1228382846	-0.1220046966	-0.1104844547	-0.0408106793	-0.0563564489	0.051021014	-0.0409650144	-0.0895795277	0.0627937278	0.0577186275	-0.1094237885	0.0044811274	-0.0298916656	0.0114665875	-0.0320640168	-0.0706425665	0.0846091728	-0.0349212611	-0.0981268796	0.0926692784	-0.0462527	1.16000000000005e-05	1.3456000000001158e-10	0.00213931225729	0.0621435	-0.0218497	0.0038618145922499	0.00047740939009	-0.098662	-0.0143921999999999	0.0002071354208399	0.009734190244	0.000897367	0.000349228	1.2196019598400006e-07	8.052675326890001e-07	0.00111203	-3.555000000000008e-05	1.2366107209e-06	1.2638025000000055e-09	-0.000891348	4.653299999999997e-05	2.165320088999997e-09	7.945012571040001e-07	0.0	0.0	0.0	0.0	0.0
552.1848834744718	0.2396409886181345	0.0574278034258768	304908.145537716	785.9499581311047	-0.8461079154411664	0.7158986045721959	617717.3366862852	517.6681003869403	0.4629470215102174	267980.2621582233	0.2143199447251816	529.2414984457954	554.8820619375913	1.163365	49.442928	0.07895455	0.051118	-0.021774576	0.0979293079	-0.0028301845	-0.1307672464	-0.1427670319	0.0885800269	0.1258242242	-0.1189881866	0.0616597222	0.0726999304	-0.0489480186	0.0205979819	-0.059802623	0.0961292615	-0.0443740809	-0.1579442217	0.0004643159	0.105268978	-0.1657330044	0.015751396	-0.0342487227	0.0837476629	-0.0092195219	-0.0028447028	0.1315550083	-0.0126664852	-0.1498296659	0.1437129446	-0.1756342302	0.1240544536	-0.0066138011	-0.0672079953	0.0600156805	-0.0870362248	0.0167616041	0.0711133424	0.0368614272	-0.0682547129	-0.0685959946	-0.0273592658	-0.1787219794	0.0211390413	0.0414021392	-0.0081769178	-0.0272755607	0.0539690567	0.0221670626	-0.018322504	-0.0545785697	-0.0047875205	0.0196816566	0.0237171495	-0.082658395	0.0661990654	0.0404581056	0.0932218663	-0.0561833964	-0.1135921009	-0.0512597551	-0.1037402631	-0.0430804861	-0.0937363604	0.0749089848	-0.0656446549	0.1411948457	0.0135689525	-0.1037196836	0.0144712658	0.0471856523	0.0990847711	-0.0456736319	0.0411058875	-0.0723559275	0.0275778842	-0.004832231	-0.017683856	-0.0231324958	-0.0657480002	0.0101919573	-0.1201004392	0.0171213887	0.0138546046	-0.0863061815	-0.0547560868	-0.0536775189	0.1883509962	-0.0953383021	-0.0616851127	-0.0108284423	-0.0091474874	0.0123650466	0.2245500712	-0.0043552356	0.0590512551	0.0946667666	0.0298118302	0.0817373149	-0.066524111	0.1509371263	0.0193176127	-0.172126628	-0.0982236178	-0.0373981029	-0.0195167817	0.013474051	0.0645021798	-0.005296577	-0.0417434182	-0.0747270364	-0.1569411818	0.0077086002	-0.0424913974	-0.0553828753	0.040247898	-0.0049717397	0.0617909754	0.0521354872	-0.0906890712	0.0664343547	-0.070232529	0.035309981	0.2062881169	-0.0853705585	-0.0525589313	-0.0001567671	-0.128873693	0.0377418996	0.0209603237	-0.1531686663	0.0342856029	0.0540491408	-0.0800171464	-0.0326492332	-0.0197134069	0.0488240333	0.0458679328	-0.0365800988	0.07580712	0.0403698568	-0.1135442349	-0.070476394	-0.0429958012	-0.0649355251	0.0074580773	-0.0159837213	0.0053003613	0.0742294619	0.138676835	-0.092481204	-0.0302122401	-0.0372227283	0.0984523065	0.0090635168	0.0638264317	0.153222577	-0.0204579421	-0.0624571778	0.0356557104	-0.0382786881	-0.0236391889	0.0501852121	0.1186257614	-0.065014824	0.1460016558	-0.1785746484	-0.1235721203	-0.0016580653	0.0691620582	-0.0310630944	0.0887664294	0.0525041371	0.1155590297	0.0989722269	-0.0068743383	0.0270005678	-0.0314625399	0.0786309337	-0.0531237882	-0.1157269736	0.055574878	0.0812533928	-0.0413666125	-0.1093423317	-0.0901879254	0.2330787682	0.0235759666	-0.0019114301	0.0361926929	0.0499181868	-0.0725209923	-0.0368442628	0.1447804645	0.0677035593	0.0475487784	-0.0007501204	0.0897071365	0.0069433278	-0.0176411402	-0.0800179625	0.0469273901	-0.0374218916	-0.0950782398	0.0973825011	-0.0462666	-1.3899999999997248e-05	1.9320999999992348e-10	0.00214059827556	0.104119	0.0419755	0.010840766161	0.00176194260025	-0.0975812	0.0010807999999999	1.1681286399999843e-06	0.00952209059344	0.000309394	-0.000587973	3.457122487290001e-07	9.5724647236e-08	0.0010609	-5.1129999999999926e-05	1.12550881e-06	2.614276899999992e-09	-0.000812764	7.858400000000003e-05	6.175445056000005e-09	6.60585319696e-07	0.0	0.0	0.0	0.0	0.0
551.9994296567097	-0.1854538177620952	0.0343931185225364	304703.3703413328	784.2506620735176	-1.699296057587162	2.8876070913312715	615049.1009627506	517.0348483311259	-0.6332520558144097	267325.0343887904	0.4010081661931762	528.7382539684565	554.0880451178859	1.161628	49.369137	0.09043615	0.0587712	0.0221810915	-0.0422393701	-0.1145703558	0.0729097235	-0.0199935587	-0.0480544545	0.1859515109	0.1652749038	0.019819801	-0.0781490774	-0.0981585801	-0.1019949966	0.0118944431	-0.090039862	0.0426106733	-0.0390588436	-0.102489016	-0.248705101	-0.0287063492	0.1842492919	-0.044935121	-0.0500590768	0.0491130473	-0.0147578371	-0.074936297	0.051675966	-0.0787462099	-0.0023379062	-0.0529168358	-0.0916791213	0.0660101887	-0.0635591581	0.080973836	-0.1154542093	0.1265735344	-0.0822929724	0.0426554516	-0.0918706723	-0.0337358672	-0.075529603	-0.0402979982	-0.0448229303	-0.0713190445	0.0687978884	-0.0726282866	0.0688668282	0.0279671649	-0.0464063969	0.0620155847	0.1172860564	-0.030244361	0.021073448	0.016050751	-0.0448000198	0.0866173481	-0.0167616246	0.0274450955	-0.0673315546	0.0937474552	-0.0133570969	-0.0118988967	0.0868935188	-0.1052556414	0.0199173238	-0.1058153952	-0.2460841714	0.0249212473	0.0658294082	-0.1089463906	0.0923659841	-0.0183604863	0.0440266174	-0.1126737009	-0.0708687465	-0.1201015065	-0.1465951538	-0.0214400647	-0.0449462901	0.0177648856	0.1309847573	-0.0813293786	-0.0755402695	0.0358635103	-0.1049101899	0.0831982992	-0.0407218636	0.0177920464	-0.095037359	0.225662406	-0.0917484568	0.0615849649	0.1176534053	-0.0136313536	0.0232845149	-0.0138988754	-0.0061522046	0.0260220686	0.0546274375	-0.0545649561	0.0125074509	-0.0656361851	-0.0478712776	-0.033604783	-0.0795532105	-0.0331261963	-0.0372039737	0.0068498185	0.1226884933	-0.0599370022	-0.0068442107	0.0826658651	-0.1481036105	-0.0127878434	-0.1142635819	-0.0080287376	0.022132579	-0.0372337726	0.020464163	-0.0625714212	-0.0463609623	-0.152997222	-0.1378353799	-0.1070499971	0.0848117882	0.0769593259	0.0182144506	0.0433793212	-0.0107164254	0.1030327827	0.2185437831	0.0560333595	0.0149149391	-0.0388157581	-0.0106414838	-0.0121274726	0.1592781804	0.1430960066	0.0094014861	-0.0902159295	0.0473375845	-0.0009753048	0.0465001591	0.10620294	-0.0406270044	-0.042334791	0.0053756677	-0.083851494	0.0748076432	-0.0012743656	-0.0846146513	-0.0167152972	-0.0053137868	-0.0516778499	0.1050297851	0.2198943925	0.1679277141	-0.1175981703	0.0447915672	0.0125667869	0.0150741074	0.0841933166	0.0293685886	0.0975633064	0.0078630006	0.0012096212	0.038172737	-0.0048571429	0.0112206817	-0.139370481	-0.0339683625	-0.0534309602	-0.0168938906	0.0530478747	0.1884154004	-0.0334686354	0.0626930359	-0.0285236452	-0.0109843327	0.1431281097	-0.0011513192	0.0655367026	-0.114994717	-0.0994519684	0.0436885913	-0.1313756087	0.0433716721	-0.0450394789	0.0119302435	0.0681299493	0.0727558209	0.0645745108	0.1412545958	0.084225087	-0.1135775463	-0.0196500085	0.0371341068	-0.0757001131	0.0109637101	-0.0773954409	0.0473427877	-0.039904206	-0.0918434799	0.1016668918	-0.046272	-5.400000000002625e-06	2.916000000002835e-11	0.002141097984	0.0524147	-0.0517043	0.00274730077609	0.00267333463849	-0.0903912	0.00719	5.169610000000003e-05	0.00817056903744	0.000894244	0.00058485	3.420495225000001e-07	7.99672331536e-07	0.00103887	-2.203000000000014e-05	1.0792508768999997e-06	4.85320900000006e-10	-0.000836613	-2.384900000000005e-05	5.687748010000023e-10	6.999213117690001e-07	0.0	0.0	0.0	0.0	0.0
551.513572138257	-0.4858575184526899	0.2360575282370058	304167.22025270044	784.0572469392945	-0.1934151342230734	0.0374094141465295	614745.7664780258	516.9664740966491	-0.0683742344767779	267254.3353399213	0.0046750359402854	528.6270019737941	556.1606280468776	1.13648	48.300316	0.0871578499999999	0.062968	-0.0565755171	-0.0902354245	0.0253337664	-0.1166576493	-0.0844350555	-0.1031084818	0.0434948652	-0.0596945331	0.0147702715	0.21305911	-0.0648931704	0.0628164928	0.0941360812	0.0460491345	0.079008326	-0.0745794161	0.0761905325	-0.0797059059	-0.0600072811	0.042346457	0.0075943938	0.0119239054	-0.006291779	-0.071295913	0.0520888206	0.0038581753	0.004736998	0.1111793899	0.0270271779	0.125932544	-0.0101088038	0.1005173857	0.0588322846	-0.1388482606	0.0366279891	0.0391741536	0.0515258851	0.1602282694	-0.0137977195	-0.0693638609	0.0989289307	0.0520875375	0.0368797961	0.0470172821	0.0395119661	0.0809651725	-0.0028280332	0.0051094033	0.0990806681	-0.1204292963	0.0496391041	0.0611926909	-0.1357445042	0.0193095598	0.0768840833	-0.0983331038	-0.1205606011	-0.0513182946	0.0573914984	-0.1080161738	0.003524765	-0.1611241267	0.1145433558	-0.0038752985	0.0696897338	0.0036889893	-0.015588409	-0.0273408362	0.0527362866	-0.0175931187	0.0335581227	0.0649692694	0.0165979569	-0.007336111	0.148514422	0.0813214991	-0.0537636239	0.0163207531	0.0865373503	0.0730039914	0.1310939306	0.0073232368	-0.0104943575	-0.0570876926	-0.110854847	-0.0842664301	-0.0538113585	0.1345612953	0.08863134	0.0188238505	-0.1307362694	0.0622911063	0.1225202615	0.0625447285	-0.0451750781	-0.0278451517	-0.0224119682	-0.0074977538	-0.0112458984	0.0373751177	0.0503199855	-0.0393729139	0.0834637218	-0.1008427928	0.0015411894	0.0319880946	0.1538849387	-0.0108279451	-0.135734299	-0.1121618353	0.0722537765	0.0749955792	0.1328395478	0.0328646662	-0.0127470103	0.0880613273	0.0911365113	-0.0143790849	0.0796359428	0.0518962007	0.0509784911	0.0430827685	-0.1367216213	0.0621454555	-0.0398334133	-0.1571023333	0.0456037766	0.020369565	-0.0682513259	-0.0656057949	0.0023899911	-0.0437586616	-0.0020822441	0.0436197366	0.0867448788	-0.0162334309	-0.0357725687	0.0730027168	0.0983017925	-0.009782444	0.1653491774	-0.0785146884	-0.0249787838	0.1015358951	-0.1770566277	-0.0450874568	-0.0269947164	0.0086334377	0.07434171	0.12880054	-0.0076609734	0.1397958364	0.114788241	-0.0576464902	-0.0705491175	0.1453741283	-0.0531754122	-0.000501789	-0.0024288727	0.0038907536	-0.0028003948	-0.034247399	0.0295898276	-0.0080940414	0.0130352663	0.1005007592	-0.0296968179	-0.0418174135	0.0001393278	0.1241559265	-0.059897842	0.1084793762	-0.0394341522	0.0817340971	-0.013811501	0.0442852209	0.1247600879	-0.07138839	-0.0007746024	-0.1024290141	0.0093365111	-0.0010026458	-0.0729556958	-0.1262726316	0.1738908067	-0.0579481016	-0.0130447391	0.0871993762	0.0431990502	0.0991949437	-0.0213386371	0.1173899507	0.0468560202	-0.0261708785	0.0419031114	0.0345412859	0.0398567819	-0.030380889	0.0146936319	0.1131747538	-0.0423669894	-0.0884289321	0.1055035841	-0.0462739	-1.8999999999991248e-06	3.6099999999966737e-12	0.00214127382121	0.113342	0.0609273	0.012846408964	0.00371213588529	-0.0924559	-0.0020646999999999	4.262986089999953e-06	0.00854809344481	0.000548139	-0.000346105	1.1978867102499998e-07	3.00456363321e-07	0.00111127	7.240000000000003e-05	1.2349210128999998e-06	5.2417600000000044e-09	-0.000901387	-6.477399999999997e-05	4.1956710759999974e-09	8.12498523769e-07	0.0	0.0	0.0	0.0	0.0
551.255541818788	-0.2580303194690714	0.066579645765311	303882.6723859255	786.9750708370048	2.917823897710264	8.513696298049116	619329.7621189087	517.1094874391481	0.143013342498989	267402.22199957847	0.0204528161327331	528.8332591656188	554.7638502812724	1.138271	48.376438	0.0966425999999999	0.0624964	-0.0718882527	0.0916318137	0.0696803316	-0.0315777442	0.0032598241	-0.0816304472	0.0970441239	0.1413329974	-0.0376125849	-0.0410603792	-0.0509514383	0.1215491707	-0.0874708381	-0.0958844243	0.0793116786	0.0593489282	0.0007704168	-0.1768441074	-0.0167448565	0.138374595	0.0400997254	-0.1638742027	-0.0133884021	0.0905167987	-0.0720600993	-0.0372113162	-0.0203574466	0.058263409	0.0504123019	0.1733277477	-0.012337928	-0.0237781065	-0.0601460475	-0.1430883817	-0.0390356215	-0.0901275551	0.0247080511	0.0305198134	-0.075544054	0.1429391158	0.0248909297	-0.0514293743	-0.0053741256	0.1007915895	0.1582044623	0.0550064162	-0.0088924392	-0.0050124581	-0.0889552573	-0.0566567849	0.0430642221	0.0077388149	0.0061176724	-0.0111262647	0.07306221	0.0080837964	-0.0239189236	-0.0095059956	0.0674309464	0.0868684733	0.1564505731	0.02454976	0.0967330851	-0.0115269398	-0.0585389967	-0.0868747387	0.0310908558	0.0668896967	-0.010905845	-0.0536786135	-0.0251030625	0.0532133908	0.0349171451	0.0793779638	0.0475508489	0.051634928	-0.0715968621	0.0641369905	-0.1514475521	0.042715076	0.1097473057	-0.0979156202	0.1716911693	-0.1221632763	0.0559828153	-0.0384550769	0.1823098117	0.0425186976	-0.0179325386	0.1032799814	-0.1024323357	-0.0557865581	0.0166883391	-0.0142791944	0.0681409651	-0.0596464656	-0.158072574	0.034994503	0.0786443267	-0.011892823	0.0796641864	0.1154246078	-0.0888338228	-0.0079377856	-0.0509232726	-0.1120694368	0.0429492598	-0.0983389056	0.0682724259	0.0193717405	-0.019842268	-0.0046791006	-0.024715395	0.1077914816	-0.0615928559	0.0031013979	0.0004526426	0.0276321295	-0.0207742414	-0.0040469051	-0.0257088652	-0.1142635922	0.0605292437	0.1861581326	0.0136184492	0.0149436843	0.0605390161	0.1363898139	0.0473207296	0.0441310001	0.0665483073	-0.0439996756	0.000859769	-0.0307332675	0.0496790457	-0.1218878738	-0.0263961969	-0.0308288077	-0.0734651634	0.0714815055	0.1211440782	0.1320038401	-0.0100257275	-0.0349089732	-0.0906956007	0.1103039694	-0.1211079686	0.1407006962	-0.0246161358	0.0070836319	-0.0397835628	-0.0328140524	0.0149886365	-0.1338058556	-0.1453908932	0.0851240284	0.067091592	-0.0747866074	-0.0626500809	0.0501885739	0.0440359578	0.0261280336	-0.022165449	-0.0475187383	0.1188366046	-0.0506161287	-0.0410928197	0.0932356652	0.0582477796	-0.0328840985	-0.0742174685	-0.0347547674	-0.1741780971	-0.0918030392	0.043653218	-0.0126106124	-0.0105426306	-0.0016326333	-0.1009243052	-0.0160242935	-0.0446834737	-0.1598550854	-0.0213068564	0.045067414	-0.1176506543	0.0471293315	0.0058940393	0.0372091599	0.0587637384	0.1500101725	0.006967592	0.1349298885	-0.0447589797	-0.0158027401	-0.0452456548	-0.0169146969	-0.0697009467	-0.030861494	0.0512443243	0.0126835594	-0.0448090364	-0.0848412804	0.1088756826	-0.0408176	0.0054562999999999	2.977120968999997e-05	0.00166607646976	0.055162	-0.0581799999999999	0.003042846244	0.0033849123999999	-0.0885228	0.0039330999999999	1.546927560999996e-05	0.00783628611984	0.00101966	0.0004715209999999	2.223320534409999e-07	1.0397065155999998e-06	0.00104165	-6.961999999999984e-05	1.0850347225e-06	4.8469443999999785e-09	-0.000861064	4.032299999999999e-05	1.625944328999999e-09	7.414312120960001e-07	0.0	0.0	0.0	0.0	0.0
550.2614259936737	-0.9941158251142496	0.9882662737425856	302787.63693659124	783.9123313580005	-3.0627394790042217	9.380373116251052	614518.5432551356	517.0117650788354	-0.0977223603126731	267301.1652299329	0.0095496597050799	528.6632500766073	557.60926199284	1.158288	49.227142	0.12206755	0.080249	-2.737e-07	0.1058351247	-0.0899558355	-0.211713428	-0.116057264	-0.0846789364	-0.0214409397	0.0313594215	0.0320164789	0.0659629239	0.107794945	-0.060251538	-0.1066343542	0.0085752061	0.1546969559	-0.0803500468	0.1162086879	0.0632692537	-0.0459402379	-0.1255959622	0.0572848017	-0.0182558525	0.0172912261	0.0877549825	-0.0266984044	-0.0346128598	-0.1612520786	0.0406998347	-0.0781411217	-0.0289511706	0.0197589426	0.0176981651	-0.0466098037	-0.0133434301	-0.0499540917	0.022493599	0.0045010628	0.0582484328	0.0795107219	-0.0198069294	-0.0282746075	0.0667450557	0.079971993	-0.0296896588	0.0340369305	-0.3046787879	-0.0858257067	0.0048773137	0.0263511808	0.0769830818	0.154866512	-0.132563636	-0.0670252031	0.0598556458	-0.0739103806	0.0455417459	0.0292508247	-0.1075719682	-0.0650950133	0.1013640554	-0.1058401146	-0.0296419776	-0.0044542595	-0.0370728445	0.2171118846	0.026892642	0.050969145	0.0751841378	0.0945677549	0.004976457	0.0770630005	0.007391802	0.0477737219	-0.0334712654	0.0289344267	0.0029861941	-0.0387895805	-0.0591106382	-0.0731721389	0.1170520419	-0.0481484409	0.0593135531	0.0316685418	0.1077088551	-0.0605502959	-0.2011799436	0.0539624534	-0.0073464351	0.1946592906	0.1498804664	-0.0362361379	-0.0410002756	0.1485224123	-0.0167790406	-0.1068476156	-0.0189399214	0.0837212693	0.0614078705	0.0355955889	-0.0563442167	-0.032152732	0.0728019591	0.0347327299	0.0350489405	-0.0029858798	-0.0570604228	-0.1671148271	-0.0153769447	0.029826973	0.1860301084	0.0284695408	-0.0734363904	-0.0380792391	-0.0551570201	-0.198297031	-0.1191606449	0.0486866081	-0.065022421	0.1195786725	0.0320190186	-0.0160261843	0.105669831	0.0832112766	0.0053823188	0.1057460054	-0.0705160035	0.0119435867	-0.0953799906	-0.137242286	0.0488439266	-0.0638892303	0.0146161108	0.0046459342	0.0801189253	-0.0165206555	-0.1029115183	0.0057470976	0.0946066604	0.0114988009	-0.0484577861	0.0316894132	-0.0261689039	0.0345133033	-0.0852463935	-0.0339782227	-0.0794239112	-0.0675428618	-0.1308010017	0.079912417	0.0566492947	-0.0117304022	-0.1195561838	-0.0044560779	-0.1407694843	0.0501337395	0.129041585	0.0279733566	0.1867744759	0.0494899988	0.0126093917	-0.1095063279	0.0382174006	0.1200687423	-0.0015135981	0.0992178217	-0.0072791633	0.0440669088	-0.058849504	-0.0672553388	-0.2321957045	0.0712043732	-0.0180267058	-0.0138069827	-0.0988916292	0.0841777262	0.0057643143	0.129911752	-0.0356748811	-0.002347529	0.135226418	-0.0505682849	-0.0297657331	-0.0803114967	-0.1346410134	0.0462063873	-0.0935409247	0.0423421142	0.0197235937	-0.0247517287	-0.0308277824	-0.1284988887	0.1350279054	0.1129259595	0.0725300604	-0.0301121242	-0.1226370384	-0.0446519496	0.0188877596	0.0252004118	0.0253658458	-0.0472291519	-0.081087548	0.111768338	-0.0421504	-0.0013327999999999	1.776355839999987e-06	0.0017766562201599	0.129534	0.074372	0.016779057156	0.005531194384	-0.0954231	-0.0069002999999999	4.761414008999997e-05	0.00910556801361	0.00038361	-0.00063605	4.045596025e-07	1.471566321e-07	0.00113173	9.007999999999998e-05	1.2808127929e-06	8.114406399999996e-09	-0.000797945	6.311900000000004e-05	3.984008161000005e-09	6.36716223025e-07	0.0	0.0	0.0	0.0	0.0
549.5297515004728	-0.7316744932008987	0.535347564000792	301982.9477841714	784.2520781188585	0.33974676085802	0.1154278615135166	615051.3220337483	516.8317150518567	-0.1800500269787335	267115.0216834436	0.0324180122150426	528.6785469625663	542.770209919108	1.249171	53.089703	0.14612295	0.0914051	0.0350478754	-0.0601942109	-0.091794991	0.0471403886	-0.0524344129	-0.0464617121	-0.0313093761	0.1453359863	0.1882709328	-0.1305966467	-0.0412822488	-0.0627294016	0.0318649492	0.0476979702	0.1304262232	0.0146854769	-0.1663070178	0.0064494778	-0.0136771862	0.0915095089	0.0317326057	0.0778020089	0.0077204146	-0.1113714686	-0.0242417862	-0.0186635472	-0.0532429366	-0.0322051015	-0.0764338112	0.014931937	-0.0282096318	0.0304645571	0.1650009272	0.0672352925	0.0585493534	0.0795694401	-0.0157616661	-0.0021424989	0.2240933047	0.1574905376	-0.1270826046	0.0530862749	-0.0958907551	-0.0486466571	0.1255725711	0.033831451	0.0204155906	0.1265819686	0.0629758647	0.0263042802	-0.0309434659	0.0165797252	-0.0080255801	-0.0354831277	0.0286477318	-0.0269995987	0.0336342544	-0.0164612049	0.1072879329	-0.0516379604	0.0041491206	0.0109908877	-0.0678916112	0.0952187388	-0.0664264289	-0.0671598114	-0.0142990503	0.0334239807	-0.0263598395	0.0389756528	0.0624583527	-0.0125745427	0.140007971	0.0057807377	-0.0303751981	-0.0188382702	-0.0258210995	0.0246056028	0.0160879586	-0.2104447135	-0.0184324374	-0.0303817532	-0.1425395528	-0.0036670714	-0.056652251	-0.0503607106	-0.0406067575	-0.0840552761	0.063993991	-0.0660795294	0.0187905395	-0.1085446516	0.0103668649	0.0350994947	0.0139074553	0.178138801	0.0527107892	0.0665146802	-0.0373701738	0.1545097799	-0.1768840383	-0.0823679725	-0.0826017852	0.0352375521	0.0286836543	-0.0351520905	-0.0801314145	0.115768596	-0.002122187	0.0368104643	-0.1219753662	-0.0124641053	0.0472793733	-0.0608250111	-0.0303435591	0.0523359976	-0.0482589467	0.0345298117	0.0136913205	-0.042472535	-0.1308584486	-0.0557159614	-0.1123478939	0.0357849721	0.0399263175	0.0359358867	-0.0692592757	-0.0802509603	0.0157314132	0.0095598398	0.0836687803	0.0012469234	-0.0016861296	0.0378237521	-0.069574714	0.0394546479	-0.0806520548	0.0268242853	0.0143116409	0.0072357941	-0.0823411383	0.0669369135	-0.2051982615	0.0717588415	0.1155570202	-0.0060923396	0.0231934355	0.0040119099	-0.024233125	0.0342105083	0.0506984426	-0.0491578902	0.0618537788	0.0749089848	0.1349825447	0.1331081468	0.1018599318	0.0158407462	0.1015425582	-0.1231386263	0.0115182824	-0.1600086252	0.0049093068	0.0182649554	-0.1171752619	-0.0951510268	-0.0558682643	-0.0010810695	-0.0169457361	-0.0600641102	-0.0330603125	0.062021665	0.1316763555	0.0295319286	-0.0227593863	-0.0855469747	-0.0265858563	-0.0220471872	0.1239087087	-0.007284953	0.0675560813	-0.1165222227	0.0549508376	-0.1047205273	-0.1518986394	0.0729250954	0.1036707169	0.0342178031	0.0114605493	-0.0063905066	0.110909878	0.1797491455	-0.0179450393	0.0315443196	0.0189071722	0.0724482234	-0.0516606375	0.0266825287	-0.0649415614	-0.0185920113	-0.0496261511	-0.077175083	0.1141688124	-0.046233	-0.0040826	1.6667622760000047e-05	0.002137490289	0.0459487	-0.0835853	0.00211128303169	0.00698650237609	-0.0778433999999999	0.0175797000000001	0.00030904585209	0.0060595949235599	0.00112588	0.00074227	5.509647529e-07	1.2676057743999998e-06	0.00108803	-4.370000000000003e-05	1.1838092809e-06	1.9096900000000027e-09	-0.000829482	-3.153699999999999e-05	9.945823689999995e-10	6.880403883239999e-07	0.0	0.0	0.0	0.0	0.0
549.2690250004691	-0.2607265000036705	0.0679783078041639	301696.46182496595	784.0913153242632	-0.1607627945953709	0.0258446761261134	614799.1907669331	516.963367475154	0.1316524232972824	267251.1233112511	0.0173323605600468	528.725121717245	550.1681739813262	1.181531	50.215012	0.0962594999999999	0.0620343	-0.0595277322	-0.0841387798	0.0059142912	-0.1210772344	-0.0453567067	-0.0938633865	0.0145081199	0.0455141727	0.023507691	0.1217453801	-0.0966365914	0.0376300901	0.0685747197	-0.0276215541	0.1160099361	0.03133558	0.0335369819	0.0866266918	0.1352457489	0.04345972	0.0017405959	0.0679985811	0.1007860961	-0.0523280268	0.0299396682	0.0353364927	0.034248738	0.0042091032	0.008427511	0.0001385733	-0.0528705482	-0.1565366102	0.0420653236	-0.0095557244	0.0041565363	0.0098760073	0.0319746319	0.0759380233	-0.0347874828	-0.0175556407	-0.0907948071	0.1130594296	0.0435250849	0.0499520596	0.0494369473	0.0908247486	-0.1598318999	-0.0546459308	0.0701358701	-0.1144591099	0.0724543217	-0.0205828978	-0.0176560165	0.0592063993	-0.0892174278	-0.0120876927	-0.0831072614	-0.1476980035	0.0859247107	0.0736956261	-0.0529929259	-0.0932569242	0.1205908059	0.0651449333	-0.1176862061	-0.0465644904	0.037074001	-0.0439837382	-0.1366797494	0.0139897946	-0.0964679442	-0.0104847645	0.0786575401	-0.0278175736	0.1264873594	-0.0544616234	0.0185077336	0.0137372492	-0.0248598407	-0.0305170316	-0.0991377121	0.0326755339	0.018482846	0.0665987915	0.0788843915	-0.0507347423	-0.0670709841	0.045690237	0.0206811087	0.1235733982	-0.1256625907	0.0437963435	-0.0089345592	-0.0113113371	-0.0795435474	-0.1319096573	0.0474976146	-0.0733556481	-0.1239395555	0.1087960427	-0.0589994818	0.0161151476	0.0829789597	0.0010075539	-0.1146653336	-0.0936405448	0.0441655113	-0.1505983498	0.0302900897	-0.0826915243	0.0690496966	-0.1000801045	0.1312172798	0.0151525617	-0.0329649129	-0.1181562467	0.076023426	0.0145534485	0.0528716875	0.023258946	0.0093267974	0.038609839	-0.1018276671	0.0366973396	0.0952937995	-0.1099810172	0.1001454182	0.0416151025	0.1891672632	-0.0757330763	0.0379695476	0.110563089	0.0025585181	-0.0018625482	0.0511285899	0.0011884288	-0.0687831901	0.0983760926	0.064421434	-0.0640536892	0.0160933258	0.0299150436	-0.0244740409	-0.0077483073	0.0647008606	-0.0925998474	-0.060924391	-0.1281771289	-0.0295096526	0.0232281135	0.0022022605	0.0361350988	-0.0729263884	-0.0049786265	-0.0864238421	0.1516769343	-0.0634612849	-0.0140405718	-0.1207976649	0.0180331394	0.0218195147	-0.0148190106	0.0246699296	0.0199892717	-0.0428445737	0.124965225	-0.0150731999	0.1451352825	-0.0331912458	0.0647721193	0.0209781051	-0.0487285462	-0.1782079165	0.0503221617	0.1518254718	-0.0771793133	0.0868169181	-0.0283177922	0.0738242617	-0.041010185	-0.1414065599	-0.0331291671	0.032115452	-0.1667484673	-0.0118346937	-0.0537273188	0.0847750569	0.1082520007	0.0017285142	0.0495208747	0.0555986881	-0.0519301808	0.0752068482	-0.0936232111	0.0417678085	-0.0321952506	0.0297377778	0.0770800384	-0.0036449168	-0.0242729341	-0.051998861	-0.073111544	0.116066535	-0.0396917	0.0065413	4.278860569e-05	0.00157543104889	0.104186	0.0582373	0.010854722596	0.00339158311129	-0.0832654	-0.0054220000000001	2.9398084000001164e-05	0.00693312683716	0.000692736	-0.0004331439999999	1.876137247359999e-07	4.79883165696e-07	0.00117536	8.733000000000005e-05	1.3814711296000002e-06	7.626528900000008e-09	-0.000830186	-7.040000000000258e-07	4.956160000000363e-13	6.89208794596e-07	0.0	0.0	0.0	0.0	0.0
549.8513419444307	0.5823169439615867	0.3390930232247617	302336.4982380913	787.7534168180399	3.6621014937767313	13.410987350721769	620555.4457084965	517.3658650031583	0.4024975280043463	267667.4382704662	0.1620042600496095	529.1803700833542	532.8777086721932	1.236525	52.552238	0.0820272999999999	0.0491425	-0.0523664412	0.0306964879	0.1096607253	0.0725043621	0.034057012	-0.0262377336	-0.0638274097	-0.0202934663	0.1092606501	-0.0900739086	0.0844660163	0.1154672359	-0.036321907	0.0378872151	-0.0109743272	0.1011008208	-0.0762099142	0.0533505678	0.03554469	-0.0563959704	0.0495308013	0.0271933112	-0.0187438261	-0.0137170627	-0.0849405086	-0.1314834913	-0.012840938	-0.0367635081	-0.061345298	0.0980031069	-0.0911045441	-0.0644381098	-0.004727254	0.0876676579	-0.03833177	0.0213274065	0.1859105734	0.1009534574	-0.1101209141	0.0726632152	0.0008711751	0.0058528669	0.0296149726	-0.0470147247	-0.0192910431	0.0677488564	0.0557431714	0.131660867	-0.0848065346	-0.0796774285	0.0480328052	-0.0103914311	-0.0956692183	-0.0618679525	-0.0224533099	-0.0731593189	0.0089989271	0.0521966822	0.0579105666	0.076966887	-0.1452880427	0.0319488598	0.1172423273	0.2059159364	0.0845666368	-0.1345422138	-0.0581811861	-0.1303553718	-0.0213291801	-0.1401001764	-0.0793508133	0.0519776233	0.1557055787	0.0397514601	0.0798181117	0.0488153779	0.035277731	0.0500819535	-0.0986649686	-0.0616885042	0.0946270171	-0.0764209775	0.0889958542	-0.1304472121	0.0756993953	0.0732887354	-0.0314175603	0.0432206805	-0.0543792421	-0.0289075477	0.0109779856	0.0737736369	0.0031061748	-0.0016012232	-0.1789372906	0.0036251687	0.0667569698	-0.029152566	0.0073246261	0.058488725	-0.0051927573	-0.0456986904	-0.1075415259	-0.1155079546	-0.013763119	0.0091260646	-0.0120020422	-0.061104754	-0.0010352014	0.0173223993	0.0064423054	0.0686476239	0.0044499373	0.1215215747	-0.032062941	0.0502474811	-0.0259552907	0.0655910067	0.1190897595	0.0582251325	-0.0071453765	-0.072979495	0.0208215916	-0.0384280106	0.068311428	-0.0864528004	-0.1096586338	0.058716802	0.0458103865	-0.1238565326	0.0575201005	0.1183254189	0.1576936519	0.1566491507	0.1282886146	-0.0439269542	-0.1167096941	-0.0013937245	-0.0662500458	-0.0906430645	0.0202722018	0.1025328678	-0.0115977133	0.1356006092	0.0079282844	0.1262619061	-0.0825293636	0.0941530521	-0.0413315604	-0.0019728108	0.1079999329	0.0530439453	-0.0427028861	0.0353718508	-0.0626681126	-0.0150732482	-0.120666548	0.0515812134	-0.0372775816	-0.0214856671	-0.0970453625	-0.1151198818	0.0212237803	-0.0671156267	-0.0680474155	-0.0516652066	0.0960137986	0.013368784	-0.0522881668	0.0837948491	-0.0476210051	-0.0874247249	-0.0465521609	0.0222390279	0.1354556148	0.1324341013	-0.0189571114	-0.0104758504	-0.1099991888	-0.0489573114	-0.0294652386	-0.1024498074	0.1108741746	-0.1188194843	-0.147394845	0.032963852	0.0558886027	-0.054884575	0.0194704004	0.0659364361	0.0232804729	0.0011526305	0.0514218732	0.0905887768	0.1507094914	-0.0495568718	0.0114083778	0.0752813989	0.0770925061	-0.0016325106	-0.0543461203	-0.0689048858	0.117453149	-0.0421435	-0.0024517999999999	6.0113232399999856e-06	0.00177607459225	0.0602301	-0.0439559	0.00362766494601	0.00193212114481	-0.0723304	0.010935	0.000119574225	0.00523168676416	0.00112588	0.0004331439999999	1.876137247359999e-07	1.2676057743999998e-06	0.00115853	-1.6830000000000013e-05	1.3421917609e-06	2.832489000000004e-10	-0.000786468	4.371799999999999e-05	1.911263523999999e-09	6.185319150240001e-07	0.0	0.0	0.0	0.0	0.0
550.0523578694782	0.2010159250474998	0.040407402122702	302557.59639777255	786.2038050826744	-1.549611735365488	2.40129653038244	618116.4231264759	516.8389806793563	-0.5268843238020509	267122.531949676	0.2776070906683444	528.6292107438192	550.7171985258261	1.25801	53.465355	0.108923	0.0601099	-0.0288683786	0.1160721623	-0.0618011672	-0.1984713854	-0.0533961488	-0.0287826642	0.0467719681	0.0235437349	0.0771402706	-0.0339892781	0.0296169505	-0.0278631557	-0.0891515494	-0.0028432108	0.0536165821	-0.0680412704	0.0490270042	0.1301881644	0.0122080695	0.0272908912	-0.0108297761	0.01062058	-0.0188864864	0.0683172495	0.0598922623	-0.008054026	-0.0214793715	-0.0850809375	0.0586996211	-0.0596587693	-0.150958306	-0.0186366118	-0.1205074229	0.1953086114	-0.027007694	0.000263024	-0.087907909	0.0984290905	-0.1481390561	0.0812118373	-0.0784421723	0.0764676389	-0.1027905795	0.0634242098	-0.0246294807	-0.1108214073	0.0629951461	-0.0775745371	-0.0072353288	0.0725655688	0.0963908402	-0.0555405525	-0.0161198001	0.0750266273	-0.1423329783	0.1318842334	0.0515169361	-0.0887393458	-0.0609548346	0.0228729508	-0.0421764793	0.0220106554	0.0240570756	0.0043663497	-0.0609895653	-0.0812318105	0.0012989964	0.0785482815	0.122569254	-0.1466014288	-0.0692226359	0.0957433471	-0.1276984592	0.0005638719	-0.155002876	-0.0625585604	-0.0433420852	0.0593169558	-0.0626386358	-0.0011094309	0.1361302123	-0.034014976	-0.0989265573	-0.1675167443	-0.1388736699	-0.0057661291	-0.0273949261	-0.1551741207	0.013144831	-0.0185626168	-0.0097747373	-0.0170111368	0.0736663453	0.0218736778	0.0315406468	0.0832457359	0.1344858598	0.0800538508	0.015689887	0.0174639799	0.0952780678	0.0355064679	-0.0410754485	0.0136916177	-0.1410515859	-0.1010845805	0.0495781511	-0.0194081429	-0.1350827247	0.1745303408	0.0196366831	0.1850896507	-0.052039391	-0.0353407572	-0.1031114235	-0.1536042347	0.0407937296	-0.0376205443	0.086673791	-0.0439803693	-0.0670112365	0.122176669	0.0533389317	-0.0665081788	0.0512757137	0.015400421	0.0364409005	0.0486937538	0.0970035363	0.1054858484	-0.0501984728	-0.1456561302	0.0289925347	0.0772697552	0.1170075997	-0.0408266738	0.0528111009	-0.0673830585	-0.0551363005	0.077941527	-0.0750991756	0.0729373839	-0.0130813068	-0.0377534445	-0.0335168874	0.0739121088	0.2021320164	0.1233010682	-0.0841741779	0.0028528452	0.0048398022	0.0174661333	0.1687410751	-0.1241382503	0.1311293022	0.0809597581	0.0587725035	0.0549229221	0.055663343	-0.1309185717	0.0252508802	-0.0464186233	0.0232474664	-0.1597599099	0.0680183812	0.0362049581	0.0008411364	0.1018475712	-0.0475351515	-0.0586677416	0.0310239507	-0.1205476489	0.0558660592	-0.0464511864	-0.0921551916	0.1922785137	0.097055367	0.0065305461	0.0102265734	0.1538558927	-0.1068051285	-0.1052722854	-0.0114127185	-0.0800294193	-0.005996353	-0.0597446585	0.0984709322	0.0062842064	-0.0042963516	-0.077418305	0.0049540556	0.0589757312	0.1702089169	0.0002303097	-0.0447759668	-0.07190281	-0.0507932313	0.0898734848	-0.0354699356	-0.0815497322	-0.05666678	-0.0645633431	0.1183225485	-0.0362556	0.0058879	3.4667366410000016e-05	0.00131446853136	0.111939	0.0517088999999999	0.0125303397209999	0.0026738103392099	-0.0982974	-0.0259669999999999	0.0006742850889999	0.0096623788467599	0.000706396	-0.0004194839999999	1.7596682625599997e-07	4.989953088159999e-07	0.00111654	-4.199e-05	1.2466615716e-06	1.7631600999999996e-09	-0.000832178	-4.571000000000002e-05	2.089404100000002e-09	6.925202236840001e-07	0.0	0.0	0.0	0.0	0.0
550.4476425792719	0.3952847097937138	0.1562500017967005	302992.6072210779	785.6762865447612	-0.5275185379132381	0.2782758078421204	617287.2272387657	516.9115336932416	0.07255301388534	267197.53366509924	0.0052639398238463	528.6450131793207	540.3969232914073	1.210582	51.449654	0.1124756	0.0648827	0.0343353228	-0.0378413908	-0.1185025623	0.0913294559	-0.048414338	-0.0267368106	0.0180258833	0.0044929823	0.2087972902	-0.0510303657	-0.0545398748	-0.0967771341	0.0484980966	0.1025261583	-0.0248675737	-0.0267438662	-0.1312467396	0.059353962	0.0320597593	0.0853719804	-0.0221084596	0.0993771143	-0.0389864803	-0.0595150372	-0.0273720046	-0.0267399543	0.0459534726	-0.0607645993	0.015460567	-0.0173971491	-0.0440126842	0.0227088761	-0.0051764325	0.1030593562	0.0865454762	-0.0007789449	0.0201009527	0.0317597629	-0.096243546	0.0733245748	0.0208968533	-0.0187721918	0.0839989309	-0.0246319412	-0.0919759819	0.0500366294	0.0475278046	-0.1368039032	0.0545735537	0.0616241201	-0.0060389355	0.0521494346	-0.0023912997	-0.0817291509	0.106880925	-0.0023944773	-0.0278503886	0.0078621043	0.1452968379	0.0551809189	-0.0538107307	-0.0570644834	0.0755587367	-0.176029224	-0.0397050035	0.0121637888	-0.0396439199	0.0481025907	0.0115449154	-0.0438346007	-0.0143875363	-0.0034645831	-0.0702758899	0.0443401701	-0.0193059405	0.0041406891	-0.0244147563	-0.068110845	-0.0562066908	0.0785126611	0.0873531854	-0.129364169	0.04903132	-0.0511665589	-0.0681736153	-0.1161789994	-0.0727841858	-0.0366761267	-0.0631175318	-0.0157303456	0.1528816875	0.0207651838	-0.066850656	0.1422078044	-0.0534042621	-0.0288132997	0.0603469478	0.022866598	-0.0674243211	0.1124606243	-0.0681973444	0.0703385638	0.055539215	0.1871335685	-0.0801764123	-0.0119688665	-0.1232033649	0.0040478931	0.0744432077	-0.0036671565	-0.1569651433	0.0717307742	0.0038360621	-0.0886347379	0.0158593808	0.11903626	-0.0232838319	0.0387094354	-0.0337175833	-0.0710132442	0.0317160114	-0.0609774276	-0.0963122105	-0.082101362	0.0953118505	0.0398409472	0.1523747828	0.1104345863	-0.0307732614	-0.0202425943	0.0170744645	-0.038857934	-0.0693509282	0.0215800122	0.0552135401	-0.0728626078	0.0485347007	-0.0189839428	0.0005583238	0.0466647435	0.012967414	0.0589304376	0.0421165441	-0.073536728	-0.030978613	0.0464954314	-0.0372252344	0.0651323166	0.0673190223	-0.0045068418	0.1540206991	0.025782385	0.1057326085	-0.0139668319	0.0811529161	-0.0024264255	-0.1071071668	0.0445460155	0.0788379679	-0.1548348877	-0.0473853343	0.0131417499	0.0980894763	0.0793188961	0.038709058	-0.0041574132	-0.0665242202	0.0867551365	0.0792072056	-0.0712064325	0.1431003293	-0.0416088063	-0.0102126715	-0.0874611213	0.0661297985	-0.1165690452	-0.0100598325	0.0120111238	0.0918634839	0.0347466837	0.077422845	-0.0808614487	0.0480361888	-0.1874114261	-0.0906773122	0.0639601512	-0.0144511679	-0.0192540266	0.0529420614	0.0535761543	0.1358101511	0.0756491754	-0.0071724242	0.0634258178	0.1366830509	0.0225769849	0.0810152586	0.0922859517	-0.1198860701	-0.0255003592	-0.0589597043	-0.0600954145	0.1186709048	-0.0462453	-0.0099897	9.979410609000008e-05	0.00213862777209	0.0539279	-0.0580110999999999	0.00290821839841	0.0033652877232099	-0.0793925	0.0189048999999999	0.0003573952440099	0.00630316905625	0.00119414	0.000487744	2.3789420953600006e-07	1.4259703396e-06	0.00110004	-1.650000000000002e-05	1.2100880016e-06	2.722500000000007e-10	-0.000825024	7.153999999999993e-06	5.117971599999989e-11	6.806646005760001e-07	0.0	0.0	0.0	0.0	0.0
549.4568347500951	-0.990807829176788	0.9817001543580188	301902.81325359334	781.601074646945	-4.075211897816189	16.607352012102623	610900.2398892593	516.3617990039091	-0.5497346893324675	266629.50747055345	0.3022082286554645	528.1060742962865	551.8811501523854	1.228926	52.229259	0.13157875	0.08712	-0.0777351387	-0.081197339	-0.0125914957	-0.157744301	-0.1249283674	-0.1502013633	0.001508748	0.0547432705	-0.0521681914	0.0651036684	-0.0918829998	0.0472635367	0.054646668	-0.030631659	0.1703221403	0.0068913441	0.0365362436	0.00629903	0.0142632165	-0.1375362508	-0.0304388206	0.0472502457	0.091372871	0.012752176	-0.0265195861	0.0588308044	0.0912274004	-0.0609315594	0.0148804253	-0.0854213778	0.0794230018	-0.0809461393	0.0396444779	0.0542115726	-0.0284272886	0.0807388809	0.0442461059	0.0554691392	0.1066113855	-0.0053789334	-0.1050525363	0.1020642903	-0.0164306478	0.0756339038	-0.0348628818	0.0089147526	0.1072939581	-0.0760375048	0.1099473166	-0.1288486645	0.1283394415	-0.0889859769	-0.0492671102	0.0683872078	-0.0539623588	0.0133478727	0.0228752641	-0.0040378747	-0.0115764592	-0.0431596549	0.0039946169	0.1283818086	0.0061489273	0.0554057233	-0.0471114898	-0.03026345	-0.0578084737	-0.1061892745	-0.2141139167	0.1301637728	-0.0458690054	0.0742338204	-0.1801154291	-0.0491313405	0.054593888	0.0298875311	0.0872490223	-0.0234656267	0.0245589679	0.1180564677	-0.0394903363	0.0351428864	-0.0119936931	0.030319234	0.096921899	-0.0621065736	-0.0273299511	-0.0054501336	-0.0688809829	-0.0304187471	-0.0971928862	-0.0785656145	-0.1380754853	-0.0345296874	0.0569933994	0.0291019729	-0.1262547035	0.0845629403	-0.0443623703	-0.0789019537	-0.0522582232	0.0779574438	0.1175962118	0.002327526	0.0450919705	-0.0509013293	-0.0351927827	-0.0884757574	-0.0873191397	-0.0319806352	-0.0414535594	-0.0973545644	0.1499752686	0.0192266334	-0.1350853792	-0.0867138009	0.064848648	-0.0540508933	0.075891654	0.0165697398	-0.0230200057	0.0005120461	-0.0011318573	0.0239432423	-0.0005440383	0.0218967397	-0.0678363189	0.0667881818	0.1136305784	-0.0366115885	0.0956550665	0.0790899869	-0.0412001113	-0.0947103098	-0.0219132433	0.2549445319	0.099185786	-0.0593018382	-0.0139591078	-0.0709298684	0.0662726081	-0.0886264948	0.1729283683	-0.0266084573	0.0445865404	0.0287962638	-0.0447551773	-0.1113530257	-0.0318801475	-0.0122334076	-0.0245720762	0.0015355486	-0.0171088312	0.0416972557	-0.0533852727	0.0635276743	0.1103254558	-0.1779936585	-0.05418278	0.0109472495	0.0777713468	-0.0586384114	-0.0179228954	0.1004734765	0.0282943444	0.0992538544	-0.0627173789	-0.0483244147	0.0642710927	-0.1307289842	0.0091560991	0.0338063087	-0.0185949222	-0.107839049	-0.0295442933	-0.0389537087	0.2115352957	-0.0534106733	0.0684281614	-0.0186673355	-0.0722557714	-0.0331322433	0.0351273566	-0.1226762571	-0.018781329	-0.0082680969	0.0287955492	0.0899386598	-0.039133236	0.1231226738	0.0281765182	0.1142072441	0.0743495961	0.0146729708	-0.0092984309	-0.0674416058	-0.0806602276	0.1313145347	0.0520624637	-0.1240255754	-0.0612237711	-0.0555098464	0.118496684	-0.0417233	0.004522	2.044848400000005e-05	0.0017408337628899	0.131336	0.0774081	0.017249144896	0.00599201394561	-0.0778823	0.0015102	2.2807040400000096e-06	0.00606565265329	0.000373045	-0.000821095	6.74196999025e-07	1.3916257202500001e-07	0.00119672	9.668000000000004e-05	1.4321387584e-06	9.347022400000006e-09	-0.0008700179999999	-4.499399999989995e-05	2.0244600359909972e-09	7.56931320323826e-07	0.0	0.0	0.0	0.0	0.0
549.2976879430615	-0.1591468070336077	0.0253277061889923	301727.949979593	786.2143213017509	4.613246654805948	21.282044698078277	618132.9590199728	516.9976809224744	0.6358819185652465	267286.6020792166	0.4043458143582187	528.8134504506077	538.0668027468071	1.242287	52.797131	0.16104285	0.103838	-0.083632069	0.0278308368	0.0945318795	0.0703651738	0.0105770787	-0.055717185	-0.0024921961	0.0032761483	0.2123998296	-0.1126203676	0.1252915038	0.1197867969	-0.0162625397	-0.100123494	0.0474843204	0.1232182917	-0.2289869597	0.029426856	-0.0328298852	-0.0751020239	0.0623974467	0.0684262342	0.0919752835	-0.0501200909	-0.0495919867	0.0053653353	0.0506384247	0.0200475356	0.0483236988	-0.0456282868	-0.1186536582	0.0680373331	0.009821387	0.1570084432	-0.0129383679	-0.0930490691	-0.0694808506	-0.0922544349	0.0253772094	-0.0696294149	-0.0043618472	0.0486255508	0.0590497315	0.0585345787	-0.0336624771	-0.0747146128	0.0373345456	0.1727430206	-0.0649042434	-0.1409463997	-0.0108652005	-0.0091497218	-0.0471863299	-0.1058728082	0.0061424046	-0.0892702554	0.0587285761	0.0103235256	-0.092715408	0.0757845884	-0.0520449161	0.0962358349	0.0098614216	0.0693066262	0.0361430036	0.007744702	-0.052329031	-0.0224568548	-0.0067498328	-0.048212458	0.1396999609	-0.0277150781	-0.1596804074	0.0935820002	0.0357896161	-0.0097010597	-0.0766636153	-0.1265952445	0.0692465248	0.0694469865	-0.037419996	0.0265480499	-0.0187262569	-0.162350714	-0.0468539514	-0.1035070631	-0.208241955	-0.0169652153	-0.1632187959	0.0369613526	-0.0150248307	-0.1028510838	0.0921445792	0.0017736588	-0.0658190967	0.0499599703	0.0809247649	-0.0714781195	0.0106976246	0.0829185625	0.1112832565	-0.0493116142	0.0781976626	-0.0793184806	0.0744498099	0.1587221985	-0.0235864102	0.1058190937	0.1879432185	0.0846627649	-0.0515273255	-0.0787442796	0.050095709	0.1380587362	-0.0142529018	0.0461664997	-0.0693767214	0.1187520178	0.069903785	0.0120724243	-0.0025784941	0.0023736026	0.0754557733	0.0061395919	0.0254133314	-0.0448651777	-0.0583000341	-0.0277163592	0.0280819388	0.0042166159	0.0472071157	0.0105189741	-0.0103686846	0.0772126863	-0.1233942324	0.0769350833	0.0114832156	-0.1353889093	0.0603476733	0.1238717856	-0.0453622708	-0.1930150033	0.0993859609	-0.1316847483	-0.0670011455	0.0451669804	-0.1036291076	-0.0568911389	-0.1111671478	0.1375678102	0.1551170636	0.1199001848	0.0869676624	-0.0298928507	0.0093905467	-0.0405621807	-0.0313626343	0.0991196595	-0.0140641875	-0.1057029705	0.0023973763	-0.0729175207	-0.0191707341	-0.1087458287	-0.0214485318	-0.0653970408	0.1812587468	-0.1185588632	-0.1061989624	0.1043425337	0.0989459716	-0.0714800084	0.0321226835	-0.2310741496	-0.0787822082	-0.1238573492	-0.0168243575	0.0390554431	-0.1266389822	-0.0926772404	0.0325556767	-0.1070110027	0.1396997019	-0.1654460088	-0.150397898	0.0506529117	0.0747384862	-0.029860855	0.0348061341	0.0129486781	-0.0205092205	-0.0072112459	0.1480687455	0.1199492648	0.0913679218	0.0126097775	0.0759790654	0.066952748	-0.010364222	-0.0318490424	-0.063457872	-0.0508156151	0.1178006533	-0.0401073	0.0016159999999999	2.611455999999998e-06	0.00160859551329	0.0388475	-0.0924885	0.00150912825625	0.00855412263225	-0.0846583	-0.006776	4.591417600000006e-05	0.00716702775889	0.00131456	0.000941515	8.864504952249999e-07	1.7280679936e-06	0.00107584	-0.00012088	1.1574317056e-06	1.461197440000002e-08	-0.0007291659999999	0.000140852	1.9839285904000004e-08	5.316830555558541e-07	0.0	0.0	0.0	0.0	0.0
549.3844913660474	0.0868034229858949	0.0075348342420681	301823.31935353065	786.9151388003667	0.7008174986157201	0.4911451663659948	619235.4356732003	516.7696199717174	-0.2280609507570261	267050.8401257132	0.0520117972601987	528.4576789877332	513.8344296794862	1.32375	56.259277	0.1598944	0.0921428	0.0366920858	0.0758581612	-0.0026140812	-0.1106951155	0.1250857697	0.1706004627	-0.1647353146	0.0147288811	0.0576470685	-0.0933162691	-0.049577864	-0.0367395179	-0.106681976	-0.1049935147	-0.0193073307	-0.0491184414	-0.0828090818	0.1375081659	0.0179993437	-0.010938495	0.0117343804	0.0126318446	0.0211210645	0.0973063219	-0.0577715999	-0.0509838637	0.0580645019	0.0214204506	0.0256867154	0.1403796207	-0.1028854042	-0.0004964022	-0.1756084103	0.0377839235	-0.0225340119	0.0266412891	0.0459459071	0.0547296013	-0.0804452279	-0.1375090334	0.0297884788	-0.0342040324	-0.0162355959	-0.0931932454	-0.094524555	0.11607505	-0.0883343194	0.1690789648	-0.0630114901	0.0882144438	-0.07289449	0.120710334	0.0653510362	-0.0780595953	-0.1674699434	0.0648196935	0.0312821607	-0.0581133681	-0.0470134259	0.0260449938	-0.083810286	-0.0762140689	-0.0758209382	0.1537623046	-0.039327354	0.0574290714	-0.0531524736	-0.0416013574	0.0251006954	0.099102163	-0.1106551524	0.0311946268	0.0711707849	-0.0647727884	0.0575392853	0.0554204725	-0.0824449698	0.1320741615	-0.0803580379	-0.0327207114	-0.1324706232	-0.0648426929	0.1844110684	-0.0180383184	-0.0223608327	0.0117052248	0.12676313	-0.0751590996	0.1496322776	-0.0540083197	-0.0190977604	-0.0328235212	-0.0448719343	0.0639600867	0.0313874893	0.0428255473	0.0951711974	0.0139105944	-0.0086449228	0.0312178212	0.0035686931	-0.0119016967	0.0224348197	-0.1025517156	0.076475675	-0.0368533812	0.0485086901	0.0506880743	0.111743776	0.1296031003	0.0836391945	-0.017363074	-0.1136767617	-0.0284727573	0.1122601847	-0.1065961038	-0.0240332162	0.1271340678	0.0087952374	-0.0815591258	-0.0653320665	0.083146898	0.0615415413	-0.0421980662	0.0147210521	0.003753098	-0.0236982494	-0.2025871684	0.063546215	-0.0874422368	-0.0010873989	-0.0168649928	0.0909755057	-0.0319025723	0.1448480345	0.0294736002	0.0036558367	0.0789452255	-0.0539335439	0.0234021347	0.1573518863	0.1148228202	-0.0671895914	6.3151e-06	0.0600773264	-0.0856485541	-0.0969754998	0.0893610716	-0.1030963454	-0.087091624	0.0371243033	-0.1574253042	-0.1252704707	-0.0120137025	0.045294867	0.0726922567	0.0063198639	-0.0153697976	0.1005326009	-0.0688976067	0.072600304	0.0266107734	0.074152528	-0.0394733432	-0.0127710799	-0.0032762958	0.0683528685	-0.1427666155	-0.11772053	-0.0517258983	-0.1299247493	-0.0653188871	-0.0473488222	-0.0357054794	-0.1067545458	0.0080491344	-0.0921568111	0.0286586481	-0.0159894714	0.118229146	-0.090911073	0.0370159384	0.0406848981	-0.0465954984	0.1208506967	-0.0776546271	0.0997776037	-0.161267692	-0.139597813	0.0011326087	0.2257210304	-0.0779031886	0.0157380064	0.0542386332	-0.0235867013	-0.013785309	-0.2448549744	-0.1439687665	-0.0447354911	0.1236674995	-0.0656609137	-0.0460219099	0.1165858777	-0.0462262	-0.0061189	3.744093721000005e-05	0.00213686156644	0.0896735	0.050826	0.00804133660225	0.002583282276	-0.108562	-0.0239037	0.00057138687369	0.011785707844	0.00262856	0.0013139999999999	1.7265959999999996e-06	6.909327673599999e-06	0.0011942	0.00011836	1.42611364e-06	1.400908960000002e-08	-0.00058061	0.0001485559999999	2.20688851359703e-08	3.371079721e-07	0.0	0.0	0.0	0.0	0.0
550.0246211825988	0.6401298165513936	0.4097661820381207	302527.0839070613	784.8553759067113	-2.0597628936553747	4.242623178079563	615997.9610896651	516.5847320518587	-0.1848879198586246	266859.7853890907	0.0341835429096492	528.3805405533711	509.6712990204469	1.189097	50.536533	0.0341156499999999	0.0158423	0.027328404	-0.1058802395	0.0180301819	0.0605553733	-0.0292989677	0.1659590188	-0.1090881453	-0.0605652054	-0.0374413205	0.0661897776	0.0466618683	-0.0251303974	0.0988936665	0.0004950864	-0.0360131336	-0.0885028959	-0.1281787331	0.0579318325	0.0326774103	-0.0269807825	0.0949250108	0.0482234542	0.0443085107	-0.0144240626	-0.0148918457	-0.1304008023	0.0677693064	-0.0638998894	-0.0718311215	0.0605616938	0.0314927395	0.0473577756	-0.2681951932	-0.0402169237	0.0203824701	-0.0035991776	0.0050799405	-0.1028322719	-0.1862751202	0.0591160871	0.1539592686	-0.1766587328	-0.0532126922	-0.0099429659	0.0938748258	-0.0025002762	-0.0308581775	-0.0590318527	0.1047283173	-0.0463771323	0.0117851251	0.0204180115	0.0479107731	-0.028895539	0.0282649662	0.0979416868	-0.0849236198	-0.0294149399	-0.0549528128	-0.0286407756	0.0011367976	0.1518148821	-0.1343045048	-0.0871754252	-0.0850648497	0.1142214205	0.0955041634	-0.0251490127	-0.0454143375	0.0550361561	-0.0731056015	-0.0249684075	0.1000859337	0.0959692076	0.0401416994	0.0357631476	0.0604973946	0.0068632586	-0.0084152748	-0.0008012864	-0.0404587898	-0.0772183745	-0.150986407	-0.008717695	-0.0119329885	0.0076579968	0.039741828	0.0670952068	-0.1235572176	-0.0831868631	0.0685559182	0.0064838869	-0.0320574931	-0.2906631092	-0.0144966354	-0.2479538917	0.1134337739	0.0666459845	0.0785951378	-0.1426628548	0.0743129273	0.0739257806	-0.0858510775	-0.0639775585	0.1147470512	-0.0244059647	-0.0653212035	0.105584947	-0.0012600987	-0.0096793817	0.0916279558	0.0250576988	0.0966632194	-0.0477242008	0.0251440844	0.0439709613	0.009894792	-0.0200423962	-0.0534338689	-0.1326627169	0.087929625	0.0267960791	0.0408091094	0.0085586377	0.0285120593	0.1873397742	-0.0761475783	-0.0403454741	0.0992813349	0.044604276	-0.0656472882	0.0771657825	-0.0393977145	-0.1230997833	-0.0389705881	-0.0321357334	-0.0704967944	0.0584847891	-0.1170782019	-0.0297860851	0.0316576064	-0.140531466	-0.0178191899	-0.0343746339	0.1113847461	0.0778099456	-0.0185995775	0.0786874989	0.0401257781	0.0962284281	-0.1100440503	-0.0219339071	0.0078236293	0.1092024447	-0.1376556443	-0.2173569133	0.0540500122	0.0375748972	-0.132370836	-0.035053233	-0.128302797	0.1424940876	0.0959112087	-0.146863837	0.0074812152	0.1042933697	0.0714856754	0.0158834847	-0.0669921454	-0.1052711206	0.0044830341	-0.0139124001	0.1321052796	0.0617023595	-0.0858395818	0.0152150199	-0.0484609705	-0.0241255495	0.0216253216	-0.0640595012	-0.0193620454	0.1616543761	-0.0102135663	-0.035283583	0.0892198731	0.1052950483	0.0608000021	-0.1390804568	-0.0941128433	0.0980060385	0.0718988792	-0.2731110435	0.1298838522	-0.0005827152	0.1066850006	-0.0066733313	0.0078137973	-0.1417577535	0.0731272413	0.1517393871	-0.067831818	-0.0411381146	0.1148577065	-0.0483234	-0.0020972	4.398247840000002e-06	0.00233515098756	0.0969247	0.0072511999999999	0.00939439747009	5.257990143999999e-05	-0.100786	0.007776	6.046617600000008e-05	0.010157817796	0.00253883	-8.972999999999967e-05	8.051472899999941e-09	6.4456577689000005e-06	0.00138571	0.00019151	1.9201922041e-06	3.66760801e-08	-0.000639195	-5.8585e-05	3.4322022249999997e-09	4.085702480249999e-07	0.0	0.0	0.0	0.0	0.0
550.7077975037402	0.6831763211413318	0.466729885768204	303279.0782314205	781.8235395348547	-3.03183637185657	9.192031785712414	611248.0469708085	517.2294636672998	0.6447316154410601	267526.3180855626	0.415678855949239	528.8498881344993	543.3261654745108	1.388347	59.00465	0.14763155	0.0878406	-0.0862481902	0.0591505845	0.0346513669	-0.0141448457	-0.1298102016	-0.1204691848	-0.0295694142	0.0312955029	-0.0386489609	-0.0929360291	-0.0338592802	0.1009902123	-0.0421000588	-0.0085426012	0.060052568	-0.0911559883	0.0843913249	-0.0523639284	0.1063959427	-0.1230645573	-0.0470581271	0.152876158	0.262121747	0.1113438618	0.0572700473	-0.0292841404	0.0502438196	-0.0733242588	-0.0049604342	-0.0841094248	-0.1821142643	-0.0846724053	-0.0580453811	-0.0783291126	0.1395755504	-0.0403096541	0.0890012151	0.0222497825	0.0763826235	0.1301022027	-0.0703430505	-0.2286783164	-0.0315188422	0.0555979295	-0.0244057018	0.0848178851	-0.057937684	-0.0930564793	-0.0697738728	-0.0301498487	0.1521108355	-0.1499201835	0.0428448626	0.0884141552	-0.0305744671	0.0689368133	-0.0538459429	0.1613967668	0.0869023899	0.1001358668	-0.01380603	-0.0225051616	-0.1121462061	0.004767032	-0.0362692469	0.0745363026	-0.0088939158	0.1088561109	-0.058799481	0.0132977012	-0.0924631816	0.0446377034	0.0335347038	0.0840563015	-0.025579294	-0.0612089148	-0.1236476875	0.045709595	0.0513259166	0.1099194959	-0.0311739443	-0.0198514046	-0.1985179547	0.1474698482	0.1019492023	0.0106924298	0.006922723	0.02903831	-0.0448205932	-0.1869626799	0.1277136237	-0.0191878765	-0.0132002782	0.006974321	0.0710550084	-0.051244469	0.0782487782	-0.0535757978	-0.0083026704	-0.0471915256	0.0827503117	0.0349546014	-0.1197199191	-0.0282831243	-0.0317828958	-0.0899313316	-0.0476492848	0.0065845826	0.1992471236	-0.0540369778	0.058269826	-0.0894712453	-0.0083214674	0.0831630216	-0.1439553531	-0.1057694097	0.0888767301	-0.1084689143	-0.0232285586	0.021453928	0.0838878513	-0.1764241952	0.0744503929	-0.0448594262	0.0757112775	0.0883438811	0.0438034026	-0.0602612582	0.0519710389	-0.0476627989	0.0098385159	0.0158832565	-0.1529004132	0.0201328537	0.0798223645	0.0056503341	0.0073520678	0.0960255419	-0.0585062315	0.0863946654	-0.0232751309	-0.0957469016	-0.0569241921	-0.1036518021	0.1054092492	0.1175558566	0.1429303822	-0.0491551088	0.1717980092	-0.114006261	-0.0690828775	0.0635851605	-0.0395012123	0.1216532713	0.0218899383	-0.1354234951	0.0351260115	-0.0598781427	0.1245536494	0.0327711578	-0.0412810912	0.0393872633	-3.33205e-05	-0.0970722659	-0.0863957942	-0.0374799068	0.0581922631	0.0732871789	-0.0661382497	-0.1552102366	-0.0774604911	-0.055165172	-0.1067608321	0.0762454625	0.0248685738	-0.1201745327	0.1551623962	-0.0602211749	-0.0767439622	0.0734491596	-0.1183534936	0.095302724	-0.0532151526	0.0996193722	-0.1165731841	0.0022048351	0.0760718503	-0.0134628734	-0.0755725735	0.0859808311	0.0685083589	-0.06257299	0.0155557441	0.0915658241	0.1228389539	0.0628664781	-0.149806927	-0.1460299965	0.0547023238	-0.0538511882	-0.0699695221	-0.0361737896	0.11262375	-0.0406255	0.0076979	5.925766441000001e-05	0.00165043125025	0.176707	0.0797823	0.031225363849	0.00636521539329	-0.118616	-0.01783	0.0003179089	0.014069755456	0.00182602	-0.00071281	5.080980961000002e-07	3.3343490404000003e-06	0.00148645	0.0001007399999999	2.2095336025e-06	1.0148547599999997e-08	-0.000606318	3.287699999999995e-05	1.0808971289999964e-09	3.67621517124e-07	0.0	0.0	0.0	0.0	0.0
550.6057681137962	-0.1020293899439366	0.0104099964123318	303166.71188018355	791.3274111377322	9.50387160287744	90.32357544398018	626199.0716179453	517.4601160325217	0.2306523652218857	267764.9716843908	0.0532005135824501	529.3555369813887	528.1322045620907	1.316489	55.950684	0.2042594	0.160486	0.0298178967	0.1370610008	-0.0543432469	0.1317606057	0.0275518965	0.0347650369	-0.1452463585	-0.0461473885	-0.0525587156	0.1162305375	-0.0136859784	-0.0745326177	-0.1234835677	0.1479251145	-0.069711112	0.1248390951	0.0030533217	0.0684597742	-0.071955099	-0.0531067596	0.1060736812	0.0134257882	0.2194256055	-0.2883767395	-0.0348267265	0.1531175323	-0.0874132203	0.1183229841	0.1394115439	-0.1443430858	-0.0532203983	0.1084421662	-0.0006046914	-0.1008679848	-0.0669470212	0.0876934249	-0.0874089973	0.1079502344	-0.0988122047	-0.0678343256	0.2379993086	-0.1301581625	-0.0159332656	0.1302031205	-0.1718529814	-0.037506246	0.0970519555	0.0557238718	-0.0906417815	0.0958330911	0.0087041893	0.0872463064	0.0329330947	-0.0231320144	0.0340829018	0.0232253633	0.0870577517	-0.0839991383	-0.1576388317	0.0843889389	0.0179311983	0.1163838019	0.0847406499	-0.0824560796	-0.161294415	0.1294953468	-0.0550513589	-0.0347806751	0.097676775	0.1276236554	-0.1928557138	0.1809739809	0.0325525771	0.0496811408	0.0511121069	0.0643270247	0.0667539049	0.0569113973	0.1063108783	-0.049528492	0.090906403	0.1509210097	-0.0242942338	0.202660386	-0.0490308054	0.0868836913	0.0122641107	0.151677971	-0.0121202657	0.0230460238	-0.0323843591	0.0039812284	0.0736814064	0.0235006846	0.1043845122	-0.0527690743	-0.0433259968	0.0225126731	0.0522324591	0.0116938779	-0.0452110295	-0.0114574977	0.1345724734	-0.0225795644	-0.0066086001	-0.1047022924	-0.0190532295	-0.0017422171	0.1285410427	-0.00501312	-0.0101735294	0.0508838561	-0.1265169833	-0.0229306026	-0.031110188	0.1019676121	-0.017206082	0.1157202089	-0.0563876635	0.0091230088	-0.0358997231	0.1936753422	0.1859984717	-0.0687503401	-0.0055236945	0.0546371368	0.0760872007	0.1394816594	0.1487374666	-0.0243085395	-0.101386776	-0.2200027865	-0.0431055972	-0.1516497849	0.0965876869	0.1013493978	-0.1169617934	0.1277207958	-0.0135005143	-0.0813807059	-0.0018676468	-0.0719524537	-0.0513058503	0.1880809079	0.0209099337	-0.0827496704	0.0892158397	-0.1030639253	0.1044484212	0.0357519505	-0.0215384515	0.0221061038	-0.0947637569	-0.1068302339	-0.1160444316	-0.0661548406	0.090736715	-0.0558989719	-0.0541159184	0.0021815611	0.0340296031	0.0374809804	0.0395614627	0.0376831967	-0.0521838854	-0.0112356334	-0.1304413311	-0.0309632183	-0.0066945198	-0.0407796512	-0.0512902646	-0.0495820972	-0.0361103351	-0.0526454776	-0.0759847932	-0.0334256985	-0.1626218502	0.0834733454	-0.0796568925	0.0543701127	0.1497368317	0.1126647479	-0.0004363706	-0.1749314784	0.0372780388	-0.0394425059	-0.0046392393	-0.1097606617	-0.0793864091	0.0720139119	-0.0193562628	-0.1593377578	0.1206205133	-0.100478702	-0.2706744488	0.0187601502	0.0210557368	-0.2033435163	0.0727192526	0.1410972097	-0.0720729799	-0.0311386526	0.1098938456	-0.0419833	-0.0013577999999999	1.843620839999998e-06	0.00176259747889	0.0196931	-0.1570139	0.00038781818761	0.02465336479321	-0.116709	0.001907	3.6366490000000224e-06	0.0136209906809999	0.00259372	0.0007676999999999	5.893632899999997e-07	6.727383438399999e-06	0.00148645	0.0	2.2095336025e-06	0.0	-0.000494404	0.0001119139999999	1.2524743395999992e-08	2.4443531521600005e-07	0.0	0.0	0.0	0.0	0.0
548.7978659056296	-1.807902208166638	3.2685103942938056	301179.0976225734	786.878134203735	-4.449276933997112	19.79606523539874	619177.1980879513	516.3185721454107	-1.14154388711097	266584.8679422757	1.303122446200423	528.0516665329224	516.9058102533554	1.227816	52.18211	0.1593996999999999	0.107858	0.0542357608	0.0707216129	-0.0683103193	-0.0477608483	0.0380402639	0.0629095789	-0.1938285458	0.0017000262	-0.1167508845	-0.0124128282	0.1446300805	-0.0996362086	-0.0702755113	-0.1710819781	0.1264424404	0.0693635668	-0.015595581	0.043212813	-0.0820493449	-0.0161293276	-0.0172763776	-0.076218754	0.1645871529	-0.0603918385	-0.1672199108	0.079743895	0.2010336442	-0.033139078	-0.0772422359	-0.1148667901	0.1169759249	0.154733552	0.0109858547	0.1103192709	0.0810253652	0.0789796962	0.0765544553	-0.0511006268	-0.0041884155	-0.152190617	-0.0164153689	-0.0007226043	0.1421909065	-0.1415813121	0.0296471333	0.0041864066	-0.0286767233	-0.1181443857	-0.0054764354	0.0625850064	0.0529885489	-0.1250651399	-0.0252740591	-0.052535462	-0.0362706368	0.0114160767	0.0934816629	-0.0333719516	-0.0110723662	-0.0017469082	0.0860546597	-0.0605647667	-0.1758270326	0.0655662447	-0.2044136715	0.1444075228	0.0598403267	0.1177395536	0.1240678492	-0.1052675501	-0.016166699	-0.0901456946	0.0489403527	-0.1051501311	-0.0648593872	0.0045019025	-0.047918954	0.0066765978	0.1426038309	-0.1341252632	-0.0814613285	0.0773287537	0.0517562693	0.0047911675	0.0255734996	-0.1364788728	0.0805211671	-0.0186135634	0.046245472	0.0461569379	0.0127288227	0.2014299238	-0.0894815709	-0.0605025683	-0.0858552976	0.0397080744	-0.0485731056	-0.1524162924	-0.182669352	-0.0220685805	0.2057310449	-0.0724719978	-0.0517129848	-0.093132741	0.05134853	0.0020387684	-0.128082267	-0.140371416	0.0422738673	-0.0826276391	0.0449292728	0.127708066	-0.0460197149	-0.0493465497	-0.0745506173	-0.0921919881	-0.051596037	-0.0063974191	0.0638318887	0.0015186695	-0.1095820001	-0.0547744419	0.0233071101	0.1146805003	-0.1155596965	0.0960547072	0.0647261944	-0.2143415257	0.1422237835	-0.0903044176	-0.0928785645	-0.074915969	0.0383994307	-0.0355598487	-0.0969592703	-0.148265263	0.1310569872	0.0656661606	0.1027043361	0.1496848805	-0.0833101769	-0.0430305923	-0.1599928281	0.060113854	0.0310289804	-0.0146986552	-0.0809484742	-0.1823456552	-0.0109612963	0.0801514339	-0.0775606884	-0.1113454071	-0.0033499712	0.0522169146	0.0685295275	-0.1583874068	-0.3126169239	-0.0799950264	-0.0292714327	0.1100434553	0.0977049613	0.0354045258	-0.0794780668	-0.0421215843	-0.0562119745	0.04041132	0.0632781808	-0.0802478718	-0.006362443	0.0037884634	0.0143787233	-0.0119843641	-0.1547630339	-0.0279845514	0.0435654351	0.1706651403	0.004421804	0.005558051	0.0100194065	0.1225683478	-0.0357847551	0.0105073409	0.0956014964	0.0912622638	-0.0073729776	0.0206105814	0.1564424192	-0.0447548342	-0.1619511727	0.0238362979	-0.0553440254	-0.1017961944	0.009813174	-0.0224331945	0.0484880994	0.0649560151	0.0040628113	-0.0118378014	0.0464272255	-0.041700949	-0.0741411618	-0.0260425603	0.1066800145	-0.0410671	0.0009161999999999	8.394224399999981e-07	0.00168650670241	0.118506	0.0988129	0.014043672036	0.00976398920641	-0.0861173999999999	0.0305916	0.00093584599056	0.0074162065827599	0.00201214	-0.0005815799999999	3.382352964e-07	4.0487073796e-06	0.00148645	0.0	2.2095336025e-06	0.0	-0.000494404	0.0	0.0	2.4443531521600005e-07	0.0	0.0	0.0	0.0	0.0
549.5837947767072	0.7859288710776582	0.6176841903934023	302042.34748116584	784.9699089857623	-1.9082252179726995	3.641323482506956	616177.758013116	516.2310001325574	-0.087572012853343	266494.44549786043	0.007668857435186	528.0330354273615	510.5324771251322	1.191955	50.65802	0.0741373	0.042349	0.0253625964	-0.1184066268	-0.056093237	0.0294672833	0.004207909	0.1899441057	-0.0524648961	-0.0565862761	-0.0465352215	-0.1031523323	0.0762961074	-0.0682949845	0.1026089879	0.002473766	-0.0521619736	-0.0311738871	-0.1299106513	0.0988158228	0.0943974537	-0.0559102846	0.0401855625	-0.1961199802	-0.0447615887	0.0366783439	-0.0342047308	0.0117585889	-0.0283477109	0.0666058401	-0.0054711472	0.0854354227	-0.0039352657	0.0536159302	0.0847614848	-0.1267659543	0.0048534309	0.0714115386	-0.119327825	0.1419006724	-0.1857206241	-0.0418582933	-0.0354079561	0.1086456929	-0.0649856087	-0.189745331	0.093622315	-0.1070296049	-0.1941603038	0.0537438802	0.0927692659	0.030354108	-0.0175901094	0.0518786227	-0.1032803606	-0.0806188427	0.0373670294	0.0761284977	-0.0152670176	-0.0228084781	0.0472741255	-0.0698414859	0.1645933143	0.1500064782	0.0612871378	-0.045053076	0.0612894279	-0.0077124747	0.1080437132	0.02297452	0.0601824139	-0.118938326	0.0760810002	-0.1526752446	0.0806448448	-0.0281213232	0.0405172959	-0.14804292	0.0138727682	0.1486964721	0.0316271532	-0.0450788758	-0.0227056604	0.1390307354	0.0140806959	0.0604960687	-0.0003132901	0.1287057662	-0.002302482	-0.0279600529	-0.1156106413	0.1237087836	-0.0346176491	0.0653258111	0.0032344561	0.0500827467	-0.1126802724	-0.0020187693	0.0408820515	0.0235279254	-0.0284386476	-0.0313537837	0.0756825319	0.0331212817	-0.0741481141	-0.0080068864	0.0009870104	-0.1260594991	-0.0833735765	0.0369501352	-0.0181688638	-0.1174698212	-0.0496518486	0.1296964462	0.0415539575	-0.0866389374	0.0425427191	0.0632239369	-0.0356256337	0.0187358726	0.0995484992	-0.1380999892	0.0004778462	-0.0040453094	-0.0381166538	0.0979906127	-0.0312287802	0.0620736056	-0.0674965253	0.1564844575	-0.0733482025	0.0424324893	-0.0909846311	0.0937779867	0.1129089683	-0.0052780503	-0.127031035	-0.1533083539	-0.1043994256	0.0161170408	0.1465863496	0.0498276051	-0.0129073487	0.0401487724	0.0099873378	-0.0032292606	-0.0078218112	-0.0819188197	0.2017546649	-0.1375538525	-0.048918422	-0.1385348671	-0.0450372874	0.0110282956	-0.0507820315	-0.0857668041	-0.026969548	-0.0838979774	-0.0781240051	-0.0256976972	-0.1092004381	0.0240982191	-0.0472084647	-0.0945764537	-0.008576726	-0.0403489394	-0.0142366755	0.0017872938	0.0537815028	0.0809946719	-0.0144682803	-0.0552201955	-0.0325315988	0.1234308647	-0.0752109864	-0.0035981706	-0.1079692815	0.1489492318	-0.0435262488	0.0036876826	0.0873059176	-0.0428744893	0.065975968	0.0667766299	0.0623081391	-0.0211131829	0.022439415	0.0917260456	0.1465902746	-0.1003222723	-0.1097384734	-0.1041881804	0.0209971844	-0.1668726938	-0.0687200013	0.0211109828	-0.0790842923	-0.0262044286	-0.1507388334	-0.0442886935	-0.0482547952	0.0239215134	-0.0761730556	-0.0208954884	0.1029964092	-0.0400582	0.0010089	1.0178792100000002e-06	0.00160465938724	0.0834001999999999	-0.0351058000000001	0.0069555933600399	0.00123241719364	-0.10354	-0.0174226	0.00030354699076	0.0107205315999999	0.00228507	0.00027293	7.449078490000014e-08	5.221544904900001e-06	0.00157092	8.44699999999999e-05	2.4677896464e-06	7.135180899999983e-09	-0.000549004	-5.459999999999992e-05	2.981159999999991e-09	3.01405392016e-07	0.0	0.0	0.0	0.0	0.0
550.9429376248269	1.3591428481196317	1.847269281594744	303538.12051867385	786.7339474693079	1.7640384835455052	3.1118317714295256	618950.3041006397	516.4837525724749	0.2527524399175718	266755.4666713455	0.0638837958842857	528.0970857457895	524.6931328064776	1.13019	48.033005	0.0698685999999999	0.0390752	-0.0401946622	-0.1006344681	0.0246501621	0.0711692919	0.0295610015	0.0324056341	-0.0212791126	-0.1385259412	-0.1569869482	0.0170149391	0.000424734	0.01824478	0.1172353374	0.0320173546	-0.1760799087	-0.0255792745	0.0531415768	0.0569858175	0.1402518763	0.069379168	-0.0703635703	-0.0847189136	0.1657709999	0.0013944868	-0.0267862467	0.022487161	0.1188275082	-0.0687769228	0.0214836721	-0.0316666849	0.139267423	-0.0772380848	0.0070672571	0.0325566418	-0.0183363182	0.0041782739	-0.0378414958	-0.0360015393	-0.0390198821	0.0117086084	-0.1030296095	0.0704226127	-0.0370007602	0.0038739163	-0.0360545124	-0.0361516436	-0.0762617572	0.2478895556	0.1030417234	-0.0356681082	-0.0191916301	0.0644818572	-0.0962095623	-0.0699106247	-0.0342718283	-0.0366024752	0.0165644489	0.1279304618	-0.0717417887	-0.063806137	-0.0116718385	-0.0687670114	-0.0407551617	-0.0549607477	-0.1035512295	0.0248296506	-0.0605412394	-0.0589033238	0.0865984428	-0.0343339843	0.0385344503	0.1003751965	0.0774239691	0.0071390513	-0.0533245024	0.0272066311	0.0035275613	-0.1583901006	-0.0492583977	0.033835008	-0.0512297268	0.0976485029	-0.0149983193	-0.0532459069	-0.0185284595	0.2170997484	-0.021965431	0.0248448777	-0.0113092848	0.0207448743	0.002528974	0.033413168	0.161925947	-0.0429810725	0.0544342273	0.0345207562	-0.1570660645	0.2232464751	0.0740867027	0.1766552451	0.0741122649	0.1192929739	-0.0730714126	0.0715019018	0.1236158949	0.027078543	-0.030187537	0.0449693513	0.0425664768	-0.1512009934	-0.0534010935	0.024566232	0.0813219437	-0.0307875712	0.1009792889	0.0786871204	0.0284410134	0.0012560669	0.073364352	-0.0023955222	0.0905945645	-0.0674354213	-0.0432945919	-0.1562247551	-0.1975077345	0.0241028793	0.049661775	-0.0467492133	0.084949411	-0.0206809788	-0.002922038	-0.0964827938	0.0470454481	0.0494305593	-0.0246282082	-0.0251419261	-0.0483030319	0.0163975635	-0.1052954169	-0.1182479028	-0.0989046598	-0.0205025994	0.0165883414	0.0130944244	-0.1051794955	0.0304326205	0.0357839856	0.0231104723	0.0105573802	0.047147648	-0.1086239685	0.0208631759	-0.1195382961	-0.0423831948	0.1014507045	-0.0628034797	0.121409772	0.0810019825	-0.1030421511	-0.0608616835	0.0458957399	-0.0968201871	0.1002494437	-0.1570278245	0.1244914404	-0.242414889	0.0061110145	-0.1466316427	0.1714904918	0.0309284235	0.0163546229	0.1672567652	-0.0378189948	-0.0243837771	-0.1252496814	-0.0373143322	0.0590369538	0.0201892228	0.0399401202	-0.0809634131	-0.0238368047	0.0415900579	0.0974572584	-0.0606141444	0.0451090549	0.0462247923	-0.0627685158	-0.0118918154	-0.0752248848	0.1066386872	-0.0235472441	-0.143751437	0.0131502247	-0.2389869906	0.0524295694	0.0624997749	0.007990444	0.077645873	-0.0337471829	-0.0713112893	-0.0781676667	-0.0157075127	0.0988592507	-0.046205	-0.0061468	3.7783150240000014e-05	0.002134902025	0.0943772	0.010977	0.0089070558798399	0.000120494529	-0.0861303	0.0174096999999999	0.0003030976540899	0.00741842857809	0.0016923	-0.00059277	3.513762729000001e-07	2.8638792900000003e-06	0.00148645	-8.44699999999999e-05	2.2095336025e-06	7.135180899999983e-09	-0.000578466	-2.9462000000000065e-05	8.680094440000038e-10	3.34622913156e-07	0.0	0.0	0.0	0.0	0.0
551.0828268876412	0.1398892628143357	0.0195690058507383	303692.2820904739	783.760168956432	-2.9737785128758105	8.843358643641867	614280.0024426149	517.3310528266446	0.8473002541696815	267631.41821872455	0.7179177207160068	528.8538633186997	500.2164152712015	1.241855	52.778774	0.0745424999999999	0.0466182	-0.020887404	-0.0307142816	0.1013074979	0.0706550941	0.1134828412	0.1799544906	0.017936289	-0.1686714279	-0.0369439364	-0.0010348197	0.1395897617	0.0552201661	0.0303195135	-0.0684297007	-0.1553348291	0.0506580825	-0.1347705651	-0.0199002081	-0.0559511757	-0.345296679	0.03772114	-0.0612307331	-0.0163099445	0.1433711016	-0.1285046958	0.0304807248	0.0686198981	-0.0412587575	-0.1803885906	0.0179815768	0.0029735047	0.0643701552	-0.004451652	-0.1050669379	0.1306135767	0.1629779388	-0.1074487795	0.108477043	-0.0231413684	0.0461201359	-0.0409313446	0.0223767899	-0.2294282126	0.0511268731	0.2072979316	-0.0260528304	0.0459639796	-0.1110020264	-0.0956445041	-0.0733235865	0.0239916568	0.107087289	-0.0912152596	-0.0300515126	0.0008129557	0.0881302752	-0.0627402691	0.0240325091	-0.0860871675	0.0134523002	0.1317427996	0.043180068	-0.0131069057	-0.0560389017	0.0818473279	0.0027360977	-0.1943086736	-0.0431011145	-0.0190388285	-0.1408039773	0.1264921335	-0.0336519696	0.1189112007	0.0004772976	0.0435168365	0.1123610495	0.026981378	0.0098655616	-0.0775199824	0.0523372426	0.0263498884	-0.0515090543	0.0510590399	0.1720219928	-0.0782383737	0.0618632225	0.0240983677	0.0672790948	0.1078233299	-0.1375143491	0.1093527045	-0.0562039793	-0.1893177294	-0.1650064681	-0.1299139385	0.1405791059	-0.0316879678	0.087237534	-0.1451064936	-0.0089441144	-0.1651617421	-0.0249226784	-0.11671178	-0.0013072463	0.0354004539	0.0071651384	0.1221883971	0.0837655612	-0.068002994	0.002399693	0.0501627793	-0.0583875158	-0.0579528418	0.0964992795	0.0841515121	0.1158142085	0.1121181716	-0.0355433864	0.0976761443	-0.0941426323	0.1247596427	0.0088111992	0.120555245	0.0613542175	-0.0449772535	0.1320235694	-0.010849314	0.0455121425	-0.0953419071	-0.0652946533	0.0705913233	0.0370902011	0.1740562355	0.1401491712	-0.1025485119	-0.0801989091	0.0656772513	-0.0808761856	-0.0637021258	-0.0339552101	0.0720257091	-0.0342740444	0.0135387794	0.0792748292	0.0207625827	-0.0386945281	0.0542832132	0.0502729864	0.2129291598	0.077666586	0.1329473128	-0.2691524778	-0.1046911139	0.238600176	-0.0287618356	0.0997822531	0.0207736572	-0.058867982	-0.0593895789	-0.0250038786	0.0258683116	-0.181824502	-0.0562660063	0.1127444591	-0.0302482212	-0.0410933625	0.0192248812	0.0057462918	0.0091953782	-0.0320356844	-0.1529048134	-0.0082239385	0.1158895706	0.0386504564	0.0099460462	-0.0056289836	-0.0483623846	0.0595285339	-0.1313435794	-0.0779442447	0.0829871463	0.0066847955	0.0646057784	-0.0083405551	0.044103331	0.0720692869	-0.0193320824	-0.0449486131	0.0447192853	0.0576863019	-0.0978084017	-0.1477388166	-0.0789963789	0.1481836092	0.0291927239	0.0940576574	-0.1427345117	-0.0026871069	0.017811449	-0.0316964246	-0.080124019	-0.0104887887	0.0942867573	-0.0403207	0.0058843	3.4624986490000025e-05	0.00162575884849	0.0557989	-0.0385782999999999	0.00311351724121	0.0014882852308899	-0.0861581	-2.7799999999994496e-05	7.728399999996938e-10	0.00742321819561	0.00220928	0.00051698	2.672683204e-07	4.8809181184e-06	0.00148645	0.0	2.2095336025e-06	0.0	-0.000494404	8.406199999999998e-05	7.0664198439999975e-09	2.4443531521600005e-07	0.0	0.0	0.0	0.0	0.0
552.2024455693778	1.119618681736597	1.2535459924935952	304927.54089280165	788.3970927223073	4.636923765875281	21.501062010539	621569.9758129865	517.5194516242609	0.188398797616287	267826.3828094757	0.0354941069432627	529.1193901759373	518.4858384698387	1.223877	52.014702	0.0608141	0.0405082	-0.018849402	0.1138296663	0.0251978116	0.0504947094	0.0894503631	0.1406568317	0.0178997326	-0.0630521775	-0.2062740574	-0.1543027338	-0.1009979613	-0.0258923178	-0.1196030338	-0.1204664253	-0.1817163023	-0.1095028213	0.0466677311	-0.0016333612	0.0509478405	0.0031694771	-0.1047443265	0.018432776	-0.0417865965	-0.0750316519	-0.1478746869	0.0561789011	-0.0467874916	-0.0909081394	0.15649904	-0.2047933904	-0.0446088608	0.0148228855	-0.1169545505	-0.2028950912	-0.1163831794	0.0011926531	-0.0815614146	-0.0797067131	0.0275155886	-0.0355948268	-0.0834698849	0.0867686692	-0.0756424876	0.0335407906	-0.1171134847	0.0363505495	-0.0236250197	0.0464309862	-0.1135935152	0.1077698026	-0.0819769167	0.1695089937	-0.0430694246	0.1082238292	-0.0910599895	0.0234043552	-0.0233606341	0.0768488337	0.0714020309	-0.0737250692	0.1083600812	0.0506178242	0.045114244	0.000507249	-0.1058071922	-0.0218288427	-0.0062095061	-0.0547509274	-0.0220012404	-0.1617967711	-0.0901268427	0.0428536714	-0.0894377173	0.1168146028	-0.1677145196	0.1090559682	0.0708669516	-0.1250010554	0.0763857742	0.0785423898	0.0333834671	0.0398933306	-0.0050007083	0.0495159306	0.052656324	0.077050698	-0.0436777397	-0.0089552119	0.1613044098	0.0050920476	0.1046872834	-0.1282834671	-0.049504829	0.0558266121	-0.0121226903	-0.1078227019	-0.0289146593	0.0438989419	-0.0550928387	-0.1638333278	-0.0124221135	-0.0413890323	0.2393239042	-0.1121745997	0.0156403262	0.0898082663	-0.0440780152	-0.0771481698	-0.0617014565	-0.0216503882	0.0939557677	0.0642540567	-0.1830748242	0.0001015147	0.2107431562	-0.0655250538	0.110089414	-0.028281155	0.007438846	0.00683309	-0.0249354277	-0.0792291988	-0.0155729759	-0.0028485326	-0.0679634907	0.0519222789	0.004739692	0.1924536148	0.062644008	-0.0071958425	-0.0551294499	-0.0502265627	0.0270723708	-0.0147444293	0.1161195271	0.0171153773	0.0502647583	-0.13283778	-0.1407138368	-0.0449971619	-0.1694083756	-0.0945419682	0.0368695031	0.0283514984	-0.1216574167	-0.0213313622	0.0559748095	-0.0304272726	0.0610465145	0.0411412025	0.0895021858	0.0353102003	-0.1202124706	0.010459811	-0.0959582088	0.0719861421	0.0217773807	-0.0245148126	0.1575660691	0.1456343984	0.0160988194	0.1019545931	0.0408736584	0.0560121517	-0.0271411161	0.2444242648	-0.0401536001	-0.1570030733	-0.0160926097	0.0610706017	0.1827179626	-0.0282496362	0.0288468651	0.0513730363	0.0398590012	0.0766283229	-0.0196788435	0.0942321383	-0.0357934753	0.1075571744	-0.0833583541	-0.067023775	0.0168287706	0.1498772714	0.0544652618	0.0249439128	-0.1748007534	-0.1326295181	-0.022102236	0.0367540075	0.0527695572	-0.0236592544	0.0415288366	-0.166583466	-0.0632856806	0.0775006644	-0.0585740096	-0.0086616027	-0.1138006146	-0.1516305488	-0.0820411548	-0.0052495325	0.0892990645	-0.0462097	-0.0058889999999999	3.4680320999999985e-05	0.00213533637409	0.0942129	0.038414	0.00887607052641	0.001475635396	-0.0861505	7.599999999996498e-06	5.775999999994678e-11	0.00742190865025	0.00197885	-0.00023043	5.30979849000001e-08	3.9158473225e-06	0.00138681	-9.964000000000002e-05	1.9232419761e-06	9.928129600000005e-09	-0.000494404	0.0	0.0	2.4443531521600005e-07	0.0	0.0	0.0	0.0	0.0
551.7295899718553	-0.472855597522539	0.2235924161083974	304405.5404505116	783.6324958095843	-4.76459691272305	22.70138374073002	614079.8884887581	517.5421119454071	0.0226603211461906	267849.8376369123	0.0005134901544484	529.1155082776644	539.5744661534075	1.349138	57.338264	0.0811091	0.048116	-0.0108748598	-0.0025406432	-0.1664358858	0.0710083526	-0.0440911269	-0.0614968732	0.0639865106	-0.0912353133	0.1336014743	0.0112569994	-0.0743522902	-0.1085217406	0.0701415123	0.0985733979	0.0243649964	-0.0453144024	-0.02202034	-0.1487975025	0.055932518	-0.0581017512	-0.0853874542	0.2062910248	-0.0624673693	0.0963233925	-0.0059373419	-0.0130744295	0.0730272048	0.1863145239	0.1164049065	-0.1193471526	-0.0823857254	0.1305454681	0.0581559823	0.1095102763	-0.0206679634	-0.01902741	0.0695718656	-0.1779639976	0.0347623081	-0.0646941309	0.1589046788	0.0066819078	-0.1243733884	0.0181491751	0.0428518313	0.0248912292	-0.1845607421	-0.0339731817	0.0493648532	0.0685197795	0.010777667	0.071560626	0.0735733371	0.0908182138	0.0306255474	0.0485303149	0.0886200212	-0.0024043375	0.0679243809	-0.0489799503	0.0367609354	-0.0274150278	-0.0079175985	-0.0981385569	0.1357466582	0.0050806341	-0.072185926	-0.0911018185	0.0399755372	-0.0383171577	-0.0654053479	0.1577400766	0.0625611151	-0.0651070571	-0.1701458004	0.0611736592	-0.2099216758	0.0595139475	-0.0353262259	-0.0206250436	-0.0606655298	-0.1363056322	-0.0276673842	-0.1174301298	-0.016076828	0.0584149508	-0.0737868313	-0.0317909325	-0.021175683	0.1304423522	0.0737111286	-0.0853159919	-0.0178409232	-0.1325182375	-0.0498459803	-0.0247701281	-0.1116288735	-0.1327239362	-0.1246576586	-0.0520763755	-0.042268791	-0.006548255	0.0642725929	0.1859018845	-0.0046480551	0.0358628637	0.0140979907	-0.0640735782	0.1228852054	-0.05543687	-0.0394699998	0.034282625	-0.0106249655	-0.0903745032	0.0186989621	0.0277856498	0.0962061843	-0.0625017262	-0.100498074	-0.016386797	-0.0919621551	0.033391378	-0.0165934725	-0.0545347627	-0.0249950778	0.0859738699	0.0385840091	-0.0223278328	-0.1767631434	-0.0585607872	-0.1089821943	0.0205137622	0.076001262	0.1919766745	0.0361652183	0.1379750321	0.0686219929	0.0633049001	-0.2117208793	0.1430629931	0.0128293843	-0.0316429792	-0.1446620844	-0.0761135872	0.0294843182	0.0347361933	0.0400116942	0.0608620113	-0.1110140968	0.0461475014	0.1111787568	0.0107348314	0.0090063598	0.0094341972	-0.1190448505	-0.0062774808	0.0100642804	0.0768071008	-0.1382113147	0.0484328123	0.1009722742	0.0175504356	-0.0772182824	0.0850671262	-0.0093353856	0.0532513417	-0.0093775175	0.0644717811	0.2136299049	-0.0310006922	0.009236542	-0.0446029699	-0.1113949903	0.0215333858	0.0146422884	0.016305946	0.0551775092	0.063691004	0.0651812295	0.0364805868	0.096280814	0.0590394634	-0.0593685617	0.1589178673	0.0318647127	0.0277395145	0.0085193349	0.0413010893	0.0804550446	0.0214840971	0.0203671289	-0.0866228736	0.0303526051	0.1020207553	0.0355544614	0.2413982233	0.1168986381	-0.1364200498	-0.1079718422	-0.0894718415	-0.0839181358	-0.0	0.0839181358	-0.0403292	0.0058804999999999	3.458028024999996e-05	0.00162644437264	0.118168	0.0239550999999999	0.0139636762239999	0.0005738468160099	-0.125335	-0.0391845	0.0015354250402499	0.015708862225	0.00212099	0.00014214	2.0203779600000066e-08	4.498598580100001e-06	0.00148645	9.964000000000002e-05	2.2095336025e-06	9.928129600000005e-09	-0.000494404	0.0	0.0	2.4443531521600005e-07	0.0	0.0	0.0	0.0	0.0
550.2728519210066	-1.456738050848685	2.122085748790426	302800.21156127803	782.6728127281168	-0.9596830814674604	0.9209916168548802	612576.7317837419	517.4715538482952	-0.0705580971118706	267776.8090421692	0.0049784450680481	529.0600803875448	503.46763345775327	1.487309	63.210526	0.1054870499999999	0.0596123	0.0169943943	-0.1198978391	0.0303780271	0.0234776066	0.0470463204	0.0274246067	-0.0610758093	0.1742738566	-0.230468101	-0.034586493	-0.086507154	0.00798388	0.0491472291	-0.0227362684	0.0326863562	-0.001972787	0.1495030737	-0.0636646988	0.0641461713	-0.1254951009	-0.0433461568	0.0200550934	-0.1465604758	0.0012902217	-0.1374950139	0.1135715209	-0.1481525048	-0.0872333346	0.1723297044	0.0212861967	0.2170973561	-0.1885620948	0.012477269	-0.0053197264	-0.0049716434	0.0267812764	0.0065656399	0.0308647704	-0.0232147875	-0.0913815207	0.0294108088	-0.0257137997	-0.1280602924	0.0193232458	-0.1234293494	0.0138926944	0.0032361914	-0.0988932351	0.0698564859	-0.0337496039	-0.0354703946	0.116275281	0.2370375012	0.0211907812	-0.1241178182	-0.0377132673	0.0901609558	-0.0505256782	0.0904341664	0.0188875623	0.032738902	0.0229529837	-0.1435377825	-0.0133340818	-0.0921330198	-0.0319193968	-0.0500219605	0.0899846941	-0.1443875007	0.02699656	0.0393464536	0.1037510563	0.0140339143	0.0721043035	0.0125614177	0.1301374854	0.0485761518	-0.0391519297	-0.0609370548	0.1856738761	0.0817335888	-0.0821951756	0.1311396435	0.0710228298	-0.1104157428	0.0133570138	0.0167515465	-0.0661752482	-0.0533449044	-0.0996821937	-0.0209117884	0.1293484742	0.111420629	-0.0231281766	-0.0313769244	0.0059973211	-0.0707934095	-0.0973312192	0.0262626163	-0.0347661682	-0.0610237323	0.0619241676	-0.0491660039	-0.0893358989	0.0082846925	0.0106599662	-0.0040133496	0.1889129824	-0.0849479841	-0.0790365875	-0.0818456051	0.0550412999	0.0683582032	-0.0386663618	0.0707075204	-0.0982048265	0.0720067936	0.0901222799	-0.2018765285	0.0302766529	-0.1106516973	0.0131473429	0.0094006924	0.0513287899	0.0187173257	0.1578500738	0.084033421	-0.0405855327	0.0801392933	-0.042582399	0.1703237677	0.0203404151	-0.0311242497	-0.0248058422	0.0425809609	-0.0539812956	0.0459650817	-0.0956752294	-0.1929316386	-0.1241470572	0.098401167	-0.0435788926	0.1447194654	-0.0138947359	-0.1052014135	-0.0937822154	-0.0214130695	0.067513419	0.1171884667	-0.0704281745	-0.0869675732	-0.0001861943	0.1596632056	0.0445079527	-0.0717036312	-0.0718485795	-0.0413326078	0.1016856043	-0.0303464902	-0.0166596142	0.0592738108	-0.0324492922	-0.0456359572	0.1267182029	-0.000435808	-0.0705757508	0.0882286887	-0.0273791822	-0.1107961647	0.0351081861	-0.0282563787	0.2451892859	0.0152082319	0.0775523269	-0.0251859206	0.0483061746	-0.0164190916	0.077027158	0.1418812568	-0.0643950794	-0.0691083192	0.0240901639	0.0469153084	0.0468178644	-0.0255562928	0.0376888064	-0.2017199376	-0.1185040211	-0.129531246	0.0726000912	0.0539361349	0.1150446026	-0.0591271345	-0.0479300048	-0.187210432	-0.013254531	-0.0763092149	-0.0686144341	0.0605072389	-0.0712898373	-0.0857540434	0.0052495325	0.0781676667	-0.046206	-0.0058767999999999	3.453677823999993e-05	0.002134994436	0.0765100999999999	-0.0416579	0.0058537954020099	0.00173538063241	-0.0830119	0.0423231	0.00179124479361	0.00689097554161	0.00237586	0.0002548699999999	6.495871689999996e-08	5.6447107396000005e-06	0.00148645	0.0	2.2095336025e-06	0.0	-0.000552119	-5.771499999999996e-05	3.3310212249999954e-09	3.048353901610001e-07	0.0	0.0	0.0	0.0	0.0
549.2157468095621	-1.0571051114444572	1.1174712166419982	301637.93654358503	780.4838773454879	-2.1889353826288698	4.791438109324597	609155.0827962466	516.8047639020117	-0.6667899462835294	267087.1639918141	0.444608832464792	528.4836636323738	537.4331893222832	1.396576	59.354378	0.10434825	0.0608638	-0.08870882	-0.0361011473	0.012140484	0.0153031605	-0.1017764013	-0.1216442528	-0.1215875837	-0.0732137709	0.1019779523	0.0259288608	0.0473631773	0.0656496525	0.0822240166	0.0026034764	0.1541334863	-0.020724124	-0.0336275957	-0.0963160469	0.0018568129	-0.1892225027	0.0349292451	0.1280669601	-0.2486899646	-0.0922926455	0.1707666524	0.0755927249	0.1167456751	-0.0303282737	-0.0602453752	0.038382299	0.1356528853	0.0750911826	-0.0311111183	-0.067423216	-0.3431867093	0.0186943172	-0.045606301	-0.0927620087	-0.0698845124	0.0525041784	0.107317949	0.0252505631	0.073073861	0.0950526396	0.0381358067	0.1428246394	0.0362564684	0.0718252191	0.0510589669	-0.1197856597	0.0655277275	0.0242972049	0.124706982	0.0051181219	0.0547671652	0.0422004614	0.1743263825	0.0521881796	0.052695123	-0.077771485	-0.1901379301	-0.0487786246	-0.1222024061	-0.0965022724	0.0644059751	0.1571775206	-0.0825531559	-0.0235666791	-0.0779140463	0.0960228916	-0.1009205559	-0.049549434	0.0477823602	-0.1621364821	-0.0325794342	-0.1203567553	0.0196328062	-0.0720741552	0.0270639573	-0.0007690609	-0.1479302766	0.0942176355	0.0148010104	0.0107511365	-0.0584650687	-0.0278331371	-0.1567298839	0.1605810928	0.0247626721	-0.0234014728	-0.0322828618	-0.024799049	0.0249501453	-0.0405613916	0.008523828	0.0931927483	-0.1144651508	-0.0733859472	-0.0971686145	-0.0459831894	0.0616704064	0.1186612514	-0.0816700823	0.0865172837	-0.1915399067	0.0703858855	0.0241869643	-0.0354507751	0.0214203521	0.0401657646	-0.0650922565	0.042610087	0.1278792953	0.0499696666	-0.0718125124	0.0152237112	0.0597424809	0.0224608257	-0.1423935784	-0.05937332	-0.1055727469	0.0135721326	-0.0156436809	-0.189487223	-0.021780961	0.0630451728	-0.0043134363	-0.1356633555	-0.1105976293	-0.1584401383	-0.0319272683	0.0723120007	-0.0738122763	-0.0170247377	0.0131790658	0.1232360366	0.1318696542	0.1648048	0.0678279062	-0.0177186249	-0.0468008334	0.0393682553	0.1088922729	-0.0477005405	0.0216344758	-0.175376326	0.0273502966	-0.0677832934	0.0021744412	0.2135782739	-0.1243199822	0.0815020999	-0.0621409225	0.0527430989	0.0231778805	-0.0940957118	-0.0012507961	0.0186835097	0.0378034382	0.0387738968	0.0455906068	-0.1022484476	-0.1452667378	0.018916113	0.155401577	-0.0656798893	0.0368306393	0.1428521819	0.0942219373	0.037348373	0.0750920632	-0.062043316	-0.0216998109	-0.0064185627	0.0409509496	-0.0261070024	0.1218101235	0.0518552106	-0.0250031014	-0.0694598035	-0.0366661086	0.0970597546	0.0430095408	0.0657219324	0.0031349375	-0.059511992	0.0547822444	0.0780764989	0.0370594743	-0.1763625109	-0.0611883182	-0.0373758622	0.0413191043	-0.0292489548	-0.0507298871	0.1789951539	0.1421682168	-0.201864555	-0.0266342816	-0.1253745705	-0.087547979	0.0104887887	0.0720729799	-0.0415295	0.0046765	2.186965225e-05	0.0017246993702499	0.130442	0.0539319000000001	0.017015115364	0.00290864983761	-0.107868	-0.0248561	0.00061782570721	0.011635505424	0.0020159	-0.0003599599999999	1.2957120159999992e-07	4.063852810000001e-06	0.00148645	0.0	2.2095336025e-06	0.0	-0.000494404	5.771499999999996e-05	3.3310212249999954e-09	2.4443531521600005e-07	0.0	0.0	0.0	0.0	0.0
549.598083216547	0.3823364069849049	0.1461811281061268	302058.05307530257	787.1870611542303	6.703183808742324	44.93267317378525	619663.4692486338	517.0270059793388	0.2222420773271096	267316.9249119593	0.0493915409346689	528.7866362633646	502.93711618704725	1.409667	59.91074	0.1165346	0.0733787999999999	-0.0251569443	0.0929525084	0.1156927642	0.03162229	0.113845507	0.0479851534	-0.0661697936	0.0991055657	-0.0978588093	-0.0490109333	-0.1297003256	0.116662408	-0.1270698126	-0.0300591651	-0.0057353579	0.0944055122	-0.02963298	-0.0489185562	0.0394365322	0.0455087595	0.0191698579	0.0677567792	-0.1176554613	0.0823205436	-0.0503371701	0.0147921997	-0.11572862	0.0926528779	0.0550524793	0.0029484831	0.2266370896	-0.056381615	0.167378741	-0.01295511	0.0624047554	0.0080161969	0.1099228216	0.0395475895	0.116376437	0.1564012353	0.132314478	-0.0664436179	0.0638152296	0.012003315	0.085909088	0.0681260458	-0.0143680646	0.0123969888	-0.128264857	-0.0573310572	0.0309332591	0.0941349244	0.0073245644	-0.0201856182	-0.0857227265	-0.0450003888	0.0867968118	-0.0451429847	0.0485896254	-0.0627034394	0.1149614326	0.0268760135	-0.0070275314	-0.0155314453	0.1168862616	0.0414375576	0.0163138485	0.041888222	-0.2486500373	-0.0167804841	0.0007686886	-0.197224596	0.093094402	-0.0647448895	-0.0061972071	-0.0693737891	-0.0799312444	0.0526458906	0.1201484285	0.0928613665	-0.0095613357	-0.0800264478	-0.1765968028	0.0760843771	-0.0397986584	0.0012306015	-0.0623288319	0.0099325545	-0.0870470684	-0.0699143488	-0.0003560645	-0.1221722843	0.0023933198	0.0564179517	0.1862157538	-0.1453616526	0.0290032438	-0.126759295	0.0064695356	0.1282637239	0.0356000454	0.0347133263	0.006040227	-0.1208086968	-0.0423478688	0.0137776558	0.0447515891	0.0427670079	-0.0692235135	0.0519752575	-0.0285223971	0.0176545184	-0.0796055101	0.1317115453	0.0256643837	-0.0574259277	0.0560103239	0.1240073723	0.0090640687	0.0179591362	-0.0800801057	0.0263016124	-0.05693548	0.0666314286	-0.0458027795	0.035298559	0.0193000451	0.0354974484	-0.1101138459	-0.0480583021	0.094162724	0.3049825086	-0.0350753831	-0.0728200619	-0.1311786129	0.0280152043	0.0912232722	0.1015837114	0.0041503957	0.1048105866	-0.0144429933	-0.1155989128	-0.0011898	-0.0428520761	0.0744117165	-0.0094558849	0.1143545406	0.0085435442	0.0875843974	-0.0411487835	-0.0311441386	0.1162861858	0.0568350942	-0.0238448645	-0.1406194371	-0.0003109637	0.1108584621	-0.0708458402	0.1556123739	-0.1202666945	0.0588908728	0.0990849108	0.0086076684	-0.1239779761	-0.0121388827	-0.0690295867	-0.0187045399	0.0381478605	-0.0498068515	0.1301497686	-0.0243374668	0.0008580586	-0.0098601819	0.0700716828	0.0127735605	0.0398238952	-0.0463143552	0.1218103385	-0.1061519243	0.0173147422	-0.0558878851	-0.0167128497	0.1229082664	-0.0202487833	-0.0285904539	0.0149601325	-0.085351359	-0.0104463153	-0.0116339254	0.0340094398	0.0247483198	0.0118172589	-0.2427096408	-0.0154770219	-0.0523092563	0.0690045354	-0.0582347724	-0.0567875667	0.0274096764	-0.0078511574	-0.0892990645	0.0157075127	0.0656609137	-0.0462013	-0.0046718	2.1825715240000038e-05	0.00213456012169	0.0626364	-0.0678056	0.0039233186049599	0.00459759939136	-0.0893677999999999	0.0185002000000001	0.00034225740004	0.0079866036768399	0.00252704	0.0005111399999999	2.6126409959999975e-07	6.3859311616e-06	0.00148645	0.0	2.2095336025e-06	0.0	-0.000494404	0.0	0.0	2.4443531521600005e-07	0.0	0.0	0.0	0.0	0.0
549.7496331044863	0.151549887939268	0.0229673685344047	302224.65909851727	783.7958616287036	-3.3911995255266447	11.50023422193214	614335.9527062819	516.3263046449525	-0.7007013343862809	266592.8528683124	0.4909823600107146	528.1014140122101	529.9566878477671	1.370841	58.260654	0.0968063	0.0652828	-0.0202640281	0.0793899158	-0.1063697546	-0.0857299699	-0.0405582974	-0.0329149056	-0.1642770171	-0.0894317263	0.0392120358	0.0018524261	0.1523557123	-0.061889632	-0.0817772201	0.0316724604	0.1514708607	-0.0286481306	0.1084126153	0.0441316572	-0.0124636457	-0.0770951765	-0.0044940533	0.0037565751	-0.0746693569	0.1426183044	0.0035501685	0.0316613001	-0.1284773962	0.0835856993	-0.0578562088	0.0807871436	-0.0243865993	0.0305674981	0.0581571279	-0.019013409	-0.1268417869	0.0017277659	-0.0684049734	-0.0828262489	-0.1031474668	-0.0115559218	0.1034365081	0.2333016451	-0.0052586871	-0.0751876546	-0.0751651199	-0.0293323682	-0.0950414253	-0.1454418534	-0.0038064493	0.0358168358	0.1458569802	-0.0361154121	0.0300780118	-0.0809106297	-0.0713726956	0.0866444363	0.0781616515	-0.0611145839	-0.0946253258	-0.0046495809	-0.0251792678	-0.0003220444	0.0615536796	0.0285884121	0.1742312108	-0.017023293	-0.0008392954	-0.0076876213	0.0710574165	0.0029516786	-0.0096023563	0.0658854231	0.0193683068	-0.0944907496	-0.0286117553	-0.1094410892	0.006351583	-0.1738707652	-0.0586196455	0.1933373169	-0.0143720701	0.0852643126	-0.1711497375	-0.0166186049	0.05753385	-0.0150014954	0.1062212241	0.0289783047	-0.1202434634	-0.0178953644	-0.0977440745	0.0381117232	-0.1434993297	0.0654504877	-0.0062835031	0.0892550053	0.0096080531	-0.0291311848	-0.0193224542	0.0490822797	-0.0032129198	0.1300972339	0.0516580864	-0.0770436715	0.0970468438	0.0436618682	0.1894595642	-0.124308742	-0.0504228586	-0.1793932055	0.0633328854	-0.0210310644	-0.0290954895	-0.0391836159	-0.1631135058	-0.0801919657	0.0344793737	0.0572193339	0.0432894233	-0.0624019603	-0.0126182319	0.0970923555	0.0761620682	-0.0718269353	0.004437318	-0.123821846	0.0343959402	0.0169012544	-0.1229357516	0.0549851757	-0.0421940057	0.0155991804	0.0973662571	0.0683359894	-0.0620744114	0.0469497218	0.0299694274	0.1015083933	-0.0667450294	-0.1278905613	-0.058606123	-0.0172201248	0.13151025	-0.1732142687	-0.0858315492	0.1018455324	0.0326271351	-0.0645930668	0.0236825031	-0.0010433613	-0.1716671968	0.0089885746	-0.0047154273	-0.0481099789	0.0157169095	-0.0029711646	-0.0347600423	-0.1420590263	0.0239593586	-0.1391408119	-0.0819815375	-0.0118462159	-0.075877902	0.1242827856	-0.0059246718	0.0580401662	-0.0042853779	-0.1384717806	0.0702292528	0.1796518423	-0.0375235412	0.0298849259	-0.1218305443	0.2215455783	0.0383674344	-0.0021671538	0.1027435667	0.0941274192	0.0104767056	0.1052299399	0.0054886934	0.0747928534	0.0179614778	-0.0043948901	0.0367370326	-0.0567302486	0.0243143846	0.0144830794	-0.0634163107	-0.1260029687	-0.1545934617	-0.038570867	0.0144978645	0.0227982118	-0.0465149505	-0.0462429388	0.0123604044	-0.0827095023	0.0629064279	-0.070194916	-0.0910064429	0.0208954884	0.0589597043	-0.0462013	0.0	0.0	0.00213456012169	0.124168	0.0615316	0.015417692224	0.00378613779856	-0.108192	-0.0188242	0.00035435050564	0.011705508864	0.00219803	-0.0003290099999999	1.0824758009999989e-07	4.831335880900001e-06	0.00148645	0.0	2.2095336025e-06	0.0	-0.000494404	0.0	0.0	2.4443531521600005e-07	0.0	0.0	0.0	0.0	0.0
550.0996673835863	0.3500342790999866	0.1225239965450473	302609.64405553223	784.4377050037061	0.6418433750025088	0.4119629180346111	615342.5130314815	516.1176666696748	-0.2086379752777247	266377.44584854954	0.0435298047279884	527.9488152871062	513.3595500981254	1.246799	52.988869	0.0902465	0.0720653	0.0022401091	-0.100760915	-0.0645312722	0.0320751821	0.0237079906	0.0922534723	-0.1167081388	0.0375568857	0.0054726502	-0.1084773102	-0.0969471425	-0.0481438385	0.0602925204	0.0842924125	0.0201123158	-0.009401114	-0.0456666504	0.0799390737	-0.1390525269	0.0825258783	0.1100964357	0.0950912616	-0.0031099643	-0.0396545354	-0.0372577429	-0.1124660141	-0.1751474868	-0.0602575288	-0.0518304044	-0.0561526798	0.0222655224	0.060508826	0.0314772488	0.005864224	-0.0682428074	0.0016439734	-0.0612338087	0.0723223365	0.0398978615	0.1093434381	-0.0036372481	-0.1259886176	-0.1401032384	0.0924130045	-0.0703748299	0.1565504606	0.0528573511	0.1448884694	0.0894109539	0.0277609955	0.0307883185	0.0832302458	-0.0803311778	-0.1247049848	-0.1239435876	0.0154256822	-0.0323908416	0.1156878846	-0.0172898679	-0.1075199954	-0.0220348582	0.1216957134	-0.0609715229	-0.1059189608	-0.1080341615	0.0359558073	0.0896898295	0.0021285524	-0.0956922309	0.0468873683	0.0217425773	-0.0921327171	-0.0865117802	0.0487081844	-0.0652826653	-0.091922395	0.0213815335	0.1835148053	-0.0047389373	-0.0456121727	0.0442583983	0.0322941569	0.1470484138	0.0026844639	0.0029787006	0.1224983147	0.1142948435	0.0314314066	-0.0187409654	-0.0203700644	-0.1057868776	-0.0148487298	0.0344866895	0.0296079332	-0.1122298763	-0.0967126765	0.0863416866	0.0190128208	0.0661619038	0.0553768309	-0.0647582843	0.1427868631	-0.0648050353	0.0156225672	0.1443868187	-0.0598296465	-0.0072276593	-0.018022254	-0.0136849717	-0.0456354549	-0.0595387222	-0.1242891096	0.0524849617	-0.0809136113	0.0269423336	-0.0014686002	0.0163412533	0.1189906221	0.0966087258	-0.07242403	0.0354037911	0.000799472	-0.0423480994	-0.1024101858	-0.0429698852	0.1386714947	-0.139690519	0.0308848022	0.0831387474	0.0524069151	-0.0148466097	0.0765275527	-0.1122985857	-0.1974600162	-0.008290186	-0.0041612649	-0.0149770285	-0.11071478	0.0691916594	0.1171235434	-0.0143745871	0.1009107552	0.0148130106	0.0476405327	-0.0888573115	-0.0638598852	0.0787626584	0.0822671271	-0.0213311662	-0.0857477723	-0.0795544175	-0.0331903511	-0.1026926983	0.0095698078	-0.1025433999	0.027644436	0.0212526201	0.0714893469	-0.078058382	-0.1108924033	-0.1375443859	0.0510300051	0.0344326109	0.0255098791	-0.0238805631	-0.10096723	0.0620390863	-0.0537173767	-0.0101700959	-0.0365480614	-0.05639308	0.1202004148	-0.0476124052	-0.0080630748	0.1170347676	-0.0629851976	-0.0107091495	0.134913503	0.121360249	-0.0454982738	0.0646335954	-0.0058039476	0.1016590683	-0.0210113729	-0.0094819714	0.0690028735	-0.0322047955	-0.0179475861	-0.0073676835	-0.0867015189	0.0226303063	0.0654439667	-0.1723739994	0.073323791	-0.1173012368	0.0910792106	-0.0971755182	-0.010086115	0.051177933	0.1031550952	-0.0926692784	0.0260425603	0.051998861	-0.0462013	0.0	0.0	0.00213456012169	0.052852	-0.0713159999999999	0.002793333904	0.0050859718559999	-0.0991425	0.0090495	8.189345025000004e-05	0.00982923530625	0.00239565	0.0001976199999999	3.9053664399999966e-08	5.7391389225e-06	0.00148645	0.0	2.2095336025e-06	0.0	-0.000494404	0.0	0.0	2.4443531521600005e-07	0.0	0.0	0.0	0.0	0.0
549.6352170852773	-0.4644502983089751	0.2157140795992959	302098.87186037994	784.7362823286943	0.2985773249881731	0.0891484189970931	615811.0328030603	516.3772859734418	0.2596193037669536	266645.5014692976	0.0674021828884377	528.166866628774	525.3753897087364	1.14532	48.676041	0.0790587499999999	0.0623662	-0.0710599608	-0.0735372418	0.0042639187	0.0559396361	-0.0846182484	-0.045656208	-0.160711014	-0.0649042092	-0.0266890259	0.0932882314	-0.0445950559	0.0327712837	0.0734439257	0.0126257207	0.1211183619	-0.0129211487	0.0443649351	-0.0864699436	-0.0585702659	0.0755948851	0.1092399161	-0.0145132365	0.0376391841	0.0198725364	0.0626735371	0.0764545084	-0.0259937079	-0.1160228292	-0.0263629018	0.0370308167	0.0788354989	-0.0025470897	-0.0182150115	0.0526233821	0.0871337202	0.1131138342	-0.026442605	-0.035924534	-0.0455672091	0.0540365586	0.1284835399	0.0807913379	0.0653411357	0.1197195555	0.0185069124	-0.1722907722	-0.1055774817	0.0518408494	0.0732102218	-0.1243176105	0.0988359194	0.0287749946	-0.0609024029	-0.0457439646	-0.0111055179	0.0098911914	-0.0196327464	-0.0983026207	-0.0743676423	0.0439076348	0.0369330707	-0.0158494515	0.0899640049	0.0072306389	-0.0186266587	-0.0557750388	0.0153505471	-0.0137842164	-0.028893283	-0.1817030552	0.1479472058	-0.0804132323	-0.1133380926	0.0183226695	0.0767457156	0.0849941899	0.0486035162	-0.0554258763	-0.0424101479	0.0202852917	-0.1219855019	-0.0207840785	0.0424943999	0.0764580225	-0.0705318813	0.1489576252	0.224437664	0.066057486	0.0350779695	0.0735796392	0.0043054397	0.0666487501	0.0393349633	0.0649505093	0.0786860752	0.0524857254	0.0084251647	0.0015460185	0.0954248499	0.0316259572	0.0513728733	-0.0806809159	-0.0258638552	0.0866696185	-0.1775288604	-0.0087798975	-0.0404803757	-0.0492373068	-0.0275713505	0.0329964718	-0.1820968146	-0.0981645578	0.1387980709	0.0198008192	-0.0838663144	0.0130630656	0.0787512781	0.03537589	0.0847480039	-0.0452336834	0.0243912111	0.0525099777	0.0021208927	0.0400122006	-0.0224582824	-0.0846927601	0.037572718	0.0952724365	0.0678220098	0.0461207195	0.0647507179	0.0335002549	0.0376078988	0.0605223359	-0.0646827747	-0.0995120334	0.0260764854	-0.1766038754	0.0881871365	-0.1066735561	-0.0217414703	-0.094581687	-0.0275041359	-0.015686357	-0.0590643882	-0.111736991	-0.0231887029	0.1355187529	0.0343736305	-0.0819626818	-0.131795377	-0.1397464426	-0.0859409981	-0.1904184892	0.0188230441	0.0140612524	-0.0184861369	-0.0606149648	0.0241006734	0.0900027787	-0.0173770278	-0.0320960155	-0.0176922754	-0.0663559265	0.0549452753	-0.0754025444	-0.1196630228	0.1719117414	-0.0031081378	0.0554449243	0.0153526628	0.0739180311	0.0539899792	-0.1458462853	0.0233119431	-0.0309038798	0.1270529353	0.0939196845	0.0128778926	-0.102926231	0.0255671878	0.1176473599	0.0609369597	-0.0697175378	0.0265019758	0.0064139355	-0.0811635643	0.0533483302	-0.035735044	-0.0132235384	-0.067586495	-0.0343286731	0.0502881536	-0.2116381125	0.0236939789	0.0042463038	0.0613587708	0.0261669092	0.1410102098	-0.0100140624	-0.0942867573	0.0311386526	0.0448090364	-0.0462067	-5.400000000002625e-06	2.916000000002835e-11	0.00213505912489	0.114263	0.061411	0.013056033169	0.003771310921	-0.0991383	4.199999999995874e-06	1.763999999996534e-11	0.00982840252689	0.00217239	-0.0002232599999999	4.9845027599999937e-08	4.719278312100001e-06	0.00148645	0.0	2.2095336025e-06	0.0	-0.000623907	-0.000129503	1.6771027009e-08	3.892599446490001e-07	0.0	0.0	0.0	0.0	0.0
549.5005910364545	-0.1346260488228381	0.0181241730216491	301950.8995494128	784.7622084529522	0.0259261242579214	0.0006721639190371	615851.7238159549	516.538065719562	0.1607797461202835	266811.5733373066	0.0258501267625028	528.3019356241059	505.432285378817	1.221579	51.917038	0.0579269999999999	0.0355778	-0.069568424	0.0153472572	0.1043449981	0.0278724833	0.1044829393	0.0419009253	-0.0892747824	-0.014681815	0.0226298183	-0.14675402	0.0578700813	0.1223085013	-0.0261416215	-0.1031580025	0.0437657547	0.1030067525	-0.079922586	-0.0149899543	-0.1235425032	-0.057982394	0.0341077089	0.0018468386	-0.1537361938	0.2097838308	0.0129129179	-0.0508545467	-0.0521350757	-0.0156476475	0.066233643	-0.0111819348	0.0417850308	0.0397439947	0.110372199	0.0535689265	0.0873822914	0.0655715025	-0.0376552572	-0.1447036098	-0.0212404886	-0.0250663092	-0.0313509823	-0.1670262874	-0.015014852	0.0128801468	0.0559891617	0.0167729927	-0.0364607852	0.0467909827	-0.0769974083	-0.0996033462	-0.001307389	0.0555103105	-0.1593508507	-0.0475955325	-0.082576329	0.0036051849	0.0565410963	0.1103350432	0.0118113142	0.084244356	-0.0354321854	0.0438710801	-0.0537210468	-0.0904369894	-0.0401044439	-0.0009118103	0.0903394914	0.0304423986	-0.1150091269	-0.0770573036	-0.113671802	-0.0202370026	0.0784874229	0.0195491783	-0.0344774081	0.0945726031	0.0415712262	0.1210689138	0.0889255172	-0.117523446	0.0116480026	-0.0476736563	-0.0030432978	-0.0579658976	0.1391457668	-0.0725065822	-0.0363870006	0.121511046	-0.0013117577	0.0259015688	-0.0277409376	-0.0682802154	-0.0483193026	0.1879652145	-0.0920070074	0.0841397298	0.093405522	-0.0912282496	-0.012636817	-0.1563768363	-0.0168679142	-0.0927829306	-0.1001442409	0.1040200013	-0.040365676	0.2367963483	-0.083292901	-0.0065222259	-0.0965836269	-0.0678117075	0.0590711727	0.0356563747	0.0157183487	0.1226112535	0.0311385261	-0.000304252	0.0010980127	0.0880859827	0.1793891387	-0.004422766	-0.0485993742	-0.0947783335	0.102942938	-0.0225518771	-0.0320166591	0.137667331	-0.0321279046	0.0242894789	0.0534220342	-0.0242219999	-0.024929506	0.1559235237	-0.089339652	-0.0093968311	0.0535477843	-0.0746322211	0.0143738772	0.004656118	-0.0295614918	0.102505862	0.0203727601	0.033520411	-0.1053028392	0.1201677878	0.0458312552	-0.0206997391	-0.0978061911	-0.0110796438	-0.0918855441	0.0850362754	0.0318739658	0.1030210796	-0.0037683124	-0.0006941063	-0.038097425	0.0197831444	-0.1510407593	-0.0144838286	0.1335947662	0.1155390747	-0.1709816805	-0.0386351089	-0.1405990521	0.1577702827	-0.0401858081	-0.0340060058	0.0504841225	0.072265263	0.0886652941	-0.023931453	0.1987869396	-0.0070281653	0.1500250035	0.0858847758	-0.0561633009	0.0600417106	0.0250475705	0.1284189693	-0.0896823937	-0.0469547791	-0.014799118	-0.0693026424	0.1695860236	0.108812083	-0.082362727	0.0515241111	0.0529779734	0.0158166693	0.0517010479	-0.0520899325	-0.077593017	-0.0226794548	-0.1059139964	0.1162317625	0.0521019159	0.0246308633	-0.0358802716	0.0448379945	0.0684474902	0.0241761635	-0.0958580879	0.0361737896	0.0374218916	-0.0495131	-0.0033063999999999	1.093228095999996e-05	0.0024515470716099	0.0820136	-0.0322494	0.00672623058496	0.0010400238003599	-0.0967972	0.0023410999999999	5.480749209999994e-06	0.00936969792784	0.00246732	0.0002949299999999	8.69837048999998e-08	6.087667982399999e-06	0.0015858	9.935e-05	2.51476164e-06	9.8704225e-09	-0.000617585	6.322000000000012e-06	3.996768400000015e-11	3.814112322250001e-07	0.0	0.0	0.0	0.0	0.0
550.9049865273995	1.404395490945035	1.9723266949867455	303496.30418075423	788.5045455746534	3.742337121701212	14.005087132462911	621739.4183918907	517.0867513199527	0.5486856003906269	267378.7083906226	0.3010558880760227	528.8517408130807	541.5415618351542	1.385261	58.873512	0.0937765499999999	0.0447859	-0.0814030796	0.1238832919	-0.0878216661	-0.1070227394	-0.0349736377	-0.0225251842	-0.0155168753	-0.0179212985	0.1465564628	-0.1164912818	0.0047176997	-0.0358518914	-0.1189693756	-0.0598662452	-0.0016995327	-0.1121344112	0.0521671317	0.0701552499	-0.0089233261	0.1141178137	0.0895173112	-9.71929e-05	-0.0403347708	0.1287619918	0.0586245743	0.0003273141	0.0241748078	-0.0258724912	0.1005971212	0.0076087401	-0.0429413225	-0.1784620497	0.0127229793	0.0637321611	-0.0315121503	0.0179700193	-0.0188092234	0.0497632037	-0.0155895108	-0.0920337146	-0.0045144712	-0.1760450514	0.0871633241	0.1094691993	-0.0521215862	-0.1496637419	-0.0497955479	-0.0331627988	-0.0530416483	0.065739503	0.1066412695	0.0203157072	0.0282967556	0.0340193922	-0.1640350344	0.1198287661	-0.0029844213	0.0961711699	-0.0204890488	-0.0675213477	-0.0172287524	0.0193740321	0.0484346877	-0.0371336614	0.0577925671	0.0409060908	0.0030075982	0.0120033807	0.2397552265	0.0320073657	0.0100273325	-0.0625886341	-0.0143302564	0.1297116262	-0.0690196954	0.1007130122	0.0454420758	0.0534739988	0.0926771667	-0.1079591023	0.022940798	0.0373493223	0.1095119006	-0.1420744605	-0.0943353405	-0.0263584754	0.0818351005	0.0235630823	-0.0347760413	-0.036554266	-0.079560354	-0.1363820273	0.0425542711	0.0392665617	-0.0671757204	0.1366870508	-0.0637163713	0.0887141897	-0.1338068114	-0.0582211935	-0.1480735159	0.0203251859	0.0225291008	-0.08943801	0.0404262293	0.0676676155	0.0747105065	-0.026998036	0.0628503914	-0.0607879965	0.0958039436	-0.0913782351	-0.0873354127	-0.0168283174	-0.0480679805	-0.1500194708	0.1026616059	0.0196277577	0.0276274202	-0.065277788	0.0414777887	-0.0057687768	0.039012646	-0.1344958703	-0.0016698702	0.0340975126	-0.079956549	0.0480036577	-0.113937353	0.0421403364	-0.134047082	-0.1869865113	0.0436595811	-0.0658305915	0.0289428584	-0.1149515353	-0.0794128465	-0.0535721579	0.0386111746	0.1032117541	-0.0778547012	0.0223080973	-0.044634143	0.106665166	-0.0573475713	-0.074401291	-0.0807586773	0.1005547161	-0.1433332687	0.0747299599	0.0687790983	-0.0224770084	0.0572445811	-0.0243783132	-0.0184017497	-0.0481981803	0.1337326049	-0.0474233668	0.0805719086	0.0031258237	-0.0272435449	-0.1745296712	-0.0088774337	0.131950074	-0.017119033	0.079083201	0.0940538042	-0.1054190278	0.0245645032	0.0234666428	-0.0271363561	-0.0499488637	-0.0280621017	0.1859636135	0.0680212514	-0.0893719323	0.0840211827	0.1746712685	0.0186750497	0.1420067829	-0.0769611575	-0.0208211804	0.0491155978	0.0134328039	0.0290343326	-0.0582270371	-0.0445199527	-0.0280299116	0.0210489057	-0.2254729416	-0.102888853	-0.0142232821	0.0369060977	-0.0284567702	-0.083501959	-0.0353118707	0.0451921284	0.0747252039	-0.0171855149	-0.0791550708	-0.0973825011	0.0411381146	0.0298699563	-0.0462013	0.0033117999999999	1.0968019239999978e-05	0.00213456012169	0.111872	0.0298583999999999	0.012515344384	0.0008915240505599	-0.119971	-0.0231737999999999	0.0005370250064399	0.0143930408409999	0.0019412	-0.0005261199999999	2.768022544e-07	3.76825744e-06	0.00148645	-9.935e-05	2.2095336025e-06	9.8704225e-09	-0.000494404	0.0001231809999999	1.5173558760999995e-08	2.4443531521600005e-07	0.0	0.0	0.0	0.0	0.0
550.4039291663514	-0.5010573610480833	0.2510584790604693	302944.485241758	785.5679174277826	-2.9366281468708166	8.623784872993927	617116.9528918235	516.9083908205056	-0.1783604994470806	267194.28450064454	0.031812467763012	528.6578545389303	526.4561428708328	1.229988	52.274395	0.062791	0.0298864	-0.0091041423	0.007698337	-0.1602880561	0.1073853138	-0.00402497	-0.0595648314	-0.0703729587	-0.1868839214	0.1640754549	-0.0101519504	-0.0753425855	-0.1207831375	0.0417044338	0.190149375	0.0005535851	0.0540799859	-0.0688640859	-0.0126093729	-0.1189746385	0.0299754188	0.0262899312	0.1011804418	-0.05743613	0.0326526018	-0.0246724625	-0.017988512	0.1750518382	-0.0388018091	0.016577721	0.0219058209	-0.0622980588	0.131457285	0.0400720246	0.096402197	0.0313838263	-0.1179703817	-0.0666188072	0.0698058173	0.0725377564	0.0638413842	0.021870456	-0.1507841162	0.0241454577	0.0355106903	0.0309258747	0.0134537197	-0.0255370282	-0.0667096322	0.0678724825	0.0822437155	0.1190635599	0.0973281513	-0.039741775	-0.0450834285	0.0980791416	-0.0338882608	0.0383239651	-0.029624089	0.0098652229	-0.0984508698	-0.0863174959	-0.0067141397	0.0285325376	-0.1432125295	0.0916244284	0.0602170427	-0.1594215525	-0.0107599849	-0.0166598704	0.0651567237	0.0649393652	0.0214438391	0.0259588272	-0.0276092618	0.0208514673	-0.0869416802	-0.0159999713	0.0474813913	-0.0815117049	-0.0639635645	0.0336302295	0.0144812715	0.2293950038	0.0910342824	0.0867364051	-0.1019162978	0.0911503684	0.0435708896	-0.0180694579	-0.105198828	0.0954892058	-0.1107284985	-0.0770464068	0.0077346936	0.1214138623	0.1214453419	0.093201202	-0.0680864984	0.0985892497	-0.0172422282	0.137582095	-0.1172675736	0.0529606982	0.0591655615	0.0878270387	-0.138515389	0.0935462787	-0.0568588922	-0.0633094634	0.0269400496	-0.1228810687	-0.0090833128	-0.0086795657	-0.0985359775	-0.0925305486	0.1816757263	0.0718510227	0.0766761138	0.0229077571	-0.0185785483	-0.0196364731	0.0977174416	-0.0506316478	-0.1039328869	0.0407782426	0.0892742159	-0.0329658036	0.0229587994	-0.1446542958	-0.0773151238	0.0594426655	-0.0613933787	-0.1097196717	0.0597117485	-0.0241349353	0.0292098824	-0.0066025128	0.0061686547	0.0569079343	0.0668070653	0.1296549087	0.1835062819	0.0581826808	0.0214008945	-0.0656441251	-0.015588494	-0.0831766745	-0.0058650697	0.0701187718	-0.104918174	0.0425261316	-0.1099269059	-0.0855879822	0.0228565495	0.0069463854	-0.0656010706	-0.0063057935	-0.0177536338	0.1043900764	-0.0304371713	-0.0477152924	0.0610676216	-0.1517744951	-0.1609757211	-0.0271554678	0.0802434038	-0.1768675035	0.0113654264	-0.0391186745	-0.0245722436	-0.051361109	0.0667139971	0.0862399476	-0.1081177741	0.0797755388	-0.1723536746	0.0595917343	0.1231655026	0.0427239464	0.0307233121	0.2201649634	0.0286871218	0.0917738558	-0.0118525275	0.001926008	-0.0118644622	0.0121897251	0.089951628	0.064191311	-0.0362066026	0.0503007415	-0.0459962537	-0.0450202772	0.0501396723	0.0195063298	0.1118090486	0.0910272292	0.0303369054	0.010550789	0.0576744062	-0.0988592507	0.0460219099	0.0221864862	-0.0531837	-0.0069824	4.875390976e-05	0.00282850594569	0.0897078999999999	-0.0221641000000001	0.0080475073224099	0.00049124732881	-0.111741	0.00823	6.773290000000002e-05	0.0124860510809999	0.00228292	0.00034172	1.167725584e-07	5.2117237264e-06	0.0015681	8.164999999999995e-05	2.45893761e-06	6.666722499999992e-09	-0.000579324	-8.491999999999994e-05	7.211406399999991e-09	3.35616296976e-07	0.0	0.0	0.0	0.0	0.0
551.0058882513196	0.6019590849681435	0.3623547399756847	303607.4888876257	786.1507866791719	0.5828692513892975	0.33973656421512	618033.0593962809	517.2973336799708	0.3889428594652599	267596.5314324071	0.1512765479290129	529.0588325628803	515.6901025142256	1.226943	52.145	0.0394373499999999	0.0202721	-0.0670592675	-0.1201796611	0.0100937041	-0.0071448137	0.1307773396	0.0571071018	-0.0880192415	-0.0502512746	-0.0337640709	-0.0480674672	-0.0895901291	-0.0130881885	0.0863446313	-0.1583965556	-0.0260574354	0.070442243	-0.0385290082	0.0369125988	0.025889811	0.0152309256	0.085426603	0.0648914959	0.0759366266	0.0906391862	-0.069334139	-0.1202044119	0.0643703255	-0.017250133	0.0118501372	-0.0467725462	0.1419483863	-0.1299927773	-0.006430382	0.0694618357	-0.0277519818	-0.0116372828	-0.0470841173	0.011189496	0.0443969745	0.0782580774	-0.0396925555	0.1380093766	-0.0162584544	-0.0382091176	-0.0917034939	-0.1092250255	0.083295307	0.1018730488	0.0650349868	-0.0758741709	-0.03271249	0.051513064	0.0075489579	0.0475367237	-0.0731607661	-0.0716827438	-0.0024090476	-0.0870155218	0.0439464771	-0.0416463574	0.0108276986	0.0106499877	0.1761821611	-0.0327358992	-0.0391014652	-0.0291118584	-0.0048753476	0.1503627513	0.0147970468	0.0064491068	-0.0509461505	-0.0549420854	0.05512006	0.1326691148	-0.0560331316	0.0378524682	0.0011642028	-0.0300484911	0.0871826792	-0.0165183903	-0.0783650178	-0.082545543	-0.0985585974	-0.1336128435	0.1074603397	0.0641852511	-0.0092143297	0.0268672153	0.0125228965	0.2048297158	0.0973641007	-0.00884818	-0.0825615066	0.0964574047	0.0242475593	0.0516982807	-0.0208652157	0.0328832686	-0.1188111115	-0.0322009694	0.1572894843	0.1016259573	0.0180953087	0.009099481	-0.0789882183	-0.0602473211	-0.0563036361	0.0894141525	-0.0378677681	0.0901169721	-0.1134054323	-0.0344486095	0.0907499887	-0.0179308033	0.0736828472	-0.0658447655	0.0481312106	0.0659906479	0.0252728883	0.0509552423	-0.0172560214	0.0087757177	-0.0960988971	0.0038145641	0.0471080063	-0.0241526752	-0.0030186811	0.168936198	0.0235812383	0.038834253	0.0612331323	-0.0368784836	-0.0380102806	-0.0299739268	-0.0611925793	-0.0975323153	-0.011218952	0.0951667748	-0.1416992873	0.09414329	-0.0998972513	-0.0995402131	-0.0452392152	-0.016273901	0.1317602418	0.0527951697	-0.0400398211	0.040600363	-0.0827753253	0.0114014992	0.1419291549	0.0465524851	-0.1260793878	-0.1359113291	0.0999616658	0.0151735726	-0.0720599289	-0.144484506	-0.0077226545	0.0553189433	0.0112420655	-0.105862974	-0.1146444299	-0.0376962968	0.2284364694	0.0273516645	0.0716055517	-0.0012582947	-0.0378221446	-0.024705981	-0.0259020406	0.0494625186	0.0697411962	-0.1271091537	0.0626838629	-0.1061923041	0.0484626573	0.1723737755	0.0705787217	-0.1210197899	-0.0406072599	-0.0010198933	0.1117897739	0.010146312	0.0131943222	-0.0418370015	-0.0688894876	0.0332719782	0.0154391582	0.001214575	0.0013537316	-0.0067990284	0.048169305	-0.1466564425	-0.0052405567	0.0018568347	0.0059062332	0.096944945	0.0507060047	0.0571399346	-0.100287614	0.0508156151	0.0144053161	-0.04975	0.0034336999999999	1.1790295689999984e-05	0.0024750625	0.0760823	-0.0136255999999998	0.00578851637329	0.0001856569753599	-0.108492	0.0032489999999999	1.0556000999999922e-05	0.011770514064	0.00256599	0.00028307	8.012862490000017e-08	6.584304680100001e-06	0.00156467	-3.430000000000013e-06	2.4481922089e-06	1.1764900000000089e-11	-0.000675405	-9.608100000000004e-05	9.231558561000004e-09	4.56171914025e-07	0.0	0.0	0.0	0.0	0.0
551.3169012826964	0.3110130313768877	0.0967291056862409	303950.3256399545	784.6095670948714	-1.5412195843005063	2.3753578070314263	615612.1727768015	517.2314926382692	-0.0658410417016739	267528.4169768119	0.0043350427723615	528.8613974111875	531.2004725011242	1.236787	52.563381	0.0900967	0.0630637	-0.1230391034	0.0448050846	0.0216164734	0.1220055381	-0.1160812543	-0.0381738787	-0.0175274989	-0.1674296572	0.0821688531	-0.025702399	0.1145116723	0.0921517795	0.0004660227	0.0478136389	-0.0273424834	-0.0134383331	0.0119769063	-0.0683679845	-0.0557771935	-0.0924486865	0.0310318324	0.0631610221	0.0609446818	-0.0164075136	0.1140605531	0.0752977792	-0.0648295906	0.0111784967	0.0002928705	-0.1217332927	-0.0531623849	-0.0159758461	-0.099335238	-0.0494607894	-0.0176914354	-0.0922165777	-0.0836083454	-0.0899944661	0.033688614	0.0252121157	-0.0950614589	-0.163474753	0.1732089853	-0.1716228237	-0.055531503	0.095339346	0.0955238334	0.0812015821	-0.0831713816	-0.0754371951	0.1504769162	0.0210763981	0.0157921113	0.0349437138	0.0389026974	-0.0480463387	0.0212912671	0.0565107187	-0.1543201344	0.0653907556	0.0793721037	0.0190377917	-0.1241906929	-0.1969007637	-0.0359717608	-0.1577376068	0.0402439675	-0.0685275338	-0.0252301737	0.1522953954	0.1594375874	0.0659488673	0.009531916	0.0351837924	-0.0463444098	0.0601923172	-0.0757883879	0.0221145442	-0.0037055871	-0.1700875612	0.0120484834	-0.0684532477	-0.0839561976	-0.0614547333	0.0109445118	-0.0972394721	0.0482286316	-0.1744398132	-0.0154308746	0.0791669428	0.0180692058	0.0306762503	0.0118971595	-0.202472203	-0.0018173479	-0.1409981141	-0.0563505213	0.111862171	0.0011659132	0.0810074805	-0.0542731042	-0.110720407	0.0433398175	-0.0759748758	0.0829503169	0.0687156038	0.0370552353	-0.1423897978	-0.1788991462	0.1019881966	-0.1227694198	-0.0888287818	0.0029724217	0.1211742757	-0.0790421596	0.0630410428	0.1351297792	-0.0071591447	-0.0353035208	0.0349101879	0.0676713841	0.0219377256	0.0921505584	-0.0654902342	-0.0528871789	0.1247548123	0.0573205522	-0.1091461182	-0.0452437213	0.2501287034	0.0219991081	-0.0391767787	-0.1051769715	0.0143186844	-0.1367183395	0.1621400471	-0.0913371759	-0.0772133967	-0.0281961802	-0.0215220522	0.0049065012	0.0454128957	-0.1583295518	0.0284632618	0.0032502135	0.0541850434	-0.0518374222	-0.0314630195	-0.0283205213	-0.0163284046	0.0866754713	-0.1040593895	0.1641431172	-0.0018983684	0.0245833241	0.009328197	0.1034610982	-0.0298049417	-0.1701997481	0.0703597137	0.0423158743	0.1154306653	0.180106326	-0.0211156161	-0.0125971195	0.0601038936	0.0494262751	0.0005486926	-0.0120759916	0.1398671218	0.0152298206	-0.0005139799	0.1127953272	0.0058625815	0.3180096412	0.0150556985	0.1601503865	0.1379536098	-0.1171489128	0.0077087802	0.0231058084	0.0884505958	0.0088863005	0.063998392	-0.0669187853	0.0445642284	-0.0492339343	0.0555982678	0.1196208799	-0.0204239391	-0.0848805702	-0.072566955	0.0366572264	0.1128541545	0.1451273326	-0.0229204564	0.0296829698	-0.0076894673	0.0669096526	0.0503079164	-0.1016668918	0.0555098464	0.006560711	-0.0462128	0.0035372	1.251178384000003e-05	0.0021356228838399	0.13777	0.0616877	0.0189805729	0.0038053723312899	-0.119599	-0.0111069999999999	0.0001233654489999	0.0143039208009999	0.00237247	-0.00019352	3.7449990400000164e-08	5.628613900899999e-06	0.00162112	5.644999999999999e-05	2.6280300544e-06	3.186602499999999e-09	-0.000650079	2.5325999999999994e-05	6.414062759999996e-10	4.226027062410001e-07	0.0	0.0	0.0	0.0	0.0
552.096981037975	0.780079755278507	0.6085244245953755	304811.0764712461	791.0052608226556	6.395693727784192	40.90489825961805	625689.3226491174	517.4144109073709	0.1829182691017195	267717.67261462164	0.033459093171169	529.2892136961682	512.1182724061586	1.279369	54.373085	0.11464685	0.0708313	0.0147947987	0.0218467923	-0.1302535449	0.0962980748	0.1808828614	0.0174558641	-0.0258695953	-0.1078437146	0.0087002296	-0.07529798	-0.1062362214	-0.13855992	-0.0365078201	-0.0812984882	-0.1016627308	0.1593454859	0.0391407083	-0.0760905313	-0.1153121067	-0.0075206063	0.0648428397	0.1882568259	-0.0166651098	-0.0214269623	0.0001400149	-0.0922401101	-0.1109634398	-0.1842843749	0.0636099497	-0.0322440918	-0.0807381699	0.000260736	0.1118775857	-0.003504526	0.0287063187	-0.1287829716	0.0039869712	0.1801398185	-0.0760584928	0.0436409829	-0.0834434431	0.1733698467	0.182154378	-0.0040013721	0.0537349195	0.0272957873	-0.0775930019	-0.0419353111	0.0189913023	0.1078627428	0.0371266782	0.1005448669	0.1099628105	0.0484975403	0.0430889428	-0.0908118607	0.0681631806	-0.0072821542	-0.1407522235	0.0191228199	-0.0626626101	-0.035271189	-0.0554496307	-0.1151830391	0.0389194059	-0.0252666201	-0.0102565394	-0.0395931238	-0.049472552	0.1096149274	0.0080739696	-0.0512135825	-0.0757908038	0.0922386036	0.0536267034	-0.1445174891	0.0471367134	0.1363866283	0.0934518708	0.0928345119	0.1225726857	0.0230498604	0.0764961402	-0.0734877048	0.0523604776	0.2068059966	-0.0039662793	-0.0726212542	0.0826867045	-0.137949136	-0.093554207	0.0036486467	-0.0277356979	0.1258619265	0.0014874444	0.0864968002	0.072297862	-0.1039992527	0.0854232451	-0.0143353886	0.068421473	-0.0799594594	0.0537903891	-0.0056100321	0.0225262042	-0.048423964	-0.0819134009	-0.1122211101	-0.0428263954	0.0557342636	-0.0345147849	0.1600074563	-0.064701408	-0.0972335127	0.0131636533	0.0478998984	0.0700879373	0.0970893324	-0.1228481599	0.1054256927	-0.0142016848	0.1084745845	0.0782883538	-0.1010223438	0.0319489849	0.022326354	0.0193070163	-0.0272778619	-0.0336528464	0.1090409086	0.0542071491	0.0544273193	-0.0942615721	-0.0730292672	0.0253569085	0.0564068762	-0.1019187308	8.35533e-05	0.0953266728	0.14915641	0.0458697607	0.0077802617	0.1788872457	0.1635426897	-0.0510779777	0.0243917005	0.055360799	0.06053445	-0.0666724349	-0.1273112634	-0.053144567	0.0080429859	-0.0391183068	0.0388265924	0.0021686535	0.0721504548	-0.0661781091	0.0019417119	0.1403082534	-0.00875823	0.050530524	-0.0214268179	-0.1243911854	-0.0476071133	-0.1098158011	0.0193859723	-0.0289065684	-0.1128940355	0.0256761513	-0.0088878297	0.0398431533	-0.02904189	-0.0533676534	-0.2216434928	0.0346439414	0.1725167881	-0.0208451641	0.1925564155	0.083267891	0.048454605	0.1346336283	0.0249292339	0.0257824404	0.0136687762	0.0048103955	-0.106209407	-0.1293667398	-0.0159332293	0.0998724653	0.0360230968	0.0534740013	0.0065698486	-0.0443519518	0.0484869905	-0.0855376266	-0.0136812001	-0.0102995745	0.0322358187	-0.0789390619	0.09281938	-0.1029964092	0.0600954145	-0.0013127847	-0.0547148	-0.008502	7.228400400000004e-05	0.00299370933904	0.0716569	-0.0661131	0.0051347113176099	0.00437094199161	-0.115303	0.0042959999999999	1.845561599999995e-05	0.013294781809	0.00287573	0.00050326	2.5327062760000017e-07	8.2698230329e-06	0.0016769	5.578000000000007e-05	2.8119936100000003e-06	3.1114084000000075e-09	-0.000494404	0.0001556749999999	2.4234705624999996e-08	2.4443531521600005e-07	0.0	0.0	0.0	0.0	0.0
551.4953215402966	-0.6016594976783836	0.3619941511466048	304147.0896808351	783.4560107468646	-7.549250075790951	56.99117670682968	613803.3207753913	517.0571911792834	-0.3572197280874434	267348.13895021006	0.127605934134867	528.7209057951673	519.5997509363762	1.177995	50.064713	0.11134155	0.0681965	-0.0640782163	-0.1117991265	-0.0263558759	-0.0075661151	-0.0898933151	0.0395412515	-0.1313185678	-0.0918453626	-0.089942616	0.0285225734	-0.0333157024	0.0034698	0.1195768779	0.0208062026	0.0368715332	-0.0238447257	0.1149479333	-0.0713831389	-0.1556440893	-0.0464472558	0.0471651116	0.0357627899	0.0354195484	0.0241229549	0.0031052811	0.0816684323	0.0368717725	0.0178658056	0.1245027431	0.0693086005	0.1132079029	0.0622154885	0.055695695	0.016446952	0.1271605169	-0.1089703937	-0.1167503507	-0.0612982911	-0.026021698	0.1422298455	-0.0629956473	0.0156110785	0.1030450479	-0.0994120452	0.0213620385	0.035068352	-0.0298018563	0.0957596092	0.109013986	-0.1027292778	0.0726257817	0.0619091369	-0.0005234567	0.0975077619	0.0532767072	-0.0090011679	0.0713353848	0.0263441891	-0.2523509729	-0.0427429507	0.0964367443	0.0313773909	-0.0342046674	0.1524371147	0.0641514652	0.0102745638	-0.1221132302	0.0678829584	-0.0172008054	-0.0954236023	-0.0291951458	0.0245803503	0.0365156545	-0.0954265044	0.1693815906	-0.133223025	0.0578501473	0.024507931	0.1260463677	0.0019872546	0.0909066026	-0.0568335349	-0.0091777418	0.1071031438	0.0216368716	-0.0367194839	-0.0282422235	-0.0998739645	-0.0469070321	-0.011360936	0.1367171206	-0.0088779245	-0.0266461794	0.0329690297	-0.0711168228	-0.0572047659	0.015083902	0.0906087539	-0.0093313799	0.0852642404	-0.0194896959	-0.0373330957	-0.0912333333	-0.0579148431	-0.2231310049	0.1163321681	-0.0479433839	-0.1142619545	0.0857804902	0.0916001746	0.0566197154	0.021283453	0.143987497	-0.0107799461	-0.0211211654	0.037259776	0.134647437	-0.0259256544	0.0026825804	0.0460046558	-0.0481587535	0.1135592146	0.1617767322	0.0913281442	-0.1853268821	-0.0115817439	-0.1243892436	-0.0063510676	0.0457320651	-0.0335187845	0.0853837245	-0.015616218	0.0528900916	0.09683209	-0.04353143	-0.003243119	0.0493768466	0.12054645	0.1712877775	0.0399690644	-0.0170103871	-0.0470706204	0.086091091	0.0824822597	0.0872715088	0.1073252628	0.0702679722	0.000698967	0.1363021692	-0.1347840903	0.0838983204	-0.0187368828	0.0097291276	0.0056265584	0.0686468341	-0.051206861	0.0103309832	0.0272645912	0.0759098162	0.0028729696	0.0245613203	-0.0266583522	0.1353518969	0.0413413859	-0.0576877706	-0.0561910655	0.0360377805	0.1240190482	-0.0527454705	0.1067681102	0.1302955888	-0.1383361475	-0.0317303797	0.0142776721	-0.0182359421	0.1007549333	0.1546500141	0.1108352517	0.0500582466	-0.0710039996	0.0396507516	0.0763822305	0.0425586254	0.1260228181	0.0952692416	0.113676017	-0.0607012181	0.0948961299	-0.0077038798	0.0787875125	-0.0458232861	0.0471396555	-0.0091256207	0.0124367139	0.0575827351	-0.0898081558	0.0465293335	0.0310310458	0.0471692108	-0.0580570284	-0.1042755153	0.0645633431	-0.0091804995	-0.0504728	0.004242	1.7994564000000024e-05	0.00254750353984	0.135703	0.0640461	0.0184153042089999	0.0041019029252099	-0.10729	0.008013	6.42081690000001e-05	0.0115111440999999	0.0024789	-0.0003968299999999	1.5747404889999994e-07	6.1449452100000005e-06	0.00179872	0.0001218199999999	3.2353936384e-06	1.484011239999998e-08	-0.000676563	-0.000182159	3.3181901280999994e-08	4.577374929690001e-07	0.0	0.0	0.0	0.0	0.0
550.8473447271765	-0.6479768131200672	0.4198739503412384	303432.7971929808	786.5325358437474	3.076525096882733	9.465006671749313	618633.4299407958	517.3015761736817	0.2443849943982741	267600.9207117754	0.0597240254870444	529.0059665250059	504.8625362690413	1.233794	52.436169	0.11747895	0.0676106	-0.0656612512	0.0347718728	0.0914881759	0.1003001908	0.0733416445	0.0359121526	-0.0319029298	0.0158971892	0.0246683829	-0.0371272069	0.045945781	0.1255802341	-0.0147823699	0.0050174701	-0.0006984713	0.0800853672	-0.0071719758	-0.0868851662	-0.0861614287	0.1578878362	0.1096802398	-0.1198604204	-0.0416580077	0.0114378678	-0.1322470386	0.0846003792	-0.0348749375	-0.0093280448	0.0679080836	0.0237467694	-0.0865103946	0.03907671	-0.1407722645	0.0689952503	0.0102843983	0.0638327839	-0.0465186656	0.0055064205	-0.0791491013	0.0529874958	-0.0403332334	-0.023075902	0.1243695092	-0.0571832036	-0.0924371737	0.0967186076	-0.1329206936	0.0673659973	-0.0696455427	-0.0954335449	0.0075324128	0.1185861217	-0.0119128214	-0.0581673674	0.0759147534	0.0195883597	0.0520868134	-0.0383250639	-0.011597031	0.0592342809	0.0511538282	-0.038075	-0.0945093209	0.1204378725	0.1284694967	-0.0512336928	0.0768600855	-0.0330336834	0.0411413414	0.0183500019	-0.0133367472	0.1005370093	0.1021620147	0.1137635068	-0.1079434228	-0.1479140785	0.0516801879	0.2300931191	0.0486273624	-0.0076348835	-0.0343433543	0.0583661555	-0.0128388486	0.0254221892	-0.0118475706	0.0074255264	-0.0691344912	0.0364891837	0.0730760386	0.0623348558	0.087349907	-0.0745379789	0.0443135628	0.0106956425	0.0306922213	-0.0913568285	0.0924328353	-0.0185014024	0.0769840866	-0.1362961369	-0.0407860867	-0.016488928	-0.0523074848	0.1035457991	0.0290638347	-0.0398600004	0.0781566097	0.0536964597	0.0305719917	0.1284628548	-0.0059619666	0.0795031309	0.0222485537	0.1276664435	0.0047752022	0.0731026044	0.0206568653	0.1233454242	-0.0106881367	-0.0651352729	-0.0849949129	-0.0073940007	0.0797778273	0.1312861946	-0.037802474	-0.0888962658	-0.0429705442	-0.1037861518	-0.0750976167	0.0792015192	-0.0741861747	0.018688233	-0.0162591901	0.0738210266	0.1140389171	0.0023877574	-0.2081637893	-0.0098122478	-0.0813608358	0.1404714042	-0.0152975678	0.0382568143	0.0915307943	0.0394353934	0.0770363704	-0.1169834202	0.1301338937	0.0175504558	-0.0291793973	-0.0401862888	0.0096859298	0.058194544	-0.0462731691	-0.0003314892	0.0055966627	0.0082088744	0.0567886613	0.0743320883	-0.0001606268	0.0611849873	-0.1337385715	0.1612547031	0.0223841423	-0.0274625868	0.0054159634	0.0155051676	-0.0418323357	0.0769124693	-0.015302483	-0.1012196954	-0.0562734434	-0.1229670776	0.0690537593	0.0114859997	-0.1203791797	0.0240665162	0.0039407412	0.1455552825	-0.1101853159	-0.0750503469	0.0494478031	0.0259897301	0.0621203696	0.0773095754	-0.0319130047	0.0244192956	-0.068771785	-0.0364416647	0.0711645906	0.0057394765	-0.0268216927	0.0838057601	0.0063793288	0.1175581046	-0.0479756149	-0.0210692608	0.0041468973	0.0261730055	0.0600577556	0.1226177134	-0.1055035841	0.0689048858	-0.0170077871	-0.0461561	0.0043167	1.863389889e-05	0.0021303855672099	0.0772956999999999	-0.0584073	0.0059746252384899	0.00341141269329	-0.110975	-0.003685	1.3579225000000056e-05	0.012315450625	0.00310512	0.0006262199999999	3.921514883999998e-07	9.6417702144e-06	0.00201174	0.00021302	4.0470978276000005e-06	4.537752040000008e-08	-0.000494404	0.000182159	3.3181901280999994e-08	2.4443531521600005e-07	0.0	0.0	0.0	0.0	0.0
549.7667050517955	-1.0806396753810077	1.1677821080075697	302243.4299835079	789.3428235923267	2.8102877485792987	7.897717229814904	623062.093156707	517.1213042451676	-0.1802719285141165	267414.4433042232	0.0324979682101987	528.8914635659243	497.4597742197923	1.192529	50.6824	0.0728069	0.0398965	0.0012869271	0.1427031263	0.0401497463	-0.0614247145	0.0081405684	0.057774812	-0.0485517002	0.1645695182	-0.0728275532	-0.0282422666	-0.117011454	0.0472773186	-0.1741477369	-0.1528727337	0.0770587368	-0.0764083267	0.0042063674	-0.0274782322	-0.047204988	0.2091155554	0.0740485902	0.0471449465	-0.0047528553	0.0475356036	-0.0337652524	0.0171058663	0.0304497323	0.0107747909	-0.0477864042	-0.1190140847	0.099751811	-0.0621255272	0.0698071516	-0.0519583496	0.0803882591	0.0740561156	0.0171370138	0.0334957052	0.0124843242	-0.0654051552	0.0818139763	-0.0207777689	-0.170991029	-0.1552790342	-0.0245016413	-0.0025641704	-0.074618646	0.1561959143	-0.1139653752	0.0339206225	-0.0198698467	0.0077089139	0.0540155469	-0.0093486543	-0.1104911797	0.0679738186	0.0917284008	-0.0063690047	-0.0092161203	0.0258652462	0.0262581567	-0.019649395	0.1514830929	0.0116234315	0.1553349251	-0.1053392235	0.0820055087	-0.144205485	-0.0506988685	-0.1667189842	0.068180998	-0.0670931498	-0.0575813799	-0.0728684914	0.0593105129	0.0125973785	0.14088322	-0.0172580323	0.0533335627	0.0805771807	-0.003588558	-0.026693352	0.1186267565	0.0295672807	0.102837819	-0.09600391	0.0222522098	-0.0151984121	-0.0803603921	-0.129731402	0.0175038294	0.0899662212	-0.0575641067	-0.0905296339	0.0387482278	-0.0107523678	-0.1162788721	-0.0764708621	0.0224345356	0.0062340696	-0.0738497309	-0.0251408653	0.0906735526	0.1377914441	0.0704299712	-0.0244419558	0.0261611671	0.0582865405	-0.0212941998	0.059867817	-0.0438866438	-0.1085083619	-0.1114185161	0.06583309	0.002447214	-0.1682191153	0.0062788747	0.0371858874	0.0128798991	-0.0530054875	-0.1198003083	0.0051508475	0.027361678	0.0314450144	-0.0580718024	-0.1048225279	0.039992912	0.1341070256	-0.0716655688	-0.0041219685	-0.0436459477	0.1799305588	0.1182750514	0.1002829807	-0.0414908895	-0.0470993363	0.0227480929	-0.1336807004	0.0963679507	-0.0107716643	0.0355815122	0.00898241	0.1205178867	0.0621901129	0.0198445697	0.0839136984	-0.171302396	-0.0201703069	0.0040246776	-0.089170017	-0.0590445194	-0.0384024846	0.0426183225	0.094085198	-0.0213939199	-0.0806769525	-0.0088958543	0.0554610876	-0.0816462903	-0.0387517188	0.0276826731	0.0447547342	-0.0233916129	0.1001636547	-0.0283519057	0.036562209	-0.167143704	-0.0515738649	0.07631431	0.0149438945	-0.0285812848	-0.0396690374	0.0869737621	-0.0334682449	0.0506376308	-0.1476776657	0.0065399992	0.1406806232	-0.053492934	0.1127923032	-0.0995153753	-0.0503019892	0.051598055	0.1204004978	0.0312838263	0.0408784672	-0.0500552065	-0.0100925675	0.0191774257	-0.0075258217	0.0843046572	0.1175280992	-0.0808077703	-0.0204535123	-0.0403522229	-0.0792352101	0.0076036054	0.0312879392	-0.0058723166	0.0278380359	-0.1066800145	0.073111544	-0.0247601796	-0.0642265	-0.0180704	0.00032653935616	0.00412504330225	0.106158	0.0288623000000001	0.011269520964	0.00083303236129	-0.0925555	0.0184195	0.00033927798025	0.00856652058025	0.00310545	3.300000000002086e-07	1.0890000000013769e-13	9.6438197025e-06	0.00201174	0.0	4.0470978276000005e-06	0.0	-0.000643168	-0.0001487639999999	2.213072769599997e-08	4.1366507622399993e-07	0.0	0.0	0.0	0.0	0.0
549.3091329369383	-0.4575721148571574	0.2093722402948516	301740.523527931	784.1849200861421	-5.157903506184539	26.60396857911076	614945.9888905091	516.4190979350217	-0.7022063101459253	266688.6847120215	0.4930937020087554	528.259993067418	511.30555871053735	1.346533	57.227562	0.1003128	0.061351	0.0027395624	0.0266916879	-0.1393221164	0.1552092711	0.0327936047	-0.0798177533	-0.1087814942	-0.0622758602	-0.0267982342	0.0056417811	-0.1054565574	-0.0946568514	-0.018296061	0.1525018303	0.1025262046	0.0545064548	0.0603903532	-0.0387996401	0.1204517056	0.0818863388	0.090965016	0.0689838077	0.053013447	0.1541413495	0.0007561144	0.1506954482	0.0962165333	-0.0459048357	0.0833459957	-0.0469646937	0.0563009671	0.0618498053	-0.1728712076	-0.0334974014	0.0416620815	-0.1094482417	-0.0508971721	0.0054799507	0.0969110013	-0.2286652068	-0.0104203298	0.0247203522	-0.0300828497	0.0646785966	0.2103336377	0.0752274109	-0.1065174936	-0.0185634922	0.0414881148	0.0645688099	0.1733132874	-0.0777800573	0.0589812577	-0.0726423646	-0.0208243016	-0.0773245093	0.0032825207	0.0500107186	0.0125841396	-0.0430266086	-0.1623436462	0.0665373273	0.0546605924	-0.131554519	-0.0485450249	-0.0655003065	0.0288164851	-0.1214169368	0.0239672576	-0.0806377763	-0.0418407372	-0.0207106714	-0.0821285615	-0.0744912565	-0.0075833982	0.0616681378	-0.017022248	-0.0283919844	0.0481481315	-0.0666080291	-0.0226054792	-0.0635847013	0.0777183484	0.0936113885	-0.0196894111	-0.1518954292	0.0736510123	-0.1495744022	-0.0503977692	0.0625792934	-0.0051331875	-0.0411289375	-0.0815745665	-0.0495338963	-0.0909452129	-0.1055822722	0.0338015606	0.2179964535	-0.1109668743	-0.0069101193	0.1964020509	-0.1109488517	0.0281852335	-0.0539289773	0.0159510219	0.0857000571	0.1416585138	0.1539645373	-0.0421056434	-0.0126047859	0.118566829	0.0858825314	0.005878935	-0.0770192351	-0.1971387537	-0.0085918281	0.0072280832	0.0822220771	-0.0528420302	0.0536185412	0.0777467152	-0.0059079841	-0.0690307387	-0.177153972	0.0088985444	0.073112622	-0.0072053549	0.0576437659	0.067238245	0.0119947113	-0.1289213478	0.0672110761	0.0248252127	0.0585445882	0.0461037332	0.0373676492	0.1530622783	-0.079982568	0.0651299682	-0.0552675576	0.030085707	0.0294230529	-0.0505843556	0.0150330415	-0.0092068162	-0.0057062888	-0.1657012456	-0.1019191792	0.015768805	-0.1328299723	0.183742528	-0.1320497289	0.1004227495	-0.0250243002	-0.0288877907	0.0076616623	-0.059474221	-0.068357028	-0.0509402338	-0.0047779447	-0.0742867168	0.0277437597	0.1699853683	-0.1762043908	0.0755451528	0.1354314711	0.0702998669	-0.0247175878	0.057985173	0.1026446854	-0.032880122	-0.0417272012	0.1091414865	0.1229116792	-0.1664240968	0.0443131511	0.1057580544	0.0975918479	0.0749471741	0.0877387276	0.0249287528	0.1219024641	-0.0421350303	0.0284347001	-0.1039522756	-0.1276415017	-0.0097137993	0.0568654055	0.070694855	-0.0778399849	0.067781298	-0.0196164735	-0.0327456838	-0.0708793933	-0.0148000919	-0.1275142966	0.0869047089	-0.0466412471	-0.0814489746	0.0201514615	-0.1078042307	0.077175083	-0.0324035386	-0.0638659	0.0003606	1.300323600000019e-07	0.00407885318281	0.160254	0.054096	0.025681344516	0.002926377216	-0.120537	-0.0279815	0.00078296434225	0.014529168369	0.00289672	-0.0002087299999999	4.356821289999994e-08	8.3909867584e-06	0.00201174	0.0	4.0470978276000005e-06	0.0	-0.000494404	0.0001487639999999	2.213072769599997e-08	2.4443531521600005e-07	0.0	0.0	0.0	0.0	0.0
549.8803561963316	0.571223259393264	0.3262960120718642	302368.4061306045	788.023548291031	3.838628204888892	14.735066495368514	620981.112661187	517.0099865709851	0.590888635963438	267299.3262141302	0.3491493801107323	528.7467058741018	479.38662608446697	1.435861	61.024002	0.1454931	0.0698891	0.0128498341	-0.1007810626	0.0616103556	-0.1146579254	0.1417947029	0.0417563174	0.0276071608	0.0066805726	0.0538637621	0.0840371526	-0.1081593827	0.0395386434	0.0699575367	0.0571562489	-0.0746486009	0.1782653222	0.0515093338	0.2172726803	-0.1223974317	0.1006478757	0.1003686173	0.0146992057	-0.0645741578	0.0924734451	-0.0214962263	-0.0918136533	0.1379564036	-0.0207490941	0.038059298	-0.0646282913	0.0001187634	-0.1081276828	0.0144462033	-0.088177382	-0.1756273224	0.1458284877	0.075958063	-0.1910163762	0.0322205032	-0.0159576826	-0.0858459651	0.0410167143	-0.0676508839	0.0076250839	0.0475618661	-0.0214596444	0.0865244473	-0.077527299	0.0601893344	-0.0289089605	-0.0241923993	0.0443892627	-0.0046584663	-0.071241328	-0.1203426903	-0.130756415	-0.003046918	-0.0571133752	0.0333290768	0.0398456541	-0.0712083351	-0.0062404383	-0.0281455815	0.1286933944	0.0779786154	0.1217261172	0.0571036081	0.0260983311	-0.140926372	-0.0814243493	-0.0345724397	0.0997548972	0.0422158074	0.020770842	-0.1159618219	0.1189753181	0.136479714	0.025098814	-0.1501019806	-0.049022407	0.0392797793	0.0156403841	0.0266519268	-0.0466832444	-0.0264756085	-0.0373954995	-0.0919439675	-0.1258614298	-0.0191201678	0.1342079343	0.0528337979	0.1053404656	-0.0103441453	-0.0197767483	0.0903465929	-0.0282123767	-0.0239161851	0.0491699205	0.2197907043	-0.1097036367	-0.099235299	0.0078783679	0.0514387088	0.0620273017	-0.0750884127	0.0528813463	0.0233132235	0.0412187229	0.0613011135	-0.1079345748	0.0326393084	-0.0461457625	0.0601331192	-0.0082442674	0.0643590462	0.008323034	-0.0322783785	0.1239831975	0.0824074523	0.0899600913	0.0120778645	0.0755590553	-0.0281192596	0.0669203937	-0.0163303802	0.0300397961	-0.058293329	-0.0738969932	0.0096414601	-0.1711226953	-0.01529838	0.084545853	-0.0367265954	0.0243481809	0.1163321184	-0.0950479723	-0.0257194454	-0.1220451791	-0.2212708779	-0.161681642	-0.0463231648	0.1088890649	0.0351538752	-0.0118927622	0.0806723382	-0.0263539121	0.0298964599	0.0199097928	-0.0384829474	-0.0211468087	0.0784419748	0.1020819351	0.1071121589	-0.0429093751	0.1721721391	-0.0182421288	0.0968536642	0.0221970121	-0.0729047259	0.0727078014	-0.0727396597	0.181917852	-0.0020691219	0.0977686681	-0.004309991	0.0312439301	-0.001509914	0.0890717577	0.0191520812	0.0429104971	0.0569498908	0.0785924085	-0.0296392825	-0.02150061	-0.0499728549	-0.0443259471	-0.0320215388	0.0433967326	0.022206868	-0.0844837432	0.0028419673	-0.0118796566	0.0863049669	0.0837053097	0.1389875449	-0.0556743562	0.1635146134	0.0202147862	0.0367906366	0.0253908375	0.1278972455	0.0906382439	-0.0854562911	-0.0155722094	0.0896147152	-0.2198276041	0.0192132841	0.1676597865	-0.1481994944	0.0733049463	-0.1088756826	0.081087548	-0.039904206	-0.0638843	-1.8400000000001748e-05	3.3856000000006433e-10	0.00408120378649	0.111932	-0.048322	0.012528772624	0.002335015684	-0.0983454	0.0221916	0.00049246711056	0.0096718177011599	0.00372259	0.0008258699999999	6.820612568999997e-07	1.38576763081e-05	0.0022323	0.0002205599999999	4.98316329e-06	4.8646713599999934e-08	-0.000947196	-0.0004527919999999	2.0502059526399998e-07	8.971802624159999e-07	0.0	0.0	0.0	0.0	0.0
551.621010111577	1.7406539152453888	3.0298760526591013	304285.7387965165	788.9282971429463	0.9047488519153148	0.8185704850420803	622407.8580328691	517.4300890198102	0.420102448825105	267733.8970230487	0.17648606750885	529.0762248714472	505.3285045506699	1.339814	56.942009	0.0743695	0.0382296	-0.0346180839	0.0962094557	-0.0020261049	-0.007560015	0.0135209908	0.122313513	-0.0365366628	-0.0790880006	-0.0124050202	0.0097667247	0.0054282771	0.0086187684	-0.0716638492	-0.0446676593	-0.0925120472	-0.1263291079	-0.0090333574	-0.0024167936	0.0587287279	0.0259634159	0.063275006	0.1044794224	-0.0024934311	0.0643004214	0.051743691	0.1130986105	0.1377809905	0.0025372715	0.1232992157	0.2022238814	-0.0793058127	-0.1509219842	-0.0531336016	0.0553528109	-0.0731941641	0.1160816568	-0.1299222721	-0.0824939158	0.1324095265	-0.0074323677	0.0004207582	0.0074107928	0.0528342121	-0.0405272609	0.0118939379	0.0407502177	0.2243420448	-0.1053626784	-0.0895742694	0.0188986854	0.0065146695	0.0038665371	0.0568677186	-0.0374345964	-0.0890250797	0.0455463968	-0.0341207071	0.0598098857	0.02655461	-0.0251578027	-0.0939787989	0.0116223068	0.0002596726	0.0281643411	-0.0971856542	0.1252839446	0.0576739193	0.0403440289	0.0705041609	-0.0340091508	-0.0077342592	0.0341407826	-0.0957077046	0.0036619704	-0.0462078651	0.0191566709	0.0681652162	-0.0902834202	-0.0365373688	-0.032002791	-0.1111874835	-0.0720957547	-0.0325803504	0.1120712759	-0.1227310073	-0.0083463648	0.0902931358	-0.073455718	0.0473671448	0.0524842327	-0.1273069264	0.0781087357	-0.0075847709	0.0273987768	0.1443893814	-0.0082842432	-0.0372743966	-0.1449141576	-0.0249876113	-0.0974312018	-0.1785248914	-0.1495738246	-0.0494351654	-0.0003156055	-0.0130302534	-0.0227859096	-0.0937009078	-0.0249418581	0.0990864793	-0.0248707881	-0.1245972749	-0.0954134441	-0.0824597555	0.0354956462	0.0263086725	-0.0843698161	0.0213819759	0.0305922248	-0.0320326538	-0.0648852993	0.0477721162	-0.0328749603	-0.0067707435	-0.0594464228	-0.0261987334	-0.0192818983	-0.0416673047	-0.013218214	0.0701389968	-0.1063995839	-0.1323297074	-0.0967482608	-0.068065283	0.0103885463	-0.0035784052	-0.0320941455	0.0763532668	-0.0678330686	-0.0081072911	-0.1007769117	-0.1171099585	-0.0344568403	-0.0375831406	-0.1283469797	0.0830731332	-0.1522671534	-0.0637627386	0.0436009815	-0.0377960856	-0.0353513721	-0.1034177508	-0.0613174769	0.0612921927	-0.023518935	-0.0208482296	0.0408930508	-0.0451975774	-0.0568240932	0.0386025889	0.1078727281	0.1323791667	0.0330067965	0.0376597107	0.1242937977	-0.1206706446	-0.0456096917	0.0687039839	0.0866205477	-0.0367936742	-0.1009665452	-0.0720303811	0.0651795032	0.0767500213	-0.0625636052	0.0159690457	-0.099777025	-0.0158623814	0.1020666062	-0.0464304553	0.0753211468	-0.0605559721	0.0125657616	-0.095593507	0.0563718805	0.0668148588	-0.0294177987	0.0207203009	-0.0717443423	0.1137336001	-0.089551789	0.0086600932	-0.0266002673	0.0765847953	-0.0306936903	-0.0140090388	-0.1731863501	0.074397347	0.0761822352	-0.1139744894	0.0102891717	-0.1098938456	0.0848412804	-0.0472291519	-0.0638396	4.470000000000862e-05	1.99809000000077e-09	0.00407549452816	0.119997	0.008065	0.014399280009	6.504422500000005e-05	-0.131115	-0.0327696	0.00107384668416	0.017191143225	0.00354113	-0.00018146	3.2927731600000016e-08	1.25396016769e-05	0.00252554	0.00029324	6.3783522916000005e-06	8.598969760000009e-08	-0.000752092	0.0001951039999999	3.8065570815999996e-08	5.65642376464e-07	0.0	0.0	0.0	0.0	0.0
551.1964960453553	-0.4245140662217181	0.1802121924200973	303817.5772526773	789.5976492811174	0.669352138171007	0.4480322848740989	623464.4477502664	517.5759244664893	0.1458354466790297	267884.83758734097	0.0212679775080721	529.2371571394066	494.482183495588	1.234843	52.480732	0.0688908	0.0413957	0.0702566097	0.0267992077	-0.1329006967	-0.0160283838	0.0318196874	0.0168008296	-0.0194833147	-0.061535035	0.0358372184	0.0896974268	-0.0226225797	-0.101187369	0.012287437	0.1710286043	-0.0630951609	-0.0704331444	0.0397826533	-0.0196283663	-0.041410016	0.0315014468	0.0704934855	-0.032118078	-0.1014831533	-0.0263303235	-0.0079903139	0.0229872881	0.2240015216	0.0021500869	0.0008871394	0.1287673365	-0.1094361096	-0.0622178125	0.0444161854	0.087060824	0.0455604231	0.1255980521	0.1862547454	0.0011025005	0.0869811181	0.1034440729	0.0512635052	-0.0334572204	-0.0850394363	0.0740490697	-0.0360920154	0.0123542724	0.0048326648	0.0519413338	0.0204500785	0.1157225861	0.0663347654	0.0528945245	-0.0067740112	0.0056013597	0.0108815542	-0.0904248374	-0.0152715307	-0.0624268603	-0.0088735492	0.0055660825	0.0165594157	0.023493459	0.0456510024	-0.0341886375	-0.0011338811	0.1193607395	-0.0005459106	0.1446564241	-0.0073688195	-0.0760750326	0.0426382324	0.0549645104	0.0724113894	-0.0304034809	0.1736554846	-0.071749031	-0.0609994244	0.0288775899	0.0929901357	-0.0138575185	-0.0837655738	0.0510171347	-0.0547454923	-0.1979982783	0.0902602769	-0.0718176057	-0.0041726073	-0.0818688898	0.041048483	-0.097924978	0.078102881	0.1725360077	-0.0480355644	-0.0392650168	0.0219955529	0.1619741977	-0.1233361271	0.0546980757	0.1018410092	-0.0615755535	0.0399436489	-0.0606950915	0.0697061327	0.2096715397	0.0360991805	0.019981216	-0.0153029542	-0.0313177388	-0.0287754218	-0.1039190311	0.0471344192	0.0234362523	-0.0542428676	-0.0928082434	-0.030192666	0.0924842807	0.0461054642	0.0469928605	0.0035787606	0.0487780164	-0.0306811967	0.0589146522	-0.0483855899	0.0339406411	0.0093723831	0.0623558121	0.0152180767	-0.0051111166	0.0528233933	-0.0921758903	-0.0268103211	-0.0372317911	-0.0430904532	0.0737750482	-0.0818913521	-0.117144934	-0.0239852836	0.112065632	0.050297258	0.0225655157	0.1200418211	-0.060878625	-0.0181210271	-0.0066170857	-0.0519692716	0.145803759	0.0123045617	0.0726609224	-0.13319062	-0.0721361518	-0.0670352987	-0.0045031111	0.0445283661	0.0817384352	0.3111190515	-0.0585619344	0.0688401052	-0.0045663444	-0.0468570814	0.1160685374	-0.0590005483	0.0157813125	-0.0267712531	0.0911224452	0.0572682301	0.0961375008	-0.159130802	-0.0216466555	0.1550292885	0.0284384086	0.0650489865	0.0471476652	-0.0537672546	0.0700985957	0.0411255204	-0.0143442267	-0.0016778057	0.0576794404	0.0498319213	0.0690257898	0.1531937918	-0.000978515	0.0030662215	0.0601525784	0.0939257085	0.0001329935	0.0123830175	0.0327303841	0.0491120986	0.072941206	0.0251432462	0.0941569958	-0.0431441721	0.138890434	0.0899749215	-0.0370661716	0.152329138	0.1302807684	-0.0481861022	0.0405993333	-0.1108582214	0.0884289321	-0.0543461203	-0.0686955	-0.0048559	2.35797648100001e-05	0.00471907172025	0.112003	-0.007994	0.012544672009	6.390403600000002e-05	-0.0981474	0.0329676	0.00108686264976	0.0096329121267599	0.00317798	-0.00036315	1.3187792250000002e-07	1.00995568804e-05	0.00251024	-1.530000000000021e-05	6.3013048576e-06	2.3409000000000643e-10	-0.000669076	8.301599999999999e-05	6.8916562559999995e-09	4.47662693776e-07	0.0	0.0	0.0	0.0	0.0
550.5669925192302	-0.6295035261250632	0.3962746894038881	303124.0132516701	787.1509103496425	-2.446738931474897	5.986531398794921	619606.5556642709	517.1812616006148	-0.3946628658744657	267476.45735080354	0.1557587777002465	528.9575511286397	490.4266415073118	1.144155	48.626526	0.0735521	0.039612	-0.0006930775	-0.107610904	0.0075358291	0.0011081155	0.017859068	0.0752999528	0.0091370118	0.0803472948	-0.0761395046	0.043048106	-0.0106270117	-0.0097994966	0.0887369434	-0.09739913	-0.0419508629	0.0256092934	-0.0204691331	-0.0153618641	0.0041621818	0.0549067214	0.1381280959	0.0271981131	0.0938606987	0.0064998746	0.0261290724	-0.0248614922	0.0030842281	-0.0647366054	0.0439621964	-0.1023347065	-0.1134903664	-0.1327561007	0.0160308275	-0.0762834829	-0.0084163614	-0.2192758471	0.024288447	0.0541293365	0.1254037683	-0.0643926835	0.1986737933	0.0088915489	0.083289864	-0.1289948319	-0.0421349483	-0.0984811	0.0652038618	-0.1997963817	0.0962736324	-0.0550057305	-0.0122024518	0.0581511036	0.0863339291	0.0388165836	0.0005009343	-0.0180589122	-0.0603849056	0.1962441733	0.0004820685	-0.0547199094	0.1189106065	0.0266619382	0.0735043188	0.085031662	0.0531651317	0.0124670549	0.0033491958	0.106596788	0.0510014615	0.0778300137	0.0807269907	0.0460631797	-0.0169971491	0.0897861079	-0.0290108797	-0.0392447387	0.0730011203	0.0123956626	0.0719793315	0.0082804134	-0.0453650041	0.1059587754	-0.0102640258	-0.0005170617	0.2187190654	0.0509482632	-0.0826987975	-0.1765320307	0.0175121473	0.1201123156	-0.0636744604	0.021043563	-0.0714053421	0.1008369101	-0.0409243241	-0.0137813903	-0.0146423789	-0.0468644889	0.0632936698	-0.0381212278	-0.0092195635	-0.0193045337	-0.0283458383	0.0974475951	0.0701917371	-0.0036979395	-0.0084751226	0.0065199874	0.0361438189	0.0188888663	0.0573062827	-0.096064187	0.1038645319	-0.0312427484	0.0596984312	-0.0409129543	0.0592324392	0.0335110365	-0.0709499709	0.0184433308	0.045210886	-0.1201148002	0.0253710845	0.0620879075	-0.0683792866	-0.0325105499	-0.1303934613	0.0760373941	-0.1136971945	-0.0157861643	0.0639624667	-0.1050600122	-0.0687825076	-0.036854064	-0.0849255318	-0.0423853172	-0.1079663605	-0.0076967254	-0.0332747687	0.0492069541	-0.0248744588	-0.0416542707	0.0483759235	0.001650953	0.0496236387	0.0738848323	0.0458225101	-0.1929910657	-0.2135446765	-0.1911813651	0.0070371163	0.0677559833	-0.0427468654	0.0213889337	0.061022993	0.1076131186	-0.060738397	0.0342427581	-0.0470504841	0.0273856722	-0.0193545125	0.0605144722	-0.0146694837	0.0244117175	-0.0051233087	0.0154339155	0.0244333954	-0.0548979766	0.0584094122	-0.0553105112	-0.0025294917	-0.023623501	-0.0016663721	0.0091583985	-0.0681341446	-0.0490214389	-0.0226451617	0.0342013159	0.062215595	-0.1066116459	-0.029225938	0.0351475479	-0.0722356451	0.0436105072	0.0077879752	0.0422466597	0.0344403948	-0.0266337497	0.0274822094	0.0581941702	0.0142922533	0.0549385502	0.0263890951	0.0023058412	-0.0653836562	-0.2171567144	-0.0108838764	0.0577992228	0.0441844859	0.0302865173	-0.111768338	0.0918434799	-0.0612237711	-0.0638077	0.0048878	2.3890588840000112e-05	0.0040714225792899	0.108967	-0.003036	0.0118738070889999	9.217296000000066e-06	-0.112885	-0.0147376	0.00021719685376	0.012743023225	0.00376092	0.00058294	3.3981904360000013e-07	1.41445192464e-05	0.00285043	0.00034019	8.124951184900001e-06	1.1572923610000015e-07	-0.00076376	-9.468400000000004e-05	8.965059856000009e-09	5.833293376e-07	0.0	0.0	0.0	0.0	0.0
550.3760879820603	-0.1909045371698994	0.0364445423120535	302913.8382224366	785.5055697843864	-1.645340565256106	2.7071455756772824	617019.0001622934	516.9301415650614	-0.2511200355534129	267216.7712584744	0.0630612722563473	528.4952110258924	469.8117610590977	1.293079	54.955791	0.1116479	0.0516861	0.0400136095	0.0016231299	0.0886926685	0.0841173321	-0.0431971343	0.0423733338	0.1851707812	-0.0689220657	0.1508356846	0.1554144092	0.1657578103	0.0564255245	0.0289183637	0.1285832314	-0.1510369744	-0.0105985389	-0.0510575054	0.047562781	-0.032079603	-0.0261819436	0.0222053401	-0.0862963273	-0.0422352982	-0.0149359985	0.0348449325	0.1211558788	-0.1355820742	0.0576297666	-0.0008562264	-0.0904161201	-0.0869916307	0.1112380911	-0.0747776831	-0.0869610507	0.0981965775	0.0511726029	-0.0343185112	0.0010919109	-0.0461201329	-0.0733748553	-0.0180163913	-0.0149002952	-0.1561647051	-0.2203401742	-0.0133104514	-0.0257172713	0.1135763698	-0.1035145275	-0.0784397593	0.0072067789	-0.0773151165	0.0307980194	0.1363492035	-0.0522239606	0.1363655481	0.0514077773	-0.0240284948	-0.0745059754	0.0187481171	0.0375438983	0.0348850215	-0.0108274593	0.0251485302	0.0635334825	-0.1635056286	-0.0519405701	-0.0345598929	-0.130052609	0.0368680327	-0.0477963826	-0.1621060339	-0.0270715682	-0.1218035145	-0.0216839263	0.1516185959	0.0253017099	-0.0116985803	-0.0618174609	0.0799104366	-0.0886614344	0.0649210777	0.0237838862	-0.1277720125	-0.065300674	-0.1029581939	-0.1215692275	0.0020702731	-0.0670638424	-0.0599343656	-0.0385548836	-0.1168426332	0.0484273308	0.0538422007	0.0390966214	-0.0926157243	0.1557320367	0.0443260887	0.0464076051	0.0019869711	-0.1129331018	-0.1179256341	0.026743022	0.0045122954	-0.051998018	-0.0042936763	-0.2429145233	-0.0984242085	-0.0072082603	-0.1183638969	0.1005099814	-0.0890083445	0.0192092584	-0.0466518084	0.0588297646	0.061344617	0.1013904708	-0.0622235159	0.0098572779	-0.1591247875	-0.0850844084	0.0099674914	0.0499792305	0.0224615318	0.0342169752	0.0285095711	-0.0205935223	0.0882364082	0.0551561352	0.169529321	0.006824829	0.0179947719	-0.0393070038	0.1646945647	-0.0671983362	0.1183840329	0.1100679939	-0.0015617228	0.0521790903	0.1828350877	-0.0747777644	-0.0758424791	-0.0449113656	-0.0704105844	-0.0224975179	-0.0044226657	0.1105615236	0.0045364853	-0.0432543396	-0.1050925193	0.0395453311	-0.0252532011	-0.0200097347	0.216540313	-0.0429670108	0.0315384061	0.0560164826	0.0450679675	-0.0385463026	-0.0011548099	0.0193966472	-0.0640501381	-0.1171223192	-0.0108635461	0.0673473772	-0.0534155582	0.0617258016	-0.0669948182	0.025750256	-0.1569537488	-0.2255077347	-0.0706534127	0.0814563424	0.0275091462	-0.0900228382	0.1228454683	0.1467255534	-0.1212002425	-0.0717185277	-0.0798426586	-0.0297077215	-0.0052836985	0.0667121843	-0.0985290249	0.0340235446	-0.0151564919	0.0351714249	0.0993928396	-0.0990438154	0.1064945262	0.0829478017	0.0080252944	-0.0675680327	0.1012822834	0.1061584077	0.1953887102	-0.121472722	-0.0403554493	-0.1135461693	-0.1338935508	0.1325372314	-0.11262375	0.0950782398	-0.067831818	-0.0811729	-0.0173652	0.00030155017104	0.00658903969441	0.122256	0.013289	0.014946529536	0.000176597521	-0.0924351	0.0204498999999999	0.0004181984100099	0.00854424771201	0.00459585	0.00083493	6.971081049000004e-07	2.1121837222500003e-05	0.00295702	0.0001065899999999	8.743967280399999e-06	1.136142809999994e-08	-0.000494404	0.000269356	7.2552654736e-08	2.4443531521600005e-07	0.0	0.0	0.0	0.0	0.0
551.8585582025541	1.4824702204938376	2.1977179546510475	304547.86826140183	788.432910339756	2.9273405553695966	8.569322727111578	621626.4541068176	517.5155156183142	0.5853740532528491	267822.3089056896	0.3426627822216694	529.2551302281025	478.373692548052	1.1835	50.298664	0.047912	0.0237208	0.0544553965	-0.0470155438	-0.0308203528	0.0766625795	-0.0007833499	0.1075551755	0.1993846909	0.1158355457	-0.0937212914	-0.0699101815	0.0145215322	-0.0931659626	0.0353353774	0.0425097271	-0.1803963753	-0.02025577	0.0749979709	0.027240184	0.0954610308	0.073072428	-0.0667770755	0.0366297812	0.0677758282	-0.0301972129	0.0891153828	-0.0858155968	-0.2254481003	-0.1484124261	-0.1451577601	-0.0617541153	0.0925304563	0.0844930464	0.085998008	-0.0441729374	0.0371298872	0.1740104472	-0.1735981779	0.0302289695	0.0241351382	0.0991656527	-0.0711854713	-0.0333909573	0.2526489856	-0.0333253099	0.0357940561	-0.0055733903	0.0161621223	-0.0650164062	0.0154771311	0.0670223297	-0.0304094415	0.0985062228	0.0879680753	0.0881663318	0.0349308562	0.1229822077	-0.1749537095	-0.0173703607	0.0641650051	0.0479559123	-0.0943639065	-0.0550135575	-0.0439182115	0.0437865483	-0.0573879636	0.0106246073	0.1447645607	-0.0634932116	0.0074851895	0.0372162732	0.0414211406	-0.2385459594	-0.010441635	0.0233152899	0.1192194471	0.0241576117	0.0369334297	-0.1487125899	-0.0192020084	-0.0609921199	0.04374971	0.1456441744	0.0256004814	-0.0288139952	-0.0037423623	0.043197953	0.0964011888	-0.0625341715	0.03738644	-0.0678256291	0.0110149543	-0.0668754816	-0.0589256865	-0.1118680474	-0.1509059048	-0.0585154562	-0.0849362785	-0.0352218362	0.1575065096	0.0210727404	-0.0535077091	-0.0700356254	0.0340448246	-0.0660419386	-0.1305893059	-0.0597959209	0.0540630083	-0.1277949708	0.0233100291	0.0516310544	-0.0206437194	0.045039747	-0.0445009165	-0.079711002	0.1210620001	-0.0033411537	0.075625275	-0.0670641685	-0.1096128049	-0.0599750715	0.084006061	-0.0273627122	-0.0533450623	-0.0232815041	0.1813004945	-0.0845767206	-0.0144189712	-0.0793231014	0.0605262067	0.0419990416	-0.012369834	0.0720468956	0.0563192086	-0.1969242229	0.0184935731	-0.1023679399	-0.0869074101	-0.0467120122	0.1611094522	-0.1416332429	-0.0672208468	0.013851645	0.0234406301	0.0260667901	-0.07741659	0.0962240482	0.0206425988	-0.0627829912	-0.0515259142	0.0415101585	-0.0348020557	-0.1933930491	0.0248800923	0.1428412949	-0.0482994678	0.0686100941	0.1005935032	0.0765723322	0.0114505376	0.0595881434	-0.0427769515	0.0834655817	-0.0475627136	-0.0146676012	-0.0045144833	0.0293274328	-0.0496652387	0.0997693605	-0.1223281117	0.1555537623	-0.020650408	-0.0225429112	-0.0513654322	-0.0840719982	0.0331424916	0.0089370921	-0.1042619529	-0.0392110911	0.0750898035	0.012831664	-0.0287238241	0.0230000142	-0.1518576196	0.0367187535	-0.0501981103	0.0583296144	-0.0092459118	-0.1232401921	0.0333700451	0.0011777794	0.0443181396	0.0366042232	0.0091721484	-0.0325872167	-0.0640740501	-0.064339694	-0.1383842153	0.0432433565	-0.128541721	-0.0161040766	-0.1134240387	0.0981268796	-0.0741411618	-0.0811522999999999	2.0600000000106644e-05	4.2436000000439375e-10	0.0065856957952899	0.111902	-0.010354	0.012522057604	0.000107205316	-0.104284	-0.0118488999999999	0.0001403964312099	0.010875152656	0.00429372	-0.00030213	9.128253690000019e-08	1.84360314384e-05	0.00316866	0.0002116399999999	1.00404061956e-05	4.479148959999997e-08	-0.000494404	0.0	0.0	2.4443531521600005e-07	0.0	0.0	0.0	0.0	0.0
550.7828620339063	-1.0756961686478237	1.157122247243607	303361.7611102611	782.9637267489068	-5.469183590849184	29.911969150413974	613032.1974045368	517.3149309111345	-0.2005847071797006	267614.7377435919	0.0402342247543662	528.8467886343279	488.40890099209815	1.14855	48.813293	0.0791799999999999	0.046561	-0.0118132382	-0.1006363186	0.0636309649	-0.0382331074	-0.0615685367	-0.0729442814	0.0236202217	0.023862913	-0.0393524942	0.1939087126	-0.0322554246	0.0664745493	0.1233019071	-0.0162885534	-0.0057474912	-0.0620790815	0.0451687012	-0.119425913	-0.0568833386	-0.0672876841	-0.1131830363	0.1015428088	0.0126906782	-0.0757697358	-0.0480939361	0.0582213954	0.078603444	0.0577149273	-0.0494538947	0.1366292609	0.1082349693	0.0116111919	-0.038826577	-0.082710675	0.1326929201	-0.0124795557	0.0819716979	-0.005460293	-0.059822079	0.1571195544	0.1306597078	0.0274284637	0.2457674542	-0.0777595129	-0.1252186953	-0.1254865973	0.0436367156	0.0042145177	0.0339375916	-0.1137747906	-0.0538463572	-0.0194874527	-0.014887262	0.0331706225	0.0536770029	-0.0622532929	-0.0068518789	-0.0055809767	-0.0330893709	-0.0437852004	-0.0366696716	-0.0851127278	0.0433552851	-0.0266297625	-0.1036274299	0.0297975168	0.0792871266	-0.0001474308	0.0923379838	-0.0140120024	0.0649253756	0.1728315881	0.0173977436	0.0231973605	-0.0348852039	-0.052004606	0.0651049347	-0.0083530605	-0.097956614	-0.043195439	-0.1184403479	-0.1002167215	-0.062997066	-0.0074849775	-0.0947239861	0.0912858349	-0.1280085225	0.0999328513	-0.0609852362	-0.1193330448	-0.0977643907	-0.0548540557	-0.0995111886	0.0477964773	-0.0385808189	-0.1506628988	-0.0275645528	0.0131511465	-0.0293643866	0.0557549218	0.0182208608	-0.0350480745	-0.0169258383	-0.019796568	-0.0239379061	0.0444289059	0.0060296863	-0.1066464204	-0.0309297401	-0.0218378101	-0.0689399821	-0.0180152922	0.1195769325	0.0439058825	0.0402226653	0.0674176276	-0.0072811319	-0.0588414206	-0.0568818945	0.0327251251	-0.00467596	0.0269026783	-0.0316608748	-0.02367953	-0.0650095498	-0.090559385	0.0567272898	-0.0091594966	0.0918912459	-0.0123805612	-0.0978002195	-0.1110361956	-0.0871084951	0.1080735439	-0.0931931366	-0.0294962447	-0.0270511321	0.0101929341	-0.0464816555	-0.0524693902	0.0303872914	0.0071944719	-0.0142447741	-0.0971632062	0.0700765041	-0.0867348401	0.0428371224	0.0885146498	-0.0625986508	0.0530241108	-0.0246203015	0.1102629974	-0.0127084928	0.1940958482	-0.1482773162	-0.0121594483	-0.0207157194	-0.1033522235	0.0315508852	-0.0301410253	-0.0277163133	-0.0487945154	0.0483133496	-0.0601250334	-0.0636085594	-0.0170914875	-0.0018018979	0.0534100557	0.0421652764	0.0783818717	0.0085221197	0.0088471972	-0.041298469	-0.1174000461	0.0937686925	0.0670673629	0.0100231814	-0.1032518598	-0.00479348	-0.1445925959	0.0321960976	0.0662003584	-0.0616284604	0.0381562355	0.1367013701	-0.0108060468	0.0129978067	0.0414356064	-0.0763779453	0.1488973019	0.0219795178	0.1216729263	0.1311613217	-0.1108212799	0.0699352736	-0.0189874907	0.0653280551	-0.0765348227	0.0362200595	0.0104303188	-0.1141688124	0.1009834314	-0.080124019	-0.0781486	0.0030036999999999	9.022213689999404e-06	0.00610720368196	0.152123	0.040221	0.023141407129	0.001617728841	-0.0952333	0.0090506999999999	8.19151704899999e-05	0.00906938142889	0.00388471	-0.00040901	1.6728918010000002e-07	1.50909717841e-05	0.00315962	-9.039999999999656e-06	9.9831985444e-06	8.172159999999378e-11	-0.000614446	-0.000120042	1.4410081764e-08	3.775438869160001e-07	0.0	0.0	0.0	0.0	0.0
549.8028973904924	-0.9799646434139504	0.9603307023414308	302283.2259789803	787.6947342331734	4.731007484266684	22.38243181618737	620462.9943386697	517.2191968764605	-0.0957340346740238	267515.6976175308	0.0091650053949672	528.9339016414098	480.9482260280405	1.138157	48.37162	0.0913157999999999	0.0500393	-0.0016088329	0.089110329	0.0906277752	0.0244083864	0.0085588547	0.0224566113	0.0621273311	0.1115834319	-0.0318358221	0.1053341821	-0.0174242273	0.06635835	-0.1064254456	-0.0453349512	-0.0026457943	0.0490697404	-0.0091593461	-0.0727573781	0.143453191	-0.0692201814	0.0137951322	-0.1577579812	-0.060663978	0.0401621408	-0.068403636	-0.0290116382	-0.0339556337	0.1228210095	0.0428019923	-0.0392268941	-0.1452008819	0.0202901602	0.0726164965	-0.0401564118	0.0653171499	0.0643966026	0.0652871748	-0.0149128521	-0.0602631681	0.04664132	-0.0380986465	-0.0467031577	0.0075359573	0.1153636524	-0.0338231738	0.0043486121	0.1315771466	-0.0084654626	-0.1223511406	0.0225294549	0.0154946208	-0.0206221952	0.1079308499	-0.0276025629	0.0487305545	-0.0963227644	-0.0345205498	0.0186789136	0.1064906141	-0.1074768245	-0.029742903	-0.0616137098	-0.1041159865	0.1089534972	-0.0784792101	-0.0152697505	-0.1088677525	-0.0586026413	-0.048013294	-0.048199626	-0.1129383628	-0.0040403913	0.0341975467	-0.0436235166	0.0655211826	-0.0511041977	0.0841336339	0.0642124204	-0.0171877079	0.0270499101	0.0946198267	0.0497542948	0.0717896374	-0.0171771888	-0.0561821559	-0.0209499713	-0.0584019935	-0.0300771991	-0.0400471134	0.0711134504	-0.0808164645	0.1385501465	0.0851004218	-0.0525954177	0.1161326833	-0.0742076131	-0.0596400563	0.0460132087	0.0143312101	0.0343204017	-0.0135454954	0.0210704484	-0.013048413	-0.0226675931	0.0976855052	0.089176971	0.1073678282	0.1069327051	0.1135955567	0.0861251876	0.0480183683	0.0358986314	-0.0981292661	0.0860241252	-0.0166033948	-0.0075101858	-0.0286497685	0.0326777156	-0.1307642723	0.0258901169	-0.0085437529	-0.045879677	-0.1347738842	0.0487124409	-0.0469780709	0.0384845124	-0.0312894745	-0.0556249721	0.0739895265	-0.08523572	0.092122059	0.0144690806	0.1150298215	0.0002411429	0.1495135948	0.004881827	0.0199789244	0.0312298084	0.0260836869	0.0160955856	0.0132701231	0.113571556	0.1209276637	0.0519288718	-0.0057002002	-0.037256223	-0.0068860209	-0.0294285896	-0.0083577729	0.0437402893	-0.0461455304	0.1232995913	0.0935021212	-0.0447955845	-0.0029923819	-0.0647704792	0.0271319309	-0.0111046591	-0.1398257668	-0.032635178	0.1196899597	0.1098402449	0.121106072	0.0425703401	-0.0023450746	-0.0454431936	0.0352084771	-0.0306569996	0.0176903001	-0.0141612197	-0.1074760839	-0.0903817922	0.013443732	0.0487530405	-0.0637319002	-0.0242598439	-0.1024687234	-0.0371958603	-0.1129727068	0.0357992471	-0.0578910655	0.0034606775	-0.1315507132	0.0131992426	-0.0174468449	0.0354536474	0.0540477135	0.0070614916	0.0244280166	0.1004524961	0.0462469241	0.0444427816	-0.0420216233	-0.046636178	-0.0459662639	0.0138587822	-0.0242849089	-0.0353578989	0.0094064151	-0.0159626713	-0.1148577065	0.1036423034	-0.0857540434	-0.0773685999999999	0.0007800000000001	6.084000000001561e-07	0.0059859002659599	0.112117	-0.040006	0.0125702216889999	0.001600480036	-0.104151	-0.0089176999999999	7.952537328999976e-05	0.0108474308009999	0.00440214	0.0005174299999999	2.6773380489999973e-07	1.93788365796e-05	0.00335439	0.0001947699999999	1.12519322721e-05	3.793535289999997e-08	-0.000494404	0.000120042	1.4410081764e-08	2.4443531521600005e-07	0.0	0.0	0.0	0.0	0.0
549.6802927566866	-0.1226046338057358	0.0150318962306385	302148.4242450767	788.6051264422565	0.9103922090830564	0.8288139743591277	621898.0454510073	516.9217334742114	-0.29746340224915	267208.0785379836	0.0884844756776396	528.6013804421185	479.9287406849664	1.106492	47.025845	0.0910554499999999	0.0545856	0.070855712	0.114465395	-0.0403722732	-0.0933323024	-0.0524336044	-0.0067721246	0.0085373634	0.053706958	-0.0115600963	0.1527058582	0.0953468527	-0.0721813159	-0.1026036205	0.056640865	-0.0003801963	-0.0206608201	0.1053485906	0.0558862391	0.0083339081	-0.018517441	-0.0008421195	0.0334291303	0.0825995055	-0.029760163	0.0089336706	0.0431268587	-0.0030618334	0.2161954112	-0.0186026695	-0.0002288838	0.0371830881	0.0066454683	0.0058007132	0.078024943	-0.056947303	0.1734425362	0.1995829076	-0.1096610404	-0.091314682	0.020925309	-0.1003247946	0.0255640728	0.0311726627	0.0650064109	0.1205438544	-0.1349948516	0.0699625862	-0.0506267006	-0.0626513046	0.0906510532	0.0339829506	-0.0196956633	0.0110646333	0.0232628538	-0.0114297796	0.0676989754	-0.122523935	-0.0767461912	-0.0315647352	0.0448716264	-0.0096555376	0.0303747312	0.0662073658	0.0808043366	-0.0637838012	0.03079066	0.0062828395	-0.0055387743	0.0418334731	-0.0870668082	0.0117585803	-0.0221231131	-0.0971947011	0.0253350391	-0.0934445686	-0.0964087863	-0.002359353	-0.1286661467	-0.0687446486	0.0139866238	-0.1588792778	-0.0780918162	-0.0019301487	-0.0257811902	0.041344434	-0.0193543812	-0.1155398461	0.0996334625	0.0463278616	-0.1006031882	-0.1735163107	-0.0019433585	-0.0423403466	-0.0208589689	0.0614995304	-0.0050366927	0.0712063005	0.0273778464	0.039211707	0.0860200616	0.1333568481	0.0412034657	-0.2227575189	0.1183609749	0.013330937	0.0363061492	0.0905599312	-0.0064549821	0.0410590833	-0.0199499581	0.1291202527	-0.0571637404	-0.1134898857	-0.0281007647	-0.0373436941	-0.0281872303	0.001139554	-0.0280206487	0.0071099885	-0.0222720037	0.0591199086	0.0683156793	0.0115773371	0.0721176122	0.0751893758	-0.0915066864	0.0104480702	0.0320244521	0.1066893911	-0.0571881971	-0.0462484538	-0.0568387106	0.0363966339	0.0440963922	-0.0493243998	-0.01415504	0.0245895757	-0.0480298433	0.023558388	0.0162230884	-0.1351419542	0.0291345076	-0.0215840255	-0.1752959112	0.0248840286	-0.0525854572	-0.1079465401	0.0284625457	-0.0231595097	0.0096448137	-0.0885766533	0.0961214259	-0.0038452593	0.1622639742	0.0365195998	0.0457579202	-0.0132121967	-0.0496757755	-0.0004962871	-0.1059117016	-0.0668705416	0.0274017149	-0.0962548117	-0.1713207868	0.0011209506	-0.0714915855	0.0139037875	0.0586267478	0.1610722307	-0.012272116	-0.0266521883	-0.0722026918	-0.0930921803	0.1282049488	-0.0288294709	0.0303476563	-0.0361293694	-0.0859631603	-0.0330526045	0.1003027593	0.0211770097	0.0193556774	-0.0628387589	0.0202051778	0.0525461194	-0.0460703905	0.0886611617	-0.0182852296	-0.1076128209	0.0090961535	-0.0445601813	0.0985147682	0.0839238644	-0.0499260276	0.059555832	-0.1087267266	0.0450762695	-0.0601099017	-0.0053463208	-0.0167055682	-0.115490384	0.1060982907	-0.0910064429	-0.0811574999999999	-0.0037888999999999	1.4355763209999984e-05	0.0065865398062499	0.16129	0.0491729999999999	0.0260144640999999	0.0024179839289999	-0.0894554999999999	0.0146955	0.00021595772025	0.0080022864802499	0.00408495	-0.0003171899999999	1.0060949609999957e-07	1.6686816502500004e-05	0.00320362	-0.00015077	1.02631811044e-05	2.2731592900000052e-08	-0.000494405	-9.99999999907325e-10	9.999999998146501e-19	2.44436304025e-07	0.0	0.0	0.0	0.0	0.0
549.1473851768616	-0.5329075798250642	0.2839904886350072	301562.85064658435	784.7482770657003	-3.8568493765561698	14.875287113441717	615829.8583575852	516.4951805015463	-0.4265529726650356	266767.2714813249	0.1819474384893786	528.2872054752332	476.1204345970056	1.146915	48.743832	0.0864582999999999	0.0462903	0.0638651132	-0.06509479	-0.0559449763	0.0370518528	-0.0761012966	0.0757963533	0.1002285522	0.1560328318	0.0820487213	-0.0604704909	0.0255443489	-0.071038198	0.0696258959	0.0013556067	0.0443664389	-0.025208462	-0.0712055773	-0.0341622468	0.0501779743	0.1044748253	0.0622575744	-0.0662293642	-0.12952822	-0.1027359509	0.0453819696	0.036584315	0.0023255855	-0.1112970222	-0.1638011553	-0.1038798552	-0.0193078752	-0.0616092273	-0.066377155	-0.0621075445	0.0009622421	0.1964843462	0.0500264631	-0.0325169048	-0.1309960765	0.0865713692	0.0619113703	0.0625463371	-0.0430891525	-0.0278956878	-0.1144873672	0.0019927558	-0.1168483704	-0.138404666	0.0615187205	0.058188322	-0.0176037062	-0.0365495985	-0.0296683592	-0.0647549595	0.0189241683	0.076915733	0.009745261	0.030024954	0.1009654092	-0.1062813676	-0.0465113515	-0.1382738505	-0.0932544621	0.02520143	-0.0293131229	0.0161342362	0.07542118	-0.0297905369	0.0299423786	0.0150722238	0.0664702238	-0.0512451516	0.0574157119	-0.1163855945	-0.0368912604	-0.0284280097	0.0105752146	-0.013472835	0.0057944503	0.0030720859	0.2054188966	0.0158185204	-0.0457918439	0.038771031	0.145121631	-0.0870244236	-0.0540076023	0.0351276064	-5.8874e-05	-0.0783960927	0.0070779393	-0.015049895	0.1724820609	-0.062956431	-0.0594638188	0.1457630997	0.0296601725	-0.0495419513	0.0805149717	0.0632637786	-0.052996414	0.0484860678	-0.0906941916	-0.0079680198	-0.095437214	0.0710886132	0.0079428715	0.0017527388	-0.0906055202	-0.0502821674	0.0444145755	-0.0463972512	0.0157200783	-0.0854960359	-0.0049764212	-0.011595365	-0.0548369188	-0.0232597754	0.0120849452	-0.1134378965	-0.0363375221	-0.0795383071	-0.1190052568	-0.0192698734	-0.0515961453	-0.0181622266	-0.0002261677	-0.1574250663	-0.0380958034	-0.0410249742	-0.0565296233	-0.0042143592	0.0302225128	-0.0317166755	0.0083921554	-0.0236130255	0.0028306417	0.0011919069	0.0427987214	0.00670329	-0.0003345892	0.1564285331	-0.0017351541	0.1114420785	-0.033431852	0.1272418411	0.030685203	-0.0991976678	0.1540281165	0.0139867608	-0.1107427372	0.0734489138	0.1071778578	0.0227811063	0.0122428481	0.103495715	0.0328177044	0.1618326947	0.0385740175	-0.0018700938	-0.0621150411	-0.0792159149	-0.1230050719	0.0039032064	-0.0029178783	-0.0293830414	0.0312753763	0.0866152184	0.0326370427	0.0193028677	0.0406289746	-0.0191249531	0.0614763111	0.0647715697	0.0039220626	-0.0561781169	-0.0790810125	-0.0794193144	0.078721833	-0.0047477609	-0.0271158247	0.0111295675	-0.1072441416	0.0305090149	-0.0643605468	0.0698952913	0.1432577835	-0.0332646936	0.002432593	-0.0768736629	0.0272555417	0.1013829573	-0.0374935318	0.0187485134	0.0129365622	0.0483356	-0.1302942784	-0.0099919178	-0.0654554211	-0.0339494352	-0.116066535	0.1083465856	-0.0958580879	-0.0811618	-4.300000000109772e-06	1.8490000000944035e-11	0.00658723777924	0.128447	-0.0328429999999999	0.016498631809	0.0010786626489999	-0.107862	-0.0184065000000001	0.00033879924225	0.011634211044	0.004496	0.0004110499999999	1.6896210249999968e-07	2.0214016e-05	0.00349666	0.00029304	1.22266311556e-05	8.587244160000005e-08	-0.000494405	0.0	0.0	2.44436304025e-07	0.0	0.0	0.0	0.0	0.0
549.8894917133181	0.7421065364565038	0.5507221114514682	302378.45309673133	786.9647212114977	2.216444145797368	4.912624651439424	619313.4724314903	516.4491864649905	-0.0459940365558395	266719.7622003505	0.0021154513986999	528.2029682827117	477.4295845819098	1.13103	48.068722	0.0643046499999999	0.0338874	0.0038706875	-0.0913017511	0.0707241959	-0.0157671151	0.0130464449	-0.0903193531	0.037368273	-0.0092028872	-0.0341914649	0.1806718682	-0.0670676791	0.0526476227	0.0868989601	0.106817582	-0.0404115448	0.0507338819	0.0506467147	0.0335032192	0.0201162919	0.0800266988	-0.0081711423	-0.0180980511	0.1212463061	-0.010213977	0.0168459917	0.0235875625	-0.0668083443	0.1723404588	-0.1062207047	0.0093696092	0.0512844045	-0.0391855266	0.0461655592	0.0633578432	-0.1169757959	0.0278792013	0.1275459214	-0.0273386699	-0.008087151	-0.0683097635	-0.0776581215	0.0846227463	-0.126523009	0.1168475555	0.0146427231	0.0907617658	-0.0695365597	0.0576477617	0.0545930624	-0.0591819179	-0.0243584747	-0.0159106104	-0.0404587618	-0.0627273015	-0.0042348979	-0.1579217589	-0.0497668812	0.0544760021	0.0166682473	-0.0050986821	0.0298515488	-0.0686563001	0.1064558924	0.0640801716	-0.0933735372	0.0289119806	-0.1166692894	-0.0677039088	0.0548405529	0.1347602695	0.0312882876	-0.0758606681	0.0066645743	-0.0260962713	-0.1147741979	0.04092729	-0.0926384302	-0.1095810329	-0.0628648254	0.0951603444	-0.0176227858	-0.0469935916	-0.067525218	0.0591169194	-0.0109113182	0.0483055446	0.0212781382	0.063289016	0.069329211	0.0124179869	-0.1155143422	-0.0379045604	0.0416114855	0.064640861	0.0767879595	0.025193558	-0.048247175	0.0912321621	0.0125905845	-0.1443673792	0.0708288666	0.0240714561	-0.044965038	-0.0569309011	0.0209585515	0.0059718298	-0.1296149246	0.0667151189	0.162479947	-0.0258727479	-0.1057383553	0.0884362127	0.0933623896	0.0126831915	0.0204165114	0.0776486189	-0.0415253898	0.0445993603	0.0295591313	0.1297734179	0.1046063247	-0.0653723782	-0.0971441005	-0.0567504478	-0.0138607666	-0.0987564067	0.0438084358	0.0097871239	0.0122952331	-0.0679598164	0.0473948172	-0.109490526	0.1297994119	-0.1133406687	-0.0690073944	0.0938421197	0.0315139993	0.0175582715	-0.0896996939	-0.0533052321	-0.0247353422	0.0105913722	-0.0511528806	-0.0877099592	-0.0428480525	-0.0646853895	-0.0529254407	0.0427559353	0.0912590577	-0.005953115	-0.101238974	0.0680846139	-0.0527515106	-0.0510806849	-0.0069510332	0.0735060419	0.0593107809	-0.0449979883	0.0880906773	0.0558830913	-0.0408805486	-0.0106906531	0.0183793684	-0.0451770659	0.0293811089	-0.0240599505	0.1876732256	-0.0838889331	0.0644720375	-0.1021179117	-0.0711884632	0.0295438713	0.0330686275	-0.0824833825	-0.0778151059	-0.0104999168	-0.0184443927	-0.1184765428	0.0016939843	-0.1063723416	0.0104015092	0.0716198212	-0.04373026	-0.0981996546	0.0591681729	-0.0828729753	0.0382900304	0.0583668689	-0.0664121733	0.1108936088	0.0106728314	0.0046497707	0.0279080641	-0.1891581317	0.0638374251	-0.0288804578	-0.0310430016	-0.018799391	0.0485741228	-0.0335249912	-0.1165858777	0.110382787	-0.100287614	-0.0908065	-0.0096446999999999	9.302023808999984e-05	0.00824582044225	0.146017	0.01757	0.021320964289	0.0003087049	-0.0907221	0.0171399	0.00029377617201	0.00823049942841	0.00411305	-0.0003829499999999	1.4665070249999996e-07	1.69171803025e-05	0.00348061	-1.6050000000000092e-05	1.21146459721e-05	2.576025000000029e-10	-0.000494404	9.99999999907325e-10	9.999999998146501e-19	2.4443531521600005e-07	0.0	0.0	0.0	0.0	0.0
550.0094956047546	0.1200038914365677	0.0144009339599195	302510.4452553966	785.9360059196567	-1.0287152918409674	1.0582551516674468	617695.4054009427	516.9228968094884	0.4737103444979311	267209.281245913	0.2244014904843486	528.5802817733145	484.16154485710194	1.159476	49.277637	0.09644365	0.0490423	-0.0295336552	0.0496803822	0.1032934018	-0.000679898	-0.0101930145	0.0648860381	0.0430247758	0.0700873715	0.0854347765	0.0063211058	0.0973186899	0.1000903372	-0.0261994912	-0.0205060835	0.0187426977	-0.0042660442	-0.0333548554	-0.0478966689	0.1141755423	-0.1176145159	0.0270912148	-0.0849555987	-0.0523336615	-0.0480599299	-0.0939922085	-0.0279468608	-0.0031899021	0.0492102585	-0.1236705236	0.0940407551	-0.0950336169	0.2016397317	0.0470723281	0.0267436574	0.0091841033	-0.0051791099	0.0613455194	-0.0695189043	0.1819958584	-0.084986052	-0.0323886841	-0.0204579381	0.02478766	0.1016571108	-0.1938319921	-0.0424199979	-0.0841108638	-0.0710133772	-0.1378803318	-0.0464962154	-0.0342381644	-0.0840256524	0.0018702319	-0.020747503	0.0300049621	-0.0240975787	-0.0676798712	-0.0201598042	0.0375027081	0.0718845509	-0.0408970001	-0.0125341749	-0.0652261825	0.1003844219	0.1073276766	-0.024773246	0.1430504312	-0.0383603501	0.0289732732	0.000505633	0.011298494	0.0060245872	0.0303925944	0.0358102946	0.083052776	-0.0273923097	-0.0703713579	-0.0758030205	-0.0639508845	0.0482544773	0.0158567079	0.0362207486	-0.0163657311	0.0521299436	-0.0372214588	-0.0337389347	0.052537911	-0.0512316708	-0.0706912466	-0.061300006	0.0574585018	-0.1239468824	0.0725046125	0.0603255641	0.0443241357	-0.1588023307	0.0159972003	0.0260998158	-0.051976083	-0.0735129761	0.0299120154	-0.0019161687	-0.0335056096	-0.133866287	-0.0844970549	0.1425794677	-0.0039646725	-0.0616123042	0.0275689259	-0.0898480701	-0.1118251917	-0.0273326272	-0.0464367334	0.1318601945	-0.0035877295	-0.0196318026	-0.0670890026	-0.0308940203	-0.0092904101	0.0078500055	0.0401737638	-0.0538306626	-0.0127434869	0.1020595624	0.0743486417	-0.0695612328	-0.0248704526	-0.1026644706	-0.0125769468	0.0588495402	-0.0740415737	0.087155822	-0.0112057326	0.0594597751	0.0520068994	0.0035101684	-0.0307320856	0.0174268926	0.0447189669	-0.0675535782	0.0412909237	-0.0167970638	0.021222529	-0.109189232	-0.0450748108	0.0888988541	-1.63634e-05	-0.0052988622	0.0695972721	0.0270046946	0.0698040229	-0.0344759027	0.0047675707	-0.0246958591	-0.1029781211	-0.1301090145	0.078878226	-0.0232820805	0.1706113256	0.0571438017	-0.0062723648	-0.019890022	0.1091290934	-0.0203096327	-0.0046886189	-0.0160811284	0.2098742811	0.0301459519	0.0164983151	0.1006913525	-0.0214084396	-0.0394618149	-0.0009219565	-0.0366675862	0.0224242886	-0.0512355729	-0.0992068213	-0.0707061602	-0.1178556448	-0.0317092015	-0.0811411037	-0.0395403076	-0.0730770513	-0.0226119799	-0.043087542	0.055928348	0.0949742873	0.0083187444	0.0374637649	-0.0022362374	-0.0478977943	0.0130604728	-0.0584113014	0.1301089856	0.0556475922	0.2069966852	-0.0351393895	0.0299052661	0.0974455079	-0.0373687827	-0.1170481578	0.1122029089	-0.1042755153	-0.0811222999999999	0.0096842000000001	9.378372964000196e-05	0.0065808275572899	0.109889	-0.036128	0.012075592321	0.001305232384	-0.109968	-0.0192458999999999	0.0003704046668099	0.012092961024	0.00427685	0.0001637999999999	2.6830439999999852e-08	1.82914459225e-05	0.00394452	0.00046391	1.55592380304e-05	2.152124881000001e-07	-0.000494405	-9.99999999907325e-10	9.999999998146501e-19	2.44436304025e-07	0.0	0.0	0.0	0.0	0.0
549.653126381226	-0.3563692235286453	0.1269990234784095	302118.559340656	789.4621462365018	3.5261403168450443	12.433665534080069	623250.4803403437	517.1006146733008	0.1777178638124041	267393.0456955055	0.0315836391180442	528.873738236627	475.7008345676484	1.132443	48.12875	0.1141801499999999	0.0540015	0.0063928336	0.1104509154	0.085738742	-0.0029411129	0.0339670573	-0.0710977712	0.0637150617	0.1017294621	-0.0740791017	0.0046807455	-0.091240011	0.0746300007	-0.1523978709	-0.0025172175	-0.0197764356	0.0058952271	0.0470127361	-0.0554122065	0.0004236498	-0.0196201036	-0.080911288	-0.1517060483	0.0047237872	-0.0798811812	-0.0332995226	-0.2179943683	-0.0201418539	0.0358715466	-0.0751076921	-0.0544567771	-0.0054257339	-0.1178234285	0.0258861561	0.058320631	-0.0457978613	-0.0470893455	0.0032048787	0.2968649437	-0.0072512459	0.0248590379	0.0831853828	-0.0937546535	-0.1244977878	0.0318837877	0.0304057702	0.0403082522	-0.0381211467	0.0250418113	-0.1255697011	0.0158791896	0.0109719883	-0.0801694612	-0.0442081561	-0.0051143972	0.0727981859	-0.0318445592	-0.0558150693	-0.0202137196	0.0704577598	0.0617639744	0.0736807257	-0.0707468597	0.0204922298	-0.0416562756	0.0644187247	0.0914488214	-0.0516341458	0.0437080889	-0.0351593283	0.1236616889	0.0742586993	-0.1331427513	-0.0890249462	0.0505770477	0.0751170473	-0.0588365395	-0.0425292478	-0.0621423749	-0.050862073	-0.0021534968	-0.0216594997	0.0670615695	0.0713061997	-0.1273392862	-0.0249819655	0.1625362756	-0.0623175315	-0.1146925118	0.0496156255	0.0389758405	0.0551779362	0.0786449542	-0.1050208474	-0.0163294856	-0.0223709363	-0.0015868405	-0.0088978526	0.0391895149	-0.0652887064	0.0571201002	0.0621150225	0.1031100288	-0.0827334484	0.0206490882	0.1002029446	-0.0336264919	-0.0425455639	-0.0040271809	-0.0059363565	0.0756052152	0.1007674122	0.0116647142	-0.0988204787	0.0814612188	-0.0685730954	0.0279127907	-0.0462118795	-0.0504144731	0.0034281495	0.0480474492	0.083714494	-0.0374053397	-0.0659178287	0.0465096669	0.0708669269	-0.0272380529	0.0946497675	-0.0190939277	-0.1334320647	-0.067327386	0.1107457154	0.0178963314	-0.0285966394	-0.1449871273	-0.0696038995	-0.0688092298	-0.0301425341	-0.016881282	0.0773166242	0.0150578305	0.0367373764	-0.023550648	0.0526712273	-0.0756113794	-0.0527981744	0.0344977053	0.0710346924	0.0437902027	-0.1514088386	-0.0444283443	0.0609172524	-0.0721298936	-0.1072773227	0.0672142437	0.0820577861	0.0196610772	-0.081988707	0.0245571211	-0.0786518162	-0.067147625	0.1241297217	-0.0323198111	0.064092103	-0.0693468902	0.1243618355	-0.0269348355	-0.0189747553	-0.0982164857	0.0507277467	-0.1275483554	0.0015524682	-0.1070585195	-0.0109591349	0.053824469	-0.0538071472	0.066855831	-0.0466856659	-0.1071826564	-0.1257780516	0.0162590312	0.0053420434	0.0024906312	-0.0694959206	-0.0891489158	-0.025943723	-0.0844882848	-0.0346522674	0.0141813483	-0.0916082359	0.0531033545	0.0776604396	0.0874725536	-0.1248946241	-0.0420759191	-0.0623280591	-0.0210213003	-0.0741446358	-0.0282458109	0.1487748082	-0.0311196141	-0.117453149	0.1138033884	-0.1078042307	-0.0861225	-0.0050002000000001	2.5002000040001072e-05	0.00741708500625	0.147257	0.037368	0.0216846240489999	0.001396367424	-0.0860747	0.0238932999999999	0.0005708897848899	0.00740885398009	0.00396626	-0.0003105899999999	9.646614809999968e-08	1.5731218387600002e-05	0.00351083	-0.00043369	1.23259272889e-05	1.8808701610000006e-07	-0.000708498	-0.000214093	4.5835812649000026e-08	5.01969416004e-07	0.0	0.0	0.0	0.0	0.0
549.5301816041925	-0.1229447770334672	0.0151154181998089	301983.4204939368	789.2354748609615	-0.2266713755402634	0.0513799124893151	622892.6347790074	516.9073845739392	-0.1932300993615854	267193.2442270703	0.0373378712992881	528.6394310697888	477.32403940068326	1.169001	49.682457	0.11326775	0.0640704	0.0892440256	0.1000518401	-0.0750652197	-0.0118773144	-0.0155454762	-0.0030616909	0.0447357199	0.0317386104	0.0425022545	0.1184706261	0.2733193238	-0.123517271	-0.1093653085	-0.1297148297	0.0269474591	0.0720367028	-0.055460783	-0.0249193453	0.0223247051	-0.1383155707	-0.0572155993	-0.0983257043	0.0036495358	-0.191344823	0.0990243876	0.0159829645	0.095919651	0.117095639	-0.0410204683	0.0428169776	0.0623804898	-0.0715052693	-0.1274888407	-0.0004601509	-0.0638659939	-0.1357286607	-0.0377226713	0.0634896418	-0.0292259767	-0.0298405355	-0.1228607322	-0.1866527534	0.1092775757	0.0445471895	0.0366632206	-0.0527799915	-0.0050897678	0.0733730634	-0.0286406758	0.1144295729	-0.0281708007	-0.0420477842	-0.0566420975	-0.067382368	0.0098503861	0.027523486	-0.0471444748	-0.0310647849	0.0141945514	-0.0048466177	0.1311460131	-0.0823927802	-0.0573477044	-0.1041513508	0.093689684	0.0794367814	0.0039016226	0.0484237085	0.0346468767	0.1287081976	-0.0001206599	0.0870401505	-0.0549840128	-0.0756630694	-0.0043356964	0.0611561283	-0.0405060499	-0.0433007166	-0.0442442298	-0.1223083956	-0.0236149736	-0.0673604179	-0.0325908959	-0.0596403008	0.011048898	-0.1074567872	-0.0092898938	0.1783210973	0.0236567277	0.0435871634	0.1550966519	0.0259016126	0.0368002235	0.0906831534	-0.0457373344	-0.0482014964	-0.0351981476	-0.0923580484	-0.0778121529	-0.0049844885	-0.0365481637	0.0526234977	0.0327026223	-0.0586735318	-0.0033195691	-0.1418842633	0.0012643135	0.0278198021	-0.1162353076	0.0231831389	0.0628419026	0.0262671178	-0.1107892088	-0.0746049424	-0.0122400999	-0.0217977542	-0.0608752859	-0.0083018667	0.0617093659	-0.0439919991	0.0793745062	-0.0214930707	0.0029089074	0.0979483053	-0.0684173181	0.013386852	0.0910286568	-0.0838866254	-0.1477822086	0.0301607359	-0.0246612141	-0.0927723498	-0.1333159179	0.0024853556	-0.0334327581	0.100799626	0.0597052659	0.0220536764	0.0089317435	0.0045462516	0.0901086982	-0.0267211579	-0.0966091005	-0.0233690758	0.0536173498	0.0341757005	-0.0279554383	0.0170034249	0.0275607717	0.206519245	0.0321655807	0.0637333534	-0.0588936958	-0.0495808653	-0.0694997806	-0.0099053092	-0.146204888	0.0518694865	0.0281559264	0.0266372173	0.0262024043	-0.0602140677	0.0167102329	0.0577522476	0.0897517093	-0.0075960177	-0.1506096866	0.0421707734	-0.164865739	-0.0724746427	-0.0494451326	0.0882072079	-0.0567987851	0.0137915091	0.0017632176	0.1021140088	-0.1363604597	-0.0753592637	-0.0081794927	0.0878195283	0.0322105982	0.003605882	-0.0780401827	-0.0343446361	-0.0506650575	-0.0020506963	0.170868938	0.0220585694	-0.0205577724	-0.0150769811	-0.1316457585	-0.107708519	0.1162236666	0.0001910955	-0.040480133	0.1381551079	0.0383257939	0.0355387661	0.0589742535	-0.0565480648	-0.1178006533	0.1151810923	-0.1108582214	-0.087331	-0.0012085	1.460472250000003e-06	0.007626703561	0.0967917	-0.0504653	0.0093686331888899	0.00254674650409	-0.102554	-0.0164793	0.00027156732849	0.010517322916	0.00462711	0.00066085	4.367227225000002e-07	2.14101469521e-05	0.00353818	2.7350000000000204e-05	1.25187177124e-05	7.480225000000111e-10	-0.000494405	0.000214093	4.5835812649000026e-08	2.44436304025e-07	0.0	0.0	0.0	0.0	0.0
549.3303154665748	-0.1998661376177324	0.0399464729662303	301763.7954906066	787.2821236098426	-1.9533512511188744	3.8155811102476727	619813.1421556235	516.0281568632156	-0.8792277107236259	266285.0586756474	0.7730413673043081	527.7802706868489	479.5235082830736	1.145342	48.676949	0.0891893	0.0486795	0.081494375	-0.020927349	-0.0971246858	-0.0181726437	0.0371899228	-0.049698149	0.0539921654	0.0241510813	0.149211246	0.0133042521	-0.0904692273	-0.0843224991	0.0411414444	0.0011768933	-0.0155860077	-0.0155766905	0.0020347022	0.0079219635	0.1094059826	-0.0279778067	-0.0258232768	0.0433642177	-0.1885712011	-0.0746551236	0.0030477955	-0.0439021936	0.0204429274	0.0156534951	-0.1078259102	0.0107719003	-0.0613570758	0.0069248114	0.1030099757	0.0605698201	0.0354887172	-0.2078319404	0.0797856326	0.0501711633	0.0497429126	0.0097478244	-0.2076704879	0.1381593233	-0.0140392087	-0.0296175506	-0.0292857365	-0.0869606078	0.0383185564	-0.0413540867	0.0678112196	0.0603721876	-0.0725355726	-0.049223412	-0.0057642483	-0.0719013782	0.0477769527	-0.0812654761	-0.154484978	-0.0324951148	0.0117851329	-0.0417011752	-0.0052255829	0.0129733336	-0.03339432	0.0538934886	0.100883757	-0.0444192864	-0.1541591519	0.0524938928	0.0723017038	0.0918869588	-0.0095927884	-0.0352000127	0.0270466333	-0.024579255	-0.0672498651	0.1028709697	0.0358942461	0.0796386098	0.0296337562	0.0286850258	-0.0291603514	-0.0688629417	0.1433731241	-0.0194671158	-0.0761640961	-0.0304012013	-0.0296600418	0.0539509413	-0.0255664641	0.0158130086	0.0054493274	0.0076827274	0.0714874976	0.0285238977	-0.017507617	-0.0609401771	0.0081466091	-0.0412080219	-0.1360756916	0.1228974209	-0.0381724274	0.0227440483	0.1617651493	0.0025281349	0.0315562023	0.0312794151	-0.0924934344	0.0139624989	0.0670868323	0.1061673045	0.1205353019	-0.0755801148	-0.0010981073	-0.094486539	0.0341200094	0.0158735355	-0.0842415229	0.0227413963	-0.008796033	0.0195058412	0.1170650894	-0.0065103386	-0.0926220274	0.0644836498	0.0684033489	-0.0405747445	-0.0767523296	-0.058312333	-0.1062526772	0.0319281881	0.1045191184	-0.0835278159	0.0907844955	0.0105174024	0.0076319748	0.0077564119	0.0758624596	0.0522809977	-0.0549878433	0.1136036096	0.0530021703	-0.0044756529	0.0177043064	0.0735549347	0.0475766025	-0.1565440945	-0.0890412857	0.0132197387	0.0117583661	0.0573112525	0.0888587832	0.0395574839	-0.0263665003	-0.0065078573	-0.0827990186	-0.0369942076	-0.0501970774	0.0324112169	-0.0441869435	-0.0409651035	0.0991690381	-0.0378450656	0.1439124265	0.0416215395	-0.0036580321	-0.0074685519	-0.0558135177	-0.1063581979	-0.0742076003	-0.0228955425	0.1341444136	-0.0380490174	-0.0750200125	-0.0629704956	-0.0113632894	-0.0184049754	-0.062718337	-0.1029505266	0.0711284251	0.0487958332	0.0302852225	0.0100023403	-0.0733681668	-0.1421109863	-0.0106287918	-0.103938396	-0.0121741496	0.0096408108	-0.0010949477	-0.0280038652	0.065726116	0.0747733442	-0.0907273825	0.0835617105	0.0726260455	0.1871979096	-0.0440538506	-0.002517334	0.010541255	-0.0972081361	-0.1180905004	0.1163333239	-0.1134240387	-0.0946396	-0.0073085999999999	5.341563395999998e-05	0.00895665388816	0.135264	0.0384723	0.0182963496959999	0.00148011786729	-0.0973136	0.0052404	2.7461792160000065e-05	0.00946993674496	0.00412388	-0.00050323	2.532404329000004e-07	1.70063862544e-05	0.00379831	0.0002601299999999	1.44271588561e-05	6.766761689999996e-08	-0.000494405	0.0	0.0	2.44436304025e-07	0.0	0.0	0.0	0.0	0.0
549.071478979141	-0.2588364874337685	0.0669963272270514	301479.4890283413	783.5600692552316	-3.722054354611032	13.853688618678946	613966.3821312634	515.9237236292417	-0.1044332339738502	266177.2886034622	0.0109063003582369	527.6922228143432	479.6411563997522	1.154325	49.058716	0.0738291499999999	0.0379502	-0.0019875972	-0.1055652376	0.027391359	-0.0173769027	0.0132874995	0.0198369322	0.0144657101	0.0394681293	-0.054359462	0.058928031	-0.0053753741	0.015159485	0.1136842949	-0.0331458428	0.0323392665	0.0388543385	-0.0719482792	0.061013358	0.0099619465	0.0255457056	-0.0307748726	-0.0769556852	0.0966673248	-0.0031168294	0.0596564585	-0.0122944492	-0.0158810343	0.0036942538	0.1097507169	-0.0213397391	-0.0405396675	0.0269831158	-0.1003424911	-2.29907e-05	0.0031871672	0.0241251821	-0.1468960101	0.0180658158	0.1146129609	-0.1245354224	0.0706389155	0.0938595835	-0.0037901302	-0.0933055566	0.1320799869	0.0944657751	-0.0279900376	0.0181765427	0.1066961728	-0.0413882513	-0.0611199281	-0.0818383973	-0.061544386	-0.0708558082	0.0883723817	-0.0295878945	-0.0299997261	0.0115947508	0.0653824613	0.0235458238	0.0799216001	0.1203476568	-0.0183979237	-0.0662900651	-0.008706227	-0.0609757193	0.0573294426	0.0671381628	-0.0867201855	0.0019809386	-0.0113061671	0.0663584793	0.0337902921	-0.1825299654	0.0489014632	0.0475238765	-0.0974841274	-0.0247811154	0.0045715661	-0.0314860503	0.012334033	0.0811980912	-0.0099235113	0.0455634018	-0.0636825395	0.024472708	0.079803108	0.0617997611	0.076092037	-0.0182498412	-0.0018055283	-0.0607991716	0.0207041482	-0.0417697859	-0.0570160755	0.0442133321	-0.0478172659	-0.0269712636	-0.0062548881	0.0151583117	0.0497749795	0.0559782883	0.077209067	-0.0066037399	-0.0059336104	-0.0696039039	-0.0606319334	0.0623129794	-0.0140009943	-0.0775387453	0.0742621531	0.0132306992	0.1104696629	-0.0411155724	-0.0003036367	0.0446085343	-0.1076530206	-0.0253550292	0.0467736541	-0.0021825921	0.0047286754	-0.0994060392	-0.0029560034	0.1105523142	0.0066131092	0.0796693023	0.0045339738	0.0485539079	0.0006076978	0.0596930726	-0.0310127565	0.0592938168	-0.0631232935	-0.0017625845	-0.0407353939	0.0740085463	0.1245456224	0.0956708166	0.0564304318	-0.1211710367	0.0486413048	-0.0211856788	-0.0835202825	0.0765047095	-0.1021924507	-0.0130982587	0.0724168615	-0.0164866226	0.0246480305	0.0882193132	-0.0321648275	-0.1100938049	-0.0487908166	-0.0778479481	-0.0049885896	-0.0049936549	0.0003481102	0.0360952044	-0.0361767013	0.0092343788	0.0288956154	-0.0328620982	-0.0184639004	-0.0375469751	0.0251142375	-0.0158363787	-0.063978911	-0.0832401845	-0.079268404	-0.0501682728	0.0414646814	0.0025879657	-0.0822503907	-0.0068992693	-0.0804203149	-0.0105589545	-0.0571051533	-0.0753703019	0.044624961	-0.1060127983	0.0112767033	-0.0160662074	-0.0134857458	0.0219587399	-0.0159754582	0.0330224405	0.1181099536	0.0918714173	-0.0342107996	0.0390702131	-0.0431240742	-0.1313699493	0.0845793805	-0.0994235639	-0.0980945669	0.0411525611	-0.0182121906	0.1500183809	0.0197037157	-0.0513408241	-0.1183225485	0.1172578276	-0.115490384	-0.0861976	0.008442	7.126736400000008e-05	0.00743002624576	0.102925	-0.0323389999999999	0.010593555625	0.0010458109209999	-0.10635	-0.0090364	8.165652496e-05	0.0113103225	0.00400171	-0.0001221699999999	1.4925508899999896e-08	1.6013682924100002e-05	0.00352889	-0.00026942	1.2453064632099998e-05	7.258713640000013e-08	-0.00058305	-8.864500000000004e-05	7.857936025000008e-09	3.399473025e-07	0.0	0.0	0.0	0.0	0.0
549.4483474962718	0.3768685171307879	0.142029879204359	301893.48656638386	786.390306583762	2.830237328530416	8.010243335806983	618409.7142889033	516.5647510269736	0.6410273977318184	266839.1420035592	0.4109161246428269	528.1825226154001	477.9267634795039	1.213919	51.591492	0.07783585	0.0467142	-0.0090117281	0.0197008891	0.1213771844	-0.0183309857	0.014945418	-0.088079165	0.0666644445	0.0789913827	0.1414558224	0.0207274152	0.0941133842	0.1220272347	-0.0086921878	-0.0343092631	-0.0147735714	-0.0116374903	0.0536808213	0.0195901396	0.161333577	0.0344123451	-0.0554335553	0.1162879629	-0.0416404795	-0.0238570515	-0.0492414029	0.0913154061	-0.1322928546	-0.011273709	-0.0451861537	0.0443313498	0.0656279336	0.0912190839	-0.0111540836	0.0210882429	-0.1040256966	-0.1440491319	0.0402394035	-0.0117356704	-0.0471019287	-0.1525226417	-0.1284913219	-0.0661949769	-0.0077174952	-0.0172525621	0.049081555	0.1829650465	0.0528061883	-0.006002277	-0.0561761327	-0.0656765611	-0.1343821895	-0.102919172	0.0634150131	-0.0503406212	-0.046009683	0.0166153144	-0.0183824897	0.000870914	-0.1343319679	-0.0190833753	-0.0957802394	-0.0027026827	-0.0211476735	-0.0427506153	0.0672081243	-0.2166282272	0.045577662	-0.0168677522	0.063349343	-0.024152464	-0.0079424334	0.0210987144	-0.0455271218	-0.0462012664	0.0325782677	0.027967386	-0.0641013263	0.0394450218	-0.0556678566	0.0548274691	-0.0457140226	-0.0647347076	-0.0373653285	0.0535626692	0.0561962013	0.0837164983	0.0530054356	0.1464494016	-0.0887218241	0.1933482339	0.1328478561	-0.1536332808	0.0588279499	-0.0585877551	-0.0150036659	0.0761391896	0.0823268059	-0.0208303568	-0.010281563	0.0084615081	-0.1134336581	-0.0344024425	0.0788691517	-0.0326333276	-0.1220004352	-0.0482023929	-0.027740117	0.0073705405	0.051216209	-0.111643857	0.1233075281	0.1018979975	0.0084907809	0.091070342	0.0605761861	-0.100024165	-0.1267339802	-0.0080989167	-0.0454285376	-0.002397262	0.0853697742	0.0443356447	0.0393546719	-0.1287575272	-0.0015981344	-0.0769008699	-0.0455321885	-0.0253707939	-0.008448208	0.2439053898	-0.0072149115	0.0334838014	0.0391770365	0.1375694805	0.0260909543	0.0562141702	0.0494296494	-0.0249786055	-0.0137361997	-0.0458039161	0.0125840286	-0.004181918	-0.0398508091	-0.0457927874	0.051201763	0.0213702792	-0.0225581885	0.0394318166	0.094849673	0.0210246504	0.1176895301	0.0031519596	-0.1522620221	-0.1535411434	-0.0586735558	-0.009667279	0.0618116467	0.035416981	-0.0488923988	0.0529708473	-0.0277049221	-0.0865629492	-0.1144599551	0.0912599047	-0.1179173445	0.000912203	-0.047749356	0.0465812034	-0.084251163	0.0204069293	0.1037632106	-0.0224853961	-0.1312074158	0.0861345144	-0.1298448307	-0.0494302933	-0.0555103316	-0.0735158554	-0.045429338	-0.0454993069	-0.1566619431	0.0194815548	-0.0718132407	-0.1073311519	-0.0725898441	-0.1255914334	-0.1014687821	-0.0804383985	0.0510668585	-0.1248250518	-0.0257704341	0.0585760649	0.0471265205	0.0500348203	0.1012150772	0.1349503489	0.069860394	-0.049709851	-0.0247933385	-0.1539977697	-0.118496684	0.1179527935	-0.1170481578	-0.0895561	-0.0033585	1.1279522250000002e-05	0.00802029504721	0.143886	0.0409609999999999	0.0207031809959999	0.0016778035209999	-0.0852396	0.0211104	0.00044564898816	0.00726578940816	0.00412686	0.00012515	1.566252250000002e-08	1.7030973459600002e-05	0.00356165	3.276000000000017e-05	1.26853507225e-05	1.073217600000011e-09	-0.000673259	-9.020900000000006e-05	8.13766368100001e-09	4.532776810810001e-07	0.0	0.0	0.0	0.0	0.0
547.7611903526623	-1.687157143609511	2.846499227232604	300042.32165656553	779.876310597416	-6.513995986346004	42.43214371013185	608207.0598310373	515.7580895124047	-0.8066615145688729	266006.40689748566	0.6507027990865479	527.3618431790862	459.205381489361	1.451783	61.700684	0.4365114	0.229414	0.1071028286	0.03977235	0.0445565222	-0.2624604236	-0.1196085532	-0.2954504062	0.0413509761	-0.2175240523	-0.2041959829	-0.39932838	-0.0644383644	0.0026970007	-0.0693060151	0.0322579783	0.1842879228	-0.122844049	-0.0212408502	0.1424004882	-0.163337674	-0.0642816701	-0.4852732624	-0.15248552	0.0679670322	0.0869152371	0.0384883037	-0.1154882585	0.0675051556	-0.1371565627	0.1173614461	-0.0606568514	0.0131197699	-0.0109202729	0.0893891179	-0.091558933	0.0915564594	-0.1340235187	0.0797162536	-0.1313027299	-0.1474449854	0.0670311708	0.1226354214	0.0493629674	-0.0591540668	0.0074304593	0.0094753422	0.0009374347	0.1706787433	0.2034344669	0.0713600593	0.0227428871	-0.1502079968	-0.2895438057	-0.254908339	0.3538479799	-0.0051219233	0.0920294549	0.2205361456	-0.0173738709	-0.0224712748	0.0454997105	0.0052040325	0.073640251	0.0932107115	0.0106446312	-0.043167093	-0.0487073121	-0.1147330756	-0.0221346369	-0.043680051	0.0008786747	-0.0372262709	0.0607126963	0.0497720633	0.1440624089	-0.0355400936	0.0315771699	-0.0859087084	0.1746056603	-0.0108227789	0.1160530249	0.0744494097	-0.0529461301	-0.0230556522	0.0744526291	0.0146253183	0.0153409135	-0.0259225114	0.0445398343	0.0774598411	-0.0376287156	-0.0745183807	0.1196162892	0.0437232458	-0.0284016904	0.0808559518	0.0341172115	0.1033468941	0.0491817383	0.0198627224	0.1417375442	0.0388168019	-0.0574776595	0.1029698646	0.0127757203	0.1095277254	0.0578915563	0.02820701	0.0537292002	-0.0105685817	0.0088305812	-0.0275496453	0.0121583373	0.012448741	-0.018222162	-0.0549910309	-0.0361138709	-0.1446094481	-0.4632560924	0.2050352409	0.1585658525	-0.2345426441	0.0639908224	0.1100881022	-0.090812124	0.0284969429	0.0139294081	0.0228666699	0.1371929341	0.0476778648	0.0013349553	0.0884383339	0.0012300342	-0.0030754433	-0.0132812159	0.088142447	0.0498513014	-0.1244622932	-0.0112912689	-0.1450479386	0.1296205746	0.098325464	-0.0672073874	-0.0625402759	0.0579313633	-0.0115098098	-0.0696125732	0.0117309991	0.0278162661	0.1624759743	-0.0605893615	-0.0265189495	0.0959924855	-0.0141898764	-0.005751053	0.0503057748	0.0567718918	-0.0428957844	-0.0070892072	-0.0424817354	-0.1356913043	0.0482557214	0.0558259987	0.0078518113	-0.048204482	-0.0660314435	-0.0021778576	-0.0025894946	-0.1192515771	0.0227849796	0.0934711292	0.0463744398	0.0887722754	0.0735086129	0.0233194203	-0.0068431919	0.0015099073	0.292792283	-0.4342701949	-0.0057144333	0.1732179369	0.0189847235	-0.2856229704	0.3241236731	0.1208598397	0.052142634	0.0363496198	-0.2628789592	0.1776025473	-0.1816002686	-0.042865496	-0.00868878	-0.1358370214	-0.057641121	0.0752425714	0.0775255623	-0.1439505696	-0.0198076741	-0.2690931791	-0.1629306663	0.0754607944	-0.1186128217	0.1184168613	-0.1180905004	-0.131926	-0.0423698999999999	0.0017952084260099	0.0174044694759999	0.29339	0.149504	0.0860776920999999	0.022351446016	0.0193572	0.1045968	0.01094049057024	0.00037470119184	0.00173481	-0.00239205	5.7219032025000025e-06	3.0095657361e-06	0.00380154	0.0002398899999999	1.44517063716e-05	5.7547212099999996e-08	-0.000842133	-0.0001688739999999	2.851842787599999e-08	7.09187989689e-07	0.0	0.0	0.0	0.0	0.0
550.5554149021535	2.7942245494912186	7.807690832979404	303111.26487808244	785.7545855224397	5.878274925023675	34.55411609416209	617410.268669541	517.1530065046189	1.3949169922142346	267447.2321367664	1.945793415168007	528.9889232863613	468.436792804244	1.330719	56.555481	0.43187915	0.259047	0.0568134654	-0.1055823032	0.0037996925	-0.0138846117	-0.0936843134	-0.0471363314	0.0640079356	0.0504895153	-0.0888868082	-0.1552148353	0.0074515541	-0.0334600876	0.0732416708	-0.0064138865	0.0442018431	-0.0777397933	-0.0985606216	0.0517444196	-0.013605206	0.0400902524	-0.1105304266	-0.0872256401	0.177045343	-0.1062959476	0.1413617552	-0.1340445275	-0.1129404204	-0.0824996768	0.0184149917	0.2557652061	-0.0116369978	0.0719498918	-0.05376623	0.0271647586	0.0398720801	-0.103273337	-0.1180718582	0.0458965745	0.0777638555	-0.0677334265	0.0896540061	0.0729625991	-0.1947033339	0.1650449935	0.0943870941	-0.0825862069	-0.0558703726	-0.0455229308	0.090039569	0.0101025242	-0.192794977	-0.0831637434	-0.0269301134	0.178081356	0.0832200771	0.0759035222	0.1097133198	-0.001443791	0.0586585994	0.152759141	-0.0027380114	0.0533825799	0.0217273539	0.0003568481	-0.0383182129	-0.0108814624	0.0365891291	0.0685195475	-0.0360200945	0.0142677605	-0.0347193156	-0.0049166408	0.0168519956	0.035391909	-0.026523577	0.0409531975	-0.0035963543	-0.0235154542	-0.0138834202	-0.0169583738	0.0829964609	0.0953890013	-0.0752577004	0.0261182904	-0.076246363	-0.0231243389	0.0380535297	0.0098834569	-0.0030801677	-0.0128908033	0.0466181337	0.0059852565	0.0280519667	-0.0239930626	0.020587865	0.006946369	0.0744067815	-0.0465977024	-0.0466066597	0.0515581026	-0.0031224624	0.0710465486	-0.0308279034	-0.052594286	0.0484108329	-0.0697834239	0.1016534031	0.0442049872	-0.0748416055	0.0289784619	-0.1053855556	-0.0082597444	0.0598021699	-0.062132969	0.075949747	0.0054769979	-0.1351842052	-0.2059347427	-0.0044975749	0.037924344	-0.1405849098	-0.061706454	0.1275450219	0.0403566342	0.1100684688	-0.0163376121	0.0486422486	0.0748148521	0.0113622867	0.0338226884	0.0249503392	0.0193747183	-0.0918366045	-0.0581795634	0.0496697233	-0.0090361374	-0.0328684634	-0.0080715325	-0.0304090494	-0.0099646349	-0.0333740009	-0.0359405144	-0.0096099486	0.0340386934	0.0068542809	0.0134766886	0.089355307	-0.0448468442	0.0324322964	0.1106587365	-0.0025698782	-0.0689612189	0.03702887	-0.1016653299	-0.0104329382	-0.0249945553	-0.0338271846	0.0292564999	0.0284872572	-0.1509801948	0.0299330153	-0.0028079557	-0.0422881534	-0.0426637296	0.0375725327	-0.0384989922	0.0200357464	0.0413224926	-0.0441808345	0.0128735162	-0.1305780941	0.0318199325	0.1144554771	0.0267562144	0.0734697099	-0.0061527468	-0.0584154827	-0.1965461388	0.1333519312	-0.0426306021	-0.0378485108	-0.2520991281	0.0396477677	-0.2651225141	-0.1282524775	0.0922881682	-0.2717158587	-0.0190920003	0.0200339637	-0.1333459351	-0.0627010078	-0.1799718826	0.0241629269	0.0371572814	-0.2795919255	0.1169268251	0.097293693	0.1899252932	0.1419622752	0.1088841306	-0.1186709048	0.1186491225	-0.1186128217	-0.125986	0.00594	3.528360000000001e-05	0.0158724721959999	0.0580037	-0.2353863	0.0033644292136899	0.05540671022769	-0.0489023	-0.0682595	0.00465935934025	0.00239143494529	0.00316862	0.00143381	2.0558111161e-06	1.00401527044e-05	0.00436986	0.0005683199999999	1.90956764196e-05	3.2298762239999973e-07	-0.00128587	-0.0004437369999999	1.9690252516899998e-07	1.6534616568999998e-06	0.0	0.0	0.0	0.0	0.0
