global_signal	global_signal_derivative1	global_signal_power2	global_signal_derivative1_power2	csf	csf_derivative1	csf_power2	csf_derivative1_power2	white_matter	white_matter_derivative1	white_matter_power2	white_matter_derivative1_power2	csf_wm	tcompcor	std_dvars	dvars	framewise_displacement	rmsd	t_comp_cor_00	t_comp_cor_01	t_comp_cor_02	t_comp_cor_03	c_comp_cor_00	c_comp_cor_01	c_comp_cor_02	c_comp_cor_03	c_comp_cor_04	c_comp_cor_05	c_comp_cor_06	c_comp_cor_07	c_comp_cor_08	c_comp_cor_09	c_comp_cor_10	c_comp_cor_11	c_comp_cor_12	c_comp_cor_13	c_comp_cor_14	c_comp_cor_15	c_comp_cor_16	c_comp_cor_17	c_comp_cor_18	c_comp_cor_19	c_comp_cor_20	c_comp_cor_21	c_comp_cor_22	c_comp_cor_23	c_comp_cor_24	c_comp_cor_25	c_comp_cor_26	c_comp_cor_27	c_comp_cor_28	c_comp_cor_29	c_comp_cor_30	c_comp_cor_31	c_comp_cor_32	c_comp_cor_33	c_comp_cor_34	c_comp_cor_35	c_comp_cor_36	w_comp_cor_00	w_comp_cor_01	w_comp_cor_02	w_comp_cor_03	w_comp_cor_04	w_comp_cor_05	w_comp_cor_06	w_comp_cor_07	w_comp_cor_08	w_comp_cor_09	w_comp_cor_10	w_comp_cor_11	w_comp_cor_12	w_comp_cor_13	w_comp_cor_14	w_comp_cor_15	w_comp_cor_16	w_comp_cor_17	w_comp_cor_18	w_comp_cor_19	w_comp_cor_20	w_comp_cor_21	w_comp_cor_22	w_comp_cor_23	w_comp_cor_24	w_comp_cor_25	w_comp_cor_26	w_comp_cor_27	w_comp_cor_28	w_comp_cor_29	w_comp_cor_30	w_comp_cor_31	w_comp_cor_32	w_comp_cor_33	w_comp_cor_34	w_comp_cor_35	w_comp_cor_36	w_comp_cor_37	w_comp_cor_38	w_comp_cor_39	w_comp_cor_40	w_comp_cor_41	w_comp_cor_42	w_comp_cor_43	w_comp_cor_44	w_comp_cor_45	w_comp_cor_46	w_comp_cor_47	w_comp_cor_48	w_comp_cor_49	w_comp_cor_50	w_comp_cor_51	w_comp_cor_52	w_comp_cor_53	w_comp_cor_54	w_comp_cor_55	w_comp_cor_56	w_comp_cor_57	w_comp_cor_58	w_comp_cor_59	w_comp_cor_60	a_comp_cor_00	a_comp_cor_01	a_comp_cor_02	a_comp_cor_03	a_comp_cor_04	a_comp_cor_05	a_comp_cor_06	a_comp_cor_07	a_comp_cor_08	a_comp_cor_09	a_comp_cor_10	a_comp_cor_11	a_comp_cor_12	a_comp_cor_13	a_comp_cor_14	a_comp_cor_15	a_comp_cor_16	a_comp_cor_17	a_comp_cor_18	a_comp_cor_19	a_comp_cor_20	a_comp_cor_21	a_comp_cor_22	a_comp_cor_23	a_comp_cor_24	a_comp_cor_25	a_comp_cor_26	a_comp_cor_27	a_comp_cor_28	a_comp_cor_29	a_comp_cor_30	a_comp_cor_31	a_comp_cor_32	a_comp_cor_33	a_comp_cor_34	a_comp_cor_35	a_comp_cor_36	a_comp_cor_37	a_comp_cor_38	a_comp_cor_39	a_comp_cor_40	a_comp_cor_41	a_comp_cor_42	a_comp_cor_43	a_comp_cor_44	a_comp_cor_45	a_comp_cor_46	a_comp_cor_47	a_comp_cor_48	a_comp_cor_49	a_comp_cor_50	a_comp_cor_51	a_comp_cor_52	a_comp_cor_53	a_comp_cor_54	a_comp_cor_55	a_comp_cor_56	a_comp_cor_57	a_comp_cor_58	edge_comp_00	edge_comp_01	edge_comp_02	edge_comp_03	edge_comp_04	edge_comp_05	edge_comp_06	edge_comp_07	edge_comp_08	edge_comp_09	edge_comp_10	edge_comp_11	edge_comp_12	edge_comp_13	edge_comp_14	edge_comp_15	edge_comp_16	edge_comp_17	edge_comp_18	edge_comp_19	edge_comp_20	edge_comp_21	edge_comp_22	edge_comp_23	cosine00	cosine01	cosine02	trans_x	trans_x_derivative1	trans_x_power2	trans_x_derivative1_power2	trans_y	trans_y_derivative1	trans_y_power2	trans_y_derivative1_power2	trans_z	trans_z_derivative1	trans_z_derivative1_power2	trans_z_power2	rot_x	rot_x_derivative1	rot_x_derivative1_power2	rot_x_power2	rot_y	rot_y_derivative1	rot_y_power2	rot_y_derivative1_power2	rot_z	rot_z_derivative1	rot_z_derivative1_power2	rot_z_power2	motion_outlier00	motion_outlier01	motion_outlier02	motion_outlier03
9474.240151295196	n/a	89761226.44441403	n/a	9200.46029517337	n/a	84648469.64306167	n/a	6780.39650276875	n/a	45973776.7347587	n/a	7148.9762740203405	8090.520101552624	n/a	n/a	n/a	n/a	-0.0399456671	0.152633163	-0.0381355289	0.1000343308	0.058432128	-0.1463657942	0.0581553098	-0.0264498109	0.2990916394	-0.1863248455	0.0284245655	-0.569283944	0.0553599776	-0.0526505397	0.4063718178	-0.097197295	0.0669903223	-0.1874998992	0.0693807215	-0.1240782918	0.0318936491	-0.039507607	0.1067229493	-0.0322463043	0.056378124	-0.1034237865	0.0761891894	-0.0333233985	0.0199482038	-0.031524026	0.0460082489	-0.0393498339	0.0392317898	-0.0382563913	0.0084028878	0.0075243615	-0.0137573416	0.0474207782	-0.0230917539	-0.0118248021	-0.0109383238	0.0299095077	-0.220544651	0.0340231089	0.0172457392	-0.0748703385	0.0361316435	-0.0167751847	0.1032322034	0.0605657927	-0.0085609534	0.015732803	-0.1175471966	0.0531021227	-0.0136948636	0.0478150428	-0.0020838902	0.0477958983	0.0376420885	-0.1268110534	0.0689958684	-0.0272475834	-0.0640034379	0.033072321	-0.023805308	0.0206116766	0.0725351141	-0.005392808	-0.1692152866	0.0751393692	0.1053015366	-0.161350814	-0.0387562509	0.0030767298	0.1107390362	-0.0235629338	-0.0737284626	0.0529710008	0.0247673689	0.0099691218	0.1306114615	-0.0492323345	-0.069702206	-0.0050504909	0.1558740891	-0.0138928179	-0.0092869502	-0.0087905501	-0.05271677	-0.0651305688	0.0098480028	0.050075873	0.1035705669	0.0373264326	-0.1410336006	-0.0637221286	-0.0396823162	-0.2338436985	0.080722345	0.0478726147	-0.0416331021	-0.0847299322	0.0341158942	-0.0261610419	0.0508375064	-0.1818134533	0.0666706864	-0.0521238245	0.0112768021	-0.0450137631	0.2415106109	-0.3528602156	0.1684094182	-0.2752710741	0.0889455855	0.0667451175	-0.1116252233	0.2604652841	-0.1565333381	0.2394023319	-0.0514315152	0.044224534	-0.0140466577	0.0008590564	0.1026387673	-0.0107268751	0.0738506707	-0.05937058	0.0303924463	0.0100419927	-0.0631055203	0.1040322811	-0.1327066552	-0.0055075575	-0.0195244782	-0.0040653376	0.0263524478	0.0679076876	-0.0439158779	-0.0754768544	0.0224272182	0.0690384446	0.0399807786	-0.1175916289	-0.115013353	0.0558682684	0.0951250344	-0.0913118593	-0.0170161643	-0.0143639107	-0.0855494693	0.0655283565	0.0725301947	0.0121933521	0.0469192819	0.004098993	-0.0041198828	-0.0400924239	-0.0073447796	-0.0209651833	-0.0606954048	-0.0083706389	-0.0381097013	0.0537868202	-0.0112273133	0.1762351575	-0.095448881	0.205097415	0.0452098525	-0.1492436085	0.0526405436	-0.026683332	0.0649734987	-0.0323733654	0.0229682914	-0.1484715008	0.1715877257	-0.0222463396	0.1189919423	-0.014011878	-0.0575253773	0.0169538899	-0.0085392583	0.0051448588	-0.0998146444	0.1186709048	0.1186491225	0.1186128217	0.0126558	n/a	0.00016016927364	n/a	0.0392429	n/a	0.0015400052004099	n/a	-0.0122096	n/a	n/a	0.00014907433216	0.000792533	n/a	n/a	6.28108556089e-07	-0.000278361	n/a	7.7484846321e-08	n/a	0.0	n/a	n/a	0.0	0.0	0.0	0.0	0.0
9472.711604442924	-1.528546852272484	89732265.14094764	2.3364554795921197	8862.500654390155	-337.95964078321595	78543917.84906591	114216.71879832036	6806.783358516031	26.38685574728061	46332299.68977077	696.2661562277956	7125.987174641454	9701.308999613691	1.548672	63.8778	0.06144665	0.0385375	-0.1071665362	-0.0430688911	0.1432922443	0.1926309905	0.0364099651	0.0782683585	-0.0437425075	0.2013606043	0.0486782579	0.0458010581	0.0311465635	-0.2191741685	-0.0503965624	0.066092951	-0.0384584293	0.066730944	-0.030513301	0.1222438299	0.2093769463	-0.041584384	-0.0049411787	0.0883935718	0.0187614288	-0.1743556532	-0.0147620082	-0.0447415741	-0.1633267247	0.1371520058	0.0319404518	0.032150105	0.0323754864	0.1345471746	-0.0677378012	-0.0554432493	-0.0233408995	0.0759202268	0.1170638973	-0.0926609022	-0.0007021	-0.0669794189	-0.1055674133	0.1310369571	-0.1685841974	-0.1032866784	-0.0500549821	-0.096281754	-0.0696953865	-0.0074613694	-0.0893411142	0.0937443797	0.0885082183	0.0710533012	-0.1552012294	-0.1438696489	-0.2697001292	-0.0962122133	-0.073039081	0.1283980622	-0.0838392336	-0.0696192782	-0.0696638613	-0.0927973434	-0.0724522448	0.0238923851	-0.0114449394	-0.1202105025	0.1306479116	-0.0252869628	-0.0775244544	0.0175988896	0.0793196579	-0.000388353	-0.0144619741	0.034660749	-0.0400879172	0.1502082057	-0.0280207921	0.0460678727	0.0020471493	-0.0489543605	-0.0351980799	0.022209242	0.0430956802	-0.0422474492	-0.1520874581	0.1036841753	-0.0821144782	-0.1752712961	0.1319856031	-0.011243782	-0.0583739396	-0.0399130868	-0.0521842085	-0.0664770496	0.0583762859	-0.1261293732	-0.0196238581	-0.0640029526	0.0099131368	-0.0170957617	0.0256991526	0.0186682179	0.0952045289	0.150746104	-0.0767514143	-0.1545883405	0.1573196777	-0.0197506105	-0.0622542513	0.0076796171	-0.0208025903	0.0444541423	0.0624838445	-0.2407330106	0.0070006667	0.2098708738	-0.041048196	0.1951688005	-0.1419895546	0.0637112194	-0.0196860616	-0.0484808125	-0.0185722086	0.0301208846	-0.0474696228	0.0353808278	-0.1118117679	-0.1467606922	-0.0729281798	-0.146757766	0.1674467538	0.0094328622	-0.0315681717	0.1078112076	0.0871387799	0.0173569428	-0.0095506314	-0.1677725149	0.1619553751	-0.0195589102	-0.0375061619	0.0069018829	-0.0885026581	0.0860175634	-0.0491345073	-0.0541611118	-0.0722949904	0.0826711502	-0.0006494156	0.0451472897	0.0316010814	-0.0344792272	0.011284701	0.0280963337	-0.1329261855	-0.0755181672	-0.0658990289	0.1100878395	-0.1260313584	-0.0059148462	0.064945763	-0.0433935081	-0.0940088686	0.0516173706	0.0048763831	0.1457384625	0.1162016767	0.0172914717	0.1344777908	-0.2328781686	0.0481045686	-0.0409013887	0.0164257242	0.0863251359	-0.0299077234	0.0503346845	-0.0042574309	-0.0958287814	0.0882409539	0.0604306914	-0.1065626145	-0.1080132644	0.126267658	-0.0778703043	-0.136058492	0.1186128217	0.1184168613	0.1180905004	0.0192396	0.0065837999999999	0.00037016220816	4.334642243999999e-05	0.0428992	0.0036563	0.00184034136064	1.3368529690000008e-05	-0.0498991	-0.0376895	0.00142049841025	0.00248992018081	0.000580445	-0.000212088	4.4981319744000015e-08	3.36916398025e-07	-0.000336614	-5.8253000000000027e-05	1.13308984996e-07	3.393412009000003e-09	0.0	0.0	0.0	0.0	1.0	0.0	0.0	0.0
9418.216337791171	-54.4952666517529	88702798.98543654	2969.734087445652	8888.604570151952	26.103915761797907	79007291.20452617	681.4144180990412	6787.568564469766	-19.21479404626461	46071087.01737816	369.2083102403661	7111.79926183106	9241.908439893175	1.020221	42.080845	0.0436916999999999	0.0269561	-0.0631424437	-0.0456760648	0.0821036633	0.0982425812	-0.0821139775	0.0283460625	0.0893336826	0.0605275184	0.0681968926	0.065229219	0.0910379237	-0.0692027876	-0.042610016	-0.205601949	-0.0368626242	-0.1069611911	0.0990152676	0.1877193224	-0.2146407539	0.0414139374	-0.0036103038	0.1128521766	0.1428513726	-0.0103756128	0.0351200123	0.0916763327	-0.0236509488	-0.0116764364	0.0207640454	-0.0900504708	0.1323827485	0.0612796363	-0.2049537441	0.0045470295	0.185974807	-0.0722568088	0.054016307	-0.0412359103	-0.0989576392	-0.0361556863	-0.0430283961	0.0978356602	-0.0309496646	-0.11975336	0.0193149091	-0.0326162166	0.0552255004	0.1312675981	0.0499358327	0.0380682486	0.1403350573	0.1322796697	0.0314477212	0.0325620321	-0.1592724451	-0.0365272845	-0.0660675762	0.0574540681	0.240275484	0.0263319918	-0.0778192636	0.0499097198	0.0776824341	0.0198212603	-0.0293644635	0.0641486116	-0.0958121233	-0.0509169945	0.0264763424	0.1005849913	0.0681978988	0.2138530458	0.1046874925	0.1050992187	-0.0931112603	-0.122805234	-0.1840844816	0.0086340939	0.1119554359	-0.0014808638	0.0596018495	-0.1454653168	-0.0414816297	0.0845795847	0.0076840764	-0.0494274107	0.1212259555	0.1219625663	0.0450389066	0.0915063637	-0.1014306536	-0.0371711536	-0.0375177373	-0.0339222113	0.2385932511	0.0104026726	-0.0891166621	0.1504028049	-0.1103381285	0.0222565911	0.0509133599	0.1485204829	-0.0031749582	0.1452454604	0.0403947686	-0.1419672753	-0.0431264336	-0.016421778	-0.0423386158	0.0660724382	-0.0686659885	0.0422283918	0.06196488	-0.0642737201	-0.1209526984	-0.0592064395	0.3548736707	-0.0981533637	-0.0415739199	0.0718766551	0.0040980414	0.070489363	0.0852254832	-0.0286333444	-0.119868603	-0.184813722	0.064318217	-0.0236325815	0.0008688775	-0.0122465998	-0.0733758941	0.0438458896	-0.0563672178	-0.1283142065	0.03071592	0.1647198771	0.1621875836	-0.0579552633	0.0792001896	0.0887094172	-0.0271740038	-0.0534379488	0.0892468421	-0.0525431106	0.0859021282	0.0108756514	-0.2436017134	-0.0031914714	-0.0309940996	0.1816309046	0.0539201027	0.0710923861	-0.010013685	-0.066583388	-0.097177506	0.0677064623	-0.1040146293	-0.0487069842	-0.0058581154	0.1152097152	0.0485633747	-0.0266174341	-0.0727348334	0.0508701172	0.0186584482	0.1412745648	-0.1117258721	-0.0871099833	0.0357491603	-0.2143648659	-0.006791683	0.024935936	0.0501262912	0.0452618769	-0.0171538381	-0.0187462877	0.1056709531	-0.0779954895	0.0390988067	-0.0916517844	-0.0699088225	-0.066473314	-0.0789549355	-0.0723232144	-0.0611928258	0.118496684	0.1179527935	0.1170481578	0.0186692	-0.0005703999999999	0.00034853902864	3.253561599999985e-07	0.0429769	7.769999999999999e-05	0.0018470139336099	6.037289999999999e-09	-0.0270214	0.0228777	0.00052338915729	0.00073015605796	0.000499913	-8.053199999999991e-05	6.485403023999986e-09	2.4991300756900004e-07	-0.000430763	-9.414900000000002e-05	1.8555676216900002e-07	8.864034201000004e-09	-0.000228637	-0.000228637	5.2274877769e-08	5.2274877769e-08	0.0	0.0	0.0	0.0
9406.977786188245	-11.238551602926236	88491231.06983909	126.30504213163589	8835.679799928463	-52.92477022348976	78069237.52686387	2801.031303209188	6767.354602728289	-20.21396174147685	45797088.31906776	408.60424928588986	7082.446135089251	9359.1009834469	1.030698	42.513008	0.0291561999999999	0.0159124	-0.0464661128	-0.1068594419	0.151524842	0.0873187571	-0.0552871759	0.1682459585	-0.0941901288	-0.0266497707	0.070896086	-0.0241890138	-0.0980992296	-0.0441077284	0.0286325198	0.1793372187	0.0182853523	0.1543848124	-0.0075417086	-0.1766155214	-0.2569865692	0.2499445527	-0.1304242851	0.0687926836	-0.0760930723	-0.0503585928	-0.0657629869	-0.0069715813	-0.0297672712	-0.0391766144	0.1169697858	0.0152459618	0.0805288212	-0.0853475888	-0.0194615386	0.164507099	-0.0085123933	-0.0206267473	0.0680322391	-0.0845188234	-0.0134916294	-0.052296732	0.0495817495	0.039188959	0.0595409186	-0.1248533242	-0.0492780822	0.0114566072	0.0621560094	-0.0034921029	0.0969401783	0.0385087697	0.235041826	-0.1658198134	-0.1057052188	0.0096690645	0.0903432674	-0.1814311073	-0.0906562145	-0.0540387883	0.0535555519	0.0478516688	-0.1113135569	-0.0373466327	-0.0488836212	-0.0698417432	-0.0603677061	0.204310737	-0.0027353342	-0.0563187872	-0.0921414382	-0.0558627127	0.0570840878	-0.0250910487	-0.0661618108	-0.1027077637	-0.1116694741	0.1486864878	0.0252196711	0.0667881674	0.0063292413	0.0976740195	-0.0280619271	-0.0172656275	-0.0714332023	0.0127835227	0.0767402851	-0.0105621359	0.132975689	0.0054944907	-0.0818282309	0.136304167	-0.0085135346	0.0792382531	-0.087710269	-0.0572466922	-3.44228e-05	0.1041530193	0.1830771094	-0.0752492203	0.1209912817	0.0393478877	-0.1156824872	-0.0385094249	-0.0453802405	0.1135981774	-0.0363833614	0.1049348934	0.0487925924	-0.0147911704	0.0848676153	0.107303627	-0.0629454526	0.0825985494	-0.0405183441	-0.2859139975	0.1399627776	-0.1643672807	-0.1121355522	-0.1419991188	0.0239854831	-0.0106055521	-0.0500577936	0.1369801523	-0.1519340374	0.0035271389	-0.0618738788	-0.0045449205	-0.002093488	0.0033079564	-0.0888696006	0.0538973845	-0.2296177133	-0.1009715957	0.0418429341	0.0524000628	-0.0138284951	-0.0423355015	0.0826699665	-0.0449109399	0.0054101311	0.0019726876	-0.0255836283	0.0024664622	0.1479529372	-0.0328157238	0.0910201449	-0.0083812617	0.1422400201	0.1052603556	-0.0356954107	0.0618695955	-0.1330400768	0.1550832016	0.0911484282	-0.0019484643	-0.1494718518	0.0054417001	0.1274457734	0.0112948787	-0.0038951531	0.0482410548	0.0342744659	-0.0220711892	-0.0478241411	0.0144656914	0.004209385	0.1333026206	0.1232238688	-0.0044060133	-0.0308963233	-0.1622070704	0.1845192904	-0.0074426749	-0.0706901368	-0.000883798	-0.089858975	0.0881000221	0.0403624084	0.0118202365	0.1292060324	-0.017085262	-0.0977099566	-0.0568417672	-0.1108605757	0.0865682158	-0.0464835988	0.1183225485	0.1172578276	0.115490384	0.0195675	0.0008983	0.00038288705625	8.069428900000021e-07	0.0450774	0.0021004999999999	0.0020319719907599	4.412100249999993e-06	-0.0396728	-0.0126514	0.00016005792196	0.00157393105984	0.000608009	0.0001080959999999	1.168474521599998e-08	3.6967494408100006e-07	-0.000337996	9.2767e-05	1.1424129601600001e-07	8.605716289e-09	-0.00015938	6.9257e-05	4.796532049e-09	2.5401984400000003e-08	0.0	0.0	0.0	0.0
9402.245009755565	-4.732776432680112	88402211.22347341	22.399172761732284	8926.37775474397	90.69795481550682	79680219.82038799	8226.119007715717	6735.231956157542	-32.12264657074684	45363349.50324576	1031.8644227091136	7065.430710729995	8423.656493623865	1.221632	50.388435	0.044417	0.0241243	-0.0049625121	0.0299022639	-0.0326302536	0.0595213976	0.0354030551	-0.0644049808	0.0954372067	-0.1829813276	-0.0890024715	-0.1309028703	-0.0077308783	-0.0696528352	0.1126406318	0.0192669253	-0.0927557363	0.0983661318	-0.1149212374	0.2209026845	0.0708384773	-0.0101540527	-0.0851293696	-0.0476125085	-0.1456863083	-0.0709649528	0.1064694072	0.0521716578	-0.0841149375	0.0984928535	0.1345712101	0.0256497304	-0.1138054384	-0.0732197557	0.016532884	0.0016378262	0.2103667951	0.0280647874	-0.0166438132	0.0598006457	0.0196453184	0.0283648855	-0.0871179124	-0.0327053873	0.090151237	0.0890641949	-0.1481782872	0.0245545513	0.1341189022	-0.0274906414	0.0472695321	-0.1357363103	-0.0095878117	-0.1539979688	0.0898902074	-0.0061607565	-0.0728577678	0.0778113638	-0.0369901915	-0.081061031	0.0259341122	0.0213029428	-0.0633675472	-0.0394315287	0.0286827132	-0.1200675088	-0.0213896712	-0.1175542081	0.0282387823	-0.0474298944	0.0344084626	0.0310729263	-0.1663174233	0.0600465683	-0.1628681896	-0.0883198713	0.0268417894	-0.0239237629	0.0131435298	0.0264335326	-0.0774185979	-0.1505423462	-0.2327564743	0.0080768072	-0.0408703943	-0.1746284742	0.0506075643	0.0952231303	-0.0172738971	0.096618656	0.1456803544	0.0641145769	0.0258140996	0.052507129	-0.0902972953	-0.0909318316	0.0682215173	-0.1810441012	0.0024324072	-0.0430503332	0.0832372565	-0.1927519373	-0.1766608664	-0.0188543252	0.0169515566	-0.132033744	0.0521653515	0.0779694205	-0.0956967425	0.167734009	0.023009944	0.0753440399	-0.0912554208	-0.0904054358	0.025588907	-0.0891913282	0.0755979492	-0.105733277	-0.0483286502	0.0586748516	0.0547561962	-0.1398948531	0.1255923389	0.0226577315	0.0130985611	0.1372620241	-0.0516871988	-0.1120786094	-0.1122844219	0.0214532825	0.1130889997	-0.091413734	0.1503817356	0.0086842055	0.1178056295	0.0541189679	0.0677720706	0.0462055911	-0.0058145598	0.0728373114	0.0295827944	-0.0535871557	-0.0555676561	0.0338413135	0.0946998408	0.1743566571	-0.0138502601	0.1393992218	0.0395489131	0.1208985604	-0.0514453289	-0.0039869782	0.1232988587	-0.0268016755	0.07624623	0.0108382289	0.1442567627	-0.080255569	0.19890377	0.0415387524	-0.0448368985	-0.069012809	-0.0181071706	-0.0052334544	-0.0382870143	0.0301809707	0.0095018822	0.112625087	-0.1353775812	-0.0048668375	0.0830309952	-0.0405100671	0.124763516	-0.1753873689	0.0345000183	-0.0122283585	0.0202174444	-0.023245038	0.1566697309	-0.0242829347	0.0467844697	0.0283620834	-0.0150663037	-0.0758425787	-0.0538684501	0.0311545453	-0.0243316884	0.1180905004	0.1163333239	0.1134240387	0.0201974	0.0006298999999999	0.00040793496676	3.96774009999999e-07	0.0531904	0.008113	0.0028292186521599	6.582076900000003e-05	-0.0195661	0.0201067	0.00040427938489	0.00038283226921	0.000712034	0.000104025	1.0821200625e-08	5.06992417156e-07	-0.000533337	-0.000195341	2.8444835556900004e-07	3.8158106281000014e-08	-0.000147398	1.1982000000000008e-05	1.435683240000002e-10	2.1726170404e-08	0.0	0.0	0.0	0.0
9407.592175351883	5.347165596318519	88502790.53774197	28.592179914452377	8841.425457732279	-84.95229701169046	78170804.12463644	7216.892767562472	6734.045787728324	-1.1861684292180144	45347372.671221584	1.4069955424735314	7052.675628841658	7997.090431869377	1.432667	59.092945	0.0478694	0.0236143	-0.0354092901	0.1484301478	-0.0184065964	0.0475650705	-0.0298210256	-0.1133910658	-0.1815560387	0.0347824057	-0.1085759875	0.0852052026	-0.0145447549	0.1421428239	0.0184146656	0.0236231691	0.107001393	-0.0921004082	-0.0150128196	-0.0229417613	-0.1245034151	-0.0649142755	-0.1437799713	0.1104912427	0.0543982358	0.0258687256	0.0208575552	-0.0735772135	-0.0266541322	0.0841850778	-0.1535960854	-0.1327540204	0.1255199856	-0.1442165292	0.0750411819	-0.0360410186	0.076567694	-0.0147648736	0.0313800407	-0.0207694985	-0.0336799358	0.1098415184	0.0810483099	-0.0293879529	0.0666224419	0.1785143966	-0.1713629547	-0.0498222252	0.0102000269	-0.0546292265	-0.0121874734	0.0538922327	0.0525074572	-0.0316279803	-0.063814228	0.1900658708	-0.1088034213	0.0875952001	-0.0993144579	-0.1020530206	0.0058888347	0.0674520492	0.0636109067	-0.0047641909	-0.0440627968	0.0360058686	0.0313916988	0.0029293667	0.0974868046	-0.0501975535	-0.0292699517	0.0964619626	-0.0064329509	0.0629620097	0.0300013269	0.0051936758	0.0872320807	-0.1359704497	-0.2093720104	-0.106792377	0.0320781666	0.0597547433	-0.1175645008	-0.0427165048	0.0810206922	-0.1111092412	0.102233275	-0.1475167302	0.157349336	-0.0714398338	-0.0234641188	0.02849051	0.1496327441	-0.0545641359	-0.0259588922	-0.0590857174	-0.0669847417	0.0570703343	-0.060454683	0.0408503081	0.0791046786	0.000447409	0.0305114441	0.0669090691	0.061324827	-0.154336497	0.0864696202	0.1010407866	0.1209579038	-0.0702453836	-0.0482977841	0.0286656815	-0.0527004097	0.0544771354	-0.0937217737	0.0045386853	-0.0576731786	-0.0354552307	0.0529595495	-0.1112519548	-0.2276219899	0.1120952971	0.041119985	-0.1025172291	-0.0148284744	0.074854662	-0.0633958915	-0.084605153	0.0702195541	-0.0378781213	0.0630715867	-0.0832609243	-0.1309236538	0.1219027287	0.0537437524	-0.0897479218	0.0321542269	0.156918998	0.0792662985	0.2219007868	-0.1345854751	-0.1016856948	-0.0979437034	0.0479118273	0.0818308134	-0.053468993	0.0337719647	0.0084778076	0.0681352457	0.0778446167	0.1606859196	-0.0019785054	0.1338438508	-0.0005517335	-0.1811210838	0.0705459656	-0.0663543319	-0.0643025208	-0.0075088412	-0.0926273701	0.0308444778	-0.0023824605	-0.1632205328	-0.0110227184	-0.0481717382	0.0647426176	-0.0295612142	0.1214035094	0.1088610131	0.175063301	0.0026068305	-0.1192900849	0.0105067345	0.0026825011	0.0626531823	0.0235549482	-0.0214621261	-0.141498009	0.2153260358	-0.0043440549	0.0868723456	0.0030649112	0.0575463561	0.0473498073	-0.0111289511	0.0085040162	-0.0179380132	0.1178006533	0.1151810923	0.1108582214	0.0179767	-0.0022206999999999	0.00032316174289	4.931508489999996e-06	0.035905	-0.0172854	0.001289169025	0.00029878505316	-0.0153971	0.0041689999999999	1.7380560999999994e-05	0.00023707068841	0.0010245	0.000312466	9.763500115600005e-08	1.04960025e-06	-0.000381657	0.00015168	1.4566206564899997e-07	2.3006822400000015e-08	-0.000127658	1.974e-05	3.8966759999999987e-10	1.6296564964000002e-08	0.0	0.0	0.0	0.0
9464.099704269953	56.50752891806951	89569183.2123626	3193.100824426462	8883.549792713668	42.12433498138853	78917456.91962305	1774.4595976242333	6778.788723112042	44.74293538371785	45951976.55259099	2001.9302667515508	7094.770111316452	9669.297951722168	1.569284	64.727959	0.1293089	0.060942	-0.1132767207	-0.051821096	0.1309007076	0.1939422159	0.1645781294	-0.0067957112	0.0164624431	0.0609610478	0.0065833661	0.0084069368	0.0540626814	0.0986265105	0.1490519224	-0.0449163277	-0.0557382417	0.1504133493	0.1199212347	-0.0772594964	0.0312005635	-0.0685159373	0.0012058979	-0.0444558675	0.0643353147	-0.0461499888	0.0660368394	0.115049841	-0.1092624271	-0.0340837198	0.017758994	0.1434967281	0.0882458589	-0.0935351243	0.0495169075	-0.1311903518	0.0252439215	-0.0506479939	-0.0715112339	0.0328633582	0.0261897714	0.0706252404	0.0275217764	0.104397084	0.0262341914	0.0405225742	-0.2026334354	0.0708384606	-0.0502809089	0.2074146503	-0.0299025809	-0.0606550297	0.1195690859	0.0477404372	-0.1442422553	0.0500502622	0.1073803846	-0.1478453179	0.0465556891	0.0780990594	-0.0733673557	0.0596242968	0.0176814824	0.0552086504	0.1325393529	0.0371581158	0.0311455903	-0.1674544914	0.083893318	0.1305374275	-0.0638330631	-0.0110234649	0.0890836578	-0.0550254567	0.0547563613	-0.047481716	0.0473874874	0.1582611845	-0.0398616265	-0.1064680167	-0.2028389241	-0.1016956648	0.0431343996	-0.0402300984	0.0772350988	-0.1487199502	-0.0043732161	0.0424954184	-0.1977550845	0.0920856959	-0.0989433658	0.0073869449	-0.0261653768	0.136536983	0.0027090479	0.1317006702	-0.0717234028	0.041131758	-0.0454259768	0.089996808	-0.1080408817	0.0084122703	-0.0233988569	0.0242881743	0.1834220324	-0.0651347233	-0.1054493381	-0.0869171575	-0.0743521411	0.0380040481	0.0974527296	0.0763034051	-0.1214861868	0.095401685	-0.1366437984	0.0403459506	-0.0304082681	-0.143423464	-0.1426426265	0.0363800818	-0.1295949057	0.08858576	-0.0531356763	-0.050801034	-0.0512851865	-0.0548307845	0.1189955297	-0.1602186323	-0.0514718182	-0.0706162334	0.0062848427	-0.0551256055	0.1666059884	-0.0865811544	-0.108651002	-0.0183174993	-0.0787559422	-0.0921171604	0.022809222	-0.039859301	-0.0662707431	0.1846252979	-0.0899973162	-0.1477946603	-0.1205866574	0.1099893185	0.0042612918	-0.0875857292	0.078181084	0.0602482304	0.0868687282	-0.0551271526	-0.0466245977	0.0662008854	-0.0335547959	-0.0743979615	0.0362179461	-0.0330675877	-0.0142528352	0.0672674857	0.1233862043	-0.2139722556	0.08864631	-0.0438405166	-0.0845001247	0.0235322364	0.0868289928	0.0767996009	0.0389039483	-0.1094640778	0.2364916318	-0.1136258438	0.1010955693	-0.0415770064	-0.0675407121	0.0444691595	-0.0133756758	0.0695601262	-0.0539962326	0.0002361763	-0.0739703217	0.0233829337	0.0110624915	0.1192871963	0.1291120311	0.0094424532	-0.0528612833	0.117453149	0.1138033884	0.1078042307	0.0242484	0.0062716999999999	0.00058798490256	3.9334220889999976e-05	0.0805608	0.0446558	0.00649004249664	0.00199414047364	-0.0479937	-0.0325966	0.00106253833156	0.00230339523969	0.00034639	-0.00067811	4.598331721e-07	1.199860321e-07	-0.000491585	-0.000109928	2.41655812225e-07	1.2084165184000005e-08	0.0	0.000127658	1.6296564964000002e-08	0.0	0.0	1.0	0.0	0.0
9467.933124736996	3.8334204670427434	89641757.65449205	14.695112477142198	8842.269388057308	-41.28040465635968	78185727.93097536	1704.0718085928015	6787.507002164698	8.718279052655816	46070251.304434806	76.0083896399772	7099.528773659278	9821.340234937696	1.157147	47.728645	0.1041421	0.05625	-0.1411566576	-0.0611811023	0.13042048	0.0987896835	-0.1195429079	-0.0579457411	0.010805282	0.0838832047	-0.1072475103	-0.0877722723	0.0073704601	0.0486095816	-0.0798899021	-0.1026254865	0.0407378169	-0.0176947225	-0.0336938805	-0.0622046648	0.1489938316	-0.0326286305	-0.0450578126	0.0691798748	-0.0013055175	0.0739081184	0.0201956312	0.0892595778	-0.003954712	-0.1039905318	-0.0892417909	0.0629833032	-0.0119537501	-0.0667005156	0.0377560754	0.0880118777	0.0771353928	-0.0210519434	-0.0205973503	0.1225826767	0.0892589792	0.079134067	-0.1162408903	0.1405910759	-0.0117191958	-0.0353819524	-0.0684326812	-0.0424371472	0.1129501301	-0.0431833082	0.1577401131	0.0354896753	-0.0258181614	-0.0144347491	-0.0297746303	0.0958488746	-0.0332556193	0.0078089147	-0.2338130315	0.0841275325	0.095392996	0.0094590821	0.2353890985	0.0022821669	0.2161045513	-0.0503860127	-0.0335012226	-0.1262400091	-0.027957391	-0.0544418001	0.0266832805	-0.012675807	0.035920947	-0.1911777058	0.0276735417	0.0015889404	-0.0332229101	0.0210084148	0.0514553586	-0.2054607051	-0.0798276206	-0.173724184	0.0463882793	-0.0309557979	0.0163606448	0.0622670672	-0.0982563793	0.014477387	0.0260105228	-0.0357999628	-0.0349743729	-0.103742468	-0.1120977635	-0.1949714307	0.1636635386	0.0622360906	-0.0145319472	0.1627968399	-0.0240105352	0.0339021183	-0.0897243773	-0.0531776527	0.0256493652	-0.1564166788	0.0677858258	0.0630039046	0.1841742739	0.0216137325	0.0379690132	0.0496013622	-0.044264789	0.1356567706	0.1036723544	0.0005269154	-0.0599190234	-0.0063223315	-0.1243030552	0.0375023756	-0.0432274366	-0.0018887195	-0.0504296646	0.1200560807	0.1044827079	0.0924811357	-0.0613136523	-0.0403807431	-0.0721579779	-0.0244671119	-0.1785924448	0.1645793619	0.0313111527	0.0172246418	0.0869366284	0.1723736304	-0.1949398725	0.011881282	-0.0131965322	0.0248038899	-0.0029196376	0.0241694229	-0.2095750351	0.2861599684	-0.0391138253	-0.1226705088	-0.0334381063	0.0195760363	0.0624364336	-0.0428129543	-0.0423252895	-0.0115196743	-0.0947622439	-0.1171228971	0.0049079782	-0.1075592879	-0.0582428611	0.1363407816	0.0362767269	0.1277519729	-0.080406417	0.013097326	0.1246827254	-0.0234018609	0.0591210142	-0.081616748	-0.1140859366	-0.0453862385	0.0162895586	0.1628728094	-0.1124936549	0.0617017986	-0.1790343479	-0.0982265018	0.0554426019	-0.0021749242	-0.0727863906	0.1297747186	-0.042836452	-0.0062613917	-0.2256140758	0.1480306787	-0.1901922141	0.0239813973	0.1276282451	-0.0203238346	0.1623914127	0.0180792515	0.0702088636	0.1170481578	0.1122029089	0.1042755153	0.0224186	-0.0018297999999999	0.00050259362596	3.348168039999998e-06	0.0574878	-0.023073	0.00330484714884	0.000532363329	-0.0789776999999999	-0.0309839999999999	0.0009600082559999	0.0062374770972899	0.00108928	0.00074289	5.518855520999999e-07	1.1865309184e-06	-0.000533969	-4.238400000000002e-05	2.85122892961e-07	1.7964034560000015e-09	-0.000179832	-0.000179832	3.2339548224e-08	3.2339548224e-08	0.0	0.0	0.0	0.0
9459.437398475857	-8.49572626113877	89480955.89568369	72.17736470420296	8887.115282673944	44.84589461663563	78980818.04753676	2011.1542639663887	6789.983629998663	2.4766278339648125	46103877.69564982	6.133685427969239	7111.239181200092	9699.485165787102	1.13165	46.676975	0.0411369	0.0241089	-0.120837097	-0.0378298276	0.1377096663	0.1096974457	0.1634103751	0.0663636301	-0.0532445609	0.0157444045	0.0310330215	-0.0149686015	0.0842791359	0.0114015707	-0.1775205775	-0.1596272229	-0.1168809762	0.0042097	-0.147139742	0.0424309895	-0.011924244	0.0068272618	-0.0182045908	0.0124930256	-0.1479496561	0.0195759407	0.0666193383	-0.1057384179	0.1191232289	0.0167864877	0.0443444258	-0.0522535798	-0.018009499	-0.0436224839	0.1806981731	0.0478835699	-0.0617760875	0.0162199644	-0.0942477851	-0.1420347774	0.15540096	-0.0085467661	0.1938823377	0.1015462233	-0.0411017811	-0.0888840097	-0.0585223662	-0.0714967644	-0.0116734134	0.000282016	0.0266816526	0.1836623753	0.0795405262	0.0123347941	-0.0827348638	-0.0195870294	0.1379682303	-0.041038508	0.048734474	-0.0187005922	-0.026559102	-0.01092469	-0.0066283706	-0.1058370566	0.0353090453	-0.0103387096	0.1271756627	-0.0351035301	-0.0790195006	-0.0607771459	0.1151941926	0.0227789517	-0.1027640958	0.049966306	0.0261630639	0.1305877208	-0.0250007999	-0.0054098334	0.0035807561	-0.0398884968	0.0072270775	0.0037759287	0.0697057148	0.087122663	-0.0943974409	0.117864344	0.2611858402	-0.0436904903	-0.0933690544	-0.0170435341	0.0483624067	-0.0762392553	-0.0684196957	-0.146660691	-0.0400230401	-0.0312303824	-0.0630447657	-0.0491898907	0.203373883	-0.0233860631	0.1519533949	0.0292831289	0.1034746848	0.1239463732	0.1152784327	0.057529008	-0.1653923741	-0.0299964572	0.0682196655	-0.0442472949	-0.0047098862	0.0772010054	-0.0287895089	-0.0821604406	0.0291555098	-0.0510848139	-0.0379133525	-0.0269096904	0.0978599123	-0.1312092298	0.0997019737	0.026361838	0.0172593559	0.0653854343	0.0156049439	0.0051155198	-0.0530326557	0.0724800063	-0.0399113041	0.0547094526	0.0769590389	0.1306758162	0.1040551252	0.0371699568	0.1529162201	0.0656977271	0.0182787676	-0.0154115507	-0.0689091735	0.078963545	0.0529205989	-0.025473314	0.2118781006	-0.1538939447	0.0335950677	0.0247913323	0.0778461705	-0.1785780224	0.1496291234	-0.0732646638	0.0239398691	-0.0774442906	-0.0921692677	0.1773660437	0.0441773876	0.0808569055	-0.0228517456	0.0403509656	-0.092462537	-0.0058051649	-0.0576656485	0.0689567183	-0.1500588908	-0.0480424927	-0.0984153411	0.0209478149	0.018081797	0.0019923742	0.2070753919	-0.0202319003	0.0455536925	-0.0902346484	-0.0006279472	0.0265653656	-0.0168997417	0.1448408099	-0.0399930514	0.0135858719	-0.121089457	0.0890187228	-0.007384619	-0.0819112076	0.0990210677	0.0656758081	-0.0628413999	-0.1164252673	0.1365369392	0.1165858777	0.110382787	0.100287614	0.0234181	0.0009995	0.00054840740761	9.990002500000008e-07	0.0766753	0.0191875	0.00587910163009	0.00036816015625	-0.0649194	0.0140582999999998	0.0001976357988899	0.00421452849636	0.00102342	-6.586000000000005e-05	4.337539600000007e-09	1.0473884963999998e-06	-0.000498737	3.523200000000006e-05	2.48738595169e-07	1.241293824000004e-09	-0.000216572	-3.674e-05	1.3498276000000004e-09	4.6903431184e-08	0.0	0.0	0.0	0.0
9436.225217055708	-23.212181420149136	89042346.34699804	538.8053662819168	8854.136636121582	-32.97864655236117	78395735.57111041	1087.5911284255633	6779.578585883774	-10.40504411488837	45962685.80217384	108.26494303277308	7095.531692793105	9640.99527852874	1.085723	44.782608	0.0537428	0.0242491	-0.1093888524	-0.0643337228	0.1366896557	0.0172379167	-0.0768868288	0.0624907643	0.1905353335	0.0411897112	-0.0036242961	-0.0225634641	-0.0084506046	0.0932965432	0.0769775876	-0.0918667837	0.0409112993	-0.006666709	0.0940999556	0.0885508504	-0.2403474551	-0.1356422643	-0.0672439857	-0.1670396981	-0.1549320121	0.1349628937	0.0968848428	0.0107400702	0.1699832815	0.0466990841	-0.0938867745	-0.192018624	0.0719303696	0.0458059469	-0.1088427422	0.125361378	-0.0556915707	0.1224143368	-0.1389448802	-0.0202674069	-0.0195228933	-0.0365926944	0.0009573701	0.0769346723	0.0105660362	-0.1254852985	0.0540907766	0.072199868	0.0143062959	0.0631912953	0.0762328945	-0.1499198507	0.1236272259	-0.0389954537	0.0182204665	-0.1177062952	0.0748268876	0.0496460936	0.0945654427	0.1070176349	-0.0109487878	-0.1638752201	0.0364522774	-0.046704397	0.0793191792	-0.1097578602	0.0164094493	0.1054562577	-0.2529504944	0.0221656466	0.0090648644	0.0806461043	-0.1633644593	0.1181855887	0.2053330186	-0.1151219151	-0.0583892741	-0.0105945211	0.0995722927	-0.0058961653	0.0180007216	0.1686197443	-0.0391932077	0.1046952751	0.0452356099	-0.0856719242	0.1329752899	-0.0386905421	0.0451328198	-0.0439129102	0.0198152619	-0.0853095041	-0.0037459842	0.0688762046	-0.0177906877	0.0098965734	-0.051185988	-0.1404110584	0.0090454689	0.0499555566	-0.0745418822	-0.0452408288	0.0304315897	-0.0174071513	-0.0195529878	0.1362166388	0.0658694172	-0.0673712268	-0.1269848719	0.1045709722	0.0354395834	0.0863492657	-0.072485247	0.0590986085	0.1102219994	0.052745112	-0.0330256712	-0.2144918377	0.0364692344	-0.0449438586	0.0407351887	0.0206634331	-0.1615788834	0.0438767082	0.1396978561	-0.1330151539	-0.0304179406	0.105237538	0.1231021726	0.092118653	0.0267358411	0.1351722009	-0.0173638571	0.2301172086	0.110560805	0.0221931524	-0.0662567339	-0.0913568703	-0.1426612422	-0.0483053727	-0.0110573111	-0.0455319458	0.0311846926	-0.0421657639	-0.1174430115	-0.0266336875	0.0530162998	0.0990486698	0.0873266982	-0.011457332	-0.0572755457	0.1457131914	0.2018065164	-0.0298461284	0.1203836802	0.0046609074	0.0374319438	0.0240645273	-0.0409372611	0.0818629894	-0.0815882591	-0.006266043	-0.1308063827	-0.0544080044	-0.0942108771	-0.006412648	0.0658751268	0.0100451191	-0.1085272333	-0.1898583652	0.0218467446	-0.0345036344	0.0604785039	-0.0112128719	-0.0484852699	0.0862981414	-0.0267745776	0.071957298	-0.203289099	0.1397832459	-0.0631194672	-0.1068809762	0.0469189927	0.0509502238	-0.2008751085	0.013193866	0.1874527836	0.116066535	0.1083465856	0.0958580879	0.0279497	0.0045316	0.00078118573009	2.053539856e-05	0.0883889	0.0117136	0.00781259764321	0.00013720842496	-0.0538702	0.0110492	0.00012208482064	0.00290199844804	0.00078726	-0.0002361599999999	5.5771545599999966e-08	6.197783076000001e-07	-0.000574973	-7.623600000000003e-05	3.30593950729e-07	5.811927696000005e-09	0.0	0.000216572	4.6903431184e-08	0.0	0.0	0.0	0.0	0.0
9388.696698058704	-47.52851899700363	88147625.68813841	2258.960118048535	8862.915571023575	8.778934901993125	78551272.41909215	77.06969801343304	6748.681464185656	-30.8971216981181	45544701.50504305	954.6321292283202	7073.542986644372	8330.657985626249	1.380223	56.929806	0.10078735	0.0489351	-0.0256585995	0.0534220517	-0.0057651434	-0.1655548615	-0.1744169533	0.071945837	-0.1327069682	-0.1202033338	-0.0785099251	-0.0204711365	-0.0528957896	0.0133647421	-0.0293321605	-0.0043798389	0.0532702889	0.1610935215	0.1139291489	-0.0975814961	-0.0129068469	-0.0308223359	0.0366865685	-0.0328168291	-0.1089628816	-0.0450423957	-0.1359812235	0.0335180663	-0.0600923626	-0.1287663086	-0.0459743434	0.1233964982	-0.15070083	0.1206704482	-0.0212040907	-0.0655114314	-0.0046426717	-0.1205914372	-0.0446378391	0.0029701669	0.0689927929	0.0706704122	-0.0245109573	-0.0241743583	0.0533757525	0.0120838228	0.0069273122	-0.0008031864	0.0796259602	-0.1399704607	-0.076950932	0.0162979535	0.0075852993	-0.1688095874	0.1072391958	0.0452952905	0.0324649102	0.0657631767	0.0343752849	-0.0402719968	-0.0753529221	0.1752518472	0.0351590166	0.1245097833	-0.0061404269	0.1201619338	0.0125533288	0.1165824162	-0.0217734516	0.2020287278	0.0395463893	-0.1384188601	0.0243917738	0.1037095609	-0.1268216027	0.0474753904	-0.0283730316	0.0838488978	0.0562752498	0.1995950955	-0.1112335914	0.131752905	-0.1856982732	-0.1562105162	-0.0355287258	0.1333886169	-0.0480486672	0.0185488471	-0.004109578	-0.1641536256	0.0411181922	-0.054334277	-0.039945631	-0.097490652	0.1614131322	0.0859575589	-0.020992339	0.0234191193	-0.0009638863	0.0516938093	-0.0018097883	-0.0255995981	0.1420285826	0.0248660045	-0.0968488585	0.0384524843	0.0964993925	0.1789364866	0.1186559121	0.0110689139	-0.0359658273	0.0458840817	-0.1059642713	-0.0130517738	-0.0741152368	0.096794721	-0.0206688952	-0.0523227762	-0.1526646865	0.0140742372	0.0853286439	-0.0653104033	-0.0743424503	-0.1050732323	-0.214662414	-0.0262605952	-0.0147464118	-0.0918223114	-0.0243549654	-0.0171994638	-0.0410301791	0.0221536871	-0.0171275982	-0.1875374565	0.0243247625	-0.107591773	0.0326104659	-0.0565905736	0.0770941795	0.0336629476	0.101505138	-0.0108520391	-0.0372213495	0.122981633	-0.0546476702	-0.1645343267	-0.0360379251	-0.0255736362	0.1504351673	-0.0945903993	-0.1129278761	-0.0136351472	-0.0470514209	-0.0574786783	-0.1500986087	0.0090943779	-0.116905024	0.1481048442	-0.1170843476	-0.000233522	-0.116163852	0.145388958	0.1262034161	-0.0235943129	-0.0673730328	0.0279847713	-0.0572360219	-0.0129474313	0.0586735244	0.0070866518	-0.1611198595	0.081239158	0.069109533	-0.0922990055	0.050794793	0.0707269435	0.0835712222	-0.0137625894	0.0851465197	0.0540169709	-0.0713136099	-0.024823274	0.1060392632	0.0407570678	-0.0690950743	0.0151832617	0.1209448171	0.115490384	0.1060982907	0.0910064429	0.0299179	0.0019682	0.00089508074041	3.873811239999999e-06	0.0500809	-0.038308	0.0025080965448099	0.001467502864	-0.0306176	0.0232526	0.00054068340676	0.0009374374297599	0.00130518	0.00051792	2.682411264e-07	1.7034948323999998e-06	-0.000613579	-3.860599999999995e-05	3.7647918924100005e-07	1.490423235999996e-09	-0.000188645	-0.000188645	3.5586936025000004e-08	3.5586936025000004e-08	0.0	0.0	0.0	0.0
9377.302037953768	-11.39466010493561	87933793.5110119	129.83827890701122	8864.864358491359	1.9487874677834045	78585820.09445041	3.7977725945896528	6761.62501064797	12.94354646231386	45719572.784620166	167.5353950220777	7081.284052325231	8847.497062021364	1.361582	56.160912	0.0814085499999999	0.050572	-0.0243323874	-0.0606626329	0.0450485516	0.0065768833	0.1466148972	0.0710147805	0.0182521981	-0.1014615283	-0.0724525915	0.0402051986	0.0525048227	0.0381227358	-0.0140760905	0.0189670079	0.0658805102	-0.0486548305	-0.0916039179	-0.0765711995	0.0782899632	0.02803813	-0.1087877486	-0.1048154525	-0.0378183302	-0.2032064979	0.0763355082	0.1206460926	-0.0597801454	0.0589691087	0.0153538756	-0.0587156586	0.0270683193	0.0669070814	-0.2193860484	0.099708669	0.0529903258	0.040837961	-0.1611347743	0.0029943764	0.1307779703	0.0605630233	-0.0325333408	0.0555567806	0.1454575682	-0.0577484384	-0.1110409011	-0.0909521389	-0.0421533536	-0.1000022191	-0.0424246106	0.1336464757	0.1410463186	0.0848366481	0.0772906939	-0.0346788757	-0.0007974729	0.0034851744	0.0030261836	0.1172180556	-0.176149965	0.0704236965	-0.1189545409	-0.1007198503	-0.0852763655	0.0178605991	0.0206905304	0.1427257133	0.0903472175	0.0991477829	0.0909063904	-0.0587475703	-0.0287027778	-0.0692948005	0.0936197125	0.1468919793	0.0871359953	-0.1859128729	-0.0041062202	0.1023415232	-0.1281648648	-0.0905304711	0.0361926499	0.022583746	0.0458234973	0.0927500033	0.0030769961	0.1197523182	-0.137789649	0.0142173858	0.0147961177	0.106150646	0.1030168674	0.0454765149	-0.0606570857	0.0960888458	0.139828859	0.003589971	0.0438469897	0.0252282622	-0.0911165782	0.0474177697	-0.0750603162	-0.1544329778	0.0778914325	-0.0073146782	-0.1659079166	0.1417625604	-0.0344909288	0.0287751053	-0.0807688775	0.0937287179	-0.0757521977	-0.0243988389	0.030384051	-0.0884973001	-0.0280403679	-0.0126392984	0.032473173	-0.015245364	0.0380228758	0.0912867026	0.1419164152	-0.1363652901	-0.038425094	0.0434576721	0.0562414703	0.0494119191	0.0768387383	0.0860875185	0.0033491249	0.0548469348	0.1116093801	-0.2440615798	-0.1069297075	0.0866468248	-0.0969636613	-0.0095981548	0.0131111822	0.0987041916	0.164726357	-0.170950141	0.1252667061	-0.1815175183	-0.0744492666	0.0812080371	0.0485863002	0.0281997873	-0.191458664	-0.0024415714	0.1096044025	0.103493104	-0.0061589619	-0.150102486	-0.0427906786	0.0841932487	0.0189451628	0.0457031762	0.1294492318	-0.0566968111	-0.0531268581	-0.0297903567	0.065775054	-0.0161269423	-0.0371406575	-0.0285163634	0.0156719746	-0.0676746855	0.126040356	-0.0106102051	0.0239939705	0.0203434925	-0.0242066692	-0.0253363711	0.0450574847	0.0182560617	0.0441475267	0.0059688557	-0.1087797275	-0.0429898332	-0.1531018613	-0.014330672	0.0792312633	-0.0338509638	-0.0549839362	0.0023851624	0.0165564758	0.1148577065	0.1036423034	0.0857540434	0.0292565	-0.0006613999999999	0.00085594279225	4.374499599999993e-07	0.0987006	0.0486197	0.00974180844036	0.00236387522809	-0.0389539	-0.0083363	6.949389769000002e-05	0.00151740632521	0.000921385	-0.0003837949999999	1.4729860202499998e-07	8.48950318225e-07	-0.000638559	-2.498000000000008e-05	4.077575964810001e-07	6.240004000000038e-10	-0.000121597	6.704800000000001e-05	4.4954343040000024e-09	1.4785830409e-08	0.0	0.0	0.0	0.0
9376.349635967796	-0.952401985972756	87915932.49591342	0.9070695428848496	8885.177633202838	20.313274711479608	78946381.573568	412.62912950403694	6762.120205154592	0.4951945066222833	45726269.66895999	0.2452175993888866	7084.261152593833	8554.741661357431	1.108108	45.70591	0.0330026	0.0165824	-0.0053923382	-0.0451022497	0.0054549665	-0.026382056	-0.0221496388	-0.0714782609	0.1624397748	-0.0153129104	0.0481896826	-0.0235163489	0.0789008395	0.111231962	-0.0442668742	0.1129656185	-0.1016758542	0.1001427414	-0.0265406827	-0.0901603822	0.0035341012	-0.0548492946	0.0296124732	0.009389386	0.0407978336	-0.048129743	-0.0030558861	0.032582375	0.0216769241	0.1719792637	0.000515296	0.0235613423	0.039630396	0.1604885005	0.0271276553	-0.0467936022	-0.1481668253	-0.1813595206	0.0265833707	0.0357197625	-0.0125261975	0.0043667258	0.0071237417	0.0644324502	0.1295280933	-0.0302430551	-0.082236605	0.0627983836	-0.0179107244	0.1823548286	0.0274781944	-0.1666720637	-0.038880646	-0.0162374914	0.1992606652	0.0649575775	-0.0018434786	0.0184772613	-0.0258541252	0.056258338	-0.101532776	0.0202317302	0.1017142413	-0.1008330022	0.0216147908	0.0185757459	0.0360164043	-0.08589856	-0.055380574	-0.1003801336	-0.1704388857	-0.0512405192	0.0480814319	-0.1463650016	0.0300483507	0.1507871617	-0.1147426318	-0.0623907106	0.0627167488	0.0989149413	-0.0038726451	0.0665490397	-0.0495276825	0.0448950632	-0.0084369169	0.061065301	-0.1158763606	0.00955361	0.1212549079	-0.0655145762	-0.0216996428	-0.0666945238	0.1859962865	0.0357674406	0.0499220293	0.057038118	-0.0022756181	0.0729056528	0.0006163277	0.0371009488	0.2279275262	-0.0103096677	0.1646566604	0.0307797453	0.0543579987	-0.0277450155	0.0682292139	-0.046890027	-0.2150237176	-0.0116526456	0.0031601694	0.0759633896	-0.083686761	0.06893759	-0.02390735	-0.0156650737	0.0802943476	0.0093968144	-0.0674771572	-0.0572987184	0.0730142754	-0.0177740617	0.1075444588	-0.163668136	0.04374664	0.0066829811	0.0203804143	0.1732344761	-0.0640975264	0.1019854161	-0.1616430935	-0.0815856542	0.0366455593	0.070144914	-0.1550909925	-0.1605532632	-0.0772800698	0.0234764996	-0.1291897843	0.0325200161	-0.0739954783	-0.0601622074	0.0217140942	0.0601122454	0.039022194	-0.0197185775	0.0252226662	-0.0441846731	0.0006229569	-0.0934664974	-0.0805135769	-0.0778117192	-0.0408241941	0.0114426296	-0.0604002316	0.0286553737	-0.075204455	0.0242937923	0.0031992558	-0.1218521867	-0.0411419827	0.0547143812	-0.0051772464	-0.009721088	-0.0262971089	-0.0300167096	0.0136707052	-0.0419082418	-0.1098890557	-0.1024902289	0.0687062663	0.0359635681	0.0099877475	0.0605265705	-0.0059522142	0.0324538963	0.0500566471	0.0715314231	-0.0916241717	0.0069135454	-0.0861154724	-0.0733782706	0.1127229635	0.0109978918	0.0326829515	0.071672452	0.0149746087	0.1141688124	0.1009834314	0.080124019	0.0293157	5.919999999999884e-05	0.00085941026649	3.5046399999998623e-09	0.0877176999999999	-0.0109829000000001	0.0076943948932899	0.00012062409241	-0.0392291	-0.0002752	7.573504000000178e-08	0.00153892228681	0.00111528	0.0001938949999999	3.7595271024999976e-08	1.2438494783999998e-06	-0.000722744	-8.418499999999997e-05	5.22358889536e-07	7.0871142249999955e-09	-0.000277223	-0.000155626	2.421945187600001e-08	7.6852591729e-08	0.0	0.0	0.0	0.0
9379.539647417345	3.1900114495492744	87975763.9974739	10.176173048255462	8824.577606044211	-60.6000271586272	77873169.92509699	3672.363291626354	6755.25268222867	-6.867522925922458	45633438.80075764	47.16287113807056	7071.6264890884695	7978.8008882833	1.379153	56.885677	0.0840257999999999	0.0448761	0.00320361	0.0674980842	-0.0180411471	-0.1496529927	-0.0836187697	-0.0598111126	-0.1112540351	0.0525332042	-0.0616098036	-0.0883001856	-0.0037308787	0.123200835	-0.0601835395	-0.0827018813	-0.1368392581	-0.0163874233	0.0252269931	0.0325400888	0.1963273406	-0.0899068021	-0.0178776206	0.0097132827	-0.0092448899	0.0295994535	0.0136080846	-0.0374658637	0.0825923729	0.0270373116	-0.1452708893	-0.1943075468	0.0153325215	0.0131429763	0.0117112769	0.0782853462	0.0941694749	0.0173236953	-0.0446244687	-0.0530313485	-0.0137016757	0.008464345	0.0167447914	0.0044955165	-0.0564744643	0.0071226003	-0.0317526851	0.1509014704	-0.127233666	-0.2167257826	0.0345435123	-0.0711850533	-0.0717934834	-0.011640383	0.0283230357	0.1677539832	-0.0123233762	0.1482902639	0.0622273261	-0.0452440425	0.1686507237	-0.0595091696	-0.0617223111	0.1325854404	-0.0632125944	0.0587850198	0.1189083667	0.0692219222	-0.0125094909	0.1280600098	0.03313958	-0.1227315876	-0.0161768003	-0.0894676137	-0.089045614	0.0365162953	0.014110757	0.1322216993	0.0661253092	0.0122737974	0.0926141412	-0.0086594108	0.1370205475	-0.0376073016	-0.0676004531	-0.1276823814	-0.0885146792	0.0789634345	-0.0982237049	0.1243680669	-0.0471234021	0.0373086467	-0.0202799459	0.1651174416	-0.0102004766	0.0227544028	0.1016313714	0.0945735891	-0.1791714222	-0.1191635065	-0.0754738072	0.0115223018	0.1272921173	-0.0344936808	0.0009218604	-0.0222927326	0.1174261039	0.0379575618	0.1090388273	-0.0147957149	0.1209905275	0.0513691196	0.002506657	-0.0153918301	0.00141249	0.2354315204	-0.0099301684	0.169117284	0.0274978728	-0.0578221148	0.0554078513	0.0902993244	0.1496724103	0.0262005176	0.1323147733	0.1430378371	0.1422337438	-0.0544766133	0.0248756639	-0.0830184611	0.0271928248	-0.0059119022	0.0180837046	-0.1582384289	0.0195748148	-0.097653309	-0.0120610292	-0.1437821417	-0.0028064027	-0.173100691	-0.0685280808	-0.0005368688	-0.0192752934	-0.0106112733	0.0434683923	-0.0735157196	-0.1217112298	0.02210702	0.0755861774	0.0382564621	-0.0017107508	0.1014501952	0.0069754029	0.0284137618	0.0810194766	-0.1620186036	0.0203062912	0.0601033929	0.0857812844	-0.0292357026	-0.0015063491	0.1076262829	0.0586068366	-0.0065955648	-0.049171556	-0.0376542362	-0.10520134	-0.0408220578	-0.0838032718	0.0795159936	-0.054895006	0.152608375	0.038623041	0.0004677753	-0.0237667077	0.0896145116	0.1632994867	-0.025106029	0.1484374724	-0.0730361273	-0.0914588893	0.0222406922	0.0244301548	0.0570690766	0.0520121683	0.0159386122	0.0917647434	0.1134240387	0.0981268796	0.0741411618	0.0257059	-0.0036098	0.00066079329481	1.303065604e-05	0.0511266	-0.0365910999999999	0.00261392922756	0.0013389085992099	-0.0324423	0.0067868	4.606065424000004e-05	0.00105250282929	0.00170155	0.00058627	3.437125129000001e-07	2.8952724025000003e-06	-0.000806242	-8.349799999999999e-05	6.50026162564e-07	6.971916003999999e-09	-0.000348217	-7.0994e-05	5.040148036e-09	1.21255079089e-07	0.0	0.0	0.0	0.0
9356.98313833093	-22.55650908641473	87553133.45100935	508.7961021655105	8875.501053831842	50.92344778763072	78774518.95657013	2593.197534579552	6748.409157856685	-6.8435243719850405	45541026.16184397	46.83382582995324	7074.34746595125	7419.908122484525	1.325259	54.662727	0.1651262	0.10412	0.0348317666	0.191065094	0.0179731708	-0.0943779119	0.17284066	-0.0548121893	-0.0746339261	-0.0356454209	-0.0329528835	0.0666834759	0.0279655774	0.1216747542	0.0019648432	-0.1892106847	-0.1088685727	0.0713650354	0.0919662225	0.0369470236	0.1208744924	0.0517761908	0.0608115232	0.1019324765	0.0122253644	0.0348467284	-0.1035701442	0.0909286117	0.1773295772	0.0098203113	0.0574742794	0.0165354408	-0.0064047454	-0.081218941	0.0250455808	-0.0155529894	-0.0953087183	0.0079599736	0.2037304975	-0.0695147433	-0.064533758	-0.0064713187	-0.086178621	-0.0702367125	-0.1099126849	-0.050059923	-0.0586080575	0.0906594358	-0.2266073898	-0.1332663691	-0.3047013096	-0.1420443175	-0.1079804121	0.0657173256	-0.0876480061	0.0732767519	0.1234484641	-0.0570231322	-0.0269664414	-0.076368017	0.0307537662	-0.0533571929	-0.032406923	-0.0376408949	-0.075252472	0.1958659007	0.072744071	0.0026166901	0.0037049226	-0.1528998182	-0.0268160454	0.0065620493	-0.1538777153	0.1748697537	-0.045030883	-0.1060008341	-0.0894441389	-0.0170100089	0.0398217804	-0.1885522311	0.0382044108	-0.0027124606	0.0973837759	-0.0313041011	0.106274874	0.1566864315	-0.1246130521	-0.0077956056	-0.015617038	0.0496361243	0.0661074465	0.0044605841	0.1507659318	-0.0427468729	-0.0391148337	-0.0060774114	-0.1166678893	-0.0572540933	0.0994277562	0.0812176354	-0.0471385329	-0.007178405	-0.0190148509	-0.1423774925	0.044875554	-0.1063402267	-0.1695495607	-0.0718601272	0.0991575945	-0.0175210944	0.04326214	0.0206345537	-0.0964374022	-0.0110365204	0.0457826203	0.3402728732	0.0169528057	0.1156446692	-0.0277435237	-0.0216692081	0.120647717	-0.0057036644	0.0923649115	0.1443663502	0.0196352558	0.013776284	-0.0402604248	0.0437344138	0.1046743445	-0.3199515087	0.0123801093	-0.0057802425	-0.0222933521	0.0908019512	0.0340953041	0.0765740015	0.15688862	0.0052323455	-0.1896742543	-0.1082742816	0.0430083639	0.0886505045	-0.0485571799	0.1333704403	0.0558545115	-0.0624502388	0.1161444077	-0.0354584503	-0.0168372062	-0.100382858	-0.0344314265	-0.0238221681	-0.0499006803	-0.03328796	0.0114688844	0.1432060735	-0.0852135433	-0.113669008	0.0301052304	-0.0919254858	0.1015686092	-0.164476996	0.0008454627	0.0309090569	-0.0656853196	-0.0524496123	-0.0887412443	-0.2981887823	0.0358352477	0.1304894124	0.1471425257	0.1968686965	-0.1114033604	0.0787444351	-0.0301865499	0.1673586652	0.1234900017	0.0150626035	0.1582707272	-0.0577856576	0.1608998267	0.1412464152	0.0148442451	-0.1309955302	-0.0306769635	-0.0150277398	-0.1110954658	0.11262375	0.0950782398	0.067831818	0.0258355	0.0001296	0.00066747306025	1.679616000000014e-08	0.122698	0.0715714	0.015054799204	0.00512246529796	-0.0204318	0.0120105	0.00014425211025	0.00041745845124	0.00299711	0.0012955599999999	1.6784757135999996e-06	8.982668352099999e-06	-0.00106566	-0.000259418	1.1356312356e-06	6.729769872399998e-08	-0.000421533	-7.331599999999997e-05	5.375235855999996e-09	1.77690070089e-07	0.0	0.0	0.0	0.0
9361.12370252168	4.140564190749501	87630636.97391321	17.14427181771707	8844.443692747589	-31.05736108425299	78224184.23418261	964.559677517672	6768.210312419571	19.80115456288604	45808670.83314262	392.08572202330265	7088.03302615442	8018.980629944824	1.369709	56.496132	0.1313982	0.0673983	0.0061007853	0.0492764433	-0.0039952305	-0.1995592732	-0.0445241891	-0.0062834528	0.1401942584	0.1174766611	0.0127652266	-0.0448761681	-0.1233112953	0.1359660892	0.0589344992	-0.0288628094	0.1299251203	0.0066731634	-0.02301343	-0.0804948692	-0.0738305211	0.0123524852	0.0072149313	-0.1356504394	0.0423793555	0.0728692675	-0.030655444	0.0123207904	-0.0049191479	-0.0640530678	0.0223425223	0.0348731176	-0.2171169955	-0.0607830728	-0.0574980449	0.0063064785	-0.0268804917	0.0588831577	0.0814373637	0.0972901605	-0.0960316094	-0.1627637594	-0.0149433731	0.0017990959	-0.0495946172	-0.0501247873	0.1654022645	0.090645196	0.023203931	-0.0135620101	0.012978207	-0.1301085549	-0.0286405694	-0.0696981371	0.0314319422	-0.0948205664	0.0349473074	-0.0144721687	-0.0487875431	-0.1207658662	-0.0377112468	-0.0122297426	-0.0050619636	0.1244572511	-0.0063156301	0.1643573358	-0.1017513734	-0.0008303723	-0.0773047727	-0.078495898	0.0763265845	0.0474507694	-0.0171725406	0.0875293629	0.0386101494	-0.0795621766	0.0522184441	0.0045885358	-0.1307544324	0.0778600059	-0.0446765391	-0.0500717506	-0.040484342	0.1177692604	0.1499346734	0.01920793	-0.0435737163	-0.0826130806	-0.1442444929	0.0351264641	-0.0001663056	-0.1502544136	-0.1337271453	-0.070644301	0.2198739689	0.1253427857	0.1115156367	-0.0379937417	0.0106879905	-0.1449729687	-0.0026892517	-0.0449143889	-0.0688065494	0.0436129383	-0.0543129573	0.0790391731	0.0480399503	-0.0870515826	-0.0704583649	0.0819975247	0.0624422459	-0.0281306509	0.142391978	0.0424950321	0.001764932	0.1842278105	0.0279941825	0.0088154654	-0.0565847418	-0.0389733327	0.054133258	-0.1107881584	-0.1559330656	0.0237683464	-0.1446239914	-0.0420595398	-0.0378779028	-0.0294639277	0.0500937983	-0.0106469951	0.0248022252	0.0825661854	-0.0456988669	0.0836661181	-0.0687071005	0.0849363744	0.1101763443	0.0648032586	-0.0044178403	0.053816733	0.1528539193	-0.1367396341	0.0162011178	-0.0334565197	0.0627734097	0.0728219128	0.0004180986	0.1684809675	-0.0097515063	-0.0094595533	0.0131627386	0.0542963867	-0.0712758335	-0.2169621516	-0.0494523019	0.0448402795	0.1667788593	-0.0418895324	-0.145188731	0.0353085343	0.064892158	-0.0926546345	0.0545939248	0.0036719225	-0.0353046913	-0.1204192994	0.072339156	-0.23919221	-0.1360749867	0.0165847335	0.0025546446	0.1540611395	0.0205869371	0.0483530358	-0.0741748859	0.0101023983	-0.0035002131	-0.0137993386	0.0077826806	0.1027957636	0.0921444535	-0.0267006729	-0.033120492	-0.1507396959	-0.1138690751	-0.033999559	-0.0722077103	0.111768338	0.0918434799	0.0612237711	0.0253588	-0.0004767	0.00064306873744	2.2724289000000007e-07	0.174551	0.051853	0.030468051601	0.002688733609	-0.0452498	-0.024818	0.000615933124	0.00204754440004	0.00211321	-0.0008839	7.812792099999999e-07	4.4656565041e-06	-0.000957447	0.0001082129999999	9.16704757809e-07	1.1710053368999981e-08	-0.000328636	9.2897e-05	8.629852608999998e-09	1.08001620496e-07	0.0	0.0	0.0	0.0
9333.545333780468	-27.578368741211307	87115068.49773516	760.5664224262209	8829.1402763462	-15.303416401389768	77953718.01939864	234.19455355432532	6742.236905324231	-25.973407095340008	45457758.48751606	674.6178761402587	7066.879424355204	7687.933936385175	1.188209	49.009823	0.10598745	0.0786129	0.0395631157	0.0763198675	-0.0082126434	-0.1988345636	-0.111878002	0.1062029194	-0.1346904886	-0.049233153	-0.1068968904	0.0258383181	-0.0890646245	-0.0940268052	0.043899745	-0.0539328426	0.0166114224	0.0820995962	-0.0939734775	-0.0413608648	-0.0435839052	-0.0503770364	0.1785157872	-0.0160249587	-0.1516897513	0.086508941	0.1202843902	-0.0436686781	0.0356305151	-0.0061800287	-0.0015415206	0.026499214	-0.0435152241	0.040923023	-0.1280009494	-0.1847804309	-0.1621245601	0.0767698859	0.0838220015	-0.1950301873	-0.0737018138	0.1334362737	-0.105124716	-0.0630178842	-0.0197923047	-0.0335895095	0.0739609612	-0.0260378687	0.0028499441	-0.230164421	-0.1160023038	0.0538918159	-0.0623703413	-0.0689327616	-0.0270697691	0.0792464999	-0.0774258291	-0.0604093817	0.0392990375	0.0122054129	0.0333111717	-0.0632975889	-0.2191178544	0.1848665997	0.0793605603	0.0167158259	-0.0574329207	-0.0121298121	-0.1364757052	0.1173183819	0.1069674645	0.0007863939	0.1284883215	0.0780343527	-0.0931461577	-0.0618222796	0.1157960918	0.0416461558	0.1498966487	-0.000380598	0.055671844	-0.0254429602	0.1148852567	-0.0523275711	0.0563904907	-0.1217763709	0.0074933714	-0.1045473518	0.0020386373	-0.0662860671	-0.0589877109	0.0546379549	-0.0626001872	-0.0651750447	-0.0770877575	0.0140764413	-0.0702186259	0.0378408164	0.0781886786	0.1641527287	0.0703547495	-0.015209749	-0.0687845922	-0.0352350096	-0.1239176453	0.0624666763	0.0151578457	0.1305375674	0.1608231608	0.0429458763	-0.0529520415	-0.0274961941	-0.0318745113	-0.0132262488	0.046954662	0.1170233511	0.1311234127	0.1113837114	-0.0121875422	-0.0528051194	-0.0591555233	-0.0592668994	-0.0449174409	0.0346382915	-0.0504861072	-0.0593883732	-0.0197935905	-0.1849543112	0.1819796733	0.0611754448	-0.0080004268	0.0050955806	0.0394800294	-0.0776057049	0.0102476303	0.0519011305	0.0523042354	-0.153383311	0.2069753217	-0.2049735993	-0.0246401817	0.0892307727	0.1527638043	0.1060888736	-0.0194495815	-0.0063796499	0.0028125505	0.0429115733	0.0905554032	-0.0069943835	0.0811275122	-0.0493225164	0.0848905117	-0.0224995002	0.1194558113	-0.0777315739	0.0334564585	-0.0278394653	-0.0267311055	0.0622095154	-0.0666230134	-0.0952265791	-0.1345954214	0.0109862194	-0.0247196547	-0.0660490952	-0.0815029334	-0.1678557301	0.0023903644	0.0915061351	-0.1019347314	0.1892637887	-0.0227565685	-0.0595185715	0.0484965055	0.1177275535	0.0675514597	-0.035806083	0.0554143128	-0.0426931501	0.0673630108	-0.0559364168	0.0181749012	-0.1070075896	-0.0155559734	0.0471325083	0.0710703128	0.1108582214	0.0884289321	0.0543461203	0.0316269	0.0062680999999999	0.00100026080361	3.928907760999999e-05	0.096165	-0.078386	0.009247707225	0.006144364996	-0.0347165	0.0105333	0.00011095040889	0.0012052353722499	0.00228708	0.00017387	3.0230776900000005e-08	5.2307349264e-06	-0.000938311	1.9136e-05	8.804275327210001e-07	3.6618649600000005e-10	-0.000305641	2.2994999999999992e-05	5.287700249999995e-10	9.3416420881e-08	0.0	0.0	0.0	0.0
9313.81438115936	-19.73095262110837	86747138.32669091	389.31049133642335	8871.708810619884	42.568534273685145	78707217.22043048	1812.080110209907	6741.328015944974	-0.9088893792568342	45445503.4185646	0.8260799037258735	7069.673656922653	7898.0087042333935	1.322389	54.544319	0.0874374	0.054359	0.0564688329	-0.0277517683	-0.0285398618	-0.0767031108	0.1579935506	0.0578354833	0.0500897567	-0.1026596271	-0.0194738548	0.0899809479	0.0445781171	0.0237294513	-0.0579785967	0.0153425823	0.1224156162	-0.1100749178	-0.0952990988	-0.0170269674	0.1086689396	0.1180800831	0.063312544	0.0779647782	-0.1011126796	-0.0926828587	-0.0737049531	0.0505190952	0.0091401015	-0.1503359004	-0.0213899576	0.026288983	0.0559205633	0.0418960478	-0.0558254533	0.100411065	-0.2035026839	-0.0510109116	0.0598408449	0.1309294216	-0.0778190015	0.0002951751	-0.0556349774	-0.0396674837	0.0566942539	-0.0052239211	0.0872536438	-0.0596325416	0.0916251557	0.0826784738	-0.2258469303	0.0590014886	0.0187014093	-0.0030492039	-0.120008828	0.004491895	0.1604293109	0.141143728	0.1495153043	-0.0770787272	0.0215588897	0.0455080559	-0.0319851239	0.0378991531	0.0366640301	-0.0069850357	0.059523165	0.0396586093	0.0685730961	-0.0340049267	0.0873639341	-0.0140043032	-0.0097238032	-0.2491507281	-0.0660429262	-0.0454493673	-0.0686828398	-0.0893721573	0.0297777169	0.0620058275	0.0694786308	0.0727037961	0.0035247417	-0.1187643394	-0.0024885176	-0.0998355274	-0.0852633784	0.0563431461	0.0589348287	0.0639892804	0.1273113475	-0.0961852324	-0.0703778897	-0.0721606636	-0.0657768532	-0.1298971514	0.0921966776	0.0246442737	-0.1389345462	0.0260206659	-0.07776532	0.161740256	0.0521966352	0.0685734653	0.000178343	-0.0139109818	-0.2038523722	0.0526690498	-0.0783035257	0.0082088842	-0.1392921525	-0.085179692	0.0386101784	-0.0935899846	-0.0935507492	0.0229030249	-0.0222968065	-0.0004652962	-0.0349852174	-0.0433603526	0.0909325559	0.1233111527	-0.0509143614	0.1343972469	-0.0314063017	0.0838600323	-0.0215098483	0.1960912969	0.0387159397	-0.0083479678	0.0720013051	-0.0253414993	0.0099422342	-0.1519105539	0.0029454298	0.0002513336	-0.0516732919	-0.0182675357	0.0427657321	-0.0206920892	-0.1455763056	-0.0741135516	-0.0947636452	0.0918201711	0.0618780157	-0.0554776886	0.0917188841	0.0230670483	-0.1055504582	-0.0118861949	-0.0434907163	-0.1909184916	0.1875944217	-0.0266219965	-0.0063871156	-0.2074599735	0.1805997122	0.0504655275	-0.0950774256	0.0135462461	0.0539517075	0.135777011	0.1225350365	0.0196890548	0.0224909751	-0.1035731936	0.0083219185	-0.1580107862	0.123552276	0.0494779541	0.0156345207	0.1019895359	-0.0430337721	0.0885592405	0.0030149083	-0.0131719164	0.0288103191	0.0120802366	-0.1463289841	-0.122476645	-0.048463715	-0.0743990744	-0.0051686608	-0.1680033047	0.0005189054	0.0962412245	-0.0436910993	0.1098938456	0.0848412804	0.0472291519	0.0329553	0.0013284	0.0010860517980899	1.7646465600000012e-06	0.134336	0.038171	0.018046160896	0.001457025241	-0.0340745	0.0006419999999999	4.121639999999959e-07	0.00116107155025	0.00144563	-0.0008414499999999	7.080381024999998e-07	2.0898460969000003e-06	-0.00100191	-6.35989999999999e-05	1.0038236481e-06	4.044832800999987e-09	-0.000346512	-4.0871e-05	1.6704386409999995e-09	1.20070566144e-07	0.0	0.0	0.0	0.0
9309.95563023845	-3.858750920910097	86675273.83700861	14.889958669624525	8875.356018582133	3.647207962249013	78771944.4565821	13.302125919892596	6728.586869133018	-12.74114681195624	45273881.25546927	162.33682208382268	7054.46924920536	7269.846387809689	1.306383	53.884148	0.0780626	0.0472841	0.0934793767	0.041276157	-0.0357923295	-0.0754175554	-0.029491051	-0.0623683146	0.1797829201	-0.0221032794	0.0319372036	-0.0031428902	0.0229650497	0.0956831768	-0.0904440828	0.1747803922	-0.1537428313	0.0370539314	-0.024618583	-0.1013713349	-0.0284537693	-0.1693661096	-0.0418445272	-0.0725275872	-0.1187001048	-0.0238765745	-0.0498889816	-0.0841159459	-0.0725054429	0.1100571507	-0.0528955496	0.0323485686	0.0483735877	0.1952837638	0.0822443426	-0.0725022423	0.0102993659	-0.075377655	0.1796467216	0.0927898818	-0.0990622582	0.0505724177	0.0365380034	-0.0849689677	0.0928942947	0.0349883383	-0.007932555	0.0832263952	-0.0246376357	0.1777087404	-0.1533944593	-0.1377115141	-0.1413343001	-0.0232411168	0.0232860434	0.0729033248	-0.0596109995	0.0812628887	-0.0136602538	0.126264294	0.0276152482	-0.1523496301	0.0002505821	0.0880509988	0.0497490645	-0.0184650552	-0.0042985881	0.0232568053	0.0699010759	-0.0793044196	-0.1926126832	0.0198554769	0.1038828038	0.1021967564	-0.0253601337	-0.0033137169	-0.0108461586	-0.0365254503	0.0485475701	0.036108223	0.1639613021	-0.0561130222	-0.0310462227	0.2104245752	-0.0195166905	-0.0740024073	0.0566344101	0.0354459926	0.0204162537	0.0492948687	-0.1390739575	0.0388510704	0.0661113694	-0.0578865864	0.0168702199	0.1135459159	0.0674375163	-0.0164294148	0.0440123821	-0.1080233236	-0.0729504768	0.1346440544	-0.0886707575	0.0544319597	-0.045338231	-0.0853037515	0.0472544552	-0.0536795771	-0.2325133662	0.012921067	0.033142975	-0.0160942303	-0.1029639923	0.0604206362	-0.0439827904	0.0313289982	0.0145191096	0.109168153	-0.1381213419	0.0282384741	0.0168304287	0.0281939134	0.0790599897	0.085489858	0.0945058048	0.0460688525	0.0082139868	0.0783563249	0.0846296175	0.1157882808	-0.2437064849	-0.1644285456	-0.0920074921	0.0812427613	0.1106578395	-0.2138933378	-0.0581113472	0.055282509	0.0701278218	-0.0895024138	0.0157168653	-0.066691773	0.026482323	0.157666344	-0.0185623733	0.1061238541	-0.1720105036	-0.0176689432	-0.0789508226	0.1130465959	0.1005567069	0.0300421381	-0.0310167694	0.0008619283	0.0486140396	-0.0566616315	-0.032923959	-0.0988427094	-0.1289643357	-0.0066426456	-0.0008837679	-0.0170873084	0.0218349887	0.0354809698	0.0403205242	-0.0621656518	-0.0441054405	-0.1247212379	-0.1516070182	-0.0225850862	0.1353096636	0.1503545551	-0.0144458242	0.0395726481	0.0038470415	-0.0474039239	0.0488281059	0.10297453	-0.0043886208	-0.0705870378	0.0483583	-0.0937018046	0.0563661708	0.0144186109	0.064199318	0.1450325856	-0.0334346278	0.1088756826	0.081087548	0.039904206	0.0324706	-0.0004846999999999	0.00105433986436	2.349340899999977e-07	0.0896070999999999	-0.0447289000000001	0.0080294323704099	0.00200067449521	-0.0206519	0.0134226	0.00018016619076	0.00042650097361	0.00178578	0.00034015	1.157020225e-07	3.1890102084000004e-06	-0.00101019	-8.28000000000005e-06	1.0204838361e-06	6.855840000000082e-11	-0.000306414	4.009799999999997e-05	1.6078496039999974e-09	9.388953939600001e-08	0.0	0.0	0.0	0.0
9341.811583971294	31.855953732843773	87269443.67042024	1014.8017882290832	8882.129773882012	6.773755299878758	78892229.32008132	45.88376086263556	6734.473283578885	5.886414445866649	45353130.40723776	34.649875028507566	7061.238201719457	7687.812266464449	1.168333	48.190006	0.0341806	0.022099	0.0486594947	0.0314494093	-0.0699396941	-0.0672432927	-0.1260078585	-0.1494724375	-0.0885672721	0.0225156602	0.0369423634	-0.1154613615	-0.0497652149	0.1113547423	-0.0149703663	-0.0187544706	-0.0034842253	-0.0558064271	0.0613094484	0.1371490759	0.1241170659	-0.000119409	0.042851457	-0.0366378981	-0.033640666	-0.1629441746	-0.0316481062	-0.0976646875	0.0070779169	-0.0665615343	0.0370426809	0.0151502369	0.0433066448	-0.0459573394	0.0026607114	0.085044769	-0.1042880268	0.1983832538	-0.0695284316	0.1375742547	-0.0914740042	0.1348027502	0.0576121976	-0.0441168547	0.0518696986	0.1078735709	-0.0293932119	0.121766059	-0.0440946705	-0.0132931963	0.0563792293	0.1314049959	-0.0556739231	-0.0818065098	0.0145258304	-0.115825838	0.0602961296	0.1069614555	0.1284417495	-0.0886068826	0.1358427624	0.0125349154	0.1517214665	-0.1665827795	-0.0167744283	-0.0304770437	0.060561969	-0.0825547986	-0.0382878058	0.2463966184	-0.1308588217	-0.1193389839	-0.0201621902	0.0728467197	-0.0213618526	0.0051431094	-0.0999344173	-0.0076638745	-0.0557547162	0.0021255125	0.0694389518	-0.0338025918	0.0936484972	-0.0670025385	-0.1947902372	0.0392043601	-0.0856887614	-0.0773752612	-0.0998908926	-0.0362228058	0.0063770166	-0.0326448187	-0.0465118711	-0.0063999499	-0.0211544755	0.03386102	-0.0179305852	0.0039478683	0.1014220974	0.1445880167	-0.0134190753	-0.0057371334	-0.0608785586	0.0242804561	-0.0345228143	-0.0972478534	0.1829693783	0.0654694657	-0.0091112074	-0.1016122681	0.0706338929	0.0358430152	0.0447369672	-0.0456312168	-0.0559374803	0.0686882855	-0.0757453447	0.0159206692	-0.0101689666	0.0921800561	0.0536641047	-0.0718185384	-0.0618956353	-0.0091857806	0.1421901672	-0.0022056205	0.1303186047	0.0387280494	-0.104929713	-0.1908662358	0.1132022149	0.139497852	0.0468722847	-0.0936144869	0.103037201	-0.0273819534	-0.2179319497	0.1068814249	-0.0259499188	-0.1225689414	0.0478182955	0.0637620261	-0.0234108867	0.0385186618	0.0724875431	0.0335219558	0.1232050968	0.011917209	0.0063806954	-0.0165766585	0.0399674143	-0.0842629279	-0.0879464166	-0.0397326078	0.095817901	-0.0061952009	0.0373667745	0.1387521181	-0.0030245315	-0.0084947971	-0.0167653395	0.1128555014	-0.0216504438	0.0163917649	0.0499918096	-0.0580059091	-0.0302800657	-0.0343563627	-0.1593258862	0.0951159286	-0.0726085303	0.1541104641	0.057382883	0.0380934373	-0.0083828451	-0.1115349499	0.0045884242	-0.0224792658	0.013991046	-0.0213537616	-0.0997730133	-0.0072392292	0.0040441795	0.1100431383	0.147300316	0.1454820875	-0.1308408282	0.1078042307	0.077175083	0.0324035386	0.0333846	0.0009139999999999	0.00111453151716	8.353959999999966e-07	0.0910179	0.0014108000000001	0.00828425812041	1.9903566400002845e-06	-0.0159677	0.0046841999999999	2.1941729639999995e-05	0.00025496744329	0.00141078	-0.000375	1.4062500000000008e-07	1.9903002084e-06	-0.00117476	-0.0001645699999999	1.3800610575999998e-06	2.7083284899999985e-08	-0.000310276	-3.861999999999984e-06	1.4915043999999878e-11	9.627119617600001e-08	0.0	0.0	0.0	0.0
9353.71803094736	11.906446976066944	87492041.00246976	141.76347959389372	8818.661241395434	-63.468532486578624	77768786.09049004	4028.254615999886	6739.840219053809	5.366935474924503	45425446.1783753	28.8039963920031	7057.033733870419	7780.081401950552	1.040133	42.902164	0.04027585	0.0210765	0.0283162736	0.0617168284	-0.0545360481	-0.0533613016	0.0496354174	-0.0002109539	-0.1769824722	0.050359073	-0.1491910267	0.0047436124	-0.0306895905	0.0256944321	0.0141905003	0.0080633033	-0.0637390655	-0.0903708874	0.0832945987	-0.0702955139	0.0431447323	0.0210672037	0.0106807421	0.0586017299	0.0503497006	0.0310982054	0.1209844133	-0.080805154	0.0265141325	0.1103187091	0.0211079649	0.10978263	0.0644471731	-0.1001129696	0.0545421286	-0.0383315322	0.0047364883	0.1051926617	0.0185508154	0.1595715425	-0.0650744295	-0.0508236752	0.1943999162	-0.0300028245	-0.0063908688	0.0755882281	-0.037413648	-0.0047051937	0.0113825094	-0.1509987406	-0.0604260392	-0.0214360099	-0.1490994784	0.1429864986	0.011347783	-0.1102528482	0.0476965143	0.0818817764	0.1249828687	0.0090469814	0.0552201692	-0.0139458056	0.1496079422	-0.0599739132	-0.1375962095	-0.0436929036	-0.0565260933	-0.0975826139	0.0085961511	-0.1839328235	0.1268000227	0.0518541478	0.0292397366	0.0221994277	0.0190662046	-0.0459373199	0.0089641298	0.01893315	-0.1417892268	0.1363604963	0.0873900358	0.1085515538	-0.0317395752	0.0434338175	-0.0090720258	-0.0337826329	-0.1508766769	0.0086817149	0.0451585969	-0.0730914324	-0.0283104451	0.0043190472	0.0171710049	0.079776428	-0.0577127459	-0.087948227	-0.0257560386	-0.0179974283	0.0321160702	0.0044123032	-0.0992733203	-0.1509267245	-0.084107887	-0.1403455425	0.0498521534	-0.0793976715	-0.0138665766	0.1028563585	0.1343273005	0.0035636387	0.0050863581	-0.0251295312	0.0766166392	0.0945165926	-0.0394552682	0.1086674287	0.0371413841	0.1051057015	0.1089081173	0.0640010756	0.0086136883	-0.007636395	-0.0585391484	0.0328800181	0.164436064	-0.1751515219	0.1294447803	0.065715593	-0.1377494487	-0.0405961809	-0.0504232275	-0.0383399189	-0.1053978462	0.0588730614	0.0582950828	0.0865258701	0.0692130279	-0.0267642847	0.0157037015	0.0972833579	-0.0115269863	-0.1767880892	-0.1363835564	0.1005195804	-0.0363298303	0.0556789624	0.1078715851	0.0354635044	-0.0985287878	-0.0004239627	-0.0341560781	-0.0236133879	-0.0538541513	0.0725142338	-0.002109396	0.0541934089	0.0106741277	-0.0401727819	0.0144621074	0.0898226048	0.0312707863	-0.1345985551	-0.0071997666	0.0079022466	0.0242134192	-0.0066744451	-0.0676104171	-0.0492090302	0.0432593385	0.129825956	-0.0316739132	0.1436294029	-0.0600242776	0.0292863343	0.0907759427	-0.0477854005	-0.078762812	-0.0134210002	0.0500885667	0.0150836475	0.045459572	0.0347192215	-0.052455615	0.0760731482	0.1840712192	0.038750473	0.0435237922	0.1066800145	0.073111544	0.0247601796	0.0367798	0.0033952	0.00135275368804	1.1527383040000009e-05	0.0729174999999999	-0.0181004000000001	0.0053169618062499	0.00032762448016	-0.0217854	-0.0058176999999999	3.384563328999998e-05	0.0004746036531599	0.0015912	0.00018042	3.255137640000005e-08	2.5319174400000004e-06	-0.00110308	7.167999999999996e-05	1.2167854864e-06	5.138022399999995e-09	-0.000303125	7.151e-06	5.1136801e-11	9.1884765625e-08	0.0	0.0	0.0	0.0
9373.88999689559	20.171965948229627	87869813.6738992	406.9082102165356	8845.888123634893	27.226882239459883	78249736.69586486	741.303116481416	6769.041862480364	29.201643426555165	45819927.73601164	852.7359788116725	7087.456530003457	8626.4108866278	1.376767	56.787251	0.1084934	0.0528245	-0.0178786901	-0.0409845588	-0.0169940564	-0.0139485762	0.118458342	-0.0192000975	0.0162020249	0.0764589986	-0.0361699865	0.1009180698	0.07945208	0.0386366517	0.0323970269	0.0141243705	0.0226438058	0.0230798043	0.1154669446	-0.087897923	0.0691624252	0.0134240397	0.1137971614	0.0198184745	0.0109194663	-0.0251745244	0.0677975838	-0.0448558572	0.0250041874	-0.0923263517	-0.0730625826	0.2116035619	0.0187734607	-0.0409009377	0.0720704647	0.0140725485	0.0146276786	-0.0960108899	0.0596890668	-0.05080446	0.0512927682	0.0014104047	0.1544381464	0.0747216382	0.006013856	-0.0489734353	0.0054689426	-0.0420453824	-0.0231132831	0.0796234319	-0.086630598	0.0384807739	-0.0106548077	0.1325044101	0.1702273599	-0.0655823424	0.1920154524	0.0550869794	0.0245034375	-0.110211498	0.0295296374	-0.2235266253	-0.0680478488	0.0441210485	-0.0085219939	-0.0409952715	0.051711213	-0.0562227654	0.0283746531	0.1269785798	0.1092273422	-0.0481734183	0.0414645102	-0.2204786605	-0.0427055968	0.0396942696	0.1581931803	-0.0363715913	-0.155446975	-0.0261060276	0.063051148	0.1524951672	0.0255690623	0.1934875309	0.0828376622	0.0454315798	0.083923933	0.0458476659	0.1375997961	-0.1985229071	0.0548091526	0.1213395559	-0.0580780157	0.0993656179	-0.0619061306	0.0226523691	-0.0129226776	-0.0340771322	0.0728381148	0.0287713257	-0.0784547812	-0.0455006311	0.056524438	0.1123324361	0.1024812192	0.0089005523	-0.1168605735	-0.0612384141	-0.0345996391	-0.0434557684	-0.10128555	0.0032675224	0.0381219042	0.0974899151	-0.0815631209	0.1008747464	-0.0292486953	0.0450387522	-0.0290065181	0.089919965	0.1073255352	0.0494874272	-0.075399856	0.026845199	0.1641797365	-0.0276299726	0.0943809745	-0.0010706184	0.1514777954	0.0918667361	0.0737697897	0.141820956	-0.0107504455	-0.1024970079	-0.0972047822	0.1138743888	-0.1007490446	0.0314114009	0.0580963028	0.0071998836	-0.1306159637	-0.1629888866	0.0938590893	-0.0453395661	0.0292002104	-0.0032793236	-0.1655062592	-0.1609289683	-0.0232942619	-0.0293276889	-0.1000812923	-0.0893464605	-0.0155044003	0.001972445	-0.0581442687	0.064095647	-0.0896477892	-0.1222261011	0.0252792732	0.1130246584	-0.0156209034	0.1158844073	0.0728571967	-0.0158935609	0.0111846679	-0.0524297207	0.0323353625	-0.0903656305	0.1028160773	-0.0016650503	0.1171227094	0.0847435745	-0.0875550609	0.0861932037	0.0526924829	-0.0692671046	-0.098939052	0.0643282922	-0.1265516731	-0.0339064507	-0.0156901305	0.0269153556	-0.0652139054	0.0437527653	0.1843731285	0.080916317	0.0731074358	0.1055035841	0.0689048858	0.0170077871	0.0381382	0.0013583999999999	0.0014545222992399	1.8452505599999883e-06	0.115479	0.0425615000000001	0.013335399441	0.00181148128225	-0.0452186	-0.0234331999999999	0.0005491148622399	0.00204472178596	0.00104355	-0.00054765	2.999205225e-07	1.0889966025000002e-06	-0.00128795	-0.0001848699999999	1.6588152025e-06	3.4176916899999984e-08	-0.000393411	-9.028599999999996e-05	8.151561795999995e-09	1.5477221492099998e-07	0.0	0.0	0.0	0.0
9368.445695843264	-5.444301052326409	87767774.75596417	29.640413948362447	8851.889028668316	6.000905033422896	78355939.37585852	36.01086122016025	6751.308674684479	-17.733187795884987	45580168.8208699	314.4659494041243	7073.664246055285	8379.155683151059	1.109085	45.746231	0.0547122999999999	0.0341727	-0.0073879157	-0.0024164519	-0.0618939749	-0.0742951454	-0.0951712789	-0.0154353357	0.1357585489	0.0832333713	0.0219734843	-0.0153281504	0.0621919371	0.0092657345	-0.1004406249	-0.0012041342	-0.1364124973	-0.0178053374	-0.0429614467	-0.1191204473	0.0464072618	0.0767812332	0.054448297	-0.0071506187	0.038855396	0.2411642094	0.0446625894	0.0559736946	-0.114891544	0.0015067528	-0.083849366	0.1243639456	0.0407298586	0.0178695746	-0.0047340495	-0.043898435	-0.052628941	0.0073792207	-0.0842543934	-0.0080037311	0.0489147286	-0.1208937797	-0.0735090324	-0.029757248	-0.0553550308	0.0047666348	0.0929049641	0.1400769494	-0.0598807055	0.0894975197	0.1345609332	-0.0570524509	-0.1512897021	-0.0733892501	0.0558977549	-0.0355415136	-0.0890066655	0.013189569	0.0755632568	0.1018528516	0.0036191989	-0.00177471	0.0034960137	0.0593383532	-0.213177917	0.0309668076	-0.0636707359	0.0824464229	-0.0152919083	-0.0727969981	0.0380054601	-0.082163718	0.1515465863	0.0281671441	-0.0094665144	0.0821332103	-0.0226706952	-0.0401579821	-0.033660821	-0.0291882564	-0.1331510334	-0.0433009927	-0.0849599518	0.0098470801	0.0738654922	0.0942497197	-0.0061569228	-0.0845174805	0.0875387799	0.0204352446	-0.0330314962	-0.0011112458	0.0325834143	-0.0643037654	-0.1957314493	-0.137427376	-0.0530005773	0.165144743	0.0165381868	0.003684661	-0.0239947412	-0.0210555009	0.0149508895	-0.0954034827	-0.0501138544	0.0398182425	0.1129124463	-0.1252748348	-0.115056427	0.01047537	0.0424769248	-0.0565216101	-0.0052000907	-0.0036420916	0.0525216581	0.0313817678	0.0056977092	0.1537407982	-0.0135531818	-0.1623402845	0.0064102618	-0.1441635411	0.0382852312	-0.0304318425	0.0547849278	-0.1624274301	0.1167817757	0.064655552	-0.0794033595	0.0537637472	-0.1409426885	-0.026699298	-0.1126640561	-0.1429807362	0.0082392862	-0.042517552	0.1332250388	0.0409559719	0.0584196212	0.2003209781	0.1191540091	0.0499354901	0.0510465502	-0.0630593257	-0.0400664629	-0.0871483084	-0.0350429225	-0.0012043692	0.0270970364	0.0637084345	-0.0204848178	-0.0654776978	0.098396255	0.003049535	-0.0497572013	-0.026126289	-0.0426341849	0.0466772201	0.0255384441	0.0771518133	0.1150469742	-0.0021303467	-0.0953982416	-0.0091962171	0.0134175306	-0.0091873398	-0.0159216028	-0.0508282786	-0.1834205856	-0.0657194053	-0.0340519101	0.0612885497	-0.0998519601	0.1548771027	0.0133948126	-0.0403203674	-0.0471906856	0.0466313833	-0.0193605744	0.031200133	-0.0140786601	-0.0326199477	-0.0120871914	0.1442689145	0.1340710589	-0.1062702727	-0.0309269047	0.1042755153	0.0645633431	0.0091804995	0.0395077	0.0013695	0.00156085835929	1.8755302500000075e-06	0.0837393	-0.0317396999999999	0.00701227036449	0.0010074085560899	-0.0314697	0.0137488999999999	0.0001890322512099	0.00099034201809	0.00116089	0.0001173399999999	1.3768675599999964e-08	1.3476655920999998e-06	-0.00130605	-1.810000000000006e-05	1.7057666025e-06	3.276100000000022e-10	-0.000371767	2.164399999999997e-05	4.684627359999986e-10	1.3821070228900004e-07	0.0	0.0	0.0	0.0
9365.886116940925	-2.559578902339126	87719822.75550675	6.551444157299566	8878.528103701601	26.639075033284826	78828261.28821915	709.6403186289789	6758.496160440962	7.187485756482602	45677270.35069522	51.65995149964028	7086.539409304578	8629.792822770902	1.155258	47.650719	0.0293309499999999	0.0130455	-0.0210649878	-0.0521889646	-0.0261837811	-0.1322044468	-0.0392657684	0.0726247484	-0.1115602662	-0.0080735972	0.1214277589	-0.1112325552	-0.0177704869	0.0246270626	0.0144735217	-0.0406268295	-0.0367606029	0.0206632215	-0.1234617418	0.0168821379	-0.0731944676	0.1034143145	0.0640756169	0.0091004697	0.1822446115	0.1040707092	-0.0690877048	0.0337616917	-0.073727708	-0.0626936916	-0.0940169376	0.0381203652	0.0964000061	-0.0428217188	0.121733278	0.0085525697	-0.0166441187	-0.0624926813	-0.0713382882	-0.039600123	0.053860287	0.06187581	-0.074295858	0.0021862807	-0.004077603	-0.0484390607	0.0850380506	0.0581952592	-0.0034589282	-0.1352187362	0.0894967745	0.1443724953	0.0618656555	0.2233775365	0.1027978216	0.0466801294	0.163661616	0.0273691672	0.0322521642	-0.0777611924	0.0370163297	-0.0124968648	-0.0321901894	0.0941254077	0.0542756159	-0.1093865649	-0.0984399023	-0.0329123113	0.0414128475	-0.0622896897	0.0823143155	0.0409476485	0.0564347441	0.0219192614	0.0564431325	-0.1127259054	0.0246017305	-0.0538135657	-0.0020327741	0.0313751645	-0.0990433014	-0.0270611683	-0.0876220045	-0.0795641919	-0.0309271084	0.027251408	-0.1817025902	0.065528025	0.0084724169	0.1707516107	-0.0715681511	-0.1001207056	0.052513448	0.0832947512	0.0390837267	-0.0370563414	-0.0304805891	-0.2131567282	-0.1179609459	0.0737238438	0.156418623	0.039751364	-0.0832333775	0.0970523137	-0.0438950772	0.0792205192	-0.0156615573	0.0716421597	0.0842029821	-0.0922229807	0.1694225698	0.0109837654	0.0739461657	-0.0343564913	0.020759216	-0.0163369853	0.015660263	-0.0099017768	0.218667975	0.0106962217	0.1230646143	0.0017434431	0.0157047522	-0.0007120872	-0.0244003202	-0.0330632136	0.0465306148	-0.0156399393	0.1024657981	0.1993871422	0.0505822502	-0.0351795796	0.0187710099	-0.0441915467	-0.1125273753	0.0755012946	-0.0474834842	-0.0153724379	0.0163629213	-0.0009252758	-0.0274629973	-0.0099664544	-0.1837506843	0.121614481	-0.0904517284	0.0963643688	-0.0572754447	0.0552427555	-0.0681063232	-0.0139488488	-0.0144347109	-0.1063927307	-0.1275877709	0.0246066272	-0.0826686779	-0.1388527209	0.0922338052	-0.0335062539	0.1040869867	-0.1438869238	0.0553988369	-0.0415196079	-0.0463650789	-0.0226188782	0.0269010432	-0.0268356796	-0.0137532255	-0.0299314469	0.1524882518	-0.0108921986	-0.1609688898	0.0814123854	0.0449138139	0.1048271255	-0.0675179385	-0.1336511542	-0.1390906046	0.0817619247	-0.0161538822	0.0748105383	0.0185944536	0.0559326508	-0.1665258146	0.117454216	-0.0660797891	-0.0193636985	0.0186040411	0.1029964092	0.0600954145	0.0013127847	0.0432954	0.0037876999999999	0.0018744916611599	1.4346671289999985e-05	0.0813948	-0.0023444999999999	0.00662511346704	5.496680249999997e-06	-0.0393402	-0.0078704999999999	6.194477024999993e-05	0.00154765133604	0.000985928	-0.0001749619999999	3.061170144399995e-08	9.72054021184e-07	-0.00137178	-6.572999999999996e-05	1.8817803684e-06	4.320432899999994e-09	-0.00043764	-6.587299999999998e-05	4.339252128999998e-09	1.915287696e-07	0.0	0.0	0.0	0.0
9353.481174462604	-12.404942478320663	87487610.08102633	153.8825978904444	8857.179257271659	-21.34884642994257	78449624.39544334	455.7732438892716	6746.71252976281	-11.783630678151894	45518129.9592585	138.85395195908248	7068.247192133335	8447.203194050686	1.15149	47.495285	0.0475517	0.0242082	0.0113651524	-0.0385289288	-0.0369577358	-0.0286924293	0.0427569917	0.0460269595	0.1447965702	-0.0884901663	-0.1624683122	-0.0147035066	-0.0217847868	-0.074524859	0.0871886209	0.0131268519	-0.097356457	-0.0099861355	0.0038596965	0.0870268612	0.0016897916	0.0065595228	-0.0476830682	-0.0992985409	0.0748258636	0.0696056838	0.0019236685	0.0184015634	0.048633407	-0.1394736023	-0.012739602	-0.0778535059	0.07748383	0.0585791433	0.0037451751	-0.1133433998	0.0526687513	0.1291906527	-0.0409635571	0.0516548093	-0.0386824921	-0.0763524613	-0.0726965309	-0.0373976985	0.0495705704	0.053195854	0.0058685827	0.0596930199	0.077414671	-0.0133680269	-0.0477580911	-0.200425804	-0.0418635613	0.0406913112	0.1835792838	-0.1179790613	0.0054358914	0.0828889984	0.0642446301	0.1463163029	0.0658416482	0.1064685955	-0.0444976291	-0.1055535407	0.1819931797	-0.0233709176	0.0250911174	-0.0164008394	0.0970242417	0.0186419978	0.0390766283	-0.0896366371	-0.0709067795	0.0531881307	0.0299615255	0.1081637011	-0.0269957504	0.0576270887	0.0711528098	-0.0656735439	-0.1105871989	0.0146171582	0.0016432018	0.0175638211	0.077353931	0.1262253593	0.0042909292	-0.084436201	0.0353882702	0.0942880786	-0.0330736686	0.1419902025	-0.146534476	0.0313681339	0.0426753267	-0.123507573	-0.1335729425	0.1696100211	-0.0391072513	-0.0467153829	-0.0134424498	0.0869196482	-0.1689098519	0.1526818883	-0.0056136485	-0.0353925142	-0.0315780636	0.0273173129	-0.1024774046	0.2429614145	-0.0182610351	-0.0603390457	-0.0926842058	0.0191138435	0.0598787722	0.037160775	-0.0007541533	-0.0691665273	0.0876887557	0.0648161304	0.1513152918	-0.1552673437	0.0235559786	-0.0101047484	0.0211465504	0.0095594309	0.0765409769	-0.0423372944	-0.0597295293	0.0579664246	-0.0556331529	-0.0100947614	0.0647117396	0.1720705129	0.064372229	-0.0302995343	-0.0082681188	-0.0009535102	0.0524148591	0.0006301374	0.005310709	0.0604399713	-0.0864937973	-0.0904015577	-0.0488368479	-0.140027264	-0.0674524574	-0.095255126	-0.0464908097	0.0082193926	-0.0346032363	0.0104987419	-0.1139220556	-0.092719901	-0.0294969526	-0.0524020823	0.1120096655	0.0916169002	0.093720672	0.0393534336	-0.068850266	-0.0302616566	-0.044779906	-0.0026430278	0.0293314383	-0.0066561791	0.0503435634	-0.0415654289	-0.0782728498	-0.1529332987	0.1071969902	0.1353840703	-0.0178226588	-0.1726452134	0.1058393029	-0.0623512991	-0.067361343	0.0502843963	-0.029216911	0.0258835583	0.0004208145	0.048414943	-0.0546463402	0.0951926048	0.0627492368	-0.0899546617	0.1269252769	0.1016668918	0.0555098464	-0.006560711	0.044442	0.0011466	0.001975091364	1.3146915600000106e-06	0.0994998	0.0181049999999999	0.00990021020004	0.0003277910249999	-0.0356891	0.0036510999999999	1.333053120999998e-05	0.00127371185881	0.000722111	-0.000263817	6.959940948900005e-08	5.21444296321e-07	-0.00156572	-0.00019394	2.4514791184000003e-06	3.761272360000003e-08	-0.000402417	3.522299999999997e-05	1.240659728999998e-09	1.61939441889e-07	0.0	0.0	0.0	0.0
9357.69181507846	4.210640615856391	87566396.10598642	17.72949439589949	8879.946085350379	22.76682807872021	78853442.47872952	518.328460766003	6749.677555895208	2.9650261323977247	45558147.1085555	8.79137996580141	7074.33258744217	8094.934477628634	1.304416	53.80302	0.07153493	0.0404491	0.012498815	0.01624715	-0.1015722846	0.0502667652	-0.2167806563	-0.1698352638	-0.1381165527	-0.0473885237	-0.0364119306	0.0739752582	0.0451244754	0.0870317583	0.0981924776	0.0580183183	0.1702691612	-0.0773662469	-0.1126415892	0.0052027889	-0.0717126798	0.0318232746	-0.0655008031	0.0425848309	0.0950822722	0.1341523995	-0.1233836	-0.1186520054	-0.0194247648	-0.033001268	-0.0561232616	-0.0142786975	0.0019165947	-0.0758860971	0.1166361915	-0.0870448113	0.0226236277	-0.0707843291	-0.125861519	-0.0502090834	0.0536935281	-0.0938290718	0.0194521235	-0.0241482765	-0.0507317732	0.0520686884	0.0258688922	-0.0374572877	0.1344358152	0.0257856315	0.0683148518	0.0417978831	-0.1347796383	0.0246891513	-0.0407719418	0.0676661098	-0.0703874007	0.0080629806	0.0833058332	-0.0449396916	-0.1072493549	0.0453379352	-0.0027678249	-0.0103452157	0.0417129999	-0.0211001498	-0.3138873014	0.0657524654	-0.0213569283	-0.0057485317	-0.0484583622	-0.083706098	-0.1312391865	0.0608770822	0.0605553471	0.0576872131	0.0252016018	-0.0485793943	0.181409615	-0.1116884154	-0.103498684	0.0578585976	-0.0068244594	0.1030469033	-0.1390387504	-0.07274847	-0.0156548798	-0.063909843	0.0485880117	-0.1521951906	0.0812828258	0.029910253	0.0400743843	0.1705556227	0.1552981295	-0.025711143	-0.0272744044	0.0373894269	-0.0232549544	0.0150124381	-0.0592920116	0.0314302771	-0.000905006	0.0715466351	-0.0716608095	-0.0536967486	0.2248092723	0.0310837647	0.0831280533	-0.098343558	-0.1449460828	-0.0228364292	0.0632584461	-0.0873159686	-0.1256357584	0.0624484414	0.0304141548	-0.1318095481	0.1362963785	-0.0045797354	-0.1566153357	-0.1008135604	-0.0503434642	-0.0239248354	-0.0678252195	0.0109775545	-0.0098128639	0.0629283351	0.0737925848	0.0574305583	-0.1778442631	-0.0428076005	-0.0459241253	0.0897733082	-0.0046982392	0.1277405781	0.0286508286	0.0860178341	-0.1704459886	0.0538069774	-0.0776968477	0.0369745331	0.0583708544	-0.0607315256	-0.1513571387	0.0192180381	-0.036977262	-0.0560152526	0.2091108222	-0.0810632055	0.1143716246	0.0838342335	0.0137888018	-0.0812995013	-0.0296086052	-0.0746357205	0.0503755044	-0.0177174279	0.2257568053	-0.0123779984	0.0237234629	0.1529439366	0.0572151096	0.008282358	0.0543794435	0.0311046651	0.0361828179	0.0558805521	-0.0208793715	0.1003266696	-0.1686997884	-0.0020507062	-0.1189629816	0.0500599204	0.1102156393	-0.1377974178	-0.0866914927	-0.1742785274	0.039233974	0.0750094698	-0.1228091435	-0.0588846438	0.0050897997	0.253125278	-0.1331145143	-0.0332314169	-0.0497254304	0.100287614	0.0508156151	-0.0144053161	0.0458606	0.0014185999999999	0.00210319463236	2.012425959999997e-06	0.0841047999999999	-0.0153950000000001	0.0070736173830399	0.000237006025	-0.00330637	0.03238273	0.0010486412022528	1.09320825769e-05	0.00059374	-0.0001283709999999	1.6479113640999993e-08	3.525271876000001e-07	-0.0012703	0.00029542	1.61366209e-06	8.72729764e-08	-0.000425398	-2.298099999999999e-05	5.281263609999995e-10	1.80963458404e-07	0.0	0.0	0.0	0.0
9353.636143372536	-4.0556717059243965	87490509.10260504	16.448472986235704	8835.652870553806	-44.29321479657301	78068761.6489257	1961.8888770153544	6750.665573491559	0.9880175963517104	45571485.68512412	0.9761787707006112	7074.671968788586	8067.868298690092	1.180723	48.701069	0.0348324599999999	0.0216577	0.0334134458	0.0139686556	-0.0643175773	-0.0224722011	0.1444513433	0.1766247024	-0.0935694535	0.0452893873	0.0627896593	0.1571180205	0.0919790827	-0.0903265897	0.0183894584	0.1053614071	-0.0547571563	0.0202748223	0.0134400757	0.1759746927	0.045310683	-0.037286977	-0.0511760657	-0.1151603977	0.2263992828	0.0194149531	-0.0429417622	-0.0610750756	-0.0508972353	-0.0270400146	0.001249576	-0.0038125777	-0.2023503654	-0.0124918216	-0.0283994518	0.0961894581	0.0039754431	-0.1417598896	-0.0367627224	0.098816382	0.1235680305	0.0025231192	0.0052582236	-0.0446368117	-0.0660521492	0.0088714773	0.0453055012	-0.0810896213	-0.1727490874	0.1154299226	-0.0591352675	0.0561246358	-0.0784643678	-0.0622402125	0.0660852048	-0.0184125411	-0.0738510389	-0.0726431001	-0.1869111192	0.0636767822	-0.0729399841	0.1236646615	-0.0378329943	-0.1348476513	-0.1942768342	0.0352739429	0.0386106077	0.0220448649	0.0398858597	0.043509368	0.1047516568	-0.0227087142	-0.166713277	0.0185597721	0.0347458426	0.1586211995	-0.0262626034	0.0687178269	0.0457894894	-0.0435158754	0.0272892289	0.0886996088	-0.1169401231	0.030323263	0.0098126345	-0.2560055879	-0.0218936553	0.138041202	0.0730641635	0.0685812534	-0.0417400371	-0.0897397772	-0.002264114	-0.0648208871	0.1113007972	-0.1625175485	-0.0544759265	0.0280913591	0.008172306	0.0037781183	-0.0652214473	0.2387595095	0.0502506144	-0.1727001529	0.0084242195	0.0515322732	-0.2088724203	-0.0387639987	0.0878176451	-0.0705831199	-0.0144659525	-0.1576476527	-0.1141965277	0.1158798809	-0.0047833293	-0.1088603932	-0.0948904469	-0.0141816619	-0.0027618445	0.050071654	-0.0755887054	-0.2047261375	0.1486981404	-0.1203232894	0.0346597574	0.1794748636	0.1212047738	0.0433711613	-0.1206787802	0.0094168349	0.0803084909	-0.0134483967	-0.0267083659	0.122445702	0.0208884648	-0.0555913399	0.1409419771	0.0328813743	-0.1365019542	0.0015112486	-0.0133083575	-0.0955523485	0.0996086625	-0.1215802412	-0.0746115861	-0.0959863616	-0.0403582074	0.1356964093	0.1196076548	0.0273794671	0.026492299	-0.1140043897	0.0789988616	-0.0913310203	0.1636065414	-0.049214618	-0.0817435076	0.0275023479	-0.0688425179	0.0736270924	0.017776863	0.0691905897	0.1250183758	0.0281050142	0.0371283016	0.0517031481	0.0176117041	-0.062130887	0.1094274694	-0.0815373773	0.0221894277	-0.0084828888	-0.1074490575	0.0737746128	0.0261755808	-0.0425971904	-0.0135906421	0.0515689315	-0.0705701439	-0.0090938483	-0.0515698184	0.1348072462	-0.0807837968	-0.0575570904	-0.0101478375	-0.0893232976	-0.0827619478	0.0988592507	0.0460219099	-0.0221864862	0.0538865	0.0080258999999999	0.0029037548822499	6.441507080999993e-05	0.103569	0.0194642	0.0107265377609999	0.00037885508164	-0.00540058	-0.00209421	4.385715524100002e-06	2.9166264336400003e-05	0.000579015	-1.4725000000000046e-05	2.1682562500000136e-10	3.35258370225e-07	-0.00134594	-7.563999999999987e-05	1.8115544836e-06	5.7214095999999804e-09	-0.0004108	1.4597999999999998e-05	2.1310160399999996e-10	1.6875664e-07	0.0	0.0	0.0	0.0
9311.458074988564	-42.17806838397155	86703251.48226975	1778.9894526029805	8888.475163826251	52.82229327244568	79004990.7379561	2790.19466656026	6743.658924205549	-7.006649286010543	45476935.68601714	49.09313421715205	7079.45266340533	7649.280825736762	1.265224	52.186451	0.02501188	0.0166874	0.0651291736	0.0252290649	-0.071586851	-0.0476825354	-0.1264815164	0.0095035346	0.0991204718	-0.0613673428	0.1522616461	0.0575959003	0.0664093657	0.0628495821	0.0119427348	-0.077307109	0.0850431799	-0.1388520605	0.0305829072	0.2189263956	-0.1142485732	0.063114917	0.0834426124	0.1622221642	0.1058663451	-0.0915072792	-0.0823698346	0.0147796042	0.016442686	-0.0102407947	0.1043857599	-0.1453643974	-0.0161263775	0.0393402344	0.0134281669	-0.1231873142	-0.0238326268	-0.0101074864	0.1232632424	0.0339583369	0.1022222207	-0.016408926	-0.0676045601	-0.0608983276	-0.0717710488	-0.0055780936	0.1123538525	0.066367525	-0.1031505388	0.0305733051	0.1898973187	0.1466762657	-0.051534453	0.1109177901	-0.0124561645	0.1409572889	-0.1408351739	0.0065640314	0.129956068	0.0168265104	-0.1316855304	0.0199953456	-0.0938747805	-0.0365978244	-0.0585058386	0.0207447258	0.1541981964	-0.0493819309	-0.1312074308	0.0245313467	0.0256915005	0.1331878154	-0.0341845646	0.1003693358	-0.0074797577	-0.0786514397	-0.1101664545	-0.0405497473	-0.0123262287	-0.0979017233	0.0545848437	0.0032057278	0.0822434751	-0.0006257492	-0.1635498689	-0.0150046702	-0.0206298004	0.015223908	0.078665377	0.0728551426	0.0433886694	-0.0313557101	0.0686450189	0.0106815022	0.0582259531	0.0420182416	-0.1293166702	0.0104591394	0.0352857868	0.0279286655	-0.0546119798	0.0420015096	0.0305562934	0.0379558011	-0.1321543597	0.0509259583	0.0756354627	-0.0929626818	-0.0643499522	-0.1079573163	0.0351630727	-0.0652418628	0.0309849023	-0.1311706421	0.0688211476	0.0280610913	-0.1127002257	-0.0430359261	0.2124578635	-0.0848264483	-0.1243486722	-0.0416438552	0.0986875983	-0.2417994481	0.0581524498	-0.0387362536	-0.0896029944	0.0136113608	0.123201039	-0.1502700273	0.1125547431	-0.0215269276	-0.038190895	0.065033476	0.0567989653	0.0219534386	0.0267068952	-0.1313751273	-0.0454382648	-0.0655876881	0.0577445958	-0.0170534502	-0.060565446	0.0189124158	-0.0376717772	0.054326171	0.0769857004	-0.0522500401	-0.0327011888	-0.0328285041	0.0132750362	-0.147023571	-0.0485566182	-0.0213979726	0.0321195819	-0.0647730242	0.002253661	-0.0556844205	-0.0949380885	-0.0252617978	0.0603581129	-0.0258991761	0.0587312622	0.0405349828	0.0623068311	0.0360206361	0.0490563355	-0.0300251089	-0.0409206474	-0.0675818164	-0.1921913694	-0.0491239161	-0.1114859206	0.1536596498	0.0028882101	-0.0399119653	0.0330430055	-0.0654097777	0.0945676186	0.0992033539	-0.0906315111	-0.0349416099	0.0069175714	0.0113123843	-0.1630924865	-0.1870571834	-0.1010768325	0.0973825011	0.0411381146	-0.0298699563	0.0515528	-0.0023336999999999	0.00265769118784	5.4461556899999725e-06	0.104079	0.00051	0.010832438241	2.6010000000001065e-07	0.010322	0.01572258	0.0002471995218564	0.0001065436839999	0.000561024	-1.799099999999997e-05	3.236760809999989e-10	3.14747928576e-07	-0.00137713	-3.119000000000017e-05	1.8964870369e-06	9.728161000000103e-10	-0.000490531	-7.973099999999999e-05	6.357032360999997e-09	2.40620661961e-07	0.0	0.0	0.0	0.0
9298.1282628401	-13.329812148464043	86455189.19222586	177.68389191333958	8830.060816555317	-58.41434727093474	77969974.02406554	3412.235967089361	6736.482256370874	-7.176667834674845	45380193.19039962	51.50456120925653	7061.538884259351	7795.748020738402	1.284352	52.975441	0.02894729	0.0168371	0.0946308037	-0.0555471653	-0.0419023583	-0.1169798207	0.092910808	0.1863964252	-0.0420463084	-0.0844914352	0.055457898	-0.0580972356	-0.1009187662	-0.0357036767	0.007949425	0.2103456244	-0.018637765	0.0944140594	-0.0290047277	-0.179304502	-0.0816409493	0.1349095368	-0.1074041392	0.0902456869	0.0239989086	-0.048036461	-0.0213720168	0.0435940624	0.0475681538	0.0470171282	0.0797490287	-0.1603092302	-0.0636047647	0.0138786674	0.0630449599	0.1178765815	0.0042057693	0.08007046	0.0561817822	-0.0574824341	0.0019848359	-0.0423923055	-0.0068372568	-0.0852224166	0.0344055246	-0.0244534936	0.0801245651	-0.000774637	0.0666889492	-0.0490058548	-0.0196319762	0.0061475663	0.0149219728	-0.0828385348	-0.0042095893	-0.0229015389	0.2432161184	-0.136853618	-0.145221823	-0.0344296192	0.0153849649	0.0586948337	0.0113202247	-0.1086114972	-0.1198135732	0.0026095398	0.1008808716	-0.0684044812	0.1300323285	-0.0345994662	0.0853610592	0.0088144412	-0.0502394882	-0.0121548326	0.0284552211	-0.0751548154	-0.0709246817	-0.0504586392	0.1542704303	0.0598797945	0.0916239553	-0.0206781059	0.082331505	0.0711209329	0.0886284977	0.0867116611	0.1437405916	-0.0289395299	0.1111465555	-0.0266814095	-0.02931888	-0.064413311	-0.0331795868	-0.0277341247	0.077207167	0.1209167704	0.0177045548	-0.038729242	-0.1092543192	-0.2560376687	-0.01587538	-0.0836965502	-0.1816817572	0.0760260946	-0.073051569	0.0443436803	-0.1713072831	0.104125291	0.005955528	0.0504006864	0.1127816976	-0.0673719325	0.0470137041	0.0135337279	-0.0348233105	-0.1720765128	0.1025623895	-0.057320122	-0.1922603968	-0.0926048885	0.1698849898	0.0080228166	-0.0109888332	0.0112837196	-0.0204656711	-0.0103818951	-0.0683049805	0.0091830383	-0.0721551557	-0.0335871691	0.0452440761	0.0559817908	-0.168035525	0.0957054776	-0.0589430439	0.045721586	-0.0599904286	-0.0557470426	-0.1155775488	0.0524114697	0.0562622175	-0.0218298071	-0.0079770817	0.1137730676	0.0209184273	-0.1158443212	-0.0351900797	-0.1155834166	-0.0979597158	-0.0320866487	0.1537557068	0.0707169931	-0.0704666111	-0.1825583388	-0.0041911277	0.1510930442	0.1409912347	-0.1805881012	-0.005201965	-0.0677472888	0.062386314	0.0540582638	-0.0378701431	0.0456725692	0.0761055899	0.0050803731	0.0400211779	-0.0434840295	0.1137773579	-0.1161546503	-0.078756124	0.0284591759	0.0496905356	-0.0194171167	-0.066359268	-0.1151451997	-0.0234534478	0.0908176291	-0.0821679414	0.1220482418	0.1005536586	0.1383453409	-0.0869873675	-0.1395878457	-0.1882227174	0.0162271287	0.0457034185	0.0958580879	0.0361737896	-0.0374218916	0.0517357	0.0001828999999999	0.00267658265449	3.34524099999999e-08	0.103285	-0.000794	0.010667791225	6.304360000000048e-07	-0.00537584	-0.0156978399999999	0.0002464221806655	2.88996557056e-05	0.000455796	-0.000105228	1.1072931984000005e-08	2.0774999361600002e-07	-0.00127896	9.817000000000008e-05	1.6357386816e-06	9.637348900000014e-09	-0.000448478	4.205300000000001e-05	1.768454809000001e-09	2.01132516484e-07	0.0	0.0	0.0	0.0
9310.185791522046	12.057528681945769	86679559.47265899	145.38399791594486	8906.521226253692	76.46040969837486	79326120.35370757	5846.194251243336	6732.003414274152	-4.478842096721564	45319869.96979885	20.060026527365217	7065.256659103	7402.079414562896	1.288673	53.153664	0.06704114	0.0367356	0.107355543	0.019566219	-0.0766501346	0.0767509627	-0.023003544	-0.1045454597	0.1427169275	-0.1317040708	-0.0585899119	-0.0428347332	-0.0999838315	-0.069754687	0.0097688062	0.1231506889	-0.0018144289	0.0446372048	-0.0982751411	0.2330030491	-0.0461204444	-0.0136945213	-0.0408015808	-0.0109551316	0.0179779561	-0.0105965814	0.0678534161	-0.0887572343	-0.0941797763	0.0485839381	0.0086663333	0.1104741791	-0.1842367276	0.0398864206	0.1462018957	-0.1251479393	-0.0139217	-0.0220532487	0.0652810804	-0.0678670611	0.0599878378	0.0031718259	-0.0255139016	-0.0928811872	0.0160429022	0.0619547034	0.0189336414	0.032542457	0.047880317	-0.0609238747	0.0147168685	0.0061926984	-0.0191515377	0.0883368835	0.1153941797	0.0518668319	-0.1302032976	-0.0640072695	0.0746158151	-0.0093484829	0.0209015599	0.1020266576	0.0241344276	0.0045437559	0.0932436155	-0.0221291293	0.0157630525	0.0943918012	0.1150356102	-0.0320972547	-0.0889611499	0.0689531376	0.0271324647	-0.0055724072	-0.0044974262	-0.0214204272	0.1177973007	0.0047658341	0.1155476668	-0.0445978758	0.1387420215	-0.1279575667	0.0785548878	-0.0417675386	0.1207054485	0.0725972651	0.074196348	0.1623544478	0.063933698	0.0004580316	0.0350975619	-0.0770468116	0.0542201932	-0.1619835552	-0.078575282	0.0320370383	0.1042216565	0.0413845116	-0.0354222541	-0.0146417023	0.0822741283	-0.048638631	0.113341178	0.0062628724	-0.0728373609	-0.1050355208	0.0750802146	0.0065737415	-0.0956439369	0.0894753868	-0.0198506506	-0.0281730449	0.0531059828	-0.1202937192	0.0451236881	-0.0501283992	0.0943201839	0.0345706161	0.0997085777	0.057859304	0.0740641216	-0.0648771442	0.0890022574	-0.1120920829	-0.1621653685	0.135038735	-0.0208723014	-0.0519365226	-0.0284556831	0.012613578	-0.042107461	0.0229622601	0.0208922425	-0.056043129	0.1792697433	-0.024880603	0.0128320828	0.0328000342	0.071759812	-0.0283018886	-0.0116025709	0.0969652273	0.0186215489	0.0087903672	0.0422079287	-0.0603060267	0.0137801593	0.013710249	-0.1667718669	-0.1114542176	-0.0047886904	-0.0916555739	0.154012546	-0.0276069417	0.0026203229	0.1974605985	-0.0541054062	-0.1723455765	0.0229323603	-0.0600752587	0.0130826551	-0.1027504334	-0.0224433459	0.0554557992	0.1038106048	0.0392171478	0.0181219938	0.06117413	-0.1002800753	-0.0075054855	-0.1200450638	0.0587093073	-0.0136379617	-0.0617400443	0.0515197299	-0.0944477661	0.058499911	-0.0440898311	0.0354549402	0.0464828607	-0.0224709989	0.116508301	0.0619926501	-0.0216387862	-0.0880050747	-0.0207499635	0.062758079	0.0942867573	0.0311386526	-0.0448090364	0.0472046	-0.0045311	0.00222827426116	2.053086721000003e-05	0.0806870999999999	-0.0225979000000001	0.0065104081064099	0.00051066508441	0.0201374	0.02551324	0.0006509254152976	0.00040551487876	0.000394969	-6.0827000000000006e-05	3.6999239290000004e-09	1.56000510961e-07	-0.00150225	-0.0002232899999999	2.2567550625e-06	4.9858424099999954e-08	-0.000444617	3.860999999999969e-06	1.490732099999976e-11	1.97684276689e-07	0.0	0.0	0.0	0.0
9329.017423631654	18.83163210960811	87030566.09042299	354.6303679116231	8846.98864362662	-59.53258262707095	78269208.06045839	3544.12839424903	6741.310548162662	9.30713388850927	45445267.90676917	86.62274121863769	7064.888558234018	7831.920618158091	1.188803	49.034355	0.041839725	0.0253561	0.0636938872	0.0001482838	-0.077521585	0.0779350239	0.1030263822	-0.0451177319	-0.1282559707	0.0375162136	-0.0722478138	0.0621231001	-0.0751581979	0.0287774629	-0.0203281913	0.0317361986	0.0067799591	-0.1626043964	0.0402470015	0.0318340973	-0.0867595422	-0.1416862653	0.0855132747	-0.0103655732	0.071500894	-0.1106932959	-0.0262937295	0.0018919917	-0.0158362467	0.1243052051	-0.0167356038	0.0107872034	-0.0347184195	0.0343134161	0.0139774936	-0.0007959593	0.0364356278	0.1117582156	0.0946193516	0.1087248364	0.0422907384	-0.0486663367	-0.0671018355	-0.0569739766	0.0120621335	0.0319922826	0.0159384952	-0.0189344602	0.0268896343	-0.0840488813	0.0193527295	-0.0385535829	0.0354799296	0.0412460052	-0.22068176	-0.1893736589	0.0412024401	-0.08403047	0.1601398358	-0.0343024262	-0.1370513291	-0.0149628016	0.0442975491	0.0670262618	0.0590182244	-0.1584719246	-0.0693110343	-0.0293018102	0.1646896847	-0.0968782068	0.0433710201	-0.1512456677	0.0817357724	-0.0282710765	0.1154391838	0.0565932854	0.1402154559	-0.115595735	0.0223436559	0.0697678259	0.0735147	0.0118173682	-0.0648316091	0.0793211218	-0.1251895006	-0.015351597	0.0346044035	0.0042711154	-0.0705190146	0.1680897764	0.0495577205	0.1240989546	0.1373610669	-0.0899852614	0.1227379121	0.0276755096	0.0340299706	0.038065117	-0.1045945468	0.1420231907	0.1447070226	-0.0621183402	0.1907179623	-0.0535460666	0.0226945963	-0.0957557345	-0.0881801578	0.0744346778	0.0719301061	-0.0251853536	-0.0066132182	-0.0472818482	0.1097344924	0.0410459555	0.0204289226	0.0582424031	0.1456387745	0.0025390605	0.0877210615	-0.0268330803	-0.1136468936	0.054694335	-0.1880812172	-0.0117168204	0.06941805	0.0097433495	-0.0964054204	0.1182406523	-0.102837744	0.0061334408	-0.0872893264	-0.0872985669	0.0417236562	-0.0607431982	0.0796796887	0.0977264845	-0.1306934694	0.1681307245	0.0120579858	0.0367558226	-0.0693493336	0.0054980849	0.0695445848	-0.0260529257	-0.2116933755	0.0117449174	-0.0586008913	0.0328260771	-0.0350102844	0.130889276	0.0101173391	-0.1049774548	0.0072685338	0.1202569769	-0.0752466708	0.0544382881	0.1136710351	0.1135564722	-0.0824064622	-0.1168025963	-0.05589665	-0.0287170699	0.0546285353	0.0364143807	0.0841078539	0.0489613568	-0.0108319338	0.0220538111	0.1240802752	0.0294384932	-0.0079542264	0.0277161465	-0.0554013072	-0.0160596489	0.0788446167	-0.1206032153	-0.0160907645	-0.0049150411	0.0041917714	0.0077803208	-0.0146376288	0.1342533591	-0.0579191757	-0.042242415	0.0334455273	-0.0056228669	0.0190330948	0.0926692784	0.0260425603	-0.051998861	0.0476286	0.000424	0.00226848353796	1.7977600000000064e-07	0.0746331999999999	-0.0060539	0.0055701145422399	3.664970521000001e-05	-0.000478025	-0.020615425	0.0004249957479306	2.2850790062500002e-07	0.00061224	0.000217271	4.7206687441e-08	3.7483781760000003e-07	-0.00154769	-4.544000000000011e-05	2.3953443361e-06	2.0647936000000093e-09	-0.0004124	3.221700000000002e-05	1.0379350890000014e-09	1.7007376e-07	0.0	0.0	0.0	0.0
9334.959895568489	5.9424719368344086	87141476.25187205	35.31297272006449	8840.807499422386	-6.181144204234442	78159877.2418431	38.20654367354104	6744.540970457796	3.230422295134304	45488832.902183786	10.435628204900782	7070.216652570911	8142.606591937549	1.169687	48.24588	0.067442885	0.0383053	0.0401291492	-0.0351589298	-0.0722241532	0.0424405388	-0.0265138668	-0.0556164485	0.1031197892	0.0912945607	-0.076305937	0.1500306274	0.0420100578	0.021712907	0.070227029	0.0510560998	0.0472935296	-0.0218188012	0.0420050087	-0.0250326282	-0.045371989	0.044488558	0.1349412372	0.055677667	-0.088062232	-0.0006863795	-0.0984346336	0.0559421464	0.1182208827	0.0594743686	0.0129423604	0.0108935085	-0.0835050525	0.0212882201	0.0940492335	0.0395570047	0.1134109202	0.0479666426	-0.1921737882	-0.0284962834	-0.0938792704	0.0117156373	0.012335438	-0.0197467056	-0.0198871472	0.036730327	0.0603830759	-0.1301028602	-0.011279655	0.0791514023	-0.0516294602	-0.1294386297	-0.0797626948	0.1383409894	0.0498303652	0.0593116226	-0.0558674106	-0.0351029237	0.0502984321	-0.0294740837	-0.1937139571	-0.0060895624	-0.0776934628	0.0563751591	-0.0991038079	-0.0118320095	-0.1020453717	-0.1261405367	-0.0740990218	0.1342467194	-0.1522146194	0.1031156966	0.1159683761	-0.0355367806	0.1289993561	-0.0378197968	-0.0096597059	-0.0092263911	0.0703777291	-0.0121619421	0.0621606858	-0.0067561636	0.0517275416	-0.1024463164	-0.1220068685	0.0970481532	-0.0361379032	0.0853268716	-0.1095536006	-0.10045373	0.1188790286	0.0548346818	-0.0152600428	0.0230335293	-0.094364278	0.0327213403	-0.0304355844	0.0234721211	0.1151519324	-0.0106581347	0.0412715593	-0.0026836811	-0.1565825036	0.0005400285	-0.0026672125	-0.0053231437	0.0348338518	-0.1030993272	-0.0504242162	0.0074655445	-0.1640429401	-0.1077380607	0.0647920131	0.1149153604	0.0055131881	0.0657534559	0.0716205696	-0.0229230847	-0.0085474537	0.0934658604	-0.0465087009	-0.0362982491	-0.011800526	-0.1486053261	-0.0423397617	-0.0674734307	-0.0015294594	0.0251987294	0.157283928	-0.0201425033	0.0242693212	-0.1369672279	0.0099786842	-0.0541824796	-0.0662902152	-0.0871148453	-0.1058330998	-0.0930038415	-0.0853671368	0.0151393621	0.1256688752	0.1101213336	-0.0171608985	0.1043262168	-0.0259012663	0.0917690023	-0.0128709755	-0.0688740264	-0.0812606566	-0.0463556566	-0.0184964773	0.0819760823	-0.0167514079	0.0907451331	0.0614751013	0.1166171687	0.0475441882	0.0042030471	0.1232865285	0.0277494423	-0.0798195182	0.1567182575	-0.0300856342	0.0196445499	0.0721643371	0.0287969402	0.0719939207	0.0555770631	-0.0762241066	-0.1013638637	0.0228081083	-0.0379317177	-0.1249580815	0.0159271787	0.0883929702	-0.1173179883	-0.0144343991	-0.0241885629	-0.076477093	-0.0318366631	-0.0434810406	0.1077402541	-0.0228957561	0.0257738856	0.0482727814	-0.0338178207	-0.0238288495	0.0910064429	0.0208954884	-0.0589597043	0.0528322	0.0052036	0.00279124135684	2.707745296000003e-05	0.0915373	0.0169041000000001	0.00837907729129	0.00028574859681	-0.00228979	-0.001811765	3.2824924152249995e-06	5.243138244099999e-06	-8.15064e-05	-0.0006937464	4.8128406751296e-07	6.6432932409600015e-09	-0.00164071	-9.302000000000008e-05	2.6919293041000003e-06	8.652720400000015e-09	-0.000496102	-8.3702e-05	7.006024804000001e-09	2.46117194404e-07	0.0	0.0	0.0	0.0
9316.45021051659	-18.509685051898487	86796244.52503462	342.6084407204743	8840.472327911355	-0.3351715110311488	78153950.98056641	0.1123399418069035	6742.858053888991	-1.6829165688050125	45466134.73489563	2.8322081775584365	7070.411646933617	7819.093146362736	1.15852	47.785267	0.0762225599999999	0.0439512	0.0658876332	-0.0085801852	-0.079075034	-0.0155768954	-0.0758841824	0.0567317327	-0.1350606902	0.0186229487	0.1015809366	0.1206463099	0.0114524751	-0.0613654902	0.0396960045	-0.0155907829	-0.0633348869	-0.0466200728	-0.0933875352	-0.0499414332	-0.0406467784	0.1042999729	-0.0464537719	-0.1271717549	-0.0448843197	0.0655546342	0.2281713616	-0.0233735445	0.0301058862	-0.0657736258	0.0174113906	0.1000429405	-0.0255998262	-0.0279356524	-0.0577491155	-0.0548590583	0.0644382216	0.0440115044	0.0622505053	-0.1468709633	-0.0296675783	-0.0752270594	0.1736037306	-0.0472753811	-0.0593465109	-0.0306456632	0.1652632339	-0.0547696691	-0.0252887824	0.0635625189	0.0584658648	-0.0238771955	-0.0364932615	-0.0101679388	-0.0033233558	-0.1220416758	-0.019899219	-0.0216762232	0.0401737841	-0.2062579928	0.049467574	0.0539035949	-0.0192536909	0.0383563712	0.0591724812	-0.0529928717	0.062872903	0.0961238701	-0.0728847196	0.055188058	0.0817489294	0.0347325192	-0.0186018331	0.125513843	-0.153772195	0.0660314489	-0.0384521685	0.0660499517	-0.1776734453	-0.1312398131	-0.0988038009	-0.1115680504	-0.1678930603	0.099923031	0.0102398298	-0.0965113018	-0.0226753841	0.0869459382	-0.1138200651	-0.1244120085	-0.0860384295	0.0152511753	0.0629003251	0.0636582632	-0.0293873608	0.0171558183	0.0346578634	-0.0992155884	-0.1617637258	-0.0666761975	0.0308458818	-0.1054590068	0.0418620335	-0.0803834027	-0.0954058444	0.069272775	-0.0003026327	-0.0351375553	0.0741089762	-0.1378958694	-0.0086486518	-0.1180771604	-0.000772038	0.0762252853	0.015453034	0.0057826805	0.0465720096	-0.1119024067	0.0770689705	-0.0370331573	0.0289615033	-0.1002464854	-0.0591771526	0.1645161088	0.0420301953	0.0393300945	0.0249843625	-0.0385782657	-0.1087156086	-0.06131659	0.0516371229	0.1085623348	0.0716779088	-0.0660456536	-0.0184943871	-0.0186998945	0.0855412171	-0.0513836689	0.1060433509	0.0559801922	0.0579098731	0.00600413	-0.0117842721	-0.079577048	0.0825809224	0.1342503854	-0.2534529393	0.0331099511	0.0638166633	0.0229521137	0.117622141	0.0276839322	0.0709949317	0.0764040493	-0.0936945733	-0.0463204301	-0.026900714	-0.1006945798	0.0332580498	0.0373635931	0.0267999526	-0.0463743748	-0.0531739705	0.0452093284	0.0753932823	0.0638758281	-0.0584047204	0.0196981488	0.066559802	-0.1086366091	-0.0624236663	-0.0445163534	-0.0876558676	0.1047793196	0.0113186089	-0.026221506	0.0110050333	0.061753693	0.0606176003	0.005056423	0.053281971	-0.0264368029	-0.0383017245	0.0087236925	-0.0150855482	-0.080425864	0.058454006	0.0892990645	0.0157075127	-0.0656609137	0.0523987	-0.0004335	0.00274562376169	1.879222500000029e-07	0.0518245	-0.0397128	0.00268577880025	0.00157710648384	0.00487475	0.00716454	5.13306334116e-05	2.37631875625e-05	0.000367547	0.0004490534	2.0164895605156001e-07	1.35090797209e-07	-0.00152278	0.00011793	2.3188589284000003e-06	1.3907484900000009e-08	-0.000507353	-1.1250999999999993e-05	1.265850009999998e-10	2.57407066609e-07	0.0	0.0	0.0	0.0
9300.141797272612	-16.308413243978066	86492637.44937706	265.9643425363592	8888.922700768442	48.45037285708713	79012946.78023654	2347.438629990765	6739.974299751834	-2.8837541371567568	45427253.56131523	8.316037923568711	7077.1489999895975	8072.914139116562	1.174038	48.425327	0.11440561	0.074546	0.0581721736	-0.0824725894	-0.040891881	-0.09958143	0.009948017	0.0660209748	0.0568949951	-0.0680217561	0.1237452677	-0.0026357744	0.0076594758	0.1056460316	0.1197738849	-0.0654350278	0.1027193664	-0.0283552547	0.1169176882	0.0974492829	0.084466366	-0.0769238889	-0.0105721098	0.0290039237	-0.1111873522	0.0074456879	0.023200703	0.0507058692	0.1065607655	0.0551529422	0.0099409423	0.0466737179	-0.0389710252	0.0223924408	0.0825492385	-0.1524014628	-0.0740090984	-0.0336958349	-0.1706834677	-0.2168526932	-0.0018584499	-0.0166145509	0.1238752699	-0.0437480948	0.0216204766	-0.0971569568	0.1855702676	-0.010106803	-0.016814703	0.1070127966	-0.0249301711	-0.06859682	-0.0142503461	-0.0357626448	-0.1113134992	0.0410091382	0.0495302324	0.2127132267	0.0235406105	-0.1017640409	-0.2451233452	0.0244868865	0.0232711822	-0.06348322	-0.0745686135	-0.0088224369	0.0183075659	0.0955364602	0.052244867	0.0662793604	-0.0770778759	-0.021892431	0.098990685	-0.0232024932	0.0769103733	-0.0605166869	0.017440841	-0.1011908843	-0.0643969167	-0.1395825679	0.1163148909	-0.0467017171	-0.0577762376	-0.0610543695	-0.0539772361	0.104636951	0.0248039997	-0.1538335554	-0.0315936856	0.1301883204	-0.1216192823	0.0793201996	-0.0655043596	0.0262930956	-0.0326836858	0.0098456997	-0.0541503991	0.0179592939	-0.0811170071	-0.0765745768	-0.0880188132	-0.1890653398	0.0026237293	0.0525725062	-0.1090385521	0.0797030574	-0.0850534992	-0.0157781326	-0.0976157107	-0.0548618725	0.0192368041	-0.0461331142	0.0534348771	-0.0575479336	0.0069232537	0.1686795774	-0.0318649517	-0.2039995305	-0.0892983081	0.1349196957	-0.0277133597	0.0897303044	-0.0539746149	-0.1115481455	0.0012448899	0.0660996372	-0.033622419	0.1450228628	0.146720148	-0.1412233973	0.0619170689	-0.0856047757	0.0150107748	-0.0295318301	0.0005001958	-0.0749901741	-0.0467728445	0.0131154206	0.0405038804	0.1462815802	0.0574961788	0.1245541998	0.0905634587	0.0933941092	-0.006185638	-0.0860467559	-0.0151050743	0.116410967	-0.0350941102	0.1823114659	0.0029234483	0.116110562	-0.0940194504	0.225817679	-0.0372509612	0.0238273884	0.0902972045	0.0339642768	0.0910466646	0.0478666789	-0.0010381767	-0.1142528079	-0.10359202	0.0355291954	0.0988405159	-0.0210110983	0.0973432882	-0.018667601	0.0951339746	-0.1299668655	0.001041339	-0.0270240295	0.010254608	0.0386273768	-0.071131416	-0.1350533927	0.0608555151	-0.0093406663	-0.010215945	-0.043498822	-0.0783705564	-0.0419795064	-0.023733256	0.0576133919	0.0122403828	0.0206938401	-0.0196758893	0.087547979	0.0104887887	-0.0720729799	0.053222	0.0008232999999999	0.002832581284	6.778228899999984e-07	0.124982	0.0731574999999999	0.015620500324	0.0053520198062499	-0.00913213	-0.01400688	0.0001961926873344	8.33957983369e-05	1.64914e-05	-0.0003510556	1.2324003429136e-07	2.7196627396e-10	-0.00168742	-0.0001646399999999	2.8473862564e-06	2.7106329599999994e-08	-0.00049469	1.2662999999999995e-05	1.6035156899999994e-10	2.447181961e-07	0.0	0.0	0.0	0.0
9305.23766725455	5.095869981938449	86587448.04409291	25.96789087282137	8845.899847598219	-43.02285317022324	78249944.1137382	1850.965894906588	6756.763058413239	16.788758661405154	45653847.02753783	281.8624173909066	7081.119027256175	8400.347007962475	1.022414	42.171326	0.083724	0.0497064	0.0572892608	-0.1615495886	0.0663650047	-0.0717425165	-0.1233011115	0.1174901439	0.0608623925	-0.0450354247	-0.0190121476	-0.0220166433	-0.0661562828	0.0457790373	-0.2298948265	0.0548574778	0.0969150128	0.0644531437	0.1772533	-0.142994307	0.0974850995	0.0010417344	0.0459498207	0.0845398811	0.1024952435	0.0593802453	-0.1611992503	0.1808051126	-0.0303431667	-0.0966599244	0.0993721801	-0.0663070751	-0.0037084844	0.1130565454	0.0163254787	0.0025065858	0.0873307561	0.1548370353	0.0429542982	0.0024893791	0.0869620056	-0.068839441	0.1531859484	0.0267178688	0.1099181469	-0.0729562764	0.1070809279	-0.0122696596	0.0318009238	0.0383582392	0.0765902742	0.0623770173	0.004899829	-0.1714663409	-0.0208235501	-0.1460142993	-0.1801893619	0.0982457127	-0.0322006625	0.077067445	-0.028980266	-0.0742397125	-0.0002440056	-0.0120627244	-0.0448873438	0.1089504854	-0.0018950324	-0.3113187886	-0.1368871426	0.040081247	0.0524678001	0.0288560645	-0.2220357532	-0.214315315	-0.0721364898	-0.2528660181	0.0529520709	0.0632890758	0.060389205	0.0196290235	-0.0253743869	0.0827094492	0.0527459361	-0.0392015919	0.0740277893	0.0914582492	0.0469204721	-0.0179065716	0.0482771963	0.0617736017	-0.0511358638	0.0737914977	-0.0382299445	0.0335902266	-0.0815221469	-0.0117571861	0.1026467355	0.0201687115	-0.0353677526	0.0067159243	-0.1078214431	0.0379732901	0.1734749577	0.0029174287	-0.0974601067	0.1399201834	0.038828387	0.098995402	-0.0856110326	0.03962218	-0.0646641797	0.043918695	0.0331456887	-0.0114373589	-0.0082849896	-0.0313651763	-0.2522562311	0.1412819464	-0.1890368797	-0.0689347135	-0.0081603822	-0.0053259578	-0.2115710276	-0.1555439342	0.052210729	-0.107107832	-0.0499324777	-0.0626910114	-0.1446330031	0.0213419722	0.0846920633	-0.0535441054	0.0380462139	0.0693234987	-0.0053063268	0.1423971544	0.0597725354	-0.1067390127	-0.1781558602	-0.11569124	-0.0523038621	-0.0213886348	0.0216944764	0.0086924621	0.1459071201	-0.0408178362	0.0018804012	-0.0227590876	-0.04739656	0.0583388017	-0.1539231195	0.1596776814	0.0838915901	0.0917514564	-0.0925732133	-0.1325223375	-0.04410337	-0.1168199826	0.0209775536	-0.0368815691	0.0204617115	0.1078282042	-0.0039710763	0.0091629299	0.0948138996	-0.0600935796	0.0302822725	0.0753923727	-0.0009395757	-0.0769678474	-0.0806399408	-0.0154974421	0.0653969628	-0.0914469155	-0.0102567611	-0.1996224227	0.0074132751	0.0209361026	-0.1456515261	-0.080941483	0.0167348458	0.0664120681	-0.0362209181	-0.0084000799	0.1146305958	-0.0313994122	-0.0962817808	0.0857540434	0.0052495325	-0.0781676667	0.049163	-0.004059	0.0024170005689999	1.6475481e-05	0.0869799	-0.0380021	0.00756550300401	0.0014441596044099	-0.0401358	-0.0310036699999999	0.0009612275534688	0.0016108824416399	0.000135462	0.0001189706	1.4154003664360002e-08	1.8349953444000004e-08	-0.00162068	6.674000000000003e-05	2.6266036624e-06	4.4542276000000044e-09	-0.000467216	2.7473999999999988e-05	7.548206759999992e-10	2.18290790656e-07	0.0	0.0	0.0	0.0
9297.6009006627	-7.636766591851483	86445382.50800383	58.32020397841892	8924.882703771318	78.98285617309921	79653531.27607644	6238.291569260476	6721.586831364915	-35.17622704832411	45179729.53157824	1237.3669493552486	7058.903667978911	7715.130719017107	1.159055	47.807323	0.09377987	0.0494181	0.0978961799	-0.0456872991	-0.0762195976	0.0506629017	0.0097239806	-0.1350339576	-0.0263073417	-0.172208861	-0.0191381653	-0.0907075961	-0.0854081046	0.0278734878	-0.1493749141	-0.030951105	-0.0218965901	0.0515891396	-0.0860855102	0.1189633633	0.0222419579	0.0970318001	0.0339569525	-0.1695089105	0.0655961147	-0.0400618907	0.0100795785	-0.0469940978	-0.0924593317	0.0010509544	0.0433856974	0.0545901747	-0.0707673876	-0.0898215807	-0.0608679722	0.1299521886	-0.0442290634	0.0578371553	-0.0146924117	-0.0365109717	-0.0209926503	-0.1195770567	0.0037415748	-0.0791824126	0.0572335551	0.1255184883	-0.015002988	-0.0041412285	0.0783279455	-0.0306679568	0.0402496009	-0.0095506969	-0.121942841	-0.0272384122	-0.0370352494	-0.0636042666	-0.0586462531	-0.0944789373	0.006439898	0.0253573528	-0.028151085	0.1669190229	0.1488120432	0.1136882505	0.1211164649	-0.0227411282	-0.0232749963	0.014960963	-0.095265488	-0.1142105374	-0.0110414425	-0.1226193634	0.0102075688	-0.0448460538	-0.0185387736	0.0695740692	0.0168224467	-0.1324447279	0.0092430246	0.0676128823	0.096362016	0.1011840913	0.0651169935	-0.1775164259	0.1071026118	0.0220241202	0.1236603405	-0.0108465669	-0.1757969785	0.0146289412	0.035540656	0.0815605146	-0.1108430713	0.0379614986	-0.1240886124	0.0704897309	-0.0677581039	-0.1004136934	0.0664610615	-0.1170059962	-0.2480849343	-0.0187759174	0.0788533986	-0.1855104501	-0.0202571029	-0.1487951152	0.0403556441	0.0966679131	-0.0472289147	0.0035195965	-0.0073604281	-0.0210443992	0.0732461638	-0.1613435566	0.0186142672	0.0159590025	-0.0344235864	0.0438060353	0.0865430141	-0.0312475863	0.0216043796	-0.1246160316	-0.0435435723	0.0923416313	-0.1519507208	-0.0237346651	-0.0441307605	-0.0550477693	-0.2419136275	0.0257030654	-0.0168365119	-0.0336687042	0.0760436706	-0.078865396	-0.0248264836	-0.0491229611	-0.0654069206	0.086241234	-0.007063521	0.0598680014	-0.0302908776	0.028586587	0.1494866649	0.1464980821	-0.0737381394	-0.1311597302	-0.0223618652	-0.0352096887	-0.0984212393	-0.0240013347	-0.1472087939	0.1597517849	0.0089382434	0.1901892189	0.0975583498	0.0059106558	-0.0707124542	0.0527305323	-0.0504301285	0.1450646777	-0.0784534324	-0.1641603669	0.0442557006	0.0505043586	0.1192206591	0.0186470141	-0.0587351153	0.0730784662	0.0420605065	0.0384964026	-0.0998622235	0.0210176674	0.0241637968	-0.1062744458	0.0208588561	-0.1032902509	0.0388466017	0.0182297059	0.0232497955	-0.0696206705	0.101376406	0.0551442167	-0.0114276679	0.0582822379	-0.0500350167	0.005005422	0.0626081273	0.0839181358	0.0	-0.0839181358	0.0458545	-0.0033084999999999	0.00210263517025	1.0946172249999993e-05	0.0575245	-0.0294554	0.00330906810025	0.00086762058916	-0.00102163	0.03911417	0.0015299182947888	1.0437278569e-06	0.000514485	0.0003790229999999	1.4365843452899996e-07	2.64694815225e-07	-0.00166079	-4.01100000000001e-05	2.7582234241000003e-06	1.6088121000000083e-09	-0.000486119	-1.890300000000002e-05	3.5732340900000073e-10	2.3631168216100002e-07	0.0	0.0	0.0	0.0
9304.908692817407	7.307792154708295	86581325.78166896	53.4038261764161	8785.458403038681	-139.42430073263677	77184279.35152298	19439.135634784736	6733.1156471992845	11.528815834369198	45334846.31855984	132.91359454280197	7049.568432517396	8037.083007387608	1.146644	47.295399	0.0989438199999999	0.0551891	0.0716595198	-0.0903960002	-0.0171527641	0.0777140135	0.1325421102	-0.0101238434	-0.0283118212	0.0993138229	-0.0802341047	0.1072977954	-0.1131962133	0.0505873929	-0.0482849304	0.1541078438	0.0930105656	-0.0962485238	0.0515357376	-0.0191571069	0.0465827569	-0.0171218559	0.0229178112	-0.0203605098	-0.036321608	0.0052314116	-0.086538888	-0.001201482	-0.160150762	-0.0708412732	-0.0649179539	-0.0678252446	0.0509278985	-0.0301614669	-0.175600367	-0.0382488214	-0.06794024	0.0359352997	-0.0745121865	0.0761182546	0.0026650113	-0.0268967916	-0.0475638421	-0.0085339822	0.0741168413	0.1069790244	0.0026630378	-0.1846392677	0.0775234158	0.0577417426	-0.0582897106	0.0274189053	-0.1409569665	0.0990820303	-0.0029027634	0.0839504186	0.0191050581	-0.1172855598	-0.1553609807	-0.0689300086	-0.0434108736	0.0128536962	0.0079023778	-0.0741976332	0.0607824503	-0.0829847648	-0.1892698069	0.0112497814	-0.0605189544	0.038378034	-0.0286013744	-0.1159203691	-0.0300469103	0.011674219	-0.2066038686	-0.2160600473	0.0101125841	-0.0647061103	-0.0878797614	-0.0040531589	0.0057191449	0.0302808625	0.2427173468	0.0423204137	0.0907430058	-0.1408668524	-0.0210702149	0.0363230297	-0.0396574246	0.0256160364	-0.0842299392	-0.0363154146	-0.0314242528	0.0385548974	0.0003398542	-0.1627021082	0.0746073796	-0.0928291897	0.0344134882	-0.1185885714	0.0973381706	0.0508901306	0.118060303	0.0474045054	0.0658777611	-0.0715434532	-0.0997305852	0.0495478005	-0.0066120988	-0.0093983523	-0.136255865	-0.0867853632	0.1635160894	0.1130658618	-0.1279133578	0.0030309659	-0.0386202899	-0.0080019309	-0.0676533781	0.0857645953	-0.0937144267	-0.0235268775	0.1062842919	-0.0039036045	-0.0554603312	0.0457706363	-0.1219209318	-0.0431049348	-0.0274833316	0.0815568684	-0.0625090075	0.0506365198	-0.118918728	-0.0040306689	0.003251629	0.2413344799	-0.1545536345	0.0527680758	0.0189269498	-0.0685089214	-0.0624206288	-0.0091825948	-0.062934588	0.0397100792	0.13949117	0.0270487467	0.0355681923	0.1122802715	-0.0889809737	-0.1461554841	0.0760782357	0.0718899518	0.0414473532	-0.1631959535	0.1420419722	-0.2822247525	-0.0530609087	0.0297773745	-0.02937467	0.1007498248	-0.0983882001	-0.0658811306	-0.1557491792	0.0319737846	0.1066653931	-0.0232570499	0.0505832933	0.0446771001	0.1344715502	-0.0050824356	0.0763158236	-0.0354073404	-0.0260225523	-0.1145635554	0.039067109	-0.1677878244	0.0328280646	-0.0139393381	-0.1108000254	-0.0894185306	0.0287975974	-0.0146419455	0.0370690196	-0.0994401498	-0.0225622504	0.086625125	-0.0346986252	0.0820411548	-0.0052495325	-0.0892990645	0.0496917	0.0038371999999999	0.0024692650488899	1.4724103839999992e-05	0.108264	0.0507395	0.0117210936959999	0.00257449686025	-0.020873	-0.01985137	0.0003940768908769	0.000435682129	0.000138774	-0.0003757109999999	1.4115875552099997e-07	1.9258223076e-08	-0.0017666	-0.0001058099999999	3.1208755599999995e-06	1.1195756099999958e-08	-0.000494913	-8.794000000000011e-06	7.733443600000019e-11	2.44938877569e-07	0.0	0.0	0.0	0.0
9316.52181783418	11.613125016772756	86797578.7821803	134.86467265519323	8851.145273851875	65.68687081319331	78342772.65883037	4314.764997229147	6743.26337625763	10.147729058345249	45471600.961577445	102.97640504158454	7067.407474656972	7238.394080884615	1.426502	58.838669	0.11933175	0.0699538	0.1019932805	0.0503503151	-0.0493193978	0.1852118041	-0.0367026326	-0.1350557011	0.0985918908	0.0406452906	-0.0005692738	0.072154472	-0.0181193716	-0.0951976679	-0.0839892936	0.055113068	-0.1507997939	0.0976660473	0.010296038	-0.0507249235	-0.0118149091	0.0276396076	-0.0195405382	0.1531511807	0.0191274716	-0.0394844535	-0.0088949339	-0.1371572727	0.0772790781	0.1330478031	0.0343410125	0.0430774283	-0.1531543952	-0.049214607	-0.1625340539	0.1622502904	0.0196764157	-0.1144329648	-0.0650875692	-0.0258356423	-0.1298510112	-0.1905331816	-0.0698139423	-0.0390966048	-0.092305674	0.0699168419	-0.037912372	-0.0219348282	0.0131352919	0.1523616905	-0.0397617717	-0.0270190937	-0.0007449448	-0.1100373446	0.1476993793	-0.0119335599	-0.1175049184	0.0143997286	-0.0439843521	-0.0195740736	-0.0478391374	0.0607485484	-0.1946001281	0.0548186003	0.0831361341	-0.0364158306	0.0256516556	0.1292465804	0.097297258	-0.2613578051	0.0197756378	0.007581845	-0.0943191742	-0.1328312446	0.0598774543	-0.0700715935	-0.0669150173	0.2088430943	0.0917109224	0.063754736	-0.0560678262	-0.0549913046	0.1533203579	0.0777921564	-0.1485228861	0.1245685057	-0.0621340034	-0.0470794105	-0.1393784249	0.0302142935	-0.1106854429	-0.0679665541	-0.0332255501	-0.0739289718	-0.0411237092	-0.0974548717	-0.1169309497	-0.1526103985	-0.0875019963	0.1570482455	0.0351259636	-0.0666721878	-0.0866173666	0.1663815353	-0.0007486426	-0.0932140088	0.0901333234	-0.1489869722	-0.0293287725	-0.0045817964	-0.0631287168	-0.0671556299	-0.027941322	0.0400931123	-0.0336868723	-0.1137209028	-0.0073727358	0.1005998075	-0.0405650238	-0.0494781249	0.1316436285	-0.1489677246	0.0029847044	0.0554761669	-0.0387990031	0.1578569704	-0.1503201429	0.1285533268	0.0046449744	0.0246667169	-0.0752130397	-0.1652390771	-0.0673698834	-0.0289888369	-0.0835537875	0.0158140923	0.1370874403	-0.1145898705	0.043256261	-0.1535379875	-0.0639558787	-0.0440283231	-0.0523999256	-0.3164507207	-0.0316601058	-0.0516978256	0.0409015845	0.0632042921	0.0069953686	-0.158487743	-0.100066862	0.0482973068	-0.133736517	0.1632960049	0.0424207826	0.0345142843	0.1979913214	0.0864475936	0.0700946484	-0.0208438646	0.205289996	-0.0027206398	-0.2265829171	0.0664628906	0.1043880779	0.0827195283	-0.0235895142	0.0817971358	-0.1049329845	0.0365113589	-0.0038696001	-0.078557713	-0.1141853288	0.0150216691	0.0864254988	-0.0559585019	0.0495932652	-0.0001179614	-0.0706218619	-0.0002548814	0.0853840694	0.0247281257	0.1591157237	0.0299012885	-0.0757907427	0.0178004457	0.0016080708	0.080124019	-0.0104887887	-0.0942867573	0.0535722	0.0038805	0.00286998061284	1.5058280250000016e-05	0.0621334	-0.0461306	0.0038605593955599	0.00212803225636	0.0331457	0.0540187	0.00291801994969	0.00109863742849	0.000386255	0.000247481	6.124684536100003e-08	1.4919292502500004e-07	-0.00172843	3.816999999999992e-05	2.9874702649e-06	1.4569488999999935e-09	-0.000474525	2.038800000000004e-05	4.156705440000015e-10	2.25173975625e-07	0.0	0.0	0.0	0.0
9330.84248974472	14.320671910540112	87064621.56842545	205.08164396933265	8837.661295333739	-13.4839785181357	78104257.17104001	181.81767667754505	6754.610208909413	11.346832651783188	45624759.07430326	128.7506112275731	7077.64910875442	7992.793392622796	1.387332	57.223045	0.090656089	0.0477801	0.0505460811	-0.0251391382	-0.0575880939	0.0050156384	0.0903280977	0.0179049091	-0.0952238176	0.0994404743	0.1104349508	0.0568466807	-0.0429302985	0.0118377212	-0.0135334593	0.037410153	0.0142754851	0.0503924001	0.0082995427	0.1152105242	-0.0706529885	-0.0563527758	0.0459524005	-0.081714844	0.058332741	-0.0270630747	-0.1651793053	-0.025509028	0.018761099	-0.0537361438	-0.0577155474	-0.0189340675	-0.0137638071	0.0543428552	0.0136687064	0.0524865623	-0.0564777013	0.0527768251	-0.0999892218	0.0131556725	-0.130507067	0.1926975185	-0.0524113145	-0.0327575589	-0.1096098345	0.0355415318	0.0618444992	-0.0179259374	-0.0397134138	-0.0085633154	0.1104919271	0.1209816193	-0.0388759673	0.0826409235	0.1143343401	-0.1152089919	-0.0107938938	0.0418615084	0.0166777372	-0.2217679358	-0.0145987961	0.0437196768	0.108351798	-0.0537193469	-0.0419176944	0.1027328153	-0.1628884284	-0.0095872554	0.0986980895	0.0326130908	-0.0316614133	0.1778940158	-0.0452935143	0.001700424	-0.0167497849	0.1249756537	-0.1145953393	0.0307991075	0.1352687544	-0.0204873629	-0.1189010352	0.0401802675	-0.0166696133	-0.0298567532	0.0619288785	0.1163103252	0.1240889392	-0.0115680687	0.0439591485	-0.0118220262	-0.0170714301	0.0908119083	-0.1446749675	-0.0178438474	-0.0111962579	-0.1687573806	0.005872812	0.0154749922	-0.0393946285	0.061391451	0.0637847653	0.058836803	-0.1052801862	-0.1385014066	-0.0008710967	0.0051068188	-0.080453097	-0.0651718773	0.1162057867	-0.1405390635	0.0811203487	-0.0825791605	0.1102513763	0.0060977192	-0.0207436688	-0.0349880727	-0.0642294002	0.0050704058	0.0349549553	0.0618522962	0.092951708	-0.1354326297	-0.1286825215	-0.1501801609	-0.0801206682	0.098163494	0.0349942724	-0.0310472969	0.0699654856	-0.0483798287	-0.0633486577	0.1617812878	0.031005659	0.0823296437	0.0829517195	-0.0836460729	0.0968665661	0.0137023903	-0.1015749009	0.2063933683	-0.0481971507	0.0483972208	-0.0002830144	-0.082543036	0.0908322535	0.0298084046	-0.0058486235	-0.1137313597	-0.0577127551	0.0615500311	-0.0865138079	-0.0594754076	0.0759906166	-0.0544055234	0.0678148812	-0.0257387243	-0.0689526086	0.1211255165	0.147945408	0.0718994983	0.0121899983	-0.0389181421	0.1214911955	0.0431404116	0.0856543065	0.0367330842	-0.0126752748	-0.0073313838	0.1333258169	-0.0106810986	-0.0228008368	-0.0893597665	-0.0412607702	0.0742363984	-0.1288856053	-0.0532111865	0.0728520692	0.0023004884	-0.0138682397	-0.050844036	-0.0406119041	0.0699268796	-0.0448484666	-0.0048380714	-0.0797711167	-0.0293532037	-0.0933997875	0.0781676667	-0.0157075127	-0.0988592507	0.053026	-0.0005462	0.002811756676	2.98334440000004e-07	0.0964586	0.0343252	0.00930426151396	0.00117821935504	0.000345011	-0.032800689	0.0010758851988747	1.19032590121e-07	0.000192243	-0.000194012	3.7640656144e-08	3.6957371049e-08	-0.00155923	0.0001692	2.4311981929e-06	2.862864e-08	-0.000570993	-9.6468e-05	9.306075024e-09	3.26033006049e-07	0.0	0.0	0.0	0.0
9300.53835985579	-30.30412988893113	86500013.78314902	918.340288325209	8835.941421564847	-1.7198737688922847	78073860.8053254	2.957965780923752	6744.262207496789	-10.34800141262349	45485072.723469466	107.08113323565772	7071.03293775607	7758.846820409995	1.158317	47.77689	0.025004039	0.0142265	0.0682794151	-0.0147729719	-0.0675343097	-0.0580664963	-0.06060659	0.0190232283	0.1498272384	0.0340640123	0.0774242341	-0.0712642558	0.0050315194	-0.0084950993	0.0284138917	-0.0075574696	-0.1562470098	-0.1730977624	0.0126754347	-0.0819693649	0.0302810169	0.0098052596	0.0328527577	0.2601407324	-0.0165798556	0.1313077954	0.0149728731	0.0339679304	-0.0988738414	-0.0236157204	0.1831147764	0.0056153392	-0.012072811	0.0074673665	0.0534996839	0.0848051639	-0.0754237395	0.0740583969	-0.1834687292	-0.0493720702	0.0134805314	0.1590498593	-0.0911903736	-0.0723594452	-0.0588607015	-0.0017391492	0.1007532054	0.0259555608	-0.0202635345	0.1504936467	0.0637698077	-0.0030597227	0.0402818796	-0.1699217954	0.0324694482	-0.1514594534	-0.022359331	-0.171542359	-0.0384451062	-0.0097652975	-0.0418664691	-0.0243346343	-0.0585259598	0.1016034769	-0.0692982297	0.0184158342	0.0518378337	-0.0451442057	0.0006850476	0.0911091288	-0.0317864326	0.0256635672	0.1122033702	0.1171768029	-0.0313943892	0.0751180627	0.1545258007	-0.0861564247	0.0787007044	-0.0930700666	-0.0399724763	-0.1425991442	0.0338285357	0.0564538952	0.0212257129	-0.079957385	-0.0132808278	-0.0456819196	0.0272012067	0.007798794	0.2113387342	-0.1796537037	0.0105543811	0.1663963058	-0.0088533921	0.0469081001	-0.0222283068	0.1235185636	0.0378772144	0.0059295475	0.0745166612	0.0098886566	0.1331699438	0.0549152937	-0.0942149991	0.0422112533	0.0447557862	-0.1248766326	-0.0891711536	0.0289293184	0.0774321343	-0.0829281316	0.0095916515	0.0339432259	0.0676824645	-0.0924696448	0.0213391482	0.0606807287	-0.1214056251	-0.0058342198	-0.0326344276	-0.1231164468	-0.0235502212	-0.0147653584	0.0599652581	-0.1377281658	-0.1387273729	0.0096183689	0.0044209734	-0.0641305514	0.1509504457	-0.0249475664	-0.0008621523	-0.0923324695	0.0445525301	-0.0832754744	0.0301060092	0.133135894	0.0599444232	-0.0019256603	0.0083194221	0.1036720093	0.1907165007	-0.0443712232	-0.1030926853	0.1558296159	0.0380858029	-0.0817759432	0.1120349691	-0.1186058685	0.2202732458	-0.0963488351	0.0123305143	-0.0903156617	-0.1470253012	-0.0985650785	-0.0451776912	-0.0784467008	-0.0507614924	-0.0237473474	-0.0281461732	0.0756396001	0.0498393943	0.043378742	0.0741611344	0.0388200161	0.0245181493	-0.0266668534	-0.1682980961	-0.1305070448	-0.0343428176	-0.0723548974	-0.0496475742	-0.017530701	-0.0772499847	-0.0185941995	0.0871671994	-0.0158356749	-0.03425808	0.0716176281	0.0807314647	-0.081097769	0.0894306279	-0.0101848737	-0.0119540648	-0.123186724	0.0340660575	0.0761730556	-0.0208954884	-0.1029964092	0.0539562	0.0009302	0.00291127151844	8.652720400000112e-07	0.102782	0.0063233999999999	0.010564139524	3.998538755999991e-05	0.0041989	0.003853889	1.4852460424321e-05	1.763076121e-05	0.000416473	0.0002242299999999	5.02790929e-08	1.73449759729e-07	-0.00161271	-5.3480000000000064e-05	2.6008335441e-06	2.8601104000000067e-09	-0.000571214	-2.2100000000001025e-07	4.884100000000453e-14	3.26285433796e-07	0.0	0.0	0.0	0.0
9292.3768393907	-8.16152046508978	86348267.32524468	66.61041630207929	8829.821483334577	-6.119938230269327	77965747.42755684	37.453643942312056	6732.313008755068	-11.949198741721377	45324038.44785272	142.7833505691557	7058.79807452774	7537.05437382638	1.199664	49.48233	0.0492385499999999	0.0229901	0.0817196446	-0.0062244709	-0.0645358536	-0.0627108492	-0.0439498386	0.0810263538	-0.1511434055	-0.0518894508	0.0785992512	-0.0712908763	-0.0504946979	-0.0143576058	0.0150845408	0.0490757132	0.0272205214	0.0643664137	0.0943031543	-0.0145016403	0.0250602556	0.1196672742	0.1183540355	-0.1164255958	-0.014673003	0.1011704062	-0.1201818003	-0.1240172523	0.0343566053	0.1294065797	-0.0534232694	0.0140602311	0.0303297218	0.0978173664	0.0845728733	0.1619625755	0.0649691156	-0.1198511628	-0.0156837375	-0.003174972	-0.0162444681	0.0233661019	0.0059022083	-0.0997633653	-0.0484056642	0.0310948247	0.0928937255	0.0451144466	-0.0543408104	-0.0621760068	0.1158583528	0.1578667441	0.0790292358	0.0028843987	0.0081374546	-0.0852393406	0.0030854384	0.0277495999	-0.0140700806	0.1430482006	0.0837076311	0.0452814002	0.026739894	-0.0610159852	0.0139817921	0.0102967156	-0.050711682	0.0399372986	0.106749083	0.1047717375	-0.0264412845	0.1235023502	0.1058597862	-0.1103740886	0.0912499093	-0.1594670578	0.0138825681	0.0309982024	0.0753248152	0.1098396336	-0.0249168536	0.0468978408	-0.0735732337	0.0706919516	0.0053278539	-0.081803128	-0.2288692139	-0.240948408	0.0661418094	0.0466268862	0.0097970197	0.0342312133	0.1137800226	0.0083530601	-0.1144262884	0.1086102049	-0.0152071374	-0.0932684196	0.0937969258	-0.1289470332	0.0899243643	0.0549909649	0.1263557064	-0.1401862311	-0.1054639645	0.016365724	-0.0187948973	0.1015851137	0.1194355953	-0.0504971879	0.1275217048	-0.0886218371	0.0599046073	-0.1053804278	0.0034101324	-0.1171641913	-0.0608694397	-0.017300662	-0.0322513449	0.068780467	0.0645295507	0.0033611593	-0.1114261572	-0.0481664472	0.0243521195	-0.0371801519	0.0899247212	-0.0026682348	-0.0029646602	0.1034421768	-0.1035711495	-0.0046456319	-0.1562879878	-0.1150310326	-0.0520729979	-0.0605748967	-0.0045806265	-0.0949124846	-0.0623777974	-0.1110788949	-0.1511676679	0.0679935479	-0.0557097309	-0.008576166	-0.1076088856	0.1007734469	0.2198454871	0.0623162788	-0.0422161706	0.1935565898	-0.0022776091	0.0246286397	-0.0516635792	-0.0110547054	0.0390218469	0.0324793839	-0.1204977829	-0.1473242059	-0.0060189925	-0.0310169788	-0.0159140025	0.0381213561	-0.0371349164	0.0485990055	0.0904535943	0.0265126614	-0.0398017686	-0.0036212337	0.1256910431	0.0508426065	-0.1633990375	0.0003886222	0.0906394847	-0.0316786924	-0.1267969307	-0.0214222327	0.0626336634	-0.0372844465	0.0181376787	0.002149798	0.0152993355	0.0097464931	0.0379454491	0.076708927	-0.0324616367	0.0186692052	-0.0764676861	0.0741411618	-0.0260425603	-0.1066800145	0.0536273	-0.0003289	0.00287588730529	1.0817521000000003e-07	0.0845882	-0.0181937999999999	0.00715516357924	0.0003310143584399	0.0133199	0.009121	8.319264100000001e-05	0.00017741973601	0.00062176	0.0002052869999999	4.214275236899999e-08	3.865854976e-07	-0.00176932	-0.0001566099999999	3.1304932624e-06	2.4526692099999985e-08	-0.000641214	-6.999999999999997e-05	4.899999999999995e-09	4.1115539379600006e-07	0.0	0.0	0.0	0.0
9318.81032152803	26.43348213733043	86840225.80861734	698.7289779045669	8855.875117563308	26.05363422873052	78426524.09787694	678.7918565244784	6728.876193781094	-3.436814973973924	45277774.83123394	11.811697165331385	7056.387262339754	7720.5709675714415	1.230397	50.749977	0.0635355999999999	0.0350048	0.0750106459	0.002308743	-0.082702052	0.0830757532	0.1226016123	-0.0122584189	0.1027000234	-0.1219789786	-0.0787483188	-0.0288834363	-0.0591963223	-0.07583775	0.1233725233	0.0504803469	-0.0819578469	0.0549697079	0.0077274362	0.1101210819	0.0390540454	0.1294509977	-0.0087506296	-0.0351928995	0.0798750687	0.1528695148	0.0417103788	0.1284451983	0.0264591569	-0.0271635632	0.0463244201	-0.0992385426	0.0622418895	-0.1488929303	0.0219864978	0.0267074593	0.1408230696	-0.0923861483	0.0284117598	0.0317420246	-0.1085090027	0.0262922341	0.1193442979	-0.0667857241	0.0233153573	0.130328608	-0.0214365059	-0.1046659661	0.1347788271	-0.0201327758	0.009197349	-0.0694719524	-0.1566624904	-0.0425831865	-0.0662855973	-0.1307153308	0.0691396459	-0.112732716	0.0129933211	0.0860398551	0.1953414973	0.051153141	-0.0238376135	-0.0306110576	-0.0253137781	-0.0268994523	0.1476701393	-0.0099802144	-0.0363012318	-0.0669587529	0.0367915009	0.0669700218	0.17154021	0.1135628075	0.0951836023	0.0061196809	0.0419801412	-0.0013962284	-0.1379005803	-0.0352378906	-0.0750705311	0.1089187875	0.0456816074	-0.1452879287	-0.0947779724	-0.0016407584	0.0740561084	0.0331409438	0.0492657499	-0.0424341003	0.0308973589	0.0338508729	0.043036854	-0.0214730289	0.0546507541	0.0409985046	0.0582141509	0.0034548258	0.0662503787	0.0010849537	-0.0456870314	0.229305484	-0.0106579418	-0.0122728789	0.0174257759	-0.115281433	-0.0923072653	0.0273769821	-0.056617132	0.1693131251	-0.0225473847	-0.0864352565	0.0509397794	-0.0842284284	0.0193078484	-0.0384354915	0.0365461005	-0.0500479292	0.0031340865	0.0355985689	-0.0206497277	-0.1033214434	0.0371265377	0.1774824523	0.0483267725	-0.1339222614	0.0636121351	-0.1347977246	-0.05758802	-0.0581547577	0.1835264769	0.0627893744	-0.0014279868	0.1155301834	-0.0402972621	-0.0788648575	0.0239938152	0.0354038102	0.1378007805	0.1316077591	0.0623469424	0.029724106	-0.1036402609	-0.0492650065	-0.1614772785	-0.0193579289	-0.0535963212	0.0147545686	-0.0574571579	-0.0819796694	-0.0414372351	0.0622774287	0.0046216577	0.1155895194	0.1115417831	-0.068278408	-0.1228647522	-0.0164105053	-0.0419374075	-0.1381063757	-0.2092175828	0.1546335518	0.078104297	0.0587740379	0.0944297377	0.0636032108	0.0602048401	-0.0037096026	0.0158626848	-0.0344288641	0.1229001581	0.0313219069	0.0328307099	-0.2002230396	0.0140919988	-0.0081019093	-0.0381106321	0.0043063831	-0.0590357857	0.0364093956	0.1579496889	0.0237610925	0.0758663198	-0.1212660641	0.0474998561	-0.0824929903	0.048554106	0.0720729799	-0.0311386526	-0.1098938456	0.0555454	0.0019180999999999	0.00308529146116	3.679107609999996e-06	0.109246	0.0246577999999999	0.0119346885159999	0.0006080071008399	0.0122699	-0.00105	1.1025000000000013e-06	0.00015055044601	0.00010123	-0.00052053	2.709514808999999e-07	1.02475129e-08	-0.0017129	5.641999999999995e-05	2.93402641e-06	3.183216399999994e-09	-0.00049997	0.000141244	1.9949867536e-08	2.499700009e-07	0.0	0.0	0.0	0.0
9328.642774101432	9.832452573402406	87023576.00679487	96.6771236082076	8849.238834647376	-6.636282915931588	78309027.95263125	44.04025094028546	6726.344392335094	-2.5318014459999176	45243708.884297766	6.410018561967274	7051.2976167810775	7398.025811154643	1.342883	55.389637	0.0920591	0.0443387	0.0579652458	0.1046711031	-0.0444474616	0.1434207548	-0.0974402934	-0.169980316	-0.0434755227	0.0416589249	-0.0714540169	0.0732307107	-0.0569773605	-0.0149829294	-0.000423729	-0.010070086	0.0622778492	-0.032449032	-0.100597426	0.0758388737	-0.0657150332	-0.0651955991	-0.0149627936	-0.0317183545	0.022957615	0.0437539052	-0.1510178459	0.0390803021	-0.1023724451	0.0217127449	0.0867991388	-0.0323243697	-0.0214647091	-0.0090637182	-0.0808924891	-0.1255628056	-0.2051374283	-0.1013481935	-0.0261739434	0.0312939607	-0.0761099268	-0.0828878885	0.0636289446	-0.0696501613	0.0020582673	0.1106873036	-0.0163600549	-0.1105585277	-0.0056285151	-0.0917524225	0.0117225605	0.0936698727	0.0166101555	-0.0098520334	-0.0090848742	0.091952909	0.0442007636	-0.0246693323	0.0861579352	0.0501692932	-0.1097765116	-0.0043882653	0.0583210526	0.037009937	0.121583744	-0.0734616065	-0.0005418057	0.0969208539	-0.0458485149	0.0774043511	-0.0998605327	0.2813524225	-0.089088665	0.029116778	0.0344398166	0.1199803725	0.0750480205	0.1258408456	0.040928076	0.0737111491	0.147986711	-0.1176454696	-0.0434468154	0.0192692894	0.0389728882	0.0286061476	-0.0991923312	0.0836190225	-0.0284135598	0.017327974	-0.0817640897	-0.0087441326	-0.0360926122	0.0321766382	0.116804398	-0.0609744181	0.0540598215	0.0201146608	0.2591184014	-0.1051796332	-0.00729143	-0.1573389062	0.0338764111	0.1320617966	-0.026983517	-0.1358169304	0.1414520983	0.0083211231	0.0828156038	-0.0494979582	-0.070770742	-0.0486652661	0.0421815697	0.0006964476	0.0102947374	0.0045268879	0.0307994895	-0.0760992299	0.0130127289	0.0322589416	-0.1035290273	0.0189226931	0.0095740152	-0.0071620826	-0.1928249988	-0.0311649029	0.0039215848	0.0745109465	0.0581612965	0.1073855905	-0.0123720129	0.0523069351	0.1787623608	0.0476517591	0.1358811814	-0.0914897243	-0.0615213092	-0.0703788681	-0.0388668189	-0.2068499439	0.043090637	-0.0743687713	0.1069285407	0.0251932878	-0.0211976048	0.023980487	0.0443173248	-0.056944034	-0.1364878897	0.0456107737	0.0994243536	0.0237791696	-0.1347545511	-0.0463744072	-0.0316544822	0.0286675204	-0.1575430044	0.0911684071	-0.1395100441	0.0032441874	0.2387891336	0.037322926	-0.0533292834	0.0533543761	0.0568332036	0.0999454942	-0.060938232	0.0371142072	-0.0362269496	0.1270488709	-0.0158839453	-0.0087215148	-0.0558519649	-0.0319229452	0.018573612	0.0413742816	0.0236633552	-0.1013814082	0.0555510748	-0.0428571967	-0.0548892523	0.0514669546	-0.0053192766	0.0104382119	-0.0376908281	0.108248824	-0.0125534432	0.0699695221	-0.0361737896	-0.11262375	0.0544458	-0.0010995999999999	0.00296434513764	1.2091201599999982e-06	0.0750803	-0.0341656999999999	0.00563705144809	0.0011672950564899	0.0319397	0.0196698	0.00038690103204	0.00102014443609	0.000620325	0.000519095	2.69459619025e-07	3.8480310562500003e-07	-0.00182338	-0.00011048	3.3247146244000005e-06	1.2205830400000007e-08	-0.000387065	0.0001129049999999	1.2747539024999989e-08	1.49819314225e-07	0.0	0.0	0.0	0.0
9329.173252643552	0.5304785421194538	87033473.57783987	0.2814074836491811	8799.81486568409	-49.423968963286825	77436741.67031468	2442.728708083939	6727.894995234067	1.5506028989730112	45264571.06689561	2.404369350303506	7048.020097398608	7964.955393745085	1.313057	54.159435	0.0865629999999999	0.0448773	0.031306886	0.0291515039	-0.069154652	0.0564754061	0.1406691965	0.0605952376	-0.0818135599	0.0668424008	-0.0428928364	0.1139125179	-0.0291253622	-0.0540791928	-0.0321713605	-0.0012723857	-0.026065472	-0.0981605808	-0.0518042892	-0.0116353882	0.0371894517	0.0033063292	-0.0163087895	-0.0081449575	0.0075434206	0.0614293337	0.038675994	-0.0314754084	-0.0101781372	-0.0587392262	0.0193843868	-0.0995783889	-0.1189762165	0.1104483424	-0.0558203633	-0.0757402784	0.0496025914	0.0139198709	0.0219370576	-0.0069690634	-0.0602953805	0.0191730103	0.1389145654	-0.0776319775	-0.0455566083	0.061708242	-0.0516540386	-0.0862666435	0.010166443	-0.1062964602	-0.0244483277	-0.0941169883	-0.1701144756	0.0607195974	-0.0440144076	-0.0280026799	0.0642922829	-0.2160753851	-0.1623384246	0.0914245294	-0.1199582668	0.0295923383	0.037230292	-0.0500450119	-0.0766850417	0.051849848	0.2024436786	-0.0210465909	-0.1094855287	-0.0702617423	-0.0346399699	-0.1120883458	-0.0686527925	-0.0646685387	-0.0029557356	0.0529580641	0.077529841	-0.024422889	-0.1037269926	-0.010989832	0.0683075491	-0.0959041908	-0.1721480531	-0.0932959268	-0.0632079882	0.0911344646	-0.0315756792	-0.0655037082	0.0508298353	0.0791658191	-0.0232725872	0.0242988793	-0.0791060178	0.0056075776	0.0168273589	0.1825622416	0.0373286283	-0.0148918245	-0.0507764612	0.0558210628	0.123299538	-0.0512359239	-0.0504636873	0.1210998308	0.0308152484	-0.0677999106	-0.1582054955	0.0076833462	0.1165102063	0.0217931727	-0.0443869009	-0.1015226276	0.0456508705	0.1021426027	-0.0378867129	0.0162487559	0.016333821	0.0855815754	-0.0277894312	-0.0549285096	-0.070026174	-0.1191829696	0.2239354949	0.001852461	-0.0016598342	-0.1475600143	-0.0544030199	0.0285195557	-0.1326603726	-0.0764210718	-0.0315362019	0.0505836204	0.0923371213	0.0895160046	-0.0301741241	-0.0379632397	-0.0885199578	-0.0416815908	0.0536605491	0.0626352571	0.0498293266	0.031201328	0.0590956578	0.1106039364	0.0923487178	-0.0011199406	-0.0416504232	0.0827552399	0.052537357	0.0976093991	-0.0231458193	0.0760622461	-0.0656094242	0.0468234328	-0.1067149264	0.1294470932	0.185401611	0.0945882943	-0.0934462517	-0.15270288	0.0454322885	0.0239694874	-0.0640540834	0.041209489	0.0504280345	0.0801636387	0.0206644311	-0.0266923509	0.1336566292	0.0299973677	0.0686473425	-0.0523840463	-0.0391405898	-0.0156404728	-0.017713427	0.0295080077	-0.0563379341	-0.047669944	0.0333260579	-0.0463345548	0.0331331601	0.0089458668	-0.0945701133	-0.0851937458	0.0352283815	0.0168305038	0.0590032561	0.067831818	-0.0411381146	-0.1148577065	0.05936	0.0049142	0.0035236096	2.4149361640000005e-05	0.110742	0.0356616999999999	0.0122637905639999	0.0012717568468899	0.0106501	-0.0212896	0.00045324706816	0.0001134246300099	0.000133507	-0.000486818	2.3699176512400002e-07	1.7824119049e-08	-0.00182429	-9.099999999998e-07	3.3280340041e-06	8.280999999996359e-13	-0.000380843	6.222000000000009e-06	3.8713284000000113e-11	1.45041390649e-07	0.0	0.0	0.0	0.0
9312.61612582978	-16.5571268137719	86724819.10706486	274.1384483273245	8839.720619442707	39.90575375861772	78140660.62980056	1592.4691830434324	6727.222239820263	-0.6727554138042251	45255519.06393236	0.4525998468028941	7055.931871558414	7782.830097972909	1.074107	44.30349	0.0281028	0.0145304	0.0501646538	0.0341669223	-0.0714325248	0.0449595073	-0.0396352381	0.012947212	0.1569396637	0.0574808474	-0.0017625572	0.165404791	0.0604512245	-0.054039875	0.0349903755	-0.0331732518	-0.0606026127	-0.0428879848	0.0015534549	-0.090218132	-0.0765093523	-0.0360712023	0.1234821397	-0.1351818626	-0.0197147094	-0.0639595148	-0.0428052456	-0.0905883116	0.1310623622	0.0308549847	0.069415973	-0.033138172	-0.0739119896	-0.1689524052	-0.0416524818	0.1319215895	-0.0670503312	-0.1558443541	0.1661340153	0.0685228102	0.2343084173	-0.0053625769	-0.0548014642	-0.0680622854	-0.0152906418	0.0204474059	0.050050248	-0.0206265946	-0.0985963311	0.2301146012	-0.0856642329	0.0142375969	0.1870681524	0.0642877203	-0.2066420941	0.1413539789	-0.2349960654	0.0975835355	0.0154211293	-0.1647841078	0.1749852077	-0.046618375	0.2480313082	-0.0774210401	-0.0127252351	-0.0154507317	-0.0761507406	0.1603394336	0.0251850505	0.0472420966	0.2710779808	-0.1242302392	-0.0589739957	-0.0445674025	-0.0341219576	0.0502102819	0.1050108882	0.0502834638	0.1065525329	0.1468783691	0.0031989534	-0.0400053913	0.0449519439	-0.0332378791	0.0363975395	0.1406544674	0.0508453815	0.0105158163	-0.0736643838	0.0479393555	0.0446580314	-0.1778519006	0.1418950267	0.031819632	-0.0546916266	0.0842174244	0.0046228978	0.0617251741	0.1111651594	0.0169239395	-0.0188231643	-0.0055999674	-0.1288161018	0.0276411259	-0.0553584756	-0.0048476855	0.0114261028	-0.1364986088	-0.1037500202	-0.0089524079	-0.0748698503	-0.1148463873	-0.1303383156	0.1157094852	-0.001400454	0.005050877	-0.0417824341	0.0232299661	0.0804428381	-0.0525000205	-0.1386256289	0.2926614618	-0.1708720029	0.0640679267	0.0330419854	0.3587574868	-0.0245700148	-0.0313455544	-0.1668082808	0.1995650015	-0.0308241317	0.2282477314	-0.074489861	-0.1778054234	0.1153671923	-0.0017191028	0.1342701007	-0.0339147928	-0.1419691407	0.03354845	0.1310190669	0.0345795235	-0.0133822989	0.0991631025	0.0407626081	0.0028273221	0.1041134263	0.0004010297	-0.0336062653	-0.117308459	0.0243294214	-0.0963100162	-0.0997388378	-0.0069070651	-0.0196343879	0.0929975303	0.0590462353	0.070567034	0.0412298017	-0.0128877855	-0.0907761647	-0.0365900269	-0.0041085435	0.0493228692	0.0510460243	0.0794817541	0.0281134325	-0.0418166301	-0.0879643791	-0.0732664585	0.1245320634	-0.0963573802	-0.1156668417	2.8479e-05	-0.0206047812	0.1052969338	-0.0071159122	-0.0603172542	0.033566515	-0.0969578016	-0.0492323311	-0.0180602611	-0.090911547	-0.0630374907	0.0700614738	0.0807866348	-0.0473854301	0.0656609137	-0.0460219099	-0.1165858777	0.0557333	-0.0036267	0.00310620072889	1.3152952890000026e-05	0.108252	-0.0024899999999999	0.011718495504	6.200099999999961e-06	0.0195915	0.0089414	7.994863396000004e-05	0.00038382687225	0.000107226	-2.6280999999999988e-05	6.906909609999994e-10	1.1497415076000002e-08	-0.00187004	-4.575e-05	3.4970496016e-06	2.0930625e-09	-0.000569706	-0.000188863	3.5669232769e-08	3.24564926436e-07	0.0	0.0	0.0	0.0
9304.738234181836	-7.877891647944125	86578153.6066453	62.0611768167478	8844.311821561276	4.591202118568617	78221851.59700853	21.07913689354896	6723.85720906417	-3.3650307560928923	45210255.76788421	11.323431989451102	7053.449000237563	7614.142706149541	1.075038	44.341896	0.0390029499999999	0.0203883	0.0545865129	0.0369165538	-0.0747198355	0.0145373814	-0.1484104273	0.0079278006	-0.0303812397	-0.0029286112	0.118466412	0.0440376542	0.0298282812	-0.0119747586	-0.0038716118	-0.076820028	-0.0995617726	-0.0500328548	-0.0545156058	-0.1138292396	0.0698241193	0.0040510897	-0.0325805591	-0.1729602356	-0.0564352066	0.0269318306	0.1240866341	0.0246497535	0.0495210848	-0.1446029066	0.0898233492	0.0057564366	0.071009517	-0.1110323065	-0.0034519456	-0.1550385382	0.0289849822	-0.0997023473	0.0861790083	0.0823929741	-0.0269771869	0.0436941826	0.0293493061	-0.1001201674	-0.0109121721	0.0527409377	0.0929160897	0.0538469798	-0.0757414038	0.0755738335	-0.052305106	0.0218450073	0.0640555591	-0.0288433969	-0.0198237484	0.0476428369	0.172423881	-0.0559683451	-0.0760833816	0.027898588	0.2745810283	0.0193179192	0.1552063752	-0.1569085059	0.0202257053	0.0091653535	-0.0377867961	-0.0035598757	-0.1592450105	0.0446754316	-0.1269149642	-0.1137532185	-0.1025678613	0.0631425052	0.1872498534	-0.0049350931	0.161996238	0.0808618798	-0.017454022	-0.0633943077	-0.0072592379	-0.1290112613	-0.0368551922	0.0903616657	0.1017763777	-0.0363896571	-0.0452714379	0.0017952351	-0.1028767726	-0.0869104775	0.0484138644	0.0906740952	0.0012155732	0.0143804729	-0.1244230551	-0.1481995933	-0.012208012	0.0056409557	-0.1266243306	0.1223539727	0.0889164517	-0.0809050813	0.0283044669	-0.06901495	-0.1189409038	-0.0044788121	0.0819646538	-0.031792258	0.0106384028	-0.1017664094	0.0721778638	-0.10479528	-0.0974042094	0.0779810626	-0.0141441492	0.0265227991	-0.0193328878	-0.0141327876	-0.0627457122	-0.0426516919	0.0133084357	0.1331273763	0.084726837	0.2339722614	0.0482267817	0.0023063301	0.2022623275	-0.0847237291	-0.1238071813	-0.0113381853	0.0255392019	0.1497755048	-0.0082212053	0.1133053544	0.0714738675	0.0050281178	-0.1972120286	0.012298847	-0.0310202375	-0.0248900349	0.0072212707	0.0930155482	0.0489574853	-0.106529077	-0.0299531014	0.0049481862	0.0869175102	0.0727822238	0.0440306811	-0.0076437951	0.0235544249	0.0441372562	0.0153752039	0.0266005344	-0.2341288516	-0.0084239038	-0.0503530631	-0.1346259016	0.0630276215	0.0816666752	-0.0417292911	-0.1528931511	0.0328937738	0.0522573829	0.0669618679	0.0772692074	-0.0164396829	-0.0202958523	-0.0941757894	-0.0080459712	-0.0323905663	-0.0861582185	-0.0232078329	0.0944775804	-0.1013550815	0.0715532782	-0.0250613598	-0.0425200242	0.059764697	0.0088434018	0.1070680766	-0.1147060336	0.0486979272	-0.0192592488	0.0727591102	-0.0610107458	0.0124115818	0.063457872	-0.0508156151	-0.1178006533	0.0581677	0.0024344	0.00338348132329	5.926303360000016e-06	0.0944587	-0.0137932999999999	0.00892244600569	0.0001902551248899	0.0197896	0.0001980999999999	3.9243609999999866e-08	0.00039162826816	0.000409099	0.000301873	9.112730812900003e-08	1.67361991801e-07	-0.00180794	6.209999999999983e-05	3.2686470436000005e-06	3.856409999999978e-09	-0.000482136	8.757000000000003e-05	7.668504900000005e-09	2.32455122496e-07	0.0	0.0	0.0	0.0
9313.766881275244	9.028647093407926	86746253.51873958	81.5164683373034	8871.523637602033	27.211816040757185	78703931.65253161	740.48293223601	6722.946686375416	-0.9105226887540994	45198012.147846185	0.8290515667359944	7055.835560561511	7755.782413214238	1.021997	42.154133	0.02881645	0.0131504	0.0431825266	0.0245870784	-0.0748961465	-0.0357598248	0.087493453	0.0294312537	-0.067752543	-0.0867629215	0.1014244115	-0.1244448381	-0.0767270656	0.0377963977	0.1271765893	-0.0445915955	-0.0849665189	-0.0602159537	0.0353852694	-0.0496133157	-0.0349467903	-0.0295873277	0.0109721817	0.0780570274	0.1448297489	0.0101043559	-0.0515015938	0.0610343858	-0.034265499	-0.0303077224	-0.0123814918	-0.0226954756	-0.05532764	0.0118220532	0.0835337343	-0.0478070289	0.0527524475	0.0070467855	0.1212686867	-0.1247466979	-0.03480986	-0.0004760369	-0.0833518901	-0.0850978476	0.030327866	0.065530687	-0.0091610318	0.0829801035	-0.0705649785	-0.024642744	0.0569198983	-0.0149298575	0.1611421329	-0.0181166973	0.067007541	-0.0562981267	0.0830875479	-0.0005088591	-0.1633878746	0.0254060215	0.0009555903	-0.0029658618	-0.0909088458	0.0428140342	0.0392334524	-0.0004171574	0.0533985596	0.0726433304	-0.0024690108	-0.0626090959	0.1640903123	0.0549064765	0.1446067646	-0.1604936268	0.0577255908	0.0249098829	-0.1771082487	-0.0474837324	-0.0554248721	-0.0264244587	-0.0194571886	-0.0256202283	0.0460035254	-0.067981215	0.0386383245	-0.0007320212	-0.007023787	-0.1134472804	0.0270226751	-0.1791574203	-0.1432841409	0.0311726526	0.2400391698	0.1272105522	0.1646807697	-0.0981889502	0.0619489048	0.0320162523	-0.097939923	0.0258266067	-0.1616232184	-0.0102056557	-0.0498534923	-0.0244512584	-0.0269458953	-0.0647223381	-0.0804288827	0.0614453081	0.0267895987	-0.0031549152	0.2188645551	-0.0291202793	-0.0368817281	-0.0050472839	0.055229405	-0.0146766929	0.0145784431	-0.0392830741	-0.0296255994	-0.0381573707	0.0241327344	-0.0008783657	-0.023938346	-0.036944047	0.0297585081	-0.0185275885	-0.0825365484	0.0629154611	0.1214842297	0.0624291486	0.0728965295	-0.013741123	-0.0816937173	0.025085959	-0.281454021	-0.0291418091	0.1421168295	0.0641725676	0.0936164844	0.0087778693	-0.0514077886	0.0581678267	-0.0394903107	-0.1060761951	0.0844908859	-0.014560986	0.0209979688	-0.04669952	-0.037296915	-0.0426930899	0.0103731159	0.0191895558	-0.0370342417	0.003384298	-0.0981562378	0.0322050735	-0.0465948273	0.1283279387	0.0864082452	-0.0789944883	-0.1008309563	-0.0918937282	0.1347306488	0.0448511759	0.0570463893	0.0571710077	-0.0517686999	-0.0361202345	0.0150855867	-0.0017009258	-0.0076392449	0.0002407866	0.1305740451	0.0261180681	-0.1998657856	0.0770227593	-0.0077676424	-0.0009210347	0.0592524007	-0.0627647474	-0.0160689867	-0.1092219786	-0.0750506336	0.033544206	-0.0637612153	0.047604676	0.0336896035	0.0612237711	-0.0555098464	-0.118496684	0.0637385	0.0055708	0.00406259638225	3.103381264000001e-05	0.0895018	-0.0049569	0.00801057220324	2.457085761e-05	0.0157706	-0.004019	1.6152361000000015e-05	0.0002487118243599	0.000451007	4.1908000000000006e-05	1.7562804640000002e-09	2.03407314049e-07	-0.00193902	-0.00013108	3.7597985604e-06	1.71819664e-08	-0.000369729	0.0001124069999999	1.2635333648999992e-08	1.36699533441e-07	0.0	0.0	0.0	0.0
9326.523575604751	12.756694329507807	86984042.00631124	162.73325021649669	8860.56918388776	-10.954453714273768	78509686.2624614	120.00005617816636	6731.73048268646	8.78379631104417	45316195.29153008	77.15507763391318	7058.658506218018	7985.298237470625	1.076974	44.421741	0.045188	0.0236499	0.0254155394	0.0214753793	-0.0893572786	-0.0304594061	0.0187615046	-0.0250833668	0.0944571938	-0.0193536008	-0.0712153947	-0.0617771772	-0.0458415125	-0.0239580972	0.107312172	-0.0180770358	0.0148012039	0.0297065103	-0.0198403913	-0.0304805178	0.0829858982	-0.0286787003	-0.0133868655	-0.0283385849	-0.0964233822	0.0538418884	-0.102332156	-0.0572017226	0.081518225	-0.0707594687	-0.022146803	-0.0015833872	0.022356546	-0.036338647	-0.0694486056	-0.0274365656	0.058701748	0.0897609354	0.0420269533	0.0832051826	0.097713252	0.0130964154	-0.0601713321	-0.079500628	-0.013563176	0.0825029822	-0.013954251	0.0042761527	-0.026438616	-0.0718466975	0.0298254541	-0.0181389512	0.0734891742	0.0444063471	-0.0379822231	-0.1490649643	0.0680953664	-0.0780535648	-0.0718690791	-0.0144391001	0.0482426734	-0.0452364236	-0.0020224119	-0.051032584	-0.0108421131	-0.0126453372	-0.0205728201	0.0335310057	0.0507682791	0.0091876044	-0.0708893518	0.020275228	0.1038403052	-0.0318582844	-0.2243383214	-0.0203249542	-0.0866394436	0.0659173739	0.0267022189	0.0232308384	0.028264404	0.1885420871	0.0181389775	0.0836937932	0.0513583287	-0.0863473582	0.0438685239	0.146301188	-0.2234942952	0.0470650041	0.0485373281	0.1281015273	-0.1133526153	0.001851403	0.0265804395	-0.0396678369	-0.0311319763	0.2462879292	0.0429340588	0.0264618286	0.1202593012	0.0610352714	0.0237946309	0.1591684489	-0.0252545563	-0.0751033196	-0.0053303816	-0.0032441886	-0.0140745788	0.1255921725	0.0704545692	-0.0543969408	0.0021841393	-0.0139479537	0.019508399	-0.0300422693	-0.0245642654	0.0046820523	-0.0491703174	0.0475684863	0.0111623185	0.0026364049	-0.0076093537	0.0477212117	-0.0382168221	0.0166351784	0.0063755473	0.0393738499	0.0295700937	-0.0122759328	0.0500531479	0.0856739446	-0.0446129235	-0.0366206701	0.025750998	0.0626871541	-0.0321836669	0.0279660294	-0.000887378	-0.0682707225	0.0488322333	-0.0112986975	-0.1169552918	-0.0041916145	-0.0283748796	0.157553928	-0.1494545618	-0.0604131579	0.1727434684	0.0082197162	-0.088535439	0.0308510906	0.0887682985	-0.0363843623	0.058654108	-0.0499540786	-0.1893028321	0.1950453038	-0.0141327043	0.016000874	0.015301663	-0.204123902	-0.0037038572	0.0395371716	0.0640401993	0.0623407704	0.0319705186	-0.0328574768	-0.0169502354	-0.0440807273	0.0613117021	0.0451076444	0.1152104229	-0.1377967169	-0.0914377354	0.0586370215	-0.0666119692	-0.0528121586	-0.0048624845	-0.0080886995	0.0406841784	-0.1115178072	0.0159583968	0.0004056795	0.1779525965	0.0031480894	0.0088524073	0.0589597043	-0.0600954145	-0.1186709048	0.063266	-0.0004725	0.004002586756	2.232562500000007e-07	0.107951	0.0184492	0.011653418401	0.0003403729806399	0.0105756	-0.005195	2.6988025e-05	0.0001118433153599	0.000129485	-0.000321522	1.0337639648399999e-07	1.6766365225000002e-08	-0.00190755	3.147000000000002e-05	3.6387470025e-06	9.903609000000014e-10	-0.000438163	-6.843399999999998e-05	4.683212355999996e-09	1.91986814569e-07	0.0	0.0	0.0	0.0
9323.552622974268	-2.970952630483225	86928633.51337035	8.826559532575196	8832.18160238273	-28.38758150502872	78007431.85746798	805.8547837046486	6727.807790962375	-3.922691724084871	45263397.672134034	15.387510362203937	7052.495401237035	7802.851325107405	1.092729	45.071602	0.0581248	0.0301241	0.0283572797	0.0625966935	-0.0842433844	0.0012725747	-0.098864746	-0.0370818827	-0.008800387	-0.0125498292	-0.0967326952	-0.0096375099	-0.0193722867	-0.0708671685	0.0419541538	-0.0455801947	-0.0667253864	-0.0173725613	-0.0596206816	-0.0654812683	0.0821585882	0.0437881246	-0.073477843	-0.0403713217	-0.0206296356	-0.0069047332	-0.0232756698	-0.0843460455	-0.0267730568	-0.0407817671	-0.0088760835	0.0578278285	0.0401939657	0.0174204139	-0.0421321906	-0.0302613702	-0.0787966028	-0.0239606109	0.0322964831	0.0575023276	0.055413388	-0.0624967774	0.0259480751	-0.0883655502	-0.0045705276	0.0608986932	-0.0142220738	0.0050755708	0.0089712709	-0.0641802001	0.0601380595	-0.1118431606	0.0759061862	0.0634869446	-0.043582213	-0.1581142001	-0.0380207464	-0.1068845503	-0.0049136501	0.0343632466	-0.0957369988	-0.1705294436	-0.053336949	-0.0196869773	-0.0573991047	-0.0543366065	-0.0008089562	0.163837283	-0.0680635609	0.0692270113	0.0499758024	0.07439001	-0.0449450522	-0.0932568099	-0.0686249532	-0.0922392229	-0.0633831434	-0.0510866069	-0.0094522286	0.0435730803	-0.0893339	-0.1824408805	0.0315707167	-0.0874335634	-0.0967504543	-0.0130436806	0.0903112408	0.1112240117	0.1813215118	-0.0966443076	-0.0921927839	-0.1017963401	0.0182170587	-0.1088912708	0.0048404461	0.0686166469	-0.0025434665	0.0097492062	-0.0438394089	0.1805404526	-0.1389790189	-0.1022169185	0.0759172276	-0.0366043688	-0.0681884814	-0.0618765152	0.1024469666	0.0310116732	0.0474353616	0.1049358046	-0.0062020272	-0.0591958151	-0.0204754065	0.0265307168	0.0738577303	-0.0066661624	0.0371972523	0.0184278507	0.0047291905	0.0376003566	-0.0488656372	0.0312111022	0.020351023	0.0272371806	-0.0191387544	-0.104501737	-0.0561907685	0.0713874413	0.0749251708	-0.0193011108	-0.0588247117	0.1265720221	-0.0222037624	-0.0897171913	-0.1069245976	0.136221557	-0.0255610515	-0.1242238262	0.0063687959	0.0287310977	0.0291490397	0.0486491703	0.0566740413	-0.0607859299	0.0561284087	0.0888958432	-0.0605925328	0.096125898	-0.0680010835	-0.01749055	-0.0249679041	-0.0568140268	0.2050785842	0.0257053175	0.0430202858	0.1603885366	-0.0373106566	0.133681458	-0.0688295106	-0.2440616862	0.0337283579	0.0861992756	0.0498782576	0.0394486011	0.0424254014	0.0875213221	-0.0377076233	-0.0031705957	-0.1045209893	0.0107629211	-0.0093662752	0.0525124324	0.0463637348	-0.1342084068	-0.0278593016	0.1651077085	-0.0840916481	-0.0920617804	-0.0083433496	-0.0802918155	-0.0295636814	-0.0284754032	-0.0560475306	-0.031425179	0.093780643	-0.0434133334	0.0558729154	0.05666678	-0.0645633431	-0.1183225485	0.0608711	-0.0023949	0.0037052908152099	5.735546010000026e-06	0.0808157999999999	-0.0271352000000001	0.0065311935296399	0.00073631907904	0.0201475	0.0095719	9.162126960999998e-05	0.0004059217562499	0.000378163	0.000248678	6.1840747684e-08	1.43007254569e-07	-0.00184993	5.761999999999998e-05	3.4222410049e-06	3.320064399999998e-09	-0.000512321	-7.415800000000006e-05	5.4994089640000085e-09	2.624728070410001e-07	0.0	0.0	0.0	0.0
9318.5239576358	-5.028665338468272	86834888.74903238	25.287475086312224	8834.175558859595	1.993956476864696	78042657.80475225	3.975862431630671	6726.08934996152	-1.7184410008549094	45240277.94366579	2.9530394734192225	7050.502753964311	7818.003390979497	0.998279	41.175816	0.03242635	0.0168638	0.0297431002	0.0604635991	-0.0794892245	0.0345881023	-0.0217579817	0.0051907189	-0.0800431381	-0.015834214	-0.0573160359	0.0702599906	0.0212424537	-0.0221830868	0.0343346052	-0.0309221257	0.0119334335	-0.1090239482	-0.0629268673	0.0287854774	0.0347729375	-0.0232366169	-0.0030906735	-0.0969437242	-0.0611244527	0.0446028531	-0.0588203575	-0.1319145301	0.1192524607	-0.1115829826	0.2228325379	-0.0998835054	0.0753413759	0.0650006099	0.0187218094	0.0465247192	1.28295e-05	-0.0368428774	-0.0306904629	0.1393860526	-0.1172798361	0.0894087989	-0.0001917091	-0.0949284039	-0.0366247282	0.044613389	0.0562838903	-0.1554043212	0.0310371576	-0.1200776084	-0.0286897383	0.1422066573	0.0239176632	-0.0690204525	0.0568688992	0.0864260748	-0.0475110321	0.0932145016	-0.0050352271	0.0563024765	0.0679850648	-0.1701730134	0.0747346404	0.0091456351	0.0074595175	-0.0286759312	0.0436197068	-0.1236709036	0.0333689969	-0.0105766248	-0.1059559354	0.0255782052	-0.0452829678	0.1430780563	0.0634945129	0.0192816418	0.0057584835	0.2323258794	-0.0905250622	-0.0020072378	-0.095075566	0.0686342344	0.0090070145	0.0358427255	0.001667655	-0.048837894	0.1843899667	-0.0558630293	0.1007699898	0.0458356918	0.0235121531	0.101847505	0.1570017235	-0.1287221166	0.1804073783	0.0426253174	0.0549493682	0.0034639359	-0.0563799262	0.0073396409	-0.1679323273	-0.0583023073	0.0076070375	0.0912679262	-0.0780798901	-0.045926578	0.0147626944	0.0517187017	0.1098254156	-0.0081576347	-0.0887498962	-0.0947548201	0.020218132	0.0007852209	0.0229973836	-0.0454286219	-0.0304685888	0.0431174574	-0.0054297952	0.06690739	0.0170694095	0.1435191939	0.0561575445	0.0041523912	0.0708411423	-0.0588130637	-0.0397340695	-0.0751850573	0.1192338435	0.0577957728	0.0811536288	-0.0077353533	0.0471484849	0.1685401706	0.2359998803	-0.0716777068	-0.0079409218	0.05261762	0.0114408666	0.0546388961	-0.0348853587	-0.1174552261	-0.1077537358	-0.123787589	0.0379432594	-0.0806271015	0.0970552949	-0.0690668874	0.1344711519	0.0901423881	-0.066430298	0.1295609083	-0.0601535954	-0.0965804854	0.0393154059	-0.0099972895	-0.0149190735	-0.0247487924	-0.0567869498	-0.1147583019	0.0378479307	0.0102779211	0.0167001776	0.0457696394	0.0608066206	0.0971471138	-0.0073602345	0.017941972	-0.0100312874	0.0557371655	-0.0516243406	0.0072452251	-0.0197724344	-0.0422643295	0.0074250928	0.1445254878	-0.0769611261	-0.1446933112	0.0156769025	-0.0169770631	-0.0302864904	-0.1077435764	0.01685169	-0.0857028058	0.1061036892	0.0052401918	0.1312087137	0.0543461203	-0.0689048858	-0.117453149	0.0590761	-0.0017949999999999	0.00348998559121	3.2220249999999927e-06	0.0864549	0.0056391000000001	0.00747444973401	3.1799448810001186e-05	0.0260983	0.0059508	3.541202064000003e-05	0.00068112126289	0.000118644	-0.000259519	6.7350111361e-08	1.4076398736e-08	-0.00196376	-0.00011383	3.8563533376000005e-06	1.2957268900000021e-08	-0.000519801	-7.479999999999922e-06	5.595039999999882e-11	2.70193079601e-07	0.0	0.0	0.0	0.0
9315.25676552507	-3.267192110730321	86774008.60766058	10.674544288418447	8820.81287818477	-13.362680674825242	77806739.83195029	178.56123481734798	6716.573144295509	-9.516205666011048	45112354.80267166	90.55817027782076	7042.50883263798	7842.938215187913	1.003331	41.384228	0.0269365499999999	0.0164189	0.032111204	0.0413785245	-0.0699490286	0.0484334341	0.1193382155	0.0532606042	-0.054910429	-0.0001282492	-0.041458234	0.1064102945	0.0400960918	-0.0301201868	-0.0104950555	0.0285490231	-0.0486847395	-0.1253272802	-0.0207255996	-0.0698941797	0.002739625	-0.0219531981	0.0196710027	-0.0079064097	0.0421530163	0.0317825799	-0.1077302669	0.002405443	0.0232630405	-0.0079468144	0.0563681051	-0.0584338595	-0.0117942885	0.0596324652	-0.0748802893	0.0252075286	0.0871341719	-0.1315224903	-0.0357901152	-0.1258751332	0.0830713847	0.040784514	-0.109235608	-0.0932864066	0.0479193706	0.0422036963	0.0056622728	-0.0179242343	-0.0924085456	0.0485364297	-0.0891286892	0.0335901301	0.0223466196	0.1189492611	-0.0006267941	0.0552140604	0.0881902655	0.0282533255	-0.0477443247	0.0537055227	0.0679516449	-0.0545548876	-0.0452536123	0.1155479397	-0.0086217413	-0.1254296874	0.0215028629	-0.078890828	-0.0606026057	0.0018750101	-0.0035080115	-0.0690475679	0.0626464784	-0.1381737939	-0.1257817265	0.0105941223	-0.1071131406	0.123852297	-0.0086631887	-0.0250021868	-0.0259813159	0.02096594	-0.0986566749	0.0185654619	0.0552158849	0.0064318567	-0.0848997505	-0.091474128	0.0879063883	0.0164045593	0.0271995298	-0.1009236794	-0.0110367575	-0.0953147338	-0.0591642342	0.0889930736	0.0767317719	-0.0058042038	0.0369293456	0.1951243056	-0.0019660968	0.0966227098	-0.095253462	0.0074238984	-0.0090122563	-0.0625141626	-0.1417607756	0.0212868313	0.0167879951	-0.038545318	-0.0317965391	-0.1087827674	-0.0596637483	0.0938888231	0.001604295	0.0233586799	-0.021650219	0.0650133373	0.0299794793	-0.0338328417	-0.0085297879	0.046339002	0.0754582002	0.0131277456	0.0520597301	-0.059352574	0.0104281616	0.0848526383	0.0484717145	0.1222199597	0.0164569462	-0.0710275176	-0.0452126832	-0.0469068664	-0.0502143368	0.0250928183	0.0517838069	-0.0642249244	0.0888086306	0.0143508967	-0.1020229102	0.1141689426	-0.0897450919	0.0059773817	0.1644659618	0.093290705	-0.0005763834	-0.065035985	0.0867302983	-0.0140834842	-0.0832818689	0.02237639	-0.0272868736	-0.1292666447	-0.0441939091	-0.0157251947	-0.0301258954	0.0034639699	-0.0497055899	0.1015012149	0.0273190781	0.0671339317	0.0446529483	0.0456461553	0.0546269442	0.0876565778	-0.0103696397	0.0153767596	0.0660593623	0.0149474519	0.0530895492	-0.0132567315	-0.0314828396	0.043234075	-0.0555062148	0.1570010159	-0.0352078257	-0.0453822209	-0.0562875306	-0.139581266	-0.0970201059	0.0054089918	-0.0387032793	-0.0388355434	0.0563977425	0.0299913508	0.0891607265	0.051998861	-0.073111544	-0.116066535	0.063529	0.0044529	0.004035933841	1.9828318410000024e-05	0.0866084	0.0001535	0.00750101495056	2.3562250000000264e-08	0.0286895	0.0025911999999999	6.714317439999992e-06	0.00082308741025	-0.000167725	-0.0002863689999999	8.2007204161e-08	2.8131675625e-08	-0.00202354	-5.977999999999973e-05	4.0947141316e-06	3.5736483999999676e-09	-0.000568431	-4.863000000000003e-05	2.364876900000002e-09	3.23113801761e-07	0.0	0.0	0.0	0.0
9342.519252422711	27.262486897641796	87282665.98188902	743.2431918440905	8866.428173101624	45.6152949168536	78613548.54877019	2080.7551303515297	6727.51969890353	10.94655460802096	45259521.29913504	119.82705778638493	7055.523504760765	8131.098527597192	1.124056	46.363728	0.05555175	0.0264298	0.0042441945	0.0151875655	-0.0847091231	0.0533854844	-0.0044591373	-0.0545201456	0.1226851363	0.0034837169	0.1031745521	0.0132153605	0.0509941533	0.0001802915	0.0183976522	0.0405584059	-0.0729423063	0.0693178762	-0.1005017443	-0.0445911731	-0.0166915546	0.0710101835	0.0431785149	0.035154468	0.0346998869	0.0179308246	0.0826870724	-0.0205910932	0.1073276605	0.0670992651	0.0748333595	-0.125688692	0.1855808874	0.0571047041	0.1701473569	-0.1334817848	-0.0669343344	-0.033545055	-0.0531998554	0.0286640527	0.0291984934	0.1601375837	0.0506923144	-0.0714943503	-0.0074492102	0.0610965986	0.0227574221	-0.0216809253	0.045510244	0.0485260695	0.0490476513	-0.0741572567	0.2139572713	0.0890339843	-0.0179769601	0.1602503683	0.0478428989	-0.0496503283	0.1049109833	0.0622287163	-0.0027408297	-0.0740975027	-0.0009071101	0.2648563329	-0.1033761615	0.090870449	-0.0178143697	-0.0112687308	-0.059273865	-0.0247263501	-0.0867859565	0.0049160576	-0.2270923926	-0.0250108563	-0.1556697896	0.0285011411	-0.0143776452	-0.1738589918	-0.1258054486	-0.0092105486	-0.1826984049	-0.0398170235	-0.0705564714	0.0874990293	0.0251677463	0.1313013535	0.0625897897	0.0819386599	-0.0094841319	0.0291436594	-0.1409149519	0.0697735584	0.0304217328	0.0389893628	-0.0492971119	0.0580401723	0.0086686972	0.0270368711	0.067190623	-0.0540479115	0.048897405	0.183254597	-0.0577552355	-0.0209910394	-0.0290916279	-0.0649088068	0.022428071	-0.1039839448	-0.1103588753	0.0015714138	0.051608591	-0.0849241704	-0.005248326	0.0014646344	-0.0005638248	-0.0892259563	0.0253889299	-0.014073996	0.075029399	-0.1714244353	0.0244294808	0.1942405481	0.0273160947	0.0399452778	-0.0945487369	-0.1322317689	0.0829523102	-0.147496185	0.1305485435	0.0029174516	-0.0363584836	-0.1167092917	0.0968706016	-0.0756927604	0.0369268965	0.0105770174	0.0295353576	-0.0653142956	-0.1744972756	0.0404704245	-0.0253366339	-0.0917357678	0.036161631	0.0137630854	0.1851246047	0.1115283472	-0.2520538314	0.0872631917	0.0132108323	-0.0579984727	-0.0535333498	-0.0461401149	-0.0456911279	0.0132774805	-0.0906693521	-0.0222871499	0.0043253468	-0.0264509657	0.0223771975	0.0364062054	-0.0829527722	0.0020423311	0.0042912731	0.0298088406	0.0652472785	0.0788225043	0.0845769249	0.0306749113	-0.0488548647	-0.0470514571	0.1025285847	-0.0158515615	-0.0341938171	0.0770343648	-0.0615626026	0.0621253075	-0.0404033849	-0.1060337445	-6.75405e-05	0.0042881955	0.0418829035	-0.1732108338	0.1357911022	-0.0133525566	0.0179295337	-0.0651547288	0.1019756211	0.0496261511	-0.077175083	-0.1141688124	0.0643994	0.0008703999999999	0.0041472827203599	7.575961599999885e-07	0.104264	0.0176555999999999	0.0108709816959999	0.0003117202113599	0.0113515	-0.017338	0.000300606244	0.00012885655225	-0.000405716	-0.0002379909999999	5.663971608099999e-08	1.6460547265599997e-07	-0.00215476	-0.00013122	4.6429906576e-06	1.721868840000001e-08	-0.000592975	-2.454400000000004e-05	6.02407936000002e-10	3.516193506250001e-07	0.0	0.0	0.0	0.0
9371.10652085556	28.58726843284785	87817637.42522158	817.2319164516991	8835.024616406825	-31.40355669479868	78057659.97251457	986.1833730834352	6729.811758921078	2.292060017547556	45290366.31051241	5.253539124040101	7051.585787790556	8506.582502168098	1.117811	46.106125	0.11069926	0.0565029	-0.0420895672	-0.0020602542	-0.0292871217	-0.04380526	-0.0773949577	-0.0813882737	-0.0943673666	0.045542435	0.0972911581	-0.068397714	-0.0316107306	0.0747813031	0.0792388041	0.013847965	-0.123609324	-0.0219287359	0.0782869992	0.0108077202	-0.0278634368	-0.0181618205	-0.0763556962	-0.0429279513	0.0478502152	-0.1912296306	-0.0155331332	0.0652426376	0.0577130623	-0.1418682052	-0.0350710979	-0.0501561939	-0.0019366679	0.0186062379	0.0808628723	-0.0098580818	0.0644383445	-0.0197886244	0.0453787282	-0.0402767571	-0.0575579254	0.0185799952	-0.1214663101	-0.0121835676	0.0527138347	-0.0008091803	0.0259284306	0.1062794919	0.0128070281	-0.0341079586	-0.0101242706	-0.0627739636	0.029336988	-0.1175261281	0.0662920483	0.2649263893	-0.0335747947	-0.0119562379	-0.1076722014	-0.0427272666	-0.0646534295	-0.0639874272	0.0082820266	0.0760092733	0.1414068331	-0.1501230125	-0.0034580475	0.0359510068	0.0559342689	-0.130275633	0.0709007827	0.1690048664	0.0402142301	0.0213422824	0.0189250688	0.1160779302	-0.0143599288	0.0304093238	-0.0318446728	0.0332994266	0.0085451055	0.1958842275	0.0742496267	0.1483423933	-0.1536736146	0.0164000351	-0.0076740139	-0.1500499547	-0.1748077993	-0.0857068284	0.0928231883	0.0096775254	-0.1890255314	-0.0632519879	-0.1608069226	0.0802409963	-0.0849237319	0.015188724	-0.1137192548	-0.0137897301	0.026443602	0.1099712913	0.0747341297	-0.1243940856	-0.0140358771	-0.0325041979	0.1039823994	0.0246864683	-0.0011359105	-0.0931739776	0.1571233487	0.0376487256	-0.0342215889	0.1185098915	-0.0305243677	0.07807122	0.1111411842	-0.0690908265	-0.0143835913	0.0503082798	-0.0084043478	0.0500337136	0.1244744926	0.0430159795	-0.0805885827	0.0439097606	-0.1987278508	-0.063717836	0.0270985213	0.001594983	-0.0287341502	-0.0127039236	0.0236596705	0.0709786877	-0.0472813948	-0.0122375476	0.1027583545	0.0223132784	-0.0073260012	0.0010261381	-0.1829984831	-0.077439993	0.0720392262	0.0164506952	0.0205409469	-0.0915148839	-0.0906187051	-0.0694626724	-0.0152820012	0.0483737504	0.020242178	0.0568298549	-0.1065713757	0.1790850841	0.1721244454	-0.0267908153	0.1344190505	-0.0444799755	-0.1790685668	0.2558722993	-0.0491344419	0.0832656469	0.1606205595	-0.0208878895	-0.0107324819	0.0260749802	-0.0783367575	0.0644027323	-0.0860755962	-0.0281419357	0.0227249757	0.0150046518	0.0820149388	0.0715104978	-0.2379541222	0.1290058654	0.0296195687	-0.0015975096	0.0171510992	-0.1100461715	-0.1629964279	0.0455443678	-0.1801234308	0.0716694154	-0.1367856019	0.1637863526	0.0959618876	0.0472291519	-0.081087548	-0.111768338	0.0705319	0.0061324999999999	0.0049747489176099	3.760755624999999e-05	0.0595417	-0.0447222999999999	0.00354521403889	0.0020000841172899	-0.0126858	-0.0240373	0.00057779179129	0.00016092952164	7.13042e-05	0.0004770201999999	2.2754827120803997e-07	5.084288937639999e-09	-0.00204519	0.0001095699999999	4.182802136100001e-06	1.2005584899999955e-08	-0.000463422	0.000129553	1.6783979809000006e-08	2.1475995008400002e-07	0.0	0.0	0.0	0.0
9396.272718058928	25.166197203368935	88289940.99213852	633.3374816788546	8860.57509808677	25.550481679945733	78509791.06883538	652.8271140772425	6764.040089677503	34.22833075642484	45752238.33476444	1171.578626371219	7083.429968245843	9448.556100679183	1.119391	46.171329	0.22372304	0.136675	-0.1108787711	-0.127097345	0.1936935285	0.050329904	0.0961140991	-0.0321242341	-0.0745037871	0.0350450734	-0.0282921703	-0.1563844204	-0.0327952413	0.0973887995	-0.0249632663	0.0232406406	0.0933722863	-0.0221263347	0.0177901247	0.09672367	-0.1297308665	0.0114207304	0.027732664	0.1242084767	-0.1883237395	0.0684770474	-0.0265492267	0.1268015935	0.0920269092	-0.0167087218	0.0052047014	0.1645725218	-0.0104190553	0.0528552138	-0.0832192601	-0.0437354107	0.1311077126	-0.0542390424	0.0123762656	0.0817250106	0.1674371859	-0.1478987405	0.0505760341	0.1752132169	0.1239603998	-0.0927349929	-0.0271896536	-0.0222085136	0.0359018788	0.0311909664	0.10549657	0.0088578206	-0.0841643258	0.0210827381	-0.0148173596	-0.0009909	0.138290243	0.1973025344	-0.088724424	-0.0077951033	-0.1219339587	0.0024338953	-0.0041842798	0.1293280885	-0.043696614	0.0899627642	0.0700907619	-0.0129691125	0.0344543765	-0.0287304477	0.0700871446	0.0127318217	0.0712792095	0.1550493616	0.0740485512	-0.1317707046	-0.1799659073	0.0873056588	0.0270827052	-0.0922488405	-0.0495691838	0.0317218436	-0.0932843066	-0.1574665591	0.008233984	0.0458955559	0.0404073139	-0.0157812645	-0.1317122309	0.0210148935	-0.003524298	-0.0431940474	-0.0102531135	0.0773949264	-0.0497724826	-0.0412348175	0.0539027978	-0.0062577331	0.1730622861	-0.0414368739	0.1602994902	0.0570142059	0.1572224845	-0.0058619087	0.1465461198	0.0585357585	-0.0083027024	0.1166759722	-0.0384147478	-0.0169893952	0.03741986	0.1809115193	0.1634061436	0.021018414	0.0069676761	0.0485564569	-0.1047472166	-0.1263079705	-0.0377565198	0.0496978536	0.0467095116	-0.0339729887	0.0120310692	0.0342200992	0.0258457248	-0.0391921096	-0.077622777	0.0943592201	0.080070027	0.0353363702	0.116275616	-0.1139312349	-0.0195285157	-0.0681437784	-0.0045292217	-0.0673422653	0.1211261725	-0.0153038981	-0.0352147116	0.0677441629	0.2828776518	0.1311921865	-0.1022715506	0.0138376766	0.0610732002	-0.0406407207	0.0310880745	-0.0563920635	0.0663582262	-0.0276121054	-0.0219792218	0.0376554335	0.0990953934	-0.0077538792	-0.0233809665	-0.044874638	0.0037526101	-0.010566174	-0.0268763767	0.1174697542	0.0978215707	0.0210957846	-0.0446457475	-0.1259129019	-0.1003516129	-0.2177153661	-0.0205098857	0.0901541635	0.0437503829	0.0959161796	-0.0526203979	-0.0513054633	0.0459080191	-0.1088679276	-0.2331216796	0.0543170352	-0.042903032	-0.046770136	-0.1863865803	0.0249209294	-0.2448433014	0.087117502	0.0632847211	-0.1083137738	0.1385819175	0.1011748885	-0.0967683799	0.0448090364	-0.0848412804	-0.1088756826	0.0808495999999999	0.0103176999999999	0.0065366578201599	0.0001064549332899	0.108973	0.0494313	0.011875114729	0.0024434534196899	-0.135576	-0.1228902	0.01510200125604	0.018380851776	0.000259985	0.0001886808	3.5600444288640007e-08	6.759220022500002e-08	-0.00233322	-0.0002880299999999	5.4439155684e-06	8.296128089999995e-08	-0.000808388	-0.000344966	1.1900154115600005e-07	6.534911585440001e-07	0.0	0.0	0.0	0.0
9411.849270509572	15.576552450644158	88582906.69079156	242.6289862476685	8826.862083533859	-33.71301455291177	77913494.2417277	1136.567350244841	6769.587594324178	5.547504646675407	45827316.19722781	30.774807804885228	7082.295599933364	9148.98363109456	1.055919	43.553314	0.1107320499999999	0.0540871	-0.0960589991	-0.0790435259	0.1134045544	0.0406245806	0.0853789205	-0.0063472048	0.0686385841	0.1022331809	-0.104535275	-0.0650351872	0.0226710595	-0.0110571643	-0.2587495286	-0.0232600196	0.0674479752	-0.0971514571	-0.0365509939	-0.0260049961	-0.0389605732	-0.0031044362	0.0410533709	0.0661590966	-0.1581066388	-0.152966221	0.0733830764	-0.0433624249	0.0067452986	0.0355045751	-0.0687737123	0.000625212	-0.0452850687	-0.0283182656	0.2055567561	-0.043424029	0.0928382998	0.0390677095	-0.0359943003	-0.0108885358	0.0047557034	-0.1369576827	-0.0376145937	0.161679265	0.0585059263	-0.0519274235	-0.1029113786	-0.0704216375	0.0072713251	-0.0730723055	0.109399309	0.0458282798	-0.0390425003	-0.0146445377	0.062820152	-0.0181324088	-0.0522308492	-0.1698909446	0.1400902094	0.069928679	0.059219585	0.0199765278	0.0301075342	0.1203667359	-0.077780781	-0.0227680974	0.0936401274	0.0591886746	0.0230859233	0.0139597153	-0.0300642771	-0.136915236	-0.0859835574	-0.0687017027	0.0520905897	-0.0937763926	0.1286767951	-0.0109884429	0.1037821666	-0.0619020604	-0.020110067	0.1306639534	-0.0756254454	-0.0446739282	-0.009742933	-0.0512376773	-0.0442117175	-0.0552051439	0.0567203108	0.0733140578	0.0425989857	-0.0361020239	0.0134707101	0.018155231	0.0568104666	-0.1338124013	0.0892411811	-0.0761452246	0.0358829928	-0.0131031634	-0.0509774607	-0.113157778	-0.2182774257	0.027785449	0.1565933515	0.0513903398	-0.0144494135	0.0184081785	-0.0552628821	0.0646531577	-0.0941806599	0.1395086122	0.1032990651	0.010434291	0.0620680516	-0.0156732613	0.000208773	0.1529008166	0.0331164919	-0.1331774273	-0.0459173632	-0.017033556	0.0627851764	-0.0740776558	-0.0303585109	-0.1261632874	-0.0241989869	-0.017254419	-0.0484727833	-0.0089488674	0.0681840858	0.0338061385	-0.0354577124	-0.1385697834	0.1804784691	0.0035437739	-0.1195376123	-0.0599906776	-0.060639319	-3.50594e-05	-0.1560226163	-0.0408946903	0.0078568548	-0.0569041749	-0.1963011931	0.0461438844	0.0334136233	0.041569426	0.0857229954	-0.0004609343	-0.045409096	0.1233628	0.0046444686	-0.0137036744	-0.0199063167	0.0950329119	-0.0122481809	-0.0522289376	0.0711142679	0.0238334775	-0.0189985997	-0.041044885	0.0059688416	-0.1035894924	-0.0608148569	-0.1430294695	0.0420872845	-0.0112166042	0.0159674473	0.0941022011	0.0451831238	-0.0133818999	-0.1118593901	-0.0851978172	0.0945818077	-0.0419629378	-0.0351757054	-0.0550863816	0.0117561012	0.1015809022	0.0468306963	-0.0559534398	0.0924072594	0.0918169648	-0.1126737643	-0.1407779099	0.0566458037	0.0423669894	-0.0884289321	-0.1055035841	0.0961717	0.0153221000000001	0.00924899588089	0.00023476674841	0.132267	0.0232939999999999	0.0174945592889999	0.0005426104359999	-0.0952194	0.0403566	0.00162865516356	0.00906673413636	0.000473004	0.000213019	4.5377094361e-08	2.2373278401600002e-07	-0.00271765	-0.0003844299999999	7.385621522499999e-06	1.477864248999999e-07	-0.000846126	-3.773799999999994e-05	1.4241566439999955e-09	7.15929207876e-07	0.0	0.0	0.0	0.0
9414.334870254132	2.4855997445592948	88629701.04928288	6.178206090153232	8885.139599981596	58.27751644773707	78945705.7111611	3396.268923316265	6775.514571197618	5.926976873440253	45907597.70451125	35.1290548582956	7098.4793032571	9417.346523133472	0.990408	40.851166	0.0810745999999999	0.0490881	-0.1258757854	-0.0881592006	0.1591881482	0.0489039381	0.0199278795	-0.0560404569	0.0024510287	0.0613557485	0.0223431977	0.0399724142	0.1403610837	0.045947422	-0.0524941276	-0.0339834107	0.1027469989	-0.0075113641	-0.0281342975	-0.0317837041	-0.0740619023	-0.0489301086	0.0325422071	0.0129656629	-0.0551646912	0.0095521794	0.0878938737	0.0367669553	-0.0158886841	0.0094517934	-0.0208716369	0.0101731771	-0.1773541424	-0.016543069	0.0205303339	0.0793029294	0.0680788925	0.0490552292	0.0283130895	-0.0723310518	0.1600912969	0.0397344137	-0.1762559626	0.2086938438	0.0464731799	-0.0859945124	-0.065155728	-0.049170397	-0.1165409548	0.0688226456	-0.1105565933	0.0201606122	-0.0515999933	-0.1510350704	0.0412077125	0.0807729099	-0.0085057731	-0.1361823051	0.0062196059	-0.0727018476	-0.13302296	-0.0385756974	0.0501036164	0.0285944118	-0.0093757975	-0.0480035698	-0.064185441	-0.1259621234	0.0114924641	0.0081216038	0.0904529481	-0.0138558167	-0.0332447831	0.0507826848	-0.0373988471	-0.0283405679	-0.0789881779	-0.006522163	0.1004702163	0.0601664428	0.0053329984	-0.0720983072	0.0007628608	-0.0348425505	-0.0256427157	-0.0203908081	-0.0293243848	-0.0205000157	0.0643678621	-0.0705452213	0.0405014214	-0.0352939813	0.1632252836	-0.0325895298	-0.1086129206	0.0358186374	0.1429931711	0.0513078631	-0.0503677473	-0.0783388639	-0.047357824	0.0512151073	-0.1743665987	0.0742178695	0.1479936018	0.0931486816	0.0167953115	-0.0381289229	-0.0457042409	-0.140374122	-0.1248179406	0.1199690665	-0.0505083774	0.0012326616	0.0040520266	0.0733690588	0.0976000442	0.0271362136	-0.1296575298	-0.0070864232	-0.012778339	-0.0228765825	-0.0295388959	-0.103333342	-0.0553670877	0.0108571886	-0.0689803213	-0.04838677	-0.0476357155	0.1175961041	0.0626228807	-0.0466861363	0.0643407035	-0.0394484524	-0.0154821988	0.0308317101	0.0592348613	0.0462071664	-0.0998956393	-0.0057760325	0.0527228649	0.0721007202	-0.0475631893	0.0869092148	0.0825335392	0.0380936242	-0.0046388392	0.0308178736	0.0520630959	-0.0029756043	0.0289782702	-0.0081382841	0.0125464008	0.0488012985	0.1269616342	0.061254554	-0.0103353229	-0.1242631498	0.0520325614	-0.0794568309	-0.0731390065	0.0268184457	-0.0510650054	-0.1322679131	-0.1182625783	-0.1741439877	-0.08214855	0.0274555989	-0.0319383293	0.0682944241	-0.0258421644	-0.0746610837	-0.1779870854	0.0535393769	0.0207022196	0.0513606883	-0.0034910597	0.0768169567	-0.0858769667	0.0120444808	0.0061498063	0.0629584771	0.0697017715	0.0011701811	-0.0499936243	0.0627657817	-0.0098934252	0.039904206	-0.0918434799	-0.1016668918	0.0992722	0.0031005	0.00985496969284	9.613100250000036e-06	0.0864087	-0.0458582999999999	0.00746646343569	0.0021029836788899	-0.110179	-0.0149596	0.00022378963216	0.0121394120409999	0.000642058	0.000169054	2.8579254916000013e-08	4.1223847536400004e-07	-0.00268832	2.932999999999972e-05	7.227064422400001e-06	8.602488999999835e-10	-0.000701386	0.0001447399999999	2.0949667599999992e-08	4.91942320996e-07	0.0	0.0	0.0	0.0
9390.316169977606	-24.018700276525124	88178037.7721429	576.897962973548	8817.549251671315	-67.59034831028112	77749174.80564937	4568.455184705122	6769.250590779107	-6.263980418510982	45822753.56076329	39.23745068348902	7084.777361069817	9297.984689913848	0.977662	40.325455	0.0347495	0.0237369	-0.0986290021	-0.1185995562	0.1944721807	-0.0224002835	0.0797361402	0.1419450626	-0.0281823291	0.1121372057	0.0790276319	-0.0551814359	0.044098661	-0.0853790801	-0.0791376754	0.079514137	-0.0022640166	0.0215498725	-0.0160342314	0.0386710453	0.0260870068	-0.0362584576	-0.1406881048	0.0150483797	-0.0761511678	0.0539292635	-0.0150340439	0.0006027926	0.0042616365	-0.052823376	-0.1904821389	0.0304001887	-0.0671213268	-0.0312165552	0.0174143331	-0.0804060349	-0.1158696242	-0.0257580475	0.0530591103	0.0887251122	-0.0044686735	0.0679171048	-0.0125869303	0.1982422226	0.1031893583	-0.0999469886	-0.0291310212	0.0483052956	-0.0214599218	-0.0377552858	-0.0578352264	0.0694690804	0.0015501896	0.0271046861	-0.0895707077	-0.0706049629	0.0521546304	0.0837656524	0.0554787672	-0.0140773278	0.0099764649	0.1133350304	-0.0168429906	0.066616474	-0.0691490483	0.0021777111	0.0913908736	0.0390340612	0.0040613554	-0.1040972252	-0.2182266456	0.1657935874	-0.0828365402	0.0430791328	0.0104838206	-0.0215130871	0.0667537533	-0.0134306748	0.1991174474	-0.0266599191	0.0289893482	0.015115623	0.0027963366	-0.092148215	0.2471584488	-0.1401519095	0.0068084793	0.0219126829	0.054897544	-0.0212743168	0.0312402052	-0.0144585158	0.0234927972	-0.0728791424	-0.0757826275	0.1008667201	-0.1635938294	0.0366786116	-0.0921252056	0.0960057198	-0.0455811781	-0.0843062953	0.054707545	0.0704326136	0.1332094322	0.1673500256	-0.0937537604	0.0579082089	-0.0347516968	-0.0582292509	0.0372504385	0.1106686355	-0.0116728236	0.0218249768	0.0208216191	-0.102720033	-0.0328722942	0.0699231949	0.0083135215	0.0028764019	-0.0151550119	-0.0461079333	-0.0256974929	0.0811949595	-0.1046333931	0.0453317312	0.0890068279	0.0993088277	0.0666700726	-0.1119030229	-0.0303072946	-0.1013430682	-0.0007107176	0.0507681676	0.2032725677	-0.0809183555	-0.0746621705	-0.1961704169	0.036857751	0.0050339431	-0.1108092629	-0.0003934432	0.0331898275	0.1011212391	-0.0913343187	-0.093241593	0.0146817851	0.0308753076	-0.0194235899	-0.090289519	0.0479091381	-0.0855250916	0.3105661333	-0.0477262522	-0.1127622684	-0.0147697915	-0.0469069136	0.0368484283	-0.0126272676	-0.0865284697	0.130984307	-0.092943212	0.0229597221	-0.1219937484	-0.1085520295	-0.1798704726	-0.0502110281	-0.0478929799	0.084179255	-0.0251199886	0.018719547	-0.0549902862	-0.0421859102	0.0183137546	-0.0363776018	-0.0103967808	0.0047381181	0.0932728145	-0.0277846127	0.0212861983	0.0429160557	-0.0552911257	0.1114737001	0.1147285103	-0.0393769641	-0.1171050018	-0.0501535927	0.0374218916	-0.0950782398	-0.0973825011	0.0953475	-0.0039247	0.00909114575625	1.5403270090000026e-05	0.108115	0.0217062999999999	0.011688853225	0.0004711634596899	-0.118914	-0.008735	7.630022500000012e-05	0.014140539396	0.000642058	0.0	0.0	4.1223847536400004e-07	-0.00268065	7.669999999999986e-06	7.185884422500001e-06	5.882889999999977e-11	-0.000701386	0.0	0.0	4.91942320996e-07	0.0	0.0	0.0	0.0
9388.79307742442	-1.5230925531868706	88149435.4506927	2.3198109255733006	8890.227429414479	72.67817774316427	79036143.74671358	5282.117520066979	6765.317206373156	-3.933384405951074	45769516.90284869	15.471512884979084	7086.836300369445	9055.862991849768	0.987629	40.736534	0.0444844	0.0254459	-0.0731172884	-0.1127354195	0.1337722187	-0.0584343778	-0.0156008346	-0.0110095738	0.1142974406	-0.0663777526	0.0050797235	-0.1698332433	0.0974312754	-0.0651381897	-0.0137789651	0.0034009638	0.0035012348	-0.0363356835	0.0463934403	0.160520319	-0.0043178863	0.0087533266	0.0573041586	0.0015790128	-0.0105975799	0.0754631895	-0.0368127771	0.0646997639	0.0641889966	0.0470352755	-0.2194546064	0.2106391448	0.0759737975	0.0749658297	-0.0389451245	0.1418146556	-0.0724028558	0.0204964385	0.1250219331	-0.0290951623	-0.1446247777	-0.0608116236	0.1049871663	0.1631050916	0.102380045	-0.0697611011	-0.1023809451	0.1326396562	0.0112607112	0.002297647	0.0975382772	0.0663841785	-0.0849769378	0.0476295068	-0.1276325618	-0.1120386582	-0.1031805085	0.1198811342	0.0213894517	-0.0338987607	0.0169797684	0.045600283	0.0230987328	0.0031335277	0.0042486871	-0.0442152965	-0.0265970952	0.0766030402	-0.04518604	-0.0092588952	-0.0486993448	-0.0479970501	-0.0891208009	0.039326674	0.028295122	0.0007307956	0.1520898087	0.071171534	-0.1407020634	0.0539339522	0.0287656776	0.0267879369	0.0206756128	0.0071535785	-0.0464473186	-0.0701671692	-0.0500361789	0.008058236	-0.0630245226	0.0325627728	-0.1044244095	-0.2168317751	0.0220288702	-0.0493471727	0.0073373867	0.1057412884	-0.0035763245	0.105617891	-0.1261680645	-0.0312029133	0.090720938	0.1157087694	-0.1995990958	-0.0337464723	0.1014838622	0.077672431	0.0710899046	0.0419074679	-0.1416282555	0.0320983318	0.0408711765	0.1744633485	-0.0168449076	-0.0933992529	0.0481723583	-0.037932406	-0.0436414119	0.0823769912	0.0937675007	0.042509106	-0.1336004961	-0.1052803252	-0.078321609	0.0866587968	0.0467235199	0.1073449518	0.0870265829	0.1305663535	-0.0274776818	0.0253268058	-0.0127056755	0.0485021504	0.0271558306	-0.0086072724	0.0711900092	0.0059427284	-0.0564859677	-0.0678883392	0.0498229812	0.0629802298	-0.001685016	0.0043212136	-0.1363785438	0.0475412077	0.0269046581	0.0535850528	0.0076528731	0.1216689739	0.0627807525	-0.0923077042	0.0888565288	-0.0181005216	-0.1581197462	0.1133554105	-0.0035918965	-0.0162115902	0.1325073462	-0.066866422	-0.1035713689	0.0548459514	0.0023044169	-0.045796769	0.2078384149	-0.1088197298	-0.0812073885	-0.1812062838	-0.0537709325	0.0111883072	-0.1460789105	0.0017274506	-0.0446292703	-0.0006930497	0.0114748885	-0.0692560348	-0.0231011595	-0.0307690626	-0.0557460561	0.1309755826	-0.0204666305	0.0443008595	0.0165209031	0.0522141927	-0.0002843775	-0.0260248485	-0.070388941	-0.0549855723	-0.1231240403	0.0349212611	-0.0981268796	-0.0926692784	0.0930199	-0.0023275999999999	0.00865270179601	5.417721759999996e-06	0.0959516	-0.0121634	0.0092067095425599	0.00014794829956	-0.0985204	0.0203936	0.00041589892096	0.00970626921616	0.000587662	-5.439600000000007e-05	2.958924816000007e-09	3.45346626244e-07	-0.00281825	-0.0001375999999999	7.9425330625e-06	1.893375999999997e-08	-0.000701386	0.0	0.0	4.91942320996e-07	0.0	0.0	0.0	0.0
9403.295861657774	14.50278423335476	88421973.06187023	210.3307505192434	8854.138684543943	-36.088744870536175	78395771.84513754	1302.3975063306511	6770.41521782954	5.098011456383574	45838522.22181781	25.98972080941817	7085.918022425557	9248.989412674136	0.99525	41.050907	0.04314325	0.0232682	-0.0959618769	-0.1093481181	0.1477976287	0.0339411346	0.0236438087	-0.0376072754	-0.1068163693	-0.0157594409	-0.0753961397	-0.1566022722	0.0420558837	0.0473703661	-0.0565342607	0.0106458249	0.0926948743	-0.0540981455	-0.026142017	-0.0262379911	-0.1825971588	-0.0615673435	0.1396366739	0.0419188153	0.1045399942	-0.0255069408	0.0979991344	0.014672115	-0.1438607337	0.0695450521	-0.0134533842	-0.0017962222	0.0463121196	-0.0496406574	-0.0243862214	0.0101423289	0.0352568804	-0.0293768577	-0.0234875423	0.0251600175	0.0531720758	-0.0099383466	0.0881660567	0.1899234668	0.1056028083	-0.0456657257	-0.1098214732	-0.085725792	0.0825549711	-0.0715936786	-0.0083635553	0.0010555632	-0.004240727	0.003019488	-0.1425605697	0.0363105078	-0.132411941	0.101116065	-0.035850247	-0.0280661283	0.040558013	0.0179532444	0.0505168667	0.0683954032	-0.1903591486	-0.0408363504	-0.0174711296	-0.1772173793	-0.0665896689	0.0984639139	-0.0009876668	0.033069365	0.111015995	0.0930482441	0.027971644	0.0146786709	-0.0878926167	-0.1058787633	0.0653720548	0.1506044253	0.1374734105	0.0059610004	-0.0387538892	0.2113737752	0.049586298	0.0174800654	0.0301093003	0.0261952391	-0.0501085801	-0.1303536842	-0.1022558652	0.0350161722	-0.0804692771	0.1007178238	0.1142217901	-0.0121048217	-0.0754299759	-0.0300039038	-0.0739735382	0.1395728469	-0.0318359781	0.0530754449	-0.1368386717	-0.0136945524	0.1574682751	0.0493494142	0.0399558555	0.1514864874	0.0279577981	-0.0237593219	-0.0499719015	0.1685919773	0.0540909303	-0.0211910003	-0.0021366205	0.0052268931	0.0359029214	0.0117410536	0.0730047697	-0.0110390904	-0.1217137773	0.0855829257	-0.1547485508	-0.0395667462	0.140302018	-0.0068481207	-0.0174148034	-0.0898866535	-0.045734161	0.0201593807	0.0433201313	-0.1681606048	-0.1213609069	0.0479843809	-0.0183722893	-0.1372804039	0.0273260275	0.0023410059	-0.0722682799	0.0255266672	0.1333489011	-0.0967081466	0.13026084	0.0440409324	0.0846524147	0.0619471225	-0.0440921988	-0.0364180165	0.0619370082	-0.0526138968	0.004977604	0.0026138829	-0.0386223616	-0.1413995468	0.1084698468	-0.0440954784	0.0506340521	0.0745454363	0.0338015485	-0.008364917	-0.0020251667	-0.1461585326	0.1110689102	-0.1218171014	-0.0781075365	-0.1663273246	-0.0900447461	0.0487827803	0.0730541213	0.1150222285	0.0084995788	0.010965105	-0.0118408406	-0.107368006	0.075941036	-0.048949263	-0.0757079161	0.0683082531	0.0062842253	0.0420632141	0.0900336736	0.0047838501	0.0423463734	0.0609633224	-0.0111167246	-0.0004219627	0.0056532167	0.0324035386	-0.1009834314	-0.087547979	0.0963919	0.003372	0.00929139838561	1.1370384e-05	0.0774769	-0.0184746999999999	0.00600267003361	0.0003413145400899	-0.110583	-0.0120626	0.00014550631876	0.012228599889	0.000642058	5.439600000000007e-05	2.958924816000007e-09	4.1223847536400004e-07	-0.00280218	1.6069999999999973e-05	7.8522127524e-06	2.5824489999999916e-10	-0.000587173	0.000114213	1.3044609369000012e-08	3.44772131929e-07	0.0	0.0	0.0	0.0
9420.714598724871	17.418737067097027	88749863.55062792	303.4124010126599	8852.03332748245	-2.105357061493123	78358494.03086	4.432528356378959	6777.800181516693	7.384963687152776	45938575.30056771	54.53768866056513	7090.024261487839	9249.069176328128	1.008171	41.583839	0.06656945	0.0345924	-0.1053573745	-0.0786211331	0.1359206862	0.1025490422	0.0475694493	-0.0661034456	0.0240518625	0.0293712338	-0.0702809265	0.0507363151	0.0983331713	-0.0446196916	0.1253931657	0.1045893479	0.0914507207	0.093879628	0.0277001757	0.0240034398	-0.0402028591	0.0318005432	0.0313297398	-0.0623167318	0.0228089195	-0.0265971097	0.1943267711	0.0954822388	-0.0201673126	-0.0552836667	-0.0798671094	0.0428719159	0.0496880064	0.0189994413	0.039016771	0.1296362199	-0.0141233985	0.1834306981	0.0486386108	-0.0439375636	-0.0340072599	-0.0248171455	0.0334373013	0.1886479057	0.0023066382	-0.0894825348	-0.0736910822	0.0024121084	0.0037154213	-0.0002707355	-0.0336518393	-0.1607787591	0.0326257722	0.0027070382	0.103480355	-0.052817108	-0.0472504462	-0.0502999872	0.1139697642	-0.0062415243	0.1729269497	0.0001154529	-0.010288765	-0.017419547	-0.0228158409	0.0883697081	-0.0141270013	0.0492408635	-0.0065044771	0.0435226561	-0.0984974016	0.0125987403	-0.0996430198	-0.1456031186	-0.0702650115	0.1372366541	-0.0247892671	-0.2112109217	0.0557522813	0.024253845	0.0409427029	-0.1416132382	0.0546070769	-0.0941287006	-0.0411334249	-0.0475960779	0.0115912388	-0.2026788408	-0.0652482665	-0.0324175145	-0.2300400043	0.0848368163	0.0351278541	-0.0515878386	0.114057578	-0.0445275202	-0.0148604112	-0.195347684	0.0490705993	-0.0024330615	0.1135455534	0.031001332	0.1447812597	-0.0946986989	0.1584022397	0.0509434801	0.0334845712	-0.0457993003	-0.0559397875	0.026220073	-0.1390118735	0.1213631256	-0.0210198186	-0.0113141141	0.0420897168	-0.0147217612	0.1840639629	-0.0138655792	0.0407660515	0.0332515631	0.1122460424	-0.0516261665	-0.0587946389	0.0263619134	0.0359966159	-0.0241356176	0.1285904182	-0.0903852614	-0.0166939567	-0.1261490196	-0.0448701921	0.0676309723	-0.0065530533	-0.0022212895	-0.1959197164	-0.0375689764	0.0507463443	-0.013769549	-0.1193389196	-0.0603015375	-0.1796473095	0.0176476788	0.1501165021	0.0152061508	0.0840524113	-0.1580312502	0.0276966642	0.1483623975	-0.0183305833	0.0518342294	0.1212156732	0.0465185514	-0.0107033266	-0.1226125652	-0.1034786027	-0.0737222259	-0.0069461807	0.1088592398	0.0273780257	-0.0691323903	-0.0912885518	-0.0414807526	-0.0482248005	-0.114396749	-0.0875711875	-0.1518849428	-0.0188609053	0.0435483305	-0.116283843	0.037324028	0.1376052622	-0.0393114745	-0.103294094	-0.0528801595	0.0953460768	-0.0094310377	-0.0593754966	0.0310960677	0.0581937453	-0.0099694451	-0.0153648119	0.0690731454	-0.0769182469	-0.0546561208	-0.0405609604	-0.0405755819	0.0125730842	0.0298699563	-0.1036423034	-0.0820411548	0.096865	0.0004731	0.009382828225	2.2382361000000386e-07	0.101532	0.0240550999999999	0.010308747024	0.0005786478360099	-0.096049	0.014534	0.000211237156	0.0092254104009999	0.000250406	-0.000391652	1.5339128910400004e-07	6.2703164836e-08	-0.00284646	-4.427999999999984e-05	8.102334531599999e-06	1.9607183999999852e-09	-0.000701386	-0.000114213	1.3044609369000012e-08	4.91942320996e-07	0.0	0.0	0.0	0.0
9414.889135147409	-5.82546357746287	88640137.42711672	33.93602589234649	8799.112946767478	-52.92038071497154	77424388.64997105	2800.566695017532	6780.8771086943225	3.076927177629841	45980294.36321467	9.46748085643714	7092.432477585692	9266.565709404214	1.011592	41.724964	0.0437267499999999	0.0208796	-0.1179494561	-0.0656867631	0.1261817089	-0.0171338366	-0.1153752242	-0.00025981	-0.112767779	0.1136475715	0.0487847067	0.0863175403	0.0938073683	-0.026535382	-0.0152245281	0.0112429006	0.0380312672	-0.0414406252	-0.0210370979	0.1127845864	0.0502101822	0.0030402766	-0.1044997625	0.069136015	-0.092407674	-0.03750406	0.1296353186	0.0581040753	-0.0759165227	-0.1325625336	-0.0775898646	0.0693670048	-0.0502521547	-0.0087071593	-0.0835545221	0.1046781006	-0.037625672	-0.0810293298	0.1018525547	-0.1232484871	-0.047384255	0.0396106234	-0.129863412	0.1928943569	0.0164138562	-0.1364342152	-0.0136539592	-0.1038394765	-0.053971698	-0.0702545012	-0.0698502118	0.083749404	-0.1546458674	0.0705801429	0.1707704302	0.0798978428	-0.064926523	-0.0492292703	0.0472033432	-0.1440001348	-0.0564880137	-0.0832709191	-0.0179564608	-0.0764230077	0.0689295024	0.0244214219	0.0337021472	0.0764729143	-0.0785514269	-0.0533383447	0.1369418054	-0.0977378045	0.0291978792	0.0367168738	0.0461829986	0.049861498	0.081028686	0.1443619849	-0.1223140768	-0.0293481727	-0.0167178415	-0.0158946779	0.069061899	-0.1313130331	-0.0655673384	0.0530269098	0.0454039826	0.0522958484	-0.025237196	-0.070372234	-0.1014594355	0.1020140425	0.0294563706	0.1050022125	0.1112877964	0.0192527366	-0.080331781	0.050819417	-0.0870584052	-0.038929285	0.1122262267	0.0078748129	0.0271275432	-0.032029753	0.0768189884	0.1566781194	0.0852423019	-0.0166041419	0.0709062318	-0.19858877	-0.1538956917	0.1212133491	-0.0149331463	0.0787750172	-0.0378437654	0.0483239827	0.0767878223	0.0300416662	0.0775363217	0.1286573147	0.0206596835	-0.0839751674	0.111416404	-0.0348162291	-0.0219940077	-0.0022677021	-0.0435554084	-0.0099414451	0.0115169698	0.0331727434	0.029533099	0.1442474994	0.0604630774	0.0563638282	-0.0717456305	0.0497552376	0.0533089454	-0.0537630614	0.1735619563	-0.117728767	0.1180797854	-0.0565791827	-0.1064184643	-0.002569851	0.0048572248	-0.1402484075	-0.0622585964	-0.0595948362	0.0219739119	-0.0451415443	0.016735555	-0.0908684787	-0.0317135324	0.1464257471	-0.0610852757	0.0031121643	0.0096873042	-0.0658728957	0.1270775044	-0.1223799551	-0.1074073336	-0.102871018	0.0604881354	-0.1227211016	-0.0999873074	-0.1321205041	-0.0923647038	0.0211249534	0.0100952383	0.0644060198	-0.02216322	-0.1010439893	-0.1353732484	0.0958111571	0.0792424938	0.0153901407	-0.0119308613	0.0236477653	0.0695940786	-0.017821468	-0.0071277164	-0.0197255036	-0.0332568542	-0.0302202159	-0.0362671587	-0.0123390008	-0.0005249593	0.0273217542	-0.1060982907	-0.0761730556	0.0988475	0.0019824999999999	0.00977082825625	3.930306249999992e-06	0.0860637	-0.0154682999999999	0.00740696045769	0.0002392683048899	-0.0917248	0.0043242	1.8698705640000004e-05	0.0084134389350399	0.000512494	0.0002620879999999	6.869011974399999e-08	2.62650100036e-07	-0.0028135	3.295999999999985e-05	7.91578225e-06	1.0863615999999901e-09	-0.000557399	0.000143987	2.073225616900001e-08	3.10693645201e-07	0.0	0.0	0.0	0.0
9382.764400683547	-32.12473446386139	88036267.79873449	1031.9985643736036	8845.926755402037	46.81380863455888	78250420.16193761	2191.5326788731	6775.251092927481	-5.626015766841192	45904027.37221503	31.652053408745687	7096.379216691278	9165.388473094465	0.982154	40.510738	0.0427587999999999	0.0278863	-0.0871759129	-0.097421209	0.1562320766	-0.0706916856	0.1159724191	0.1935956688	-0.0042497127	0.0358039159	0.1089034354	0.0364369098	0.0919438833	-0.0579101177	-0.0467103692	0.0054747052	0.0006402027	-0.0329682267	0.0316661639	0.0811302616	-0.0688779161	-0.0053759033	-0.0536400152	0.0288587025	-0.0748595782	-0.063234659	0.0962404929	-0.0032906659	0.1287901423	0.1053141266	-0.2366813738	-0.0156444725	0.0410365152	-0.2207157207	0.0003263654	-0.0910643839	0.0671837749	-0.0114154056	-0.0287026088	-0.0074747028	0.0508902759	0.0642737058	0.0543256774	0.161243744	0.0469359744	-0.1690067359	0.0657177655	0.0052576823	-0.0677497925	-0.0159663625	-0.0020554077	-0.0290842603	-0.0289158318	0.0995579474	-0.0366424989	0.058762638	0.0154667296	-0.193143679	-0.0706534261	0.0390133688	0.1772821743	0.0133382083	0.0075136745	-0.0258199798	-0.0004203449	0.095719878	-0.108782165	-0.0502720039	0.0223244343	0.1188528074	-0.0205320785	-0.0515096959	0.1610213002	0.0624662765	-0.0487379253	0.0997130878	0.0203121218	0.0332169773	0.0532190808	-0.0379389862	-0.0630639357	0.0814890127	-0.1430927469	0.0722541844	-0.0709776394	0.0309362413	0.0805467611	-0.044633421	0.0549799127	0.1553719223	0.1179747159	0.0413505978	-0.0490928535	-0.1502315449	-0.0518674023	-0.0312456437	-0.0371607627	-0.1340382788	-0.1003633034	-0.1173947587	-0.0945797881	-0.0174053174	-0.0043185149	0.0112654421	0.0762510321	0.2025724281	-0.1735838725	0.002139801	-0.0353630191	-0.0634004305	0.0063047655	0.0616460766	-0.0221537202	0.0625997629	0.100512831	-0.0650386842	0.0643407904	0.0228417506	0.1024865941	-0.0080591036	-0.0465295513	0.024340612	0.1127816794	0.0206971042	-0.0022118086	0.0085270442	0.0888912632	-0.1731845339	-0.0064235391	-0.0575983554	-0.1162989976	0.1025562535	-0.084018857	0.0315217849	0.004447382	-0.106940613	-0.0121101655	0.1118907725	0.0091607362	0.0724520071	-0.0216663964	0.1594282048	0.0508239307	0.092732336	-0.1055859796	0.0490500753	-0.0060650488	-0.0268186352	0.0363609982	0.1110509045	-0.1703201219	-0.0348099168	-0.0569207125	-0.1282703484	0.0853677077	-0.0200663094	0.1508159523	-0.0747216584	-0.0538602448	0.0303374416	0.0656125134	0.1323744275	-0.1564631364	-0.1058796011	-0.0921154352	-0.1575075866	-0.0539411018	-0.0496345026	0.0932181889	-0.0258181319	0.0374683514	-0.0851550407	-0.0632165778	0.0818072849	-0.0288749825	0.0207155686	-0.0375957451	0.0526617309	0.1260622905	-0.0348946065	0.0379850767	-0.0700289365	-0.1043560607	-0.1060781311	-0.0299634933	-0.0634300948	0.0518881091	0.0247601796	-0.1083465856	-0.0699695221	0.0988228	-2.4700000000002494e-05	0.00976594579984	6.100900000001234e-10	0.113123	0.0270592999999999	0.012796813129	0.0007322057164899	-0.0944989	-0.0027741	7.695630810000008e-06	0.00893004210121	0.000307613	-0.0002048809999999	4.197622416099998e-08	9.4625757769e-08	-0.00285389	-4.038999999999996e-05	8.1446881321e-06	1.6313520999999963e-09	-0.000544656	1.2742999999999956e-05	1.6238404899999888e-10	2.96650158336e-07	0.0	0.0	0.0	0.0
9358.566960741617	-24.197439941930497	87582775.55868457	585.5160997433334	8841.02899362759	-4.897761774447645	78163793.66616367	23.98807039924054	6756.288883485333	-18.962209442148374	45647439.47710749	359.5653869279011	7077.757046353243	8888.231853742769	0.973788	40.165665	0.059664145	0.0277357	-0.0551125241	-0.1086167731	0.109305546	-0.1154568626	-0.0655010675	0.0980877528	0.1161577252	-0.0336983873	0.0750936998	-0.0384701208	0.0318816515	0.0407709468	-0.00601586	0.0859370643	0.0595537578	-0.0128146678	0.1386987306	-0.0062268697	-0.1359385921	-0.0584681038	-0.0501780927	0.0477238233	-0.207699444	-0.009569372	0.0453938204	-0.0240877134	-0.1035978802	0.021424008	-0.1390046662	0.0871245016	0.0417124069	0.0082922057	-0.082245248	-0.0310281513	-0.1714973766	0.0749176942	-0.1041395658	0.0299481665	-0.0025871323	0.1605761811	-0.0561944304	0.1301923021	0.1476096363	-0.1620483323	0.0411576578	0.0516525747	-0.0202472721	-0.019509529	-0.0505656453	-0.0688062439	0.065690687	-0.0515342684	0.0316377749	-0.0640340979	0.0835797051	-0.0563632112	0.000142381	0.0562630416	-0.0392374704	-0.0925881884	-0.0585187411	-0.0901670636	-0.0218749506	-0.0762162609	-0.0184109656	0.022761925	0.1914755147	-0.0078165863	-0.0698350241	0.0484830225	-0.0138127029	0.0563956981	-0.1493452302	0.0820067705	0.1098747149	0.0373126431	-0.1650760718	-0.0957227559	-0.0418122472	0.0613794048	0.078461009	0.0118519863	-0.01604943	-0.0100499408	-0.0580657637	0.0136857466	-0.0235850721	0.0842765577	-0.0432922627	-0.1129823908	-0.0836805471	0.0433680246	0.0481928676	-0.0957674615	-0.1014946164	0.1571501453	-0.0329256032	0.0921728139	-0.0511322736	-0.1454779689	0.0920438482	-0.0470395684	0.0012167818	0.1690965079	0.0013268606	0.0501717393	-0.1649346147	-0.0201143581	0.0105386397	0.1312892779	-0.0604280233	0.0475275494	0.0848429176	-0.0111719818	0.0386401241	-0.0625919988	-0.0887296502	0.1147800924	-0.0071711879	0.0104559924	0.0150772742	0.0145195468	0.0186817002	-0.0559559068	0.0015642125	-0.0262637893	0.1181060255	-0.117996612	-0.0361364071	0.0242356103	0.0522644164	-0.0275879543	0.0553365246	0.1404226818	-0.0061101448	0.0552638742	0.0471765994	0.0473085091	-0.1063767166	-0.0952903096	0.0162710255	-0.061082328	-0.0318713039	0.0069868523	-0.0628817072	-0.0482135158	-0.0127621127	-0.0582254222	0.1645540226	-0.00798562	-0.1258697655	0.083382181	-0.0443541388	0.0352572605	-0.0724150472	0.199965102	-0.0723242517	0.0363043266	0.1513375449	-0.0072601899	-0.1120421104	-0.0897598603	-0.0460167692	-0.1655788313	0.0006363877	-0.0325720321	-0.0382109816	-0.1097254413	0.0924637527	-0.0187011063	0.0346140724	-0.0149882108	-0.0345418389	-0.0450147213	-0.024885743	-0.0029020496	0.1801990023	-0.0263175523	0.0106813684	-0.1431785018	-0.0672433913	0.0614925443	-0.0298342222	0.0316504917	0.1287764526	0.0221864862	-0.110382787	-0.063457872	0.0952584	-0.0035644	0.0090741627705599	1.2704947360000066e-05	0.119509	0.006386	0.014282401081	4.078099600000004e-05	-0.0770412999999999	0.0174576000000001	0.00030476779776	0.0059353619056899	9.42801e-05	-0.0002133328999999	4.551092622240999e-08	8.88873725601e-09	-0.00312895	-0.00027506	9.7903281025e-06	7.565800360000009e-08	-0.000701386	-0.00015673	2.45642929e-08	4.91942320996e-07	0.0	0.0	0.0	0.0
9370.838320800302	12.271360058684875	87812610.83457941	150.58627768988651	8879.415949656805	38.38695602921507	78844027.60701965	1473.5583931888914	6748.800817631391	-7.488065853942317	45546312.47606213	56.07113023297688	7072.85268570261	8821.036758697022	0.979618	40.406124	0.057052475	0.0309202	-0.045005233	-0.1046414478	0.0864739075	-0.0945944337	-0.1235395799	-0.0167065009	-0.0490638962	-0.1208800359	0.0412914742	-0.1153156389	0.036724251	0.0406826194	-0.0530149686	0.0570274124	0.061400327	-0.0336145085	0.1668435628	-0.0361208608	0.128281781	-0.041489727	-0.1594084943	-0.0814415039	-0.0705330557	-0.0447694883	0.0201163075	0.0688939962	-0.0190016039	0.0396995221	-0.0527573616	0.0588930859	0.1321959785	-0.010297084	-0.1548925101	0.0881112088	0.0091988122	-0.0180483261	0.0827702959	-0.0614566216	0.0584324019	-0.0242816421	-0.1327118992	0.1144426152	0.1422841888	-0.0404997299	0.0001021791	0.1218683537	-0.0082493115	-0.0020664106	-0.047644867	-0.025470538	-0.1069783122	-0.0243919766	-0.0329118861	-0.0518789925	0.0292180943	0.1367909669	0.047873757	0.0568387812	0.0483544426	-0.0251921871	0.1090745429	-0.0925945335	0.1016148204	0.0284805793	-0.042937803	0.0894037072	0.1273421499	-0.1004815115	-0.0277109172	0.1558616783	0.0858879689	-0.0166437998	-0.1647464575	-0.0014604098	-0.0218879334	-0.0506156814	-0.0159155975	-0.1032360623	0.0731786533	-0.0717506874	-0.013690318	0.0354561924	0.1148508492	0.0948427141	0.0112047477	0.1440632994	-0.0311578229	-0.0589299496	0.1706781171	-0.0257343826	0.0884002511	0.000570479	0.0066448184	-0.0469558899	0.0458683594	-0.0751981612	0.150182691	-0.0083040458	-0.0710275332	0.0747457644	-0.033663212	-0.0236835044	0.0145186048	0.0538174794	0.1047540174	0.1279711792	-0.0934928324	-0.070635664	0.0319132628	0.1389597155	-0.0524155486	-0.0911996242	-0.0080005618	0.0497119268	-0.0443464073	-0.0280386938	-0.0924043663	0.1484576072	0.0128367826	0.0251875019	0.0043338236	0.1214134441	-0.0021252279	0.0466668806	0.0604553075	0.1324279731	-0.0914154815	-0.0920143337	-0.105872358	0.0551340864	-0.0186884462	0.0530071813	-0.0078307711	0.041030532	0.1899741557	0.1262018957	0.0531387584	-0.0124259827	-0.0968121382	-0.0193638642	-0.0674788984	0.0047842703	0.0056632988	0.0548364804	-0.0659368939	-0.1589518989	-0.2199619741	0.034926	0.0715119702	0.0137163431	0.090771893	-0.063258279	-0.1198616124	-0.0286179688	-0.1041573704	-0.0631447926	-0.0014861823	0.0223677989	-0.0159535229	0.0555502662	-0.1888201039	-0.0814482818	-0.0278827593	-0.1442415955	-0.0424934329	0.0656729054	-0.0946705687	0.0361001837	-0.0620012493	0.0182316411	0.0945891737	-0.0123714158	-0.0871880222	-0.0215607427	-0.033490365	0.0323283954	0.0828368385	-0.0426645055	-0.0304852218	0.0431076047	-0.0872421271	-0.1200813903	0.1130594013	0.008471707	-0.083518281	0.0196019337	-0.1122029089	-0.05666678	0.0910656	-0.0041927999999999	0.00829294350336	1.757957183999997e-05	0.0959143	-0.0235947	0.0091995529444899	0.00055670986809	-0.064823	0.0122182999999998	0.0001492868548899	0.004202021329	-9.95774e-05	-0.0001938575	3.758073030625e-08	9.91565859076e-09	-0.00313509	-6.139999999999965e-06	9.8287893081e-06	3.7699599999999565e-11	-0.00056045	0.000140936	1.986295609600001e-08	3.141042025e-07	0.0	0.0	0.0	0.0
9391.969397900715	21.13107710041368	88209089.17110352	446.5224194236273	8852.175408446727	-27.240541210077936	78361009.46190897	742.0470854179542	6756.613628997852	7.812811366461574	45651827.73155952	61.040021447911165	7072.125546084533	9045.0085584671	1.009021	41.6189	0.0178556864999999	0.0118641	-0.0757180615	-0.0844012672	0.0962999611	-0.0272878314	0.0650191098	-0.0496278248	-0.071576098	-0.0363604388	-0.0696154956	-0.1610687233	-0.0179721465	0.1026051125	-0.0600279513	0.0311932534	0.0503967518	-0.0061388771	-0.0124958508	0.0466617561	-0.0359286211	-0.0027775768	0.0503644875	0.0507664928	0.0051688644	-0.0413694846	0.07509451	-0.0321445221	-0.0374683535	0.0496407013	0.0274447008	-0.0172443263	0.0895410375	-0.1886323093	-0.0119783273	0.0613465613	-0.0201335535	0.0414732763	0.0142135293	0.1126754832	-0.1504869042	-0.0543751501	0.0134983852	0.1379261914	0.1227425561	-0.0427879744	-0.0772450461	0.0250032265	-0.0495142219	-0.0718796962	0.0267241965	-0.0687368775	-0.0125615029	-0.007610142	-0.0189775959	-0.0051059902	-0.0184440457	0.0600025933	-0.0026321965	-0.0583075617	0.0893529399	0.0660847143	-0.0846079909	0.0661982802	0.1257193589	0.0156184657	-0.0313727392	0.0695037052	-0.0520612611	0.0441071556	0.0513689391	0.0007777235	-0.0599204914	-0.0137975368	0.0584863438	-0.1321455226	-0.0480388626	0.0463001299	-0.1702845927	0.1160872606	0.0484431986	-0.2089398332	0.0328157021	0.1104831249	-0.1198087183	0.0726832559	-0.0552945262	-0.0335904749	0.1771805701	0.0325570945	0.2592086882	0.1050250035	0.0373312527	-0.0464063089	0.0105301507	-0.0319202168	-0.0380923487	0.0309936898	0.0878533205	-0.1785642087	0.0063206787	0.0378883743	0.1321431403	-0.0100704244	0.1299042457	-0.0181568283	0.0227433039	0.1423381847	-0.04487597	0.0088701145	0.0167452922	0.1520965796	0.0547167469	-0.0296782331	0.0491954741	0.0920215666	0.0258749666	-0.0355121978	0.0754880794	-0.0103530412	-0.0008309431	-0.0515543466	-0.0376218476	0.1189829015	-0.0397356447	0.0600978214	-0.0196805423	-0.0654095424	0.0377948825	-0.0129340017	-0.0177617869	-0.0518356162	-0.0718411047	-0.0042479257	0.0105212939	0.0009994186	-0.0017008032	0.068928038	0.0612798294	-0.1150093584	0.0667172658	-0.0955221864	-0.0258568852	-0.1404146988	0.0950430618	0.0702399603	0.0933672229	0.0968485822	-0.0245284943	0.1328497846	-0.1787589508	-0.1137323683	-0.0902699353	-0.0903595594	0.0485720382	0.0763464016	0.0096122939	-0.1362969777	0.0112608545	-0.1004845096	-0.0338204355	0.154090611	0.0413080737	-0.0962774516	-0.0356247845	-0.1244267279	-0.0360238671	0.0518242351	0.0684675327	0.0271984326	0.0695644469	0.073630523	0.0790566113	-0.1298702521	0.0317718895	-0.0759050096	-0.0384346172	-0.0683183222	0.2194358184	0.0478821478	0.0755055703	-0.1024907053	0.0460124516	0.1272166644	0.0138343158	-0.0273233821	0.1636372135	0.0170077871	-0.1138033884	-0.0496261511	0.0922294	0.0011638	0.00850626222436	1.354430440000015e-06	0.0958595	-5.479999999999374e-05	0.00918904374025	3.0030399999993143e-09	-0.0747836999999999	-0.0099606999999998	9.921554448999784e-05	0.0055926017856899	-5.16567e-06	9.441173e-05	8.9135747615929e-09	2.66841465489e-11	-0.00316642	-3.1329999999999986e-05	1.00262156164e-05	9.815688999999992e-10	-0.000552664	7.78599999999997e-06	6.062179599999952e-11	3.05437496896e-07	0.0	0.0	0.0	0.0
9373.48145134273	-18.4879465579852	87862154.51866621	341.80416793091666	8781.305478266282	-70.8699301804445	77111325.90262942	5022.547003781078	6721.136956462223	-35.476672535629405	45173681.987522274	1258.5942942002816	7034.633238154727	7667.161905168477	1.693464	69.849983	0.3250329665	0.213388	-0.0063461396	0.2336012144	0.0466299989	0.1306046798	-0.0903056315	0.0066274391	-0.0063582862	0.0428950622	-0.1844589969	0.0788937645	-0.1214625142	-0.0464647425	0.2682511017	0.0116677678	-0.0695159129	0.0556037804	0.0806272838	0.0302348528	0.1313336786	0.1987470621	-0.058515771	0.1205623126	-0.0655497545	-0.075550992	0.0338026446	-0.1144218966	-0.1240653583	0.0930632737	-0.0214896401	-0.1027271759	0.0518731483	-0.0411658544	-0.0051248142	-0.112047616	-0.2071776455	0.1014296113	0.0271639188	0.0587071132	0.116747503	-0.0418871165	-0.026044237	-0.1249490169	-0.082934685	-0.0528108234	-0.1654306035	0.0004119609	0.1082765281	0.1042134215	0.0370986584	-0.1199782016	0.0296818071	-0.0707768305	-0.0056837401	0.0009520746	0.0344617426	0.1218241679	-0.1059095247	0.0878720437	0.0118917964	-0.0517917783	-0.1402571218	0.0265994906	-0.1115951609	-0.0682316673	-0.1501191008	-0.0328494008	-0.0460412588	0.0139405711	-0.0441770273	0.0209739079	-0.0480282946	0.0140414911	0.0153511664	0.1799154941	0.028562043	0.0966264012	-0.0245803308	0.1212460048	0.1023603609	0.0198159239	0.0197739049	-0.2194715414	-0.0204772915	-0.0565550216	-0.0057673759	-0.0833047251	-0.0370226365	0.0235366896	0.2738661553	0.0319843555	0.1065982865	0.0898750776	0.0287229753	0.0081074155	-0.1576688227	-0.162620267	-0.0336433627	0.0555032635	0.0254170892	-0.016936923	0.0493880795	-0.1075987804	-0.0813842916	-0.102079053	0.0784972949	-0.0645834308	0.1126738931	0.1955976277	-0.0088819658	0.0574422847	-0.1123227023	0.1751579173	-0.0514999316	-0.1095437498	0.0191921591	-0.1911960768	0.0322752651	0.1281479881	-0.1361489554	-0.1133711499	0.0464500066	0.0852863856	0.1264379513	-0.0453777232	0.0724788176	0.0289982855	0.0608170631	-0.1106395002	-0.0256347589	-0.1268486027	0.0164605277	-0.1471734611	-0.0516638835	0.1079785512	0.0957777282	0.0309876969	-0.0314933293	0.0027914828	-0.089262981	-0.1577088035	0.1321385219	0.1622947609	-0.0160483712	-0.0750407051	0.2560295617	-0.1414112895	0.0964366537	0.0213388079	-0.1501756438	-0.130934918	0.065186034	0.0288793449	0.0136915619	-0.0094621665	0.0255603398	-0.0643470702	0.1291439409	0.0028020184	0.0090855661	0.0413322057	0.0454694095	0.1142892734	-0.0734527838	0.149285141	0.2270589209	0.0033006407	-0.0522768719	0.1162208923	-0.0173511953	0.0996862214	-0.0542413485	-0.1053205523	-0.0464085819	0.1900246362	-0.1723861432	0.1684065931	0.1559151397	0.1938763929	-0.0189524494	0.1138986358	0.0850781271	0.1108807269	-0.0318207326	-0.09686758	-0.2485076835	0.0144053161	-0.1151810923	-0.0423669894	0.0938591	0.0016296999999999	0.00880953065281	2.655922089999993e-06	0.160107	0.0642475	0.025634251449	0.00412774125625	0.118935	0.1937186999999999	0.0375269347296899	0.0141455342249999	-0.000863893	-0.00085872733	7.374126272889289e-07	7.46311115449e-07	-0.002898	0.00026842	8.398404e-06	7.204929640000006e-08	-0.00037107	0.000181594	3.297638083600001e-08	1.3769294489999998e-07	0.0	0.0	1.0	0.0
9378.631841292954	5.150389950224053	87958735.21451406	26.52651663936892	8861.875502744026	80.57002447774357	78532837.42613468	6491.528844344199	6740.153920075522	19.016963613299595	45429674.86630944	361.6449050695608	7063.042194075634	7717.035284900396	1.064544	43.909039	0.11977905	0.0949822	-0.0087988767	0.2405330937	0.0523046772	0.1493793404	-0.0262214982	-0.049935071	-0.0877700052	-0.0722248251	0.0211534129	0.139907965	0.0396626113	-0.1194049324	0.0338622953	-0.1874281685	-0.0378134443	0.072741671	-0.1158392333	0.0148000421	-0.0370513996	0.0736674145	-0.1447989408	0.1209722986	0.0615708739	0.049342099	-0.0052736862	0.0447791995	-0.0899490004	0.1144212565	0.006770145	0.1054794186	0.0888278424	0.088321555	-0.1127667967	-0.0437079026	0.0639954448	0.0728453904	-0.1731321314	0.1583296365	-0.0065218772	0.0070825116	0.0757604464	-0.0929810742	-0.1853621845	-0.0033559845	-0.1572700856	-0.1160138547	-0.07408334	0.0480575046	-0.1018015081	0.0903766116	0.205673391	-0.0473448042	0.0573421184	-0.1571003586	-0.0095373191	0.0580516094	-0.0927118241	0.0394581635	0.0317272947	0.019441621	0.0171565005	0.1616359063	0.0289826376	-0.0052985606	0.0372274331	-0.0739604028	-0.0458939177	-0.0184163619	-0.1041404672	-0.051032095	-0.048415588	0.0821120469	0.0603925583	0.1257522283	-0.0167988005	-0.1230348018	-0.0648766536	-0.0565533282	0.1539203315	0.1449830937	0.0504360717	-0.0050613364	-0.0330768498	0.1777754891	-0.2557204667	0.1177785435	0.0211714789	0.0381471393	-0.03818564	-0.0216945254	-0.0995049372	0.0272331914	-0.0141706812	-0.0586079702	-0.0047941519	-0.0363671348	-0.0367982155	-0.1126508119	0.0554656555	-0.0286888045	-0.0535584039	-0.0170120389	-0.0385990177	-0.1058131461	-0.012900372	-0.1168490811	0.1958027888	-0.0143484364	-0.0379819803	0.0238910963	-0.212739287	0.0070033235	0.0442518262	-0.1406469798	-0.1402101092	-0.0608743446	0.0728475359	-0.0563665684	0.0297446627	-0.0226857834	-0.1097052975	0.1057374615	0.0368499162	-0.1038473477	-0.0140824672	0.0431147333	0.0292336964	-0.0247040796	0.0838648941	-0.1467733087	0.1313289991	-0.0593411195	-0.1149131465	-0.1369069322	-0.1214946968	0.2157762486	-0.062823694	-0.0690243622	0.0172989962	-0.1067321937	0.0360633613	0.0683028567	0.0056853917	-0.0729010659	-0.0582545206	0.1109895163	-0.1250091819	-0.1058055956	-0.0627440186	0.023433005	-0.1001499	-0.0972645518	-0.0365514945	0.0161676089	-0.0567188026	-0.1363380507	0.0853206052	0.0582165678	0.1094488237	-0.0586578297	-0.0406369398	0.0966775387	-0.0969974109	0.2313024142	0.0240521189	0.0201679012	0.0877010633	0.0884627217	0.0041475663	0.017814541	-0.1237741772	0.0797608235	-0.0012073426	0.1844351242	-0.060519838	0.2486779415	-0.0331692769	0.1190202387	0.1405767859	0.1235676792	0.1192036215	0.0491077387	0.0351056723	0.0760409752	-0.063994394	0.0117957945	-0.1163333239	-0.0349212611	0.0950043	0.0011451999999999	0.00902581701849	1.3114830399999976e-06	0.0651142	-0.0949928	0.00423985904164	0.00902363205184	0.110291	-0.0086439999999999	7.471873599999998e-05	0.012164104681	-0.000571637	0.000292256	8.541356953600005e-08	3.26768859769e-07	-0.00289495	3.050000000000101e-06	8.380735502499999e-06	9.302500000000616e-12	-0.000366435	4.634999999999958e-06	2.1483224999999613e-11	1.3427460922500002e-07	0.0	0.0	0.0	0.0
9394.51864415764	15.886802864686617	88256980.55542551	252.39050526141483	8833.27048776642	-28.60501497760561	78026667.51004522	818.2468818690411	6747.377225505033	7.223305429510219	45527099.42326399	52.17614132799181	7070.525755460028	8533.1337657444	1.555057	64.141167	0.1572864	0.0945351	-0.0631588809	0.0499910315	-0.0346809227	-0.0377181238	0.0244083907	0.052256718	0.0839364208	0.0454174312	0.057913109	0.020208932	0.0154064658	0.1206049407	0.0956208503	-0.081942449	0.0716598635	0.105960692	0.1356681776	-0.0268328881	-0.0163954029	-0.0164155463	-0.0008927177	-0.1279467922	0.0532885597	-0.0210219028	0.0035252399	0.0652712727	-0.0883613056	0.0799179239	0.1385259739	-0.0196827646	-0.0212378038	0.0078128047	-0.001276648	-0.1068917782	0.0980705441	0.0098068765	-0.0683393833	-0.0147894511	-0.0278517415	0.1570126944	0.0552525396	0.0176898904	-0.116697197	0.0132540714	0.0499664546	0.0973328619	0.0546800581	0.1768872642	0.0162085209	-0.0624732401	-0.0018796903	0.0142496346	0.0462171407	0.0092930757	0.0108640817	0.0303536268	0.0333509347	0.0576197348	0.027323939	-0.005471181	0.1486864751	0.0435900476	0.0022379583	0.0465867347	0.0999728656	-0.0443407308	0.2018877602	0.1599581942	0.1081714245	-0.0059600722	0.0546185345	0.0964461081	0.002998786	-0.0489162501	-0.0377002817	-0.0048383127	-0.0428989253	0.1806613645	-0.0583225916	-0.0419919017	0.1129093761	-0.1808997393	0.0038046174	-0.0897372593	0.0147708185	0.1362556976	0.1817968974	-0.0621652508	-0.0310491642	0.0414634084	-0.1059267692	-0.0547236168	-0.0364153814	0.001068062	-0.1205137897	-0.00014277	0.0537594453	-0.0907551015	0.0668062126	-0.1452473322	-0.0644502335	0.0139390217	0.0086320937	0.0610648784	-0.0157443324	-0.1374733453	-0.0381852426	0.0730064973	0.0785326131	-0.059106421	0.004191393	-0.0246293493	-0.0900381411	0.0730348798	-0.090162745	-0.123619024	-0.0931415497	0.0737760805	0.0276348444	0.0486333163	-0.0452510729	-0.1046509709	0.0563198816	-0.0594709278	0.0497471977	-0.1924448967	-0.0801119785	0.0547333437	-0.0022516237	-0.0094651522	0.0118268173	-0.0946615932	-0.0010674906	-0.0984567924	-0.0030650446	-0.0494376785	0.0560577746	0.067102202	0.0508927042	-0.0776149142	-0.1820565545	0.0389009187	-0.057170033	-0.1748525632	0.045101246	0.0486913089	-0.0520668707	0.0662064316	0.1009947396	-0.1833904391	-0.0085126961	-0.0406073592	0.1616318052	0.0807410611	-0.0500776462	0.0493415416	0.0395788523	-0.0815726741	-0.0578765466	0.0300147538	-0.1184584469	-0.0273095106	-0.066911732	0.0652681069	0.087284172	0.0286479447	-0.0598836777	-0.1314305147	0.0723096918	-0.009166822	0.0661986957	0.0705147674	0.0389437768	-0.0270842979	0.1872712404	0.0556253842	0.0737838114	0.0482001109	-0.0584705668	0.0053955355	0.0375104129	0.1417805012	0.0710426626	0.2153957027	-0.0171106649	0.0091804995	-0.1172578276	-0.0273217542	0.0980967	0.0030923999999999	0.0096229625508899	9.56293775999997e-06	0.106094	0.0409798	0.011255936836	0.0016793440080399	0.0242957	-0.0859953	0.0073951916220899	0.00059028103849	-0.000826544	-0.000254907	6.497757864900005e-08	6.831749839360001e-07	-0.00309947	-0.00020452	9.6067142809e-06	4.182843040000005e-08	-0.000451386	-8.4951e-05	7.216672400999998e-09	2.0374932099600005e-07	0.0	0.0	0.0	1.0
9380.58367903596	-13.934965121679852	87995350.15939584	194.183252942434	8858.630208236167	25.35972046974712	78475329.16627435	643.115422303711	6737.461872817711	-9.9153526873215	45393392.48767234	98.31421891397372	7066.59079731517	8430.347252401672	1.083382	44.686062	0.1043250999999999	0.0676401	-0.0329155111	0.0625796405	-0.0228777237	-0.1130507222	-0.113099287	0.0768347768	-0.017115847	-0.0375032875	-0.0113046847	-0.0917638704	-0.051641469	-0.0595757217	-0.0862264151	-0.1126232729	0.0366633389	0.0959297026	0.1012972177	-0.0464172613	0.134817614	-0.0478736153	0.130237698	-0.0145906464	-0.0843730022	-0.0525659787	-0.1073117285	0.044186961	0.0548577596	0.0326877173	0.0914483279	-0.0781558135	-0.0560924948	0.0897887311	-0.0317743784	-0.0532204784	-0.011055806	0.0279606286	-0.0826272685	0.0266942913	0.0863596014	-0.1348973074	0.2259857073	-0.0345213741	-0.108316143	0.0623785985	-0.0244193606	0.1173620675	0.0572414201	-0.0836646344	0.0232609452	0.0967987058	0.0697422876	-0.0642771462	0.0561503257	-0.0791678539	-0.0021618498	0.1071482997	-0.0838441328	-0.0276165529	-0.1093797053	0.0494350837	-0.023033624	-0.0719364302	0.1028656118	0.0958820261	0.0732113868	-0.112971975	0.1215952142	0.0534750442	-0.0388349401	-0.0730414162	0.0051421642	0.1312081888	0.0223107956	0.0025879679	-0.0208496705	0.0428721053	0.0303701711	0.018467514	-0.0280875618	0.0577178218	0.1568015303	0.0133385636	0.1437571486	0.0722985491	0.0489102036	0.0049257116	-0.0173827696	-0.101897929	0.0531958546	-0.137180102	0.0334252286	0.0576778545	0.0014400366	0.0699972338	0.1825488047	-0.1503248074	-0.0301036595	0.0497226458	0.0052155103	0.0359191094	0.0833376256	0.0726648573	-0.0704341948	0.0342833362	0.0611315593	0.0228960926	0.1202668902	0.1077140096	0.1216554932	-0.0012435171	-0.0555260919	-0.1217507369	-0.0408614761	-0.0281342459	-0.167623052	0.0522109739	-0.1271048991	0.0423459478	0.0949226455	0.0358198232	-0.0641392818	-0.1165259158	0.0275443962	0.0856768523	-0.0571246471	-0.0179035008	-0.009358718	-0.0567718926	-0.0600956867	0.0420753629	0.1367410945	-0.0475737297	-0.0121200446	0.0263442301	-0.063523567	0.0281825393	-0.0266927619	0.0294523243	0.0208442426	-0.0442013417	-0.0241436621	-0.038309621	-0.0588906216	-0.0686704745	0.0631758249	-0.187042858	0.0070529905	-0.1643114078	0.012235416	0.1340565836	-0.0427818687	-0.0105063563	-0.07801889	-0.0945220462	0.071401781	-0.1464044449	-0.1651770532	-0.0536329487	-0.0787101311	-0.0365965451	-0.0691732847	-0.0029919476	-0.0759155042	0.1189964186	-0.0766946082	0.0199226096	0.0410400883	-0.084304991	-0.1177026522	0.06596718	0.1233257276	-0.0343689781	0.0776517918	0.064830276	0.1472652518	0.1503850052	0.0261274885	0.1143707264	0.0823747416	0.0371116539	-0.0492423357	0.0414585782	0.1424383137	-0.0086098493	-0.0650676619	0.006560711	-0.1179527935	-0.0196019337	0.0955979	-0.0024987999999999	0.0091389584844099	6.244001439999977e-06	0.0418694	-0.0642245999999999	0.00175304665636	0.0041247992451599	0.0234011	-0.0008945999999999	8.00309159999998e-07	0.00054761148121	-0.000265927	0.000560617	3.14291420689e-07	7.0717169329e-08	-0.00303863	6.083999999999994e-05	9.2332722769e-06	3.7015055999999924e-09	-0.000564071	-0.0001126849999999	1.269790922499999e-08	3.18176093041e-07	0.0	0.0	0.0	0.0
9349.145484801626	-31.43819423433524	87406521.29598662	988.3600567157896	8836.53697521874	-22.093233017427337	78084385.71440795	488.1109451623415	6736.722960306506	-0.7389125112049442	45383436.243920855	0.5459916992151967	7060.2361917966455	8397.809054516625	1.099637	45.356541	0.1280022	0.068584	-0.0194333943	0.0012527515	-0.0101445674	-0.0781615495	-0.0053497114	0.057054054	0.067285511	-0.0858477871	-0.0919499257	-0.0165264025	0.0321584758	0.0133898955	0.0065648311	-0.0766687948	0.0710792267	0.005131037	-0.0521006784	-0.0915256772	0.0426468253	0.1172593936	-0.1037955035	-0.1223874576	0.107939041	-0.1431225019	0.0541837519	-0.008068858	-0.0268050875	-0.0161362811	0.0277454086	0.0093402157	0.0594963015	0.0148098998	-0.0749400535	0.1077768771	-0.0239074993	0.0121271974	-0.0372360663	0.0070131087	0.0160919462	0.0980840928	0.1194156411	-0.0055187553	-0.0290617539	0.0283281289	-0.0126027797	-0.0152752868	0.1251180908	0.0357406226	-0.0245868909	-0.0493351672	-0.0616326331	-0.1166786922	-0.0091533664	0.0617533649	-0.0151472201	-0.0176545961	0.028492744	0.0890655432	0.0410411249	-0.0969605635	-0.1091252307	-0.0329432357	-0.0206453656	0.085051662	0.1011522972	0.0199889152	0.1833844794	0.0720925047	0.1626739765	-0.0302624488	-0.0584259762	0.02937395	0.0911631512	-0.101958536	-0.0061130169	-0.1185780317	0.0190073141	-0.0157066044	0.0684141953	0.0212674078	-0.0959933145	0.0077769293	-0.1116203868	-0.0532832378	0.0156320752	0.0073965223	-0.113432054	0.1075767937	0.0663834306	-0.0261610016	-0.0305961073	0.0424617894	0.0576328911	-0.1003862217	0.0607402504	0.0520000069	0.0249050332	0.0144373489	-0.0333439662	0.1037302306	0.0074232164	-0.067290898	-0.0102234477	0.006262339	-0.0207117519	0.0253097764	-0.0228089882	0.1467065368	-0.0687337147	-0.0235218198	-0.0070693212	-0.1281795935	-0.0558660108	0.0058484866	0.0012522191	-0.0179752876	-0.0614696631	-0.0525545975	-0.0248955867	0.0441368757	0.0685074701	-0.0126821955	0.1069057897	0.0105205173	-0.0351456111	-0.0774153679	-0.0194526291	-0.0044532065	0.0869726084	0.060432101	-0.0634211856	-0.04164293	-0.0490251597	-0.0319705573	0.059564602	0.1128758369	-0.0788332787	-0.0995763453	0.0312041609	-0.1447160351	0.0028504601	-0.0336566138	-0.1427817904	-0.0835980808	-0.0420120035	0.0565345762	0.0121570973	0.1187176987	0.0755011112	0.0067735147	0.0508650581	0.0634109429	-0.0166217565	0.0377815696	0.0712674665	0.0908780447	-0.0124355869	0.0531055878	0.1156527479	0.1312830526	0.0378643546	-0.0203167855	-0.0409731339	0.0244166961	0.0645393441	0.003762742	0.0202021868	-0.1157479676	0.0248007887	0.0365487806	0.0662847079	-0.0734921763	0.2062818744	0.0281991592	0.0982011303	0.0313994666	0.0001873518	0.0680012079	0.0001716468	0.0508121448	0.0234215887	-0.0524718114	0.0105207889	0.0240306124	-0.1352247065	0.0039377115	-0.1184168613	-0.0117957945	0.101207	0.0056091	0.010242856849	3.146200281000007e-05	0.105362	0.0634926	0.011101151044	0.0040313102547599	0.00661655	-0.01678455	0.0002817211187025	4.37787339025e-05	-0.000603901	-0.000337974	1.14226424676e-07	3.64696417801e-07	-0.00340566	-0.0003670299999999	1.15985200356e-05	1.3471102089999997e-07	-0.000701386	-0.000137315	1.8855409225000013e-08	4.91942320996e-07	0.0	0.0	0.0	0.0
9356.2682429848	7.122758183173573	87539755.43468586	50.7336841359661	8836.931368209087	0.3943929903471144	78091356.00643772	0.155545830834939	6726.122579434056	-10.600380872449932	45240724.95357264	112.36807464100238	7052.555902956528	8141.417167840134	1.1082	45.709702	0.125412795	0.0602399	0.00352693	0.0285492763	-0.0339045227	0.0164673867	-0.0793545055	-0.0390949487	-0.0238206377	-0.0569973962	-0.0101870981	0.1337786831	0.0846571906	-0.0218799572	-0.1221785498	0.031125019	0.0150939565	0.0844001634	0.0256825578	-0.0298662849	0.0664376251	-0.1930789017	-0.1246765887	-0.0415504668	0.1531154063	0.0147622974	-0.0996332878	0.1039126084	-0.0689961415	0.0532564597	-0.0029056656	-0.0269763022	0.0791159043	0.0558635374	-0.0464650123	-0.0052714571	0.0835017831	0.0505435904	-0.0023759321	-0.0811565107	-0.0299441877	-0.0008955921	0.0296355804	-0.0345116136	-0.0124372627	0.0349362019	-0.0410748137	-0.0667644668	-0.1118378525	0.0675931684	-0.0309525879	0.1634381204	0.0131193796	-0.0227784833	0.1493950636	-0.0744004743	0.017957805	0.2440348534	0.0115511265	0.036490473	-0.0094483293	0.0406351149	-0.2196684133	-0.0835170617	0.0457633877	0.0312503312	0.0392744897	-0.0112873546	-0.1826221409	-0.1475323479	-0.0432459957	-0.2053353202	0.1206651959	-0.0649456898	0.1501169781	-0.0869495747	0.0975306332	-0.078575394	-0.0606320264	0.0471659839	-0.0999928129	-0.0571817339	-0.0667444915	0.0209209154	0.000432584	-0.1426453963	-0.0030447533	0.0400387378	-0.1011684389	-0.0562583857	-0.0205969585	0.0465762675	-0.1072256863	-0.1721676009	-0.0825841834	0.1031733713	-0.1107139793	0.0279587639	0.0324818034	-0.098870837	-0.0777046447	-0.0413007022	-0.0533397803	0.0713403484	-0.0351468221	-0.0298763187	0.0426308028	-0.0244304721	0.0364916179	-0.1039204073	-0.125192749	0.0055114911	-0.1159596438	-0.0535733451	0.01584816	-0.0483038977	-0.2026839636	0.0801422652	-0.0682181157	-0.0706488882	0.1537458959	-0.0483503029	-0.0288407705	-0.0957560999	0.0507391776	0.0361132662	0.0938523292	0.0891526672	0.0496237638	0.085265556	0.0165150408	-0.0985391483	-0.0225496887	0.1074715702	-0.1452252734	0.124016941	-0.1512757176	0.0127489815	0.2843900151	0.0143021374	0.1565612281	-0.0678913925	-0.028504459	0.0183009762	-0.1101184076	-0.0539484891	0.0052745065	0.1367733199	0.101182635	0.1229055931	-0.0073794039	-0.0305064149	0.0259893539	0.0092365614	-0.0497112712	0.056257021	0.0640043083	0.0202345194	-0.0366988911	0.1590506355	-0.0123112009	-0.0305269484	-0.025841646	0.0087183296	-0.037905965	0.0759288504	-0.0729822431	0.0187869847	0.0200519012	0.0235890616	-0.0226729813	-0.0238231814	0.0042519765	0.119038848	0.1901332922	0.0476360062	0.127704268	0.1270545938	-0.1004051064	0.0306810006	0.0171971217	-0.0036208025	0.0807221826	0.0160990246	0.0634156279	0.1018328825	-0.0309904262	0.0013127847	-0.1186491225	-0.0039377115	0.0974247	-0.0037823	0.00949157217009	1.4305793290000016e-05	0.0531673	-0.0521947	0.00282676178929	0.0027242867080899	0.0230764	0.01645985	0.0002709266620225	0.00053252023696	-8.99031e-05	0.0005139979	2.6419384120441e-07	8.08256738961e-09	-0.00313928	0.00026638	9.8550789184e-06	7.095830440000004e-08	-0.000422245	0.000279141	7.7919697881e-08	1.78290840025e-07	0.0	0.0	0.0	0.0
9359.850755189344	3.5825122045444004	87606806.15941852	12.83439369570958	8863.896585883505	26.96521767441845	78568662.68523726	727.1229642287694	6728.046581611275	1.9240021772184264	45266610.80433116	3.701784377941245	7057.504643411956	8291.136132290716	1.047712	43.214794	0.116947845	0.0699827	-0.020608969	0.0285523236	-0.0412218483	0.0018956258	0.0971079502	-0.0119493821	0.0135273516	0.0021778088	0.1167689069	0.007447689	-0.0064634336	0.127576141	0.0232358161	-0.0983449174	0.0472393668	0.185075283	0.0077310424	-0.0273578317	0.0642109351	-0.042423652	0.0170605936	-0.1613109368	0.0929210219	-0.0274669702	0.1035932944	0.0585320474	-0.0468905117	0.0616415467	0.0532746943	-0.0141400896	-0.0323542792	-0.0395180809	-0.0917725226	-0.067462774	-0.0516356335	0.0468501656	0.0640528743	0.0876572546	0.0076371165	-0.0648736791	-0.0229514501	-0.0210122811	-0.0005559975	0.0772653376	0.0255615539	0.1066777721	-0.045082258	0.039161486	-0.0351604623	0.0608628135	0.0587235104	0.0188767016	-0.1047675548	0.163643194	0.0360617224	0.0365752926	0.1252859793	0.1697669444	-0.020022215	-0.0303865246	-0.07572018	-0.0189060662	0.132059202	0.1329960175	-0.0264845505	-0.1082482011	-0.1175752416	-0.061281422	0.1139191641	-0.0250924204	-0.0389436558	0.0276983199	-0.0057508274	0.052741884	0.0937670303	0.0013585783	0.0399477461	-0.0031316913	-0.0585095231	0.0200914868	-0.0136186866	0.076418103	0.0919740287	0.0769871058	-0.0562271867	0.1325105536	0.1729550494	0.0442636745	0.0196483671	0.0120547147	-0.1045688826	0.2659559435	0.0798795605	0.1036125677	-0.0438842193	-0.0497963989	0.0230696501	-0.0021574553	0.0699478256	0.0101062197	0.0835702771	-0.0931157608	0.0235552797	-0.0357936071	-0.0889162206	-0.0501277541	-0.0537354938	-0.0560883967	0.1107234604	-0.0624499786	-0.0663905073	-0.0982072583	-0.084121033	0.1128778677	-0.0522694402	-0.0450849788	-0.001533376	-0.1378435728	-0.0553358594	0.1470461715	-0.0347679602	-0.0131481026	-0.0255812451	-0.0445100508	0.1098065616	-0.1227375063	-0.0421732907	0.0710182433	-0.1001534657	-0.0129660611	0.1595712382	0.092106784	0.0048428883	0.094682711	0.0549095969	-0.091800213	0.085714616	-0.1251786366	0.0742091296	-0.0813111274	0.1177242538	-0.0209316123	-0.082885223	-0.0703974884	-0.0266136691	-0.0242638688	-0.0756131102	-0.0788142081	-0.0681084519	-0.0197098613	0.0354672508	-0.0705368902	0.0708054285	-0.0624944662	0.1070133973	-0.0312507666	0.0976380179	-0.059830454	0.0835511632	0.0420457543	-0.010376526	0.0122108541	-0.0213189805	0.0327307852	0.0608557088	-0.0388442806	0.0852892497	-0.056220024	0.1203386105	0.0142907442	0.1223458321	0.1251267474	0.0879001345	-0.0434062751	0.0782932035	0.047460673	0.0145489148	0.0157664291	0.0190457915	-0.0830382376	0.0748850074	0.1228794742	0.0511825039	0.0276216772	-0.1473544397	-0.0013127847	-0.1186491225	0.0039377115	0.103485	0.0060602999999999	0.010709145225	3.672723608999989e-05	0.118813	0.0656457	0.014116528969	0.00430935792849	0.0309793	0.0079029	6.245582841000002e-05	0.00095971702849	-0.0006397	-0.0005497969	3.0227663124961e-07	4.0921609e-07	-0.0032945	-0.00015522	1.085373025e-05	2.4093248400000062e-08	-0.000464007	-4.1761999999999984e-05	1.7440646439999984e-09	2.15302496049e-07	0.0	0.0	0.0	0.0
9346.841380154085	-13.009375035258929	87363443.78576072	169.2438388080182	8806.658315732846	-57.238270150659446	77557230.69006649	3276.2195698398723	6728.453168344668	0.4065867333929418	45272082.0386074	0.1653127717711431	7051.371317062997	8117.433329513134	1.106162	45.62566	0.0870435	0.0439624	-0.0034846334	0.0438974446	-0.0394271703	-0.0644138951	-0.1250526642	0.0209026632	0.1041823627	0.0755489919	-0.00851926	-0.048738757	-0.0146887637	-0.0171261772	-0.0136076593	-0.0593381473	-0.1310831123	-0.0300895716	-0.0389273883	-0.0717298859	0.1390786148	-0.0081761861	0.071119886	0.0403786131	0.1102135643	0.0076640714	0.1365871427	0.1937186404	-0.0231611059	0.0156548317	-0.0074124056	0.004709164	-0.0666793422	0.0278227205	0.0432601548	-0.0091581531	0.0179156109	-0.025638399	-0.0192900915	-0.011898287	0.0664054027	0.1100406282	-0.0298545093	-0.0537443594	-0.0012023912	-0.0093309585	0.0213529402	0.1716569513	-0.1136048637	-0.0337397168	0.0894084813	-0.1304891374	0.0686615033	-0.0528267466	-0.0723009474	0.1388259395	-0.1291693671	0.0105605741	-0.1412972498	-0.0147082368	-0.0937111641	-0.1407670995	0.015899544	-0.1585319573	0.0822623431	-0.0157042997	-0.0287217034	0.0750503131	-0.0865026122	0.0560296081	0.0446334709	-0.129186929	0.1283423626	-0.0057065348	0.0465178256	-0.0050853336	-0.0031446207	-0.1018773228	-0.0397916013	-0.0947777745	-0.0750064844	0.1681132486	-0.0398143785	-0.183435486	0.0830956226	-0.1363145032	-0.0668759785	0.0893643451	-0.0027851625	-0.1348100105	4.67906e-05	0.1059916426	-0.0514295227	-0.1061301045	-0.0329387952	-0.0110693324	0.1441445375	-0.0238802902	0.1291573163	-0.0589184342	0.1298350779	-0.1390717661	-0.0662578994	0.0651920047	-0.0785026313	0.0335018269	0.119783504	-0.0466942797	-0.0429032454	0.0692145294	0.1116891002	-3.59064e-05	-0.0610034637	0.0813705207	0.0758346047	0.076861484	-0.0140155797	0.0967780531	-0.0744854869	-0.093174697	-0.1356498858	0.0968914464	0.1630727151	-0.0546752777	0.0231774576	0.0711517017	-0.0704467558	0.0429118703	-0.0205282947	0.044473852	-0.0294451163	0.1009964519	0.1101700717	-0.0049561822	-0.2223506574	0.1200472307	-0.0374555532	0.0430414844	0.0483820897	0.1095648977	0.0202033042	0.0885807006	-0.0140840286	0.0793254443	-0.0129224753	-0.0633006331	0.1209548043	0.1178811834	0.0779062543	0.0731873781	-0.0191568103	-0.065688609	0.1170981438	-0.0041089703	0.0949640525	0.0538509297	-0.1629230657	-0.0472326372	0.051283673	0.0536848339	-0.053883861	0.0128700752	-0.0199446384	0.0204528059	-0.0362378708	0.0557378855	-0.0478900255	-0.0198960326	-0.1554202672	-0.0506058719	-0.0617816814	0.0064544063	0.1760463718	0.1107094187	0.0677639827	0.0326700295	0.0464235481	0.0947429319	-0.0122840853	0.0065494299	-0.0386944187	-0.0782940313	-0.0890085386	0.0075536339	-0.0479811466	0.0577394511	-0.1200543703	-0.0039377115	-0.1184168613	0.0117957945	0.0968729	-0.0066120999999999	0.00938435875441	4.371986640999994e-05	0.0794510999999999	-0.0393619000000001	0.0063124772912099	0.00154935917161	0.0407568	0.0097775	9.559950625000004e-05	0.00166111674624	-0.000243037	0.000396663	1.57341535569e-07	5.9066983369000004e-08	-0.00314687	0.00014763	9.9027907969e-06	2.179461690000005e-08	-0.00038246	8.154700000000001e-05	6.649913209000002e-09	1.462756516e-07	0.0	0.0	0.0	0.0
9322.762236326393	-24.07914382769195	86913895.71507348	579.8051674746754	8844.985081747645	38.32676601479943	78233761.0963384	1468.9409931531848	6729.321620110372	0.8684517657047763	45283769.46688489	0.7542084693557437	7055.011874356196	7898.120157793392	1.065994	43.968868	0.04002655	0.0269822	0.0299436269	0.026780484	-0.035522535	-0.0420087144	0.0135039351	0.0246714008	-0.1225426078	-0.11082191	-0.019164313	-0.1147921499	-0.0519287407	0.0117438015	-0.0447546628	-0.1321395203	-0.0645432029	-0.017668829	0.0199745661	-0.0593592268	0.0494879388	-0.044214036	0.0235506207	-0.0265094904	0.0062101665	0.0398239617	-0.0510810571	-0.1851190135	0.1446202148	0.1321462767	0.0624574035	0.0926934413	0.0446386644	0.1152633305	0.013637796	0.0554483754	0.068678469	0.0221463399	-0.0492496531	-0.0616343483	-0.0622322293	0.0426719786	-0.1039722406	-0.0603685339	-0.0099935387	-0.0205345997	0.0110766942	-0.0048706621	0.0231708425	-0.056432017	0.118555389	0.0079062897	0.0544524685	0.1072167237	-0.0255787941	0.0994147485	0.062533607	0.1890854333	-0.0765937716	0.0484780448	-0.1188591219	-0.0194758826	0.0324627448	-0.1164389062	0.0682107069	-0.079908582	0.0735315149	-0.0357176508	0.0035679003	0.05711463	-0.0957818156	-0.0181151142	0.022383176	-0.0256142248	-0.0233677517	-0.019231948	-0.1001053817	0.0428877363	-0.0265472981	0.0234524113	0.0248404833	0.0578696862	0.0016727349	0.0768643382	-0.001169297	-0.0340503012	0.0162217068	-0.0011730767	-0.0218119776	0.1282290386	0.0086045392	0.027980764	0.1129664714	-0.1350493941	0.0174943025	-0.0214829015	0.13207014	0.0968109565	0.0392833632	0.0954989109	0.0413302789	0.0149378265	-0.1400950588	-0.1313898369	-0.0490078895	-0.0279608219	-0.0256141184	0.1016779018	0.0858531486	0.0072920415	0.0917422303	0.0117983092	0.0262023779	-0.074381974	0.0325037095	0.0356297672	-0.0869666098	-0.1022785007	0.0339126403	0.036290558	0.0421200096	0.1225980899	0.0317934401	-0.0481499917	0.1399547717	0.0564483292	0.0427231981	0.140177349	-0.0134411459	0.0957682622	-0.0634691443	-0.060267808	0.0517974132	0.0558779031	0.0197672978	-0.0625165716	-0.054590323	-0.0461369014	-0.0093404739	0.0220294315	-0.0554129059	-0.0053974218	-0.0779273073	-0.0846563945	0.111558054	0.1142131788	0.0370389826	-0.0384145336	0.0616146048	0.0412142967	-0.0634940683	0.0187132338	-0.0099514858	0.058575139	0.1074309503	0.1156663424	-0.0925576513	0.0528982297	-0.0239694751	0.0901520842	-0.0512346202	-0.0666061143	-0.0411839788	0.0407781948	-0.0024441687	0.0308653412	-0.0149838223	-0.0446506625	0.0857807653	0.0568521424	-0.0530787429	0.0463653265	0.2257467611	0.0220965439	0.0923708217	0.0233191102	0.0770711682	-0.0430764348	0.0486114037	-0.0118752961	-0.1029608999	-0.1513776453	0.0712984272	0.1169691539	0.0344984293	0.0481506402	-0.0897887133	-0.006560711	-0.1179527935	0.0196019337	0.0971407	0.0002677999999999	0.0094363155964899	7.171683999999925e-08	0.10414	0.0246889	0.0108451396	0.00060954178321	0.0515165	0.0107596999999999	0.0001157711440899	0.00265394977225	-0.000269024	-2.5986999999999967e-05	6.753241689999983e-10	7.2373912576e-08	-0.00311958	2.7290000000000127e-05	9.7317793764e-06	7.447441000000068e-10	-0.000349534	3.2926000000000016e-05	1.084121476000001e-09	1.22174017156e-07	0.0	0.0	0.0	0.0
9346.838436813136	24.07620048674289	87363388.76388742	579.6634298778387	8848.398562148946	3.413480401301058	78294157.11463954	11.651848450066431	6733.56633144677	4.244711336397813	45340915.53999352	18.01757432934411	7058.954943535431	8098.871786864344	1.153561	47.5807	0.1073202	0.0502798	0.0203432493	-0.0047811426	-0.0353937063	0.0195330881	0.1197036229	0.0198648691	0.0441359439	-0.033437699	-0.1280742295	0.0465145196	0.0453680447	-0.0050879634	0.0178643267	0.0455874401	0.0626547639	-0.0293014833	0.020581538	-0.0569641587	0.1458462268	0.0163261247	0.0461623383	0.0611148124	0.0105368801	0.044583359	0.019207525	-0.021095338	0.0027414653	0.0823517924	0.0816956452	-0.0925189365	0.0760253025	0.0498154658	-0.0494338479	0.0243482733	0.0327842715	-0.0221508055	0.0917092665	-0.1325110198	-0.0661831247	-0.0194450944	0.040577921	-0.0248143519	-0.0655225416	0.0390026033	0.0344314219	-0.0557341688	0.0847447885	0.0044553255	-0.0468700666	-0.0320808467	0.0383136738	-0.0589934221	-0.1075814072	0.0976265933	-0.091343089	-0.0860516169	0.1111307477	0.0329453032	-0.1057654125	0.0002955082	0.0278534494	-0.0449264359	0.0938716045	0.1623715019	0.0147809635	-0.0732204524	0.0599536761	0.0462084412	0.0124467657	0.0204373626	0.0004356851	-0.1298962845	0.0411468738	-0.0606612165	-0.1388649163	0.025517514	-0.0659945174	-0.1858973232	0.1355632357	0.0586675134	-0.2402795103	0.0134068962	-0.0368732093	0.0381893073	0.0047435734	-0.1018214011	-0.04589054	0.0654472512	-0.0373234467	-0.0312188485	-0.056893373	0.020147519	-0.0523932558	-0.0657494298	0.1318077112	-0.1247159364	-0.0925270398	0.0171000268	-0.0491148812	-0.0277616589	0.0764112342	0.0432846894	0.0304858215	-0.0325184	-0.107424579	-0.0127918331	-0.0060588256	0.0987942876	-0.0989985702	-0.0900224272	0.0103893903	-0.0903464906	-0.04836286	0.0328556128	0.0625024145	0.015979551	-0.0221719523	-0.058613408	-0.0706724773	0.1440380257	0.0192167339	-0.1273668599	-0.0134576695	-0.0540291387	-0.08123991	0.0830915531	-0.0103942017	-0.0816232873	0.0045559304	0.0208803589	0.0377910383	-0.0337368945	-0.0083135022	-0.0822630715	0.089174386	0.1213089924	-0.027554214	-0.1109697744	-0.0484647097	0.1478171503	-0.11418902	-0.0883135974	0.0691374161	0.0658379442	0.0645061892	0.0495852908	-0.0117876766	0.1382639657	-0.0255335918	0.1276448654	0.1351385943	0.1171653707	-0.074640145	-0.0778262834	0.1107971083	-0.1065103395	0.0280955901	0.0557946362	0.0021763362	0.0817950768	0.0556398106	0.0205990615	0.0123119994	-0.0257357639	0.1093012916	-0.0056840566	0.0350743399	0.0451059855	0.1013850736	0.0174151162	0.0827080163	0.0384042509	0.182390594	-0.0538839591	0.09760383	-0.1139994819	-0.0389838255	-0.0402684228	-0.1170408644	-0.0986105064	0.047386058	-0.1328683555	-0.0956702881	0.0079238502	-0.0780558292	-0.0091804995	-0.1172578276	0.0273217542	0.100792	0.0036513	0.010159027264	1.3331991690000072e-05	0.143563	0.039423	0.020610334969	0.001554172929	0.0332994	-0.0182171	0.00033186273241	0.00110885004036	-0.000865683	-0.000596659	3.560019622810001e-07	7.49407056489e-07	-0.0032818	-0.00016222	1.077021124e-05	2.6315328400000083e-08	-0.000511231	-0.000161697	2.614591980900001e-08	2.613571353610001e-07	0.0	0.0	0.0	0.0
9375.693882719204	28.85544590606878	87903635.7824583	832.6367584380615	8870.178997233192	21.78043508424525	78680075.44295684	474.3873524590216	6742.954092340862	9.387760894092024	45467429.89141638	88.1300546046435	7068.085180394929	8307.655633361184	1.048049	43.228687	0.074338	0.0417859	-0.0121062094	0.0111616703	-0.0336168394	0.0188874531	-0.0521564843	-0.1023855345	0.0306392397	0.0053402032	0.0794927312	0.0128607058	0.0730278498	0.0030084011	-0.0467086911	0.0909675706	-0.0219008289	0.0812463956	-0.0308240999	-0.0277610446	-0.0873333906	0.0692377951	-0.0723079779	0.1452016861	0.0461677252	-0.0420851624	-0.0087112169	0.006162789	0.0128330849	-0.0139366865	-0.0075491608	0.0919895502	-0.0009605635	0.0399146261	0.0052744251	-0.0816405257	-0.0099223832	-0.13111997	-0.0973300385	0.0830267072	-0.0817359414	-0.1369581628	0.0637838898	0.0055830042	-0.0842644385	0.0066918923	0.0209250261	0.0953475355	0.0242891569	-0.0286434989	0.0019719957	0.0658658486	0.0069613361	0.0197585562	-0.0026540481	0.1237345857	-0.0337101304	-0.1576119595	0.1935233494	-0.0356389492	-0.0145230279	-0.0417942822	0.055170416	-0.0834472876	-0.0574463737	0.1473797403	0.0028516352	-0.0407811879	0.0088316944	-0.1331595371	-0.0544756918	-0.0511758043	-0.0245592156	-0.1455862807	0.0003308937	0.0283998042	-0.1926282333	0.0360048391	-0.0403817169	0.0830190754	-0.1211597448	-0.0628512931	0.0109221528	0.0166741654	0.04937355	-0.0948581238	-0.076095664	-0.1169817575	-0.025200093	-0.0639117339	0.1931711037	0.1167040134	-2.3591e-05	-0.0604462312	0.0456811161	0.0385198154	-0.1454317988	0.0832991413	-0.0941667595	-0.107979927	-0.0409149807	-0.0610074334	-0.0565431237	0.1753424829	-0.0008054162	-0.0191127316	0.0693383806	-0.1014006693	-0.011822169	-0.0923557829	0.0004145828	-0.0123182556	0.0030104928	-0.0604155546	-0.0708971721	-0.0624159964	0.1342698189	0.0837913899	0.038111143	-0.1043173588	0.1014196569	0.0370785306	0.0383194231	-0.0623171181	-0.108353833	-0.0829327656	-0.010935852	-0.0116378412	-0.0395684	-0.1724524342	-0.173614041	0.0200307242	-0.0107749644	0.0623168966	-0.0048179088	0.0471482681	0.0305402591	-0.013636708	-0.0958115608	-0.0231709478	0.0518957698	-0.0225398327	-0.1466828771	-0.0186880183	-0.0511621322	-0.0008823073	0.0702949153	-0.0284290783	0.0453882047	0.1078593522	-0.0466757734	-0.1904985057	-0.1119441767	0.039789378	-0.0583870844	-0.1062114484	-0.0236932632	0.0518181359	0.0339386044	0.074203486	-0.0742620612	0.0618339657	0.0076261099	-0.0018924196	-0.006017887	0.0031651301	0.0349000587	0.0473075167	-0.0734355898	0.0649478904	-0.0187426305	-0.035855311	0.0480697503	0.2427425023	0.0802975103	-0.0467410402	0.0594829015	-0.0722151865	0.0199363109	0.0415066355	-0.0794538098	0.0304426716	-0.0006018376	-0.1509541714	-0.0640303505	-0.0103605815	-0.0783580951	-0.0117957945	-0.1163333239	0.0349212611	0.0949496	-0.0058424	0.0090154265401599	3.413363776000013e-05	0.104931	-0.038632	0.011010514761	0.001492431424	0.0224295	-0.0108698999999999	0.0001181547260099	0.00050308247025	-0.000629585	0.000236098	5.5742265604000016e-08	3.96377272225e-07	-0.0033411	-5.929999999999998e-05	1.116294921e-05	3.5164899999999964e-09	-0.000595707	-8.4476e-05	7.136194575999999e-09	3.54866829849e-07	0.0	0.0	0.0	0.0
9391.888969320677	16.195086601472212	88207578.4120474	262.2808300291848	8850.777191576934	-19.401805656258148	78336256.89493847	376.43006272321065	6751.549764274739	8.595671933876474	45583424.21947828	73.88557599483173	7073.136615156175	8533.91693223467	1.052601	43.416428	0.03525652	0.0172179	-0.0341694213	0.0033086567	-0.0031173872	-0.0835653114	0.0846850089	0.0508712449	-0.050698635	0.0668282941	0.052071994	-0.1174320634	-0.0645281266	0.0085723156	0.018827801	0.0041438626	-0.029359913	-0.0264324394	-0.075472908	-0.0036718554	-0.0950534445	-0.0688152883	-0.0575282263	0.0296837617	0.1056708571	-0.0157463034	0.0344998745	-0.0457833663	-0.0161114829	-0.0560836864	-0.0386758045	-0.063453765	-0.0547209188	0.1673911915	0.0928257306	-0.0753070673	0.018277428	0.1108934171	-0.0474639851	-0.0726893409	-0.0529365931	-0.1455728464	-0.1519255434	0.0371162738	-0.1055655855	0.0065231459	0.0625637376	0.0964112128	0.0964048558	-0.0702161809	0.0691162146	0.0475006004	0.1000525722	-0.0298941477	0.0276910023	0.0729803926	-0.0820834964	-0.1231853912	0.0377573005	-0.1910741241	0.0271811815	0.0931777974	-0.0877468032	-0.0680153859	0.0937162574	0.0868118607	0.0274816432	-0.1946229446	0.0341985476	-0.0107367398	-0.0077613766	-0.1477293316	0.0309692543	-0.0459271492	0.0123903999	0.0159092395	-0.0083629958	-0.1758389463	0.0178878686	0.0530343382	0.1025762112	0.0112776668	-0.1067959302	0.1409984394	0.0023501006	-0.0291755135	-0.0698811345	0.1739833557	0.0400908545	0.0436123369	-0.117098019	-0.0047563585	0.0577595971	-0.0691204563	0.0184725814	-0.0565233064	-0.1859535018	-0.0669761387	0.0875728357	0.0541036604	-0.0676218736	0.0520551531	0.057361652	-0.0225744608	0.0335043478	0.0477050154	-0.0551545517	-0.0108461524	0.070107247	0.0259409464	0.1388446012	-0.0216728664	0.0873772074	-0.0487769592	-0.0412570146	-0.0358657949	0.1514037942	0.0253951137	0.0804343871	-0.1440675851	0.0873526725	0.0083027339	-0.0582658027	-0.1907311808	0.0286590087	0.1283291282	-0.1020075146	-0.0611078801	-0.0506001537	-0.0396667878	0.0026524417	-0.0227145089	0.0304437041	0.0809629477	-0.0222276799	-0.0113006175	-0.1351586853	0.1458876687	0.0217065095	-0.149068795	-0.0125024348	-0.0073050281	0.0132559169	0.004200986	-0.0002856146	-0.0495202734	-0.09902155	0.0461721297	0.0734199256	0.0553191606	-0.0218828509	-0.0960241616	0.0490936699	-0.0758601247	-0.0774653207	-0.0517212608	-0.0158998964	0.0362314063	0.0474045867	0.0674377379	0.0367989495	-0.0656459377	-0.0359317599	-0.0167905163	-0.0349251578	0.0140576292	0.0426881757	0.017295422	0.1022124915	-0.0239783212	-0.0379676821	0.0403301297	0.150225384	0.1215450453	0.0141435091	-0.0656187833	0.0976889182	-0.0044885734	0.0188169297	0.1595835627	0.0679800395	0.0267007724	-0.0793458981	-0.1751683917	-0.0867380643	-0.0350639765	0.0816174288	-0.0144053161	-0.1151810923	0.0423669894	0.101488	0.0065384	0.0102998141439999	4.275067456e-05	0.109037	0.0041059999999999	0.0118890673689999	1.6859235999999988e-05	0.00757023	-0.01485927	0.0002207979049329	5.73083822529e-05	-0.000715503	-8.591800000000004e-05	7.381902724000007e-09	5.119445430090001e-07	-0.00333764	3.4600000000002684e-06	1.1139840769599998e-05	1.1971600000001858e-11	-0.000701386	-0.000105679	1.1168051041000004e-08	4.91942320996e-07	0.0	0.0	0.0	0.0
9379.584112519968	-12.304856800708876	87976598.123837	151.40950088595147	8845.201590589177	-5.575600987756843	78237591.17816131	31.087326374675083	6742.710355486896	-8.83940878784233	45464142.93799023	78.13514771858422	7067.646081823443	8443.397925864047	0.98222	40.513447	0.0389158199999999	0.0240668	-0.0218921462	0.0019432806	-0.0162624856	-0.0699742507	0.0566308626	0.0552428822	0.1270346641	0.004028949	-0.1051628191	-0.0625527131	0.0005173291	-0.0202103494	0.0728152978	-0.0289075371	0.0447018012	-0.0210042576	-0.0232118243	-0.025551115	-0.0482862519	-0.0674008714	0.0273542529	0.0193184307	-0.0476115034	-0.0159313505	-0.0396706722	-0.1551932817	-0.060880244	-0.0323078625	0.0645762796	0.0156847089	-0.0438480883	-0.0577878094	0.112025653	0.0561849053	0.0379491075	-0.0424610322	-0.0156232728	-0.0079632699	0.1683247295	0.0547828455	-0.1686644029	0.0260697145	-0.0308623577	0.0181060831	0.0675638386	0.0039616794	0.1713912543	-0.1032966568	-0.0659809087	-0.04683809	0.1257968725	0.1077566284	0.0843243882	0.043749277	-0.0778390734	0.0023239192	0.0156427751	-0.0070348533	-0.0170497705	0.2100133576	-0.0759564769	-0.0208634065	0.0956012906	0.0367860335	0.0079655035	0.0236919355	0.0980485545	-0.0748614551	-0.2040476131	-0.1505033332	0.0224769627	0.0705793678	-0.1122034004	-0.0785744616	0.0311115511	0.1233666534	-0.0792341908	-0.0661380827	-0.0274115982	0.0856009345	-0.024310659	0.0013454773	-0.0924819078	0.0016614677	0.1667961595	0.0376630509	0.0755824377	-0.1570616132	-0.1241365677	-0.1438667412	0.1757678666	0.1279857123	-0.1748859018	-0.0096524636	-0.0406635569	-0.0377054445	0.097227165	-0.0156999062	-0.1837659861	0.0083289336	0.0273505486	-0.0371063188	0.0131005896	0.0412909023	-0.046505227	-0.0075057324	-0.0425848569	0.1771159984	-0.0198700381	-0.042672966	0.0275431292	-0.0560228288	-0.0074964664	0.008777237	0.0501803461	-0.0240272195	0.0775886639	0.0792304628	0.0737508982	0.0976767254	0.0318209456	-0.0846772625	-0.1444310262	0.1126584271	-0.019834899	-0.0425720676	-0.0272433475	-0.0558033414	-0.0577565929	-0.081941576	-0.0227959857	-0.0225104814	0.1067802443	0.0181400851	-0.0739714755	0.1414660928	0.1654978553	-0.0489075646	-0.0309239491	0.0363716472	-0.1364125914	-0.0391308838	0.0759484766	-0.0146776302	-0.0914909618	-0.0670910337	0.1925505404	-0.2899059229	-0.0231158374	0.0851104594	0.0467961679	-0.0378750271	0.0001554888	0.1017620682	-0.0885724252	-0.0246920958	0.0604586775	0.1008710635	0.0500501966	0.0233074903	-0.0476265723	-0.0180262418	-0.0355464891	0.0092058552	0.0733803881	0.0400674914	0.0233306733	-0.0977174494	-0.01642537	0.0681924082	0.1338458785	-0.0208799186	0.1146134201	-0.0694543502	0.1563309156	-0.052266872	0.0488231834	0.0707621206	-0.0844260111	0.0467076452	-0.020483215	-0.0737710694	0.0066545617	-0.0111904931	0.0783336644	-0.0170077871	-0.1138033884	0.0496261511	0.102515	0.001027	0.010509325225	1.0547290000000002e-06	0.10841	-0.0006269999999999	0.0117527281	3.931289999999858e-07	0.0208512	0.01328097	0.0001763841641408	0.00043477254144	-0.00103354	-0.0003180369999999	1.0114753336899992e-07	1.0682049315999998e-06	-0.00349922	-0.00016158	1.22445406084e-05	2.6108096400000045e-08	-0.000701386	0.0	0.0	4.91942320996e-07	0.0	0.0	0.0	0.0
9376.995396512342	-2.588716007625408	87928042.66621366	6.701450568136029	8856.137642932586	10.936052343409756	78431173.95056754	119.597240857798	6729.410582416439	-13.299773070457375	45284966.78673836	176.88396372566325	7054.128051425175	8301.885204847915	1.012624	41.767525	0.1014311499999999	0.0584159	-0.0123104504	0.0173183036	-0.0298441543	0.0068548099	-0.0441104949	-0.0272281577	0.0143895245	-0.0457155732	-0.0850622212	-0.0342054876	0.0437705516	-0.0697973417	-0.0576663702	-0.0144040699	-0.0352606874	0.0287661341	-0.0420830251	-0.0239507722	0.0392992125	-0.1174215605	-0.126524565	0.0195599566	-0.092935736	-0.0302252503	-0.0517220603	0.0304663355	0.0133771213	0.0165119087	0.0409510237	-0.0730322054	0.0441454489	-0.069804151	0.0476843586	-0.0400389545	-0.0732001229	-0.0081414843	-0.0642689296	-0.0542574172	-0.014331449	0.032453537	0.1005879245	-0.0247341244	0.0086844582	0.0436572308	-0.016640765	-0.0646681734	0.0106057244	-0.0914422657	-0.1614478381	-0.1277007309	0.0716425529	0.0490749397	-0.0707566082	0.0312557661	-0.0001851209	0.0886942078	0.027638259	-0.0495481437	0.1022613005	-0.0230802828	-0.0259230249	-0.1121536897	-0.0636842264	-0.0448124945	0.0453236819	0.0691906821	0.0276827055	0.1010031371	-0.0200393652	0.0707879676	0.0590145423	-0.0214358443	0.1404314504	-0.0226701278	0.0094503605	0.0152646212	0.1887759587	-0.0611005544	-0.0121871222	-0.1055338386	-0.1180859853	-0.2036265752	-0.0516507559	0.002605755	0.0744776472	0.0640319429	0.0671165468	0.0072613447	-0.0525839406	0.0022848893	-0.195972003	0.0326113341	-0.0359990498	0.0131415715	0.0593301457	-0.0881624895	-0.0690308381	0.0165466147	0.1280789281	0.0919574453	0.00678664	0.1152497379	-0.0008337101	-0.0333715643	0.0410453664	0.0553194447	0.0274375223	0.0826221037	-0.0762718761	-0.0253297898	-0.0617176452	-0.0120140926	0.0622459519	-0.0172293601	0.0445287091	0.0633064805	-0.015215829	0.037228751	0.0868146658	0.1469685461	0.0322783643	0.056750771	-0.0175588623	0.1213520816	0.0242343994	0.019163184	0.0502728778	-0.0323532097	0.0424492183	0.0304603925	-0.0513356184	0.0904806915	0.0330083125	-0.065728781	-0.0509157051	-0.1197773209	0.0226115462	0.0485733917	0.1411903252	0.1081435459	0.0621992091	0.092162568	-0.0462874042	-0.0520589883	0.0635235922	-0.0079042769	-0.0724920851	0.0557391047	0.0881374635	0.0417418369	0.0607328899	0.0272759586	-0.0621036284	-0.0299590022	-0.006934149	0.1100342819	0.0926797199	0.0164191254	0.1134529194	0.2141171089	-0.0089015561	-0.0215150452	-0.0369356599	0.0399616144	-0.059045718	0.0747087988	0.0379411444	0.0080466562	0.0076689765	0.0970848395	0.0722897219	-0.0023161047	0.1576494572	-0.0033612584	0.123785936	-0.0522793608	-0.0176623781	0.0367984143	-0.0457978991	0.0698876318	-0.0582682469	-0.1560726156	-0.0021406317	-0.0345722067	0.0390301352	-0.0196019337	-0.1122029089	0.05666678	0.099428	-0.0030869999999999	0.009885927184	9.529568999999954e-06	0.0539788	-0.0544312	0.00291371084944	0.00296275553344	0.0230509	0.0021996999999999	4.838680089999995e-06	0.00053134399081	-0.000565185	0.0004683549999999	2.1935640602499998e-07	3.19434084225e-07	-0.00338331	0.0001159099999999	1.14467865561e-05	1.3435128099999974e-08	-0.000451386	0.00025	6.25e-08	2.0374932099600005e-07	0.0	0.0	0.0	0.0
9384.887940545968	7.892544033626109	88076121.65660515	62.29225132272709	8872.861307933172	16.723665000585243	78727667.78981756	279.6809710517998	6730.162191607046	0.7516091906072688	45295083.12533696	0.5649163754053138	7057.9797463374825	8545.236594601161	1.049403	43.284523	0.1284709	0.0739101	-0.0386850066	0.0057914578	-0.0182920567	0.0668678579	0.0050229878	-0.0873108089	0.0442158039	0.0500349505	0.0254897494	0.0730261749	0.0776712781	0.0723992091	-0.0082929482	-0.0024470852	0.098773307	0.0488318862	-0.0495942056	0.0122896765	0.0031119931	0.0599696441	0.0794122538	-0.0896264014	0.0001319121	-0.091684735	0.0273562551	-0.0574402085	0.0138835164	-0.125855756	0.0935791028	0.1058746785	0.0946400395	0.1000723556	0.1593686197	0.1761837796	-0.0138799216	0.0420314433	0.0208474449	-0.1298151131	-0.1505908658	-0.0777069313	0.0186072956	-0.0067774491	0.0118838001	0.0036570905	0.0224409686	-0.1573444677	0.0938574489	0.1450854407	-0.0724940441	0.0364667189	0.0601002011	-0.1012972642	-0.0398655671	0.0533541235	0.131103316	0.0296565496	0.0747817438	-0.038343926	-0.0018846436	0.1729500251	-0.0191832861	-0.1343576461	-0.0269611238	0.089229166	0.0097142287	-0.0277794177	-0.0454872465	-0.2467044677	0.1144311655	0.038465261	0.0876078972	0.0953481475	0.0072341853	0.0203787109	-0.0124213843	0.0362304218	0.0641174147	0.1247161568	0.1093961005	-0.1014075161	0.0466257764	-0.005819397	-0.0132655344	-0.1542364945	0.0046822285	0.0544735312	0.1475601782	0.0180375714	-0.1132966495	0.0263588249	-0.1312315026	0.0683307123	0.0297301635	0.140995569	0.0327167966	0.1485982983	-0.0149946873	0.0510363122	0.0038696697	-0.1164459136	0.0438234549	-0.1625219547	0.0264006164	-0.027902055	-0.0001298354	-0.051799809	-0.0550348107	-0.0710997708	-0.1087646578	-0.0538251821	0.063394945	0.00683163	-0.1073184807	-0.031921756	0.0241110746	-0.1509322869	-0.0471117808	-0.1107553424	0.1637600931	0.056433496	-0.0491523062	0.0304711189	-0.0476949032	0.0330528161	0.0301271066	0.0227751374	-0.0953708856	0.0347994262	-0.0024529193	-0.094923856	-0.0323122855	0.0991758933	0.0051528835	0.0219117402	0.0416218012	0.023013521	0.1657001319	-0.014947151	0.0723769673	-0.06876111	0.1005390386	0.061263207	-0.0138437611	0.0227754931	0.1473829104	-0.0634256841	0.0417504806	-0.0282254524	0.1196808027	0.0136573164	0.0624649985	0.1031164699	0.1430730561	0.0236198954	-0.0331009061	-0.0032995611	-0.0890252797	-0.1896520377	0.1701596542	-0.1325798171	0.3218554763	-0.0180150062	-0.0254864005	0.0109720107	0.1235917613	0.0498972245	0.018985413	-0.0515248003	0.0944487912	-0.0036698106	0.0084890305	0.0644626125	0.0660113408	-0.0888211448	0.0743351557	-0.1008836387	-0.0336759934	0.0574863476	0.0243260065	0.091936	0.0810052559	-0.1033233234	-0.0383005719	0.1596478348	0.0718539192	-0.0221864862	-0.110382787	0.063457872	0.0924999	-0.0069281	0.00855623150001	4.799856961000009e-05	0.117447	0.0634682	0.0137937978089999	0.00402821241124	0.0247117	0.0016608	2.758256640000001e-06	0.0006106681168899	-0.00141206	-0.000846875	7.171972656249999e-07	1.9939134436e-06	-0.00322031	0.0001629999999999	1.03703964961e-05	2.6568999999999985e-08	-0.000569787	-0.0001184009999999	1.4018796800999993e-08	3.24657225369e-07	0.0	0.0	0.0	0.0
9397.116051206907	12.22811066093891	88305790.0798505	149.52669033616783	8794.920704008462	-77.94060392470965	77350630.1897967	6074.7377401484655	6735.209443535289	5.047251928242986	45363046.24828694	25.474752027152537	7052.87388044884	8214.18295207701	1.193092	49.211239	0.17435175	0.0883463	-0.0218066139	0.0685200058	-0.0183032384	0.01435151	-0.1313737795	-0.0100237746	-0.0360888644	0.0662357944	-0.018641064	0.0379189558	-0.0227143141	-0.0453459693	0.0202583039	-0.0217906031	-0.1540998453	0.1029947962	-0.000313453	-0.0733139105	0.027567604	-0.0006174093	-0.0457121318	-0.1271967558	-0.0830891341	-0.1695501206	0.0309565226	0.0770660123	-0.0009077282	-0.132395787	-0.0794558387	-0.2101774598	0.0212084569	-0.1858981513	0.1414264226	0.0685352729	0.1404964189	-0.0759420104	-0.0313395882	0.0472597305	-0.1220655283	-0.0250897403	-0.1657040728	-0.0186601901	-0.0012572889	0.0400183717	-0.0951958976	0.023950171	-0.0221717079	-0.0846297905	-0.0380996283	-0.080137876	0.0300674469	0.0005170132	-0.0636278457	0.0849886838	-0.025362088	0.0830175379	-0.1140521627	-0.0279933047	-0.0735702587	0.0749281844	0.0372248219	-0.0671027876	-0.3156052644	-0.0404954329	-0.0885002892	0.1678977103	-0.0501947327	-0.0731904339	-0.0744606189	0.0319036208	0.0774536568	0.005083124	0.0485813451	-0.0824343709	0.015709535	-0.0381149638	-0.0226722185	0.0274927178	-0.2669229677	-0.0256544964	0.1585385549	0.1937892923	-0.0249759815	0.0066285755	-0.029256863	0.0616721174	0.060180091	0.089810683	0.0705016243	-0.0146283706	-0.1324860197	0.0886280149	0.0626972874	-0.0409249782	0.1590392736	-0.0981500547	-0.0801517057	0.0242251784	-0.0693513333	-0.0358284753	0.1678838585	0.0931519923	-0.0298661834	-0.0167032072	0.1121533976	0.005938859	0.0909518941	0.0155907572	0.0404243777	0.0282361489	-0.1015474682	0.1484036727	-0.0077758979	0.0069166965	-0.0147433997	0.0280523894	-0.0579594261	-0.0132902146	-0.0062049142	0.1024702892	0.1120332788	0.0263385971	-0.091513872	0.1156201047	0.0098087915	0.0006633822	0.0179480372	-0.1720786201	-0.0344873939	-0.0999708937	-0.1740294069	0.0329045518	-0.0166819653	0.1015623259	-0.0450983486	-0.1838414069	-0.0157990132	0.2808443116	0.0335311671	-0.0669995039	0.0490992478	-0.1145039048	-0.1573954823	0.1635202334	-0.0380380447	0.0886230289	-0.1257356044	-0.0710855774	-0.0555902905	0.1049522567	0.0277473291	0.0153273907	0.0833851585	-0.1931421283	-0.001199149	-0.0239904859	-0.0727872376	-0.1231983548	-0.1254145912	-0.0422882365	0.0056708762	0.0074185838	-0.0577392851	0.1074417556	-0.0821104455	0.0464071655	-0.0797910254	0.0228115938	-0.0223638513	-0.0153612605	0.0516387627	-0.0120092541	-0.0657735816	-0.0074723011	0.1639185431	-0.0318171428	-0.0295302943	-0.043016318	0.0039203907	0.1055322345	-0.0541490096	-0.022761442	-0.0646583015	-0.0467852438	0.1374042864	-0.0247601796	-0.1083465856	0.0699695221	0.0758753999999999	-0.0166245	0.0057570763251599	0.00027637400025	0.041157	-0.07629	0.001693898649	0.0058201641	0.0531439	0.0284322	0.00080838999684	0.00282427410721	-0.000552529	0.000859531	7.387935399609999e-07	3.05288295841e-07	-0.00315134	6.897000000000023e-05	9.9309437956e-06	4.756860900000032e-09	-0.000701387	-0.0001316	1.7318560000000013e-08	4.91943723769e-07	0.0	0.0	0.0	0.0
9386.141280325955	-10.974770880951835	88099648.13423897	120.44559588938836	8920.982790619726	126.06208661126402	79583933.95053332	15891.649680785831	6743.9364917907415	8.727048255452246	45480679.405306816	76.16137125299208	7073.6086513854525	7926.626971165683	1.242643	51.255054	0.1487460999999999	0.0779954	-0.0049348489	0.1278386012	0.016725518	0.0801334723	0.1236265986	-0.139506379	-0.085866798	-0.077875566	0.0810214801	-0.0095426574	-0.0547547951	0.0135744802	-0.0326892509	-0.1263376917	0.0198309475	0.1794119891	0.0512430459	0.0709603095	-0.0409679874	-0.0500691871	-4.65374e-05	-0.0146575776	-0.0266399639	0.0510729801	-0.165462034	0.0477271169	0.0494184478	0.0602974922	-0.0235958192	-0.0341749482	0.1235206515	-0.0532586694	-0.1607703858	0.0555776826	-0.0801575744	-0.0983533822	0.0902481338	-0.1679566286	0.1477059452	0.1243839286	0.0292003405	-0.0319926683	-0.1380409562	0.0060494639	-0.1495565094	0.0335257885	-0.173414533	-0.0010379492	0.0111686918	0.1677948058	-0.1467616108	0.031668487	0.0690473535	-0.0413767693	0.0166692006	-0.0011612906	-0.1053275281	0.0454956747	0.1183848004	-0.0405908898	0.0298322828	0.0967266592	0.0272194059	-0.0089250253	-0.1391650886	0.058889005	0.0537579316	-0.0884831403	0.1169492385	-0.1372387291	0.0188434204	0.0520373618	-0.0249595612	0.006302277	-0.0683063099	-0.1219635174	0.1647698326	-0.0530862709	0.012694395	-0.0191138235	-0.0798308654	0.0859035827	-0.0301994919	-0.0258043773	0.1607666696	-0.0403909626	-0.0183714199	0.0637727143	-0.0411421402	-0.0039965626	0.0134696097	0.0100251166	0.0009874474	0.1379862317	0.0811672868	0.0043686899	0.1147830841	0.0652562168	-0.0118262926	-0.0608352348	0.1207434768	0.1616618899	0.0602902269	-0.1467817273	-0.0770846803	-0.1036467433	0.1103713105	-0.1033220896	0.0668928467	0.0937157313	-0.0127871397	-0.1268165311	0.0039862556	0.0446039713	-0.1168635475	0.0985125002	0.0274158768	0.0264016377	0.0896188823	-0.0797972726	0.0330549942	0.0777095834	-0.0232894604	0.0541594938	-0.0438006811	-0.0291014305	0.0647471451	0.2174046027	-0.0665291369	0.0483925127	-0.1163994504	-0.0766006328	-0.0071199419	0.0566705763	0.0601390616	0.1486671558	-0.0875880111	-0.034976629	0.0791995265	0.1363150776	0.1610460387	0.0955379486	-0.0951284335	-0.0138832268	-0.0556908326	-0.0874246068	0.0452105615	0.0840561201	0.0048793207	0.1104600705	0.0161688397	-0.0405468574	0.0692013603	-0.0380407815	0.0654911875	0.0110312819	-0.1321617218	-0.0839353917	-0.1054758457	-0.0334178182	-0.0307570972	0.0373864308	-0.0756512914	0.0993017953	-0.1100631341	-0.1592999086	0.0667720304	0.1185545346	0.0990387972	-0.0723976251	-0.0019013414	-0.0710534778	-0.095085911	0.0191168636	0.1566221696	-0.0912320102	-0.1079221451	-0.0573553811	0.0544447042	0.1277657028	0.0516419144	0.1598117517	-0.0737751569	0.0308056068	0.0841542537	-0.0273217542	-0.1060982907	0.0761730556	0.061539	-0.0143363999999998	0.003787048521	0.0002055323649599	0.0912776	0.0501206	0.00833160026176	0.00251207454436	0.0681199	0.0149759999999999	0.0002242805759999	0.0046403207760099	0.000423399	0.0009759279999999	9.52435461184e-07	1.7926671320099997e-07	-0.00333869	-0.00018735	1.11468509161e-05	3.510002250000007e-08	-0.000924371	-0.0002229839999999	4.972186425599998e-08	8.54461745641e-07	0.0	0.0	0.0	0.0
9377.525761069484	-8.615519256471089	87937989.39952181	74.22717205862415	8818.848825514973	-102.13396510475286	77772094.60728683	10431.346828018875	6752.216617959384	8.28012616864271	45592429.25584687	68.5604893686418	7071.631887496274	8032.888410107101	1.142084	47.107319	0.1116345499999999	0.0630506	-0.0049999933	0.1070046057	0.0164853978	-0.0243081348	0.0309118069	0.0269628635	0.1346639898	0.1467408387	-0.0651408232	0.0028352485	-0.1647399463	-0.0005754654	0.0524859479	-0.1098929065	0.1023871721	0.0451306357	0.0335049691	-0.0910085295	0.0700322303	0.0386436901	0.075218401	-0.0425660009	0.0196607337	0.0960525514	-0.0201112393	-0.1898264369	-0.2134116057	-0.0698241871	-0.0311968924	-0.1554923766	-0.0874600619	-0.0480913487	-0.0247473216	-0.0321606735	0.0485245465	-0.1417676935	0.0473619461	-0.0989437209	-0.1235908424	-0.0884958202	0.091157931	-0.0018270539	-0.1819921856	-0.0280763144	-0.0554896314	0.0282976027	0.0475605168	0.0575304043	-0.0207079648	-0.0153267541	-0.1494989928	0.0555094715	-0.1241518303	-0.0652187916	0.0144567552	0.0644931139	-0.0733521628	0.0450374891	0.0838656562	-0.012932003	-0.1139788291	0.1029054857	0.1529871284	-0.0158678391	-0.0505754587	-0.0150648049	0.0950764255	-0.0183282818	0.1169970536	0.1636065406	0.0368805014	0.0204706692	-0.0036522583	-0.0811988583	-0.0573405081	-0.0747319443	-0.0208027785	-0.0070674968	-0.0610772329	-0.0471368337	-0.0599347511	0.0684503477	-0.015113131	-0.0578537786	0.0143056139	0.099275828	-0.035487426	-0.0880616343	-0.0017030367	0.1229916785	0.0348947975	0.0339649549	0.1519408591	0.0127794811	-0.0684752796	0.0330733777	0.090973781	0.0955269064	-0.0117759012	-0.0319506923	-0.0810499114	-0.028200622	-0.0051230037	0.0151721327	-0.0288263428	-0.177275055	0.055929889	0.1680455583	0.0222695882	0.0218579921	0.1059069075	-0.049868416	-0.0648909199	0.1119130019	-0.1053456782	0.0116172656	-0.047667356	0.07347554	-0.1273811266	-0.1083631413	-0.0639023903	0.1578247063	-0.0012440228	0.0666121705	-0.0454804688	-0.1161734109	0.0610616893	0.085783829	-0.0179351061	-0.0380907163	-0.0675324607	0.0582715564	-0.0457288231	0.0182000257	0.0838172693	-0.0492073657	0.0444588862	-0.0512268753	0.0022544244	-0.0824916307	-0.0447569521	0.0039468007	-0.0616170511	0.1682058274	-0.0079989923	-0.1738973299	-0.0541189866	0.1157420527	0.0960264828	-0.0579890797	0.0458912359	-0.0845540398	-0.0015548452	0.0466900561	0.0650287418	0.121954937	0.0323210622	-0.0106216688	-0.0393868289	-0.042046401	-0.0091975118	0.0491202565	-0.0650093627	0.0655773942	0.0611467493	-0.1758276764	-0.0804466379	0.0148979256	0.0384901521	-0.0541531842	0.0240213371	-0.173941923	-0.0598930703	0.0088258862	0.0454649254	-0.0931510327	-0.1747838947	0.0569120023	-0.0022313783	0.0489588679	0.0932611511	0.0877827412	-0.1081996109	-0.115137617	-0.0627997076	-0.0298699563	-0.1036423034	0.0820411548	0.0748169999999999	0.0132779999999998	0.0055975834889999	0.0001763052839999	0.147666	0.0563883999999999	0.0218052475559999	0.0031796516545599	0.0728505	0.0047306	2.237857636000001e-05	0.00530719535025	-0.0001583	-0.000581699	3.38373726601e-07	2.505889e-08	-0.0034421	-0.0001034099999999	1.184805241e-05	1.0693628099999992e-08	-0.0008647289999999	5.964200000010001e-05	3.5571681640119303e-09	7.47756243440827e-07	0.0	0.0	0.0	0.0
9346.69608888751	-30.829672181975184	87360727.77802506	950.4686868480544	8849.374961735308	30.526136220334596	78311437.21338779	931.8449925424236	6736.230521900706	-15.986096058678411	45376801.64418665	255.5552671972935	7066.197709899853	7597.530238039406	1.276756	52.662117	0.123788485	0.0729430999999999	0.0292141405	0.155150805	0.0717052634	0.0208062556	-0.0798544781	-0.0095344518	-0.0251382989	-0.0195191572	-0.0073896217	0.1036730987	-0.0315266381	-0.0514127494	-0.0831584546	-0.1804261878	0.0029858592	0.068889127	-0.094102821	0.0111421085	0.0485238935	-0.0999883159	0.0678495823	0.0318478357	-0.0175604681	0.1484928525	0.0044038162	0.1143006735	0.0426839096	0.0674039198	-0.0389931997	0.0959091364	-0.1422646815	-0.075848213	-0.0323411282	0.0329673661	-0.0046129193	0.1087219173	0.003706963	-0.0901853171	-0.1193366621	0.0015608342	-0.0876373494	-0.02338087	-0.1154129569	-0.0566464625	-0.0882519157	-0.045836629	-0.1194138275	-0.0302642076	-0.118704786	0.0380481884	0.0016166815	-0.2036057012	0.0078175583	-0.0616253823	0.0385826816	0.1250261379	-0.0159636604	-0.0936467153	-0.0138348571	0.1248068094	0.0803640247	0.0701224737	-0.0022901901	-0.0606627192	-0.0083319115	0.0014831315	-0.0641081026	0.0758758912	0.0098575606	0.1001869278	-0.1224861754	-0.112701575	-0.1232969104	0.1109377305	-0.0065569448	-0.1147951427	0.0133535799	-0.3074861899	-0.092847027	0.059746261	0.0654586611	-0.0122607286	-0.1380389393	-0.0692102791	0.0078532524	-0.0030440917	0.1201715468	-0.0343059008	-0.0125083941	-0.0055046113	-0.0402920596	0.0211244759	0.0253401059	0.1049853167	0.0333013733	0.0218943173	0.055032681	-0.0453852643	0.0530141066	-0.0374460045	-0.1062908397	-0.0663254897	-0.0649444282	0.0215356985	0.0249603909	-0.0775498078	0.1386447715	-0.0438222444	-0.0962272014	0.0751048941	-0.1156175428	-0.0666755991	0.0436634619	0.0885589805	-0.1090926439	0.0575956805	-0.0998666231	-0.100294549	0.0025160107	-0.0739033674	-0.0524733579	0.0751721193	-0.1073418896	0.0662278304	0.0167461123	0.0780725369	0.0323238694	0.0177223596	0.2778804655	-0.069485137	0.1213202052	0.0518989298	-0.048048327	-0.05123231	0.0068957203	-0.0043200744	-0.0342459716	0.1203701407	-0.1927485045	0.072271886	0.0273480316	0.0570895234	0.0996910257	0.0235018242	-0.0399501705	-0.0063446105	-0.0191496384	-0.0552615942	0.1665407312	-0.0306760368	-0.0340903065	-0.0596857168	0.1537075043	0.0976040798	-0.0139229948	0.0380831082	0.118177732	0.0064484603	-0.0644311093	0.046493381	-0.0182064305	0.0630381893	-0.0683048937	0.1091014542	-0.1004861966	-0.1095534212	-0.029507237	0.1064103326	-0.1053598004	-0.0983589079	-0.077768747	0.0124283387	-0.007986246	0.0673819962	-0.016221941	-0.0177877225	-0.1334815699	-0.070093139	0.0351921357	0.0571827162	0.0813344145	-0.0553402279	-0.0578329495	0.0385363232	0.0547182573	-0.0324035386	-0.1009834314	0.087547979	0.0702709	-0.0045460999999999	0.00493799938681	2.066702520999909e-05	0.0808442999999999	-0.0668217000000001	0.0065358008424899	0.00446513959089	0.102481	0.0296305	0.00087796653025	0.010502355361	7.48087e-05	0.0002331087	5.433966601569e-08	5.59634159569e-09	-0.00326048	0.0001816199999999	1.06307298304e-05	3.2985824399999985e-08	-0.000905804	-4.107500000009997e-05	1.6871556250082127e-09	8.204808864159999e-07	0.0	0.0	0.0	0.0
9318.902948663272	-27.793140224237504	86841952.16660503	772.4586435241288	8822.579326352155	-26.79563538315233	77837905.96977645	718.0060755868451	6726.235097704983	-9.99542419572299	45242238.58959836	99.90850485244458	7050.465519517703	7651.953292278243	1.198592	49.438114	0.096640135	0.0586191	0.0521882731	0.0785018654	0.0446258617	-0.0162606315	0.1250640565	0.1587962103	0.0312769982	-0.0158793514	0.1176062034	-0.0049648344	-0.1035950354	0.0815084194	-0.05118591	-0.0142571691	-0.0216943743	0.0526877709	-0.0895606945	0.0056961579	-0.0265868834	-0.007260081	-0.1328462696	0.0775469968	-0.0386078004	0.0489519661	-0.1380033603	-0.0598146986	0.0428470301	-0.0182841756	-0.0199905017	0.0018903438	-0.0642645025	0.056668111	0.0635560236	-0.0383695309	-0.0128441047	-0.0818211764	0.0488493939	0.2362766353	-0.2328817923	0.0813280517	0.0218128575	-0.0525039485	-0.0113218791	-0.0564631176	-0.0846635081	0.0274075532	-0.0101936193	-0.0851774645	0.062208917	0.0410390873	-0.0386410172	-0.060516889	-0.1871318027	-0.0896552079	0.0278092759	-0.0294095304	0.0050338959	0.0690984898	-0.085306877	0.0327647144	0.0665806106	0.0481678138	0.1569611052	-0.0011009047	0.04281729	0.066680625	-0.092419892	-0.0250559766	0.0036528641	-0.0202713698	0.0068568945	-0.0399329902	-0.0464021775	-0.0171489461	0.0737377924	-0.0642407594	0.1097436636	-0.065748072	0.0841744264	0.0303845248	0.1289930809	0.0171535596	-0.0827288755	0.0062930492	-0.0497241094	-0.0217982784	0.1240032146	0.0006481483	0.0079006705	0.0620735355	0.0848667715	0.1263372816	-0.0221748824	-0.2398560919	-0.0529862084	0.1038893092	-0.0453592295	-0.0047288369	0.0182435798	-0.0692822252	-0.051845506	0.0944155738	-0.0462312316	0.0197730344	-0.1716936847	-0.0026195957	0.0321028509	0.0548184942	0.1066047156	0.0704310482	0.0113339747	-0.0496908364	-0.0103323703	-0.0050167993	-0.0665129704	0.0055339113	-0.0482694523	-0.1199957162	-0.1399950276	-0.0627239741	-0.0152855304	0.0397274824	-0.0946783971	-0.0859409184	-0.0905522915	0.1470985953	-0.0158570677	-0.0023359105	-0.056748513	0.0264834077	0.0464699762	0.102485891	0.1234642811	-0.1103073388	-0.089819715	-0.0693880114	0.0618658886	-0.0750763996	-0.0712666318	0.0434350623	0.0331695155	0.0142385145	-0.0550247027	-0.032488906	-0.0004706969	0.0327162402	-0.0663142163	-0.0170309956	0.0226795845	-0.1016269647	-0.1262610006	0.0180218581	0.0639147583	-0.0866228	-0.015322301	0.0856798848	0.2192316399	-0.1255338755	-0.1563476196	-0.0017672171	0.0407215524	0.0828757837	-0.0335199818	0.0526310659	0.0093776429	-0.1726870788	0.0809788049	0.0081094804	0.0197019874	-0.0569998334	0.081596508	-0.0498227054	-0.1012149903	0.0024961895	-0.1606007826	0.0182379681	-0.0871920355	0.0130624034	0.0531788376	-0.0720113935	-0.0241845477	-0.0194843162	-0.1489069143	0.0334498546	-0.0048679189	-0.0349212611	-0.0981268796	0.0926692784	0.0719521	0.0016812	0.00517710469441	2.8264334400000258e-06	0.135932	0.0550877000000001	0.0184775086239999	0.00303465469129	0.0940805	-0.0084005	7.056840025000009e-05	0.00885114048025	-0.000444119	-0.0005189277	2.6928595782729e-07	1.97241686161e-07	-0.00336112	-0.0001006399999999	1.12971276544e-05	1.0128409599999986e-08	-0.000915651	-9.847000000000002e-06	9.696340900000003e-11	8.38416753801e-07	0.0	0.0	0.0	0.0
9320.963454221472	2.0605055582000205	86880359.71493226	4.245683155373178	8875.336932606246	52.757606254090206	78771605.66728444	2783.365017661618	6715.09144266903	-11.143655035953088	45092453.08340683	124.18104756032264	7045.641525328089	7607.746528087196	1.065973	43.967999	0.05667535	0.027038	0.0584468999	0.0607053792	0.010861115	0.0557276214	-0.0189685047	-0.0647624051	0.1273790556	-0.1185396166	-0.0685068718	0.0033189259	-0.0059644788	-0.1169741443	-0.0253003793	0.1556682459	-0.0364208665	-0.0132156441	-0.0893383766	0.087668213	-0.0389640958	-0.051376454	-0.0375655807	-0.0020106594	0.0465035608	0.0453753499	-0.0473084453	-0.1241671783	-0.0157765258	0.0708221271	-0.0966446311	-0.0319672695	-0.0254837757	0.0603297864	0.0788822242	0.0022402901	-0.0087955849	0.1231571645	0.2117663139	-0.028408101	0.0051123754	0.2079700154	0.1186191755	-0.0851073647	0.0286889878	0.0269746577	-0.0752512012	0.0282078019	0.0780684911	-0.0570209711	-0.0577972682	-0.011826789	-0.0293899469	-0.0720622624	0.0506781511	-0.0708066554	-0.0445263811	-0.0094256415	0.0668099639	0.0046298039	0.0401943607	-0.1681070816	-0.1919010632	-0.1422965582	0.0140315069	0.076483553	0.0145804679	0.0239137952	-0.0858188686	0.1368408927	-0.0051333903	0.027215417	0.0132128722	-0.1495099195	0.0220692597	0.0704913688	-0.056741632	0.0112653469	-0.1118926498	0.0375503098	0.0460179971	-0.130389685	-0.0445769404	0.0286037239	0.1350738216	0.0283202708	0.140109604	-0.0885611972	-0.0603550941	0.0904268209	0.0376368598	-0.1823256276	0.0091006012	-0.0312450596	0.0437781563	-0.075732984	-0.0767700035	0.0284186326	0.121477187	-0.0596527501	0.0494576693	-0.0453622713	-0.0639993274	-0.052806868	-0.0583741846	-0.0846585016	0.0441567973	0.0252542334	-0.0771670373	0.1132511347	-0.0873874837	0.00874202	-0.0543273037	-0.1051738868	0.0421193481	-0.1330033867	0.1362868194	0.1329920312	-0.0652736554	0.0052026291	-0.0238118818	-0.0741283701	-0.0120567966	-0.023369702	0.0552628968	-0.0134781461	0.0997409658	0.0163037093	0.1228133355	-0.0668795594	0.0111265087	0.1565413436	-0.0232847657	0.0577268127	-0.0275074456	-0.0350904069	-0.0365422288	-0.0120917773	0.0184078854	-0.0667501966	0.0468736086	-0.0227239089	0.1084054274	-0.0344934362	0.2138167077	0.0490396456	0.0953763235	-0.0722484281	0.0303257799	0.1711755595	-0.0415360289	-0.1346325244	0.0079791973	0.0342264997	-0.0047642015	0.0399450024	0.0690324137	0.0284858689	-0.0747059932	0.0686171184	-0.058797406	-0.1183352169	-0.0759850503	0.0720959372	0.011624302	0.025513322	0.0175421628	-0.0466968415	-0.1487268149	0.128636723	-0.0560418211	-0.0084610275	0.04282627	-0.0613933929	0.080596567	0.0023304935	-0.1998237767	-0.0559856046	-0.1280182173	-0.0849010442	-0.0173174253	0.0061571506	-0.0267791768	-0.060508534	-0.0167433867	-0.0359570289	-0.06097177	-0.0374218916	-0.0950782398	0.0973825011	0.0707068	-0.0012453	0.00499945156624	1.550772090000012e-06	0.117665	-0.0182669999999999	0.013845052225	0.0003336832889999	0.0990298	0.0049493	2.449557049000004e-05	0.00980690128804	-0.000325908	0.0001182109999999	1.3973840520999992e-08	1.0621602446400001e-07	-0.00367292	-0.0003118	1.34903413264e-05	9.721924000000007e-08	-0.000701387	0.0002142639999999	4.5909061695999965e-08	4.91943723769e-07	0.0	0.0	0.0	0.0
9358.399143151646	37.435688930174365	87579634.52254146	1401.4308056767795	8895.730651339742	20.39371873349592	79134023.82118538	415.9037637809423	6723.492025353698	8.400582684668734	45205345.01499478	70.56978944195616	7053.942313896109	7909.438831466251	1.130676	46.636795	0.0511413	0.0304283	0.0205370257	0.0545874954	-0.0149762836	0.0957928916	0.0770212867	-0.1097561261	-0.093225257	0.0103872875	0.1103111398	0.0678188369	-0.0397267613	0.0797995525	-0.0850854438	-0.007152923	0.0056943704	0.07129628	0.1414214096	-0.0039981818	-0.048550015	-0.0356652113	0.0707457422	0.0690874413	0.0384301358	-0.0564372799	0.046770965	-0.1646392443	0.0333050438	0.0899597354	0.1166318255	0.01285247	0.0222565816	-0.1055205891	-0.0033512321	-0.1443621902	0.0364442033	0.1352428229	0.112250896	0.1032330303	0.2007358651	0.0878245612	-0.1014940256	-0.0403338558	0.0257191259	0.0620133264	-0.0932532042	0.0953366285	-0.0132978083	0.0469869847	0.0395442263	0.0715771594	-0.0804702017	0.0465947922	0.0045123308	0.0220386656	0.0643225432	-0.1029096768	0.057219966	-0.0208980448	-0.016620268	-0.0430191612	-0.0659225874	0.0070785252	-0.0032822355	0.0201501986	-0.0998902338	-0.0077455009	-0.0684033373	-0.0386974975	-0.1248552028	0.0270820615	-0.0925294332	0.0727815488	-0.020195872	-0.1426877101	0.0039572344	-0.1327885626	-0.0692381569	0.0364123627	-0.0312125505	-0.0357747801	0.097533211	-0.071094927	0.036564095	0.1310376763	-0.0107399552	-0.0232738591	-0.0274592933	-0.1504507264	0.0308341686	-0.0747432652	-0.1169666087	-0.1971632998	0.004742885	-0.0746602548	0.165298114	0.061828859	-0.1181469508	-0.0035484449	0.0126051325	-0.0151944329	0.0837916103	-0.1409982463	0.0319407027	-0.1270280211	-0.0313581061	-0.0254733388	0.0046146848	-0.1318106297	0.0612808971	0.0467197992	0.0167041959	-0.0243183061	-0.1020245678	0.0266633246	-0.043669419	-0.010561143	-0.0041318886	-0.0745818569	-0.0372461323	-0.0865687548	-0.0249294545	-0.0043928802	0.0180890072	-0.0843029926	-0.0157854636	-0.1224854681	0.0561576456	-0.1419207357	-0.1116349584	-0.0458923661	-0.0534987821	0.0380614986	0.0490113488	0.1651104227	-0.098775947	0.0336212254	-0.0393500491	0.0123690747	-0.0026515672	0.0428550046	0.0027411646	-0.103220673	0.1177782178	-0.0411404661	-0.0149970019	0.1094574279	-0.2014688468	-0.1223542471	-0.0167452669	-0.0477270825	0.1290881061	0.0414282379	-0.0093264281	0.1834517835	-0.0262727767	0.1188620987	-0.0872534473	0.141840776	-0.1360389961	0.0884268157	-0.0084356554	0.0477717697	0.0046963603	0.0263390484	-0.039295679	-0.0710950168	0.0372248362	0.1437210856	0.0762187479	-0.0420327598	0.1065189883	0.1518137175	0.0203798473	-0.0819983527	-0.1863904848	-0.0370264864	-0.0950767208	-0.0509848366	0.0047837697	-0.1050835483	-0.0077730728	0.0412816517	-0.0150353097	-0.0558560473	-0.0615297134	-0.039904206	-0.0918434799	0.1016668918	0.0771718	0.0064649999999999	0.0059554867152399	4.179622499999998e-05	0.104318	-0.013347	0.0108822451239999	0.000178142409	0.0733092	-0.0257205999999999	0.0006615492643599	0.00537423880464	-0.000228344	9.756400000000002e-05	9.518734096000005e-09	5.2140982336e-08	-0.00365831	1.460999999999997e-05	1.33832320561e-05	2.1345209999999914e-10	-0.000701387	0.0	0.0	4.91943723769e-07	0.0	0.0	0.0	0.0
9375.560497403152	17.161354251506054	87901134.64046644	294.51207974568496	8859.941512994255	-35.78913834548621	78498563.61367893	1280.8624235123514	6736.966298639136	13.474273285437448	45386714.908999495	181.5560405706533	7061.890141186673	8080.987188895828	1.037863	42.808544	0.0833822999999999	0.037627	-0.0107155917	0.0667565778	-0.0164460815	0.0296106694	0.0427184751	-0.0446433091	0.0728716666	0.0892265644	0.0468812284	-0.10968163	-0.1281413376	-0.0139719549	0.0034593203	-0.0524793803	-0.0480785114	-0.0134326836	-0.0052741108	-0.071033461	-0.0603115373	0.1032987187	-0.0367451018	0.1347295637	0.0892567061	-0.0564629136	-0.0626399352	0.029053158	0.0754037566	-0.0432238843	-0.0274933524	-0.0581671489	-0.0853932696	-0.0944222001	-0.1420500316	-0.0304291075	-0.0058139436	0.1055393923	-0.1119197455	0.0184897678	-0.0774796997	0.0138717515	0.0873848764	-0.0164922329	-0.0116851425	0.0653012246	-0.1068446633	0.1461478254	0.0192570756	-0.004406552	0.0893447967	0.0438399643	0.0088958089	0.0963773649	-0.0732637945	0.1137448221	0.0741520046	-0.0702354521	-0.0650021306	-0.1283497671	-0.0574735095	0.0323280288	-0.0930196574	0.0328587296	-0.1085790216	-0.1524617709	-0.0152191115	-0.0004062768	-0.0591457197	0.0295066291	-0.0171908468	0.0125249664	-0.045912624	0.0140148504	-0.0201017697	0.0610319053	0.0598554932	0.0198574425	-0.0847593666	0.0905376921	0.0416990677	-0.0327191421	-0.0306458016	-0.0321026155	0.1171984549	-0.000699419	-0.0211054889	-0.179180696	0.0783253901	0.1371033313	-0.0002014231	-0.1750342883	-0.2163613963	0.0188331297	0.0745688438	-0.1211471592	-0.073796473	0.0405906605	0.1122805909	-0.0117231078	-0.1257772247	0.0642487784	-0.0604284507	-0.0214887679	0.030869185	-0.063017605	0.0251763714	-0.0673117634	-0.0262019664	0.0637383035	0.1638725703	0.0438845858	0.0586663774	0.0493486675	-0.0578313735	-0.0723851981	0.0296671309	0.0307667394	0.084093901	-0.0649462372	-0.1174421175	-0.0688624447	0.0132684908	-0.0446693113	-0.0298572022	0.0081400047	-0.0387315221	-0.0129498742	0.0626774008	-0.0154145338	0.0765698127	0.0095243343	0.0136242077	0.0053544783	0.0203655065	0.1172855196	-0.1148130996	-0.1564201773	0.0742847413	0.156330354	0.0506075651	-0.0060445294	0.0607493571	0.0956344134	0.1477140651	-0.0524210443	0.1373968378	0.0042239617	-0.0259198374	-0.0165942915	-0.0066241019	0.0406225372	-0.1895170677	-0.1575422079	-0.0521592369	-0.0761060845	0.010369922	0.0604320919	-0.0983167688	0.1917465624	0.102941132	0.0581134074	0.0059437752	0.0381537385	-0.0238811822	0.0219596538	0.0454518959	-0.0340335318	-0.1656552055	0.0505073984	0.0133695463	0.0147746564	0.1034970715	0.0822160697	-0.0062815981	-0.0541087203	-0.2269319555	-0.0315661025	-0.0384334378	-0.0298932546	0.0961558428	0.0595515113	-0.1218464012	0.0287241822	-0.0715284263	-0.0253247691	0.0558441226	-0.0423669894	-0.0884289321	0.1055035841	0.0739775	-0.0031942999999999	0.00547267050625	1.0203552489999982e-05	0.120099	0.015781	0.014423769801	0.000249039961	0.0873091	0.0139998999999999	0.0001959972000099	0.00762287894281	-0.000682273	-0.0004539289999999	2.0605153704099998e-07	4.654964465289999e-07	-0.00399772	-0.0003394099999999	1.59817651984e-05	1.1519914809999978e-07	-0.00091619	-0.0002148029999999	4.6140328808999984e-08	8.394041161e-07	0.0	0.0	0.0	0.0
9382.158510056614	6.59801265346141	88024898.30782774	43.53377097523688	8819.38280794815	-40.55870504610539	77781513.11313139	1645.0085550169747	6741.561804603346	4.595505964210133	45448655.565286726	21.118675067090905	7062.439781611849	8240.355403839858	1.061365	43.77792	0.0635188	0.0331131	-0.0208017862	0.0569997815	-0.0299117649	0.0008044921	-0.0038170202	-0.0029054776	-0.091664063	0.0662458356	-0.0795257415	-0.0809598373	-0.0949940224	-0.0971437446	0.0604038937	-0.0435066114	-0.0355510153	-0.0430488243	-0.0796105643	-0.0460868701	-0.1203177184	-0.0651736792	0.0499486472	0.0911777501	0.1108782089	-0.031609975	0.1303281354	0.0344717144	0.0636349744	0.0103255266	0.0840224033	0.059208752	0.0083326448	0.0826719914	0.0227626987	0.04250549	-0.1206298443	-0.0636549976	-0.0219913906	-0.0260306402	-0.0617397525	0.0203126972	-0.0162866728	-0.0236143932	-0.0545956389	0.0183771011	-0.0537000534	0.0313628326	0.0098754642	-0.0669179207	0.0428238115	-0.0622674065	-0.072655255	0.0841610978	0.0101446574	-0.0763732487	0.049773606	-0.0203966659	0.0998707008	-0.0671921013	-0.0236245929	0.1052751505	-0.0764432254	0.0256702297	-0.0489200679	-0.0344748176	-0.0769842981	-0.0265084257	-0.0366126548	0.1147048704	-0.0351928811	-0.0739555196	0.1369485844	0.0080248356	0.2390234189	0.0374045066	-0.0839834358	0.122326035	0.061312013	-0.1305714516	0.0574866082	-0.0821963576	-0.0061907517	0.1195207251	0.0789337292	0.0682633796	0.0046948099	-0.0265618107	0.0177645642	-0.0895377085	-0.0403902643	-0.0174608268	0.0376976517	0.088359929	-0.1041913122	0.0361284136	0.1819702469	0.0819315578	-0.0428782592	-0.1265111064	-0.0265703641	0.0829414237	-0.04901319	-0.1119456157	0.012502876	-0.0409057397	0.0262894521	0.0459960325	0.1420657162	0.0572078614	0.0380255725	0.0060345098	0.0721750544	0.050912871	-0.0043543283	0.01460115	0.1481312874	0.0457440092	0.0828053989	-0.0592986013	0.0019565916	-0.0522066052	-0.1041590631	-0.0640298847	0.0849524124	0.0320090483	0.1373086876	0.0974619822	0.0444592559	0.032259683	-0.0292121002	-0.0333737675	-0.0531772741	0.0002327971	-0.012976008	-0.0677090716	-0.118480494	-0.0467484752	0.05526238	0.0037833737	0.1247499713	0.1768586356	0.0334592953	-0.1285536718	-0.0362849609	0.0350938641	-0.0018243668	-0.1451911077	-0.0761323412	-0.058609982	0.1308628385	0.1180014632	-0.0076509571	-0.0090507037	-0.0424639727	0.0657293352	0.0172536358	-0.171239693	0.1052255125	0.1211346303	-0.0304539631	0.0460314212	0.0688357683	0.013351455	-0.0264987068	0.0469520698	-0.0070457486	-0.0427774996	0.0767738981	0.1052830647	-0.0386367747	0.0512200334	0.0797748696	0.0201732397	0.0722345209	-0.0279765137	-0.193878395	-0.0480627234	-0.1008524054	-0.0223134607	0.0091032891	-0.007646513	-0.1354267175	0.0467824013	0.1276165276	-0.0810017403	0.0767540664	-0.0448090364	-0.0848412804	0.1088756826	0.0774325	0.0034549999999999	0.00599579205625	1.1937024999999998e-05	0.0991802	-0.0209188	0.00983671207204	0.00043759619344	0.0645765	-0.0227326	0.00051677110276	0.0041701243522499	-0.000497196	0.0001850769999999	3.4253495928999986e-08	2.47203862416e-07	-0.00390803	8.968999999999991e-05	1.52726984809e-05	8.044296099999984e-09	-0.000862709	5.348099999999997e-05	2.860217360999997e-09	7.44266818681e-07	0.0	0.0	0.0	0.0
9396.339983340784	14.181473284170352	88291205.08252868	201.11418450963745	8874.146790716772	54.763982768621645	78750481.26318878	2999.0938086818883	6752.454578343942	10.892773740595658	45595642.83259806	118.65251976381032	7077.555348140268	8484.34774067144	1.141677	47.090546	0.1069595	0.0495214	-0.0395477214	0.0199749202	-0.0383584445	0.0288147945	0.0601607538	-0.0388018654	0.0764404085	0.0208009281	-0.0533722932	0.0709962663	0.1063636249	0.0213972805	0.0901092403	0.0013967852	-0.0004185746	0.0894237345	-0.0036207958	-0.062917624	-0.0680079434	0.0176119431	0.0350680458	0.0059327036	-0.0214130797	0.0083197709	-0.0493112592	-0.0734139013	0.0782515758	0.004908535	0.0707172427	0.1630751673	-0.009051158	0.020971312	0.0666949175	-0.0132924841	0.1552478445	0.0046957219	-0.1078301773	-0.0363509298	-0.0301021537	-0.0407925654	-0.0303724614	0.037245918	-0.1118110442	-0.0304748709	0.0610788209	-0.032108013	-0.0157036748	0.056229486	-0.0923283665	-0.1072173187	-0.0596839216	0.0335524841	0.097075317	0.0290242253	0.0660297006	-0.103808973	0.1501271149	0.0292621788	0.0869034345	0.0127349525	0.0976890868	-0.00914811	-0.03184427	-0.1211795432	0.0359517639	0.0428874005	-0.0882434976	0.1123848897	-0.0697924976	0.1144942128	0.0521369149	-0.0776600958	0.0393214586	-0.0260854847	-0.0805744782	0.0500888085	0.0893356677	0.016021861	-0.0598735901	0.0250307509	0.0872967742	0.1035478951	-0.1793766397	-0.0610159915	0.004243655	0.1158488781	-0.0187822533	0.0206692947	-0.0580821856	0.0032899923	0.0170995272	-0.1158055017	0.012077418	-0.0566418049	0.1091830739	0.0171605616	0.02440312	-0.0012646435	-0.0887290745	-0.0503597684	0.0617823793	-0.0247126273	0.0523477196	0.009653694	-0.0206089241	-0.1188259683	-0.0221686489	0.0288574002	-0.0979470952	-0.0600407127	-0.0304159239	-0.0264041444	0.0127808463	0.0804060536	0.1558674705	-0.0537725512	0.0315632157	0.0436695798	0.1278542252	-0.0012263941	-0.0111724654	0.01789543	0.0077375039	-0.0547241571	0.0332509283	0.0577609873	-0.0003080464	0.0128066588	0.0325576622	-0.0100902629	-0.1156397995	0.0167829519	-0.0131262557	-0.1410649371	-0.0794047663	-0.0912904508	-0.117433172	-0.0265561083	-0.0704441074	0.0825848594	-0.0296314816	-0.1002238799	-0.0299420737	0.1188010382	-0.0396416281	-0.0204592395	-0.0666980949	-0.0356680538	-0.0117910337	-0.0002215898	0.0057579262	-0.010593209	0.1686457484	0.0342276972	-0.165931877	0.0070774819	-0.016093011	0.1011321804	0.019985449	0.0542338983	0.0994360272	-0.0280754915	-0.0170587065	-0.0064248466	0.1004510927	-0.0252665648	-0.0838836979	-0.0213255809	0.1111048455	0.0033939057	-0.0202268809	0.0647792624	0.0829557421	-0.0527179561	-0.1182472333	-0.1316897175	-0.0548518207	-0.0801391428	0.0452814767	0.1037612739	-0.076983803	0.0036702142	0.0232879706	0.0816497298	0.1755928999	-0.0472291519	-0.081087548	0.111768338	0.0712618	-0.0061707	0.00507824413924	3.8077538490000015e-05	0.132763	0.0335827999999999	0.0176260141689999	0.0011278044558399	0.0398105	-0.0247659999999999	0.0006133547559999	0.0015848759102499	-0.00114347	-0.000646274	4.17670083076e-07	1.3075236408999998e-06	-0.00397959	-7.156000000000003e-05	1.58371365681e-05	5.120833600000004e-09	-0.000993675	-0.000130966	1.7152093156000014e-08	9.87390005625e-07	0.0	0.0	0.0	0.0
9421.456384062056	25.11640072127193	88763840.39678366	630.8335851915091	8896.31510022771	22.168309510938343	79144422.36253957	491.4339465727594	6748.909398243281	-3.545180100660218	45547778.06569649	12.568301946117195	7078.091550247155	8514.774671214005	1.064296	43.898842	0.1043914999999999	0.0636335	-0.0592937079	0.0521838441	-0.0350488713	-0.0071195945	-0.0836304985	-0.0803521707	-0.0402085844	0.0472501832	0.1403447267	-0.0450629124	0.0666768993	0.0434817014	0.0066622137	-0.0262020516	-0.0578583521	0.024210556	-0.0167968783	0.076096893	0.0276607746	0.0618079218	0.0778055183	-0.0358788829	-0.1233111104	-0.0215267844	-0.0624522084	-0.0208124741	-0.0512130075	-0.0331929215	0.1318763654	-0.0976565348	0.0576034448	0.0957878316	0.0684455065	-0.0865737686	-0.0149486623	-0.1111051355	-0.0236182763	-0.0218059148	0.0552343223	-0.114824847	-0.0447958254	0.022335695	-0.0699520568	-0.0036798494	0.0363052553	0.038988471	-0.0649999212	-0.0751304378	0.0053988649	0.0081180774	0.0437556482	0.0481338831	0.1920003998	0.0598326402	0.0813516955	-0.1354318941	0.0183561256	-0.0140691155	-0.0939775631	0.0069423678	0.0985036852	0.0392296268	-0.0061510128	-0.0749174176	0.1447382772	-0.0723194481	0.1119563906	0.020447867	0.0293265871	0.0335531998	-0.1582197237	0.0485969141	0.0561465896	-0.0372263526	0.0569234114	-0.0008891161	-0.0630719663	0.1749213129	-0.0047709499	-0.0772557831	0.0622034367	-0.0159225442	-0.0151016282	-0.1215561812	0.0734526187	-0.094318974	-0.1060107853	-8.9044e-06	0.153184578	0.067685913	0.0570477844	0.0374734021	-0.0805222826	-0.0436459078	0.1550111807	0.1457789362	0.0006557478	0.0781905676	-0.0338605382	0.0153373675	0.0269974439	-0.0455230021	0.0036614579	0.0163542635	0.0785946059	-0.082520388	0.0323464446	-0.1026520539	0.0925901502	0.0072543732	0.0129118524	-0.0085760733	0.0337335968	0.0587764811	0.0762980456	-0.0408957961	0.0116548492	0.1008103311	0.1653824457	0.0258081946	0.1900443267	-0.0844216	-0.041915749	-0.0776271299	-0.0990515322	-0.0855946598	-0.029817197	0.0415110515	0.082715448	-0.0001499131	0.0775214338	-0.1507871719	0.1072643242	0.0218286325	-0.0976256652	-0.0201239753	-0.1150305081	0.0002422598	0.0024802647	-0.1593576756	-0.0826727162	-0.1127500097	-0.0063448375	0.0675819505	0.0773300627	-0.0118001546	0.0758170668	0.0875814861	0.06583267	0.060832157	0.0798640245	0.0115800422	-0.0762517263	0.0347441338	0.0935695986	-0.000548892	-0.1632669974	-0.1042015605	-0.1065373517	0.0358028806	0.0633960566	-0.0315420071	-0.0451114299	0.0508702008	-0.0488263659	-0.0002592857	-0.0015376851	-0.0018735017	-0.0197740883	0.0349993404	0.0400289293	0.1569239639	-0.035744992	-0.0867822119	-0.0345937808	-0.0426327971	-0.0244384872	-0.0194176961	0.01583592	-0.0365559782	-0.0943802211	0.1512911423	0.0736260853	-0.0937890678	0.1932553278	-0.0496261511	-0.077175083	0.1141688124	0.0736108	0.002349	0.00541854987664	5.517801000000018e-06	0.0717969	-0.0609660999999999	0.0051547948496099	0.0037168653492099	0.0473394	0.0075288999999999	5.668433520999997e-05	0.0022410187923599	-0.00065106	0.00049241	2.424676081e-07	4.238791236e-07	-0.00393413	4.545999999999977e-05	1.5477378856900002e-05	2.066611599999979e-09	-0.000860595	0.00013308	1.7710286400000013e-08	7.40623754025e-07	0.0	0.0	0.0	0.0
9400.745485960322	-20.71089810173362	88374015.69180338	428.9413001803932	8815.128387159673	-81.18671306803662	77706488.48210831	6591.282378791709	6745.278483795988	-3.630914447293435	45498781.8239611	13.18353972356419	7066.426851366728	8647.614842885861	1.061781	43.795071	0.09969735	0.0608705	-0.0758582068	0.036008693	-0.0337969283	-0.1040730692	-0.014352627	0.0300629945	-0.0370394194	0.050661303	-0.0387386687	-0.1032870252	-0.0462263502	0.0808115109	0.102229428	-0.0548250076	0.0424362021	-0.0546536433	0.0289830029	-0.0175332108	-0.0241658657	0.0115557855	-0.096464185	-0.0123742021	0.0984558622	0.0509568692	-0.0152768952	0.0533497097	-0.0701569246	0.0198073135	-0.0142185494	-0.0473477979	-0.1589532545	0.0337684017	0.1671299074	0.1707289094	0.0175808342	0.044647645	0.1217918166	-0.0928932636	0.0861459461	-0.0640097101	-0.0681637986	0.0110256329	-0.0768851222	0.0261775846	0.072350688	0.1637630818	0.0598519363	-0.0143272019	0.0965717073	-0.1480861251	-0.0093790472	0.1058865001	-0.0075521307	0.0221208774	-0.0361279764	0.036147184	0.0677607292	0.1184535994	0.1169464582	0.2685005054	-0.0132810826	-0.0941092018	-0.1926508112	-0.129318326	0.0739575735	-0.1445111926	-0.0494826442	0.018107924	0.1307763112	0.0926108435	-0.0493383132	-0.0402749138	-0.0590640017	-0.0157636089	0.0779226387	-0.042566034	0.0202508868	0.0059116312	0.0198883593	0.1848485843	0.0237006622	0.062327371	-0.0046740612	0.1262440355	0.0547440124	0.0676739133	-0.1345330128	-0.1073251276	-0.0060737774	-0.0699401628	0.0818752084	-0.051207132	0.0642596993	0.0075450377	-0.0198741806	0.0255477911	-0.0925119664	0.0127838578	0.1297417039	-0.0331272692	0.0154532597	0.1685818568	-0.0052285119	0.0455490812	0.0411528984	-0.0122576673	0.0256759775	0.0997168208	0.1029772985	-0.0507114943	0.0402643766	-0.0535216973	-0.0129741876	0.061645749	0.0697038099	-0.0843827681	0.1351077	-0.0188347739	-0.0206117185	0.0189002439	-0.0197558667	-0.1306802922	0.0514086847	0.0251918699	0.1410152548	0.0378681225	-0.2803915899	-0.0274891276	0.1178854631	-0.105009723	-0.2384876178	0.0332321891	-0.0533269304	0.0856986551	0.0675718766	-0.1213114767	-0.0681178126	-0.0213290727	-0.0554980555	-0.0422525456	0.0260433128	0.0873377474	-0.0121929174	-0.0381665269	-0.1327087007	-0.0673251836	-0.007026675	-0.1067007235	0.0671718205	0.007508539	0.0381271134	0.058108687	-0.1189948055	0.0214136471	0.0139667046	0.0062074825	-0.0465295252	-0.0283014688	-0.050480459	0.0520723092	-0.0457127009	-0.0440199288	-0.0524667469	0.021601125	0.0878468677	-0.0509972749	-0.0831345305	-0.1180975336	-0.0210316252	0.0803033628	0.0134110005	-0.0165797169	-0.0697182023	-0.0203603462	-0.0494831888	-0.0937302387	-0.0356649104	-0.0691836878	0.0423051625	0.1691726873	-0.1258055674	0.0936328274	0.0454332189	-0.1502091741	-0.0371427908	-0.051998861	-0.073111544	0.116066535	0.0740524999999999	0.0004416999999998	0.0054837727562499	1.9509888999990478e-07	0.127784	0.0559871	0.016328750656	0.00313455536641	0.041268	-0.0060713999999999	3.686189795999997e-05	0.001703047824	-0.00126163	-0.00061057	3.7279572489999993e-07	1.5917102568999997e-06	-0.00400377	-6.964000000000015e-05	1.6030174212900003e-05	4.849729600000021e-09	-0.000924328	-6.373299999999995e-05	4.061895288999994e-09	8.543822515839999e-07	0.0	0.0	0.0	0.0
9374.431013005204	-26.314472955118617	87879956.81759377	692.4514869056692	8791.791876261064	-23.33651089860905	77295604.39549005	544.5927409208989	6734.003404081816	-11.275079714171625	45346801.84618549	127.12742256092449	7051.904952109912	8541.926860421037	1.085732	44.783001	0.1156875	0.0738976999999999	-0.0423532924	-0.0017234352	-0.0337609056	-0.1296832219	-0.1275852414	0.1535716674	-0.0924698734	0.0183938271	-0.0952139143	0.032121296	-0.0401882389	-0.1358280479	-0.0043767802	0.0305738719	0.0098115387	0.0673698502	-0.1891964774	0.0478076862	-0.0603477688	0.0632891339	0.2118766011	-0.0813263414	0.0363182634	0.092536968	0.0440123759	0.0262838186	0.1518652706	0.0151397002	-0.0858002909	0.0378566797	0.0907935715	0.0349010051	-0.0690773307	0.0105669581	-0.0028120588	0.0850874082	-0.0037967352	0.0491863373	0.0842161357	-0.0504311539	-0.0431417594	-0.0030610095	-0.0081143567	-0.0035325546	0.0753123441	-0.0543211922	0.1177065437	-0.1202769713	-0.0530566381	0.0047240373	0.173391954	-0.0332661892	0.0350612435	-0.0239035333	0.0417846805	0.0306407149	0.0261492534	-0.0122941026	0.0457468511	-0.0565787335	0.0413033589	0.1209654753	-0.0613708852	0.000984634	-0.0524912128	-0.0586228591	-0.0034952343	-0.0402927922	0.0468309776	0.1414565736	-0.0854397597	0.0047498627	0.0738946708	0.0972994444	0.0460433672	0.0584187274	-0.0747167196	-0.1486914039	0.0131812296	-0.0473822159	-0.024251237	-0.0239214438	-0.008451834	-0.1337665697	-0.0378462468	-0.0468803413	-0.1267410152	-0.0382024683	-0.1114159533	-0.0545794293	0.1268042411	-0.1256184276	-0.2227402193	0.0295108025	-0.0638496242	0.0520608767	-0.0066952513	-0.0539416065	0.0898837405	0.0305063124	0.0282472855	0.0130509203	-0.0724458738	0.1168598984	0.0457952081	0.1167694517	0.1253899764	0.0893849915	-0.0117554698	-0.0600804732	5.6145e-05	0.0887497718	-0.0149713252	-0.1004813578	0.0699329799	0.0311406322	0.091166349	-0.0577839801	0.0797993313	0.0405827436	-0.0608539823	0.0960239527	-0.0208711963	-0.0288143183	0.1381739329	-0.0215257324	0.090659245	0.1124881249	0.0840407168	-0.0705235734	0.1859638266	-0.0269337708	0.0286224489	-0.0384815612	0.1388238256	0.0465876876	-0.0949393303	0.0076818198	-0.0658907091	0.0174427889	-0.106725333	-0.0378023196	0.0066775781	-0.0047397339	-0.0058037806	0.1661174768	0.0169547015	-0.0466126703	0.1248183886	-0.0670224488	0.0769211402	0.1389251135	0.0516424728	0.0532823838	0.0752721611	0.0025870575	-0.146942405	-0.0102963369	0.0432226865	-0.0309867742	-0.1814588095	-0.0263637803	-0.0300561099	0.0376988925	0.0547864764	0.1187659547	0.117410331	-0.106399167	-0.1988169134	0.1666502875	-0.1068381887	-0.0457716037	0.0057653627	0.0744860622	-0.0746891538	0.0329419479	0.0052213793	-0.0474522893	0.0266295803	-0.1111103138	0.055355536	-0.093853449	0.0870228697	-0.1274979863	0.0379065506	-0.0543461203	-0.0689048858	0.117453149	0.0749380999999999	0.0008856	0.0056157188316099	7.842873600000005e-07	0.0697096	-0.0580744	0.00485942833216	0.00337263593536	0.0559706	0.0147026	0.00021616644676	0.00313270806436	-0.00192784	-0.00066621	4.438357641e-07	3.7165670656e-06	-0.00417237	-0.0001685999999999	1.74086714169e-05	2.8425959999999884e-08	-0.000930016	-5.688000000000004e-06	3.235334400000004e-11	8.64929760256e-07	0.0	0.0	0.0	0.0
9337.720512880023	-36.71050012518026	87193024.37666036	1347.66081944086	8864.943524003993	73.15164774292862	78587223.68378033	5351.163567505513	6718.873229405974	-15.130174675842682	45143257.47282826	228.9221857215112	7046.823177580273	8113.963245446617	1.131412	46.667141	0.14605325	0.0754901999999999	0.0073100251	-0.0010083616	-0.0183605851	-0.0160573091	0.0348025276	0.0464131254	0.0255814166	-0.1473402009	-0.0925331721	0.0777229066	0.100799165	-0.0320277598	0.0950678997	-0.0966756341	0.0934255729	-0.0473676623	-0.0177798933	-0.0195782874	0.0792848957	0.1262544132	-0.0100688698	0.0855684159	0.0071458819	-0.1325933418	-0.0208426054	0.0488945125	0.00611194	-0.0794352318	-0.0927042359	-0.0071425972	0.1524200711	0.1258102153	0.0991477047	-0.0138324806	-0.1267906437	-0.0313198475	0.0099655601	0.0369693217	-0.0059513871	-0.0838321875	-0.0651712925	-0.0599330151	0.0982720801	0.0205188026	-0.0244176144	-0.0885618182	0.0408966991	-0.013296341	-0.0666455119	-0.1185991216	-0.0118802649	0.183674924	0.0282473371	-0.0891605719	-0.1427695483	-0.0702673141	-0.0074741331	0.0423999694	-0.0864648942	0.0445383296	0.0367197424	-0.0138890024	0.0291519866	-0.0607699339	-0.0456026886	0.0650306532	-0.0183967682	0.093219833	0.2013477057	-0.0113523056	-0.0668185964	-0.02246939	0.0435217615	0.0060983878	-0.1020998297	0.094507365	-0.0056753874	-0.0341037084	0.0835540282	0.0625523823	0.0365679616	0.0580868658	0.1063644682	-0.0636684304	0.0716522696	-0.116432802	-0.0442841048	-0.0085230858	-0.0395917189	-0.1505094463	-0.0574359534	-0.0524051267	-0.0398473128	0.1006346904	-0.0679349226	-0.0699018203	-0.0093610768	0.0359570661	0.0306859695	0.0319573356	0.0024338206	-0.1130256304	-0.024822599	-0.0554236843	-0.076202885	0.0771444229	-0.0307660881	0.0977863193	-0.1550986436	-0.0478126341	-0.1024491872	0.0230220898	0.0314570902	0.0070583317	0.0164939326	-0.0539386975	0.1660605195	0.1014235513	-0.0491909281	-0.0097567409	-0.0009531733	-0.0630568216	-0.0303123786	-0.0380982399	-0.0161856654	0.0977065063	-0.0353704438	0.0128290524	0.0084991486	0.1092239432	-0.0360913818	-0.0261118213	-0.1542736287	0.0422368283	0.0587534051	-0.1474609634	-0.1104920272	-0.0356709967	-0.0207605947	0.0498066732	-0.0431100436	0.0336923855	0.0409378457	-0.1088326007	-0.0461505935	-0.091021939	0.0600037531	0.045981271	0.092464415	0.0892686042	0.009584469	0.0436017737	-0.0502249177	0.011649956	0.0998661579	-0.104309484	-0.1843452977	0.0636214006	-0.0031226988	-0.1424693896	0.050932753	0.0361204445	-0.0238934872	-0.0022922467	0.1171449335	0.1133716223	0.0822355254	-0.1490389953	0.0188395674	0.1751720312	-0.1693868878	-0.0444248724	-0.0011050493	0.1102685144	-0.0583613979	0.0255412441	0.0949389852	-0.2105118356	-0.1727639867	-0.092261843	0.0491760214	-0.0335806358	-0.0634686442	-0.063129324	-0.1396124828	-0.05666678	-0.0645633431	0.1183225485	0.0736769	-0.0012611999999998	0.00542828559361	1.59062543999973e-06	0.109321	0.0396114	0.011951081041	0.00156906300996	0.106659	0.0506884	0.00256931389456	0.011376142281	-0.00237838	-0.0004505399999999	2.0298629159999998e-07	5.656691424399999e-06	-0.0047643	-0.00059193	2.269855449e-05	3.503811249000001e-07	-0.000977391	-4.7375e-05	2.244390625e-09	9.55293166881e-07	0.0	0.0	0.0	0.0
9336.852595009716	-0.8679178703077923	87176816.38093966	0.7532814295996139	8843.526558656713	-21.416965347279984	78207961.99366665	458.6864046865916	6710.624877018419	-8.248352387554405	45032486.24005848	68.03531710927446	7038.494313709772	8125.906049930432	1.032132	42.57217	0.0935283999999999	0.0491204	0.0119475932	-0.0291361135	-0.0336276726	0.0164035878	-0.0745137357	-0.0249246665	-0.0032794827	-0.0462480434	0.0159721664	0.1045435527	0.0792886127	0.0082712739	-0.0891217712	0.1549325479	0.0314646749	0.0022775911	-0.0463764929	-0.0218035677	0.0562756943	-0.0403496555	-0.1627819811	-0.0030352766	0.0574892504	0.0597181556	-0.056627939	-0.0568630758	0.03253868	-0.009973746	-0.0901026307	-0.1000004442	0.1281156441	0.0371557063	-0.0055303845	-0.1400967315	0.1021592409	0.1016068887	0.0755713144	-0.1240032975	0.1297095839	-0.1405011057	0.0199203902	-0.0648998123	0.1114923741	-0.0264614513	-0.0048207666	-0.0696733396	0.0242647509	0.0813566851	0.0156935758	0.0938773165	0.0858555442	0.0142467901	-0.007868841	-0.1341224287	0.0284092106	-0.0220572218	0.2079869971	0.0437357668	-0.0250267696	-0.0279510901	-0.0018287404	-0.011829475	-0.0513602137	-0.0207064896	-0.1204635598	0.067044048	0.0470215115	-0.0560835185	0.0231661699	-0.1393317099	0.0194986023	0.1529958862	-0.1336529429	-0.0276343821	-0.2606553534	0.0239208877	0.0114388	-0.0894350356	0.0111862509	0.0161072054	0.1269397458	0.0061297891	-0.0837345939	-0.0328529607	-0.0277932094	0.0037914449	0.0020023382	0.1455148109	0.0685568668	-0.0087165875	0.0638442136	-0.0675891598	0.0172086761	0.1988707488	-0.0494600021	-0.0124752375	-0.0635159383	-0.0838320382	0.0614591193	-0.0447535352	0.0010496763	-0.0645352976	-0.0660098423	-0.0302199659	0.0162753619	0.0364807945	-0.0709792567	-0.0993501915	-0.1010319436	0.0062906419	-0.0733407395	0.0294736195	-0.0465153411	-0.1099547156	-0.0478346902	-0.046053278	0.0466646988	-0.0866770095	0.0936680674	0.0169930467	-0.0685519717	0.0417917297	-0.0330995855	-0.1057758984	0.044974281	0.1154350365	0.0443115174	-0.109576435	-0.0861986943	-0.0266076548	-0.0201939676	-0.0848265286	0.0628052402	0.1768482277	0.0342071949	0.1789225475	-0.0399521087	-0.0310730565	0.0850554398	0.1205201351	-0.1500245938	0.0227364449	-0.0804531689	0.011235942	-0.1410453327	-0.1124861186	0.0628652674	0.0838465478	0.070219582	-0.0258845333	0.04262991	-0.0585715194	0.2010440591	-0.0606648348	0.0509049553	0.0127391268	-0.0863527009	-0.1087926882	0.031971075	0.0222869236	-0.0366259908	0.0092074778	0.0268775723	-0.0092963054	0.0513778882	0.1682394799	0.0682499317	-0.0396095665	-0.0747668301	0.0999351528	-0.1635432073	0.1677763657	-0.0446385724	0.0378526298	-0.0907521241	0.0465289503	0.0581810158	-0.1090349705	-0.0245119542	-0.1086759601	0.0914480292	-0.0821918909	-0.0493034584	-0.0034445115	0.0487547531	-0.0589597043	-0.0600954145	0.1186709048	0.0746099	0.000933	0.00556663717801	8.704890000000061e-07	0.0743149	-0.0350061	0.00552270436201	0.00122542703721	0.0808475	-0.0258115	0.00066623353225	0.00653631825625	-0.0019765	0.0004018799999999	1.615075343999999e-07	3.90655225e-06	-0.00455232	0.0002119799999999	2.0723617382400003e-05	4.4935520399999847e-08	-0.000999087	-2.1696000000000085e-05	4.707164160000036e-10	9.981748335690002e-07	0.0	0.0	0.0	0.0
9381.572862600113	44.72026759039727	88013909.37627487	1999.9023333567368	8895.955768212425	52.42920955571208	79138029.02999191	2748.8220146367707	6732.75573086638	22.13085384796068	45329999.73151408	489.774692039796	7061.413653908052	8457.860483436907	1.108069	45.704323	0.1232440499999999	0.064203	-0.0338861829	-0.0315915699	-0.0340636518	0.0279015629	0.0650704645	-0.0788990962	-0.0005064594	-0.0460110568	0.0905375713	-0.0648126465	-0.0384910263	0.0376006446	0.0763196376	0.0518549734	0.0006307766	0.1224088452	-0.0093037181	0.0487797886	-0.1053405576	-0.0745757717	-0.0785294851	-0.0161846231	0.083762726	-0.0213324491	0.0432993149	0.0733753868	-0.0258539968	-0.1739211444	0.0435889132	0.0515064123	-0.0421621622	-0.01008759	-0.0486457317	-0.0380526431	-0.0886820798	0.1310123598	-0.1043220526	0.1150304182	0.0295706129	-0.0345302567	-0.0599751703	-0.0136999301	0.0735265517	0.0352174409	0.0446754782	-0.0260715609	-0.0358352264	0.0855324011	0.042964146	-0.0706474311	0.1381832604	0.0340109897	-0.0496175727	0.0302339149	0.0484732804	-0.0697226799	0.0017657368	0.0214659384	-0.0021603058	0.0289071336	-0.0767944942	-0.0601312371	-0.0325265674	-0.0619855515	-0.1097748657	-0.0136464614	-0.0525848874	-0.0761622498	0.0813555153	0.0855046608	-0.1258705536	0.0842776868	0.0099881729	-0.0737684749	0.1540230742	0.1323402041	0.1290789852	0.0350181939	-0.0151282692	0.0572283551	-0.0492038684	-0.1557153273	0.0634500709	0.1059341934	-0.1169042362	0.0355135749	-0.0596846218	-0.0922022335	-0.0322456353	0.2848931428	0.0620297713	-0.1215409342	0.1272348191	0.0336964431	-0.0222878453	0.0500931529	0.01843862	-0.0635069297	-0.0966136386	0.048566686	0.0087474407	-0.0487624957	0.033588918	-0.0659852177	-0.0056221614	0.0099143581	-0.0885851441	-0.0314705199	0.0862800041	-0.025446638	0.0060450907	0.0564397539	-0.0282354755	-0.0472193289	0.0434601579	-0.1670028794	0.0268739246	0.0132648298	-0.0076222149	0.00651684	-0.0832865432	0.0032054413	-0.10441487	0.02975741	0.0375340317	-0.0748092406	0.0042977618	0.0557776053	0.0498756547	-0.0637512614	0.0840280672	0.1161919142	0.0210446675	0.1808803644	0.0932194078	-0.1002775776	-0.0683870357	-0.135420084	0.0538906698	0.0631650645	0.0574508278	0.0895109426	-0.0548610882	-0.0450642354	-0.0505366939	0.1207906265	-0.018072866	0.1105096842	-0.157686271	0.0964109322	0.0158635993	0.0070873779	-0.1430215326	0.0678234184	-0.1862546258	0.0059562304	-0.0015596853	-0.0676037227	0.0621222607	-0.0075053372	0.0971366695	-0.0177355659	0.0099026146	-0.0458277747	0.1808002158	0.108198397	0.0435255956	-0.0943367323	0.0494932064	0.1378427088	-0.0858590368	0.0363419905	-0.121221399	-0.0419709093	-0.0655440013	0.0167721272	0.1067523072	-0.0334902432	0.1191483049	0.0704303537	0.0551181085	0.0882087008	-0.0785646909	0.126553323	-0.0021110834	-0.0612237711	-0.0555098464	0.118496684	0.0826389	0.0080289999999999	0.00682918779321	6.446484099999992e-05	0.132315	0.0580000999999999	0.017507259225	0.0033640116000099	0.0572202	-0.0236273	0.00055824930529	0.0032741512880399	-0.002334	-0.0003575	1.2780625000000014e-07	5.447556000000001e-06	-0.00458763	-3.5309999999999335e-05	2.10463490169e-05	1.2467960999999531e-09	-0.00127803	-0.000278943	7.780919724900003e-08	1.6333606809000002e-06	0.0	0.0	0.0	0.0
9408.70983351356	27.13697091344693	88523820.73125476	736.4151903572647	8803.889071989375	-92.0666962230498	77508462.79189394	8476.276553427333	6748.344644251213	15.588913384833177	45540155.437594034	243.01422051983096	7066.17413708453	8741.589958056704	1.100971	45.411564	0.1663801999999999	0.0899907999999999	-0.0749011948	-0.0205743424	-0.0521250627	-0.0739063381	-0.1221800663	-0.0239410736	-0.0497947586	0.1194962989	-0.1307053646	-0.0726294483	-0.0210379858	0.0175740895	0.1173832561	0.0850752503	0.0078952409	-0.0314438952	-0.0307070727	0.1201758288	-0.0627327759	-0.0300638898	-0.0011594393	0.0373764915	0.0383932153	-0.1055136638	0.1138053502	0.0013946329	0.0485043021	-0.128143682	-0.0031867063	0.0811201998	0.0051153642	0.0737512838	-0.0521870813	-0.0352597636	0.0649431799	-0.1924728519	-0.0143952874	0.0388559769	0.1698140826	-0.0108346636	0.1430448476	0.0649274803	-0.0380830824	0.0158539698	0.047086219	0.0013428896	0.1638745713	-0.1425004533	0.0502097549	-0.0731454647	0.0278288214	-0.1511055505	0.1568937575	0.0372872375	0.0717325831	0.0729359171	-0.0535594722	0.0194332486	-0.0753613363	-0.1546772454	0.1811118435	-0.0045853628	-0.1358477546	-0.0692235127	-0.0677018407	0.0322627285	0.0342558659	-0.0074005301	0.0520030765	-0.099188635	0.0925090799	0.0024094905	-0.0091045327	0.0737811753	0.1210737506	0.0658492351	0.0420173774	-0.1053816058	0.0136028455	-0.0756025121	0.074287323	-0.0084309836	0.0423861653	0.0168478262	-0.1457440587	0.0834922174	-0.0152711298	0.1611739778	-0.0147642007	0.0475320242	0.0345174535	-0.115327023	0.0890339122	0.0934111308	-0.0763435509	-0.1884858543	0.1455328582	0.0396270018	-0.1034419462	0.1073139026	0.0260902459	0.0779844799	0.0120826429	0.0650742465	0.1752708945	0.0674831127	0.0823446503	0.0757497157	-0.0392346083	-0.0050388177	0.1131943817	0.0943317881	-0.1000491402	0.0438519554	0.1018777074	0.0008707313	-0.0751436681	0.0755173302	0.1045190515	0.092258987	0.1141916678	-0.0558749052	0.0620602016	0.0166333935	0.0538074413	0.0714629245	0.0506448715	0.0468179515	0.0904063968	0.0417587088	0.0319990322	-0.054977038	0.0575292944	0.0160331673	0.0589308325	0.136675	-0.0260084047	0.1359611932	-0.0033951272	0.0665551903	0.1717451609	-0.038358279	-0.0964473057	-0.0655384555	-0.1100381838	0.0617152735	-0.0890523585	0.0504961201	-0.1718071871	-0.0337387901	-0.1531342937	-0.0907220771	0.1047882354	-0.1460137191	-0.0881619237	-0.0460442733	0.0075820489	-0.0294410026	0.1812028818	-0.0934556931	-0.0299259657	-0.0789872391	-0.0033845238	0.0007928117	0.022529279	0.1462443383	-0.0391557704	0.0021996702	-0.2037986481	0.0931361849	-0.0905425633	-0.0127902344	-0.0385040487	-0.0428697127	0.0744852439	-0.0328370014	-0.0353032095	-0.1004680203	0.0423273172	0.077089564	-0.0140751079	-0.0443454315	0.0787421027	-0.0302312372	0.099896931	-0.063457872	-0.0508156151	0.1178006533	0.0698509	-0.012788	0.0048791482308099	0.000163532944	0.0565347	-0.0757803	0.00319617230409	0.0057426538680899	0.0342803	-0.0229399	0.0005262390120099	0.00117513896809	-0.00145003	0.00088397	7.814029609000003e-07	2.1025870009e-06	-0.00438643	0.0002011999999999	1.92407681449e-05	4.0481439999999787e-08	-0.00126576	1.226999999999999e-05	1.5055289999999975e-10	1.6021483776000004e-06	0.0	0.0	0.0	0.0
9371.134605631529	-37.57522788203096	87818163.7968648	1411.8977503865567	8863.520456217388	59.6313842280124	78561994.87778409	3555.901984948845	6745.557584401657	-2.787059849556499	45502547.12447871	7.767702605009895	7070.319706737319	8375.222759395394	1.193998	49.248596	0.0762221999999999	0.0363153	-0.0294052379	0.0010976389	-0.0304791841	-0.0078886502	0.1174589349	0.0078214077	-0.0818813923	-0.0537896532	-0.0948410015	0.0441892091	0.1018691863	-0.02528968	0.0612198398	-0.0949084594	-0.0598060381	-0.0774485403	-0.0171528484	-0.0913197707	-0.0464653713	0.0333390109	-0.0085454823	0.0424915822	-0.0474970659	-0.0470424763	-0.1665831128	0.0191993313	-0.0095976586	0.0252289656	0.0063153424	0.0353954166	-0.0776627353	0.0660001372	-0.0427035049	-0.0570003739	-0.0567591122	0.0183099602	-0.0546373937	0.1043796328	0.0413636623	0.003851353	-0.0167570011	0.0346149387	-0.0690046531	-0.0169628744	0.0372173974	-0.0700611795	-0.0714621128	-0.0708309182	-0.1298070858	-0.0484169843	-0.0455331688	-0.0380258048	-0.0574786411	-0.0699646332	-0.1013763018	0.0105101198	-0.0270110838	0.073100979	-0.1394558785	0.1610998283	0.1593330592	0.0254092033	0.0678097091	-0.0332321868	0.1004950176	-0.0295715124	-0.1870520363	0.0203533735	0.1176848957	0.1482736101	0.191216213	0.0195974394	-0.1539303533	0.1091772475	0.0078419737	-0.0221876908	-0.025444857	0.158756102	-0.1481423363	-0.0532826601	0.0512837214	0.0133271245	0.1285568307	0.0135929218	0.024817397	-0.1952490828	-0.0378214729	0.1690659064	-0.0411733564	0.0530739417	0.1398623932	0.1006808005	-0.1291985637	-0.1253936377	-0.0380583109	0.0028746463	0.0092011524	0.0170534515	-0.0368112356	0.0100103339	0.0183673874	0.1920688697	0.0640758486	-0.0003294512	-0.1075074621	0.0153926065	0.1013965804	0.013776616	-0.0646828483	-0.041282948	-0.0920869955	-0.0547236743	0.1021505297	0.1355923917	0.0843910346	-0.0081534118	0.0317347606	0.0996949003	-0.0288036843	0.0202697315	-0.0390581333	-0.0354632638	-0.1030689792	-0.1190516476	-0.1362818419	0.055642109	-0.2125495549	0.0522319708	-0.0240281951	-0.0162853318	0.0143604867	-0.0767397705	-0.0095383894	-0.1888246975	0.0930542362	-0.1130033065	0.0634491685	0.1332100265	0.0238873453	-0.0361296718	0.0922608657	-0.084951931	0.1043918412	0.0866042646	0.1112359715	0.004364137	-0.0269659362	0.0022930266	-0.0279006927	-0.0330311687	-0.0362566895	0.011329802	-0.0276586991	-0.2979961676	-0.0801568099	-0.0044735648	-0.043199244	-0.0606637968	0.074773922	-0.0540860669	-0.1875400672	-0.0372221513	-0.0122025469	0.0431336336	-0.0641803645	-0.0048562951	0.1459974641	-0.0901922046	0.0384483417	0.0107507244	-0.118536012	-0.1148124238	-0.0212969918	0.0177456969	0.1165776988	-0.1351274995	0.0113462268	-0.1860312311	-0.1749271728	-0.0066506161	-0.0277273814	0.0460492441	-0.0191894545	-0.1532598228	-0.0558422636	-0.0656609137	-0.0460219099	0.1165858777	0.0667296	-0.0031212999999999	0.00445283951616	9.74251368999996e-06	0.0816606	0.0251259	0.00666845359236	0.00063131085081	0.0496953	0.0154149999999999	0.0002376222249999	0.0024696228420899	-0.00119044	0.0002595899999999	6.738696809999994e-08	1.4171473936000005e-06	-0.00412483	0.0002615999999999	1.7014222528900004e-05	6.843455999999993e-08	-0.00139577	-0.0001300099999999	1.6902600099999963e-08	1.9481738929e-06	0.0	0.0	0.0	0.0
9330.112865145871	-41.02174048565757	87051006.0763605	1682.7831924726377	8791.151480361523	-72.36897585586485	77284344.35066259	5237.268666426749	6749.225078371042	3.66749396938576	45552039.1585126	13.450512015480914	7069.426113690696	8146.033613748631	1.290374	53.223835	0.3212056	0.191079	0.0162659324	-0.0311297466	0.0010411362	-0.0954854122	-0.04794116	0.1252754851	0.0793527717	0.1548630262	0.0074675003	0.0869160426	-0.1089990796	0.1436778531	-0.0669650209	0.0397982611	0.2253299292	0.015142833	-0.0243779062	0.1649088969	0.1762066886	-0.0208965312	-0.2610522095	0.0227141609	0.105106959	0.2198519534	0.172432967	-0.0616749868	0.1919881829	0.1300440716	0.2132511445	0.0019916139	-0.0425073465	0.0085331251	-0.001082431	0.172630866	-0.1494264992	-0.1419284837	-0.0745858192	0.0935359815	0.0594355222	0.0353929713	-0.0627825037	0.0299911743	-0.0933050803	-0.0743812283	0.1401626361	-0.098442861	0.2897555476	0.1717796802	0.0421248085	0.0220102374	-0.0631961548	0.1129045378	-0.0091318204	-0.0038198934	0.0789465111	0.1100328641	-0.0462215073	0.0792487838	-0.0214648417	-0.0197116675	0.0373368514	-0.0557081677	0.0056219217	0.2510254998	0.0548123604	0.1509486002	-0.0575927725	-0.0285510566	-0.0132885525	-0.0916327305	-0.0603192891	-0.0373741386	-0.1787522364	0.0649548934	0.1467843597	0.1118294888	-0.0170983713	-0.0164772225	0.1119780302	-0.0974230525	0.0425821047	0.0666313759	-0.0495267318	-0.0404074635	-0.1122656944	-0.1533590732	-0.0096407021	-0.1140895412	0.1093139757	0.0584636963	0.004961618	0.0655064278	0.0106328453	-0.0727582376	0.1830892946	0.0078422502	0.0028253425	0.1355772144	0.0791729118	0.0340327106	-0.0942224798	-0.0094278893	-0.083173607	0.173439227	0.0049979969	-0.1015224947	-0.033394018	0.0643326169	-0.1337428698	-0.0491556244	0.2412171513	-0.0012299725	-0.2742499966	0.0161139258	-0.1728476824	-0.1006786855	0.0442606425	0.0079635768	0.0439333066	0.0364986669	0.1192013369	0.060062462	0.0174728778	-0.0411934454	0.1011258199	0.1820085848	-0.0583637687	-0.1110210708	-0.1474838249	0.0740818383	0.1050445873	-0.0024273485	0.0682303318	-0.0600105748	0.1675228594	0.0398581856	0.1596592533	-0.0593690855	-0.0304867297	-0.0641962275	0.1381392572	0.014237258	0.1115400288	0.074359197	0.0908311737	0.1173907459	0.0711416938	-0.0404835409	0.0236701778	0.1136012442	-0.1354461185	-0.0547912401	-0.1055069597	0.0170769082	0.0101137776	-0.0043416854	0.0577606868	-0.01095397	-0.2361345235	0.0062936517	0.0220029544	0.0354152817	-0.0047486654	-0.1113710046	0.3993701478	-0.0847550499	-0.0446219875	0.0922860343	-0.20690835	-0.1582575063	-0.1713604253	-0.147660082	-0.1465447291	-0.0410507999	0.1798555509	0.020110026	0.0326345056	-0.1777993404	0.1680755658	-0.1696994461	-0.0273936807	-0.0532318035	0.0343450011	0.2000526714	-0.0055992651	-0.067831818	-0.0411381146	0.1148577065	0.05351	-0.0132195999999999	0.0028633201	0.0001747578241599	0.264135	0.1824744	0.069767298225	0.03329690665536	0.0894709	0.0397756	0.00158209835536	0.00800504194681	-0.00205791	-0.00086747	7.525042008999999e-07	4.2349935681e-06	-0.00451915	-0.00039432	2.04227167225e-05	1.554882624000001e-07	-0.0018487	-0.00045293	2.0514558490000006e-07	3.41769169e-06	0.0	0.0	0.0	0.0
9334.374577418612	4.261712272740624	87130548.75155888	18.16219149562805	8822.418613610418	31.26713324889533	77835070.19377957	977.633621604176	6736.250600159226	-12.97447821181595	45377072.14814554	168.3370848688868	7063.527493640883	7727.343223636372	1.288384	53.141747	0.3454040499999999	0.230808	0.0782252722	-0.0123377681	0.0327722329	-0.0017480178	-0.0984234463	0.1584125595	-0.0797932745	-0.1135455591	-0.0169543321	0.1140212976	0.0633707203	-0.0290449399	-0.1277655229	0.0281692374	0.0751893867	0.1189490543	0.2517534448	0.0997853497	0.0019530626	-0.0501170909	0.1426098332	0.189303849	-0.0679928171	0.1559540882	0.1953200793	-0.082555988	-0.2115944851	-0.0135085484	0.0422873174	-0.1087600591	-0.0162226216	0.0129175494	0.1274509565	0.1217114555	0.0553100505	0.0155438279	0.0358081984	0.2004592173	-0.0325747715	-0.0183221345	0.0209962544	-0.0340932951	-0.0376113268	-0.0570297875	-0.0293672861	-0.1419870042	0.190394869	0.0541215267	0.0193643564	0.1757764191	-0.1060360674	-0.0169195695	0.1063065872	0.0546057087	-0.0759156445	0.0095754667	-0.0919471933	0.029959375	0.0720965369	-0.1386625321	-0.0164168153	-0.047536652	-0.0841728534	-0.0959149269	0.0269741538	0.0087567393	0.0369723858	0.074913841	-0.0852325322	-0.0136432367	0.013457652	0.1194748691	-0.1288386824	-0.1585319174	-0.0165120894	-0.1250252727	0.1167414647	0.0152580026	-0.0744798163	-0.0272926951	-0.1205210447	0.0109166135	0.0535797989	0.1674459633	-0.0779120217	-0.0401633933	-0.0651294697	0.0972567687	-0.0939091302	0.0319527864	-0.0117990485	0.0490362477	-0.1941263602	0.046965174	-0.1053700515	0.1531496749	-0.0686486291	0.0890455998	-0.044471381	-0.1308332517	0.0126738771	-0.0440004723	-0.1180395876	0.1064683984	-0.0054572768	0.0526049387	0.0911050652	-0.0421533418	-0.1841197572	0.0278353909	-0.0446349452	-0.0813581077	-0.1226166369	-0.1148168524	-0.1360118216	-0.0161694164	-0.1105345364	0.0165458805	0.0518341754	-0.0808972611	0.1032754619	-0.0941332767	0.2980809311	-0.0661765981	-0.1294490706	-0.2493286068	-0.0101088688	0.0275331877	-0.1373204022	-0.0201648959	-0.1305732675	-0.0763249862	0.1466492105	-0.009838855	-0.0117320159	-0.0652880193	-0.0628191044	0.0547666351	-0.0418472955	0.161920575	0.0269203055	0.0956985485	0.0600695723	0.1423719099	-0.1049725995	0.0878298106	-0.0853216232	-0.1262776242	-0.0554935005	-0.0545559617	-0.0602330259	0.0923883258	-0.0107365135	0.0976252714	0.067398033	0.0918702906	0.0663475282	0.0211487307	0.1380888342	-0.1700826762	0.0705348868	0.0539777093	-0.0001630903	0.011571518	-0.0831995518	0.02375334	-0.0323684614	-0.0111921452	-0.1283495588	-0.1062837416	-0.1486052667	-0.1767135071	0.0832033728	-0.0805510441	0.1264353465	0.2898217815	-0.0777838509	-0.1593737422	0.0849853242	-0.0788612133	-0.0287693174	0.0602999635	0.0587812262	0.0567824273	0.0339680866	-0.0699695221	-0.0361737896	0.11262375	0.0612376	0.0077276	0.00375004365376	5.971580176000002e-05	0.0363686	-0.2277664	0.00132267506596	0.05187753296896	0.109455	0.0199840999999999	0.0003993642528099	0.0119803970249999	-0.000706061	0.001351849	1.827495718801e-06	4.985221357210001e-07	-0.00472055	-0.0002013999999999	2.2283592302499995e-05	4.0561959999999666e-08	-0.00209397	-0.00024527	6.015737290000006e-08	4.3847103609000005e-06	0.0	0.0	0.0	0.0
9301.183814894646	-33.19076252396553	86512020.35845813	1101.626716922275	8912.528500301185	90.10988669076688	79433164.26868089	8119.791679422844	6715.51725741804	-20.73334274118679	45098172.03467951	429.8715012235229	7056.278580412153	7218.979836569613	1.355455	55.908192	0.14054254	0.0639791	0.1060250992	0.0860626623	0.1061970622	0.0823797835	0.0376675422	-0.0918447578	-0.0328510618	-0.138527403	0.1546514432	0.0998000594	0.0135963973	0.0305320002	0.0009678173	-0.048151402	0.1017998703	0.058421768	-0.1698973089	0.03049402	0.0869305831	0.0958535199	0.0759564208	0.0569055257	-0.1019043314	-0.101892272	-0.0214230648	0.1732252055	-0.0441718567	-0.0376051787	-0.2493637172	-0.1743688078	-0.269136387	-0.072673491	0.083335618	0.0172059223	-0.1189123471	-0.0281785252	-0.0364933639	-0.0336325217	-0.0472159178	0.0276323632	0.1320928386	-0.0736109814	0.0178862525	-0.0523038199	-0.0634794003	0.0059747004	-0.1249238055	0.1105200556	0.0695372215	0.0942855825	-0.0582047886	-0.1176035383	0.0915034527	-0.0048716554	0.061957663	-0.0694586033	0.1182611623	-0.0926571466	-0.0168366238	0.01124494	0.0410559685	-0.1379116607	0.1294177791	0.0362262704	-0.0144636328	0.0901237082	-0.0432501254	-0.0595448357	-0.0535033356	0.197680246	0.1141558527	-0.0643965708	-0.1160742084	0.0019846213	0.2122488115	-0.0480854638	-0.0335614396	-0.0019822983	-0.0745019244	0.1612209258	-0.1764700473	-0.0873276556	-0.0488378037	0.0610655125	0.0439621437	0.0893074323	-0.0790890714	0.0897155308	0.0849058626	-0.025689886	-0.0090098989	0.0095645503	-0.0163948324	0.0643968093	0.0498906254	-0.1386809584	-0.1051166127	0.0005942529	-0.1489649979	0.1434635193	-0.0760598899	-0.0251825125	-0.0574819078	-0.0820756735	-0.059416183	-0.0740376982	-0.0350837807	-0.1848220255	-0.0162402567	0.0797496185	-0.0848568165	-0.1406516285	0.052000555	-0.0095124529	0.0416912793	-0.0966963091	-0.0546566483	-0.0578804423	-0.0187999687	-0.0965042626	-0.0186037969	-0.0764871392	-0.0714331267	0.0293813916	0.0056598216	-0.0078461209	-0.0349080961	-0.0035623133	0.1034044265	0.2652435515	0.0456856677	0.0081818542	-0.0074717097	0.0001525154	0.0837576034	0.0200635695	0.0955387374	0.0971107962	-0.1410825738	-0.0971497861	-0.0394838267	0.1941840836	-0.1732803554	0.2333394327	-0.0016526591	0.0220827918	-0.100786365	-0.080532621	-0.1884743658	0.058268982	0.0434032505	0.0653905463	-0.0597602444	-0.0883694545	0.0803199184	-0.0731221719	0.0418834419	0.1349035882	0.143891402	0.1307592768	-0.0236729216	0.1140632579	-0.0189716117	0.07115105	-0.2829057905	-0.0080828336	-0.0214435344	-0.1152627975	0.0148679739	-0.1128051284	-0.1417798166	-0.0898843243	-0.0243552593	-0.0942266565	-0.0296121758	0.1422495259	0.0679260339	-0.0376736478	-0.0430024164	-0.0684745359	0.0481171972	0.0736013563	0.0028329311	0.137333316	-0.046317091	-0.0720729799	-0.0311386526	0.1098938456	0.0485282	-0.0127094	0.00235498619524	0.00016152884836	0.00461081	-0.03175779	2.12595688561e-05	0.0010085572256841	0.159118	0.049663	0.002466413569	0.025318537924	-0.000100774	0.000605287	3.6637235236900003e-07	1.0155399076e-08	-0.00466621	5.433999999999994e-05	2.17735157641e-05	2.952835599999994e-09	-0.00182535	0.00026862	7.215670440000002e-08	3.3319026225000004e-06	0.0	0.0	0.0	0.0
9269.711744421333	-31.47207047331358	85927555.82466279	990.4912198772164	8806.491635358307	-106.03686494287832	77554294.92363583	11243.816726914216	6716.931355873511	1.4140984554715033	45117166.83951677	1.999674441766891	7040.686363393621	7290.862789487794	1.241723	51.217129	0.15320039	0.099467	0.1202392707	-0.0110204839	0.0636477344	-0.0195870987	0.0207025316	0.0735983558	-0.0303731984	0.0332855436	0.0280096833	-0.0126278732	-0.1582432405	0.0442043543	0.163358413	0.136286025	-0.0042350071	-0.1211207116	0.0645412135	-0.0072591777	-0.0233088785	-0.1952397818	-0.0222188746	0.0618330981	-0.1517848304	-0.0353438424	0.0743978184	0.0457388368	0.0322710471	-0.0578016132	0.0099069097	-0.0588837413	-0.0135251084	0.0810304079	-0.1303154095	0.0268615366	0.0909418889	-0.1534837565	0.0410411513	-0.1118043941	-0.0694735806	-0.0263123995	0.1087109006	-0.0871315828	0.0647612289	-0.0547492912	-0.0250119802	0.0120180835	0.041313059	0.0200050824	-0.0137196636	-0.0143559657	-0.0678206527	-0.1286644652	-0.1608427991	-0.012010093	0.0217583124	-0.0274003501	-0.0970898315	-0.1987415276	-0.0821338448	-0.1527146272	-0.0266950564	0.0397131423	0.0817079263	-0.0464024765	0.06543171	-0.0799934331	-0.0600077047	0.0736927164	-0.0101261694	-0.0558813893	-0.0282795003	0.0120374993	0.1097939022	0.0280828387	0.0113238324	0.0806857751	0.0537818696	0.0614055311	0.0171974357	0.0121941827	0.0384101606	0.0728287035	-0.024027641	0.2578132889	0.0405180253	0.1001518961	-0.028083787	0.0559117604	-0.0697750053	0.1287797981	0.1298263068	-0.0412507362	-0.0278785714	-0.1252623819	-0.0155053808	0.023674057	-0.1422593731	-0.0203939688	-0.0103022088	0.0415037734	0.028416034	-0.1016865055	-0.0851107331	-0.0105158667	-0.0763066567	0.0683940268	0.0069637139	-0.0014611834	0.0681078687	0.0430425238	0.0672636031	0.1475417902	-0.1087822099	0.0282397383	0.0790090257	-0.0052790284	-0.1255601003	0.0137838456	-0.1759548948	-0.0181311463	-0.0796914082	0.0412808733	0.1306897956	0.080092048	-0.1887791072	0.0456685991	0.0398607499	0.028561316	0.0030202817	0.0425663908	0.0657510332	0.1019362317	0.056503742	-0.0867520625	-0.1027039567	0.0141475575	-0.0712345858	-0.090900716	0.1335240207	-0.0119756436	0.0586533488	-0.1239691415	0.0055809362	-0.0743612501	-0.1545899579	-0.0262423617	-0.0139870471	-0.0391688046	-0.1502692704	-0.0618627101	0.0671152371	0.0896251074	-0.0933418758	-0.0878923884	0.0741014911	-0.0278384993	0.1281977944	-0.1055752679	-0.053618286	0.0011976619	-0.0830095628	0.1037885257	0.045092837	-0.0466821357	-0.0730956477	-0.0811254338	0.0643723682	-0.0325187935	-0.0108155675	-0.0890437522	-0.0153520235	-0.1668880888	-0.0472009627	-0.0305954071	-0.0981767464	0.0991042288	0.1034028024	0.1049682438	-0.0202754354	0.0254503647	-0.050402591	0.1014612678	-0.0647379566	0.2065676527	0.1493026505	-0.0741411618	-0.0260425603	0.1066800145	0.0455574	-0.0029708	0.0020754766947599	8.825652640000015e-06	0.102251	0.0976401899999999	0.010455267001	0.009533606703236	0.137782	-0.021336	0.000455224896	0.018983879524	-0.000539122	-0.0004383479999999	1.92148969104e-07	2.90652530884e-07	-0.00476376	-9.755000000000008e-05	2.26934093376e-05	9.516002500000011e-09	-0.00191452	-8.916999999999996e-05	7.951288899999992e-09	3.6653868304e-06	0.0	0.0	0.0	0.0
9284.906912637412	15.195168216079765	86209496.37634201	230.8931371149607	8866.413250409532	59.92161505122567	78613283.92703773	3590.599950347275	6718.884881465012	1.9535255915006928	45143414.05037911	3.816262236648132	7049.050235656863	7253.677385420992	1.031114	42.530148	0.0300260999999999	0.0184955	0.1306858712	-0.0127368328	0.0461887263	0.0508359923	0.0469220934	-0.0694876724	0.0479008526	-0.1160185007	-0.0054805457	0.0530515959	0.034771778	-0.0731025195	0.0767403268	0.1030700977	-0.0035536104	-0.0463487823	-0.0548403108	0.0491614224	-0.0023423487	-0.2204566673	0.1302125097	0.0067750866	-0.0404962796	0.0851358671	-0.1212321501	0.0261928864	-0.0945169275	-0.0987727133	0.0994637725	0.1315384683	-0.0840168972	-0.0701321055	-0.0268558856	0.0949716504	0.1466449153	-0.060025822	-0.0105361107	-0.0205390107	-0.0157693427	0.1179630373	0.1144877238	-0.0777784268	0.0711759073	-0.0011005167	-0.0735150035	0.0036235193	-0.0674647705	0.1194299668	0.0130697434	0.0257983464	-0.2078808721	0.0311173929	-0.130637979	-0.0410771844	0.1048897295	0.0057460858	-0.0541124624	-0.0749370103	0.0412541448	0.0744997443	-0.0232768033	-0.0041916435	0.0108870879	-0.0216914118	-0.1783184783	-0.0074497636	0.0595340912	0.1529681654	0.0019904929	0.0115150613	-0.1624660327	-0.033225679	0.0518045866	0.0040452448	-0.0212909111	0.0978147673	-0.0633039935	0.0794805239	-0.006682299	-0.0377200153	-0.1341412985	-0.0562840619	-0.0053804213	-0.0135571914	-0.0824191289	-0.0133397586	0.0377709586	-0.0849296873	-0.1503598016	0.0309474084	0.1007468288	-0.0876121754	-0.0438058709	0.0048144035	-0.1072609613	0.0001132856	0.0578050406	-0.0594518828	-0.0502070944	0.1510439302	0.2285012073	0.2714009134	-0.0248881482	-0.116562246	-0.0661162427	-0.0029078515	-0.0717598699	-0.0443884232	-0.0668389206	0.0103858567	0.0059472508	-0.0487964279	-0.0029146661	0.0047288876	0.0321180362	-0.014271035	-0.0613467569	0.12294731	-0.1756909737	-0.2125170557	-0.0175002107	0.0546239086	-3.61517e-05	0.1497320731	0.1873855668	-0.0158140705	0.0269381455	0.1329503081	0.0360767414	-0.0157879076	-0.0281691132	0.0139190553	-0.0044086169	0.0147082963	-0.0984732321	0.0414411004	-0.1592676718	-0.008306081	0.1450585132	0.1397235896	-0.1131723141	-0.0528722783	0.1301450302	-0.0477495868	0.0016934602	0.1345186534	0.0917314703	-0.0263929308	-0.0079874901	-0.0555048498	-0.0723288841	0.0414603131	-0.1680631937	-0.1507626166	-0.0900514787	-0.0143728988	-0.1562534235	-0.1031329931	0.0616585254	0.1180216781	0.0041588462	0.104255822	0.0712492846	-0.0556830387	-0.1012525107	-0.0766675408	0.0118031218	0.0470477159	0.0104325164	-0.0888880871	-0.0629362573	-0.1428738614	0.0248291608	-0.0520055178	-0.1168952587	-0.0118766384	0.0426518216	0.0594865559	-0.1946470972	0.0772358475	-0.0764551016	0.113199333	0.0261842972	0.0249612383	-0.0888101667	-0.0761730556	-0.0208954884	0.1029964092	0.0498067	0.0042493	0.00248070736489	1.805655049000004e-05	0.10214	-0.0001109999999999	0.0104325795999999	1.2320999999999997e-08	0.13045	-0.0073319999999999	5.375822399999967e-05	0.0170172025	-0.000247116	0.0002920059999999	8.526750403599995e-08	6.106631745600001e-08	-0.00482556	-6.179999999999988e-05	2.32860293136e-05	3.819239999999985e-09	-0.00190165	1.2870000000000112e-05	1.6563690000000287e-10	3.6162727225e-06	0.0	0.0	0.0	0.0
9262.361504440909	-22.54540819650356	85791340.63894886	508.2954307469698	8843.972488975105	-22.44076143442726	78215849.38574852	503.58777375687777	6722.172981130964	3.288099665952359	45187609.58824716	10.811599413236014	7051.188419190134	7300.058700544298	1.044458	43.080578	0.0992224999999999	0.0583445	0.1233467082	-0.0141594908	0.0587736476	0.0053280792	-0.0065277624	-0.0626558318	0.0242096738	0.0691285409	0.0222521306	0.0931186969	-0.0371732011	0.1585225736	0.0166797245	0.019171444	-0.0173811228	-0.0437119519	-0.0960796939	-0.0964173445	-0.1097153763	0.0244777417	0.1706802688	-0.1051759449	0.0243466758	-0.0525476315	-0.0365160644	-0.1106704586	0.0066835844	-0.0240892361	-0.019889508	0.0537847072	0.054363991	0.0967136977	-0.0208963721	0.0865136547	-0.023529166	0.1166429312	0.0655712092	-0.0640008065	0.1224256366	0.0326854507	0.1073835784	-0.0801682385	0.0644392716	-0.0541895956	-0.0066717077	0.014063774	-0.0253727117	0.1304802663	0.0697277101	0.0453588775	-0.1033600574	-0.0929254123	0.0642350441	-0.1105502358	-0.0446201889	-0.1229918718	-0.0055762997	-0.1155082812	0.0312299777	-0.0265396928	-0.0222693757	0.0329930815	0.0319754591	0.0237651358	-0.0464484149	-0.0287317701	0.0585061546	0.0658026781	0.0240230282	0.112758833	0.0419672389	-0.045374069	0.0431721269	0.0042471534	0.0859851261	0.0047630915	-0.1112964093	0.0519850421	0.1070881109	0.065570271	0.0634302186	-0.0053986478	0.083461938	0.0666714917	-0.0424021416	0.0213850534	0.0703279072	0.0518268899	-0.0641561749	0.0090506529	0.1212022123	-0.0034721376	0.0269673899	0.1039299806	0.0172024813	-0.0153550386	0.0189644788	0.1038210659	0.0385502179	-0.1166104881	-0.094439	0.0151873077	-0.0657151861	-0.04380763	-0.0133488156	-0.0431081302	-0.0761291867	-0.074251034	-0.0192194704	0.0183608239	0.0840463675	0.0833239332	-0.05932988	0.0207874539	0.0737455534	0.0182998874	-0.0440213571	-0.0607934103	-0.0944439864	-0.1606423957	-0.1210697954	-0.0435887568	0.0591878123	0.0028557307	0.0385840453	-0.0724723392	0.0311411615	0.080849135	0.0384157035	0.1359366006	-0.0165567801	-0.0827231425	-0.0478711275	-0.05917824	-0.0140597032	0.056011444	0.0218761615	-0.025927103	-0.102009039	-0.1015996495	-0.022974136	0.0018595274	0.031076511	0.0860742182	0.0592062252	-0.1207011661	-0.0674230096	0.0688931196	0.0080510884	0.1036927456	0.0169233374	0.0801069346	0.0216470368	0.1348739631	-0.1036944345	-0.0318494185	-0.0627129524	-0.1473885113	0.0392607707	-0.1173378105	-0.0991734842	0.1171272245	0.0550679748	-0.0774663362	0.0209926046	-0.1009845378	0.0025281502	-0.0419276364	0.0311049989	-0.1026932165	-0.0950460773	-0.0280068366	0.0370405599	-0.0318998943	-0.0856998212	-0.0160817324	0.1574098005	0.1335244756	-0.1136736277	0.0335168254	-0.018520779	0.0066611688	0.0752913596	0.0645540908	-0.0597967433	-0.0781676667	-0.0157075127	0.0988592507	0.054717	0.0049102999999999	0.002993950089	2.4111046089999998e-05	0.156055	0.053915	0.024353163025	0.002906827225	0.143696	0.0132459999999999	0.0001754565159999	0.020648540416	-0.00066466	-0.0004175439999999	1.7434299193599998e-07	4.417729156e-07	-0.00491319	-8.763e-05	2.41394359761e-05	7.6790169e-09	-0.0018638	3.784999999999986e-05	1.4326224999999894e-09	3.4737504400000003e-06	0.0	0.0	0.0	0.0
9218.149205029447	-44.21229941146157	84974274.76618503	1954.7274192487253	8798.113537207497	-45.85895176760823	77406801.8135938	2103.043457223818	6736.3953378312735	14.22235670030932	45379022.14755492	202.27543011083336	7063.269255372757	7144.937880777842	1.055924	43.553493	0.0456297999999999	0.0279155	0.1668979358	-0.0777669719	0.0728617338	-0.1073280118	-0.0815519806	0.1683256944	0.0426874423	0.0628442802	0.075874849	0.0831647889	-0.1073656251	0.0128745624	0.0079383012	0.1172145058	-0.047991977	-0.0039625059	-0.1041799765	0.025903261	-0.007629567	0.0264129697	0.2664908969	-0.0591835789	-0.0191205628	-0.0396353311	-0.0370748829	0.1301964818	0.0653887764	0.1094855077	-0.0636516378	-0.0251697877	0.1084025656	-0.0900112533	-0.0639279489	-0.0593845368	0.0460974096	0.0545976524	0.0599014924	0.1413192739	0.0080882082	-0.0321445834	-0.0675931724	-0.0595987297	0.016108851	-0.1423068886	0.1627030628	0.0116050838	0.0283258884	-0.0193800184	0.051454413	0.0197345617	-0.1117922827	0.0652027718	-0.052133617	-0.0281661538	-0.0602042266	-0.0210333033	-0.0084639103	-0.1482056641	-0.0315938716	-0.118293021	-0.026875873	0.1608752966	0.055493697	-0.1142930019	0.110577563	0.0601292332	0.0318644167	-0.1227384983	-0.1976967064	-0.0495253363	-0.0864323718	-0.1157062068	0.1311888696	0.1873962967	-0.0468636108	0.0428982803	0.0916577787	0.0561775208	-0.0199981557	0.0903956619	-0.0433828335	-0.0865146166	0.1129264464	-0.1330171285	-0.0006371605	0.0157341998	0.0957001806	-0.0375248507	0.0448118648	-0.099570693	-0.0896034749	0.0644760036	0.0255186883	0.041477206	0.0549797346	0.0338754568	0.0458703563	0.0140375671	-0.0799352616	0.0633872531	-0.0450240866	0.025165515	-0.1670657863	0.1535976097	-0.0381353176	-0.0014154442	-0.0334836709	-0.0342856278	0.0121060931	-0.0332366681	0.1349254565	0.0760513888	0.0226120555	-0.0315728599	0.1264589525	0.1056968193	0.0246165168	-0.0296801671	-0.0894194552	-0.1178768261	-0.0334117659	0.1244649801	0.0491802219	0.064350384	-0.0586226398	0.0485512973	0.1038039036	0.0675208749	-0.096092654	0.0096355515	0.2289227186	-0.0438379343	-0.0310057248	-0.0660789993	-0.0724616734	-0.092785157	-0.0389413756	0.1458321396	-0.1171588375	-0.0452709871	-0.1765068224	0.0448878584	-0.0445454022	-0.1583890704	-0.0024383949	-0.0563154594	-0.0017997318	-0.0651509888	-0.1008007798	0.0913185881	0.0917540721	-0.0855116036	0.0594367988	0.0694500632	0.0142852758	-0.0353016153	-0.0547600282	0.0346412277	-0.0111766612	-0.0016897551	0.1434917872	0.1065924384	0.0812969437	-0.0967294961	-0.0394191822	-0.089787172	-0.0009999333	-0.0918080247	-0.1162863884	-0.1631489461	-0.0450324633	0.0316917711	0.0114139459	0.0299276446	5.93562e-05	-0.0321626085	0.1131708314	0.2119109109	-0.0740333036	0.0570026546	-0.0812164423	-0.0994480115	0.2221349338	0.0278813781	0.0297190144	-0.080124019	-0.0104887887	0.0942867573	0.0502917	-0.0044253	0.00252925508889	1.958328009e-05	0.131197	-0.0248579999999999	0.017212652809	0.0006179201639999	0.132261	-0.011435	0.000130759225	0.0174929721209999	-0.00066466	0.0	0.0	4.417729156e-07	-0.00487338	3.98099999999995e-05	2.37498326244e-05	1.58483609999996e-09	-0.00180538	5.842e-05	3.4128964e-09	3.2593969444000003e-06	0.0	0.0	0.0	0.0
9161.897385966777	-56.25181906267062	83940363.71098486	3164.267147859434	8851.137958624711	53.0244214172144	78342643.16260722	2811.589266630345	6721.131182855385	-15.264154975888232	45173604.37715103	232.99442712793348	7055.789065085499	6791.886160675221	1.024911	42.274315	0.0451878499999999	0.0212597	0.2348048019	-0.1322332946	0.0770760695	-0.061743283	-0.0275800017	0.125533027	0.0540609647	-0.1715637087	0.0840843949	0.0765854328	0.0194629336	0.0534663008	-0.077726745	-0.082269138	-0.1208418513	-0.1808439962	0.0252757408	0.1050333327	-0.0054186726	0.0766922325	0.0836182518	-0.0340389842	0.0618563432	-0.1518432206	0.0311350098	-0.1335420968	-0.0775717477	-0.056371	-0.0573946906	0.07270666	0.0978112768	-0.0103517755	-0.0294049936	-0.0148989107	-0.0059560786	-0.1495138355	-0.1144446521	-0.0055508285	0.0036889361	-0.1230086862	-0.0412231554	-0.1112835203	0.069907668	-0.1940482257	0.131369194	-0.0079252758	-0.0398433555	-0.0169125137	-0.0392717338	0.0159965968	-0.0035302116	0.1189764791	-0.0647630326	-0.0313691448	-0.0707510943	0.0458470527	-0.137776605	0.0020005405	0.11159961	-0.0124943307	-0.1078522994	0.1136955818	-0.0026000501	-0.0121723063	0.1187798706	0.0267145311	0.0617033092	-0.008940818	-0.1091385438	-0.0871277907	-0.0388160762	0.0340630698	-0.0888037393	0.1175515205	-0.0311635524	-0.0491051961	0.0678852128	0.1291771008	-0.0121888509	0.0528208062	-0.0194883311	-0.0078218438	0.0495027733	0.0160208024	-0.0333035888	-0.0123001422	-0.0348398727	-0.0294256422	-0.0102608206	0.0064290703	0.083181603	-0.0161516421	0.0873596515	-0.0489652124	0.0161691513	-0.0338835671	-0.0690753807	-0.1837689749	0.0300740175	-0.1423611179	0.0493095797	-0.0030746693	-0.1953670942	0.0847827911	-0.1318006636	0.0387733657	-0.0927210886	-0.0679676865	-0.0083104706	0.0220603523	-0.0103536216	-0.01620202	0.1109064761	0.0195979287	-0.0342472651	0.0644245275	0.1277333567	0.0491254769	0.012446121	-0.0093862659	0.0350858882	0.1309171641	0.0947600201	0.1120414312	-0.0855237808	-0.0691501579	0.011246957	-0.0355335232	-0.0715515817	-0.1179837241	0.0171513819	-0.1075558655	-0.0802001481	-0.1041246585	-0.0276236629	-0.0181746136	-0.0357574959	0.0124675146	-0.0040860391	-0.0827625276	0.0095796939	0.0687227667	-0.0436841673	-0.0373134581	0.011753317	-0.0110670418	0.1157387609	-0.0044085143	-0.1077202043	0.0596014596	-0.0221337437	-0.0860534252	-0.1248951775	0.0519633227	-0.10375208	0.0429537044	-0.0553378119	-0.0437896828	-0.0302425563	-0.0609988134	-0.0093872815	0.1396009682	0.1197105699	-0.1441114412	-0.0459910628	-0.1024682559	0.0478247693	-0.1378993208	0.00077497	-0.1370989986	0.000926119	-0.0161583103	0.0340949622	0.0747772926	0.0025838461	-0.0286761135	0.1176528951	0.1525464294	-0.0357152881	0.0403639199	0.0360449518	-0.0744226382	0.1450514032	-0.0509959292	0.0514979544	-0.0820411548	-0.0052495325	0.0892990645	0.0539841	0.0036923999999999	0.00291428305281	1.3633817759999988e-05	0.143932	0.0127349999999999	0.020716420624	0.0001621802249999	0.139089	0.006828	4.662158400000001e-05	0.0193457499209999	-0.000774219	-0.000109559	1.2003174481000016e-08	5.994150599610001e-07	-0.00514132	-0.0002679399999999	2.6433171342399994e-05	7.179184359999973e-08	-0.00186653	-6.114999999999983e-05	3.73932249999998e-09	3.4839342408999995e-06	0.0	0.0	0.0	0.0
9151.769292208332	-10.128093758445177	83754881.17780739	102.57828317985611	8874.94958274107	23.81162411635887	78764730.09619589	566.9934430587634	6706.4742514249065	-14.656931430478837	44976796.88502526	214.82563895775837	7044.379942906444	6560.999713668752	0.985323	40.64143	0.04421395	0.0205988	0.2610289254	-0.1641819687	0.0642833173	0.0011992801	-0.0608459487	-0.0044332823	0.0458155423	-0.1653710743	0.1242688035	0.0529189564	0.0078644319	0.0865600447	-0.04391611	0.1167925676	-0.0681859695	-0.1876288967	-0.0473206113	-0.0652323009	0.1042756918	-0.0591617137	0.0898618499	-0.0634364941	-0.0331988698	-0.0236373418	0.0274066087	-0.0892813175	-0.0354547555	0.0208237839	-0.0330087692	-0.0714940502	0.0218165949	-0.1577658138	-0.0652745612	-0.0012088972	0.1538018419	0.0375971126	0.022916793	0.025842464	-0.1165472165	-0.0359697878	-0.0010134604	-0.118452085	0.1673480476	-0.1281745912	0.1866096446	-0.0257184349	-0.1061221055	-0.0622135646	-0.0024116005	0.036645894	-0.1252065167	-0.060352434	-0.0629434579	0.0818464599	-0.0614778238	-0.0400386829	-0.0764515793	0.0704031266	0.0952026861	0.0605818693	-0.0280970864	-0.0320025741	-0.0027132509	-0.0423247975	0.1123151689	-0.0454992707	0.1238826936	-0.0114395315	-0.0916497929	0.0059471751	-0.0245876613	-0.0598010096	-8.20414e-05	-0.0845185325	0.0423245787	0.0170120329	-0.0533998791	-0.0251631612	-0.1231552642	-0.0975760406	0.0144358529	-0.0264984894	-0.0823584457	0.1096448975	0.0845493329	-0.0057955619	0.006915743	-0.0848089439	0.1039407768	-0.0016213745	0.015853075	0.1685151177	0.0985513725	0.1434330714	-0.0443845253	-0.0795138243	-0.0012034068	0.1542909873	0.1532061936	0.1151236254	-0.0929556838	-0.0744332612	-0.1854363548	0.0171931778	-0.0377579781	0.0707817802	-0.1813170219	-0.167874213	-0.0498565636	-0.0303903993	0.0499672407	-0.0705134023	0.1313158438	0.0857248975	0.0462114588	0.0829859718	-0.0925496575	0.0405550669	-0.0506192156	0.0275819008	0.1311855553	0.102648458	0.0048792518	0.0152538278	-0.0345155764	-0.0908569818	-0.082744406	-0.031677528	0.0758155297	-0.0978632155	-0.0530075471	0.0594217997	-0.0241635839	0.0418733813	-0.0083071339	0.010034248	0.0245303387	0.0170968931	-0.0282757489	-0.0498822635	-0.0322499162	-0.1066710441	-0.0319626845	0.0770399578	0.032739913	-0.093835818	0.1080423061	-0.0103537775	-0.0295188614	0.0262920464	-0.0677548639	-0.0758732965	-0.0369944452	0.091681472	0.0387280971	-0.0414472556	0.1407473349	-0.1177417673	0.0800213977	0.0352319432	0.1015852873	0.1464049386	0.1866070718	-0.1883291435	-0.0799902255	-0.0057391366	-0.0665806861	0.0038960023	-0.0231710272	-0.1367215139	0.033004259	0.0601826746	-0.0043951515	0.0697487261	0.0337174969	-0.0332061683	-0.0141098398	0.1203357645	0.0116485676	0.0043105151	0.0939434817	-0.143895542	0.0749099117	-0.0785656868	0.0388038373	-0.0839181358	-0.0	0.0839181358	0.0471453	-0.0068387999999999	0.00222267931209	4.6769185439999984e-05	0.127995	-0.015937	0.016382720025	0.000253987969	0.148766	0.009677	9.364432900000037e-05	0.022131322756	-0.000727166	4.7053000000000025e-05	2.2139848090000023e-09	5.28770391556e-07	-0.0051896	-4.828000000000037e-05	2.693194816e-05	2.330958400000036e-09	-0.00172664	0.0001398899999999	1.956921209999998e-08	2.9812856896e-06	0.0	0.0	0.0	0.0
9171.89495782356	20.12566561522908	84123657.11734925	405.04241645601417	8871.044036447607	-3.905546293462976	78695422.29659265	15.25329185038239	6704.424202220388	-2.050049204518473	44949303.88331848	4.202701740946823	7037.602188508194	6614.802571047104	0.969466	39.987392	0.042821	0.0216169	0.2496481471	-0.1652427687	0.0459644098	0.0688849835	0.0947224189	-0.0538387529	-0.0248372413	-0.1003926822	0.1234584028	0.0224467991	-0.11681769	0.0132773376	-0.0320947537	0.1066793248	-0.1526657239	-0.1351434229	0.0786064419	-0.0230548666	0.0317808582	-0.0820972924	0.1136311025	0.0381299932	-0.0328346758	0.1799256209	0.0814893522	-0.0694545212	-0.1298431259	-0.1043913367	0.061385556	0.0694284389	0.0219683872	-0.1978945211	-0.1006513062	-0.0155289192	-0.1407038296	-0.0129598979	-0.116285852	-0.0615188013	0.0302535494	-0.0748652621	0.0079495474	-0.1157996056	0.2028774673	-0.0530717527	0.1256268569	0.0328747302	-0.0829682575	0.0143434573	-0.1019140841	0.0825160009	-0.0009048417	-0.0543214584	0.0046859375	0.0251172356	0.0013763553	0.0391027577	0.0608772514	0.1066530391	-0.0365919859	-0.0389455285	0.069406701	0.1752402489	-0.0259069589	0.0611771264	-0.0961181532	-0.1181131533	0.0724992017	-0.1033510563	0.0367926565	-0.0159905434	0.0975134239	-0.0226977813	0.1527417667	-0.0123769067	0.0841839344	-0.1200884477	0.0172019232	0.0071348654	-0.1277298771	-0.0516061164	0.0107496018	-0.0433419241	-0.055533773	-0.0718129858	0.1088797382	0.0497948888	-0.0585532827	-0.124643671	-0.0531072967	-0.1222761477	-0.0623837466	-0.078492169	0.0459321089	-0.3193966309	0.0229143019	0.0106479328	0.0468775342	0.0232205543	0.1386203049	-0.033548889	-0.0199567352	-0.0055126133	-0.0872767763	-0.0882952682	-0.1004090794	0.0778696771	-0.154675488	-0.1530393155	0.0569424803	-0.0039301069	0.0769907193	0.0490141219	0.0443023298	0.0686459677	0.0212211765	0.165032506	-0.0269906982	0.1203838245	0.0431774352	0.0856641343	-0.0983120456	0.0401532441	-0.0671041857	-0.1068940144	0.0105833432	-0.0603685399	0.0388699483	0.1367731202	0.0377921878	-0.1849300778	-0.0320671886	0.0252789879	0.0398077415	0.0408260041	0.1214214863	0.0651773654	0.0162076214	0.049260815	0.0301174043	-0.0059373903	0.1205386622	-0.1080739411	-0.1046002174	-0.0759698899	0.1706944466	0.0588069344	0.0229952489	-0.0875429993	0.0690937729	-0.1056361492	0.0754700901	0.0445482523	-0.0625890749	-0.0262084427	-0.0420878722	0.0580408217	0.0868327186	0.1486826208	-0.1077140419	-0.0059293833	-0.0770467448	0.1449763265	0.2018988689	-0.1756083206	-0.0904894381	0.0500767538	0.0448855542	0.0406198635	0.1225548428	-0.0409547483	0.0902704614	0.060534493	-0.0709937084	0.0217536838	0.0287009171	0.0221155243	0.0174351425	0.0312739731	0.0697194296	0.0460645613	0.1856026909	-0.047675089	-0.0019850969	-0.116229388	0.0662386556	-0.0857540434	0.0052495325	0.0781676667	0.0516991	0.0045537999999999	0.0026727969408099	2.073709443999997e-05	0.111743	-0.016252	0.0124864980489999	0.000264127504	0.147881	-0.0008849999999999	7.832249999999945e-07	0.021868790161	-0.00080605	-7.888399999999999e-05	6.222685455999998e-09	6.497166025e-07	-0.00534642	-0.00015682	2.85842068164e-05	2.4592512400000073e-08	-0.00191354	-0.0001869	3.4931610000000026e-08	3.6616353316e-06	0.0	0.0	0.0	0.0
9228.676603472804	56.78164564924373	85168471.85148634	3224.155282636279	8874.586959026037	3.54292257843008	78758293.69331501	12.552300396749644	6703.4923185245125	-0.9318836958755128	44936809.26451714	0.8684072226386053	7032.8105947218455	6890.609549400925	1.005547	41.475601	0.0474108	0.0293682	0.1953488956	-0.1345238701	0.0160854297	0.1002861261	0.0370861637	-0.1046420488	0.061688845	0.0273988833	0.0786277806	-0.0113373929	-0.1786888077	-0.0668296769	-0.0594664899	0.1460623828	-0.1057960246	-0.094908971	0.1225989615	0.024001834	0.0331937075	0.1555426974	0.0083813733	0.0535857133	-0.0502676554	-0.0607680818	0.0184439339	0.0473684472	0.1114315787	-0.0611281146	-0.0116439348	0.0426868313	-0.0755180677	-0.041484484	-0.0757434857	-0.0669749974	0.0343292215	-0.0574853627	-0.036170284	-0.0151631254	0.0532509933	0.0985810008	-0.0125033076	-0.1080659173	0.1995348957	0.0101756598	0.0044130231	-0.0102944348	-0.0846495748	0.0730341669	0.1020399034	0.0616624183	0.0303931898	-0.0628559183	0.124990019	0.0254337339	-0.112966683	-0.0158035886	0.0142989724	0.0349987842	0.053889608	0.0565855471	0.0571821248	0.0493781616	-0.0884526792	-0.0054370011	0.0724140968	-0.0472031246	0.1327305583	0.0077386698	-0.009251397	0.0427080872	-0.0727854437	0.059486536	0.0810536042	-0.0181576955	-0.0514793512	-0.0146227813	-0.1004620588	-0.059630432	0.125769333	-0.0866805048	0.1788975839	-0.0496579715	0.0312048113	-0.0647981322	-0.00557224	0.0390122994	-0.0763054641	0.0389888113	-0.0823832011	0.1109158853	-0.0751911034	0.1371929699	0.0035442939	-0.0460760138	0.0016140644	-0.022323831	0.0042542891	-0.1174645437	0.0083197653	0.083856583	-0.0050998741	0.0773421411	-0.0519302949	-0.1387045096	0.014199203	0.0396798767	-0.1678204213	-0.0708295924	0.0733047991	0.0241505123	0.0964564265	0.1505344558	0.067668111	-0.1307964622	-0.0767281862	0.067395039	0.0284134574	0.0473693012	0.003793067	-0.0219283745	0.0740857301	-0.0421149448	-0.0309850166	-0.0156005854	-0.0309767701	-0.0780036161	-0.000824219	-0.0473322329	0.1739623596	-0.0061857483	-0.0321789794	-0.0945406561	0.0680936878	-0.072037139	0.0436061738	-0.0166433435	-0.032483005	-0.0773674404	-0.0243592321	-0.0604249531	-0.0002748095	-0.0997208033	0.0544803177	-0.1347447964	0.076636184	-0.0313376907	-0.1466116508	0.02466518	0.1693415381	0.0071532408	-0.0383712892	0.0540775104	0.0540155887	-0.1029758491	0.0057687448	-0.0260733406	0.1100923628	0.1133118628	0.0174355401	-0.0784803052	0.0512491737	0.1154598387	0.1937801321	-0.1357017049	-0.0663203661	0.1330281988	-0.1072888916	0.0598331117	0.121097818	0.0304068102	0.0641846751	0.0560331209	-0.1293138166	-0.0112069385	0.06603845	0.0703940078	-0.0297904492	0.0329203331	-0.0023655968	-0.025777467	0.1157346581	-0.0102775655	-0.0222841523	-0.1161445947	0.0103224423	-0.087547979	0.0104887887	0.0720729799	0.045167	-0.0065320999999999	0.002040057889	4.2668330409999984e-05	0.0922853	-0.0194576999999999	0.00851657659609	0.0003786020892899	0.149146	0.0012649999999999	1.6002249999999706e-06	0.022244529316	-0.00116496	-0.00035891	1.2881638810000006e-07	1.3571318016000002e-06	-0.00531319	3.323000000000041e-05	2.82299879761e-05	1.1042329000000272e-09	-0.00192452	-1.098000000000006e-05	1.2056040000000134e-10	3.703777230400001e-06	0.0	0.0	0.0	0.0
9281.52502111488	52.84841764207522	86146706.71758157	2792.955247271207	8862.246601561603	-12.34035746443442	78539414.82689019	152.28442235002228	6708.55353221008	5.061213685567964	45004690.494528346	25.61588397098045	7033.776572591005	7310.991793838314	1.038255	42.824715	0.0785136	0.0482046	0.1239706431	-0.0815358787	-0.0069306182	0.1235819318	0.0393430353	-0.1264931515	-0.0501963797	0.0099383556	0.0095138831	-0.0174670282	-0.1880415348	-0.0576742215	-0.0855704366	0.0298449229	-0.1336917891	-0.0842629514	0.2502785289	0.0445945827	0.0291443127	0.1300575877	-0.0910951495	-0.1391791516	0.0695857702	-0.0489601361	-0.0443409647	-0.0365823352	0.0579710643	0.0833165045	-0.1336907715	0.1290238654	-0.0325948158	0.1184738095	-0.0203183249	0.0846945446	-0.0087918519	-0.0427464833	-0.1417615923	-0.0678999383	-0.009044438	-0.0052766095	-0.0168105442	-0.1073949138	0.1928185947	0.0401816091	-0.0857400724	0.1086269039	-0.0476591063	0.0216956185	0.0129116769	-0.0520061731	0.1581723737	0.2991388616	0.1055127782	-0.2062845882	-0.1212564895	-0.019227916	-0.2197675983	-0.2200560159	-0.0326270643	-0.050790755	0.1881311146	0.0417087584	0.0301257846	0.22034795	0.1904078642	-0.0261215023	-0.0959552448	-0.0577933455	-0.0067576283	0.0617061683	0.046006988	0.0286780189	-0.0676213948	-0.1240747679	0.0724866778	0.0248647344	0.1751408239	-0.0070963504	0.0485260934	-0.04618118	-0.0922831811	0.0538451184	-0.2759563623	-0.1241357365	0.0089661576	-0.0392823711	-0.0194555143	-0.0080786196	0.0342743706	0.0658109365	-0.0965693492	0.04115104	0.0546952795	0.0292627859	-0.0858432988	0.0070087181	0.0261935918	-0.0187135434	-0.0610662349	0.0347651198	0.0303239322	-0.0260520528	-0.0017910991	-0.1931162707	0.0039564306	0.0734224616	-0.0667618692	-0.01904944	0.1461506981	0.080961266	0.0558928523	0.2334934298	0.0005500669	-0.0737329046	-0.2209719833	0.128248253	0.1798211516	0.2266558243	0.1606190076	0.0534588198	-0.1574149693	-0.0651042027	-0.0275254404	-0.0056047055	-0.2182508633	0.0395280188	-0.1151746083	-0.1339806794	-0.0804390577	0.1928805994	0.0135518712	0.0430146208	-0.1363728153	-0.1547891832	-0.0020710187	-0.0714602624	0.040922699	-0.048560734	-0.0284115353	-0.0139551785	0.0621067883	0.0824273048	-0.0269151312	0.1208804074	-0.1074428643	0.2218935858	0.2092207046	0.0125495375	0.1417853171	-0.004978799	0.0760771366	-0.0266627939	0.0872886653	0.088626081	0.0165306426	-0.0345899129	0.0809502967	-0.0237477415	0.1039987984	0.1273862701	0.0044702252	0.0872780902	0.136495465	-0.0676099357	-0.0864184535	0.1746936688	0.0104012137	0.0652466076	0.1266713724	0.1321924783	0.074804617	-0.0077189	-0.1833537802	-0.0180072104	0.0094674749	0.1472729797	0.0752363076	-0.0416864626	-0.0504094142	0.1071173541	0.096095417	0.0240645402	-0.0330688375	-0.0968918144	-0.0349135426	-0.0892990645	0.0157075127	0.0656609137	0.0478237	0.0026566999999999	0.0022871062816899	7.058054889999989e-06	0.0575594	-0.0347259	0.0033130845283599	0.00120588813081	0.151941	0.0027949999999999	7.812024999999955e-06	0.023086067481	-0.00169608	-0.0005311199999999	2.820884544e-07	2.8766873664e-06	-0.00535091	-3.772000000000064e-05	2.8632237828100004e-05	1.422798400000048e-09	-0.00172664	0.00019788	3.915649440000004e-08	2.9812856896e-06	0.0	0.0	0.0	0.0
9359.015574999134	77.49055388425404	87591172.53307636	6004.785941288479	8853.74323230662	-8.503369254982317	78388769.22361529	72.30728868657853	6730.465839766094	21.91230755601373	45299170.42025831	480.1492224293364	7047.259438400661	7909.543648117798	1.162554	47.951641	0.073349	0.0338784	0.0224346239	-0.0349184625	-0.0553399778	0.1558679701	0.0195460342	-0.1209809953	0.0313557468	0.0544032461	-0.0655914981	0.0189401874	-0.185336716	-0.1105534792	-0.0830081645	0.0378631716	-0.0152096659	-0.1066105642	0.1210512753	0.000627042	-0.0075655574	0.2364534716	-0.0251653862	-0.1806842978	0.0484869333	0.1065353737	0.0619184138	0.0905639449	0.0132390661	0.0898066272	-0.0940550581	0.0049707351	0.0116077736	0.1489448098	0.0753097899	-0.0853424582	0.1038975055	-0.0207238861	-0.0020580739	0.015389674	0.1237569522	0.1967730817	0.0297146405	-0.0285439549	0.0222333438	0.0740842125	-0.0327248547	-0.1928090161	-0.0848405374	-0.0383340244	0.230257699	-0.1341776877	0.0289519386	0.079642689	-0.0204635808	-0.0452825165	0.0503057597	0.0206886903	0.0788509631	0.0797215581	0.0863191361	-0.0767095843	0.0237589163	0.1021251842	0.0573088508	-0.0153086423	-0.0984649624	-0.1335407848	0.0513258019	-0.09868379	0.050647612	-0.0564430114	-0.0395937798	0.0066525014	-0.070522734	0.1015638104	-0.0236924027	0.0666402563	0.0521211859	-0.0483027685	-0.063417496	-0.0474168416	-0.0115670216	-0.097745064	0.0380857755	0.0685529684	0.0117041979	-0.0035248942	0.0360151463	-0.0218271389	0.0242384045	-0.1042146467	-0.052403269	0.1404768809	-0.1205662265	0.0402674657	0.051491668	0.0062127941	-0.026251091	-0.1005092945	-0.0169275161	-0.0139826878	-0.0006299993	0.0688308651	0.0500956539	-0.1441136848	0.0726677595	0.0009429961	-0.0074319583	0.0824733022	-0.0187975595	-0.0051216676	0.182375445	0.1513180957	0.2315474261	-0.1108313858	-0.1216426978	-0.0340011561	0.0194311161	-0.0531930566	0.0251005676	0.0198513969	0.0057305817	0.0641733585	0.0251594406	-0.1206162437	0.1006101076	-0.070681041	-0.0670601846	0.0374932511	-0.0772912568	-0.0052037663	0.1524294639	-0.0763098896	0.0265475571	0.056185201	0.078259046	-0.0160725126	0.0071018559	0.0228874969	-0.0065135168	0.1086489141	-0.0508936137	0.0924375929	0.0648810216	-0.0512749375	-0.0499628648	-0.1592520705	0.0030112326	0.0113600461	0.0611232169	0.0037790766	-0.0255489978	-0.058791203	-0.0066011648	-0.0939205876	0.1017662126	-0.0095580226	0.1116779369	-0.1007596736	0.0728350829	0.0771881671	0.0237517935	0.0252960196	0.0923492748	-0.0109995818	0.0253756495	0.2061763464	-0.0745154785	0.0936772315	0.1175728784	0.1834723175	-0.0939474345	-0.0686711623	-0.140961877	0.0271340454	0.025375151	0.055966848	-0.0669581783	0.1560402498	0.044290861	-0.0159980997	-0.0651547938	-0.0540607357	-0.0505899589	-0.0193394423	-0.0740893393	-0.0910064429	0.0208954884	0.0589597043	0.0524017	0.004578	0.00274593816289	2.095808400000005e-05	0.0711914	0.013632	0.00506821543396	0.000185831424	0.127196	-0.0247449999999999	0.0006123150249999	0.016178822416	-0.00213931	-0.00044323	1.9645283290000019e-07	4.576647276100001e-06	-0.00531798	3.293000000000046e-05	2.82809112804e-05	1.08438490000003e-09	-0.00185836	-0.00013172	1.7350158400000027e-08	3.4535018896000005e-06	0.0	0.0	0.0	0.0
9420.684910920483	61.66933592134956	88749304.19084488	3803.106992980255	8837.235884084148	-16.5073482224725	78096738.07094453	272.492545337966	6755.305815541021	24.839975774926643	45634156.661482334	617.0243964989425	7070.121100274227	8583.502263571738	1.195837	49.324486	0.1951271	0.106916	-0.0852397827	-0.0039050595	-0.0907406455	0.1184557494	0.038211125	-0.1100750661	-0.0976737327	0.1102819885	-0.0719286925	0.0396638317	-0.0131684869	-0.157870085	-0.0834315357	-0.033569525	0.0546714566	-0.2283143496	0.0932221357	0.0676210482	-0.138330665	0.0619219502	0.0194040159	-0.2429054403	-0.1656916034	0.0243008333	-0.0549757085	0.335138405	-0.0651248516	0.1815493099	0.1314328802	-0.0792462341	0.0043264034	0.0403541026	0.2145382033	0.011339844	-0.1299866622	-0.0903406862	0.0059261816	0.1300355696	-0.0730385637	-0.0213967323	-0.0052753697	0.0788952068	-0.0647965238	0.05935076	0.0744437466	-0.4399568758	-0.3846675732	-0.0737017092	0.331598405	-0.2866646117	0.0196629379	-0.1124152426	-0.0298802953	0.0738144243	0.1023473571	0.0948254067	0.0316822156	-0.0660245007	0.053751933	0.0450419851	-0.0550667837	-0.0251638412	0.0917082904	0.1537026114	0.0066447981	0.0260237309	0.0820412037	0.0008891178	-0.0882326539	-0.0452265867	0.0384005909	0.0107347977	-0.0236388427	-0.0946115362	-0.0212124349	-0.0511250483	-0.0220462223	0.1626720226	0.0766090665	0.015300045	0.0305088319	0.055884599	0.053695449	-0.0122765641	0.0227211359	0.0159240124	-0.0287902756	-0.0251823159	0.023428885	-0.113062042	-0.0318421275	-0.0382358362	-0.0063214787	-0.0409209262	-0.0945508446	-0.0040389399	-0.0218845593	0.1659398982	-0.0540533811	-0.0067523582	-0.0159905445	-0.0091694915	0.146687837	-0.0565565379	0.0429886837	-0.0140010953	0.1372370577	-0.0708273858	-0.1105555691	-0.0881826398	0.2379829678	0.1587032979	0.5696285695	0.076230477	-0.1099677097	-0.2667518236	-0.2514614728	-0.2025869504	0.0035993801	-0.0026445934	0.0093873974	-0.0641267432	0.027050074	0.133669392	0.067312249	-0.0224417432	-0.0078927432	-0.0779462183	-0.1390233895	0.0240309272	-0.0605631019	-0.0534072982	-0.0044819573	-0.0620134748	0.00564965	0.0328233866	0.0552621063	-0.1199266861	-0.0350922286	-0.0735687373	-0.044607739	-0.0031047823	-0.0112811465	-0.0066090557	-0.0031347233	0.024594589	-0.0103915741	-0.0665007614	-0.0422867829	-0.0405628709	0.0298205276	0.0159750428	-0.0452532657	0.0061149866	0.0580698178	0.0428531614	-0.0471590777	0.0660186138	-0.0636607904	-0.0344823723	0.0118997673	-0.0951072068	0.0576074791	0.0657541585	-0.1243272057	0.1402658521	0.0367438775	0.0895335839	0.1492203275	0.1312173997	-0.2337475236	-0.0779628711	-0.1145502633	0.0043792285	0.2031485846	-0.1802549738	-0.207003838	0.3925114467	0.1097313751	-0.3100929254	-0.4091791616	0.0404881573	0.0181857618	0.0924767243	-0.1752808736	-0.0926692784	0.0260425603	0.051998861	0.0561988	0.0037970999999999	0.00315830512144	1.4417968409999983e-05	0.0350595	-0.0361319	0.00122916854025	0.00130551419761	0.0487239	-0.0784721	0.00615787047841	0.00237401843121	-0.00115569	0.00098362	9.675083044000004e-07	1.3356193761e-06	-0.00478743	0.00053055	2.29194860049e-05	2.814833025000004e-07	-0.00183801	2.0350000000000146e-05	4.141225000000057e-10	3.3782807601e-06	0.0	0.0	0.0	0.0
9412.19347891158	-8.491432008902848	88589386.08446568	72.10441756181986	8808.27090534824	-28.96497873590852	77585636.3420043	838.9699931716325	6755.0484927585085	-0.2573227825123467	45630680.139519	0.0662150143998965	7069.7804918062975	8784.295676127134	1.122365	46.293961	0.0999985	0.0548277	-0.1114413427	-0.0137024921	-0.0733444093	-0.0054773635	-0.0440106263	-0.0291186021	0.002915605	0.1626982033	-0.0656322838	0.1126784549	0.1040391187	-0.0208255944	0.1423179204	-0.0086929306	0.0224793737	-0.0914872479	0.1231963109	-0.0880773499	0.0280907102	0.1193909931	-0.0633072287	0.0886103213	-0.0571334679	-0.0083251884	-0.0839657807	0.0420013378	0.0605858534	-0.0070692807	0.0523870009	0.1443413533	-0.1258498003	-0.0375083676	-0.0482712263	-0.0945268738	0.0231444794	0.1726395118	0.0907535209	-0.1091808598	-0.1209300788	0.1341880805	0.0058568207	0.1038928544	-0.0836036085	0.0619768803	0.1596842372	0.0139626913	-0.0132500319	0.0312375726	-0.1653064184	0.0283979984	0.0751801985	-0.0638946657	0.0235820052	-0.0400138619	-0.0116344328	-0.0571958112	-0.0269030123	0.0370024291	0.0056768349	-0.0063299804	0.2257642513	0.1389492338	-0.0831775768	-0.1460151334	0.0250629487	0.0702153489	-0.0901940987	-0.0688729866	-0.0731780689	-0.2096864627	0.0327804254	-0.0105631716	0.1235497864	-0.1640412829	-0.0194676417	0.0732598578	-0.149982281	0.0152210358	0.0408041341	-0.0458849224	-0.1056144033	-0.0115986452	-0.0216403023	0.0907687724	0.1264387987	0.1077755866	0.0395936605	0.0076582834	0.0612344974	-0.0577709246	-0.011523313	0.0910377784	0.0302518379	-0.0892841138	-0.1577460189	-0.0063290227	0.1040481316	0.0403002291	0.0012577605	0.0436795413	0.041219429	-0.0269668881	0.0710974238	0.0828299598	0.0843887173	-0.104218522	0.0289981713	-0.03940146	-0.0459892019	-0.1492266698	-0.0661784491	0.1061045892	-0.0225958145	0.0713917971	0.0541023618	0.0458670021	-0.000423991	0.1517970686	-0.0113754062	0.1096617503	-0.1054251341	0.1209242362	-0.0955019989	-0.1779105718	-0.1100906843	0.040615295	-0.1261357512	0.0016241954	0.1684466452	0.0155217754	-0.1453841472	-0.08405403	0.0883208937	0.0212039037	-0.1322160474	0.0886107407	0.0369480078	0.0109558836	0.0852439903	-0.0223721384	-0.0341882027	-0.009614836	-0.0108938696	-0.1388808622	-0.0101119765	0.0007881263	0.0422689691	0.0229099469	-0.1725010239	-0.0696475447	0.0137433408	-0.0381189992	-0.004107417	0.1044549121	0.0495522034	-0.0181357752	0.0787325588	0.1003336719	0.1095052125	-0.0011212838	0.021831927	-0.1302739953	0.0113795433	0.0294776187	-0.0339269659	-0.0023031329	-0.0868994141	-0.0701215827	0.0633796173	-0.0465547805	-0.1507654137	0.0542691977	-0.0458763081	0.0286518302	0.0801706751	-0.069016013	0.0388158265	-0.0687157546	-0.0123363973	0.2904538343	-0.0547462196	0.0551210185	-0.0887412198	0.0236226684	0.0861225878	-0.0942867573	0.0311386526	0.0448090364	0.060756	0.0045571999999999	0.0036912915359999	2.076807183999997e-05	0.0810745999999999	0.0460150999999999	0.0065730907651599	0.0021173894280099	0.0285532	-0.0201707	0.00040685713849	0.00081528523024	-0.00114801	7.679999999999926e-06	5.898239999999885e-11	1.3179269601000002e-06	-0.00498028	-0.00019285	2.48031888784e-05	3.7191122500000185e-08	-0.00222259	-0.00038458	1.4790177640000006e-07	4.9399063081e-06	0.0	0.0	0.0	0.0
9387.250353638392	-24.943125273188343	88120469.20188412	622.159498393967	8823.099300095826	14.828394747586572	77847081.25935146	219.88129079025305	6740.961416222839	-14.08707653566944	45440560.81500503	198.44572532180848	7061.789152697616	8651.786008623469	1.045772	43.134773	0.05848255	0.0277139	-0.0823557386	-0.0541224524	-0.0570013364	-0.1168623867	-0.0558651908	0.1044342694	-0.1059339704	0.0777752892	0.1270774599	-0.0418459211	0.0963787852	-0.1145573441	0.0385296044	0.0199033047	-0.1321560159	-0.0261734627	0.0142110048	0.0542127664	-0.0010862108	0.0189515002	-0.0865424128	-0.03217159	-0.1215393071	0.1183871603	-0.1042422459	0.077110523	-0.0434290693	0.1594111305	0.1622133745	0.129355983	0.0803146068	-0.1639142511	0.0791745617	0.0538783631	-0.0151924798	0.1045942674	0.0745151522	-0.017621733	-0.0737046485	-0.1043528542	0.0021293359	0.0896226369	-0.0141668378	0.0348568042	0.1308783795	0.0530150481	-0.1146450494	-0.0452764385	-0.0365836491	0.1252811809	-0.0268198662	0.001421558	0.016354394	-0.0356347502	0.1582044554	-0.0235542712	-0.1270442673	0.198598517	-0.1214068427	-0.0370470959	0.1389120881	-0.0605374253	0.0268170305	-0.063619871	-0.1297627038	0.0307171505	0.0410038908	-0.0016289025	0.0029396163	0.0088801715	-0.0490311695	0.0257089527	-0.0643462489	0.0340939609	-0.0604080726	-0.0104645233	-0.0002431406	0.087519057	0.0783755833	-0.1095208122	0.0021705486	-0.0595847758	-0.0886126003	-0.0302683587	0.0027097894	-0.1102377658	0.0266707759	-0.082330855	-0.111449757	0.0806047728	-0.0569067903	0.0651210619	-0.0795290774	0.0028284456	-0.0496929571	-0.2053258992	-0.126933949	-0.0084299261	-0.0473254915	0.0847471627	-0.060245676	-0.0190044481	0.0363756088	0.1353343431	-0.0017981485	0.0345373107	0.0766304071	-0.1228811676	0.1429284978	-0.0925473454	-0.084622092	0.0089470109	0.0861075134	-0.0306241421	-0.0375778508	-0.0472649012	-0.0737764307	0.1822935697	-0.0278838797	-0.010406081	0.0897126182	0.0754575983	-0.0427679801	-0.1767343233	0.0388614917	0.0815205222	-0.0317004602	0.0837815604	-0.1169996162	-0.0091843346	-0.005606009	0.0146016303	0.0479354702	0.0726949824	-0.0272790445	0.0816307272	-0.073274142	0.0006225675	0.0188440338	0.117081253	0.0193364687	-0.0261032134	0.1054011841	-0.0554305732	0.0598545291	0.1344623234	-0.1193024395	-0.0952460359	0.0739293714	0.0195596493	0.0124012806	0.0261803069	0.1009967279	0.007997121	0.1141028803	-0.0749971052	0.0459009537	-0.0626870631	-0.037163763	0.0323755653	0.0590991368	-0.1311146015	0.0247353605	0.01777083	-0.1040615729	-0.0523881805	0.074714332	-0.0676869621	-0.0622319163	-0.036862688	-0.0261543326	0.0542590268	-0.1396365104	0.0219730757	0.1478997464	-0.0456492762	-0.0239972162	0.0223150644	0.1129606827	-0.0672104058	-0.0069094664	0.0967139046	0.0466254819	-0.0770295702	-0.0074921449	-0.0958580879	0.0361737896	0.0374218916	0.0562268	-0.0045291999999999	0.00316145303824	2.0513652639999974e-05	0.0675858	-0.0134887999999998	0.00456784036164	0.0001819477254399	0.017213	-0.0113402	0.00012860013604	0.000296287369	-0.000765453	0.000382557	1.4634985824900005e-07	5.85918295209e-07	-0.00490146	7.882000000000028e-05	2.40243101316e-05	6.212592400000044e-09	-0.00210148	0.0001211099999999	1.4667632099999952e-08	4.416218190400001e-06	0.0	0.0	0.0	0.0
9368.117519755113	-19.13283388327909	87761625.86394268	366.0653324051525	8845.411289016085	22.311988920258955	78241300.8718532	497.8248495777584	6731.087411050323	-9.874005172516265	45307537.73520014	97.49597814687792	7053.472107247331	8468.6407960994	1.054302	43.486607	0.11140835	0.0650695	-0.0567915809	-0.0601556374	-0.0733990616	-0.1062296303	0.0467172311	0.1317920023	0.102809719	-0.0630257601	-0.1171852714	-0.1157288765	0.1147654972	-0.0315637066	0.1044947883	-0.1008301624	0.0195288636	-0.0720571822	0.1254189727	0.072416799	0.0678482743	0.0852956284	-0.0032018734	-0.0462616884	-0.0322988243	0.0437468437	-0.1952311872	-0.1501355549	-0.0255429158	-0.079193649	-0.1229520835	0.0012075777	0.0273311265	-0.1294607721	0.0886254256	-0.0065762934	0.0169633704	0.0148712845	-0.0652032261	-0.0562554658	0.0434613957	-0.0294499885	0.0055736227	0.0628560614	0.0205030475	0.1093866107	0.0610564744	0.0010693496	-0.0382338402	0.0217621997	-0.1032036058	0.0119038099	0.0339604731	0.067963066	0.0757112776	-0.0461174812	-0.0415632691	0.0108290958	-0.098478094	0.2472372795	-0.0294228666	-0.0116352161	-0.039966756	0.0742416416	0.0137753563	0.1490136116	-0.0984888102	0.131623442	0.0210059481	0.1255278423	-0.0401324957	0.04375392	-0.0578624711	0.0105799306	-0.0189828444	-0.1002356708	0.0913024661	-0.0215404821	0.0165195931	-0.0108615217	0.038854957	0.1520791276	-0.0015572814	-0.0636300856	-0.0796563939	0.0833418385	-0.0060564447	0.0110837194	-0.0712354178	0.0402484745	-0.0082982204	-0.0891534835	0.0410122274	-0.0483900667	0.1620258219	-0.0407045633	-0.0655220555	0.0822014782	-0.0063765662	0.007882324	-0.0723509641	-0.0854986456	-0.0362204057	0.003798876	0.0657454977	0.0584680277	-0.0423676946	0.0572164601	-0.0686160281	0.1626001832	0.0260691788	-0.1188255999	-0.1103412091	-0.0555712961	0.0552184269	0.0469257602	-0.1925455149	-0.0132108076	0.0481494482	0.1861214946	-0.0788331178	-0.0237430317	0.0570510966	-0.0386721036	-0.1335988434	-0.0724969694	0.0133099787	-0.0385544793	0.1481138392	0.0142336587	-0.0085604285	0.0470924503	-0.1409905403	-0.0446815301	-0.0101076251	-0.0168375298	0.0407578305	0.0544319671	-0.0791380379	-0.1131601412	-0.0894372088	-0.0378824499	0.0782204998	-0.008730841	-0.1020293841	0.0579960991	0.0039917354	0.0758234709	0.0464201201	-0.094249263	-0.1060903199	-0.0014478705	-0.0989434465	0.0471925899	-0.0782354348	0.042270609	0.0229139788	0.0811114842	0.0269765477	-0.0660944021	0.0482985692	-0.0347151327	0.0434940533	-0.1131052575	0.0492229544	-0.0135164508	0.0285345218	-0.0794025122	0.0094504199	-0.076688591	0.0037745137	0.0528433234	0.0602746239	-0.1668516558	-0.0204957669	-0.0074657179	0.0700292891	-0.0957398942	0.0235981738	-0.0657545783	-0.0389070023	0.0068246975	0.0801886726	0.1105304561	-0.0522659983	-0.1150877002	-0.0734612011	-0.0973825011	0.0411381146	0.0298699563	0.0604156	0.0041887999999999	0.00365004472336	1.7546045439999997e-05	0.128097	0.0605111999999999	0.0164088414089999	0.0036616053254399	0.0352235	0.0180105	0.0003243781102499	0.0012406949522499	-0.00104348	-0.000278027	7.729901272900003e-08	1.0888505104000002e-06	-0.0051256	-0.00022414	2.627177536e-05	5.0238739600000126e-08	-0.00202969	7.17900000000004e-05	5.153804100000057e-09	4.119641496099999e-06	0.0	0.0	0.0	0.0
9357.30430377667	-10.813215978443624	87559143.83347738	116.92563979646847	8856.050452193822	10.639163177736918	78429629.6118024	113.19179312251312	6718.431989125639	-12.655421924683653	45137328.39250669	160.15970409176364	7045.564191702358	8363.319413952544	1.046633	43.170261	0.0784609	0.040395	-0.0501869975	-0.0563504073	-0.0889174156	-0.007680215	-0.1048840044	-0.0306173661	-0.0188128843	-0.0671757195	-0.0801339046	0.0448972004	0.119429376	-0.0161908474	-0.1146715487	0.0085004035	0.0672073875	-0.034046231	-0.0326153305	-0.094271207	-0.0454282618	-0.0086889125	-0.1440920731	-0.0626663321	0.1006347878	0.0246149126	-0.1401714623	0.0292310806	0.0601800623	0.0529071696	-0.0135392559	0.0370482019	-0.0748813318	-0.198426208	-0.0070281976	-0.0512993347	-0.0770575613	-0.0967915775	0.0060607189	-0.018415241	-0.0193872686	0.083795362	-0.0585522138	0.0541177752	0.1011583789	0.1296176475	-0.0269707412	-0.0911459499	-0.0061447214	-0.0467283788	-0.0521503778	0.0947194096	-0.0540149302	-0.0258890081	0.0439042906	0.0165755575	-0.0924995964	-0.0417426965	0.0061898755	0.1017147225	0.0311228138	0.0846883614	0.0593123983	0.055033884	0.0753539008	0.1123031165	0.0464380471	0.2536340835	-0.0917501371	0.0982634508	0.0230600774	0.096260949	-0.0067390816	-0.1101072192	0.1326945636	-0.0691222788	-0.0868877647	0.0632057977	-0.0382925302	-0.0477151917	-0.0268172019	0.1312105256	-0.0216032893	0.1838868022	0.1821840895	0.0040761551	-0.0016195937	0.080284406	0.073270889	0.1108713685	0.075676596	0.0586742642	-0.0108212611	0.0230224343	-0.016107329	0.0556046781	-0.076770633	-0.0154569997	-0.1236430498	-0.0503548214	0.2353656934	-0.0575282153	-0.0419735685	-0.0728192012	0.0442552217	-0.0045718979	0.0971823372	0.1163599852	-0.0075882073	-0.0432030309	-0.1352691365	-0.043091048	-0.118320231	-0.0339755746	-0.0181295381	-0.0158259871	-0.1327203386	0.0537332412	0.0088340345	-0.0762053491	-0.1123124486	-0.005445742	0.0232097099	0.0087282767	-0.260817246	-0.0672190388	0.0455127038	0.0312214104	0.0522272918	0.0205919631	0.001782012	0.1617171506	-0.1726994024	0.0922739549	-0.0419698519	-0.1665096943	-0.0465987798	-0.0971483981	0.0063087149	-0.0436773964	0.0231676105	-0.0927683992	-0.0504015297	-0.0947997692	-0.0330173011	-0.0687449624	-0.0971212147	-0.0720720256	-0.0418249423	0.10845998	-0.031922756	-0.0243830357	-0.0092497116	-0.0719349121	0.0081493234	0.0341915117	0.0725547391	-0.1316746561	0.0712113338	0.0678467397	-0.0586825353	-0.1295084064	-0.0085402763	-0.1055586795	0.0728286299	0.0127201397	-0.0454040787	-0.0239350538	-0.0055545835	0.0848842281	-0.0985299356	-0.0250718321	-0.0591112548	-0.0099700514	0.0458874153	0.0313406995	0.0173601075	-0.0917640218	-0.0875992729	-0.0316412637	-0.0464485833	-0.0695560465	0.0422001216	-0.045445694	-0.0647538597	-0.0438377412	-0.0572981419	-0.0988592507	0.0460219099	0.0221864862	0.0614765	0.0010609	0.00377936005225	1.1255088100000077e-06	0.0913821	-0.0367148999999999	0.00835068820041	0.0013479838820099	0.0456176	0.0103941	0.00010803731481	0.00208096542976	-0.0007561599999999	0.0002873200000001	8.25527824000575e-08	5.717779455998487e-07	-0.00495622	0.00016938	2.45641166884e-05	2.868958440000008e-08	-0.00188057	0.0001491199999999	2.223677439999993e-08	3.5365435249000003e-06	0.0	0.0	0.0	0.0
9364.6407681034	7.336464326730493	87696496.71562423	53.823708817389104	8853.763493321381	-2.286958872440664	78389127.99567042	5.230180884235073	6725.954851169704	7.522862044064823	45238468.65997327	56.59345333403117	7048.398027562384	8471.541587156365	1.04905	43.269962	0.07093445	0.036209	-0.0560601179	-0.0850092301	-0.0790536946	-0.0551289017	0.1288594965	0.0766617077	-0.0430881834	0.0157511378	0.0490574789	-0.0261214808	0.1422531812	0.1204265851	-0.0496955818	0.0026723109	-0.0181867804	-0.0675656927	-0.0359962441	-0.080992421	0.0580442576	-0.0001899174	-0.0991822424	-0.0894611742	0.0656252822	0.1088961799	0.0650485247	-0.0629668527	0.0406604905	-0.0667497761	-0.1123733259	0.0655075759	-0.077970402	0.1394480144	0.1013229257	-0.109189313	0.0173388813	0.0875988939	-0.0268386025	0.092413797	-0.0625419018	-0.0595783575	-0.0702042785	0.0660487082	0.0964084965	0.1710040717	0.0135537347	0.1236191597	0.0143024311	0.0882118994	-0.0908672423	0.0845405918	0.0030787282	-0.0589278126	-0.0769236	0.0732912739	0.0840028563	-0.0988867126	0.0056639117	0.0077387351	0.0452359515	0.0834153806	-0.0660368282	0.1366186631	-0.0509703492	0.0595009176	-0.0593245346	-0.0422179144	0.0425667839	0.1073809205	-0.0301912071	0.0107688304	0.0574554433	-0.0576998059	-0.0734514154	0.0147445315	-0.0899100861	0.0213694768	-0.0697640351	0.0277132411	0.0447800753	0.115067992	0.0440501966	-0.0004091293	-0.0701388877	-0.0121874202	0.0371678417	-0.0986945425	-0.0002305415	-0.0743959845	0.0002652944	0.023293841	-0.0580920478	-0.0149737523	0.0274045758	0.1025253543	0.0195314095	-0.1129792308	-0.0316331297	0.128478971	0.0669746087	-0.187271097	-0.0306258577	-0.0558443844	0.1188705057	0.0181083767	-0.0829228389	0.0739652764	-0.067608029	-0.0678281705	0.0901800481	-0.1294594818	-0.0970353114	-0.0107355306	-0.1534824671	0.0231120568	-0.0374826855	0.0123625005	-0.0185793976	-0.0953761723	-0.1184321704	0.0079318221	-0.0453089012	0.008683271	-0.0599550054	-0.0956470027	0.0992797881	-0.0505199724	0.0068170515	-0.0741930658	0.0096736926	-0.0499958257	-0.0445013189	-0.07864135	-0.0371817114	-0.0611285081	-0.0273737367	0.0697489282	0.044537802	-0.0271998937	-0.1137996298	-0.0029514317	-0.0149966655	0.0259153255	0.0691573036	-0.0177289441	-0.0382548476	-0.088547216	0.1165255781	-0.0394083341	0.0676864877	0.1034921856	-0.0108141735	-0.0300052388	0.0724566642	0.0851165237	0.0783538896	0.1234000697	-0.0087022331	0.0004455677	-0.0094328624	0.0349078658	-0.0942463198	-0.1198064144	0.0763356809	-0.0167775334	-0.0021837374	-0.0870581035	0.0152596554	-0.0257013917	0.0279896846	-0.0546129224	0.0641185271	0.0727868923	-0.0125634675	-0.0306608377	-0.0077028417	-0.0393752109	-0.0410803678	-0.1039839612	0.0912116326	-0.0334564308	0.113366532	0.0707284943	-0.0427443543	-0.0724304613	-0.1689826509	-0.100287614	0.0508156151	0.0144053161	0.0625566	0.0010801	0.00391332820356	1.166616010000001e-06	0.119496	0.0281139	0.014279294016	0.00079039137321	0.0234176	-0.0222	0.00049284	0.00054838398976	-0.000992489	-0.0002363290000001	5.585139624104728e-08	9.85034415121e-07	-0.00506558	-0.00010936	2.56601007364e-05	1.195960960000004e-08	-0.00192569	-4.5120000000000056e-05	2.035814400000005e-09	3.7082819761e-06	0.0	0.0	0.0	0.0
9363.567622118584	-1.07314598481571	87676398.61398748	1.1516423047260802	8873.652350050837	19.888856729456165	78741706.02956276	395.5666220048338	6724.331608243284	-1.6232429264200618	45216635.57761971	2.634917598172766	7052.449729605224	8385.927215030702	1.018864	42.024895	0.0548607499999999	0.0354102	-0.0528445122	-0.0695898082	-0.0978009711	-0.0605485846	-0.0262417973	-0.0050087049	0.070040349	-0.0106428998	-0.0540610249	-0.2163850244	0.0811242111	0.022668762	-0.0450940108	0.0009322228	-0.0114003865	-0.0781434203	-0.0537502267	-0.0941979071	0.0141739541	0.0282665263	0.0003769646	0.0260162158	0.1322471486	0.0613251966	-0.0599754373	0.0215829952	0.1335919245	0.0944164349	-0.0582813251	-0.0290475629	-0.1073379268	-0.1691225403	-0.1046378836	-0.0424592941	-0.0973759105	0.0283869683	0.1451494507	0.081929612	0.0930393391	-0.0386622887	0.0392618167	0.0563631212	0.0558284936	0.161649867	-0.0410118029	0.1075341363	-0.0841336643	-0.0258265164	0.1443735083	0.0072460421	0.0059124789	-0.0717078724	-0.111689726	-0.0679772715	-0.0949404283	0.0424800144	0.0877015416	0.0291662556	-0.0510372485	-0.0998368344	0.0265092557	0.1034662876	-0.1798564865	0.0881043233	0.0018143485	0.0609793475	0.0503973944	-0.1080846353	0.0700878618	-0.0921709402	-0.0643445029	-0.049869661	-0.0437221851	0.1020542998	-0.0498078267	0.1175940184	-0.0463606005	-0.1313065069	0.1150749946	0.003649252	0.0297264096	0.0172672145	0.019328982	-0.0049214713	0.0967844541	0.0749906777	0.001100484	-0.0790405966	0.0481023081	0.2007888327	-0.0563082886	-0.1047055803	-0.0425688807	0.0099736192	0.0270537474	-0.0836761604	-0.0311587708	0.0956990641	0.0072805211	-0.0480937545	-0.0468155118	0.0804010663	0.0802678531	-0.0159232169	0.090669868	0.0828375978	-0.0781751021	0.0393403775	0.1153408753	-0.0420522456	-0.0204709513	-0.0405338903	0.0305827469	-0.0193517478	-0.0829919783	0.160463708	4.91145e-05	-0.1551010327	-0.1558141033	0.0362767328	-0.0420786663	-0.0060681383	-0.0220350108	0.0156934499	0.0676137582	0.1707647579	0.0212758724	-0.0975766894	0.0430254753	0.0136796805	0.0490924984	-0.1281674499	0.0906089905	0.0588550386	0.1803609394	0.0472610287	-0.0353941267	0.0713516351	0.038445503	-0.0143203633	-0.0086308793	-0.0456244757	0.0130241534	-0.0777740606	-0.1353537644	-0.0448231359	-0.0235778842	0.1006074652	-0.0744319545	0.0473800936	-0.0821416875	-0.0295772288	0.121214869	0.0887172847	0.013738642	0.0063502701	0.0151609734	-0.0604615336	-0.0637288045	-0.0370402721	0.0037983652	-0.1075059301	0.0832035382	0.0040914474	-0.0357227342	-0.0267625709	-0.0477567211	0.0230128336	-0.0951348556	0.0131128129	0.1178901967	0.0261318811	-0.0434149069	-0.0142434016	-0.0603049228	0.0276913748	-0.0573322364	-0.0409299373	0.0915665662	-0.0045271473	0.0068009447	-0.0341954767	-0.01119093	-0.0327419609	-0.1437604222	-0.1016668918	0.0555098464	0.006560711	0.0626544	9.779999999999513e-05	0.00392557383936	9.564839999999044e-09	0.092208	-0.027288	0.008502315264	0.000744634944	0.045631	0.0222133999999999	0.0004934351395599	0.002082188161	-0.000992488	1.0000000001241655e-09	1.0000000002483308e-18	9.850324301439998e-07	-0.00510071	-3.5129999999999537e-05	2.60172425041e-05	1.2341168999999672e-09	-0.00185559	7.010000000000002e-05	4.914010000000003e-09	3.4432142481e-06	0.0	0.0	0.0	0.0
9384.671036902051	21.103414783467088	88072050.47086821	445.3541155230572	8835.273614786724	-38.37873526411386	78062059.84814645	1472.9273204729366	6743.324534553942	18.992926310657825	45472425.77831713	360.7312498420781	7061.68055629559	8582.74175971418	1.041706	42.967072	0.0748728999999999	0.0341723	-0.0733352503	-0.0873942397	-0.0974200627	-0.0150883021	0.1363193281	0.0207867958	-0.021884501	0.0215337797	-0.1122448001	-0.113698721	0.0628933263	0.0652410725	-0.1162407273	-0.0090206961	-0.0109763434	-0.0651342051	-0.1024903204	-0.082106378	5.20967e-05	-0.0558134175	0.0165966844	-0.0620539691	0.0951571151	-0.0054490735	0.1474521583	0.0535948218	-0.0262362616	-0.1326076548	0.1419694657	0.0679173991	0.1003327114	0.0608655197	-0.0512212613	-0.0196480796	-0.1267877635	-0.0320465139	0.065593823	-0.0695649303	-0.077672575	0.0590486384	-0.0788399633	0.1046179988	-0.011077805	0.1213239329	-0.0006242772	0.0299387472	0.0384247332	-0.0319950762	0.003617089	-0.037456637	-0.0932965504	-0.0289166946	-0.0039797677	-0.0760289187	-0.0606493181	-0.0190906544	-0.0040983293	-0.0949678889	0.0325495901	-0.1142566999	-0.0888778291	-0.0834408034	-0.1189714335	0.0939870042	0.0090644826	-0.0515396452	0.0234123564	-0.1267704551	0.0306254863	0.0666750473	0.0089138734	-0.0483491415	0.0379252892	0.005244968	0.1878744542	0.0462104346	0.0160514873	0.0411570048	-0.1244659711	0.1307075898	0.1147775686	0.0235806137	-0.1027759203	0.0160283897	-0.1013694235	-0.0464625895	0.1347707712	0.0859376874	-0.1515450956	0.0151826478	-0.0234477646	-0.0250015796	-0.1786401389	0.0932297385	0.0659907681	0.0093132593	0.1262595755	0.02541517	0.0786456186	0.0858176854	0.0117895529	0.0111465263	0.1636228454	-0.0005068397	-0.0430134533	0.0631403823	-0.0012730483	0.0656785006	-0.0055500152	-0.073733469	0.0626166338	-0.0196845633	-0.0524525684	0.0483772289	0.0126735017	0.1740016027	-0.035448301	-0.0977398348	0.0263576958	-0.0516486988	-0.0283172713	-0.0588728322	0.131242485	0.0318222277	0.0375886783	-0.0360995716	0.027503471	0.0390065833	0.0224338722	0.0637257285	0.0067356038	0.0668319908	-0.0438524193	0.0775981786	0.0466257701	-0.0129019388	0.0386239138	0.0190954377	-0.0112288945	-0.0885548351	0.0047379794	-0.0135957293	0.0039716346	-0.0246158755	-0.0504016235	0.1274370561	-0.0010025815	-0.0904010752	0.0563554307	0.0556346278	-0.103859197	0.1860485835	0.0723275029	-0.0304779954	-0.2672849191	-0.0789185992	-0.0037607219	-0.0758686546	0.1434483336	0.1240784404	-0.0181462309	-0.1314915702	0.0920854879	-0.0039187202	0.0246578766	-0.0224026914	0.0739055084	0.0503301398	0.0305497497	0.0123040005	0.0801219415	-0.049890866	0.1007039414	-0.0671686384	-0.0866472901	-0.0546753533	-0.0290744385	-0.0557213628	0.0475962023	-0.0680775402	0.1061060315	-0.038248481	0.0799026743	0.0342737047	-0.0928573326	-0.1029964092	0.0600954145	-0.0013127847	0.0639716	0.0013172	0.00409236560656	1.7350158400000118e-06	0.109706	0.017498	0.012035406436	0.000306180004	0.0202969	-0.0253341	0.0006418166228099	0.0004119641496099	-0.00131738	-0.000324892	1.0555481166400003e-07	1.7354900643999998e-06	-0.0050174	8.330999999999963e-05	2.517430276e-05	6.9405560999999395e-09	-0.00206186	-0.0002062699999999	4.254731289999997e-08	4.2512666596e-06	0.0	0.0	0.0	0.0
9398.10364411044	13.432607208389529	88324352.10544194	180.43493641487828	8859.183699406743	23.91008462001992	78485135.81983416	571.692146536513	6747.022623103611	3.698088549669592	45522314.27667194	13.675858921197346	7066.59273349835	8417.48030449337	1.142745	47.134583	0.1056989999999999	0.0670331	-0.0748219606	-0.0154381711	-0.1061213078	0.0811177281	-0.0166584075	-0.0850124193	0.1025630384	0.0604224991	-0.0412138777	0.0703161391	0.1537757202	-0.0313963956	0.0050090241	0.083291876	-0.088237899	0.0369025458	-0.0261508631	-0.0470963651	-0.1003575983	-0.0081224771	-0.0357530257	0.087345871	0.0230342343	-0.0042020832	-0.083662186	-0.0274070392	0.1183963115	-0.0035890395	-0.048948989	-0.0609628933	-0.0015524284	0.0023293535	-0.1007691947	0.0793383776	-0.0214088845	0.1434812718	-0.1042976114	0.0118488669	-0.0033851244	-0.0166426359	-0.0601554762	0.0820329358	-0.101658215	0.0798973658	-0.0073022611	-0.1046785744	0.0261601497	0.0824277947	-0.1104935055	-0.0541791383	0.0964773413	-0.0296894719	0.0179911007	-0.0788346757	-0.1041336233	-0.0319612246	0.1511710294	-0.2000508749	0.024278738	-0.068174635	0.0793942238	0.0116738119	0.0322174394	-0.1190577358	0.1234337492	0.0114917753	0.0409278694	-0.0458043088	-0.0538457171	-0.0361945613	0.0293648755	0.0482939748	0.0235457519	-0.1827814838	-0.0683484428	-0.0936219669	0.0009536677	-0.0580175605	-0.1242068254	0.1011532175	0.0346983767	-0.0796906974	0.1873819555	-0.0166027705	-0.1890011821	-0.2356388142	-0.0454370169	-0.0179446836	0.0536740553	0.0781039073	0.0403805456	0.0157667202	0.2367424775	0.0026966105	0.0516892429	0.0214752539	0.0972105565	-0.0088800334	0.0558683336	0.1263387011	-0.0119777237	-0.0402076539	0.099551494	-0.0074507415	0.0859992547	-0.1184748448	-0.0395773681	0.0083080825	-0.1206263409	-0.0780799876	-0.0589006274	0.0290977431	-0.0015112553	-0.0369573838	0.0995426611	0.0391228076	-0.0073470665	-0.0842736717	0.1329031522	-0.0218880202	-0.15892516	0.0288922646	0.0606827964	0.028474842	-0.2105907541	0.041973731	0.0360852372	-0.072521408	0.0693457458	0.0034030553	0.0231432319	0.0031923897	0.0144091652	0.0314001427	-0.0250419821	0.009408892	-0.0549821052	0.0691560312	-0.1223457004	0.0400709813	-0.2238109067	0.060927969	-0.1149121643	-0.0035185122	0.0825663117	0.0851417743	-0.0197587724	0.0837996072	0.0360640355	0.0699342575	-0.1394976161	-0.1410347247	-0.0593174734	-0.1291032934	-0.1073478925	0.1080328515	0.0393786402	-0.0781135312	-0.1620242118	-0.1516350152	-0.030109619	-0.0783792593	0.0575843594	0.0651298281	0.0091875905	0.0361910299	-0.0970497905	0.0210159875	0.0600517952	-0.0008383691	-0.0793545558	0.0517056957	0.1336240146	0.0142082314	-0.1096406148	0.0917107133	-0.0098132511	0.0108930318	0.0155441362	-0.152226422	0.0537822236	-0.0296965416	-0.0212097066	0.0981672652	0.0728586548	-0.1042755153	0.0645633431	-0.0091804995	0.0602045	-0.0037671	0.00362458182025	1.4191042410000018e-05	0.084176	-0.0255299999999999	0.007085598976	0.0006517808999999	0.0811708	0.0608739	0.00370563170121	0.00658869877264	-0.00131067	6.709999999999832e-06	4.502409999999775e-11	1.7178558489000005e-06	-0.00521285	-0.0001954499999999	2.71738051225e-05	3.8200702499999926e-08	-0.00217026	-0.0001083999999999	1.1750559999999961e-08	4.710028467599999e-06	0.0	0.0	0.0	0.0
9400.497513802276	2.393869691835789	88369353.50700279	5.730612101489976	8833.82073878191	-25.36296062483416	78036388.84493336	643.279771656888	6743.7796398486	-3.242983255011495	45478563.83083651	10.516940392284951	7063.97119017398	8584.533801206371	1.072372	44.23193	0.0598154999999999	0.0329678	-0.0955439745	-0.0423112134	-0.1012557826	-0.0470252919	-0.0149186588	0.0531055532	-0.089056176	0.0817493273	0.1227515755	-0.0743185603	0.11395263	0.0090584931	0.0903098712	0.0482396184	-0.0460851722	0.0043143142	-0.0295147766	0.1316131244	0.0393705101	0.0169983354	-0.1156008793	-0.1444615419	-0.1073998403	0.1547425728	-0.1140553464	-0.08181078	-0.0380239365	-0.175421965	0.0542044405	0.0162883206	-0.045040369	0.0819727869	-0.0422092632	-0.0693883488	-0.000909063	0.1228838118	0.0560641125	0.069532224	0.1084393366	-0.049199453	0.0787204014	0.0948209027	-0.032114583	0.0524806241	0.0721447759	0.0068495975	-0.0777605046	0.0616424476	-0.0156213232	0.0520517741	-0.0142967747	0.0770988605	0.1238227225	0.0951639978	-0.0961035206	0.0285508405	0.0017563361	-0.0312717433	-0.036951086	0.0415981972	-0.0628681163	-0.0408420486	-0.0459453361	-0.2847527543	0.0347611769	0.0175097524	0.1267992386	0.000302701	0.0619170423	0.0524712775	-0.0618496021	-0.0757250298	-0.0577131884	-0.0197745175	-0.0186636534	-0.0093130337	-0.0541145606	-0.0737891545	0.1264128635	-0.0522232733	-0.1749817292	0.0054804347	0.0567298783	0.0780230486	-0.0241928872	-0.0082203332	0.0118433537	-0.0300221228	0.0764862428	0.099616452	-0.1418137683	0.0859859861	0.0461128458	0.0887745443	-0.0100733658	0.0787630826	0.0642954895	-0.0095533803	-0.0330269539	-0.1261404141	0.1287884124	-0.0410416344	0.0698053964	0.0964396531	0.016349726	-0.0131172859	0.0270173733	-0.1000172756	0.0820247946	-0.1033776264	-0.0717281026	0.0178893315	-0.0227353907	-0.0338847663	0.0132935924	-0.0807456791	0.05964219	0.1333117609	0.0067383625	-0.0893187416	0.1147334369	-0.0551923965	0.0393024331	0.0827305877	-0.0142643609	0.0626491999	-0.0212706366	0.1028453668	0.1060862343	-0.0256489644	0.004123431	-0.019673364	0.1284961467	0.0884606949	0.0332964305	-0.0487827366	0.028955181	-0.0595075117	-0.0735980684	-0.0264801292	-0.0076658088	0.0660183498	0.042029379	-0.080587419	-0.1536979733	-0.0467995573	-0.1467570084	0.2150006309	0.059398436	0.0910822177	0.0101846668	-0.0689617309	-0.1055638534	0.0797110755	-0.016779137	0.17602914	0.0610063459	0.0168873911	-0.0416722769	0.0384341741	-0.0472762437	-0.1206189951	0.0653243676	0.0531496555	-0.0215388011	0.0048011445	0.0436860909	-0.0270203467	-0.0205698279	0.0003723863	0.0707321596	0.1198357155	-0.0383665336	-0.0219207442	-0.0777182866	0.0676856565	0.0234580411	-0.1075877362	0.0099583829	-0.118696503	0.0492831713	0.0238052827	0.0720206225	0.0669164294	-0.0256521539	-0.1055035841	0.0689048858	-0.0170077871	0.0590142	-0.0011902999999999	0.00348267580164	1.416814089999996e-06	0.0816502999999999	-0.0025257000000001	0.0066667714900899	6.37916049000052e-06	0.0518898	-0.029281	0.000857376961	0.00269255134404	-0.00142426	-0.0001135899999999	1.2902688099999952e-08	2.0285165476e-06	-0.00502392	0.0001889299999999	2.5239772166400004e-05	3.5694544899999807e-08	-0.00193641	0.0002338499999999	5.4685822499999936e-08	3.7496836881e-06	0.0	0.0	0.0	0.0
9382.225159363566	-18.272354438709957	88026148.9409947	333.8789367338434	8835.005718951537	1.1849801696280338	78057326.05390637	1.4041780024116837	6737.832452523326	-5.947187325274172	45398386.15827649	35.36903708190176	7061.640499391637	8470.995091682498	0.986059	40.671776	0.0804194	0.0353726	-0.0756949365	-0.035854386	-0.0919603716	-0.0518926286	-0.0125602716	0.0799728435	0.0634238819	-0.0189859581	-0.0497465168	-0.135956377	0.1006932246	0.0263416568	0.0473921772	-0.0781301099	-0.0379145728	-0.1471132223	0.0625307176	0.0642545437	-0.0374999495	-0.0380974533	0.0193656578	0.0693907453	0.0175788476	0.0167184521	-0.0386023099	0.0129666871	0.0288006644	-0.1162851168	0.0463937472	-0.1049926516	0.0388756975	0.1039425317	-0.0875655389	0.0227843802	-0.0044269574	-0.0153887225	0.1822464768	0.0190551531	-0.027822889	-0.0502768538	0.0494516281	0.0555633649	-0.0018068454	0.0466252096	0.0819250416	0.0693561383	-0.0651055615	-0.020276493	0.0877191393	0.002261461	0.0751333855	0.0022541142	0.0547387139	0.0078130857	-0.0187683799	-0.0387486252	0.0128402378	0.042866969	-0.0295160554	0.007747054	-0.1330296659	-0.119447737	0.0027170276	-0.1565134685	-0.0225998789	-0.0313351678	-0.0227546787	-0.0661033294	0.1048389269	-0.1022402353	0.1174892914	0.0299694881	-0.1183006499	-0.0688078862	0.0749142443	0.0031193663	0.1010741901	-0.189667779	0.2483669258	-0.0774144325	0.0147852809	-0.0502213236	0.1084863741	0.0195374369	0.0092552113	-0.0620467136	0.0350460695	-0.0416426245	0.0137318522	-0.04294853	0.0279984095	-0.0120217794	0.0542450254	-0.0693765354	-0.044716198	-0.0230517368	-0.0417021907	-0.0103564775	0.0660436199	0.138415981	0.0087907944	0.0109300033	0.0383884996	0.0789830896	0.028038684	0.0448191387	-0.0515288168	0.0660596677	0.0876460398	-0.0903065295	-0.0506790689	-0.030528431	0.1135579557	-0.0258537734	0.0313559512	-0.0066212574	0.0674737299	-0.0380312944	-0.0181818278	0.0022577037	0.0742806196	-0.1232200275	0.1303154178	0.016445385	-0.0784210009	0.1295376365	0.0156232259	0.0623815133	0.1134336359	0.0054317241	-0.1009468153	0.023272611	0.076268609	0.188903073	0.0391065185	0.0599276365	0.169822294	-0.1067144262	-0.1046319274	0.1573328916	0.097629239	0.0406426023	-0.0012317054	-0.0289254539	0.0283249621	-0.0462790701	-0.0071035141	-0.0206761585	-0.0392584951	-0.1089072461	-0.0376969107	0.0090337896	-0.0313543663	-0.0441448655	-0.0144007681	-0.0630669011	-0.0296736431	-0.0024971246	-0.0402358491	-0.0583019742	0.0580210846	-0.0993226368	0.0460773226	0.0550659137	0.0289884955	0.0229647563	-0.0762641649	-0.0798993271	-0.0342886638	0.0687571008	0.0725012169	0.0362243425	-0.028068102	0.0506213244	-0.1107421952	0.1095058094	0.0380420778	-0.0700311885	0.0332355234	0.0072221108	-0.1290525773	-0.0828721266	-0.1032257574	0.0575970502	-0.0557455141	-0.1066800145	0.073111544	-0.0247601796	0.0632503	0.0042360999999999	0.0040006004500899	1.7944543209999937e-05	0.0993031	0.0176528000000001	0.00986110566961	0.00031162134784	0.0693918	0.017502	0.000306320004	0.00481522190724	-0.00176662	-0.00034236	1.1721036960000009e-07	3.1209462244e-06	-0.00526828	-0.0002443599999999	2.77547741584e-05	5.971180959999995e-08	-0.00217026	-0.0002338499999999	5.4685822499999936e-08	4.710028467599999e-06	0.0	0.0	0.0	0.0
9380.230884813212	-1.994274550354021	87988731.45240366	3.977130982189732	8807.338299820653	-27.66741913088481	77569207.92748775	765.4860813640507	6721.838577661759	-15.993874861566836	45183113.86414186	255.80403308745963	7040.745805088903	8408.19611294478	1.00757	41.559036	0.0600160999999999	0.0314663	-0.0725368561	-0.0388276446	-0.1025425252	-0.0008282354	-0.0390665894	0.0524943891	-0.0840896473	-0.0718817475	-0.1133001833	-0.1311376799	0.0294023203	-0.0045314873	-0.0202281307	0.0807759814	0.0456734039	0.0721219331	-0.0579530083	-0.1021240563	-0.0890220845	-0.0293158756	-0.0174352047	-0.035962697	-0.0931551309	-0.0722135311	-0.0045454315	0.0006761235	0.1433773062	-0.0222778854	0.0989046852	0.011521599	0.0190279391	-0.0226189748	-0.0130198743	-0.0807496414	0.0392425662	-0.1277633615	0.0149657856	0.0165629807	-0.0116441704	0.0882403974	-0.1186564792	0.0273633551	0.072565162	0.1040895323	0.038528336	-0.019859445	0.1473441388	-0.0877180775	0.0186720734	0.0175896379	0.049539712	-0.0232668494	0.013536431	-0.0312974827	0.0422624129	-0.0109605701	-0.0280758437	-0.0075707384	-0.0762370699	-0.1231903714	0.02265089	0.0057789174	0.0275175953	0.0406126851	0.0222450129	0.015841134	-0.1354704476	0.0504080097	0.0510260757	0.0678452691	0.0660508819	0.0217215339	-0.0690634729	0.0463553028	-0.135558138	-0.0936901363	-0.0329787769	0.0141557427	-0.0152242376	-0.1171349013	-0.0179377768	-0.0366566381	-0.0405403281	0.0277592936	-0.1374483171	0.1979690721	0.0602154798	-0.0617822619	0.166618681	-0.0909436535	0.0381018109	-0.0558356379	-0.0772045022	-0.0455273846	-0.1960279495	0.0658278141	-0.1876217717	-0.0731812577	-0.0176011381	0.1600136624	-0.0584234423	0.0594458334	0.0280891904	0.01475353	0.0726593258	0.1861999831	0.0403034317	0.0629930475	0.0172275231	-0.0470739316	-0.0361382911	-0.0243362559	-0.0468415017	-0.0452503067	-0.0005499272	-0.0596558256	-0.0167902916	-0.0186421321	0.0447883568	0.0561232648	-0.0130038772	0.0170156292	-0.0153022368	-0.094892723	-0.0962512991	0.0347312139	0.0694783991	-0.0107322524	0.0006778085	0.0374742869	0.0544288362	0.0936367949	-0.0350815816	-0.1054287283	0.0559184271	-0.0156712099	-0.0519217726	0.0116077628	0.1075799448	-0.0543338282	-0.0382709045	0.0289711931	0.0376272518	0.1528390474	-0.1072148468	-0.034516827	-0.0728934986	-0.0928244144	-0.0562946019	-0.3432938085	0.0082717645	0.0320924261	-0.0677181904	0.0028982182	-0.0252202682	-0.0367494874	-0.0693955952	0.0780047179	-0.1399981256	0.03509798	-0.0061138021	-0.0965934701	0.0649369511	0.0677417746	0.0027437308	0.0966545139	0.0672572484	0.0239400346	-0.1075085135	0.125808991	0.0296348474	-0.0306544441	0.0111296628	0.0711533829	-0.0919577947	0.096915089	0.0644202454	0.0190288686	-0.0491602722	-0.0262149645	0.0642350511	-0.0825730924	-0.0018757918	0.0804171615	0.1094389183	-0.1078042307	0.077175083	-0.0324035386	0.0605248	-0.0027254999999999	0.0036632514150399	7.428350249999993e-06	0.0700133	-0.0292898	0.00490186217689	0.00085789238404	0.0767970999999999	0.0074052999999998	5.483846808999841e-05	0.0058977945684099	-0.00153597	0.00023065	5.31994225e-08	2.3592038409e-06	-0.00535425	-8.596999999999945e-05	2.8667993062499994e-05	7.390840899999905e-09	-0.00207497	9.52899999999996e-05	9.080184099999926e-09	4.305500500900001e-06	0.0	0.0	0.0	0.0
9392.14390606748	11.913021254267733	88212367.15228051	141.92007540463473	8856.058024566897	48.71972474624454	78429763.73449573	2373.6115793498325	6718.698846199806	-3.1397314619525787	45140914.18592661	9.857913653174878	7042.049802495119	8402.385702773028	1.017231	41.957535	0.0274464999999999	0.0159703	-0.0761586177	-0.0104764508	-0.0987664438	0.1189109316	0.1454492702	-0.0574485874	-0.0206368335	-0.0913248357	-0.1140912005	-0.011135208	0.1058596186	-0.0062753357	-0.0031141085	0.090791404	-0.0172198132	0.0308726514	0.0229579546	-0.0686646515	-0.0204891637	-0.0711842046	-0.0662867667	0.0490806867	-0.0374691494	0.1680465976	0.0183717263	0.2058896831	-0.1179537264	0.0061111839	0.0117858258	-0.0706526496	0.0699641848	-0.0499099527	0.0228896154	-0.0325742159	-0.0061173973	-0.1278710482	-0.026299895	-0.0499809852	0.01023692	-0.1029007774	-0.0099050942	0.0190094754	0.102572296	0.1382964027	-0.0909913594	-0.0557398154	-0.0407671405	-0.052487438	-0.0506725115	-0.0226169946	0.0039385978	0.0378010232	0.0269681869	0.0485394202	0.0290129824	-0.0401587998	0.0597144182	0.0522718177	-0.040251903	-0.272981258	0.0342704739	-0.1625779485	0.0897085419	0.0889745462	-0.0432861674	-0.0145589209	0.0649246799	0.0254274912	0.0312227202	-0.0246611907	-0.0684921081	0.2006941226	0.0422047315	0.084069463	-0.0115038271	-0.0796644733	0.026332534	0.0676800997	0.0056959275	0.1379264426	-0.0750322087	0.0050591527	-0.0480983463	-0.063083789	-0.0532547105	-0.0740948656	0.044933762	-0.0448321935	-0.079071547	-0.166593397	0.0076756495	0.0841052002	-0.0390040372	0.0118128037	0.026599781	0.1246987528	-0.0895068471	-0.0377629325	0.020248149	-0.0693554456	0.0301549546	0.0469285551	0.1325456798	-0.1284128696	-0.0665607536	0.1026187575	-0.0190172131	0.0323450493	-0.036710785	-0.0220114525	-0.0913030243	-0.0173986685	0.0368624554	-0.0012429635	0.0027715726	-0.0044614335	-0.047551293	-0.0345494919	0.0014319159	0.0416402099	0.0843469638	-0.0661048269	0.0960265623	-0.1055322573	-0.0499079096	-0.0513503374	0.1492875967	0.090200182	-0.1713999291	0.1563548137	0.1049341137	0.1030048332	0.0493829832	0.0183285141	0.0854052255	0.0907266039	-0.0685224083	0.056750966	0.0744097207	-0.0029306197	-0.1110106125	0.1388611631	-0.0981171837	-0.0856710875	0.0552535622	0.040380821	0.0831948073	-0.1021997127	0.1544678796	0.0219867748	-0.058209305	0.0761923684	-0.0375643424	-0.0472177356	-0.0623270328	-0.0117086419	0.0484456112	0.0754773653	0.0038202791	-0.0380416791	0.1142562804	-0.0898013563	0.0523450975	0.0898858165	-0.0122288422	0.0393839263	0.0900489423	0.036578587	0.1263755141	0.0898000078	-0.0364956636	-0.0246113901	0.0295774427	0.0567187606	-0.0390622979	0.0089505595	0.0449682047	0.0812096676	-0.2041594205	-0.0039438529	-0.012231529	-0.0637539855	-0.0656895599	-0.0137351867	5.68251e-05	-0.1088756826	0.081087548	-0.039904206	0.0602366	-0.0002881999999999	0.00362844797956	8.305923999999735e-08	0.0827069	0.0126936	0.00684043130761	0.00016112748096	0.0814972999999999	0.0047002	2.2091880040000016e-05	0.0066418099072899	-0.00150147	3.4500000000000025e-05	1.1902500000000018e-09	2.2544121609e-06	-0.00519591	0.0001583399999999	2.69974807281e-05	2.5071555599999962e-08	-0.00207742	-2.4499999999997614e-06	6.002499999998831e-12	4.3156738564e-06	0.0	0.0	0.0	0.0
9434.27118842288	42.12728235539908	89005472.85670605	1774.7079186515182	8867.67161762986	11.613593062962536	78635599.91811816	134.87554383209155	6726.896135349391	8.197289149585231	45251131.61577858	67.19554940190775	7051.05140412838	8810.219311041128	1.096461	45.225521	0.090048	0.0518638	-0.1330252407	-0.0161239987	-0.1141461256	0.1160672171	0.0233942106	-0.1372911304	0.0455621652	0.1356761275	-0.0348749306	-0.0328168849	0.0936156948	-0.0020222345	-0.1103188445	0.1064053928	0.0082621633	0.1339361872	0.0048164642	0.128075129	-0.001798449	0.0214648364	-0.0454182357	-0.0200584866	-0.0203145515	-0.1128666267	0.0291317099	-0.0102802053	0.0994218704	-0.1326239917	0.1114505159	-0.0561229543	0.0194459949	-0.0375521478	0.0110207318	0.0454371554	-0.0797169404	0.0480272887	0.0363465768	-0.1192856088	0.0246423992	-0.077204697	0.165491446	0.0789581983	0.0526104154	0.1697660966	-0.059264863	-0.1138247069	0.0062717307	0.1128344191	-0.0639159262	0.0076797189	0.0584694196	0.0522656985	0.0573756576	0.0529056988	0.0714992244	0.0700676476	-0.063097333	-0.0842989474	0.1045930504	0.0003979301	-0.1202618603	-0.0018530157	-0.1031363903	-0.078953552	0.0031247579	-0.1143924531	-0.1267876064	0.0128699273	0.010110472	0.0134474571	0.1295300788	-0.05077717	-0.0233382903	0.0248775651	0.1029039311	-0.0085325555	0.1373206693	-0.1281675692	-0.0380080361	0.0306192777	0.0483782507	-0.0348466733	-0.0662864408	0.031402099	0.1083763509	-0.0870000873	-0.050677886	0.0082987761	0.132877498	-0.0835638838	0.1705773562	-0.0174559063	0.0761620253	-0.035577501	-0.0151069339	0.0076661018	-0.1034536793	-0.1830125521	-0.0435608741	-0.1341476754	0.0447102311	-0.0277845879	0.1700043916	-0.0770751002	0.0843508871	-0.0410247712	-0.074702586	-0.0376708452	-0.055505751	-0.0728034631	-0.0025024557	0.0849364303	-0.0697760391	-0.1050748485	-0.0680794481	0.0166415364	0.0058408275	-0.0037363346	0.1404092285	0.0536491199	0.0013732233	0.0403091008	0.0123305508	0.1169371791	-0.0030756416	-0.0529544874	0.0818450214	-0.0202183289	0.1855962551	-0.0603632535	-0.009595075	0.1047166158	0.0105112813	0.0492547429	-0.0513522265	-0.1147925617	0.0848561392	0.0018168361	-0.0203106722	0.1162079504	0.1538057589	0.1924814261	-0.0502789329	0.1218515689	0.0392327451	-0.1164008506	0.0640374027	-0.0054366243	-0.0965775164	-0.0013219601	-0.0159499371	0.0556487528	-0.0146956417	0.0020924539	0.0485791404	-0.0168713781	-0.0005858998	-0.0856556429	-0.149207282	0.0438519551	-0.1137635464	-0.1522668565	0.0668880945	0.0616485059	0.0880429768	0.0233342534	-0.0225736044	0.0423710112	0.1150838266	0.0205558716	-0.064741221	0.0614826507	-0.0003700777	0.0070995368	-0.0333191027	-0.0510322555	0.0075292326	0.1067794538	0.0057986164	0.1685054736	0.12133483	-0.0088540978	-0.0146964106	0.1766804824	0.1398218749	-0.1098938456	0.0848412804	-0.0472291519	0.0586727	-0.0015639	0.00344248572529	2.44578321e-06	0.114	0.0312931	0.012996	0.00097925810761	0.0398638	-0.0416334999999999	0.0017333483222499	0.0015891225504399	-0.0016531	-0.00015163	2.2991656900000013e-08	2.73273961e-06	-0.00519355	2.359999999999862e-06	2.69729616025e-05	5.56959999999935e-12	-0.00192026	0.0001571599999999	2.469926559999998e-08	3.6873984676e-06	0.0	0.0	0.0	0.0
9473.531328170046	39.26013974716625	89747795.82581931	1541.358572967023	8874.195194891847	6.523577261987157	78751340.35704154	42.557060293115846	6748.040588953401	21.14445360400987	45536051.79016257	447.0879182121259	7068.221741043953	9187.2710774297	1.010638	41.685593	0.0472337	0.0274021	-0.1952676765	0.0024173931	-0.1023300045	0.0636566759	-0.0193885645	-0.0958805745	-0.0236886829	0.1495770039	0.1108763874	-0.0635628278	0.1512479623	0.0173980849	-0.0091086992	0.020061818	-0.0006648064	-0.0304359517	0.1002905872	-0.0662526318	0.03994964	0.0849478987	-0.0597114837	-0.028113886	-0.08407517	-0.0396334994	-0.0048962892	-0.1000939224	-0.2008201533	0.0548067919	0.1276216251	-0.0724042484	0.0181108982	-0.0387774258	0.0256172542	0.0425682388	-0.0293135959	0.0686576312	0.0070505657	-0.0596052648	0.0252635483	0.0226410568	-0.0332455277	0.1319111786	-0.0087594195	0.1612177657	0.0465566104	0.0370852657	-0.0078925192	0.1148428163	0.0431303227	-0.0027253743	-0.1051039042	0.0474685167	0.0221250699	0.0113242938	0.0592521721	0.0213311443	-0.0747326064	-0.0241014088	-0.0355017674	0.0703324412	-0.0468635217	0.0975689459	0.0604417359	-0.0656239855	0.0956884197	-0.1025143463	-0.1072315086	0.0017362546	-0.0175814578	-0.0403147512	-0.0286505524	0.0056024555	-0.0215472431	0.1223211138	-0.1191717683	0.1023600314	0.0056470495	0.0537976768	-0.0507644693	0.0486755821	0.0394393851	-0.0411069151	-0.0051823305	-0.0498029539	0.0146750302	0.14722541	0.0573120176	0.2177754106	0.0025155661	-0.0216512376	0.0935407108	-0.0637348713	-0.0181432121	-0.0954675846	0.1068910755	-0.102126051	0.0815464651	0.0387263774	0.0812353876	-0.1378307663	0.0046900991	-0.132069905	0.163483258	0.0087736051	0.1119530431	-0.0603191415	-0.0466001633	-0.1014913917	0.0841246406	-0.1136425365	0.0072457161	0.0098151417	-0.0580909453	-0.0126382116	-0.0557780274	-0.0665631573	0.0205681027	0.0140038936	-0.0185857996	-0.1174179979	0.0630667125	0.0080844688	0.0445881119	-0.0464117839	-0.0028211433	-0.0024682035	-0.0985549786	0.0555822913	-0.0367622482	-0.0751684579	0.0469115985	-0.0021821261	-0.0577032048	-0.0718837668	-0.1296306002	-0.1078242422	0.02484155	-0.0062680613	0.0385904726	-0.0945381894	-0.0325610065	0.0064066271	0.0519550351	-0.0466648219	0.0357489199	-0.1464027351	0.0515283839	-0.0391928543	-0.0778778145	-0.0307835408	0.108016591	0.0060245531	0.0806314117	-0.0175164133	0.0118490881	-0.0668808662	-0.0948782865	-0.0809206751	-0.0400479529	-0.0425161732	-0.157382306	-0.1877907143	0.0287656032	0.090406937	0.0499063459	-0.0262633863	0.000722404	0.0327066468	0.0412077612	-0.0449446567	-0.044505255	0.1414842552	-0.0916697254	0.017850817	0.0188205316	-0.1144677588	0.0317839926	0.0852535939	0.074245178	0.1202366546	0.147681521	0.0861242947	0.1329792778	0.0312277949	0.028431846	-0.1108582214	0.0884289321	-0.0543461203	0.0563939	-0.0022788	0.0031802719572099	5.19292944000002e-06	0.113623	-0.000377	0.012910186129	1.4212900000000176e-07	0.0182299	-0.0216338999999999	0.0004680256292099	0.00033232925401	-0.00153481	0.00011829	1.3992524100000017e-08	2.3556417361e-06	-0.00493473	0.0002588199999999	2.43515601729e-05	6.698779239999994e-08	-0.00200203	-8.17700000000001e-05	6.686332900000017e-09	4.0081241209000005e-06	0.0	0.0	0.0	0.0
9468.744474808307	-4.786853361738395	89657121.92921284	22.91396510678617	8774.299301483805	-99.89589340804196	76988328.23201919	9979.18951979088	6776.471074199336	28.430485245934506	45920560.2194603	808.2924913192996	7083.282878531519	9623.04428878454	1.139805	47.013336	0.1194901	0.0625522	-0.2229506754	-0.0733951533	-0.0259925358	-0.1507644478	0.0001936129	0.1548729925	0.0339577074	0.2445075248	-0.0386027868	-0.1701569615	0.0129593418	0.0347118322	-0.0948817738	0.108706481	0.1246369508	0.1194696625	-0.2214558573	0.1566391856	0.082881358	0.0723611834	0.1609483625	0.0096591031	0.0378092213	-0.053989613	-0.1911533516	0.051416924	-0.1453182494	0.0421193151	0.0463776334	0.0404505231	0.1642200289	-0.1110507903	-0.0298301063	-0.0418188985	0.1430101281	0.0221316341	-0.1557578173	-0.0990071302	-0.0218749909	0.1503704832	-0.0289945922	0.2045703522	-0.106554986	0.0613592553	0.18518811	0.0540791674	0.069416827	-0.047295609	0.0374666939	-0.0141967964	-0.0038882353	0.0034616816	-0.0518352843	0.0091457019	0.1264623262	-0.0039870351	-0.2100596003	-0.0303486973	0.0236543228	0.1091777639	-0.0527190947	0.0411153984	-0.0158912375	0.1384114445	-0.0849128344	0.054048665	0.0171387945	-0.0085883878	0.0275909772	0.0495631468	-0.1254536768	-0.0673696553	0.1378347991	0.0109027963	-0.0035149553	-0.1466620572	-0.0018763607	-0.0250350602	0.0735361251	0.0386606131	-0.0247524714	-0.001832957	-0.0962193155	-0.0546270623	-0.0365214261	0.0347132478	-0.1519682229	0.041415605	0.0688362085	-0.0067594729	0.1237892574	0.0024894601	-0.110917128	0.10045202	0.0640515656	0.1788439832	0.1176609181	-0.0178502569	-0.0705686172	-0.0577567448	-0.1045546722	0.0863056318	0.1329530078	0.2337366073	0.0251250583	0.0133811021	0.031320787	0.0984595663	0.1021862017	-0.1305209867	0.172414193	-0.0121488241	-0.0956501936	0.0241827785	-0.0908258533	0.032159901	0.0205768614	-0.1032694507	0.0499302871	-0.0905692021	0.1303230217	0.1136634348	-0.2008704316	0.1343370054	0.0748375159	0.0003584273	0.0824697207	0.0164167185	0.0349799128	-0.0934167392	-0.0074603299	-0.0212720437	-0.1132004059	-0.0650040969	-0.0758593392	0.1523591986	-0.1958785775	-0.0058858162	0.0772679956	-0.0421522364	0.0176631044	0.0977965012	-0.0397651532	0.1601602375	0.1356568845	0.033784201	0.0316714536	0.0578237922	0.0437085316	0.001966295	0.0310382123	0.1504241446	-0.0714319759	0.0323045355	-0.0324749903	-0.0172433931	0.0165046257	0.0881394807	0.0017355149	-0.0227467432	-0.0178031112	-0.237289768	0.0130883415	0.0293306046	0.1462964517	-0.0700354525	0.0821427513	-0.0322682604	-0.1344328248	-0.0327034643	0.0813765068	-0.0110811689	-0.1006373769	-0.0130005191	0.009950198	-0.1068900024	0.05107264	0.0344543371	0.1405434386	0.1579532093	0.1048987657	0.0267325462	0.1571606725	0.0716565478	-0.1001503191	-0.111768338	0.0918434799	-0.0612237711	0.057977	0.0015831	0.003361332529	2.5062056100000123e-06	0.149416	0.0357929999999999	0.022325141056	0.0012811388489999	-0.0316511	-0.049881	0.002488114161	0.00100179213121	-0.00173391	-0.0001991	3.964081e-08	3.0064438881e-06	-0.00521206	-0.00027733	2.71655694436e-05	7.691192890000007e-08	-0.00217026	-0.0001682299999999	2.830133289999989e-08	4.710028467599999e-06	0.0	0.0	0.0	0.0
9412.930594025536	-55.81388078277087	88603262.36794193	3115.189288033359	8829.126946756895	54.82764527308973	77953482.64194873	3006.0706861917583	6756.750690394584	-19.72038380475169	45653679.89214769	388.8935374067128	7074.307230307693	8870.076466029428	1.224034	50.487503	0.1992302	0.110139	-0.1314659194	-0.0352083325	-0.0873684034	-0.0967384301	-0.0319649871	0.1242408462	0.035372874	-0.0309438044	-0.1612838185	-0.0535789377	0.1651343184	-0.0453494661	-0.1586909855	-0.1512740571	-0.0907336981	0.1269001673	0.1827521393	0.0374800174	-0.2346422076	0.0852512027	0.023895273	-0.1280988636	0.1138138736	-0.0659170085	0.0757685474	-0.1372715484	-0.1487423862	0.0269434655	-0.0034534501	-0.1103801958	-0.2007591892	-0.011347702	-0.0952634793	-0.1148318549	-0.1085122179	-0.0268682226	-0.0188248781	-0.0939325889	-0.0935677002	0.0912793888	0.0573904312	0.1149661162	-0.1265202531	0.0739473345	0.1582770505	0.0796648737	-0.0608287234	-0.1012834082	-0.1832166936	-0.1039145946	0.0647036271	0.0086710667	-0.0467147177	-0.1739255295	-0.100426312	0.1287552048	-0.0533367748	-0.0516578462	-0.0619258885	0.0448523917	-0.092850238	-0.0816262339	0.1544385413	-0.0696591696	-0.2031296798	-0.1110199186	0.0376786311	0.0659181276	-0.1198583368	-0.036384785	-0.1138809897	0.0204971636	-0.007344271	0.0158791923	0.0137963802	-0.0659502582	-0.097285612	0.0531150462	-0.061098636	-0.0436039172	0.0457456171	-0.049104109	-0.0134991195	-0.0168780604	0.1451736498	-0.0164689244	0.165196538	0.1430160053	0.0323113622	0.0929395826	-0.0623133303	-0.0123882198	0.0023541461	0.1156165862	0.0343180845	0.1033779238	-0.0734448955	0.009080082	0.0729332601	0.0838285677	-0.0261411963	-0.0339452918	0.0527602278	0.1509616873	0.0387204681	-0.0005486579	0.0360529669	0.1513579267	-0.0242897977	-0.1440958492	-0.180148897	-0.0776834618	0.1622353876	0.1471897666	-0.0734929134	0.0606085144	0.0582567767	0.0697846471	0.0616037974	-0.0707717541	-0.2044893171	0.0154913676	-0.0575139246	0.1068161573	-0.0778482789	-0.1302156528	-0.0119464258	-0.0581236355	-0.2149576776	-0.0674999853	0.0748094162	0.059707583	0.0143391202	0.1585136261	-0.2233632005	0.0612325228	0.0212014762	0.175140534	-0.0579082251	-0.0615892093	0.098372358	-0.0600157694	0.2163695155	0.0408875448	0.0144393288	-0.1046068508	-0.0116358154	0.1666160052	0.0878984069	-0.0405966664	-0.0055160466	0.1036913176	0.007852237	-0.0825714793	-0.0119187041	-0.0639665924	0.0755506613	-0.0556512389	0.1305439561	0.0936389865	0.118225169	-0.1883576766	-0.0022708589	0.1009289198	-0.1336028426	-0.1085291415	-0.0740683673	-0.1495927356	-0.0160991057	-0.0099905987	0.0082763954	-0.1143967536	0.1168614847	0.1526592948	0.0344694195	0.0491663792	-0.0064008284	-0.0744389289	0.0404912524	0.0451994453	-0.1135913705	-0.0579515786	0.0687059885	-0.2517151826	-0.0192945232	-0.11262375	0.0950782398	-0.067831818	0.0579921	1.509999999999706e-05	0.00336308366241	2.2800999999991123e-10	0.0539826	-0.0954334	0.0029141211027599	0.00910753383556	0.0111191	0.0427702	0.00182929000804	0.00012363438481	-0.00065486	0.00107905	1.1643489025e-06	4.2884161959999993e-07	-0.00535324	-0.00014118	2.8657178497600005e-05	1.9931792400000085e-08	-0.00217026	0.0	0.0	4.710028467599999e-06	0.0	0.0	0.0	0.0
9363.753097563089	-49.17749646244738	87679872.07212234	2418.4261583140246	8879.326849046829	50.19990228993447	78842445.29220389	2520.030189918968	6738.12428049436	-18.62640990022373	45402318.819387645	346.9431457711528	7065.985409796699	8281.149743678181	1.20142	49.554745	0.16632535	0.0995549	-0.0570126143	-0.038148694	-0.0937380573	-0.0150167221	-0.0795412344	-0.0591460498	-0.0403574577	-0.1496315242	0.0815197483	-0.078722075	0.0751882428	0.1316187919	0.0249665028	-0.018170994	0.1329599607	-0.0923285548	-0.1112203954	-0.0491143693	0.0463816941	0.2843693725	0.004305732	0.0952123566	-0.0985533285	0.0421789436	0.1683568009	-0.0326390174	-0.0663655872	0.1151743773	0.0186766758	-0.0223588785	-0.1680551599	0.146287923	-0.0954531546	0.0196854947	0.1413763413	-0.0466844459	0.1024003585	0.0602493101	-0.0467481202	0.1809142201	0.0004045972	0.0579022942	-0.0332818223	0.0259515613	0.0955781076	0.0358816002	0.069881744	0.0114112641	0.0356610812	0.0533244646	-0.0907258909	-0.0696592956	-0.0956992996	0.0425498638	-0.0207775382	-0.0401395965	0.0013967552	0.0697175141	0.0648001622	-0.0749302923	-0.0526631443	-0.1335919768	0.040411269	-0.1601765553	0.1688851357	0.1105552574	-0.1440026156	-0.0012229996	-0.0456258637	-0.0240041913	-0.0724008617	0.0573616645	-0.014974229	0.0604700867	-0.1155275875	-0.1935299735	0.0482175227	0.0635716973	-0.0702924164	-0.0026585217	0.0483433256	-0.0160592354	0.0772986111	-0.0840223743	-0.0362130739	0.0816044758	-0.1510594647	-0.0754020157	-0.089219993	0.0389060386	0.0190586393	0.0405759141	-0.0311523961	0.0821515572	0.023733158	-0.0954980783	-0.0331174591	0.0013922385	-0.0134086832	0.0525387944	-0.003198453	0.0708227574	-0.0093921359	0.0414622756	0.0917134317	0.0587449659	-0.0207057862	-0.060601958	-0.0295425066	-0.0463125267	-0.0123057718	-0.2719875091	-0.0074580361	0.0062675228	0.0621216819	-0.1228534367	0.0268712398	-0.1014845313	-0.0459030589	0.0063190004	0.1489474871	0.1823403708	0.1551258495	-0.0531035688	-0.1829464039	0.0669060766	-0.0991985381	-0.0231856763	0.0152152076	0.0344875157	-0.0134564409	-0.0968388496	-0.1701215179	0.0036431385	-0.116796539	-0.0473634757	-0.1001400278	-0.0684174862	0.0835770229	-0.0707316514	0.0608191406	-0.0023277447	0.0103868903	-0.0461269492	-0.0295023221	0.0091576581	0.0156833288	-0.0199662513	0.131571813	-0.0112200826	0.1136350686	-0.0783033908	0.0755114122	-0.0708409795	-0.0572686051	0.0188131658	0.0943711182	0.0865673659	0.0588929831	-0.0650715355	0.035426835	-0.1079563481	0.0552538706	0.0391033183	0.0152670349	-0.1811422602	-0.0583533855	0.0498963379	-0.0641935372	-0.1163623976	0.0553856927	-0.0405121754	0.0337195319	0.0367504669	-0.0373259421	0.0326164402	0.0113711288	0.0110934898	-0.0581065528	-0.031875935	-0.0250438701	0.0081507259	-0.1140612002	0.0475260652	0.0335290025	-0.1134240387	0.0981268796	-0.0741411618	0.0515529	-0.0064391999999999	0.00265770149841	4.146329663999999e-05	0.13741	0.0834274	0.0188815081	0.00696013107076	0.0621564	0.0510373	0.00260480599129	0.00386341806096	-0.000533391	0.0001214689999999	1.475471796099998e-08	2.845059588810001e-07	-0.0051288	0.00022444	2.630458944e-05	5.03733136000001e-08	-0.00233278	-0.00016252	2.6412750400000066e-08	5.4418625284e-06	0.0	0.0	0.0	0.0
9369.135956149265	5.382858586175644	87780708.564809	28.97516655876485	8849.513561442176	-29.813287604652945	78313890.27414899	888.8321177977527	6732.983521419081	-5.140759075279675	45333067.09970088	26.42740387007034	7058.169219390478	8108.43256336833	1.056234	43.566307	0.0879764999999999	0.0484927	-0.0312984524	-0.0332628185	-0.0858022297	0.0700260114	-0.0024928792	0.004295966	-0.1208370898	-0.0268815902	-0.0603806807	-0.0461143116	0.0851170692	0.008008467	0.0818479816	0.0895046193	0.0608513402	0.0681458073	-0.0038069563	-0.0132389741	0.0676495664	-0.097591012	0.0946821212	-0.0359570453	-0.023993573	-0.0576610803	0.0394059742	-0.0489962519	0.1097871443	0.17119318	0.0117928526	-0.075317203	-0.1123405034	0.0423790639	-0.0768209042	-0.1910009001	0.056705112	-0.0163516639	-0.1057997896	-0.0001987647	-0.1963233299	-0.1394823194	-0.118450614	0.0551961779	0.0002541326	0.0977732662	-0.0024353666	0.0066532012	-0.0415348993	-0.0243479709	-0.0383304361	0.0014842672	0.0032942469	-0.0813271871	-0.2102815353	-0.0425412221	-0.0442003193	0.023863169	0.078210196	0.0796624791	0.0523298743	0.0197463532	-0.0763491936	-0.0142647222	0.0394542731	-0.1047182208	0.1881880809	0.0015119945	0.0748334069	-0.0566990424	0.0259082914	0.0258589688	0.0128622143	0.0679409003	-0.0641944329	0.052929016	0.0913349485	0.098155596	0.0233478442	0.0151342949	-0.0945207699	-0.0583204779	-0.1130273417	0.0947517921	-0.1690755185	0.135136574	-0.1655428277	-0.0702252088	0.0316373486	-0.1477625766	-0.090897389	-0.0867310406	-0.0894069823	-0.0597487657	-0.0124046674	-0.045861497	0.1157527484	0.0066037793	0.0866336559	-0.1657535489	-0.0578158381	-0.0510572866	0.0398828744	-0.0678467709	0.0605916176	0.016913175	0.0170974006	0.0946181655	0.0444359252	-0.0111019941	-0.0049122388	-0.0818458039	-0.0627783992	-0.0822654047	-0.0151744634	0.0108243448	0.1250528925	-0.0314642927	-0.0862185625	-0.0355400351	-0.0959961914	-0.0084165255	-0.0647009625	0.0747815909	0.1260312621	0.0428960461	-0.0751937844	-0.019335803	-0.0902885906	-0.0195528028	-0.0332233521	-0.1046859032	0.1302530832	0.004981025	0.0598309546	-0.0081827321	0.1476203963	-0.1523903705	0.1197745135	-0.0506424754	0.0493748696	0.0125308273	-0.0527633151	0.0080172035	-0.1311431666	0.113987384	0.0509547007	0.0950243776	-0.0538396139	0.0053855146	0.0411545159	0.0611117676	-0.1523831921	-0.171532263	-0.0067228504	0.1826938996	-0.053787209	0.0297226981	-0.036093289	0.1460023171	0.0188949646	0.1900620226	-0.0275523669	-0.0742027226	0.0756801836	0.0813833991	-0.0106049266	-0.0660142575	-0.0219805062	0.0038055435	0.0325362123	-0.0327013481	0.0241599537	-0.1152908667	0.1563802209	-0.0317820957	-0.0423000825	0.0721012658	0.0282552158	0.0553119331	-0.0402383259	-0.1746594253	0.0348439685	-0.0291872439	-0.0949555826	0.0167823088	0.0568519506	-0.1141688124	0.1009834314	-0.080124019	0.050133	-0.0014199	0.0025133176889999	2.016116010000005e-06	0.101683	-0.035727	0.010339432489	0.001276418529	0.0864329999999999	0.0242765999999998	0.0005893533075599	0.0074706634889999	-0.000793871	-0.00026048	6.78498304e-08	6.30231164641e-07	-0.00530471	-0.0001759099999999	2.81399481841e-05	3.0944328099999864e-08	-0.00223811	9.466999999999982e-05	8.962408899999966e-09	5.009136372100001e-06	0.0	0.0	0.0	0.0
9368.820918006886	-0.3150381423783983	87774805.39368339	0.0992490311532319	8870.536605577097	21.02304413492129	78686419.67088325	441.9683846988485	6728.478370386685	-4.505151032395588	45272421.18076146	20.296385824695037	7057.663566091817	8196.546251000218	1.025957	42.317471	0.0294495999999999	0.0148585	-0.0470378966	-0.045033612	-0.0918577772	0.0721982528	-0.0274274156	-0.0664510483	-0.0469633886	-0.0131334776	0.1081384958	0.0095533649	0.1780478028	0.0886276495	0.2711475097	0.1036751006	0.0546865758	0.0779094917	0.0434781646	0.0042401666	0.0927538964	0.0218969506	0.1449061015	-0.0185578602	0.1546863589	0.0495856643	0.0228688251	-0.0183101231	0.045555009	0.1284170351	-0.1018543704	-0.0108633795	0.0222044862	0.0348252365	-0.0655517088	0.1244264342	-0.0161261704	-0.0314528686	-0.0088103826	0.0447509728	-0.074382394	0.0677362908	0.013287866	0.0570325046	0.0516125873	0.1041011043	0.0289215163	0.1091123329	-0.0174441224	0.0738011707	0.0158476476	0.0895684062	0.0922148188	-0.0148097573	0.0216300859	0.027692871	0.0538579561	0.0208793539	0.1055190103	-0.0499541996	-0.0986357481	0.0462708358	-0.0536980313	0.0151813028	-0.0159665216	0.1199791751	0.0165877852	0.0153465899	-0.0687423181	0.0608612652	-0.0783466314	0.0015631964	0.1220984781	0.1180197553	-0.0739966559	0.1033904298	0.0923365874	0.0744724512	0.0699588355	0.0231469801	0.0444614178	-0.1130918114	-0.0207839204	0.0849548137	0.066360371	-0.0126607793	0.0423721782	-0.0608681196	0.0361459594	0.0447024043	-0.0852530804	0.0845106818	0.0027535655	-0.1032982577	0.111646183	-0.0994884106	0.0836606996	-0.0999222374	0.0015518606	0.0568538611	-0.0467779064	0.0704522083	-0.0778410331	-0.0060873669	0.0522865813	-0.0019973193	0.0556736728	0.010197387	-0.0755390203	-0.1408812183	0.041299407	-0.084484374	-0.0715438239	-0.0864366824	-0.1020906395	-0.0076457057	0.1068302241	-0.0953802588	-0.008986299	0.0414715238	-0.0146767802	0.0126458687	-0.1315976486	-0.1472808406	0.0492222638	0.0046102386	0.1143065634	0.0177099215	0.0827943116	-0.0669518331	-0.0274196204	-0.0002786634	0.0992963254	-0.0514075283	-0.0156931649	-0.0697684324	0.0677306095	0.0150181843	0.1559744994	0.0340866145	-0.0554421886	0.0993275116	0.09657548	-0.0955215517	0.0860016311	-0.0185428844	0.0564064536	0.1438893841	0.0545852776	-0.052654748	-0.1243371752	0.0843995701	0.0789871087	-0.1772471052	0.1062934367	0.0146815003	0.0662264531	-0.1050533153	-0.0881781594	-0.123125611	-0.0112634163	-0.0850289214	0.0707173149	-0.0939133323	0.0826738878	0.0455281429	-0.0171734696	-0.0824850245	-0.0764171281	0.012932472	0.0372754971	-0.0989514816	0.0324134727	0.0578537099	0.0235195761	-0.0182500926	0.0332094709	0.0371172983	0.0356087636	-0.0643172162	-0.1022518688	0.0508766237	-0.0354600675	0.0155050721	-0.033938803	0.0484542982	-0.0500320183	-0.1148577065	0.1036423034	-0.0857540434	0.0486481	-0.0014848999999999	0.00236663763361	2.204928009999992e-06	0.107261	0.005578	0.0115049221209999	3.1114084e-05	0.0780615999999999	-0.0083714	7.008033796000001e-05	0.0060936133945599	-0.000714055	7.981600000000002e-05	6.370593856000003e-09	5.09874543025e-07	-0.00548946	-0.00018475	3.01341710916e-05	3.4132562500000006e-08	-0.00225385	-1.5739999999999765e-05	2.4774759999999256e-10	5.0798398225e-06	0.0	0.0	0.0	0.0
9363.465044404704	-5.355873602182328	87674477.63778879	28.685382042553503	8810.56004033029	-59.97656524680679	77625968.22426489	3597.1883788044715	6728.385535953649	-0.0928344330359323	45271171.92043027	0.008618231957103	7049.153055253528	8072.384617940592	1.021974	42.153164	0.05548405	0.0275314	-0.0299140709	-0.0436346623	-0.086983932	0.0404379359	-0.0566510177	-0.0011016829	-0.1217191671	0.0673983226	-0.0297788006	-0.0881425289	0.0748410767	-0.1058538701	0.0195610828	0.0913205213	-0.1043286901	0.0545523187	0.031988468	-0.0057378925	0.1383559489	-0.111353392	0.1074690586	0.1145105898	0.0947384016	-0.0817721126	0.0844937797	0.0128504606	0.1372410026	-0.0919452396	-0.0528324802	-0.1210936967	-0.1271886415	0.0663423592	-0.0117279351	0.0743411826	-0.038676463	-0.062242348	-0.1675988699	0.0903081014	0.0985641474	0.0092231494	0.099862313	0.0383223512	0.0369695417	0.0882619236	-0.0258771232	0.0278220752	0.0970863169	-0.1019440494	-0.0578078401	0.0782597942	0.0040902838	-0.0968658407	0.025656807	-0.0166009806	-0.0394485043	-0.0433962972	-0.0439054033	-0.1199632287	0.1760019948	-0.0805914761	-0.0257045137	-0.0678466502	-0.0369561461	0.1058312669	-0.1050356593	0.0273049845	0.0227786591	-0.11079677	-0.0636601563	0.0886909992	0.0586459338	-0.0907682356	0.1174050551	0.0852374367	-0.1442741643	0.0384214085	0.0681534853	0.0416992352	-0.0090378452	-0.0836081868	-0.0449617491	-0.0379086224	0.0300030381	0.0517431077	0.0243555629	0.0631412193	-0.1012541054	0.0428514799	0.0106652794	-0.0450458372	0.0012931304	0.2213274892	0.0010211151	-0.0152016819	0.0076222379	0.0500968771	0.0576353636	0.1086662991	-0.0595956321	-0.0426358301	0.1032089361	0.0014144488	0.0516554257	0.0139056349	0.0838447532	0.1085921288	0.0795201507	-0.0362573316	0.0310066031	-0.0543305473	-0.0331263602	0.0506950316	-0.1149293575	-0.1270658975	0.1244029203	0.1357831316	-0.0572838952	0.042371998	0.0422998709	0.0127109969	-0.028143523	0.0165785543	0.0698940444	0.0918923132	0.0788319993	-0.0970569392	0.0771211229	-0.0840874938	-0.004793877	0.0878546398	0.0313930585	0.0517560972	-0.0690204967	-0.1035812677	0.0844824999	0.0791837793	-0.0419117374	-0.028486452	0.0736652542	-0.0213021493	0.000530689	-0.0275020291	-0.0516700643	0.0603127387	0.1583810683	-0.1164838949	-0.0899150735	-0.1138117984	-0.0862450266	0.1178483427	0.170115219	0.05455299	-0.0603978519	-0.0618716872	0.1708124472	0.2196000728	0.0096034195	0.030816796	0.0439807076	-0.0346665051	0.0659638805	-0.0847348514	0.0858183448	0.0773696069	-0.0723852293	-0.0441414548	0.0123991355	0.0419558045	-0.0329437038	-0.017118653	0.0607398692	-0.0698974559	0.1008152443	-0.0153551107	-0.0217672022	0.1220373104	-0.0266908773	0.0456328013	-0.0560937619	0.03114931	-0.037672148	-0.1303444264	-0.0920645623	0.1048801252	0.0552041785	-0.115490384	0.1060982907	-0.0910064429	0.0544481	0.0058	0.00296459559361	3.364e-05	0.0828746	-0.0243863999999999	0.00686819932516	0.0005946965049599	0.0861438999999999	0.0080823	6.532357329000001e-05	0.0074207715072099	-0.000614988	9.9067e-05	9.814270488999998e-09	3.78210240144e-07	-0.00532781	0.00016165	2.8385559396099995e-05	2.6130722500000053e-08	-0.00217026	8.359000000000014e-05	6.987288100000023e-09	4.710028467599999e-06	0.0	0.0	0.0	0.0
9365.199047441634	1.7340030369305168	87706953.1982017	3.006766532084255	8906.3519224101	95.79188207980953	79323104.56581809	9176.084672392131	6732.2989727194845	3.9134367658352858	45323849.45807982	15.31498732019134	7061.255166446239	7759.89403633699	1.254471	51.742916	0.3207914	0.157876	-0.0044315005	0.0441207377	0.0026315751	0.1646332556	0.1130934355	-0.1223769926	-0.0298547733	-0.0385677632	0.0310753055	0.0377031419	-0.0143767707	-0.0092313939	0.0750595413	-0.0595731417	0.017105173	0.2329348003	0.1011742377	0.0228631217	-0.0245416928	0.1043216184	0.04614994	0.0566131602	-0.0740763482	0.0933220449	0.0704614612	0.0192373683	0.0820106802	-0.0053865466	-0.0501843605	-0.056888697	0.0800837817	0.049920585	0.0356752913	-0.0290690949	0.0036899835	-0.0585585789	0.0645832115	0.0940319457	0.1026877175	-0.1785204275	-0.1590522426	-0.0098659728	-0.0686032369	0.0128541834	-0.1711079101	0.0714387252	0.0291924719	0.0667014885	0.037863445	0.0269970364	-0.0500221784	0.097466241	-0.0886184695	0.0311223437	0.0164693141	0.0316211022	-0.0167064648	-0.0222431177	-0.0373479482	0.0095419194	-0.037327405	-0.0062279447	0.0933794092	0.0069301022	0.1426466568	0.0798437653	0.1759185729	0.1076962099	0.035833534	-0.0605595293	-0.041805684	0.0304812629	0.1130917401	-0.0141743253	0.0300467827	-0.0687768724	0.0252683757	-0.0141542041	-0.1683879617	-0.0229009868	0.1202743279	0.0338384343	-0.0107249983	0.0185703256	0.0413224433	-0.0658877565	0.0435937889	-0.0041805818	0.0622093807	-0.0060773491	-0.0218136689	-0.025889067	-0.0777588553	-0.0818637304	-0.1346025459	-0.1246802167	0.0021153056	-0.0299973994	-0.097888134	-0.0462502692	-0.0143659059	-0.0374320339	0.0653385189	-0.1320537901	-0.0559075122	-0.073151814	0.0285929016	-0.0169122833	0.0289172523	0.0958498602	-0.0031706302	-0.1164592947	-0.0791649069	-0.014845795	-0.0381640293	-0.0980777619	0.0357597432	0.0408884491	-0.0070864123	-0.0162773492	-0.0243346719	0.0803634917	0.0795602098	0.1092543715	-0.0875423424	-0.0868232227	0.069920348	-0.0881395794	-0.1028416279	0.0082876409	-0.0358034984	-0.1146419723	-0.0288278852	0.035173934	0.0003299231	-0.1483867438	-0.0282749823	0.0762572751	-0.0146498988	0.0906339393	-0.0229050631	-0.1681966398	-0.1337449321	-0.138013663	0.0387651046	0.0346163495	0.0400687595	0.0154405691	0.011588724	-0.043440952	-0.0215982835	-0.0072447338	-0.0477820293	0.0474617478	0.0318711487	-0.1445606036	-0.0683469579	0.0235716716	-0.010393034	0.0569509498	-0.137411324	0.0433249288	-0.0337256679	0.0294337981	0.1817861001	-0.0466212235	0.0619002927	0.2051921709	0.0732883663	-0.0539486964	0.0299351777	0.0311201403	-0.0305832115	-0.0422686281	0.1311596982	0.2228798437	0.0987016882	-0.0042107438	-0.2893176101	0.0063642182	-0.1232281508	0.0541125271	-0.0530920571	-0.1522294507	0.0319370498	-0.116066535	0.1083465856	-0.0958580879	0.0662179	0.0117697999999999	0.0043848102804099	0.0001385281920399	0.172325	0.0894504	0.029695905625	0.00800137406016	0.194618	0.1084741000000001	0.01176663037081	0.037876165924	-0.00157871	-0.000963722	9.287600932840002e-07	2.4923252641000003e-06	-0.0060611	-0.00073329	3.673693321e-05	5.377142241000003e-07	-0.00269519	-0.00052493	2.755515049000003e-07	7.2640491361e-06	0.0	0.0	0.0	0.0
9397.330435828417	32.13138838678242	88309819.3201471	1032.426119662256	8884.90195817688	-21.44996423321936	78941482.80641536	460.1009656063899	6744.375745149914	12.076772430429628	45486604.191766456	145.84843233638514	7069.619789728803	7655.75413271921	1.25048	51.578327	0.1626557	0.0892967	-0.0239057732	0.1812895446	0.09698327	0.1308346802	0.0909677638	-0.1138170872	0.0644602171	0.0873931009	-0.0235499591	0.0207482758	-0.1788740532	-0.0260799982	-0.1695374607	-0.1562439904	0.1267432786	0.1314139986	-0.0368471151	0.0756555178	0.0219537628	0.0610701583	-0.0855520625	0.1180302333	-0.0691734437	0.0427521855	0.011409772	-0.1580399417	0.0497056856	-0.1324219532	-0.0235527127	0.0356668215	0.1483657461	0.0081075583	-0.1073731782	-0.0903273378	0.166639599	-0.10144889	0.0654254509	-0.0240139129	-0.0941917625	0.0889458043	-0.0665345673	-0.000283298	-0.1957089162	-0.0855992826	-0.1675742542	-0.0189108388	0.1491520625	0.1073480623	0.0925466567	-0.0431109379	-0.0380843454	0.0647006231	-0.0291907738	0.0262608215	0.1079323786	0.0352119709	-0.0143371444	-0.0221532062	-0.0775381612	-0.0641859506	0.0539741392	0.0890112308	-0.0532048367	0.0537853114	0.1143606324	0.1104745008	0.1072804875	0.0532851707	0.0487746737	0.0098802419	0.0321816186	0.0262614523	-0.0031355345	-0.0617175216	0.0749989728	0.0520727767	0.033148563	-0.0284133766	-0.0104798933	0.0270605519	-0.0328391262	0.0226386971	0.1707618464	-0.0143844195	0.0386864779	0.0447963003	0.047913436	-0.0438842442	-0.0542567206	0.0723610043	-0.00348817	-0.0827018576	-0.0660567115	0.0128802211	-0.045661532	-0.0166239256	-0.1050685919	0.0123951459	0.0596200179	0.0669294127	0.0971733352	-0.0588063509	0.0436443318	-0.0701579143	-0.0277098463	-0.1999519489	0.084376243	0.1256724691	-0.0189179953	0.1602100175	0.1776840823	-0.0647821884	-0.1404638091	-0.0318526128	-0.0873895285	-0.0577647583	-0.0430470167	-0.0311758392	0.029085705	0.0389604442	0.058581381	0.0823314068	0.0106309915	0.0114430595	-0.0920936739	0.0479485061	0.0856547462	-0.0010104132	-0.0363242538	0.0559510911	-0.0462651181	-0.0924208339	0.0860244904	-0.0391342969	0.0434047357	-0.0924897822	0.045554134	0.0903784546	-0.0062233454	0.0458362297	0.030133514	-0.0562385776	0.0114738272	-0.1228571079	-0.1402216793	0.0332971238	-0.0179224553	0.1289175866	-0.0080245265	-0.0703858871	0.0609296391	-0.0050447106	-0.0875341558	-0.0039071694	-0.1086184989	-0.1375329797	-0.0282585912	0.0040202899	0.0927624502	-0.031179059	0.0764434319	0.1089126008	-0.1726690145	0.0285474342	0.3039376371	-0.0569933809	-0.0328835516	0.3091684234	0.0317387979	-0.0447491888	0.0169241725	-0.0041379567	-0.0844169231	-0.1544521384	0.1746030145	0.1828209877	0.0203038663	-0.0004855536	-0.0712358959	-0.0776436282	-0.1053847433	-0.0434272832	0.1643716992	-0.2226992055	0.2367775961	-0.1165858777	0.110382787	-0.100287614	0.0659672	-0.0002506999999999	0.00435167147584	6.285048999999628e-08	0.218234	0.045909	0.047626078756	0.002107636281	0.265734	0.071116	0.005057485456	0.070614558756	-0.00143986	0.00013885	1.927932250000001e-08	2.0731968196000004e-06	-0.00637366	-0.0003125599999999	4.06235417956e-05	9.769375359999996e-08	-0.002239	0.00045619	2.0810931610000003e-07	5.013121e-06	0.0	0.0	0.0	0.0
9397.444227755272	0.1137919268549012	88311958.01377088	0.0129486026173511	8875.776567026063	-9.12539115081745	78779409.66776897	83.27276365541742	6747.937515877858	3.56177072794344	45534660.71819183	12.686210718434742	7075.264636991755	7431.061368748116	1.298532	53.560314	0.34455075	0.204329	-0.0465263777	0.2823263622	0.1758108351	-0.0122603759	0.0441218745	-0.0788170355	0.0648811293	0.1192152839	0.0921801912	0.0417355832	-0.0940352826	-0.0486333727	-0.0171813335	-0.157846787	-0.0245714664	0.1067238639	-0.0595299928	-0.1953162735	-0.0701516208	-0.0707518242	0.0194497453	-0.0272072287	-0.1010514369	0.0824496516	0.0456403324	-0.0436045526	-0.1567742887	-0.020305225	-0.1841034523	-0.0664079409	0.0816229673	0.0823576896	0.0021086635	0.1019797228	0.0202166843	-0.0433199535	-0.008335706	0.1050296255	0.0352955238	-0.006866907	0.0154777104	-0.0205348952	-0.2614943007	-0.1510728183	-0.1387867412	0.1230012282	-0.0437402374	-0.0175349417	-0.0556471085	0.0399118483	-0.0094175882	-0.0038421364	0.0776451288	0.0475714348	0.0117410286	0.0544865858	0.0785050813	0.1098885793	-0.0125910594	-0.0517211913	0.0482103573	0.0206798961	0.0145958501	0.0131905611	-0.0326801586	-0.0700967777	-0.0885165353	-0.0756474787	0.0241115779	0.0282048401	0.0160720184	-0.0382635291	-0.0715362341	-0.1214907283	-0.0077524618	0.0375402357	0.0428496887	0.128981773	0.0583790387	-0.0370285551	-0.1260966064	-0.1061409125	-0.0408774547	-0.042526622	0.20342595	0.0082229748	-0.0527053693	0.0334379541	-0.0599995786	-0.0003356974	0.0157001099	0.026731224	0.062309567	-0.0422508447	0.0630357442	0.1184893394	-0.0751958391	-0.1068395503	0.1025368796	0.0479869176	0.00418349	-0.1046270531	-0.0145985655	-0.0181984549	-0.0111295369	-0.2837901592	0.1039659648	0.0360626224	0.0906893107	0.1759287133	-0.0258273782	-0.0878076559	0.013597238	0.0218819169	0.0916254917	0.116258656	-0.0614607326	0.0289183157	0.0739130352	0.0567035479	-0.0038144252	-0.0494004662	-0.0142627622	-0.1408311954	0.0481205716	-0.010304805	-0.0123961738	0.1989173057	-0.050626399	0.0024458726	-0.0614260029	0.0512770526	0.1124625862	-0.0182288544	0.0643451636	-0.0569211684	0.0366162236	0.0069945083	0.00472988	-0.0664290227	-0.0512698625	0.0633996494	0.1041755062	-0.0091898083	0.0626207231	0.0296733495	0.0412337357	0.0522604929	0.0751924842	0.074011363	0.124103493	0.0423201474	-0.0501932458	-0.0258258255	0.0900328353	0.0827877078	0.0947492887	0.0320536769	-0.0134013302	0.0385629287	0.113838118	0.1061772248	-0.2797844849	0.142271488	-0.1471520722	0.0336323485	-0.0912293032	0.0160363719	0.0579823261	0.0208691922	-0.0294101592	0.06749655	-0.0455635902	-0.2893510144	0.0309709567	0.0715392235	-0.005264858	-0.0414758906	0.0880631309	-0.0610308604	0.084863395	-0.0931142522	0.1061794366	-0.099113174	0.0008510844	-0.1170481578	0.1122029089	-0.1042755153	0.0649816	-0.0009856	0.00422260833856	9.714073600000065e-07	0.0261215	-0.1921125	0.0006823327622499	0.03690721265625	0.309299	0.0435649999999999	0.0018979092249999	0.095665871401	0.000165583	0.001605443	2.577447226249e-06	2.7417729889e-08	-0.00692582	-0.00055216	4.79669826724e-05	3.048806656000004e-07	-0.00223885	1.4999999999997654e-07	2.249999999999296e-14	5.012449322500001e-06	0.0	0.0	0.0	0.0
9341.374690508528	-56.06953724674349	87261281.1084733	3143.793007063956	8787.141170908124	-88.63539611793931	77213849.9574686	7856.233444984011	6727.999894461281	-19.937621416576803	45265982.57987101	397.508747750742	7047.0118011382	7169.387596967236	1.117854	46.107922	0.1564169999999999	0.0794518	-0.0162472834	0.2886250538	0.2310392894	-0.1812987992	-0.0392779423	0.0324717691	0.0040903314	0.1019006741	0.0420987608	-0.0685686518	-0.1236839543	-0.0268631631	0.136265571	-0.1675861755	-0.1253717415	0.0271247997	-0.1277325502	-0.0034756294	0.0063878667	-0.1987231294	-0.0591055102	0.1117153608	0.0166855717	-0.1098054487	-0.0420396885	0.0436340317	-0.0754958493	0.0847234923	-0.0555912884	-0.0006915268	0.040946248	0.0179514837	0.0444918943	0.1123870086	-0.0692100967	-0.0401484688	0.1682523313	0.0264771616	0.0435025833	0.0518582928	0.1975761217	-0.0569558567	-0.1036415764	-0.1682940956	-0.1574907138	0.0762889993	-0.0222098607	-0.0333995388	0.0073287211	-0.092512236	0.0924204016	-0.1695790126	0.102058697	0.0308728336	0.015989674	-0.0561492275	0.0037231042	-0.0012595065	0.010034948	0.0832607508	0.0865470518	0.0364617739	0.0342766177	-0.0695579468	-0.0544478027	0.0221444758	0.0090442701	0.0663347411	-0.0019177889	-0.00805418	0.0237095808	0.0159082218	-0.024040481	-0.0872108767	0.0375031671	-0.0188756167	-0.0110670452	0.0431575967	0.105846048	0.0137948783	-0.0249845541	0.0857968969	-0.0332523489	0.0300447077	-0.0665003695	0.0185762449	0.0664473151	-0.1013453565	0.0022689056	-0.0416441607	-0.0618337737	0.0285990847	-0.0587213973	0.0224179282	0.0434016329	-0.003707972	-0.0223106597	0.0742455849	-0.0377978405	0.0648170705	-0.0179332784	0.0427533257	-0.0762394051	0.0105095968	0.0098322669	-0.1305341251	0.1353412432	0.0876067526	0.1370051892	0.2189144275	-0.0837448655	0.0861400783	0.0266409421	0.0314395262	0.0905376897	-0.0254053996	-0.0940269908	-0.0340837788	-0.0154577396	0.0181386939	-0.0036469392	-0.0593046909	-0.0422628042	0.0280020616	0.0223770012	0.0607417774	-0.0719650512	0.0486566954	0.0686154089	0.0036103268	-0.0758260929	-0.0156512782	0.0590318402	-0.0515583305	-0.0403505333	0.1622633597	0.0074705072	-0.0912795365	-0.0512390145	-0.0062289293	0.0156117285	0.0007137938	0.011851613	0.0420394749	-0.0677349497	0.0618717794	-0.045547412	-0.0988485155	-0.0189495006	0.008752598	-0.0313810308	-0.0496174829	-0.027591327	-0.012311539	0.0560046737	0.0019042869	-0.1203797958	-0.050325403	-0.0082477407	0.0410315683	0.0331631178	0.1428757502	-0.3347990061	0.0836625427	-0.1953455346	0.0298777344	-0.0061244345	-0.1224116537	0.0042740351	0.0889780474	0.0251812656	-0.041852076	-0.1836650705	-0.2318711733	-0.0734367267	-0.1411691115	0.0544289475	-0.0259348798	0.0021595471	-0.0219583605	0.1491769707	-0.1249522735	-0.0640977832	0.0540458807	-0.0114287747	-0.117453149	0.1138033884	-0.1078042307	0.0588876	-0.006094	0.0034677494337599	3.7136836000000025e-05	0.0390753	0.0129538	0.00152687907009	0.00016780093444	0.376314	0.0670149999999999	0.0044910102249999	0.1416122265959999	0.000455367	0.0002897839999999	8.397476665599997e-08	2.0735910468900003e-07	-0.0075572699999999	-0.0006314499999998	5.7112329852898486e-05	3.987291024998736e-07	-0.0027247	-0.0004858499999999	2.360502224999999e-07	7.42399009e-06	0.0	0.0	0.0	0.0
9297.407974384085	-43.96671612444334	86441795.04214077	1933.0721267673855	8827.336036172008	40.19486526388391	77921861.49550094	1615.6271935817815	6716.889431555679	-11.110462905601707	45116603.63574437	123.44238597675154	7042.078760420316	7055.919689947148	1.094129	45.12933	0.2073183499999999	0.122274	0.0276665588	0.2269569978	0.2174760781	-0.1420753038	-0.0269016757	0.0792877252	0.0153999251	-0.0289624807	-0.0858364621	0.064637254	-0.0993339372	-0.0547082422	0.1657150574	-0.13002765	0.0108428306	-0.0071222737	-0.0209629111	-0.0238050731	-0.0406743921	-0.1501965559	-0.099414552	0.0349849768	-0.0201035686	-0.0754257812	-0.047394294	-0.0811373611	-0.1173513533	0.1189175191	-0.0589759762	0.1124249365	0.0787306409	0.0007578085	0.0737016649	0.152262311	-0.019592086	-0.0451026254	-0.0548439401	0.0228854115	0.0064520721	-0.0564825516	-0.0541486027	-0.0837225449	-0.0693215891	-0.1603154017	-0.1633578098	0.0054297576	0.0142474904	-0.0153224022	-0.0329217328	-0.0663793539	-0.0155889588	0.0070273237	0.0673599585	0.0402828103	-0.0466607795	-0.0238765204	0.0427243722	-0.0023809358	-0.0349166371	0.085856338	0.0539730358	-0.0079244318	0.0137687815	0.0542141184	-0.0783073377	0.0185825811	-0.0444000361	-0.0465048461	-0.0217896551	0.0027332347	0.014326577	0.0027195909	0.0354485877	-0.0613843903	0.0718640596	0.0420050274	-0.0688619253	0.0432701068	0.079285108	0.0024576762	0.030045536	-0.0054666578	-0.0090691674	-0.0058845129	0.039433335	0.024242802	0.0296208945	-0.0088054101	0.0522704187	-0.0507141289	0.008152178	-0.0192141505	-0.0374576392	0.0409842435	0.0242334306	-0.0017704463	-0.0155391612	0.0219590133	0.0591115993	0.0285129023	-0.0226088276	0.0787583086	-0.104728336	-0.0218753122	-0.0426176668	-0.0605277785	0.0892930801	0.1227874834	-0.0618361446	0.1762855959	-0.0685474627	0.0501540681	0.0071745593	0.0457362636	0.0660778679	-0.0132495003	0.0550982527	0.035427133	-0.0499726065	-0.0028415422	0.0039292761	-0.0926374053	-0.0393817834	0.0018944667	0.0769061137	0.0584198969	-0.0340360464	0.0476634598	-0.0219918127	-0.0065613607	-0.0729337984	0.0103388968	0.0279312004	-0.0140875633	-0.0259160809	0.0742390623	0.0433922204	-0.0268501114	-0.016625525	-0.0794410981	-0.0357332554	0.0161519753	0.0029782669	0.0291576652	0.0340033458	0.0348955093	-0.0150031771	-0.1239354011	0.0148358023	0.0253806811	0.011523907	0.0551835023	0.0317866764	0.0254610218	0.0235085549	-0.0775031575	-0.0037005393	0.0124979435	-0.0256163314	0.0109644639	-0.0475225843	0.1706313088	-0.2663374875	-0.0228350549	0.0322865775	-0.0116199225	0.0209010017	-0.0634055774	-0.0135648487	0.0560532598	-0.0402583821	-0.1003159349	-0.0046689182	-0.0714748291	-0.0821246464	-0.1867912747	-0.0362403563	0.0507555357	-0.0524984676	0.0043589894	0.0769228924	-0.0632012943	-0.0512787028	0.0927580281	-0.0949852299	-0.1178006533	0.1151810923	-0.1108582214	0.0669803	0.0080927	0.00448636058809	6.549179329000014e-05	0.152377	0.1133017	0.023218750129	0.01283727522289	0.363493	-0.0128209999999999	0.0001643780409999	0.132127161049	-0.000671182	-0.001126549	1.269112649401e-06	4.50485277124e-07	-0.00754186	1.540999999989981e-05	5.68796522596e-05	2.3746809999691205e-10	-0.0030448	-0.0003200999999999	1.0246400999999989e-07	9.27080704e-06	0.0	0.0	0.0	0.0
9279.401210481195	-18.00676390288936	86107286.82507987	324.2435462543993	8824.156084866492	-3.179951305515715	77865730.61008634	10.1120903054511	6707.153574070966	-9.735857484713051	44985909.066172935	94.78692096264314	7036.17196223412	7144.142610118216	1.144901	47.22353	0.1130466999999999	0.0649072	0.0569711938	0.1370987259	0.1696090394	-0.0711681891	-0.0722929588	0.0483984604	0.0410172233	-0.0468274964	0.013828368	0.1949302331	-0.0634749727	-0.0254178035	-0.0851159703	-0.1260783604	-0.0074771175	0.0419338794	0.0020312355	0.023179763	-0.0121808634	-0.0572756169	-0.0621864489	0.026079417	0.015441693	-0.1153575343	-0.0481746316	0.0778555645	0.0260940123	-0.0949293465	0.0326893456	0.178156059	-0.0604315369	-0.0054030199	0.0943446744	0.0484288044	0.2005150646	0.121123678	0.1051150775	0.142923012	0.0056852443	-0.0066705709	0.0718630664	-0.1019354865	0.0010789272	-0.1526887229	-0.1138346428	-0.0036043195	0.0213914562	-0.0138695256	0.0016308741	0.0623422768	0.0024436655	-0.0574807356	-0.0102656812	-0.0352306392	-0.0100270153	0.0020485848	0.0499155543	0.0454071605	0.0147275237	0.0917249893	-0.0239882926	-0.0037180903	-0.0889923979	-0.0078081827	-0.0895860692	0.01669928	-0.0325916722	0.0320235431	0.0018147379	-0.0193949907	0.0003671195	-0.0306399906	0.0242274238	-0.0732399814	-0.0535454428	0.06145914	-0.1535931354	-0.0915864363	0.034699036	-0.0281297727	-0.0213209263	-0.0153342259	0.026105689	-0.0270833379	-0.0173107106	0.0726612395	-0.0773184441	0.0160599186	-0.0290781509	-0.0490493688	0.043972031	-0.0110437579	0.1011586639	0.0183682404	0.0166586531	0.0797941839	-0.0558007476	0.0240937938	-0.087653741	0.0234544619	0.0036337498	0.0983967519	-0.1431339039	-0.004681759	-0.0442048981	-0.0462883258	0.0445590977	0.0030248513	-0.0735555993	0.1540313442	-0.075157787	0.0471814312	-0.0208692171	-0.0172772657	-0.064139103	0.0349614801	-0.0020977756	-0.0417869418	-0.0513197129	-0.0096379946	-0.0130928397	-0.014294665	-0.0695361833	-0.011271653	0.134412132	0.0322677691	-0.0153665526	-0.0760245484	0.1261900899	-0.0469573465	-0.0596569728	-0.0114163125	0.0184779837	0.0585563883	-0.0502775401	0.0244867513	0.0265052588	-0.0359520735	0.0529534865	0.0495974292	-0.1207580162	-0.0634972001	0.0120339883	0.0037161213	-0.0694205319	0.0303578972	-0.0409784068	0.0339163095	-0.0219552924	0.0206395496	-0.0301459598	0.0518149942	0.0376168554	-0.0267270076	0.0563018073	0.0996376383	-0.029740729	-0.0512734664	-0.0097196369	0.0053270189	0.0765179262	0.1602713744	-0.1915183398	-0.0207681572	-0.0140438888	0.0392933935	-0.0052541314	-0.0690652594	-0.087462878	-0.0110261381	-0.0492382065	0.0659980932	0.0467163482	-0.0166907754	-0.0697229762	-0.0370375138	-0.00342001	0.0309630918	-0.0334352439	0.0154803161	-0.0231576914	-0.0432703604	0.0167431049	0.0385094967	-0.0391275876	-0.1180905004	0.1163333239	-0.1134240387	0.063944	-0.0030363	0.004088835136	9.219117690000036e-06	0.104545	-0.047832	0.010929657025	0.002287900224	0.323792	-0.0397009999999999	0.0015761694009999	0.104841259264	-0.00101834	-0.0003471579999999	1.20518676964e-07	1.0370163556e-06	-0.0075689599999999	-2.709999999989977e-05	5.728915548159848e-05	7.344099999945678e-10	-0.00312009	-7.528999999999999e-05	5.668584099999999e-09	9.7349616081e-06	0.0	0.0	0.0	0.0
9223.152670151749	-56.24854032944677	85066545.17692733	3163.8982891934	8877.976904903415	53.82082003692267	78818473.92399842	2896.6806694468164	6706.455871205638	-0.6977028653282105	44976550.35242857	0.486789288287195	7046.262803691766	6992.962314141346	1.07833	44.477692	0.07782585	0.0423526	0.1000238592	0.0675062769	0.1592403327	-0.0733029703	0.0187188211	0.0447110055	0.0261058287	-0.1256070623	0.1649447846	0.05131314	-0.1057974505	0.0642913589	0.037977134	-0.1243657475	0.0346933682	-0.108341689	-0.1328529336	-0.0694711884	-0.0237118969	-0.0360704655	-0.1023968265	-0.0201654189	-0.0394797894	-0.1106012031	0.0181799264	0.0023699486	-0.029585549	0.1311306389	0.0921099692	0.0271432818	-0.0129749801	0.03306527	-0.0587007879	-0.0055352314	0.0597477319	0.1108696465	-0.1196808999	-0.0374355614	0.1182335684	-0.1125953291	0.094032295	-0.1249022273	0.0247997398	-0.1923543475	-0.0648967038	0.0254355598	-0.0031694199	-0.0459428685	-0.010386086	-0.0120449212	0.0142609133	0.0977068028	-0.0620281247	0.0210548854	0.0238241803	0.0200068861	0.048849079	0.0023732112	-0.0198077617	0.0077593509	0.0043907278	-0.1633308395	-0.0200968041	0.0147476314	-0.0419197658	-0.0693705149	-0.0737405965	-0.0849016118	-0.0389773297	0.0224298153	0.03797763	-0.0380675641	-0.0780686457	0.0327907658	-0.0960076891	0.0489621024	-0.062402466	0.0121941967	-0.0525414458	0.0578382541	-0.0403002003	-0.0370124665	0.0045454692	0.0221764489	0.0426965488	-0.0214546636	-0.0855353133	0.0455751857	-0.0598741802	-0.0245469413	-0.0246438973	0.0502431323	0.0401696875	-0.0296734688	0.0313373456	0.0103655698	0.1311079565	0.0146495885	-0.0164277764	-0.0960477632	0.0211723718	-0.0093706416	-0.1486888579	-0.0295112688	-0.1229276112	-0.037074807	-0.0095937513	-0.0438614814	0.0275797356	0.1502702556	0.0014053468	-0.0391874869	0.0417775498	0.0016980907	0.0696170537	-0.0451296121	0.0569076285	-0.0083222115	-0.0188021902	0.0898248409	0.0554670148	-0.0404090789	-0.0094310893	-0.0325450368	0.0657924904	0.0809327505	-0.083363212	-0.036335084	-0.0442549829	0.0123512691	0.0573091284	0.072033645	-0.0871130403	0.0671628813	-0.0353665589	-0.0005904141	-0.0073569882	0.0149047785	0.1477221617	-0.0336505943	-0.0371358027	0.0358151986	0.0659668663	0.0942115036	0.0075160927	-0.1037055379	0.0653035286	-0.0182542571	-0.0790983327	0.1107037853	0.04114915	-0.0408323722	0.0672177304	-0.0334294545	-0.08428125	0.1734713405	0.041669956	0.0028762973	0.1299243493	-0.0418885182	-0.1278368843	0.1719855941	-0.1670363358	-0.0884642012	-0.0234348071	0.0019407522	0.0913117529	-0.1612035596	-0.0087176149	-0.0044263304	0.0160688252	0.0891163525	0.0407970464	0.0817116468	-0.0304898165	-0.1589699627	0.0414403315	0.0658274532	0.0330917062	-0.0128486971	-0.0539632233	0.0167514181	0.1019336213	0.0031449693	-0.0149959266	-0.1183225485	0.1172578276	-0.115490384	0.066413	0.0024689999999999	0.004410686569	6.095960999999995e-06	0.134668	0.030123	0.018135470224	0.000907395129	0.308066	-0.015726	0.000247307076	0.094904660356	-0.0008319729999999	0.000186367	3.473265868903726e-08	6.921790727288336e-07	-0.00797275	-0.0004037900000001	6.35647425625e-05	1.6304636410008146e-07	-0.00312009	0.0	0.0	9.7349616081e-06	0.0	0.0	0.0	0.0
9173.206071808878	-49.94659834287086	84147709.63587126	2494.66268602407	8796.528448257615	-81.44845664579952	77378912.74100552	6633.851089982684	6711.953998232615	5.498127026977272	45050326.47439079	30.22940080477794	7040.84332473083	6911.170649659667	1.213144	50.038322	0.18694475	0.102794	0.1528818484	-0.055577734	0.1189405066	-0.1015848892	-0.065103877	0.1597389856	0.1206902475	0.0085796423	-0.0004499779	0.0753506225	-0.2343524985	0.1010881734	0.009490459	0.0377766742	0.1526760976	-0.0646619464	0.0022345221	0.0380685342	0.1176088284	-0.0179243092	-0.0091306099	-0.0382416568	0.1055963436	-0.1103499978	0.028437072	0.0723921255	0.0445205631	0.109408328	-0.0505770189	0.104583296	0.050437152	-0.1011633924	0.1367220902	-0.1259561462	-0.0767482385	-0.0611881348	0.0201804945	-0.1614133223	-0.0327719769	-0.1215954784	-0.0469024474	-0.1098359962	0.0509470565	-0.2014604684	0.0841923485	0.0208938207	0.0976755989	-0.0242707817	-0.0068582037	-0.0592537099	0.0021658119	0.024396806	-0.0119836925	0.0822444407	-0.0261567669	-0.0655506999	-0.0025234192	-0.0469134363	0.0275458471	0.0309830385	0.0075162622	-0.0770990929	0.0204951428	0.0971517326	-0.0842868701	-0.0849045925	0.0094495536	0.0358977417	0.096124758	0.023022375	0.0326380955	-0.0062133371	0.0923906146	0.0535689546	-0.0028462232	0.0158596292	-0.0425058968	-0.0781279023	-0.0307909591	0.0800602203	0.1280131809	-0.0679224163	-0.0225551399	-0.0759062763	-0.0870740102	0.0942382313	0.0637647883	0.0668370823	-0.0502247194	-0.0153822988	0.0156013277	0.015094149	-0.0363579233	0.0019188529	-0.03064022	-0.0812668066	0.0759361612	-0.0177410892	-0.0525490461	-0.1271376271	-0.0155538553	0.0305833975	-0.2109859549	0.1060500644	-0.075820924	-0.0035161196	-0.0612750969	0.0890605175	-0.0487025532	0.0675443931	0.1367222577	0.1026687951	-0.0831902989	0.0576177747	0.007227739	-0.0054232538	0.0496056719	-0.0391964128	-0.0468409918	0.0655361414	0.0304129918	-0.09325063	-0.087363425	0.0584405887	0.0688442074	-0.0882097404	-0.0194484205	-0.0651155476	0.0056193958	0.048900627	0.0388576201	0.0445283705	-0.120607503	0.0280644888	-0.0545930279	0.0509563456	4.34887e-05	-0.0457728867	0.026862302	-0.0043863694	-0.0286259674	0.026460833	-0.0818095696	-0.029559638	0.064067962	-0.0552944892	-0.0627026692	0.0077068634	0.0646809399	-0.0923839364	-0.0162439217	0.0481599931	0.1816996996	-0.0177118696	-0.0361847962	-0.0510432674	0.0235514142	-0.0200205418	0.0709271201	-0.0049602121	-0.0957894857	0.1699072413	-0.0643968304	-0.1917044651	0.1857678569	0.004439766	0.0134352366	-0.0764746587	-0.0797914407	-0.0110110253	0.0453303343	0.0239890143	0.0971880747	0.2439746452	0.0522564594	-0.0763102449	-0.0172808953	-0.0228029342	0.1257734111	0.0041040499	-0.1466672362	0.1448819906	-0.0673714192	0.0872032492	-0.0160762577	-0.118496684	0.1179527935	-0.1170481578	0.0660276	-0.0003853999999999	0.00435964396176	1.4853315999999544e-07	0.22601	0.0913419999999999	0.0510805200999999	0.0083433609639999	0.28578	-0.022286	0.000496665796	0.0816702083999999	-0.00186174	-0.0010297670000001	1.060420074289206e-06	3.4660758276e-06	-0.00790744	6.531000000000071e-05	6.25276073536e-05	4.2653961000000945e-09	-0.00348364	-0.00036355	1.3216860250000017e-07	1.21357476496e-05	0.0	0.0	0.0	0.0
9171.39527990465	-1.8107919042286085	84114491.38025728	3.27896732041987	8838.579503173034	42.05105491541872	78120487.63391048	1768.2912194995606	6700.827051565733	-11.12694666688185	44901083.17499512	123.8089421276331	7036.588120930939	6621.836614472039	1.049096	43.27187	0.1669673999999999	0.106528	0.2060400248	-0.1127069446	0.100452775	0.0258953036	-0.0975586782	0.0711256962	0.0043694123	-0.2012856981	-0.0428470661	0.1176475078	-0.098912776	-0.0424587647	-0.1011474004	0.0600868826	0.0250301486	0.054998475	0.1555898007	-0.0068952562	-0.0865281875	-0.1113986015	-0.008002716	0.065516706	0.1230257906	-0.0525412998	0.0887272081	0.007977553	0.1195290182	-0.1581578501	0.0732217515	0.0615820459	0.0510741484	-0.0622072901	0.151994406	-0.0040319239	-0.1153753543	0.0713711567	-0.0497180089	-0.0114414756	-0.0385131555	0.0910741296	-0.0220380452	-0.1419301462	0.080085634	-0.1752899215	0.0089705303	-0.1450681767	0.0734232685	-0.0474424585	0.0039479963	-0.0602353739	0.0223261929	-0.0108008978	0.0145579595	0.0370104054	-0.0194828036	0.0536859844	0.0268643401	0.0240806056	0.0250922916	0.0842223401	0.0310868931	0.0276891016	-0.0196145502	-0.0071524168	0.0124229685	-0.0833239256	0.0210650826	0.044239201	0.0668938884	-0.0279756185	-0.0109790132	0.02894541	0.0106052048	0.0699486994	-0.0218619403	-0.0817172467	0.0052022593	-0.03304341	-0.08503991	-0.0413699287	0.0509712741	0.1604959631	-0.0085095878	-0.062595283	-0.0476961051	-0.0424168408	0.0202451908	0.0070107059	0.018734982	0.0495418802	-0.0732164561	-0.1235993623	0.0094213191	0.0436862904	-0.0261411891	-0.0029369621	0.0791816002	0.0321512693	0.0015373403	0.0191455378	0.0323053754	-0.0667299603	-0.2109127585	0.0075080624	-0.0413739989	0.084105025	-0.0088711198	0.0092553125	-0.1700379595	0.1064256696	0.0412093329	0.0367031899	0.0269344642	0.0013487643	-0.0213415615	-0.0182557685	0.0066024481	-0.0122517154	0.1062647445	0.0546669858	-0.031833496	-0.040709163	-0.0050546127	0.0274478277	0.0356615588	-0.1020629943	-0.0749297183	-0.0340668002	0.0105914398	-0.120784782	0.0069854845	0.0895603633	-0.0315351868	-0.0153476702	0.0286269394	-0.0520507929	-0.0566695018	0.0491003487	-0.0489924721	0.0701310648	0.0977700853	-0.0719654491	-0.0171831848	-0.0456963125	-0.0615905238	-0.0144159325	-0.0144972937	0.0825930322	0.0492749463	-0.1423366528	-0.0986120696	-0.0170264973	0.0310999043	0.016262078	0.0121424692	0.0149507473	-0.1537375437	0.0524083831	-0.0926731396	-0.0333230707	0.0629694093	0.1738754384	0.0150589523	-0.1875482196	0.0134556861	0.1372524523	-0.0025342434	-0.0027599878	-0.0577129578	0.0308128214	0.0736801548	0.0126780293	0.1983992691	0.2036714716	0.059545475	0.0080280197	-0.153326895	-0.1063878522	0.1536296133	0.0445935672	-0.0673456883	0.1575242855	-0.0713861169	0.0203717801	0.0423501816	-0.1186128217	0.1184168613	-0.1180905004	0.0601972	-0.0058304	0.0036237028878399	3.399356416000007e-05	0.121975	-0.1040349999999999	0.014877900625	0.0108232812249999	0.2777	-0.0080799999999999	6.528639999999962e-05	0.07711729	-0.00128025	0.00058149	3.381306201000001e-07	1.6390400625e-06	-0.0081473499999999	-0.0002399099999999	6.637931202249838e-05	5.7556808099952285e-08	-0.0033246	0.00015904	2.5293721600000012e-08	1.105296516e-05	0.0	0.0	0.0	0.0
9203.212250293924	31.816970389274505	84699115.72396015	1012.3196047519704	8876.535534983432	37.95603181039769	78792883.1038236	1440.6603507919212	6698.016048898174	-2.811002667559478	44863418.99129751	7.901735997026502	7034.202615392166	6637.783775835764	1.061116	43.767654	0.0792324	0.0351238	0.1765722484	-0.0511997634	0.1042438857	0.1266301643	0.0673584459	-0.1286231424	-0.0260644271	-0.1238160425	0.0058345432	0.1293579214	-0.1541767804	-0.0211503926	-0.0176915575	0.0478680222	-0.0399007236	0.0027946322	-0.084014699	0.0450423081	0.0136439472	-0.0246221343	0.0660618801	0.0194120672	-0.0392764064	0.1309290244	0.0197052148	0.0544072319	-0.0252713993	-0.0945490559	-0.0117001844	-0.1477924038	0.0340912196	0.0732907482	0.0390133335	0.0808517948	-0.0601532492	0.1440882163	-0.0349648054	-0.1168584823	0.0815029372	0.0405453376	-0.1079369203	-0.1231253417	0.086983426	-0.1232656153	-0.0450769744	-0.0693892105	0.0211807417	-0.0588637829	0.0069437472	0.0225046913	0.011060617	0.0847653251	0.0017863973	0.0542336007	0.0445279625	0.0401719342	0.0428991415	0.061294257	-0.0087824286	0.0815710928	-0.0006304003	0.0124741311	-0.0013632733	-0.0066803569	0.0002883485	-0.0225579681	-0.0230815405	-0.0061196038	-0.0277400913	-0.0490629893	-0.0437658175	-0.0540135017	-0.0186238204	0.0058366272	0.0252573291	-0.0482315602	0.017062924	-0.0198253879	-0.0212708321	-0.0487799746	0.0253367663	0.0481128094	0.0045024766	-0.0461409241	-0.0069295617	-0.055340945	0.0091037967	-0.0718080511	0.1084562196	0.0629550328	-0.0254918895	-0.0596121861	-0.0152740348	-0.0240230341	0.0092449335	-0.0116689872	0.0945845996	0.0055617116	-0.0276058445	0.0145287416	-0.0283218757	0.0262736477	-0.0951060429	-0.1369149058	-0.0801694715	0.0313523297	-0.0158284495	-0.0493117869	-0.1040927295	0.1119911168	0.0680201868	-0.0204514936	0.0292884419	0.028705078	0.0190819977	-0.0177648612	0.0741180482	0.0164867724	0.084678156	0.0378178978	0.0380933823	0.012595256	-0.0599781728	-0.0305521551	0.0629974004	0.0197587152	-0.019850854	0.0167535458	0.0096091143	-0.0963699623	0.0386860437	0.0200779184	0.0104268188	0.0668592691	0.004532417	-0.0148665987	-0.0296781875	-0.0132921616	-0.0554478245	0.0089185754	0.0650656442	-0.0192562666	0.0165063595	0.0370884739	0.016780869	9.18529e-05	0.0596732167	0.0619174338	-0.0225926371	-0.0053278381	0.0255063618	-0.0396447118	-0.0689039878	0.0037619676	-0.0494579714	-0.0168908874	-0.0040769464	0.0492034695	-0.1024579408	0.042756836	-0.0501067769	0.1872280953	-0.0016561391	-0.1672019208	-0.0553849967	0.1658840305	0.0403246506	0.0602283703	0.0715244723	0.055717551	0.0627064312	0.064350067	0.1119144532	0.104742282	0.0453040071	-0.0412924713	-0.1480707191	-0.1521894295	0.0567488243	0.0828915502	-0.0362891751	0.1706708917	-0.0652741903	-0.0382582972	-0.0027191328	-0.1186709048	0.1186491225	-0.1186128217	0.0639241	0.0037268999999999	0.0040862905608099	1.3889783609999986e-05	0.109143	-0.0128319999999999	0.011912194449	0.0001646602239999	0.304664	0.0269639999999999	0.0007270572959999	0.092820152896	-0.0009241	0.0003561499999999	1.2684282249999996e-07	8.539608099999999e-07	-0.00838008	-0.00023273	7.02257408064e-05	5.416325290004623e-08	-0.00344991	-0.00012531	1.57025961e-08	1.19018790081e-05	0.0	0.0	0.0	0.0
