global_signal	global_signal_derivative1	global_signal_derivative1_power2	global_signal_power2	csf	csf_derivative1	csf_derivative1_power2	csf_power2	white_matter	white_matter_derivative1	white_matter_power2	white_matter_derivative1_power2	csf_wm	tcompcor	std_dvars	dvars	framewise_displacement	rmsd	t_comp_cor_00	t_comp_cor_01	t_comp_cor_02	t_comp_cor_03	t_comp_cor_04	t_comp_cor_05	t_comp_cor_06	t_comp_cor_07	c_comp_cor_00	c_comp_cor_01	c_comp_cor_02	c_comp_cor_03	c_comp_cor_04	c_comp_cor_05	c_comp_cor_06	c_comp_cor_07	c_comp_cor_08	c_comp_cor_09	c_comp_cor_10	c_comp_cor_11	c_comp_cor_12	c_comp_cor_13	c_comp_cor_14	c_comp_cor_15	c_comp_cor_16	c_comp_cor_17	c_comp_cor_18	c_comp_cor_19	c_comp_cor_20	c_comp_cor_21	c_comp_cor_22	c_comp_cor_23	c_comp_cor_24	c_comp_cor_25	c_comp_cor_26	c_comp_cor_27	c_comp_cor_28	c_comp_cor_29	c_comp_cor_30	c_comp_cor_31	c_comp_cor_32	w_comp_cor_00	w_comp_cor_01	w_comp_cor_02	w_comp_cor_03	w_comp_cor_04	w_comp_cor_05	w_comp_cor_06	w_comp_cor_07	w_comp_cor_08	w_comp_cor_09	w_comp_cor_10	w_comp_cor_11	w_comp_cor_12	w_comp_cor_13	w_comp_cor_14	w_comp_cor_15	w_comp_cor_16	w_comp_cor_17	w_comp_cor_18	w_comp_cor_19	w_comp_cor_20	w_comp_cor_21	w_comp_cor_22	w_comp_cor_23	w_comp_cor_24	w_comp_cor_25	w_comp_cor_26	w_comp_cor_27	w_comp_cor_28	w_comp_cor_29	w_comp_cor_30	w_comp_cor_31	w_comp_cor_32	w_comp_cor_33	w_comp_cor_34	w_comp_cor_35	w_comp_cor_36	w_comp_cor_37	w_comp_cor_38	w_comp_cor_39	w_comp_cor_40	w_comp_cor_41	w_comp_cor_42	w_comp_cor_43	w_comp_cor_44	w_comp_cor_45	w_comp_cor_46	w_comp_cor_47	w_comp_cor_48	w_comp_cor_49	w_comp_cor_50	w_comp_cor_51	w_comp_cor_52	w_comp_cor_53	w_comp_cor_54	a_comp_cor_00	a_comp_cor_01	a_comp_cor_02	a_comp_cor_03	a_comp_cor_04	a_comp_cor_05	a_comp_cor_06	a_comp_cor_07	a_comp_cor_08	a_comp_cor_09	a_comp_cor_10	a_comp_cor_11	a_comp_cor_12	a_comp_cor_13	a_comp_cor_14	a_comp_cor_15	a_comp_cor_16	a_comp_cor_17	a_comp_cor_18	a_comp_cor_19	a_comp_cor_20	a_comp_cor_21	a_comp_cor_22	a_comp_cor_23	a_comp_cor_24	a_comp_cor_25	a_comp_cor_26	a_comp_cor_27	a_comp_cor_28	a_comp_cor_29	a_comp_cor_30	a_comp_cor_31	a_comp_cor_32	a_comp_cor_33	a_comp_cor_34	a_comp_cor_35	a_comp_cor_36	a_comp_cor_37	a_comp_cor_38	a_comp_cor_39	a_comp_cor_40	a_comp_cor_41	a_comp_cor_42	a_comp_cor_43	a_comp_cor_44	a_comp_cor_45	a_comp_cor_46	a_comp_cor_47	a_comp_cor_48	a_comp_cor_49	a_comp_cor_50	a_comp_cor_51	a_comp_cor_52	a_comp_cor_53	a_comp_cor_54	edge_comp_00	edge_comp_01	edge_comp_02	edge_comp_03	edge_comp_04	edge_comp_05	edge_comp_06	edge_comp_07	edge_comp_08	edge_comp_09	edge_comp_10	edge_comp_11	edge_comp_12	edge_comp_13	edge_comp_14	edge_comp_15	edge_comp_16	edge_comp_17	edge_comp_18	edge_comp_19	edge_comp_20	edge_comp_21	edge_comp_22	edge_comp_23	cosine00	cosine01	cosine02	non_steady_state_outlier00	trans_x	trans_x_derivative1	trans_x_derivative1_power2	trans_x_power2	trans_y	trans_y_derivative1	trans_y_power2	trans_y_derivative1_power2	trans_z	trans_z_derivative1	trans_z_derivative1_power2	trans_z_power2	rot_x	rot_x_derivative1	rot_x_power2	rot_x_derivative1_power2	rot_y	rot_y_derivative1	rot_y_power2	rot_y_derivative1_power2	rot_z	rot_z_derivative1	rot_z_power2	rot_z_derivative1_power2
10051.845107158844	n/a	n/a	101039590.0583132	10434.460369922495	n/a	n/a	108877963.2114831	7115.790109968082	n/a	50634468.88911957	n/a	7527.271620366851	11149.817412934324	n/a	n/a	n/a	n/a	0.0	0.0	0.0	0.0	0.0	0.0	0.0	0.0	0.0	0.0	0.0	0.0	0.0	0.0	0.0	0.0	0.0	0.0	0.0	0.0	0.0	0.0	0.0	0.0	0.0	0.0	0.0	0.0	0.0	0.0	0.0	0.0	0.0	0.0	0.0	0.0	0.0	0.0	0.0	0.0	0.0	0.0	0.0	0.0	0.0	0.0	0.0	0.0	0.0	0.0	0.0	0.0	0.0	0.0	0.0	0.0	0.0	0.0	0.0	0.0	0.0	0.0	0.0	0.0	0.0	0.0	0.0	0.0	0.0	0.0	0.0	0.0	0.0	0.0	0.0	0.0	0.0	0.0	0.0	0.0	0.0	0.0	0.0	0.0	0.0	0.0	0.0	0.0	0.0	0.0	0.0	0.0	0.0	0.0	0.0	0.0	0.0	0.0	0.0	0.0	0.0	0.0	0.0	0.0	0.0	0.0	0.0	0.0	0.0	0.0	0.0	0.0	0.0	0.0	0.0	0.0	0.0	0.0	0.0	0.0	0.0	0.0	0.0	0.0	0.0	0.0	0.0	0.0	0.0	0.0	0.0	0.0	0.0	0.0	0.0	0.0	0.0	0.0	0.0	0.0	0.0	0.0	0.0	0.0	0.0	0.0	0.0	0.0	0.0	0.0	0.0	0.0	0.0	0.0	0.0	0.0	0.0	0.0	0.0	0.0	0.0	0.0	0.0	0.0	0.0	0.0	0.0	0.0	0.0	0.0	0.0	0.0	0.0	0.0	0.0	0.0	0.0	0.0	1.0	0.0224803	n/a	n/a	0.00050536388809	0.0176509	n/a	0.00031155427081	n/a	0.0711051	n/a	n/a	0.00505593524601	0.000105073	n/a	1.1040335329e-08	n/a	-0.0	n/a	0.0	n/a	0.000437053	n/a	1.91015324809e-07	n/a
9985.614604047149	-66.23050311169573	4386.4795424283375	99712499.0205597	10130.397521161898	-304.06284876059726	92454.21599640984	102624953.93676312	7109.896373345064	-5.8937366230184125	50550626.43970529	34.73613138150848	7477.613404643115	10959.120247312225	1.151101	46.908489	0.081669295	0.0467115	-0.0311936627	0.0387103285	-0.0789196545	0.0163390669	-0.2038749596	0.0411195285	-0.1882184238	0.0196315964	0.0412597792	-0.0091120576	0.0979586239	-0.1725300663	0.0271809023	-0.1807215701	0.0592365079	-0.1239093864	0.0383867187	-0.0456663822	0.0315358284	-0.1967120048	0.2286868593	-0.1138140336	0.029037056	-0.0312469987	0.1276996282	-0.1630409771	-0.1017771123	0.0189247237	-0.2138219314	0.1566525961	-0.0837667598	0.1837413414	-0.0542849424	0.0034478068	-0.0799912898	0.0304824351	-0.1481669229	0.0765114783	-0.2206732258	0.0683510162	-0.0359458785	0.0575766405	-0.0212736208	0.0937059296	-0.0574140773	-0.0441337185	0.0128196061	-0.0280265291	0.1388234695	-0.0472134817	0.0535222213	-0.0805572172	0.0200468391	-0.0883269413	0.1532402648	-0.0787879595	0.0349436317	-0.0135548179	-0.0849536524	0.1833701925	-0.1060272019	0.1194665779	0.0953378875	-0.0896709388	0.0367567045	0.0945951425	-0.1019721625	-0.0267594329	-0.0916347933	0.0553630685	0.0829410599	-0.1352632193	-0.0181707259	-0.0566348121	0.0418555893	0.0342118021	0.0313434013	0.0587369356	-0.1358010989	-0.0978304153	0.0769785082	0.0526667057	0.030304688	-0.1842729386	-0.0044351149	-0.0976646952	0.085267776	0.0571899241	0.0093265189	-0.0617709944	-0.0584962795	-0.0503174517	0.0066722333	0.0211080321	0.0369909032	0.0727285754	-0.0507693256	0.0272893459	0.0760288056	-0.00054549	0.0477274891	-0.1467000537	0.0112538371	-0.1034884373	0.0477620591	-0.0826590918	0.0321509809	-0.0034241282	0.0631474101	-0.1309979014	0.0847706309	-0.0740781191	0.0705570793	-0.1145156623	0.0089658385	-0.1902056791	-0.0667214859	0.0196386803	0.1115849479	-0.1488984118	0.1256626767	-0.1459487554	-0.0267690385	0.0814392542	0.0041188731	-0.2454700188	-0.0697602721	0.0799452079	0.0074590146	0.0044272296	0.0585818831	-0.0610187087	-0.1136018718	0.1393944331	0.0549861007	-0.1096410853	-0.0193912919	-0.1116123161	0.0508200343	0.0275974483	0.0896242804	-0.1224031198	-0.0267112183	-0.0109207529	-0.0637878164	0.0162010048	0.016618564	0.0002291736	0.1588678735	-0.0942977024	-0.0212318533	-0.0025484071	0.0352174417	-0.0986311497	0.0997518122	-0.1149888583	-0.1716014237	0.1249725281	-0.203739025	0.0642723423	-0.0499052012	0.0617054887	-0.1426689314	0.0707108353	-0.0406533712	0.0072289352	-0.0720465186	0.1136974053	-0.1806005514	-0.076544162	0.0157128113	-0.0128621116	0.1760387775	-0.1545279071	0.1209659547	0.12355153	0.1235248834	0.1234804767	0.0	0.0234712	0.0009908999999999	9.81882809999999e-07	0.00055089722944	0.0447977	0.0271468	0.00200683392529	0.00073694875024	0.107964	0.0368589	0.00135857850921	0.011656225296	-5.39029e-05	-0.0001589759	2.90552262841e-09	2.5273336780810004e-08	9.7243e-05	9.7243e-05	9.456201049e-09	9.456201049e-09	0.000514288	7.723499999999999e-05	2.64492146944e-07	5.965245224999998e-09
9942.000483172364	-43.61412087478493	1902.1915396803504	98843373.60739952	10027.717655770935	-102.67986539096272	10543.154756706226	100555121.38386014	7105.830277444992	-4.066095900071559	50492823.93185397	16.533135868578743	7462.4501067746	10801.71922994814	1.067971	43.520836	0.062066645	0.0375829	0.0400819171	-0.044924838	0.0679577696	0.0399296523	0.1251786687	0.1062501317	-0.2630489534	-0.0475430453	0.0375207791	0.0127747871	-0.1209586853	-0.0907111201	-0.2218938098	0.084884366	-0.0484027466	-0.0645500475	0.034639881	0.0184919957	0.1232219314	-0.1626561733	0.1541370988	-0.0913268732	-0.1313251601	-0.0152710948	0.0922867093	-0.1389884908	-0.0056231849	-0.0353405729	-0.0530928671	0.0344082807	-0.063713936	0.0108658707	-0.0276870822	0.0678462216	0.0072216868	0.026861077	0.0564203955	-0.0432429788	-0.0179083949	0.0923574061	0.2345266116	0.1128733909	-0.0676465731	0.1562291386	-0.0494628809	-0.2651437923	-0.0724824394	-0.1615268043	0.0894089148	0.0050288643	0.0009102423	-0.1852965831	-0.0960507305	-0.1045993989	-0.0805245048	-0.1934960367	0.0985243647	0.0629943741	-0.1167419319	0.0734980611	-0.1016720082	0.0763557514	0.1774879931	0.041160741	0.0145740673	-0.1373660585	-0.0976837842	-0.1176529491	-0.0868384538	0.065410594	-0.0414760905	-0.0862496937	-0.0091373217	-0.0986669484	0.1205965527	-0.1027548525	0.1240079497	-0.013447481	0.0654280153	0.0820858615	-0.050316251	-0.0200131042	0.0137857373	0.0116367921	-0.004572082	-0.0302551141	0.030817903	0.0454824657	0.0434494681	0.0013652694	-0.0400086182	-0.0531811681	-0.1414695428	-0.071856604	0.0610893731	0.1657833356	-0.0542683595	0.1093271281	0.1600811467	-0.1180999752	-0.1436317359	0.1701909048	0.0177490918	-0.2008497664	-0.0877099465	-0.1061509431	0.0237819044	0.042596081	0.030048119	-0.0686274147	0.1257752225	-0.1876019871	0.1302023177	-0.0192826908	-0.1263068574	-0.1120037301	-0.1573612225	0.05621621	-0.0776896482	-0.095694317	-0.0069343805	-0.0785812846	-0.0298518115	0.0686362564	0.0719199166	-0.0824371458	-0.012439394	0.1504521232	-0.0684231421	-0.0948521099	0.1150402046	0.0298404905	-0.1324454506	-0.0791209065	0.0536400601	-0.2522392904	-0.0292056616	0.0094460743	-0.0209538215	-0.0051266594	-0.1025503991	-0.0213141349	-0.0767210071	0.1030847624	-0.0521246776	-0.0275361555	0.0290297752	0.0373109008	0.0256709763	-0.0347807846	0.1041833915	0.0628689347	0.0799142246	-0.1740709418	-0.137351883	-0.0784939073	-0.0630091411	0.1789317263	-0.1310874639	0.2005510109	-0.2271230752	0.1430554923	-0.0902572961	0.0091682534	0.0495106619	-0.1434308494	0.0156983641	0.0584180442	-0.058646946	0.0599008027	-0.0197144469	-0.0942781449	0.0619317913	0.112005608	-0.172188142	0.1234804767	0.1232407722	0.1228416094	0.0	0.024162	0.0006907999999999	4.772046399999977e-07	0.000583802244	0.0109635	-0.0338342	0.0001201983322499	0.00114475308964	0.107773	-0.000191	3.648100000000405e-08	0.0116150195289999	0.000256711	0.0003106139	6.5900537521e-08	9.648099487321003e-08	-8.953479999999998e-24	-9.7243e-05	8.016480411039997e-47	9.456201049e-09	0.000653444	0.0001391559999999	4.26989061136e-07	1.9364392335999997e-08
9909.586579795454	-32.41390337690973	1050.66113212764	98199906.18246216	9990.401246086893	-37.31640968404281	1392.514431707324	99808117.05781454	7099.440102233228	-6.390175211764472	50402049.765197344	40.83433923704912	7457.449199485879	10571.652569131023	1.094402	44.597946	0.0410534999999999	0.0254876	-0.0007884728	0.0589589807	0.2001842768	0.0185101008	0.0136137179	-0.2477990522	-0.1535696982	-0.0432477659	0.014625962	0.0757161659	-0.1940495496	-0.1543397275	0.145611659	0.1084035128	-0.0587199915	0.0562892543	0.034423898	-0.0028359909	-0.1256814487	-0.1040250088	0.148130398	0.0989330625	-0.0207025649	0.197365807	0.1619566822	-0.0023309097	0.1832647778	0.0826852919	0.0418594025	-0.2466935083	-0.0590260656	-0.1804849784	0.0144974492	0.0575574691	-0.0286839114	0.0658086053	-0.0892441735	0.0973535838	-0.047620218	0.0748888423	0.0789905243	0.170347219	0.0413043319	0.171562491	-0.180855179	0.0071722652	0.0167409651	0.1149971847	-0.0957379536	-0.1693954683	0.036539688	0.0740040068	-0.0189792776	0.1462420719	-0.2230592012	0.0428129217	0.0244307523	-0.1089637251	-0.1484534474	0.0253182143	0.0378348769	-0.0799943813	-0.0748286678	0.2193774899	0.0565559735	-0.0894463067	0.0153624519	-0.2579094125	0.1680081762	0.1277680194	-0.0428452333	0.0795933784	0.0017104907	-0.0791286985	-0.018672789	0.1601563687	0.0168551961	-0.1629893268	0.0194398837	0.0379217068	-0.0922471886	0.0425021092	-0.0309817788	-0.0010494549	0.0996096658	0.0338653966	-0.0813016696	0.0257340566	0.0661119838	-0.1081873755	0.0476845233	0.0273902007	0.0031240635	-0.0775650676	0.020581164	0.1705054574	-0.016639544	0.0165179067	0.2852684948	0.1275537909	0.0947401914	0.1672040565	0.0585945611	0.1106817534	0.134912214	-0.1138795836	0.0166095904	0.0033354262	-0.0754954203	0.0735980592	0.0280976909	0.2044385751	-0.0527908704	0.0141024241	-0.0352610864	0.1257525175	-0.1939973942	-0.1040655254	-0.0723720811	-0.0247958003	0.053684449	-0.0025053495	-0.0990284423	-0.2048547231	0.039451755	-0.0187150331	-0.0465446676	0.1793021656	0.0132283794	0.0464704995	0.0810874008	0.06093932	-0.093710778	-0.1767128369	0.0785309148	0.1357003946	-0.0197071778	0.135627248	-0.0566907453	0.1619838149	-0.0590837673	-0.1313508708	-0.0483644909	-0.0279444841	0.001688201	-0.1078576337	0.0068596691	0.0165175594	-0.0956836133	0.1805692998	-0.0195890113	0.0271725022	0.0205600344	-0.2162006004	0.0464497969	-0.1201339693	-0.0237179117	-0.0040625491	-0.0586593617	0.0485858037	0.0569028573	0.2371578536	-0.0024178085	-0.2340379132	-0.0934003276	-0.0057817169	0.1038997521	-0.0845672877	0.0352161411	0.0387623525	-0.0221587084	-0.0036182701	0.0238408981	-0.1930358224	-0.1927415766	0.1233384109	0.1226732033	0.1215671803	0.0	0.0196451	-0.0045169	2.0402385610000008e-05	0.0003859299540099	0.0342268	0.0232633	0.00117147383824	0.00054118112689	0.104455	-0.0033179999999999	1.100912399999992e-05	0.010910847025	0.0004062	0.000149489	1.6499844000000001e-07	2.2346961121e-08	5.29395e-23	6.189298000000001e-23	2.8025906602499998e-45	3.8307409732804e-45	0.000703061	4.9617000000000064e-05	4.942947697210001e-07	2.461846689000006e-09
9899.768085488104	-9.818494307350193	96.40283046346812	98005408.1464488	9983.865005051375	-6.536241035517378	42.72244687438128	99677560.43908948	7086.699593331849	-12.740508901378234	50221311.1261298	162.32056706609802	7450.911284536716	10509.14463665444	1.110934	45.271618	0.0552712499999999	0.0318524	0.0540604169	-0.0040231122	0.271600665	-0.1204427871	-0.2247728145	0.1513802383	-0.0242815657	0.0640621875	-0.0214643349	0.0071746757	-0.2203842953	0.1186370579	0.0128863271	-0.2344383303	0.17989704	-0.020630246	0.1195484543	-0.0451250986	-0.0376407044	-0.1693966755	0.0380195931	0.0218122606	0.1358349592	0.1093817472	-0.0079679061	-0.0131599604	-0.0194964592	-0.0260318189	0.0190899247	-0.0575769584	0.0994394799	0.1563281153	0.0891373214	0.1191113131	-0.1801513321	0.0273829006	-0.0584247563	-0.077809872	0.0081247871	-0.0856581965	-0.1475971159	0.0381401363	-0.0665805789	0.2527806999	0.0074707048	0.1731427193	0.1968469842	-0.1540206706	-0.0568770901	0.1162686607	-0.1610048354	0.0345670478	0.0863127023	0.1142009349	0.1336691246	-0.0465202486	0.0863369904	-0.1382863597	0.0703770265	0.0197338951	-0.050216461	-0.1109567993	-0.0114228091	-0.1079257294	-0.0994381328	0.0802174014	0.0596176328	-0.028232132	0.1432566306	0.0354398658	-0.0643394734	0.0152609273	0.1771832139	0.0258240971	0.0054139819	0.0017286427	-0.1551617203	0.0449746931	-0.0413250548	-0.026706989	-0.0065593252	0.0740584016	-0.1679851168	-0.090341188	0.1144416202	-0.0774094518	-0.1019355521	-0.1257815225	-0.0036538722	0.1005694705	0.1470172387	-0.027195904	-0.1038712183	0.1711972952	0.0491639015	-0.04690457	-0.0196512039	0.0153496072	0.0071492566	-0.2290069147	0.2803311123	-0.0504245592	0.02465047	-0.0591884421	0.142584381	-0.1987163111	0.1244105922	0.1160027401	-0.0895846042	0.0331409837	-0.1455223226	-0.0437922255	-0.0405495168	-0.1845363938	0.052519202	-0.0117484218	-0.0564871914	-0.0269776639	0.1359904205	0.0329320406	-0.0137770589	0.1388286345	0.0967650255	-0.0068489077	0.0248965005	0.060880393	-0.0606082698	-0.1746197034	-0.0029012029	0.1145843754	0.0857526467	-0.1407985259	-0.0441853658	0.0384687674	-0.19953427	0.1214745647	-0.0247768177	0.0455211861	0.0158428571	-0.0723109541	-0.005735723	-0.1070073542	-0.1576243242	-0.0074294839	0.0540361573	0.1265121273	0.0250283403	-0.0826071166	0.0894206583	-0.0167638586	-0.0374685606	-0.0484581153	0.1010684008	-0.2030357049	0.0290358763	-0.0190360409	-0.1394726888	0.1414991799	-0.1565661111	-0.0755735773	-0.0095395755	-0.2429878214	0.0589542629	-0.0831974323	-0.1851869246	-0.0050627533	-0.0532934286	0.0866504043	0.0339256865	-0.0702993331	0.144399319	0.0650453689	-0.0020798307	-0.0735921585	-0.0385190351	0.1231254143	0.1218234821	0.119663783	0.0	0.0194909	-0.0001542	2.3777640000000054e-08	0.0003798951828099	0.0629099	0.0286831	0.00395765551801	0.00082272022561	0.115349	0.0108939999999999	0.0001186792359999	0.0133053918009999	0.000445439	3.9239e-05	1.98415902721e-07	1.5396991209999995e-09	0.000198748	0.000198748	3.9500767504e-08	3.9500767504e-08	0.000630249	-7.281200000000001e-05	3.972138020010001e-07	5.301587344000001e-09
9911.833912476062	12.065826987958644	145.58418090335115	98244451.50851052	9993.155684745549	9.290679694173376	86.31672917972553	99863160.53956228	7082.981213695287	-3.7183796365625312	50168622.87356036	13.826347121602902	7446.020607600646	10540.451709218483	1.098074	44.747566	0.0607384999999999	0.0337296	0.0071181643	0.0514789046	0.2018033497	-0.0077631288	0.2329740823	0.1183515355	-0.0874352264	-0.0499440991	-0.0082290601	0.0717752747	-0.1117275805	0.1684923205	-0.0721908196	0.2095873794	0.1120117056	-0.0481004568	-0.0849820283	-0.1947888342	0.0795753913	-0.175182105	0.0145316227	-0.0470705616	0.0558936502	0.0723813439	-0.046319611	-0.030909579	-0.0796322587	-0.0422527622	-0.0373457065	0.0168747322	-0.0500149337	-0.011184624	-0.080602992	-0.0510098769	0.0787889966	0.1033516701	0.1460216509	-0.1426309827	0.0337501003	-0.0058886378	0.0631163613	0.0795398192	-0.1539486059	-0.0082728501	-0.0526290062	-0.0658717729	0.1532658396	0.0168227697	-0.1826824878	0.1874332745	0.0630318475	-0.0543664954	-0.2052030878	0.0006506651	-0.0609592956	0.0131905184	0.0380445506	0.0751744775	-0.0320295635	-0.1151460749	-0.1169922145	-0.207780553	0.0011281759	0.0707566708	0.1534961542	0.071689796	-0.0496348315	0.202726947	-0.0452575382	-0.0598981399	0.0421330147	-0.0641323118	-0.0958789906	-0.0550075655	-0.0941265635	-0.0102933402	-0.0555701551	-0.0729686539	0.0418996801	0.1696094443	0.0469409153	0.0148073737	0.07766325	-0.0207087564	0.0379390263	0.0544511533	-0.1283236757	-0.0055114644	-0.0150476219	0.0614451139	-0.0711096447	-0.0555982973	-0.0416646266	0.0959470999	-0.0064633022	-0.1675878335	0.1538073019	0.062752724	-0.0707389749	-0.0853060829	-0.0848694779	0.1879437081	0.116718	-0.1495727795	0.1069964445	-0.1078279289	-0.1008570791	-0.1742691426	-0.0368568413	0.0246313131	-0.1627520542	-0.1148815341	-0.1010270519	0.0440560937	-0.0100551702	0.056988733	0.1206834486	-0.2011618229	-0.0646337756	-0.1407675937	-0.1007190905	0.0338215488	-0.0416090232	0.0915235009	0.052289645	-0.1251450711	-0.0538513157	-0.0783767137	0.0489720049	-0.14723061	-0.0745543736	0.0260858953	0.0960464919	-0.1971103348	0.0314590191	0.0098301605	0.1316877363	-0.0742552043	0.0609887311	-0.0611337475	-0.0915922403	0.0660502302	-0.0258720905	-0.096941756	0.0163842838	0.1617694685	-0.1139617153	-0.0465127912	-0.1577336679	-0.0309916274	0.006389966	0.0582381697	0.056026811	-0.2111948816	-0.0189143876	-0.1171754376	0.0141035551	0.0628014399	0.1276867808	0.1216279759	-0.2356899406	-0.0518090968	0.0966259951	-0.0489298957	-0.1152862531	-0.1077753495	-0.1679487309	-0.0857351645	0.0523630435	-0.0536091416	-0.0599794479	-0.1014077083	-0.1387231668	0.0641594775	0.0728094359	0.1228416094	0.120693563	0.1171412655	0.0	0.0251536	0.0056627	3.2066171290000034e-05	0.00063270359296	0.0332164	-0.0296935	0.00110332922896	0.00088170394225	0.101146	-0.0142029999999999	0.0002017252089999	0.010230513316	0.000398897	-4.6542e-05	1.59118816609e-07	2.166157764e-09	0.000262091	6.334299999999999e-05	6.8691692281e-08	4.012335648999999e-09	0.0007439499999999	0.0001137009999998	5.534616024998512e-07	1.2927917400977246e-08
9921.240275352548	9.406362876485218	88.47966256411927	98431008.6012775	10001.69161043629	8.535925690741351	72.86202739785821	100033835.07027169	7095.677429495826	12.696215800538994	50348638.18345649	161.193895653856	7453.856857102347	10639.319559234202	1.114773	45.428082	0.0408506	0.0207286	0.0471085676	-0.0196632451	0.160822679	-0.0657589053	-0.1010868327	-0.1892559697	0.0498456438	-0.1264467347	-0.0254850397	0.0004199507	-0.0744143372	0.0675347991	0.0437949405	-0.0549081067	-0.1345489473	0.1751615267	-0.1446528167	-0.0818015397	-0.0792481632	-0.3375949536	0.0102621298	-0.087646019	0.0097276502	0.0626708075	0.0532639641	0.1295789624	-0.0117588059	0.0007485155	-0.0016738807	0.0081822986	0.0074070625	-0.1056549174	-0.0435497856	0.0936843623	0.031620748	-0.0796198271	-0.1322039364	-0.0146052784	0.0798992397	0.1151181692	-0.0322214067	0.0749354869	-0.0162584841	0.1124884028	-0.0218991726	0.1226823422	0.0690931272	0.1171001192	0.2608423068	-0.0114412575	0.0468203474	0.0370782769	-0.1305454262	0.1229946481	-0.0197226854	-0.0725821614	0.063425542	0.020879711	0.0196562253	-0.0788293942	-0.0240305021	0.0877575968	0.0894608215	-0.0169849692	-0.1144441344	0.1841468134	0.2651735264	-0.0560609703	-0.1567147572	-0.0614526584	0.051324704	0.1044124569	-0.0981023947	0.0847934643	-0.0972971059	0.0841421493	0.0172305866	-0.0967080269	-0.0192421502	-0.096138385	0.2767057611	0.0687035489	-0.0036029194	0.0879161991	0.0446519541	-0.0008335295	-0.0691149544	0.0916027262	-0.0169421779	0.0604585498	0.0387799705	0.0374099612	0.078971592	-0.1386567354	-0.0952159662	0.0011635567	0.0233316337	0.0036856223	0.010800549	-0.0074706432	-0.015470092	-0.0445483311	-0.2069890582	-0.0135022547	0.1510511783	-0.2202021472	-0.1496510727	-0.0403738432	-0.0456299391	-0.1515507342	0.0298367883	0.1004921225	0.0096658052	0.0910559102	0.1206314192	-0.1702355833	0.0320595368	-0.1592540045	-0.0591727065	-0.1310097334	-0.0118275581	-0.1204746441	0.0121975464	-0.0553946931	-0.1583122259	0.1341040921	0.1868595144	0.0122892976	-0.1840560244	0.0758482081	-0.1099693836	-0.062438194	0.064186612	0.0416335226	-0.0820289324	0.1984067439	-0.0866926038	-0.0213006609	0.0217484662	0.0660224965	-0.0525920603	-0.0676025014	0.1030696518	-0.1647379834	-0.1151319307	0.0327014907	0.1274669192	0.1684725705	-0.0321414285	0.0210385391	-0.0027182463	0.0059952153	0.0868921401	-0.1912161487	-0.0229274896	-0.0078814314	-0.1860756751	-0.051595744	-0.0389367491	-0.0585647687	0.0875793711	0.1947903109	0.0263592242	-0.1431938367	-0.1266588052	-0.0829413874	0.094803689	-0.008370142	0.0763271562	0.1528660982	-0.0320890321	0.1295130954	0.2310223301	0.1381447791	0.1439756014	0.1224871595	0.1192860448	0.1140126786	0.0	0.0234834	-0.0016702	2.7895680400000005e-06	0.00055147007556	0.0153275	-0.0178889	0.00023493225625	0.00032001274321	0.108485	0.0073389999999999	5.3860920999999975e-05	0.011768995225	0.000484578	8.5681e-05	2.34815838084e-07	7.341233760999998e-09	0.00017853	-8.356099999999998e-05	3.1872960900000006e-08	6.982440720999997e-09	0.000853758	0.0001098080000001	7.28902722564e-07	1.2057796864021972e-08
9911.22300148742	-10.017273865127208	100.3457756889606	98232341.38521332	9959.629864619328	-42.061745816961775	1769.1904611707014	99194227.04021722	7098.017092183651	2.3396626878247844	50381846.64093125	5.474021492799494	7449.618123094136	10483.147990283618	1.090625	44.444004	0.03271765	0.020247	0.0037762787	0.076662065	0.1817657533	-0.1289036636	0.0221858038	0.1040556145	-0.0215068673	0.1040290649	-0.0160672102	0.0434867941	-0.0911245848	0.0216478205	0.0289754369	0.0427554237	0.2505341533	-0.0279556483	0.0370767238	0.0869120761	-0.0247970305	-0.1972739874	-0.1384752947	0.0218302404	0.0135921328	-0.0604140994	-0.0718730254	0.1057560565	0.1508472658	-0.1711516044	0.0895161428	-0.1437986325	-0.052884823	0.0220437971	0.0380766551	-0.0223543554	0.0366937539	0.0918949229	-0.0140112648	0.0142051759	0.0284850799	-0.1297830202	0.0277981778	0.1080445387	-0.1147045284	0.1190391684	0.0442696937	-0.0817466631	-0.2084366951	-0.1033173757	0.0262732139	0.1265786136	-0.2003300141	-0.0373404638	-0.1375522477	-0.0170144159	0.0688147368	-0.0088618286	-0.2225798702	-0.0350892209	0.0781846788	-0.2308985105	0.1062272805	-0.0217748799	-0.0825830038	-0.1567856732	0.1162390527	-0.1618024368	-0.0373469051	0.1330481737	-0.089922873	-0.0735601837	-0.100760655	-0.1665669356	-0.0171511337	-0.0148288475	0.0356280876	0.1307654677	0.0448974415	0.1422688225	-0.0794079249	-0.0449396114	-0.0443798102	-0.0594241109	-0.1077782811	0.0190188281	0.0469837984	-0.0327827848	-0.0750997133	-0.0420470336	0.0028701311	0.076937063	-0.0800201831	0.1213464158	-0.0053576449	-0.0448578953	0.1224377468	0.0529867601	0.0166463095	0.0273677727	0.0490686337	-0.0180424829	0.0453136427	-0.0008911131	0.1329520472	-0.2140136754	-0.0634656962	-0.0803326982	-0.0255390532	0.2087978149	-0.0836939495	-0.1261643672	-0.0421860697	-0.1117193335	-0.1179932225	0.0417995922	-0.2465231598	0.1190013329	0.1826506565	0.1221642938	-0.1042763929	0.2618882015	-0.154382219	-0.018105213	0.1270063553	0.0651258787	0.0097299101	-0.1118028839	0.111484398	-0.0155442373	-0.0333312617	-0.0594427121	0.0421190137	0.0525086232	0.0947763345	0.096664796	0.1415649414	0.081247878	-0.152340297	0.0599056229	0.0256356335	-0.0670879793	0.1365582165	0.1305190642	0.0116006741	0.0317710157	-0.0368975685	-0.0262953505	0.0384631413	0.0764906673	0.0362696961	0.1369734155	-0.0145398531	0.1095522145	0.059185415	-0.1621277265	-0.0148008283	-0.0676973799	0.0389158642	0.0835575271	-0.1368379759	-0.0305258992	-0.0577567409	-0.1322894477	0.1341849571	0.0213206538	-0.0015038654	-0.0160536024	0.1232665264	-0.1017741164	0.1359515275	-0.0526118454	0.0621859687	-0.0520524881	-0.096137868	0.0253348453	-0.1537799396	0.1220622684	0.1176041649	0.1102942093	0.0	0.0229997	-0.0004837	2.339656900000001e-07	0.00052898620009	0.0330512	0.0177237	0.00109238182144	0.00031412954169	0.108669	0.000184	3.3856000000001326e-08	0.011808951561	0.000675041	0.000190463	4.556803516810001e-07	3.627615436900001e-08	0.000191005	1.2474999999999992e-05	3.6482910025e-08	1.5562562499999978e-10	0.000770171	-8.358699999999998e-05	5.93163369241e-07	6.9867865689999985e-09
9918.597081342336	7.3740798549151805	54.37705370666589	98378568.0620127	9997.21509161403	37.58522699470268	1412.649288243327	99944309.58799534	7103.16816032525	5.151068141599353	50454997.9138584	26.53350299939981	7461.762800520285	10576.874303037042	1.062895	43.313984	0.0791880999999999	0.0463276	0.0653406464	-0.0354798783	0.1141585979	-0.0286036464	0.1114294145	-0.1546139652	0.0223189133	0.0661811629	-0.0610484393	-0.057100328	-0.0635574429	0.0297713727	0.1586029414	0.1155733438	-0.0172778535	0.0528032104	-0.0522070421	-0.100448246	0.1750956319	-0.0234891058	-0.073145791	-0.006737859	-0.0189115943	-0.0959443122	0.1336842386	0.0679176115	0.0455698942	0.0095077895	0.0353179099	0.0044941306	-0.0506072849	0.1071742003	0.07598016	-0.0390901702	0.0355560652	0.1104143092	-0.0601168207	0.1294068994	0.0058143425	0.0395744865	-0.0177564744	0.162516951	0.1185835967	0.0450400535	0.0387159735	0.0546827282	-0.2010057855	0.0797695832	-0.0168578271	0.1256693094	0.1779869413	0.0500300091	-0.1371877368	-0.1138283352	-0.077436503	-0.0574705058	0.025541576	-0.1317871241	0.0340852042	0.0356941418	-0.0009966664	-0.0407611594	-0.1511658399	-0.0824950163	0.141551155	0.0665826277	0.0139143885	0.0391883205	-0.0208435052	-0.0192277764	0.0793976816	-0.0024838272	-0.0760217891	0.0726233991	-0.0312348723	0.0699494975	-0.0523090036	-0.0227675101	-0.0510446876	-0.0343243661	-0.1056555127	-0.0556024394	0.0422834691	0.0234554672	-0.254272523	0.15154679	-0.1323289282	0.0221249295	0.0794933962	-0.0777936478	0.0670655968	0.0517376716	0.1489176755	-0.0279315796	-0.08697421	-0.0152178534	-0.0171487046	-0.1365183939	0.0735130047	0.1615641563	-0.0805674877	0.0257980656	0.0079802241	-0.1566739892	0.1352655062	0.0870550985	-0.0645454458	0.0454165476	0.1189243003	0.152845538	-0.059781163	0.0313512916	-0.0873529932	-0.0180603542	-0.1120831217	0.0100571911	-0.1028012879	-0.0373320667	0.0705032219	0.0081967642	-0.2723300769	-0.1615738192	-0.0311271978	0.0569336925	-0.0415096151	0.0318688625	0.0516625823	-0.0268313909	0.0804881912	0.0649556955	-0.0274407734	0.0056870977	0.0545406684	0.0292011411	0.1254215709	0.0646623269	0.0667838298	-0.038037882	-0.0081834201	0.1253092244	0.1040508523	0.0984369706	0.1211848394	0.0332296849	-0.1618149687	-0.0586906662	0.0205311983	-0.1747694369	-0.0430183923	-0.2034565213	-0.1502780527	-0.0495548745	-0.0126572225	-0.1522603999	0.0040796663	-0.0298136956	0.0173984757	-0.0396013166	0.0884674428	0.132255409	0.1017430205	0.0520857934	0.1785136489	0.0570061248	0.0018919043	0.031758063	-0.1122327512	-0.0684517178	-0.0945078736	-0.0765800657	-0.0739014901	-0.0692195026	-0.14053664	-0.0579749885	0.1931279162	0.1215671803	0.1156517916	0.1060050963	0.0	0.0201744	-0.0028253	7.982320090000017e-06	0.0004070064153599	0.0738935	0.0408423	0.00546024934225	0.00166809346929	0.123695	0.0150259999999999	0.0002257806759999	0.015300453025	0.000821505	0.000146464	6.748704650250001e-07	2.1451703296000005e-08	0.00025946	6.845499999999998e-05	6.73194916e-08	4.686087024999997e-09	0.000965142	0.0001949709999999	9.31499080164e-07	3.801369084099998e-08
9916.551978247891	-2.04510309444413	4.182446666904956	98338003.13729216	9969.834474340803	-27.38061727322747	749.6982022629626	99397599.44575436	7100.9583743859575	-2.2097859392924875	50423609.83476206	4.883153897494781	7454.894500478777	10534.153545518291	1.045483	42.604431	0.02433945	0.0140255	-0.0546382152	0.027697867	0.0899334883	-0.0278896932	-0.1363314748	-0.0873412658	0.0226276352	0.1304213604	0.0461167615	0.0425669686	-0.0150340543	0.0560992894	0.1376902286	-0.1308693954	-0.1235723923	-0.048749436	0.096166932	0.0586408229	-0.0914213255	-0.003646964	-0.2184273933	0.0359190579	-0.1671738867	-0.0404985893	0.0438947575	0.0160766676	-0.0982631189	0.0679691502	0.0737287533	0.0347395686	-0.0975285449	-0.037483606	0.0023801407	-0.09302448	-0.0300901667	0.0794309132	0.1081060262	-0.0716055704	-0.0035024008	0.0230557727	-0.0714005815	0.1002125417	-0.0245553132	0.1847148505	-0.1722703518	0.019699079	-0.0055580661	0.1533232468	-0.009606888	0.0617272861	-0.1490550354	0.2176664291	0.0696372771	-0.0946069936	-0.0322760067	0.0312502847	0.0669673186	-0.0643758884	0.1950406117	-0.0241771016	0.0349677942	-0.0412203664	-0.0312471683	-0.1619917956	-0.0498361966	-0.1850398356	-0.0248097691	-0.0389125801	-0.0532369858	-0.2646316559	-0.0252028797	0.0347253813	-0.0042391513	0.0430910328	0.0719719715	-0.1124386506	-0.0577030419	-0.048549081	0.1690660073	0.0584594504	-0.0739960108	0.0651060416	0.1692306677	0.0652605252	-0.0086854867	-0.0187670536	0.1291969769	0.017707041	-0.0023220745	0.0238366201	-0.1090313899	-0.0870142128	-0.055422368	-0.0507968407	-0.1675780391	-0.0633572324	0.003522792	0.0241211031	0.0170164421	0.0875876722	0.039436242	-0.1106021666	-0.04820253	0.0453453011	-0.0254542539	-0.2704906419	0.1737091594	-0.0725142723	0.1344346727	0.0856185877	-0.0265070403	0.0270244977	-0.0296936178	0.033396273	0.0391291746	0.0794638332	0.0131505453	0.0854631192	-0.060386279	0.0612469114	-0.216883399	-0.0015686885	0.091038911	-0.1138449971	0.2192865734	0.2767484283	0.0555998567	0.0671391602	-0.1209308194	0.009847678	-0.0601497062	0.1073194267	0.0988311127	0.0061375628	0.0299064311	-0.0716804705	0.0342953363	-0.1291851848	0.00476381	-0.1064074255	0.0046249411	0.0078696901	-0.0733384337	0.1188853045	0.0086498996	-0.1110669202	0.0777403538	0.0044513062	-0.0492586558	-0.0726069943	-0.0107189584	-0.0056808542	0.1063772153	-0.0534218468	0.0567133681	0.0110682801	-0.0391029953	0.0432337922	0.0498021021	-0.0926298828	0.2366533705	-0.0444305282	-0.1595399986	-0.0552281014	0.1018712203	0.0062290108	0.004278943	-0.0552375629	-0.0423143309	-0.0115421168	-0.1193781378	0.1468458093	-0.0503449017	0.0615276652	0.1132882253	0.1210021801	0.1134334155	0.1011675308	0.0	0.0181934	-0.001981	3.924361000000001e-06	0.0003309998035599	0.0617654	-0.0121281	0.00381496463716	0.00014709080961	0.119831	-0.003864	1.4930496000000049e-05	0.0143594685609999	0.000923559	0.0001020539999999	8.52961226481e-07	1.0415018915999993e-08	0.000257493	-1.9669999999999627e-06	6.630264504900001e-08	3.869088999999853e-12	0.000941836	-2.330599999999996e-05	8.870550508960001e-07	5.43169635999998e-10
9933.578891781272	17.02691353338014	289.9157844732037	98675989.59924243	10012.84917755779	43.01470321698616	1850.2646928454	100257148.6525197	7090.443254903377	-10.515119482580303	50274385.5510048	110.56773773293986	7453.861487529179	10610.232961687758	1.076546	43.870296	0.03438785	0.0201159	0.0450983703	0.0028607829	0.0193184546	-0.0238548835	0.0592896057	0.2320731504	0.1392794201	-0.0331380006	-0.0539895107	-0.0058898646	0.0137866065	0.1566960309	-0.0704141094	0.0159628759	0.1570591422	-0.1370421677	-0.0363549452	0.0224736985	-0.0283513386	0.1364923658	-0.1514571853	0.1267215182	-0.0437508416	0.062691917	0.0242071176	-0.0263744222	-0.1278633208	0.1260011001	-0.0063287678	0.0737744169	-0.1020345976	-0.1031240389	-0.1360488786	-0.1191312791	0.0146508799	-0.084765381	-0.3097818228	-0.0471295902	0.0206592757	0.0599809136	-0.0732266412	0.0404106398	-0.1217124838	0.0032838559	0.0585108508	-0.0518970461	0.203160147	-0.0612937975	-0.0836289839	0.0286728011	0.1119812589	0.093852507	0.1427819369	0.0056901685	0.1284402958	-0.034517505	0.0073083909	0.2950922686	0.1564394901	0.0817687738	0.1057153468	-0.0244616308	0.0052371128	0.0399665971	0.2093810243	0.0242346379	-0.0193902649	0.0164802931	0.2114836501	-0.0157745556	-0.0344985333	0.0500902074	-0.0625865296	0.0982608552	0.1385313242	-0.0232272327	-0.1821136954	0.0364351724	-0.0350540393	-0.1653284324	-0.0334378536	-0.0270097484	-0.0792592808	0.1571375718	-0.0547616292	0.1454965325	-0.0652704034	-0.0612416111	-0.0835166967	-0.0400688873	-0.0600927828	-0.0905267155	0.0170821355	-0.0012315985	0.0107586876	0.0496670942	0.064573176	-0.0229088804	-0.1250587751	-0.1385987404	0.0478678983	0.0009822128	0.1798865182	-0.0790533741	-0.098889663	-0.0744594551	-0.0246032318	-0.0936658876	0.1126734902	0.1590623165	-0.1617826012	0.1049507047	-0.0627164223	-0.0190559567	0.1738510065	-0.1718497032	0.0335349322	0.1066327783	-0.0162613532	0.0501039628	0.1112978817	0.0298189025	-0.0298520474	-0.0107538263	-0.0458480043	0.1201669523	-0.1272711524	-0.076156889	0.3098462515	0.0090284734	-0.0291379936	0.1155801774	-0.0447733501	-0.0240373229	0.1081305503	0.1093357114	-0.0329627745	-0.1087217605	-0.1345684551	0.0593186008	0.1729288987	0.0224722839	0.1522326034	-0.0314069839	0.0457465369	-0.0383610393	0.0961675906	0.104642229	-0.0311929613	0.0075687483	0.1603955283	0.026072131	-0.002445151	-0.0870350597	-0.0379891606	0.0227275748	0.0670068332	-0.0422800497	0.0937969287	-0.1727732006	-0.1084231002	-0.1332274141	0.0276401566	0.1754947392	0.020555056	0.0898984123	-0.0137380071	-0.0968050252	-0.1147633364	0.0249369498	0.0166945208	0.0484421652	-0.1365703361	0.1595139937	-0.0125184515	0.1203675927	0.1109541389	0.0958065414	0.0	0.0222984	0.004105	1.6851025000000007e-05	0.00049721864256	0.0441861	-0.0175793	0.0019524114332099	0.00030903178849	0.119974	0.000143	2.044900000000121e-08	0.014393760676	0.00101575	9.219099999999992e-05	1.0317480624999998e-06	8.499180480999987e-09	0.000310137	5.2643999999999966e-05	9.618495876900001e-08	2.771390735999996e-09	0.00083546	-0.000106376	6.979934116e-07	1.1315853376000008e-08
9936.085013035145	2.506121253873061	6.280643739114286	98725785.3862616	9973.20297059714	-39.64620696064958	1571.821726366659	99464777.49272762	7090.0644576729765	-0.378797230400778	50269014.0139576	0.1434873417593001	7440.638898266949	10691.949813325087	1.13437	46.226688	0.0838592499999999	0.052302	-0.0549465236	-0.010216686	-0.0453881263	0.1177447301	0.1890903833	-0.2474417574	0.1074925551	-0.0341002143	0.046712236	-0.0163392339	0.0571503854	0.0221896916	0.1100878398	0.1724329442	-0.200592208	0.051551045	-0.1874035319	-0.0298709085	0.0381940245	0.042799814	-0.1785702052	0.0675917137	-0.0643161532	-0.110865146	-0.0253090053	0.0119765626	-0.0900170266	-0.079252967	-0.0033590902	0.1094971386	0.0266601133	0.1917243247	-0.0068997768	0.0283621085	-0.1526662308	0.165898588	0.0966664884	0.0133163836	0.1211314108	0.0047296004	-0.0015051263	-0.0767976968	0.0192102404	-0.0495702061	0.0081203318	0.135006533	-0.0867121509	0.0726342354	0.050239788	0.1801305145	0.2567262005	-0.1859448324	-0.1012767792	0.1504382865	-0.0757195891	0.1366833467	-0.1370161248	0.0986667801	-0.1407913731	0.1564586891	-0.0593977378	0.0021224126	0.1250215669	-0.0506282006	-0.0974309714	-0.0030839009	0.0687609864	-0.0697228237	0.1638273886	0.05426565	0.0689419205	0.0681507804	0.0704141332	0.1142301686	0.1058739165	-0.001171429	0.0354217325	0.0522694488	0.1262684151	-0.0314328492	-0.0504787314	0.0536562107	0.1140948514	0.0345620439	0.1688694973	-0.0790046148	0.0291514632	-0.0109386916	0.0458165165	0.0074152941	0.0776913329	0.0571213054	0.0505381717	0.0700530602	0.0354023186	-0.2034047062	0.0014334436	0.0148319842	-0.0711086951	0.1661256813	-0.1857192223	0.0278141599	-0.1463575548	0.0213417652	0.187886655	0.042263051	-0.2142573609	-0.1036333573	-0.0933894318	-0.0251240693	-0.1130442446	-0.0402481865	0.1801355042	-0.0444744275	0.014778192	-0.0928223667	0.0090376955	0.1350208174	0.1015750259	-0.0147354531	-0.0588200161	0.069873341	-0.1442814669	-0.1304046007	0.0078511284	-0.0260602849	0.02177016	-0.144990148	0.0004306151	0.1501391451	0.1193172763	0.0483684328	-0.0172294225	-0.0407453027	-0.0661231324	-0.0842205317	-0.0812411515	0.185872338	-0.0239892919	-0.0800003619	-0.1112555401	-0.0047487794	0.0457133213	0.0664151274	0.1897703684	0.1454400483	-0.0023504162	0.0118304822	-0.0114710861	0.1073378789	-0.0304017215	-0.0400623027	-0.0125295514	-0.0251237437	0.0462956427	-0.0454277228	0.1532079587	-0.1137541357	0.2221664097	0.0578758348	0.1457943798	0.1444629785	0.1098247476	0.1218981568	0.1067391071	-0.0125587045	-0.1708405692	-0.0430671378	-0.0272993238	-0.0316879131	-0.0645082171	-0.1971880772	-0.0467471159	-0.1931216555	0.1082462103	0.119663783	0.1082196643	0.0899498651	0.0	0.0266127	0.0043143	1.861318449e-05	0.0007082358012899	0.0911077	0.0469216	0.00830061299929	0.00220163654656	0.125849	0.0058749999999999	3.45156249999999e-05	0.015837970801	0.000716607	-0.000299143	5.135255924489999e-07	8.948653444899999e-08	0.000316931	6.794000000000017e-06	1.00445258761e-07	4.615843600000023e-11	0.00106449	0.0002290299999999	1.1331389601e-06	5.2454740899999994e-08
9950.858228639	14.773215603854624	218.24789927797372	99019579.48647249	9998.266555657889	25.063585060748665	628.1832960973836	99965334.11798708	7097.984628104751	7.92017043177475	50381385.78081134	62.72909966835903	7448.445735360296	10719.387270387277	1.15063	46.889278	0.0691471499999999	0.0403284	0.0125224944	0.0124074751	-0.0584847558	0.0257046577	-0.2386793519	0.0450327154	0.0575778677	0.0798829555	-0.0134592836	0.0075632406	0.0542789273	0.0235428281	0.0412919686	-0.2502166033	-0.1089668944	-0.0822694209	0.1059320309	0.0328046858	-0.0900641426	0.0691317506	-0.2405725927	-0.0133722157	-0.1122451096	-0.1330327912	0.0173053121	0.0309045986	-0.1399041125	0.072304455	0.1130492569	0.0674099686	0.0414751322	-0.0835590183	-0.0373872162	-0.0422144286	-0.0443954877	0.0534104746	0.0117684632	-0.0922293247	-0.0915726193	0.0954850536	0.0484153803	-0.0614805587	-0.0418066998	0.0480104681	0.1013349294	0.1362126592	0.0067906503	0.1274078664	0.0131074617	0.0142654071	0.089033669	0.070654753	-0.0976747168	-0.0556341261	0.0958759186	0.0753956808	0.1445229935	0.1857331076	-0.0768527101	-0.0019253586	-0.077280594	0.1520442317	-0.1020513204	0.0679296796	-0.1105799518	-0.1789403461	-0.0791722965	-0.0010409341	0.006240525	0.0010365772	-0.0817423612	0.007186283	0.0492842152	-0.0613192141	-0.2204686014	-0.1021149035	0.1188556179	0.035149399	0.0708298362	-0.0220670136	-0.1021723742	-0.033448882	0.0155374226	-0.1859619412	-0.1553035572	-0.0649684437	0.1372744891	-0.1930998648	-0.0168019647	-0.1700693997	-0.0324242551	-0.0131420057	0.0346583847	-0.1087035603	-0.0687483958	-0.0633319821	-0.0103908545	-0.0178508307	-0.051461489	0.0381337933	0.097478141	-0.1775683485	-0.1719859965	0.0401913349	-0.1086797732	-0.1176176001	-0.0226422681	-0.0319220573	0.1287796773	0.0731890992	0.0620103406	-0.0432166469	0.1022573533	0.0198897719	0.003804647	0.1857968663	0.1407444226	0.0694444709	0.0087507602	-0.006499251	-0.1006644342	0.0354699661	-0.1777746761	0.0411932302	-0.1996996455	0.0763554075	-0.0871024487	-0.098138961	-0.0476389286	-0.1370073181	-0.0464810777	0.0817194615	-0.2038106736	-0.000645923	0.0612757489	-0.1671541501	0.1018863027	0.0906874703	0.1059364464	0.1105258529	-0.0157470362	-0.1190627289	0.0291235926	-0.0502130542	0.1532425771	-0.178764658	-0.0612233819	-0.1192462686	-0.0890868763	0.1757694876	-0.0284982938	-0.0209403691	0.0602565438	0.0199644891	0.0446421332	0.0996675611	-0.108964296	0.0062820806	0.050071843	-0.1525040573	0.1708442443	-0.0966833183	-0.2668343641	0.1198599093	0.0813984432	0.0013488869	0.0439457735	0.0413161335	-0.1520133309	0.0312289991	-0.0872102468	0.2075302648	0.006020475	0.0790528609	0.1104889968	0.1188911558	0.1052362809	0.0836278032	0.0	0.0216652	-0.0049475	2.4477756250000003e-05	0.0004693808910399	0.0537883	-0.0373194	0.0028931812168899	0.00139273761636	0.117311	-0.0085379999999999	7.289744399999983e-05	0.013761870721	0.000954148	0.000237541	9.10398405904e-07	5.6425726681000034e-08	0.000238857	-7.8074e-05	5.7052666449e-08	6.095549476e-09	0.00111572	5.122999999999998e-05	1.2448311183999998e-06	2.624512899999998e-09
9953.424602216364	2.566373577365084	6.58627333859766	99070661.312006	10009.489091917729	11.222536259840126	125.9453201034264	100189871.88122	7096.922779849487	-1.061848255264522	50366312.94314656	1.1275217172083092	7451.40896698592	10713.283731841344	1.122834	45.756554	0.0445334	0.0220713	-0.0184639178	-0.0011344629	-0.0847601981	0.1296337464	0.2614380574	0.1197421826	0.0072736644	-0.053436162	0.0002724935	0.0033080208	0.061446676	0.0645982529	-0.1322342764	0.1982431933	-0.0072440795	-0.1398671034	-0.0584528774	0.0207904418	-0.00744902	0.0960218653	-0.1138086452	0.1044320511	-0.0071209907	-0.0703898567	0.0141021734	-0.1207692146	-0.0278981748	0.0862823342	0.0666231676	0.0349597873	-0.0100513689	-0.0047311153	-0.0487825432	-0.0728295471	-0.0117107321	-0.0005703032	0.1634672061	-0.0065702106	-0.0074192648	-0.0638538129	0.0797162937	0.0066866303	-0.0077487412	-0.0828818623	-0.0425685406	-0.1342918249	0.0437964313	-0.0969158965	0.0547329136	-0.225350786	0.1556709829	-0.2938898193	0.1293422177	0.0188863243	0.024210615	0.0937783853	-0.0762026489	0.0137850261	-0.0014040928	-0.0152184293	0.1137407747	-0.0759595671	-0.1853066016	-0.0839519046	-0.0151882206	-0.0133923979	0.0581482546	-0.0589553505	-0.0111785857	-0.1166571285	0.0543113754	-0.0499114157	0.1236878337	0.0594300279	-0.0486201369	-0.1238420408	0.0092315417	-0.0308993208	0.0828191028	0.0101120048	0.1274170375	0.0424098173	-0.1042499118	-0.1226782782	-0.1358329648	0.1036316103	0.0327249588	0.019121348	0.0608756733	-0.0274056127	0.0987875892	-0.1399151102	-0.1765754398	-0.1218126112	0.0246418197	-0.0258382814	0.049674772	0.0204325111	-0.0615548436	-0.0732388835	-0.171756832	0.0344855496	0.1741617305	-0.047831103	-0.020733634	0.1508737276	0.0002158587	-0.0883166143	-0.0688568307	0.0143436747	0.1411044327	0.0868214064	0.1783007586	-0.1573257961	0.0892972321	0.0770840277	0.1135431469	0.1446851802	-0.1064327767	0.0357091839	0.01386679	-0.1822223627	0.0781968827	-0.0540774522	-0.0679087686	0.102443764	-0.1248935474	-0.0170224763	-0.0011192662	0.0502926513	0.0921196016	-0.0965805405	0.0199158993	0.1161592011	-0.0636107472	-0.1088439956	-0.0208701353	-0.0412144621	-0.0271438277	-0.0004502694	-0.0874277664	-0.1476842604	-0.0581360762	-0.1823631688	-0.1126606628	-0.0409691097	-0.1641748316	-0.1115143463	-0.0678423731	0.0398685294	-0.0533317442	0.0595155156	-0.0370128818	0.0148525104	-0.0745825285	0.0044021139	0.1777106163	-0.0596703087	0.2191595934	-0.0410530737	-0.1815227266	0.0362157157	-0.06891603	0.1826301283	0.1157733973	0.055090596	-0.0090810492	-0.0712147781	-0.0303916348	-0.0144008558	-0.0703429612	-0.1239689587	0.0241733995	0.1146575806	-0.1295029149	0.1180501554	0.1020108508	0.0768730652	0.0	0.0282141	0.0065489	4.288809121e-05	0.0007960354388099	0.0464988	-0.0072894999999999	0.00216213840144	5.313681024999996e-05	0.112463	-0.004848	2.350310400000005e-05	0.012647926369	0.00132197	0.0003678219999999	1.7476046809e-06	1.3529302368399996e-07	0.000193709	-4.514800000000001e-05	3.7523176681e-08	2.0383419040000006e-09	0.00121969	0.00010397	1.4876436961e-06	1.0809760900000022e-08
9942.533568471415	-10.8910337449488	118.61461603361349	98853973.76018094	9990.78234113818	-18.70675077954911	349.9425247281613	99815731.78799848	7102.374678972215	5.451899122728719	50443726.08050568	29.72320404441017	7454.967110006864	10760.317990756796	1.075721	43.836658	0.0878104	0.0526603	0.0041749189	0.0020816054	-0.064803881	0.0781338501	-0.1408957359	-0.1400559857	-0.0494626301	-0.0512840238	0.0141415608	-0.0081315038	-0.0105321005	-0.1456920661	0.0536914181	-0.0630182182	-0.1210377499	-0.0500208712	-0.0122467037	-0.0405075782	-0.1592705343	0.083780567	-0.1395357188	0.0975701812	0.0483954228	-0.1256164972	0.0286134916	-0.0061236929	-0.0143184524	0.0743083745	-0.071636692	-0.1663194352	-0.0750227773	-0.0855708369	-0.0128389305	0.0441840253	0.1112407118	-0.228053201	0.091835161	-0.0040302821	-0.0419013399	0.057602613	0.00490668	0.0083387985	0.1488481985	-0.0444437049	-0.0476478154	0.162609874	-0.1625635978	-0.0035929923	0.0066977238	-0.0636219625	-0.0611398558	-0.1318442171	0.0292329643	0.0195660969	0.0438691346	-0.0787646597	0.0168802715	-0.0394730893	0.1825155487	-0.0851735907	0.0607037007	0.1561504912	-0.0462783251	0.0832489463	-0.057906584	0.1261127615	-0.1114885632	0.1060769866	0.0752364127	-0.0624038988	0.0934421257	-0.033312613	0.1048967536	0.0826369176	-0.1449826718	0.1330798777	0.0762554094	-0.0218108859	-0.0656017169	0.0049857838	-0.0223236395	0.1388266531	-0.0268720571	-0.1044294249	-0.0982147504	0.0308120347	0.1386627354	-0.0146121016	-0.1464087412	0.0349830687	0.0970049458	0.1179469839	-0.0568709238	-0.0074904317	0.0950278317	0.0035160775	-0.076382222	-0.0421647254	0.0835308854	0.0596991424	-0.0467521966	-0.1404824717	-0.0765602767	0.0881974915	0.09621648	0.0137976153	0.1233282313	0.1560816667	-0.0461724197	0.0232249913	0.1121596428	-0.0924628587	0.1635627735	0.088239237	0.0021115797	0.077876979	0.0262808234	-0.1217875938	0.0377209584	0.1104994111	0.107989299	-0.0039403137	0.0537384555	-0.015340197	-0.1314898845	0.0375658755	0.0143100915	-0.0797942798	0.1481497174	-0.0357845747	0.0024255433	-0.0738281968	0.2430326871	-0.0500010442	0.1066066177	0.0775134667	0.0935954297	-0.2052363695	0.088359949	0.0264283912	0.0797799935	0.0210293536	-0.0284506229	0.0275164705	0.0052694079	0.0768335023	-0.0018540935	-0.0590868775	0.227773676	0.1874539942	0.1261896834	-0.0559800037	-0.0395572375	0.0174960826	0.0963274967	0.0438871004	-0.0018321973	-0.0785742753	0.0642389153	-0.1399174517	0.1580989329	0.0980435726	-0.1763839694	0.0259395884	0.0782884578	0.2073305683	-0.0176665287	-0.0231281982	-0.0296629781	-0.01106525	0.0453227934	0.0996923178	-0.0722933781	-0.1537400717	-0.1618604917	0.1171412655	0.0985507924	0.0697205988	0.0	0.0255406	-0.0026734999999999	7.1476022499999935e-06	0.00065232224836	0.094766	0.0482672	0.008980594756	0.00232972259584	0.127692	0.015229	0.000231922441	0.016305246864	0.00108398	-0.00023799	1.1750126404e-06	5.66392401e-08	0.000386433	0.000192724	1.49330463489e-07	3.7142540176e-08	0.00121759	-2.1000000000001053e-06	1.4825254081e-06	4.410000000000442e-12
9923.634030584382	-18.899537887033148	357.1925323434014	98478512.37297244	9967.958760688109	-22.82358045007095	520.9158245608609	99360201.8547788	7096.856528494322	-5.518150477892959	50365372.58603249	30.449984696670292	7450.1489524171075	10680.686423821991	1.072315	43.69788	0.07681085	0.0452435	-0.0014086698	0.0100614918	0.0101215433	0.0281473272	0.124230687	0.2100630523	-0.0291430464	-0.1479206518	0.0295838673	0.0545846949	-0.0902563016	0.0124781232	-0.1639609263	0.0974548313	0.0845908796	-0.0672326712	-0.0496763478	0.008807772	-0.0182044729	0.1980442262	-0.0651760873	-0.0171791398	-0.0280692793	-0.1004664527	0.0897769964	-0.0298672393	-0.0220301786	0.0114233651	-0.0413610436	0.016159146	0.0607895543	0.1113243408	-0.0931789405	-0.0483106526	0.067560837	-0.1413196363	-0.1162133893	-0.0775011046	0.1844510465	-0.0511989754	0.0719916502	0.0680210334	0.0684190802	-0.1827389286	-0.0470192789	-0.0666794012	0.0055144722	-0.3450192169	-0.046660461	-0.1365080721	-0.1142615392	-0.0327196382	0.0069061789	-0.0644606392	-0.2259572574	0.2058318284	0.0158529879	0.156888779	0.0599048122	0.0451496882	-0.0846466481	0.094226624	-0.0401993398	0.0317111476	-0.1345295061	0.1155615034	-0.0470879146	0.1722763907	0.0248534907	-0.0934563349	-0.0277722532	0.1228981275	-0.0017170876	0.0393696771	-0.0029214655	0.0773460682	-0.1580252633	0.1336939586	0.0690013893	0.0105675322	0.132307	-0.0122241776	-0.0596745594	0.012176986	-0.0780834105	-0.0769173828	0.0307866577	0.0049709075	-0.0693776014	0.0569806953	0.0141159888	-0.0021829716	0.1599119691	0.1488184993	-0.0235162851	0.0133726753	0.0119837261	0.0339375923	0.0348201642	-0.1601775181	-0.1059940893	0.0611182809	0.173412091	0.0612985715	0.0152616089	0.2863524057	0.0910297367	0.0836680197	0.1740005821	-0.1096940481	0.0418827607	-0.110790329	0.1332847098	0.2029088026	0.2760931723	0.0124109316	-0.0125594232	-0.0077081373	-0.1076256578	0.0079450861	-0.0580412502	0.0755439112	-0.0907084275	-0.0001574655	0.0041138088	0.008863881	-0.0048290758	-0.0788921218	0.0314610795	-0.0871543811	-0.1420925084	-0.0465634664	0.0380021432	0.0672295639	0.0453324722	0.1822434055	0.004082258	0.0949800332	-0.1249059533	-0.080790191	-0.0681205377	-0.0610823761	-0.048759892	0.0337337668	0.1537700227	0.0735322979	0.0781473873	0.0073942484	0.1188928329	-0.1336401492	-0.0314891456	0.0589562832	0.0176406757	0.0314750754	-0.071406079	0.0586127754	0.0944294225	-0.0709172546	0.1201459894	-0.0647221656	-0.201909539	-0.0788884315	-0.0492075542	0.1095155331	0.143259499	0.0488431326	0.0060444792	-0.005710146	-0.0394064479	0.0993148505	0.0385547854	0.0110337805	-0.1422894377	0.2224382986	0.0520919526	0.1161650086	0.094864064	0.0622074098	0.0	0.0280854	0.0025448	6.476007039999999e-06	0.00078878969316	0.0556415	-0.0391245	0.00309597652225	0.00153072650025	0.120613	-0.007079	5.011224100000003e-05	0.014547495769	0.00150151	0.0004175299999999	2.2545322801e-06	1.7433130089999999e-07	0.000268782	-0.0001176509999999	7.224376352400001e-08	1.3841757800999997e-08	0.00124366	2.607e-05	1.5466901956e-06	6.796449e-10
9915.877343368526	-7.7566872158568	60.16619656463632	98324623.48872924	10002.414367015002	34.45560632689376	1187.1888073538812	100048293.16946812	7080.235123521051	-16.621404973271638	50129729.40434115	276.2711032854991	7445.10840587345	10634.411072148014	1.067317	43.494186	0.06690825	0.0394478	0.0141687282	0.0104264064	0.0292392805	0.0072577375	-0.0227474068	-0.2215576259	0.073429245	-0.1037308848	-0.0194959012	0.0257034687	-0.0748355705	-0.0409392852	0.1182827168	0.032611554	-0.1259843918	0.0998320516	-0.0506339597	0.0053105471	-0.1830249515	0.102850092	0.0516615913	0.0723411229	0.0806821213	-0.0039256746	0.0430325805	-0.0245967082	0.0535832619	0.1120901616	-0.1784574047	-0.0521269502	0.0388928094	-0.0199855747	-0.0583322266	0.0847852269	-0.1111955295	-0.208458447	0.1457561236	0.0472546776	-0.1241797558	-0.1291791747	-0.0787603661	-0.0266158017	-0.0413937881	-0.0682606739	0.0898684055	0.1320934359	-0.0239986174	0.1388318056	-0.0710879853	-0.0768848613	-0.1430493681	-0.0863401266	0.1003833278	0.1620211677	-0.0478229055	-0.047496236	0.0732466758	0.0165118956	-0.0157488563	-0.1112288497	0.1443544165	0.0882213812	0.0280234504	0.1701788236	0.1298257598	-0.0641210911	0.0274006252	0.0293821235	0.0301812976	0.1792190993	0.0787363659	0.0263842056	-0.0869369206	-0.0036997571	0.0360868621	-0.0584138085	-0.027905608	0.2388841897	0.0348177072	0.1526855951	-0.0079976509	0.1469038737	0.0839262813	-0.054119488	0.0238516611	0.166788443	0.0946560837	0.0665712709	0.0555861683	0.0466116099	0.008277222	0.1263266544	-0.0018874362	0.0908715954	0.0275050411	0.0435591937	0.0411298625	-0.0210772703	0.0510909718	0.0927228385	0.0948006211	0.0550765379	-0.1086174253	0.1165326519	0.0898799003	0.0622881226	0.0376412994	0.0830657404	-0.1700966322	0.014957882	0.1789932133	0.0978046933	0.1232520185	0.0685942992	-0.0172540555	-0.0073670341	0.1510414281	-0.1064810537	-0.0458409309	-0.055201642	0.1552903768	0.1841520291	0.0461789639	0.0199755047	0.026948501	-0.0020275489	-0.0771571955	-0.0699454116	0.1622490312	-0.0975503715	0.0613532322	0.2000508061	0.0809475619	-0.0758685827	-0.0131092128	-0.1873571014	-0.0969454547	-0.1271703072	-0.043041995	0.054633558	0.0180708115	-0.016399912	0.0229602528	0.0121167261	0.0150238261	0.040608541	0.0310429803	0.020529723	-0.0494158088	-0.1488204274	-0.1072800529	-0.0368607818	-0.0527164837	0.0002269199	0.0528966758	0.0379575068	0.0674536189	-0.1376817232	0.0660513681	-0.1445298256	0.1673614121	0.1241394976	0.0111142176	-0.0779321054	0.0122627248	0.1469820233	-0.0157296122	0.0052569301	0.1363097302	0.0628169763	0.1889488379	0.0213586582	0.0801389733	-0.0521437182	-0.0322650304	0.1151219464	0.0909591452	0.0543723701	0.0	0.0268078	-0.0012776	1.6322617600000006e-06	0.00071865814084	0.090435	0.0347935	0.008178489225	0.0012105876422499	0.135779	0.015166	0.000230007556	0.018435936841	0.00132331	-0.0001781999999999	1.7511493561000002e-06	3.175523999999996e-08	0.000343965	7.518299999999999e-05	1.1831192122500001e-07	5.6524834889999986e-09	0.0013037	6.004000000000014e-05	1.6996336900000002e-06	3.6048016000000156e-09
9932.655922249383	16.778578880857822	281.5207092611681	98657653.66979577	10005.05196786212	2.637600847117937	6.956938228717261	100101064.87962168	7090.244816065349	10.00969254429856	50271571.55174156	100.19394483138616	7451.53038016073	10653.151989642976	1.093508	44.561523	0.0225145	0.00956214	-0.0074046778	0.0146504876	0.0079627078	-0.0657180865	-0.0950319352	0.2144294512	0.1317964394	0.026309976	-0.0196232775	0.0068317116	-0.0176153998	0.1500057276	-0.0281916146	-0.1321103075	0.1635978287	-0.028777561	0.0298573616	-0.0515910897	0.0314840342	0.1209255937	-0.0374345846	0.0004199395	0.0134224805	-0.0300738912	-0.1133654817	-0.0252728381	0.0409221499	-0.1017665893	-0.0523826869	-0.0716097269	-0.0089854849	0.0087279083	0.1331603586	0.074346914	-0.0453342542	-0.1632459947	-0.0824938087	-0.0452974008	-0.044988427	0.0766651004	-0.0012605626	-0.1122886067	-0.0300153902	-0.0054587133	0.1848021217	0.070511335	0.0356724671	-0.1918200607	0.0658830772	0.1148191986	-0.0736545842	0.0676456716	0.1059570668	0.1573829958	0.0103387436	0.0103704607	-0.0277498296	0.0222614434	-0.0163468208	0.0175373727	-0.1058433987	-0.0167745236	-0.0567762779	0.0856016882	-0.1093852837	-0.0448080195	0.0176364389	0.0167250609	-0.0781570425	0.158809608	-0.0268820918	0.0184683453	-0.0625893362	-0.0239631978	0.2440662597	-0.1005239948	0.308117626	-0.0703962301	0.0858992184	-0.0838007524	-0.1191847155	-0.0656586737	-0.031231545	0.0514081513	-0.2044294457	-0.0222387754	-0.1281845237	0.0877737876	0.0525787726	0.1079066021	-0.0391560045	-0.0174917685	0.1105169871	-0.0121227029	-0.0861188525	0.0108151252	0.0216207174	-0.01566359	-0.1290670537	-0.1551391256	0.1405454643	-0.0213623721	0.0043413342	-0.07438509	0.0282320916	0.0883970158	-0.0001968745	0.1373929736	-0.0392579409	-0.1617146614	-0.0990546886	0.1059157092	-0.0262852482	0.0137345037	-0.0005543999	-0.0279649751	-0.035307955	0.015002732	0.035332083	0.0639211118	0.0504961632	0.0223285156	-0.2076441071	0.1102694953	0.0148217257	0.1957930732	0.1255372344	0.0966148019	0.0457066186	0.0368553442	0.1108558182	0.0953893567	-0.1991580234	0.0092593304	-0.1343159726	-0.0581665334	0.0911900857	0.1232760979	0.1133886098	-0.0779674165	0.0399398179	0.1342592857	0.1373733441	0.0866349793	-0.0872289609	0.0883955152	-0.0896464533	-0.0448611054	-0.0984482725	-0.1426094767	-0.0028974279	-0.0282671438	0.0460687943	0.0733751594	0.0351379751	0.1276251304	-0.0255463223	-0.0174377034	-0.0235427643	-0.0701437119	0.0276873626	-0.2970671416	0.0434959327	0.1524054852	0.029925077	-0.0349022048	0.031015475	0.1408229257	0.1084549536	0.0522845967	-0.0077533611	0.0605808353	0.0219072461	0.0679828441	-0.0547685077	0.1140126786	0.0868450175	0.0462560168	0.0	0.0316951	0.0048872999999999	2.388570128999997e-05	0.00100457936401	0.0843926	-0.0060424	0.0071221109347599	3.651059776000004e-05	0.131549	-0.00423	1.7892900000000098e-05	0.017305139401	0.00137663	5.331999999999993e-05	1.8951101569e-06	2.843022399999992e-09	0.000302399	-4.156599999999999e-05	9.144515520100001e-08	1.727732355999999e-09	0.00135591	5.221000000000002e-05	1.8384919281000005e-06	2.7258841000000022e-09
9960.505510995386	27.849588746003064	775.5995933215005	99211670.03456946	10045.427892466489	40.375924604368265	1630.2152876576306	100910621.54274371	7098.825936055853	8.581119990503794	50393329.67041926	73.63562029142383	7458.280847469773	10732.770305973558	1.091251	44.469547	0.0525249	0.0242417	0.0042322158	-0.0665121975	-0.1083761202	0.0839066476	0.1474653844	-0.0631549078	0.1083141669	0.1198350692	-0.022926461	-0.0731679126	0.1345844394	0.1038169872	-0.0324305051	0.1353207936	-0.1239245103	0.0370901461	0.0148800293	0.0857514817	0.0520471775	-0.0262264787	0.0416288194	0.0900517349	0.0713588447	-0.0229545774	-0.0453015317	0.1431623827	-0.1630911522	-0.047756357	0.0243931852	0.0940202507	-0.1037947634	0.0307945642	0.1991301347	-0.0339855316	0.0372857216	-0.0545013401	0.0232910954	-0.0322436679	0.1322704962	-0.0468566348	-0.0086000024	-0.1296886368	0.0577329587	-0.1070782952	0.1014371524	0.0181391805	-0.0750840913	-0.0314057391	-0.0730577386	-0.0083080943	0.0218367671	-0.0754145378	0.0110011255	-0.0641946648	-0.0713781462	0.051101436	0.1338776124	0.0009298127	-0.0853603988	-0.1540669777	0.1536454535	0.06082569	0.1132876377	0.116957801	0.1234874653	0.1014744329	-0.0079848223	-0.1518760798	-0.1652856511	-0.0795726357	-0.0979492594	-0.094123516	-0.0026821845	0.1096463501	0.0620823149	-0.2630522145	0.0018737959	0.0827825208	-0.1757298238	0.0644993691	0.0003961975	-0.0107926102	-0.1015787572	0.0094201126	0.1933649526	-0.0877711226	0.0404994831	0.0506070875	0.0006567097	0.0921525559	0.0981039886	0.0173551519	0.1012691546	-0.0877160437	-0.0832786111	-0.1008617186	0.0120480556	-0.0660333688	-0.1558402995	0.0301868873	-0.1234095293	0.1025804674	-0.0841947584	0.0108359176	-0.0958699559	0.0851461816	-0.0347553375	0.0972963483	0.0390162363	0.1796809044	0.0749390262	0.0020407723	0.0155914251	-0.0943390565	-0.0891367237	-0.0163920839	0.0996968096	-0.005846668	-0.2894227334	-0.0682288228	0.1438885439	0.1180735637	-0.0097186967	0.0479903119	0.0955844723	-0.0847197236	-0.0068961987	0.0542997667	-0.1503794963	0.1219327443	-0.0717971314	-0.0125569973	-0.0704149724	-0.0636966448	-0.1370800997	0.0556245749	-0.1027643023	-0.1499745534	0.1075555077	-0.0323907328	0.0495675344	0.2074318767	0.0506729882	-0.0994339601	0.0048523284	0.0290973274	0.0482617096	0.0258237128	0.0691598303	-0.0393303267	-0.1864836647	0.0178874418	-0.0354587787	0.0851977722	-0.1369545165	0.0548871695	0.1405511903	-0.0163579251	0.0656923141	0.0808497179	0.0890153406	0.036322827	-0.0330478837	0.1080724751	0.0567770047	-0.0466156883	0.0089499762	-0.0132405566	0.0202379821	0.0203309617	-0.0442870408	0.0502072759	0.2286252233	0.1179796906	-0.0783010063	0.1128378432	0.0825311435	0.0379003427	0.0	0.0366667	0.0049716	2.4716806560000065e-05	0.00134444688889	0.0674243	-0.0169682999999999	0.00454603623049	0.0002879232048899	0.122995	-0.008554	7.31709160000001e-05	0.0151277700249999	0.00162625	0.00024962	2.6446890625000004e-06	6.231014440000006e-08	0.000147919	-0.00015448	2.1880030561e-08	2.3864070400000007e-08	0.00139243	3.651999999999996e-05	1.9388613049e-06	1.3337103999999968e-09
9959.455058926713	-1.0504520686736214	1.1034495485806906	99190745.07078087	10021.350733071786	-24.077159394702903	579.7096045179303	100427470.51523842	7107.37845524238	8.552519186527206	50514828.50604357	73.14558443591599	7457.712508964238	10834.789545318745	1.032792	42.087261	0.0640765999999999	0.0357351	-0.084382718	0.05057945	-0.1572804204	-0.0187263875	-0.034625595	0.0109387285	-0.0511944835	0.0810606856	0.0448608233	0.0154456392	0.1508395987	-0.1484806174	0.0790298165	0.0122084694	0.096085786	-0.0276864682	0.0422472855	0.036273944	0.0218510486	-0.0549596488	-0.087372079	-0.0406284788	-0.0723304395	-0.0003496269	-0.0668071788	-0.1239539399	-0.0358303793	-0.0147559241	0.0019132659	0.0920091968	0.0614110126	-0.0260343865	0.0054643074	-0.0728880839	0.0308028353	0.0164551999	-0.0062993406	0.1810347026	0.091706397	-0.0788379845	-0.0240228515	0.0077405917	-0.0494020977	-0.0257410236	-0.0953662096	0.0663045816	-0.1444233179	-0.0227927329	-0.2380680721	-0.0882576627	0.1225662415	-0.0096320248	0.216711998	-0.0416738644	0.171150287	-0.0608241659	-0.1009872632	-0.072271046	0.0788324958	-0.0731165974	-0.0882993872	-0.0638181822	0.112316627	0.1268333641	-0.0154021778	-0.0084401499	-0.1504234075	0.0047912837	-0.018427341	0.1651590114	-0.0211748883	0.1076961577	-0.2306807551	0.0772534441	-0.0515480468	-0.0650100077	0.1059115388	0.0243070006	-0.0984069113	-0.1457350805	0.103364763	-0.0923938597	-0.0272909501	0.0664631809	0.1103636125	0.0497081204	-0.0912551159	-0.0833576319	0.009275638	0.0217826869	-0.0419914805	0.066968297	-0.0724109236	0.1060648403	-0.166133617	-0.0099243623	-0.0243058544	0.0234184164	0.0017141488	0.14957185	-0.0235246389	-0.1412003011	0.1622581326	-0.0166987157	-0.011287448	-0.051747616	-0.0110625405	0.0301644279	-0.021267483	0.1605919914	-0.1175989284	-0.0390781469	-0.0052245743	0.0442093537	0.0382754763	0.0851043474	-0.0700577089	0.0134597247	0.0758354038	0.0564906037	0.3304639308	0.0519041535	0.1126316634	0.1270277415	0.1143205124	-0.0661906644	0.0068404347	0.0685153201	0.0899040468	-0.0260937891	-0.1153858823	-0.0466148977	-0.0008189478	0.0189912056	-0.1192979304	-0.0778078071	-0.0704662832	0.2294868549	0.1307331014	0.049338296	0.0234535306	0.0021815805	0.2247971277	-0.0226721874	-0.0514669886	-0.0475510211	-0.0220999407	0.1196317174	0.0686541672	-0.0632123195	0.0548922203	0.0254061111	-0.0468867514	0.1200311624	0.0825277795	-0.0731303589	0.0730075477	-0.037477245	-0.0874141127	0.043468894	0.0375800131	-0.0429304217	-0.0750363672	0.142756275	0.1185634442	0.0527290241	-0.0393896577	0.0368965421	0.0546302218	-0.2132375348	0.1171239933	-0.0465405016	-0.0158818999	-0.3012841249	0.1296354433	0.1115981158	0.0780274452	0.0293485786	0.0	0.0305018	-0.0061649	3.800599201000006e-05	0.00093035980324	0.0943691	0.0269447999999999	0.00890552703481	0.0007260222470399	0.114487	-0.0085079999999999	7.238606399999979e-05	0.013107273169	0.00120995	-0.0004163	1.4639790025e-06	1.733056900000001e-07	0.000163007	1.5088000000000015e-05	2.6571282049000003e-08	2.2764774400000047e-10	0.00137464	-1.778999999999995e-05	1.8896351296000004e-06	3.1648409999999823e-10
9943.455472073962	-15.999586852751236	255.98677945873015	98872306.7251176	10018.134639592728	-3.2160934790572355	10.343257266034474	100363021.65700772	7098.86213693969	-8.516318302690706	50393843.63927594	72.52767743274471	7452.435538732699	10865.090839595709	1.054694	42.979786	0.0490611	0.0238475	0.0704528299	-0.0646901697	-0.1144202165	-0.1231910811	-0.0669887776	-0.1207361948	-0.025066546	-0.0700158279	-0.0212134166	-0.0615860071	-0.0117545344	-0.1365755599	-0.0710270704	-0.0844641481	-0.0652980659	0.1741387638	-0.0123144436	-0.0402753049	0.1109445337	0.1033160267	-0.0672047738	0.0408063975	0.0565424782	0.0637015628	-0.0495816918	-0.0494037858	0.1218390014	-0.0676659473	0.070447176	0.0005767093	-0.076405273	0.0837499891	-0.1272126654	0.0337029811	-0.0578984338	-0.140809183	0.0873127158	-0.0595548783	-0.1427352117	-0.0634432617	0.0681648551	-0.0361450942	0.1001793851	-0.0979216002	0.0752548348	0.0371909585	-0.1866881062	-0.0974072918	-0.0709961583	-0.04462758	0.1109671097	0.1199631467	0.064542116	0.1284720156	0.06083733	0.0932159412	0.0354080918	-0.1483754454	0.1028643931	0.12400845	-0.1052904385	-0.0746356676	0.0797692077	0.0097435438	0.0622426333	-0.0523384977	0.0032096587	-0.0896090365	-0.1370639079	0.0167640719	-0.0549030421	0.0231557612	0.2004525049	-0.0980505352	-0.0576775462	0.1305082366	0.0543444788	0.0129832511	0.0884549217	0.0147439995	-0.0555310208	-0.1351274135	0.065809081	-0.0977999569	0.1083635301	-0.0666453202	-0.0010469572	-0.0928520346	-0.097294056	0.0609122617	-0.0624770502	-0.0614696379	0.0775011054	-0.0135913763	0.1891923184	-0.2356904589	-0.0792899743	-0.022635132	0.0897095762	-0.0315890584	-0.0125460972	-0.0917924739	-0.11438464	0.0177849644	-0.0429715577	0.1943646166	-0.0178812602	0.1438825825	-0.1808180694	0.1009815794	-0.1440473413	0.0089942068	0.002190919	-0.040033897	0.1342452971	0.1393346578	-0.0556780202	0.0761558423	0.1379787189	-0.0372600315	-0.0356955257	-0.0851756965	0.1217551301	-0.0434815871	0.0740174957	-0.1317476434	0.0824353173	0.0723671394	-0.0044579336	-0.0349814425	-0.1150020107	0.1274612868	-0.1014826065	0.0265936406	0.0718925698	-0.0309175892	0.1075503536	0.0237630066	0.1166383806	-0.1927914242	-0.0811659467	0.1281570797	-0.0626817115	-0.0413817908	0.1919508531	-0.0265226758	-0.0604334437	0.1708756925	0.0114727269	0.1626453294	0.0696065744	-0.0908327023	-0.0794210857	0.079262742	0.0158772255	0.0807421997	-0.1001111625	-0.0916648514	-0.089516295	0.0566811963	0.0695400541	0.0395029102	0.1024223227	0.0701734409	0.0559087085	0.1419548781	-0.0075121345	0.1295134739	0.1335998577	0.0561349513	-0.0241387944	-0.1334034515	0.0297379226	0.017097482	0.0411411274	0.1102942093	0.0733442812	0.0206449699	0.0	0.0342117	0.0037098999999999	1.3763358009999987e-05	0.0011704404168899	0.101967	0.0075979	0.010397269089	5.772808441000007e-05	0.129995	0.0155079999999999	0.0002404980639999	0.016898700025	0.00148015	0.0002701999999999	2.1908440225e-06	7.300803999999997e-08	0.000118991	-4.401600000000001e-05	1.4158858081e-08	1.9374082560000006e-09	0.00150533	0.0001306899999999	2.2660184089000003e-06	1.707987609999998e-08
9925.057660294033	-18.397811779928816	338.4794782896875	98506769.56016126	9987.75520095608	-30.379438636648047	922.910291877864	99755253.95422524	7092.765622198711	-6.096514740978819	50307324.171443865	37.16749198697203	7447.544386358126	10626.630501236588	1.082193	44.100388	0.05384335	0.029122	-0.0923867436	0.0171492216	0.0051027986	-0.1258812707	0.0365983848	0.0784752465	0.0660581153	0.0169927901	0.0920132946	0.0644235716	-0.0510311822	-0.0049241868	-0.0276885719	0.0198286651	0.1175081686	0.1133775506	0.0699754668	0.1693936103	0.0406616216	0.1285167061	0.0474087206	-0.045103433	-0.0032943375	-0.0228950957	0.0593019543	0.0145286869	0.1968127776	-0.0115151269	-0.0282661181	-0.0498151862	0.0370423071	0.0396888047	0.0561251808	-0.014806042	0.0725520591	-0.0111163785	0.0882680505	0.0497967304	0.1350168997	-0.2299701303	-0.1953941157	-0.1447508243	-0.1138396372	-0.0599324779	0.1261210351	-0.0024598936	0.0665023952	0.010024463	-0.0637324584	-0.0464278599	0.1298922294	0.0789890894	0.1716435555	-0.0594918091	-0.1911842141	-0.0681765881	-0.0592785482	-0.0941067257	-0.0303166376	0.0874933199	0.0898112656	0.1389346652	-0.15565347	-0.0209300416	0.0304553844	0.0082645198	0.0786371627	-0.0475740723	-0.0150479035	-0.0310891552	-0.1805486343	-0.0757110824	0.1465545487	0.097467328	-0.0753037409	-0.0688236839	-0.0864466061	-0.0219596478	-0.0907910673	-0.0779707383	-0.0667360521	-0.0273617512	0.1421993328	0.1742804049	-0.0277901257	0.0552259876	-0.0096402236	0.3510780962	-0.1344872294	0.0127701587	-0.0139672147	0.0344728662	-0.0231152715	0.0108725288	0.1281977308	-0.0283796075	-0.0098694047	0.0917185212	-0.0291466368	0.0152519659	0.1621806104	0.1107353921	0.0319515873	0.0972329287	-0.132592895	0.1459911596	-0.0696523133	0.1082845224	0.0996729276	0.0840702539	0.1188839977	0.1591111028	0.0404545257	0.023800551	-0.0108314678	0.1062980914	-0.0541241876	0.1937431012	0.1851014686	-0.0480802679	-0.0126549469	-0.0793099204	-0.0166439414	-0.104433496	0.1211020345	-0.0511883191	-0.048235756	-0.0053237826	-0.0900489711	0.1922000003	-0.1224315525	-0.0143120832	0.1544738992	-0.1285011096	-0.0942458272	0.0112738424	0.0470811618	-0.166540991	-0.1267693865	0.1357628344	-0.0095409201	0.082478822	-0.0387234033	0.0193563531	-0.0798201153	0.2187432819	-0.1277506772	0.1380079701	-0.01712227	0.0486184807	0.0879331567	0.0723058691	0.0607635924	0.1193719195	-0.0605340456	0.01536068	0.1156687699	-0.0608104948	-0.1139588353	-0.0946845081	-0.0261760182	-0.1043988572	0.0698344567	-0.0404024188	0.1332547125	-0.0932232965	0.1546297615	0.0795001423	0.1018506044	0.0281526685	0.0283351354	-0.0252823403	-0.0812682228	-0.0716953886	-0.1572937147	0.1089268737	0.0684924231	0.0118345475	0.0	0.0322444	-0.0019672999999999	3.870269289999993e-06	0.00103970133136	0.0790585	-0.0229085	0.00625024642225	0.0005247993722499	0.123445	-0.00655	4.2902500000000005e-05	0.0152386680249999	0.00178895	0.0003088	3.2003421025000003e-06	9.535744000000009e-08	-0.0	-0.000118991	0.0	1.4158858081e-08	0.00148477	-2.055999999999998e-05	2.2045419529e-06	4.2271359999999916e-10
9933.78914526092	8.731484966887365	76.23882972698004	98680166.78250368	10023.57973461749	35.82453366140908	1283.3972120574322	100472150.69623442	7085.760947670329	-7.004674528381656	50208008.207529925	49.06546524855878	7449.05144175249	10676.343917434204	1.038248	42.309605	0.05407129	0.0286943	0.0817484823	0.0064605531	-0.0096751859	0.0038082218	0.028872824	-0.1177513341	0.1421899657	0.0152446154	-0.1218464368	-0.0194429845	0.0169240596	0.0387392104	0.1348685996	0.0358723471	0.0006791801	0.1231887229	-0.0497189527	-0.0023068773	0.0414834897	0.1197508038	0.1182995703	0.0061259588	0.0865105998	-0.0051209703	-0.0227629501	0.0073506602	0.0310102907	-0.0645889392	0.064039556	0.1169503184	0.1190031766	0.0276563257	0.0173435623	-0.1293673206	0.0162923011	-0.1365932291	0.1386472434	0.0456436379	-0.1442217691	-0.0582704371	-0.0865603146	-0.0409444071	0.0266574331	-0.1620357955	0.0983806319	0.044395853	0.0320146153	-0.0117054156	-0.0238687277	-0.2200513638	-0.1270221601	0.0449800687	0.0417430777	0.0695652493	-0.1742647302	-0.1201264401	-0.142413519	0.0120388579	-0.0817152115	-0.0840284383	-0.0711336959	-0.1005465487	0.0139607717	-0.2102473721	-0.0461860312	0.067929795	0.0969708224	0.1425108798	-0.0298916284	0.0581855497	-0.0343855388	-0.1981115659	-0.1746123458	0.0413352618	-0.1548723483	0.0586656242	-0.0584530461	-0.1046185914	0.1197156819	0.124937233	0.0005808979	-0.0465752215	0.0006518164	-0.0584472347	0.0935502985	-0.0073594123	0.0195694169	-0.1074477913	0.0535224504	-0.0733266359	-0.0659887276	-0.1042598144	0.0167698501	0.0927120911	-0.0208318381	0.0328212888	0.0574042654	-0.1245059561	-0.0275982084	0.0639098355	0.1113957406	0.0689606039	0.0561823658	0.0715511721	0.0442527139	0.1587939199	-0.0756750676	-0.0068925438	-0.1451790616	-0.039972156	0.1247635568	0.0564423415	-0.1793189172	0.1902745147	0.0882226664	0.0045433107	-0.1242944985	0.0441853827	-0.0948974602	-0.0024819284	-0.0117808129	0.0157406176	0.0379257817	0.2114837445	-0.0711765207	-0.0520865041	0.0909759325	-0.1786240934	-0.1808652529	0.0521481334	0.0048155751	-0.0781565864	0.1541743282	0.0801355763	-0.0097635098	-0.1186375994	0.1731341875	0.033151911	0.0355592532	-0.0984860374	-0.0269746618	-0.1789411372	-0.0875664245	0.0964335921	-0.0393356396	-0.0328425319	-0.0803087683	-0.0293998434	0.110929951	-0.1333897679	-0.0385195522	-0.0398054779	-0.1097001468	0.046745035	0.0217269053	0.0864682773	0.0455573918	-0.1280448057	0.017603806	0.0531198728	0.0734556931	0.0145772009	0.1415440403	0.0032383433	-0.0640601607	0.063143305	0.0925634898	0.0227982324	0.0973106882	-0.0429491811	-0.0138947714	-0.1106888495	0.0205309401	-0.0410128581	0.0048781463	0.1074968953	0.0634830302	0.0029628953	0.0	0.0343371	0.0020927	4.379393290000012e-06	0.00117903643641	0.0992104	0.0201519	0.00984270346816	0.00040609907361	0.141297	0.017852	0.000318693904	0.019964842209	0.00186761	7.865999999999993e-05	3.4879671121e-06	6.187395599999989e-09	6.31338e-05	6.31338e-05	3.98587670244e-09	3.98587670244e-09	0.00162247	0.0001376999999999	2.6324089009e-06	1.896128999999998e-08
9951.484456401096	17.695311140176273	313.1240363476465	99032042.88599265	10022.570101689613	-1.009632927876737	1.0193586490529525	100451911.44328251	7082.802455201777	-2.958492468552322	50166090.61941232	8.752677686480812	7442.998663044327	10703.606088844892	1.04254	42.484512	0.03009649	0.0162125	-0.1037060973	-0.0341291652	-0.0395069046	0.0069789561	-0.1030088639	0.119423589	0.1684159834	0.0819427171	0.0549525501	-0.0336573505	0.1018406402	0.1197351914	0.0513355793	-0.1050124705	0.0908114936	0.0170780364	0.0041623862	0.1272661679	0.0736586637	0.0148542535	0.0331624022	-0.0765412564	-0.044515597	-0.0034558637	-0.0251140738	-0.0432166122	0.0612155563	-0.1626361392	0.0619655535	-0.0476552114	0.0992857329	-0.1204571248	0.1315320236	0.0478928126	0.029792772	-0.005698562	0.0333853369	0.036113111	-0.0631363561	0.004146698	0.0997294488	-0.1151627353	-0.1428033702	-0.0725623106	-0.0222654503	-0.0546936679	0.0959454487	0.1224227842	-0.0790925783	-0.0270615413	-0.0075896188	0.002636584	0.0754216099	-0.0194578122	0.0023697459	-0.0581094458	-0.0233345358	-0.2109240745	0.0466256058	-0.0089990017	-0.0277507181	0.0133724767	0.143321448	0.0869338261	-0.0973326919	-0.0920077819	0.133937393	0.0611330545	-0.0073622992	-0.0458753149	0.1372360672	-0.0209240416	0.0973011242	-0.0395167438	-0.0694400273	-0.0897044638	-0.1360605447	0.0861049212	0.0633257503	-0.1500312893	-0.042603327	-0.087878698	0.0930849809	0.0950495068	-0.0149029654	-0.1421858282	0.1587893634	-0.0941226261	0.0084299712	0.0738873238	-0.0125323243	-0.036685068	-0.0646358417	-0.1931566154	-0.0237158981	0.1169515686	0.002844006	0.0189196752	-0.1966430302	0.0630396941	0.1358310036	0.0270623119	0.0156022493	0.0569259458	-0.1568468181	-0.0099610776	-0.0329076138	-0.1045241328	-0.0431205211	0.038018109	-0.002477309	-0.0565688923	0.0894118008	0.0112552966	-0.0514131672	0.0884829298	-0.109729369	-0.0381876577	0.0198697991	-0.0774647147	0.0771242128	-0.0286924066	0.0527021612	-0.1337951549	0.0642890855	0.0620359468	0.212781165	-0.0770234578	0.0119149632	-0.0327751748	-0.103060792	-0.0746540596	0.0609614326	0.0434928509	-0.1129456254	-0.1671537724	-0.042957678	0.1305763535	-0.0537988254	0.1092790728	0.0675098397	0.161102788	-0.0975790808	-0.008515826	-0.0403873931	-0.1015723507	0.0564376918	-0.1673331592	-0.0218237606	-0.0511699755	0.0022785198	-0.0248994736	0.0941963279	0.1649938429	-0.0071240424	0.0979318437	0.0359917544	-0.0129922553	-0.1177647781	-0.0429749401	0.0242276608	-0.1478582081	0.0215428728	0.0252980681	-0.0177247704	-0.1861261443	0.0232860919	0.1614450559	0.0854488599	0.0010680045	-0.0648674506	-0.0168144731	0.0575829064	-0.0027387126	-0.0697007456	0.1060050963	0.0583276243	-0.0059240866	0.0	0.043822	0.0094848999999999	8.996332800999996e-05	0.001920367684	0.0992568	4.6400000000002e-05	0.00985191234624	2.152960000000185e-09	0.147511	0.0062139999999999	3.861379599999997e-05	0.021759495121	0.00165112	-0.0002164899999999	2.7261972544e-06	4.686792009999998e-08	-0.0	-6.31338e-05	0.0	3.98587670244e-09	0.00162987	7.400000000000071e-06	2.6564762169e-06	5.476000000000106e-11
9970.542779340132	19.05832293903586	363.2196732485805	99411723.31465164	10055.556336679483	32.986234989870354	1088.0916988069473	101114213.24013492	7101.812223364416	19.00976816263937	50435736.85592824	361.3712855972976	7455.566746300261	10859.373563540385	1.053876	42.946465	0.0421858	0.023156	0.0902100503	-0.0090366979	-0.162195085	0.0669356928	0.0716087722	-0.010376248	0.0773132332	0.0357842981	-0.1171577967	-0.051244233	0.1579907713	0.0105829942	-0.0376850475	0.0181267902	0.0048067845	0.0348073922	-0.0756950545	0.0656360797	0.1111152687	0.0445392041	0.0936503124	0.0556931336	0.1408144743	0.0226901336	-0.0786605443	-0.0586606428	-0.0050094975	-0.0609131869	0.0847456263	0.0977145428	0.0060429404	-0.0707983492	0.1299456659	-0.1370393269	-0.0987102765	0.1125760943	0.0129745006	-0.0523898648	0.0467999707	-0.0681045788	-0.0138983326	0.0523599251	0.10456487	-0.1200298677	0.0517369353	-0.0335535218	-0.0010016258	0.0484547355	0.0082880371	0.0806062645	0.1043303455	-0.0326646978	0.1195592095	-0.0314365449	-0.0164765741	-0.0383573311	-0.1072308063	-0.0091355069	0.0440624062	0.0912470065	-0.0234143468	-0.0618217327	-0.0518561644	-0.0871812305	0.013246991	-0.0197222894	0.0748356262	0.0853679035	0.0202033076	-0.1379665057	0.0914938229	-0.0543660534	0.005615989	-0.1593253099	0.140457869	0.0880017834	0.0338882706	-0.1241397534	-0.0640752365	0.0005868484	-0.0061286959	-0.1820728872	0.0052345883	0.0597911052	0.0193173763	-0.1910168198	-0.0130961846	0.0554610986	-0.0313631411	-0.1969213981	0.088525092	0.1185353867	-0.1017350255	0.0249270995	0.1038271858	0.0065215285	0.0527134722	-0.1357323152	-0.089924011	-0.0032984604	-0.0911239311	-0.0413351982	0.0126504143	0.0330182304	-0.0978962576	0.054956329	-0.0543714959	-0.0317457299	-0.031130037	0.0588711358	-0.044165036	0.0938704873	0.0083729799	0.0124564478	-0.0316400842	-0.0598086013	0.0109749486	0.1355163888	0.0843220549	0.0202620104	-0.0690350631	-0.1713484717	0.0302848146	-0.0035510071	0.0570775362	-0.0717266544	-0.0090096571	0.1775269336	0.1083353869	-0.0580224041	0.0406381418	-0.2763288825	0.0530309274	0.0638561082	-0.0322951681	0.1070581581	-0.0727965104	0.1567080852	-0.168126284	-0.0543275619	-0.0093105894	0.0090289188	-0.1145564907	0.0514927627	-0.0188807602	-0.0612040961	-0.0449639061	-0.1125483331	-0.0072948191	0.0616324872	-0.1187713463	0.0027259827	-0.1559549727	0.1089888727	-0.0384450421	0.1018050978	0.0481011528	-0.0493853613	-0.0443966611	0.1234664516	-0.0299264059	0.0083352644	0.0354368952	0.1085689845	-0.0962838683	0.0442581621	0.0988167795	-0.0232233246	0.0313824146	-0.0158958102	0.0388489133	-0.054003623	0.1431994978	0.0280074513	-0.1010598281	0.1044523349	0.053038063	-0.0147804182	0.0	0.0438875	6.550000000000306e-05	4.2902500000004005e-09	0.00192611265625	0.0820069999999999	-0.0172498000000001	0.0067251480489999	0.00029755560004	0.139402	-0.008109	6.575588100000008e-05	0.019432917604	0.001912	0.00026088	3.655744e-06	6.80583744e-08	-0.0	0.0	0.0	0.0	0.00170422	7.434999999999994e-05	2.9043658084e-06	5.527922499999991e-09
9961.80489802233	-8.737881317802021	76.35056992399358	99237556.82626168	10022.263033709838	-33.29330296964508	1108.444022628578	100445756.31686673	7111.280543349989	9.468319985572634	50570310.96622811	89.64908334919417	7459.425084274108	10824.3257289883	1.101127	44.871979	0.0469409	0.0296911	-0.1356356432	-0.1325321977	-0.1096802906	0.0046781581	-0.0816104141	0.0532339109	0.0758994426	-0.1287834051	0.1414829242	-0.1103432942	0.0904663199	-0.0371909481	-0.058787997	-0.0721108634	0.0326222802	0.0533951702	-0.0839113591	0.1405874749	-0.0569761839	0.047423073	0.0830397778	-0.1377455739	0.0804943428	-0.0105210868	-0.0349644031	-0.0608936287	-0.1346945716	0.0146172399	0.0827362967	-0.0436841722	-0.0009543811	-0.1536896495	-0.0626904255	-0.090898669	0.1316793891	0.0066389222	-0.0365463493	0.0617148343	0.0288011707	-0.0879285613	0.0952483708	-0.2415236231	0.0870361872	-0.0116713649	-0.0149484087	0.0003442205	0.1239506786	-0.0825547479	-0.0787179943	-0.1039006875	0.0957785875	0.3607710064	-0.137232564	-0.0374065105	0.2297513934	0.0521628799	0.041000259	0.1434300885	-0.0958878512	-0.22681007	-0.0241467281	0.017319946	0.0026285885	-0.0152665897	-0.0223178506	-0.0074573232	-0.0236212723	-0.0440179015	0.076249926	0.0376690545	0.0668000128	0.0832928192	-0.0472146522	-0.0681302036	-0.0247610924	-0.0690960259	0.0510854183	0.0034164025	-0.0378301395	0.0426681978	0.0109194931	-0.0906354884	-0.0103785151	0.017398039	0.0596560194	0.0116742786	-0.0409398748	0.1759411731	-0.0106663895	-0.0694336717	0.0808283301	0.0556639445	-0.045626299	0.0242057266	0.0606188375	0.0352812651	-0.1706805119	0.073209748	-0.0782714644	-0.0669140348	-0.0203106922	-0.1664245531	0.0519729941	0.1566571572	-0.1410252408	0.0071550185	-0.1853755833	-0.0022485708	0.1156063593	0.0172705056	-0.118335248	0.0740955622	-0.2464576866	-0.0191525891	0.000123784	0.0976711517	0.0321885106	-0.1511365686	-0.0731726823	-0.0409270089	0.1642812597	0.1131323194	-0.06591531	0.0469777414	-0.1195054243	-0.0253975416	-0.1269094553	-0.0484170055	-0.1329837264	0.0147320489	-0.0081150326	-0.005366714	-0.0946447006	0.0343504993	0.077278976	0.0917389712	0.0203788862	0.0109711689	-0.0112863872	0.0927072445	-0.1637527766	0.0189078882	-0.0704262503	0.0416709066	-0.0712343993	0.0381598079	0.0932970121	0.054432285	-0.0648642996	-0.0319615094	-0.0905371243	-0.0961153655	0.0686392686	0.2067854681	-0.0459030856	0.0230456567	-0.0300174596	-0.0802435934	-0.137383004	-0.1007400964	-0.0492619412	0.0519068094	-0.0213397507	-0.0252129704	-0.0807280765	-0.0372026688	-0.1651617796	0.1157632711	0.047782981	0.1420670483	-0.0243443388	0.0091616372	-0.1064540072	0.1603171053	-0.0203794253	0.1028395038	0.0476265124	-0.0235602783	0.0	0.0438766	-1.0900000000001188e-05	1.1881000000002588e-10	0.00192515602756	0.107912	0.025905	0.0116449997439999	0.000671069025	0.142658	0.003256	1.0601536000000058e-05	0.020351304964	0.00162645	-0.00028555	2.6453396025e-06	8.153880250000005e-08	-0.0	0.0	0.0	0.0	0.00163439	-6.982999999999989e-05	2.6712306721000005e-06	4.8762288999999846e-09
9954.842366754994	-6.9625312673360895	48.47684164863269	99098886.54694018	10032.885205878016	10.622172168177713	112.8305415704092	100658785.55432595	7112.288722324577	1.0081789745881906	50584650.86970536	1.0164248448016957	7466.549140409242	10837.124450981106	1.170041	47.680313	0.0904209999999999	0.0491057	0.0536906389	0.1454205684	-0.1420150506	0.0563466324	0.0541499687	0.016928453	-0.0859188705	-0.1221249637	-0.083145766	0.1175403515	0.0811257552	-0.1136321643	-0.0982780092	0.0220821228	0.0196846554	-0.0033657914	-0.0655065039	-0.0627562181	-0.0294253042	0.1767606671	0.1334246427	-0.1731853031	0.0173941178	0.0359213177	-0.0299254014	-0.0123324413	0.090524732	0.0910712542	0.0270547797	-0.0190676027	-0.0175801996	0.0624765577	0.1174207826	0.1217639172	-0.0421008633	0.0471108963	0.0403959377	-0.10782709	0.0174111654	-0.0894672748	0.029438243	0.0345782803	0.0630911309	-0.1477840055	-0.0062238858	-0.0165107537	0.0502604609	-0.1483416097	0.0875332324	0.0403198382	-0.1732280584	0.0180372798	-0.2132948279	-0.1702448557	0.1880496111	0.2290513591	-0.1152756304	-0.1941811601	-0.0533700876	0.055139517	0.1860708714	-0.0502763269	0.0113305205	0.1704957851	0.0912563394	0.0548753398	0.0674848009	-0.1264132651	-0.061086264	0.1215908762	0.13811268	-0.0327314389	0.0122987507	-0.0322232225	-0.1023822955	-0.0272744371	-0.0109301703	-0.0774340292	-0.0526097628	0.1013742875	-0.1221752901	0.0734707629	0.1175892759	0.0262297049	-0.0959083118	0.0556270274	0.0573946623	0.0659441303	-0.0254911236	-0.2082762636	-0.0408032304	-0.2025894223	-0.0564395288	0.0363045144	0.0071530872	-0.0224395143	0.115827029	-0.011357355	0.10764983	-0.0488125841	-0.0237222664	-0.0565496161	0.0585258413	0.0902338695	0.012149132	0.2597711143	0.0010641467	0.0068090301	0.09689445	-0.2007461061	-0.0801605254	-0.1511032255	-0.0693592484	-0.2461609405	-0.1144196899	-0.0303288375	0.0917772553	-0.1248153774	-0.033553022	0.0611974903	0.0190046354	0.062622412	0.131987206	-0.1324339931	-0.103536881	-0.0114444968	0.0360570882	0.1538765646	-0.1324586506	-0.0297790696	-0.0287047492	0.0804452008	0.0712082701	-0.0630459267	-0.080622236	-0.0673017767	0.0969350634	-0.0666412039	-0.1374784672	0.2114531575	0.1303925567	-0.0192463798	-0.0716035648	-0.0577489912	0.0717304301	-0.0038925205	0.0201579089	-0.079144808	-0.2244333471	0.0394110104	0.1061939185	0.0981368299	-0.1384781749	0.1278343299	0.0930979725	0.0144211657	-0.0234122028	-0.0808941152	0.0284328351	0.1404680862	-0.1448736115	0.0357902817	-0.0467219288	-0.0712305641	0.0381131228	0.0202911644	0.0370687772	-0.0384423848	-0.0307513909	0.0531868413	0.1261479111	0.1294882402	0.0726575004	-0.1112910083	-0.0222956185	0.1011675308	0.0421054194	-0.0322182416	0.0	0.0373384	-0.0065382	4.2748059240000016e-05	0.00139415611456	0.0766757	-0.0312362999999999	0.00587916297049	0.0009757064376899	0.123077	-0.019581	0.000383415561	0.015147947929	0.00225924	0.00063279	5.1041653776e-06	4.004231841000001e-07	7.211709999999999e-22	7.211709999999999e-22	5.200876112409999e-43	5.200876112409999e-43	0.00166291	2.8519999999999978e-05	2.7652696681000004e-06	8.133903999999986e-10
9933.875265487208	-20.967101267786347	439.6193355736078	98681877.79025854	10004.204874444076	-28.6803314339395	822.5614111606181	100084115.16985062	7089.379166242628	-22.90955608194872	50259296.962755024	524.8477598719537	7442.42287419142	10820.809626639031	1.110043	45.235313	0.1081326	0.0680963	0.0147665305	-0.1521832364	-0.0633580965	0.0281843108	-0.0375083992	-0.0531267629	-0.0813849837	0.0101780304	0.0498463636	-0.124042698	-0.0457050436	-0.0855038329	-0.0711511724	-0.0448515703	-0.1580243101	0.017764884	0.0523822033	0.0112985578	0.0697237204	0.0342476762	0.0581485347	-0.128821383	0.0301273733	0.0434660697	-0.2064270291	-0.0037668239	-0.0266286427	-0.0203392772	-0.0152202138	-0.0915729748	0.0587739381	-0.0312832055	0.1722409827	0.0082969261	-0.0424039561	0.0131256591	-0.0799258921	0.0352411197	0.1440173381	0.0691937287	-0.1050770201	-0.1255723588	0.0844385713	0.0086243882	0.0836573161	0.0063751823	-0.0284174837	0.071790426	0.0136927006	-0.1147244014	-0.120996323	0.0619243992	-0.1097252018	-0.0765787722	0.0211278897	-0.0753160536	0.1214262153	0.0403099459	-0.1047423947	0.14078218	0.0057926411	0.1088758189	-0.0511295507	-0.0259026011	-0.064699966	0.0549407036	0.0720429347	-0.0224906617	-0.0366354752	-0.1433911209	-0.1121302111	0.0805348553	-0.0763479972	-0.0684421771	0.1826593752	0.2022480249	-0.0527974713	-0.1751961712	-0.1521863167	0.1388618114	-0.0321528444	-0.0048328612	-0.0899788144	0.0012804073	0.0709932136	-0.0188966193	0.0720049039	-0.1283874973	0.0628442892	0.0021802744	-0.036756917	0.0550686255	-0.1227556961	-0.0158269322	-0.0468208445	-0.0964674648	-0.1469866319	0.0058535007	0.0466870583	-0.0301909477	-0.0260122323	0.023650045	-0.1954797503	0.0910014225	-0.0845531933	0.0172926782	-0.0062525666	0.0477598408	0.0635219411	-0.0022791546	0.1471079438	-0.0508827555	-0.1310041081	-0.0344602027	0.0309307345	-0.1266690338	-0.032544747	-0.0144768117	0.0133692449	-0.0386301282	-0.0788646996	0.0743234968	0.0353406946	0.1424177837	0.004672104	0.0103125027	-0.0634566266	0.1351032472	-0.0865550075	-0.0278356385	0.1149749686	-0.0893028737	0.0654133854	-0.0613293567	-0.1089227836	0.183150537	0.0044856004	0.0294203316	-0.0283831199	-0.2256815136	0.1451600452	-0.0929589885	0.0967859336	0.0176556709	0.1904082755	-0.0857754818	-0.0331724636	-0.0816465015	-0.1309280275	0.19444229	-0.0041564023	-0.1466013219	-0.0340249598	0.1381254364	-0.0555485383	0.1005124811	-0.0180133745	0.0289404382	-0.0482756521	0.15135535	0.0904364854	0.0080746461	-0.040284925	-0.1205416091	-0.005726803	-0.0314137189	-0.1585357269	0.1377758003	0.0594055975	-0.0312963991	0.1317181652	-0.0061740111	-0.0668029108	0.0843904014	-0.0781355725	0.0994373772	0.0364874825	-0.0407095131	0.0	0.0439527	0.0066142999999999	4.374896448999995e-05	0.0019318398372899	0.13566	0.0589843	0.0184036356	0.00347914764649	0.153494	0.0304169999999999	0.0009251938889999	0.0235604080359999	0.00217924	-8.000000000000021e-05	4.749086977599999e-06	6.400000000000033e-09	-0.0	-7.211709999999999e-22	0.0	5.200876112409999e-43	0.00182525	0.0001623399999999	3.3315375625e-06	2.635427559999999e-08
9932.182480037924	-1.6927854492842016	2.865522577308316	98648248.81677228	9994.227561033418	-9.977313410658098	99.54678289449794	99884584.54172	7081.816402427064	-7.562763815564722	50152123.557685	57.195396530015074	7437.439377506904	10612.98032528089	1.084838	44.208195	0.1322834	0.0833895999999999	-0.0526060546	0.1198639364	-0.0493962808	0.083206177	0.0810495411	-0.0071214093	-0.0339817408	0.1216492054	0.0081498827	0.1401246951	0.0337447102	-0.0069860166	0.0527276329	0.0671339757	-0.061740902	-0.0911831673	0.1594472049	0.0117721664	-0.0165615175	0.1832092114	0.1237906214	-0.1563332864	-0.0730717876	0.1100943487	-0.094860936	-0.0294838177	0.1217700326	-0.1732542995	0.0026687401	0.0646107184	-0.0871305776	-0.0203931038	-0.07654347	0.0722265559	0.0650472982	0.0340220903	0.0493355546	0.0192688898	0.0323556982	-0.0331835425	-0.1144492859	-0.0431358713	-0.0982647291	-0.069549752	-0.1117050518	-0.0915683906	-0.0818264243	0.1709862029	0.079067774	-0.1177099136	-0.1041330722	0.1055468186	-0.0380902768	0.0056678801	0.0320006583	0.0030994582	-0.1978121759	0.092510342	-0.2229620814	0.0254497908	0.0889913796	-0.0312414288	0.0303678659	0.064053588	-0.1831827739	-0.0449739231	0.0236786688	0.101250286	-0.041121029	0.0298131954	-0.1088074221	0.1499569084	0.0277224777	0.0582671106	0.0385751474	-0.0639535443	-0.0253730661	-0.0391907991	-0.1645707677	0.0339061222	0.0090301162	0.0091909189	-0.0509440145	-0.0401666525	-0.0567994475	-0.1047775787	-0.0479963165	0.0655527329	-0.1456712999	0.1406712353	-0.1175968455	0.032707991	-0.0949227404	0.082656773	-0.0376651467	-0.0988450097	0.0937774564	0.1155058965	0.0601912499	0.121732651	-0.0081820556	0.0992447689	-0.0437929577	0.1035117029	-0.07139786	0.0313494795	0.0519238314	-0.1809359031	0.0337410578	-0.1088948714	0.0158444172	-0.016550806	-0.1815784503	0.0878285131	0.0022849393	0.0783193254	0.0032950767	0.2010155751	0.0768906869	0.0675869608	0.1177157006	0.1407117116	-0.0816062363	0.0950144329	-0.1139692343	0.0335937154	0.0358397376	0.0847847861	-0.1042483338	-0.0982017848	0.0663159014	0.0328174428	-0.0991050295	0.0765416213	-0.0783445172	0.0497820079	0.0537750126	-0.0558724732	0.0002235063	-0.0238247413	0.0361793248	0.0101829834	0.0330318942	-0.0914357933	0.0240633674	0.1195070368	0.0588614848	0.0451446829	0.129383289	0.0561046496	-0.0518031918	0.1253512452	-0.0277787896	0.1204245627	0.0298973581	-0.0047455985	0.0977791027	-0.0285816581	0.0482849631	0.1250506929	0.0059960083	-0.0412291143	-0.1289691988	-0.155471535	-0.0044449323	-0.0465011796	0.1541329991	-0.0904383788	0.0116952007	0.1091876582	-0.0665137193	0.0459693773	0.0211761423	-0.0867464342	0.1249091359	0.0976500381	0.0307856233	-0.0489901604	0.0	0.0372845	-0.0066681999999999	4.446489123999999e-05	0.0013901339402499	0.0593408	-0.0763192	0.00352133054464	0.00582462028864	0.134298	-0.0191959999999999	0.0003684864159999	0.018035952804	0.0026515	0.00047226	7.030452250000001e-06	2.230295076000004e-07	-0.0	0.0	0.0	0.0	0.00169551	-0.00012974	2.8747541601e-06	1.6832467600000038e-08
9956.137613098615	23.95513306069188	573.848399955453	99124676.170957	10059.024460312716	64.79689927929758	4198.638156211435	101183973.09316953	7090.497988608177	8.681586181113744	50275161.72645661	75.36993862010512	7447.147419224257	10812.718752930872	1.085858	44.249775	0.0976038	0.0615873	0.1159086049	-0.0786041187	-0.1071790897	0.0875783973	-0.0522095221	0.001412514	0.1006910238	0.1373980282	-0.1289778895	-0.1291844141	0.0807750072	0.0534033289	0.0512111121	-0.0397337609	-0.0561701565	-0.0377122069	0.0662666054	0.0008011613	0.1220225573	0.069614549	0.1029242678	-0.0177323192	0.1968371862	0.1188599468	-0.0638227159	0.0939359673	-0.0307435283	0.000596739	0.0099005734	0.1168290475	-0.0617011312	-0.1106935228	0.0221679778	0.1396084317	0.0546080776	-0.1226240349	-0.1167421148	0.0596833111	0.0007260177	-0.0108823405	0.0213344505	-0.0257138521	0.0976586574	-0.0531296585	0.13654412	-0.0012332026	-0.0619672293	0.1634948859	0.006677098	0.0683378668	0.0980052643	0.131214121	0.1639108452	-0.1662985408	-0.0339273769	-0.0372863493	-0.1055742942	0.0749280345	0.0975538777	-0.1155620819	-0.1469725715	0.0259088017	0.0733241285	0.0684467183	-0.0118746204	0.073792947	-0.0169099259	0.0371705556	-0.0881804416	-0.0186089724	0.1124985625	-0.0473601186	0.0145688105	-0.0991655379	0.0481005891	0.0468518117	-0.0615048547	0.0288580635	0.0338956026	0.1236951734	-0.0240243474	0.1636948267	-0.028742412	0.050565511	0.018611903	-0.0021106256	-0.0025343724	-0.096377834	-0.0008196116	-0.0088517548	0.1169771169	-0.0613217913	0.1320499394	0.0307952068	0.0780968594	0.1454066989	0.0005147443	-0.1616516215	-0.0934357005	0.0618011902	0.0055663536	0.0011433877	-0.1543606347	-0.0701423911	-0.0788942166	0.0393073151	0.0558957321	-0.0341126337	0.1146261562	0.0963020083	-0.0937825834	0.1232735284	0.0408910581	0.2538201354	-0.0817484838	-0.033344057	0.0280305108	-0.0501983649	-0.0055810181	0.0122015003	0.1095129098	-0.0884573249	0.097653141	0.0776066183	-0.0314906823	-0.0748719977	0.0032222226	0.034030593	0.0256570469	-0.0883832579	0.0719319695	-0.0337050194	-0.0451002404	-0.0594336947	-0.0409582634	0.0491211521	-0.0203271748	-0.0668147339	-0.0389011689	-0.0194429365	0.0014604583	0.0238000421	-0.1102746028	0.1228492224	-0.0783659381	-0.0176653503	0.1331716387	-0.0779679523	0.067022084	-0.003969459	0.0714004355	-0.0802300008	-0.1733791898	0.0897816031	-0.0383556197	0.1000701054	0.0398689236	-0.0248255936	-0.0320303723	0.1345844527	0.0647360354	-0.0572307019	0.0354309664	-0.0218240571	-0.1998720663	0.0595702351	0.0208581505	-0.0371725404	-0.1257966541	-0.0738866585	0.0524989652	0.0575975663	0.1638357789	0.0750803092	-0.0143053969	0.0958065414	0.0250129561	-0.0570173409	0.0	0.0439531	0.0066686	4.447022596000005e-05	0.00193187499961	0.11478	0.0554391999999999	0.0131744483999999	0.0030735048966399	0.15618	0.021882	0.000478821924	0.0243921924	0.00254045	-0.00011105	6.4538862025e-06	1.2332102500000029e-08	-8.052339999999999e-22	-8.052339999999999e-22	6.484017947559999e-43	6.484017947559999e-43	0.00185674	0.00016123	3.4474834276e-06	2.5995112900000017e-08
9959.296673476949	3.159060378333379	9.979662473955832	99187590.23032902	10026.01753951722	-33.006920795496626	1089.4568204001876	100521027.70270692	7095.77246978628	5.274481178103088	50349986.94297689	27.82015169816373	7450.3760839663955	10804.632342632416	1.097779	44.735535	0.01870075	0.00941395	-0.1735126213	-0.1022488212	-0.1057228782	0.0631137278	-0.0264904145	0.0328915618	0.0830349209	-0.1012668953	0.1432689408	-0.0633801442	0.1410418762	0.0455069746	-0.015739414	-0.065377484	-0.0196305253	0.0081267646	-0.0636210577	0.0413927013	0.0326248533	0.0447631045	0.0971899567	-0.1356350586	0.0377087058	0.0691609386	-0.0278235334	-0.0626080732	0.0717006502	0.1976358587	-0.128146485	0.0947519416	0.019754532	-0.2012658474	-0.0530774643	0.0100555317	0.0177183569	0.1773024204	0.0790931487	0.0818781218	0.0152475333	0.0388694706	0.1725662205	-0.2476393546	0.0047221575	-0.0436924104	0.0700480453	-0.032231439	0.005746223	0.08434265	0.0080808595	0.0272913451	-0.0097620916	-0.1606381776	-0.113909335	-0.1603779351	-0.065359166	0.1596724131	-0.0615974612	-0.0685239511	0.1553585365	0.0123241545	-0.0878315287	-0.0596280115	-0.0732447258	-0.129898274	-0.1353476317	-0.1049721441	-0.1229254676	-0.0438795455	0.0080504933	0.0300147263	-0.1322137796	0.1250122866	0.006917989	-0.1720556784	-0.0193731392	0.0335758834	-0.036820927	-0.0791314619	-0.081614508	-0.007583256	0.0503633087	-0.0286954736	-0.0405983409	0.0530270569	0.1677147818	0.0554794367	-0.0399236064	0.0089892687	-0.1041521811	0.0459952713	0.1106528056	0.0610586847	-0.0637712833	-0.0132988467	-0.1646150623	0.1016415767	-0.0740235053	0.0740387049	-0.1688595405	0.0508423096	0.0205913266	-0.0309093438	-0.0481273314	0.0573391453	-0.0320682396	0.0913582865	-0.0965277725	-0.1517044426	0.0615891451	-0.0388311372	0.0811165003	-0.0713286249	0.0456230092	-0.0225298453	-0.1133882236	-0.0251397444	0.0461466913	-0.1398395305	0.0289952512	0.2012234101	-0.1265140688	-0.073084562	0.043830817	-0.059451479	0.2048556156	-0.1125794729	-0.1954846016	0.0651839979	-0.0543524222	-0.1133544838	-0.0673396947	-0.0381399493	0.0245891559	0.0767100949	-0.1247398601	0.1390537857	0.0215463754	0.120896515	0.1539722386	0.0327388346	-0.1288797989	-0.1018635829	0.1517712656	0.0908190926	0.0723048366	0.0482387186	0.0391559771	0.0694554376	0.0898448849	-0.0190995532	0.0406897754	-0.0914364184	0.0737716939	0.1907043811	-0.029325008	-0.0110746263	0.0193439626	-0.0985470221	-0.0605259249	-0.0334088416	-0.0744250831	0.0160571731	-0.0433628936	-0.1365301178	-0.0937032376	0.0039741411	-0.1230018168	0.0860149951	-0.067293756	0.0830514645	-0.0940052262	-0.0002450566	-0.1332774164	-0.0296134182	0.0455534461	0.0939079472	0.0191827583	-0.0647495232	0.0	0.0439067	-4.6400000000002e-05	2.152960000000185e-09	0.00192779830489	0.110799	-0.0039809999999999	0.012276418401	1.584836099999999e-05	0.153893	-0.002287	5.230369000000052e-06	0.023683055449	0.00260165	6.119999999999997e-05	6.768582722500001e-06	3.745439999999996e-09	5.9717e-05	5.9717e-05	3.5661200889999997e-09	3.5661200889999997e-09	0.00172993	-0.00012681	2.9926578049e-06	1.6080776099999997e-08
9935.203945922574	-24.092727554374505	580.4595210093165	98708277.44707549	10009.89568950077	-16.12185001644866	259.9140479528657	100198011.71468613	7097.233515630273	1.4610458439929062	50370723.57538565	2.134654958248944	7445.730758764918	10840.062053742433	1.11414	45.402283	0.06525515	0.0337881	-0.0064839073	0.1385544306	-0.1288120892	0.003014681	0.0287299674	0.0104956677	-0.1876283344	-0.0176936754	-0.0069278615	0.124566545	0.078552767	-0.1487455394	-0.1174248627	0.006819242	0.0335105084	-0.0565683555	0.0049512538	0.0043287048	-0.0004663613	0.0315833873	-0.0273072228	-0.0937471091	0.1014596213	0.0583685584	-0.0927182957	0.1006135328	0.2746728403	0.0918969441	-0.0532155551	0.0574283713	-0.023809409	0.0504153325	0.0601521388	-0.0491702875	0.0972869789	-0.0001201204	0.0933236058	-0.1722627879	0.0910124866	0.2062226248	0.0143501442	0.0971027534	-0.0132209921	-0.0871257534	-0.1249181807	-0.0446025545	0.1660549197	0.054106973	0.0027072048	-0.0086982839	0.0102738228	0.0104180297	0.059685358	-0.0764679519	0.1570294923	-0.0246366669	0.0737644714	-0.0965148975	-0.0393665309	-0.0394579968	0.1652527184	-0.0153755775	0.0605067788	-0.0612673149	-0.2878948074	-0.0785177033	0.0589185337	0.1502700669	0.0777986065	0.0213458461	-0.0706239116	0.0662926892	0.0928738006	0.0631108283	0.0542467228	-0.0558306029	0.0173912385	-0.1157668234	0.0790548632	0.1597627646	0.0132773351	-0.0570294676	0.0629398613	-0.0356824208	-0.1612839331	-0.0043392547	-0.0045886363	-0.0255939623	0.2170063752	-0.0080884971	0.0326434549	0.0071590421	0.2502129195	0.0244253031	-0.035369648	-0.096503264	0.0739643691	0.0536480332	0.0866900159	-0.0682493765	-0.0868219672	-0.0844891163	0.1182313406	0.0787450742	-0.0533130579	-0.0371024286	0.0559935886	-0.1654040503	-0.0084449232	0.0216437903	0.0724760224	0.0132886824	-0.0342094894	-0.062292816	-0.1358579006	0.0669444359	0.032093216	-0.0075529639	0.2044212694	-0.1359504626	0.0115096827	0.1771139931	0.0347805918	-0.1261395124	0.0022784292	0.1441046207	0.137917661	0.0242343486	-0.0431006623	-0.1412908874	0.0873680773	-0.0239022263	0.0785131992	0.1629927778	-0.0300330721	-0.0024096751	0.1815452348	-0.0885471372	-0.0484740865	-0.2245356421	-0.0759674185	-0.0590636165	0.082965774	0.151286958	-0.0200316297	0.0214535841	-0.0126284259	0.0207074092	-0.1165101622	-0.1776091436	0.135669665	0.127331625	-0.0732754547	0.1249033372	0.0653397203	-0.0056722296	-0.0113442686	-0.0084776905	-0.0134435046	0.1554107978	-0.0933065528	-0.0295171579	-0.1000501114	-0.1789280376	0.0443340163	0.0223123996	0.105334688	-0.0733061735	0.0112770934	0.141510498	0.0257223387	0.0592588547	-0.0728029438	-0.1194219927	0.1005374198	0.0919553475	0.0133084396	-0.0721467023	0.0	0.0390795	-0.0048271999999999	2.3301859839999967e-05	0.00152720732025	0.0904089	-0.0203900999999999	0.00817376919921	0.0004157561780099	0.128913	-0.02498	0.0006240004	0.016618561569	0.00279245	0.0001908	7.797777002500001e-06	3.640464000000003e-08	-0.0	-5.9717e-05	0.0	3.5661200889999997e-09	0.00178057	5.0640000000000017e-05	3.1704295249e-06	2.5644096000000014e-09
9902.468446751096	-32.735499171478295	1071.612906005856	98058881.33890106	9975.238858590848	-34.656830909922064	1201.0959287189294	99505390.28594086	7083.239997188164	-13.993518442109234	50172288.85776618	195.8185583896513	7439.84558312237	10638.394428192556	1.064716	43.38821	0.0585757	0.0372505	0.0912338096	-0.0790845035	0.0054381687	-0.0686329138	0.0145596044	-0.0823035674	-0.0618354082	0.1134384578	-0.0447353631	-0.0725122305	-0.1280983997	-0.1067785154	0.0369022045	0.0496681284	-0.0383595604	0.0463633727	0.0945028058	-0.0010531223	0.0787410142	0.1056884084	-0.0220557999	-0.0695470403	0.073560167	0.0480082785	-0.1194183773	0.1522907565	0.030025177	0.1151454125	-0.1070230602	-0.0443180804	0.1990919752	0.1127719283	-0.0447810766	0.0036169303	-0.0783183096	-0.0539658492	-0.0865120798	0.197452374	0.1233190824	0.1016677251	0.2276449302	0.0411522726	0.0959768986	0.0803815993	0.0504189319	-0.1434799572	0.0229468018	-0.0010710733	-0.1167501573	0.0086205453	-0.1386393335	0.0754759351	0.0884637781	0.1148920119	-0.0467013822	0.1811747302	-0.0328080642	-0.0484749478	-0.1097790418	0.1276480308	0.011056761	0.0775857922	0.0506173199	-0.1319539745	-0.0194317564	0.0485477825	-0.0630919041	0.1398145868	-0.0269545743	-0.1074269915	0.0140205977	-0.0252697302	0.1542367877	-0.1956889181	0.0154579468	0.0183349522	-0.0004332723	0.0533054286	-0.1450099662	-0.0887899097	0.0218330518	-0.0113293796	0.0327715392	0.0246878622	0.1100909906	0.20378253	0.0454398216	-0.0203180191	0.1829783086	0.0193386623	-0.1327340833	0.0647997122	0.0193587866	-0.0514238168	-0.0834725147	0.0875303934	-0.0999166822	-0.0594450968	0.1298493816	0.0194891892	0.0531606307	0.1224991106	-0.0263853201	0.0046254332	-0.0522600696	0.0582003245	0.098751616	0.0114291029	0.0414949502	-0.1733021373	-0.0003860092	0.0761593516	-0.0540336118	-0.0258942636	0.1610151872	0.0192413604	0.1114791826	0.0545151999	0.0366441223	-0.1212819687	-0.0804327357	0.1262552034	0.0620232984	-0.0526206425	0.1061870202	-0.1312442192	-0.0153124224	-0.0306913727	0.1073719547	-0.0211055953	-0.0154727278	-0.0577137525	-0.0652045305	0.1301328099	0.0064552342	0.095242661	-0.1820656269	-0.0353175391	0.1247764102	0.0106248738	-0.0012808066	0.1611571315	0.0199804915	0.0508956973	0.0300563384	-0.2889319035	-0.082135753	-0.0401371689	-0.0762468387	0.0029790864	0.0692124555	-0.0748564099	-0.1255578957	0.034998064	-0.0717973686	0.0456748803	0.0474204288	0.0177247214	-0.006174539	0.1611962236	0.099839438	-0.0501400619	0.1161745935	-0.1380016512	-0.0601590237	0.0223804584	0.0300312712	-0.0318001208	-0.1440476272	-0.0724644721	0.067644809	0.0268791622	-0.0573916828	-0.039762638	0.0430296028	0.0899498651	0.007403511	-0.0791706065	0.0	0.0371039	-0.0019756	3.902995360000004e-06	0.00137669939521	0.11813	0.0277211	0.0139546968999999	0.00076845938521	0.152624	0.023711	0.000562211521	0.023294085376	0.00280079	8.33999999999991e-06	7.844424624100001e-06	6.95555999999985e-11	-0.0	0.0	0.0	0.0	0.00187559	9.501999999999991e-05	3.5178378480999995e-06	9.028800399999984e-09
9921.95935738333	19.490910632233863	379.8955972737271	98445277.48956662	10005.705969068738	30.467110477889943	928.2448208719512	100114151.93945776	7088.605591858437	5.3655946702729125	50248329.23692671	28.789606165661084	7449.79407971185	10550.53655126145	1.078194	43.937443	0.0447886	0.0218266	-0.129944844	-0.0079534759	0.0349852599	-0.0373336609	-0.0272184749	0.0328940243	0.1946278507	0.0601245182	0.0857434324	0.0129137373	0.0424652047	0.1621124397	0.1084829246	-0.048374583	0.0137059721	0.0611571102	0.0535300677	0.0560125492	0.0541073678	0.0810275522	0.148617854	-0.0272684425	-0.1393299114	0.0968379163	0.0051769473	-0.0058637808	0.064420129	0.0524623881	-0.0211121703	-0.1110949785	0.1078123961	0.0929611285	-0.0934893811	-0.0472269235	0.1270241558	-0.1523782632	0.0490793169	0.0995603163	0.070984421	0.0721514661	-0.0516534322	-0.2278777926	-0.1509838534	0.0025537659	-0.0127768498	0.0597617751	0.0461966582	0.0132734026	0.0078816682	0.0330716686	-0.137832059	-0.0625861773	-0.0474274051	-0.0946716102	0.0741264956	-0.0433349036	0.0236258271	-0.0843397267	-0.0925626285	0.1651769299	-0.067335016	0.0072918744	-0.1725768446	0.1031304661	0.0568014063	0.15946061	-0.0632108219	0.0365299261	0.1463748324	-0.1449997273	0.1012957255	-0.0324851207	-0.070603464	-0.0462462998	-0.0664702741	-0.1079210193	0.1150267722	-0.0905997254	-0.022369561	-0.1185848039	0.144030329	0.0466317377	-0.01933916	-0.0508680851	0.1445704616	-0.037373291	-0.1048182163	-0.0829891665	0.0634436499	-0.1180870502	-0.0306708768	-0.1369371973	0.0564209227	0.0513743156	0.1165579372	0.0235876926	0.0179254311	0.0801066342	-0.18622127	0.0834163465	0.1501126999	0.0838541879	-0.0244526249	0.0391612755	0.0279236316	0.0492832967	0.0448211384	0.0163351223	0.1193606526	-0.1073260827	0.0863995508	-0.182306834	-0.1050194945	-0.1528717339	-0.0097762588	0.0056476613	0.0019644625	-0.1152600501	0.0770371888	-0.0306063656	0.082557255	-0.0801834316	-0.1442033365	0.1444649713	0.0147710778	0.1370567287	0.008679189	0.0079995784	0.0683337146	0.1091831279	0.0079668698	-0.1840946547	0.0292757685	-0.0371840827	0.1152862829	-0.0096577641	-0.0163508428	-0.0235480115	0.0432242222	0.0102714359	0.0001236733	0.0331444218	-0.1293277478	-0.1410593074	0.0638616374	-0.0754240394	-0.0498720661	0.0031112693	0.0169083267	0.0363274785	0.1336625175	-0.0233265784	0.1256461307	0.1356742708	0.0084732117	0.0375820828	0.0324181992	-0.0141670061	0.0183097295	-0.0524783505	-0.0119636365	-0.1140549836	0.1290341656	-0.1572527934	-0.0688076136	-0.2159431166	0.0465823268	0.0647374932	-0.0614052923	-0.0357495986	-0.0935678244	-0.0345129445	-0.019912287	-0.1169858878	0.0612121377	0.0878926533	0.0014815541	-0.0857848953	0.0	0.043891	0.0067870999999999	4.6064726409999966e-05	0.001926419881	0.11039	-0.0077399999999999	0.0121859521	5.990759999999996e-05	0.163201	0.010577	0.000111872929	0.026634566401	0.00250266	-0.00029813	6.263307075599999e-06	8.888149690000011e-08	-0.0	0.0	0.0	0.0	0.00178003	-9.555999999999996e-05	3.1685068009e-06	9.131713599999992e-09
9946.548671169016	24.58931378568559	604.6343524509074	98933830.4679341	10020.041875688166	14.335906619427988	205.5182186009592	100401239.19054444	7096.72787538203	8.122283523593069	50363546.537224345	65.97148963763144	7449.232127313749	10720.863329732538	1.084934	44.212109	0.0758077	0.0356285	0.1020711474	0.0839698974	-0.0645148912	0.0841651402	0.0140279085	-0.0036146589	0.1147530382	-0.0335634204	-0.1501082688	0.018020127	0.1476285837	0.0383605471	0.0085428711	0.0133274032	0.0099227493	-0.0262158905	-0.0987480132	0.0296149242	-0.0318919513	-0.0536955792	0.0831123616	0.1515749355	-0.1992500702	0.1698355371	-0.0485723692	0.0863016857	0.0057854649	-0.0980985396	0.1391979969	0.0893776329	0.2152086854	-0.0045516382	0.0469778541	0.0655782818	-0.0349158942	0.0741672015	-0.0377756913	-0.0010707612	0.034754017	0.1462268499	-0.1330618403	0.0476873863	0.0221594947	-0.1718086117	0.0292780576	-0.1242614021	0.0763828756	0.0709936264	0.0034854372	-0.0338872918	0.0498650841	-0.0043548	0.0303045259	-0.0476297981	0.1169360915	-0.1062273944	0.0030900235	0.0954470689	-0.0500209229	0.1602084872	0.1098251074	0.0064462224	0.2458042165	-0.1565615518	-0.071290789	-0.1097633866	-0.0427036533	0.0610184273	0.0065991038	0.1480408925	0.1055879594	-0.074033898	-0.0449739464	0.0806609331	-0.0571961343	0.1425172074	-0.0190330888	-0.0479456522	0.1036721769	-0.0409584599	0.0231338246	0.0481893427	0.1024822741	-0.1308176069	0.0451610143	0.1662670475	-0.0521157635	0.0860210994	-0.0400425665	0.0141500228	-0.0480777565	0.1449395516	-0.1220452469	0.0161465335	-0.0127079635	0.1218072309	0.1165826987	-0.1212145469	-0.0680037955	0.0437296615	-0.0604633572	-0.0480902228	0.0348946903	0.0276392914	-0.1087253392	-0.0131057191	-0.0658870262	-0.2166910363	-0.0678499523	0.0349735271	-0.027827642	-0.0663555578	0.0597550264	-0.0367098601	0.0732432877	-0.2277814926	-0.155086365	0.133736122	0.0970267526	-0.0741321786	0.0534402222	0.1716830317	0.0829163792	-0.0145213323	-0.098633925	-0.0411797885	0.0808139458	0.0063280015	-0.0517692548	-0.093172937	0.1612036447	0.0815646072	0.1226249847	-0.0016179855	0.1244569911	-0.074586975	-0.0084780932	-0.0530853053	0.0136553509	0.0859538637	-0.0509053202	0.0072848024	-0.0450742085	0.0362863021	-0.1071385087	-0.1228014223	-0.067845321	0.1083008881	0.0706492301	0.1458776569	-0.1602224504	0.0725313765	-0.1392179908	0.0605602418	0.0409272877	0.0377754763	-0.0058100801	-0.010596172	0.0616485335	-0.0513080068	-0.0357539016	0.0483445109	0.0298255997	-0.0396421207	-0.0926400558	-0.1638452002	0.1295413306	-0.1138043282	-0.0076253244	-0.1529529894	0.1091416312	0.0436556992	0.0135646969	0.0166062631	0.0712940969	0.0857848953	-0.0044438104	-0.0919553475	0.0	0.0353878	-0.0085032	7.230441024000004e-05	0.0012522963888399	0.0865669	-0.0238231	0.00749382817561	0.00056754009361	0.139723	-0.023478	0.0005512164839999	0.019522516729	0.00265664	0.00015398	7.0577360896e-06	2.3709840400000054e-08	-0.000155598	-0.000155598	2.4210737604000004e-08	2.4210737604000004e-08	0.00187052	9.049000000000014e-05	3.4988450704000004e-06	8.188440100000026e-09
9948.172931579897	1.6242604108811065	2.638221882355661	98966144.67661896	10002.216141251349	-17.825734436817584	317.7568082119443	100044327.73630902	7092.183880272489	-4.543995109541356	50299072.19159693	20.64789155553576	7443.125544558168	10751.717413992686	1.059266	43.166107	0.096687	0.055553	-0.0198464945	-0.1317815243	-0.0486339061	0.0704943232	-0.039134781	0.0636676941	0.0002105509	-0.11583798	0.0443392175	-0.1374657501	0.0694699742	0.0245910123	-0.0761350486	-0.0336014165	-0.0405451084	-0.063391273	-0.0678206079	-0.0719955648	-0.111802256	-0.0199419024	-0.005501402	0.1273878161	-0.0836751052	0.0205796264	-0.0020438245	-0.0486736045	0.1087284918	0.0307784853	0.1814959589	-0.000831378	0.2169939787	-0.0779289739	0.0210320215	0.0159759058	0.0034742252	0.1185365677	-0.0077429621	0.13763361	-0.1604219018	0.0437616632	-0.0524836468	-0.1031007493	0.1168896383	-0.0060141167	-0.0658835577	0.0724217959	0.0720985341	-0.0121111337	0.0560470984	0.0431277574	-0.0062710809	0.0376710753	-0.227922188	-0.0874518209	-0.1492293072	-0.0414907117	0.0785583135	-0.0249375369	0.0592153021	0.0972950863	0.0670019098	-0.0628570842	0.0585872303	0.0086586059	-0.0401771874	0.1681186121	0.063588057	0.0374584287	-0.0956145311	0.033698929	-0.0154263058	-0.0226449495	-0.0569780912	0.130638927	0.0500604989	0.0769025979	-0.0560888861	0.3181137411	0.2611316841	-0.0202629777	0.0363352966	-0.0437752615	-0.1003948173	0.1573271191	-0.0751359873	0.0192424425	0.1062716542	-0.0409447654	-0.087829058	-0.0612569226	0.0196385229	-0.011898057	-0.1495826098	0.0400338933	-0.1363412862	0.1921185507	-0.1034263488	-0.0267418615	-0.1225226821	-0.0806514107	-0.114188217	-0.0354985519	-0.0350979147	0.0844044415	0.1227351394	-0.0436908251	-0.0481764027	-0.0815916307	0.0615307907	0.0748952084	0.0930560463	-0.0798954412	-0.0556219092	0.0151565071	0.0487579806	-0.0230955632	-0.1208232382	-0.1512000224	-0.0116727409	0.0826906922	-0.1439623469	0.0100068329	0.041685504	-0.0100252463	-0.1492768898	-0.0007737651	0.1311597294	-0.0696073117	-0.0369818702	0.0225949059	-0.1438227293	0.153369298	-0.063535874	-0.0120129154	-0.0541872101	-0.0492566826	-0.1976065477	0.0425678418	-0.3301236902	-0.0028571986	0.0637948262	-0.069574322	-0.0520918917	-0.0245218706	-0.0327280734	-0.1248981403	-0.058287047	0.0929455723	0.2575111157	-0.0756405711	0.0549021825	-0.1485115959	-0.0160699204	0.1172999028	-0.0265343036	-0.0036018162	-0.0592839191	0.0132614809	0.0462081557	-0.1143626814	-0.1543908832	0.047785483	-0.063734715	-0.0826397988	-0.1805984598	-0.0367829791	-0.1856734171	-0.0888342867	-0.0010055843	-0.227075918	-0.1034506073	-0.0230080992	-0.1147179052	0.0857866349	0.0052037078	0.0836278032	-0.010358954	-0.0976500381	0.0	0.0400408	0.004653	2.165040900000004e-05	0.00160326566464	0.135417	0.0488501	0.018337763889	0.00238633227001	0.161629	0.0219059999999999	0.0004798728359999	0.0261239336409999	0.00239834	-0.0002582999999999	5.7520347556e-06	6.671888999999996e-08	-0.0	0.000155598	0.0	2.4210737604000004e-08	0.00188218	1.1659999999999926e-05	3.5426015524e-06	1.3595559999999828e-10
9955.7788152557	7.605883675803852	57.84946648985952	99117531.8182942	10009.541581395684	7.325440144335516	53.66207330824235	100190922.6696892	7097.983857980815	5.799977708325969	50381374.84815621	33.63974141707816	7449.040263810577	10738.02645900291	1.091926	44.49704	0.0790778499999999	0.0459597	-0.0545701216	0.1286542636	-0.1472463364	0.0322347613	0.0583969081	-0.0059081071	-0.0393903208	-0.0104572606	0.0198316997	0.1085676807	0.1732150247	-0.0107245739	-0.0911765966	0.0472044621	-0.1071325568	-0.0397754609	0.0246223887	-0.1218097536	-0.0802132955	-0.0092738674	-0.0251958916	-0.0221055156	0.0105983621	-0.2021980057	0.0554722816	0.0521888151	0.186482373	0.0587306904	0.1399717988	0.0036181444	0.1316758474	0.0241197989	-0.032360728	0.0354050573	-0.0167260841	0.1962797321	-0.0243233983	-0.0007645217	-0.1224816912	0.0682029146	-0.1526567711	0.019346737	0.0187335864	-0.1399871013	-0.2230333196	0.1360056724	-0.0923679306	0.0470150441	0.0218428876	0.0163094229	-0.140872116	0.0936928424	-0.0429007837	0.1139052692	-0.1006889515	-0.0436566852	-0.0857579438	-0.0141049399	-0.1074128548	-0.0635823447	0.1159016331	-0.1388795281	-0.0798251492	-0.0381410887	0.0330162289	0.1898918524	-0.2209739536	-0.0323463271	-0.0726911098	0.0250491874	-0.0123596331	0.1602620749	0.1440068624	-0.099504662	-0.0330729866	-0.0838285914	0.123166988	0.0472839981	0.0868619058	-0.0629196452	0.0544416491	0.0213380871	0.0813604153	0.153241245	-0.1023415699	-0.1579779518	-0.1296600819	-0.0769035423	0.0627390063	-0.0903072279	-0.0031925685	0.0529018529	0.0007064054	0.0320747698	0.1172644493	0.0955007457	0.1097517054	0.0828785731	-0.0192173196	0.0505207496	-0.1870829304	-0.106207049	-0.0439880763	0.1305916035	0.1593375475	0.0309634214	0.1075766649	0.0430956533	-0.0126504311	-0.1634752626	0.0932387835	-0.0310506126	-0.2153313633	0.117926356	-0.0448376475	0.1877926201	-0.0436471712	0.0104144369	-0.0246414239	-0.0240985012	-0.1156443762	0.0789372273	0.1027905785	-0.0734016611	-0.0469967649	0.0026018788	-0.0266324827	0.0478589657	0.2081877495	0.12330304	0.0011034032	0.02479145	-0.173118464	-0.0657472835	-0.0335443792	0.00303331	-0.0827380467	0.0904584735	-0.0056761647	-0.0375962869	-0.1307220746	0.0480706122	-0.0112897449	0.0091571475	-0.2526073455	0.0842998961	-0.0295327027	-0.0406218608	-0.0147566691	0.0291602206	0.143124546	0.1242140923	-0.0056362868	0.1630824561	0.0711099255	-0.0268356867	-0.0011212065	0.0665005538	0.0030149944	0.0701886527	-0.0976795507	0.039861965	-0.0458783842	-0.0785657516	0.0053937902	-0.1901671073	0.0051301107	-0.2076553178	0.0188185222	0.0861700988	-0.1275519432	0.079790269	-0.0266618512	-0.0978417148	0.0639289148	0.0814226176	-0.0162502716	-0.1028395038	0.0	0.0383809	-0.0016598999999999	2.755268009999996e-06	0.00147309348481	0.0931209	-0.0422961	0.00867150201681	0.00178896007521	0.148214	-0.0134149999999999	0.0001799622249999	0.021967389796	0.00260607	0.0002077299999999	6.791600844899999e-06	4.315175289999989e-08	-0.000171217	-0.000171217	2.9315261089000004e-08	2.9315261089000004e-08	0.00193737	5.51900000000001e-05	3.7534025169000006e-06	3.045936100000011e-09
9945.898804413477	-9.880010842223784	97.6146142424595	98920903.02763344	10008.305465273845	-1.2361161218395864	1.527983066671739	100166178.28623033	7100.366823134618	2.382965153803525	50415209.02307079	5.678522924241857	7452.428771837807	10817.293392679572	1.117221	45.527817	0.0416754999999999	0.0215871	0.1387847512	-0.0878583092	-0.1297441748	-0.0102772356	-0.063766508	0.0139099457	-0.0520040536	0.0539593507	-0.1021318551	-0.1334542948	0.0425728412	-0.1277027426	-0.0842153303	-0.0561374451	-0.0226682113	-0.0112969493	0.0513543519	0.0883254893	0.016334372	-0.0224277115	-0.0251361296	0.0331807491	0.0976493323	-0.0806768206	0.0241043248	-0.0328857803	-0.0131441844	0.0713047617	0.170063642	-0.0476536129	0.1333275811	0.0708754845	0.0365267617	0.0035054797	0.024150326	-0.0538650715	-0.1426969976	-0.10438932	0.0192133599	0.0321675079	-0.0382368598	0.0734988138	0.2148799073	-0.0299137476	0.0666874964	-0.187609682	0.1049536466	0.0343556747	0.2132171054	-0.0388219209	-0.0252632409	0.1318232017	0.0737633058	0.1431207653	-0.0542028862	-0.0946431639	0.1864148906	0.0588832986	0.1287893256	-0.0127231506	-0.0948003913	0.0921244553	-0.1137328169	-0.1570986555	0.0645269783	-0.0277916737	-0.0388610395	-0.0432904522	-0.0065278065	0.1037765925	0.1289043958	-0.1313622122	0.0323298061	0.0278064238	-0.1268141158	-0.1279760415	0.2222004532	0.0047450646	-0.0835380557	0.0281462098	-0.0328353219	0.0080461215	-0.0664973008	0.1253366341	0.0731779895	0.0020460508	0.0339477484	-0.0105611602	0.0151057233	0.0218091447	0.0779824135	-0.0536414156	0.0296524373	0.0768882169	0.0302694772	0.0375067023	-0.0854539221	-0.1559637816	0.0649791193	-0.0992767183	-0.0485703846	-0.0819527091	6.51631e-05	0.0500616242	-0.2056249734	-0.0744983955	0.186155831	0.0140068285	-0.0458137744	-0.0904947322	0.0408185192	0.1815597955	-0.0132449117	-0.0374585283	0.1125725961	-0.0821010769	-0.096607177	-0.0717840008	-0.0863479021	-0.0564578715	-0.126260296	-0.179626228	-0.0639553293	0.0992800343	-0.053686259	-0.036001125	-0.0458115845	-0.1004385003	-0.0697387284	0.1347800928	0.0656110881	-0.0792713132	0.053968058	0.0597239703	0.0018463532	-0.1214217056	0.0097876476	-0.0805102435	0.065242382	0.0949405891	-0.1469908383	0.1477332983	0.0635240523	0.0219015951	0.0064455361	-0.0173814273	0.1680189629	0.0799410629	-0.1056801296	-0.000793798	0.0807938162	-0.0350963159	-0.1571251233	0.0728037875	-0.0991963679	0.0553755161	-0.0528546427	0.1257794063	-0.1494020012	0.046701718	-0.0113734602	0.0685381326	0.0442148336	0.0377108157	-0.1035922541	0.051652317	0.072531743	-0.1071062516	-0.0937306757	-0.0857705415	0.0554815932	0.0068893878	-0.0317500824	0.1407454876	-0.05912435	0.0791706065	-0.0221042132	-0.1074968953	0.0	0.0291226	-0.0092583	8.571611889000008e-05	0.0008481258307599	0.10881	0.0156890999999999	0.0118396161	0.0002461478588099	0.157438	0.0092239999999999	8.508217599999967e-05	0.024786723844	0.00263124	2.517000000000014e-05	6.9234239376e-06	6.335289000000071e-10	-0.000152715	1.850200000000002e-05	2.3321871225e-08	3.4232400400000075e-10	0.00204378	0.0001064099999999	4.1770366884e-06	1.132308809999994e-08
9918.156288730304	-27.742515683172314	769.6471764310618	98369824.16768049	9945.24949408637	-63.05597118747392	3976.05550239554	98907987.49962522	7091.100622222439	-9.266200912179556	50283708.034483455	85.86247934487724	7442.249644512756	10613.914763814848	1.113738	45.385887	0.058328165	0.0260489	-0.1271832099	-0.0812946832	0.0042949054	0.0462533887	0.0298015921	-0.00092967	-0.0182849883	-0.1594859512	0.1699778002	-0.040782742	-0.0560895142	-0.0861682144	-0.0090675062	0.0189511329	0.0526262077	0.034349679	-0.133274235	0.0501738229	-0.0548579766	0.1552966284	0.1124598692	0.0078020418	0.0778590048	-0.0556787458	0.1314631069	0.1048885838	-0.1585049588	-0.0902061036	0.1235548057	-0.0781556845	-0.0186289101	-0.0279873159	-0.1652016589	-0.0650339068	0.0714240097	0.0370933373	0.0219082427	0.0419431256	0.0384426022	0.1190019099	-0.1157905899	-0.1732535731	0.056477222	0.0738612891	0.0172324984	-0.0161365753	0.0647531608	-0.0614314673	0.1162660247	0.0415719608	-0.0208293631	0.0412478297	-0.0424724239	0.0525717165	-0.0661139752	0.1320887837	-0.0379748535	0.0656943231	0.1176993255	0.0286622788	0.0320447987	-0.1186299897	0.0496487127	-0.1293682232	0.072617728	-0.1474864396	-0.0351928543	0.0039262854	0.0584450129	0.0188983331	0.1126644963	0.0532445958	-0.2080738078	-0.0092835404	0.1344683781	-0.0409139673	0.107760844	0.0499967761	-0.1498424629	-0.0788649197	0.0652923664	0.2044546463	0.0507315753	0.0413159354	-0.0887625353	-0.0145305945	0.0877386307	-0.0845438035	-0.0172865566	0.063643192	-0.0918344798	-0.0320965521	0.1457141342	-0.1545254431	0.0924228827	-0.040667314	-0.1651667374	0.1007654347	0.0161699206	-0.0479532004	0.0542647238	0.0061269161	0.0364797244	0.1307670478	-0.0122528942	0.0746474162	-0.0743626882	-0.0605584855	0.0184696229	-0.0955658944	-0.0767356283	0.0775135453	-0.0333374446	-0.0035028298	0.0047752413	-0.1613238303	0.1226990003	-0.1054944559	-0.0165690743	0.2062148812	-0.1324990704	-0.0196772601	-0.0881252386	-0.0900677297	0.0963540156	0.0398660145	0.0031667665	0.0320782112	0.0798633707	0.003202492	0.1051733228	-0.0840390525	-0.0036645171	-0.0491210068	0.1581567502	-0.1927870062	-0.0754096012	0.0191486207	0.1203494614	-0.0216431462	0.1039709477	0.0179909645	0.0798973237	0.0285069929	-0.1313857366	0.0271749463	0.0587808689	0.123715791	0.1285972733	-0.0992647689	0.0768309407	-0.0974672816	0.0382942943	0.0776533378	0.0077975852	-0.0905302908	0.0184530115	-0.0102334734	-0.0066113438	-0.0951029691	-0.1792794226	0.1296871647	0.045509919	-0.0894774971	-0.1098679739	0.1230999108	-0.1382878553	0.022220456	-0.0914010424	0.1409376334	-0.0332227268	-0.0262165074	-0.0890091276	0.0619932867	0.1285984671	0.0768730652	-0.0279073143	-0.1115981158	0.0	0.0256329	-0.0034896999999999	1.2178006089999987e-05	0.00065704556241	0.112026	0.0032159999999999	0.012549824676	1.0342655999999978e-05	0.171307	0.0138689999999999	0.0001923491609999	0.0293460882489999	0.00287211	0.00024087	8.249015852100001e-06	5.801835690000011e-08	5.20843e-05	0.0002047993	2.71277430649e-09	4.194275328049e-08	0.00173438	-0.0003093999999999	3.0080739844e-06	9.572835999999989e-08
9920.213371426633	2.057082696328507	4.231589219534161	98410633.33463176	9976.441490140736	31.19199605436552	972.940617855554	99529384.80620152	7086.73018170021	-4.370440522228819	50221744.66822069	19.10075035833971	7444.9021837036835	10590.39235327098	1.090237	44.428223	0.026196285	0.0130906	0.0512511257	0.1117984628	0.009213554	0.0620218408	-0.0758289356	0.0350483686	0.0305297079	-0.0687595358	-0.0641025563	0.1211947644	-0.0392721285	0.045722128	-0.0251385055	-0.0896305839	-0.1111296521	-0.0076876978	0.010988552	-0.0454488268	-0.0447102844	0.1069907444	0.2000090071	-0.0486420854	-0.1414785049	-0.1872147631	0.1071345273	0.0664617678	-0.2028766641	-0.0475052275	-0.042468974	-0.0879473561	0.1551425141	0.0049424903	-0.0173597679	0.1565637878	0.0869287581	0.0778158053	-0.0461183415	-0.0699383635	-0.1141860122	-0.0898131194	-0.0696144438	0.0194022194	-0.0786992129	-0.0805165054	0.0802951012	-0.0320199351	-0.004112091	0.0539248808	0.018512603	0.2598640457	-0.0947451319	-0.0602163303	-0.0775682847	-0.0878274289	0.0334688066	0.0853938931	-0.0485862992	0.0350384663	0.1607868787	0.0002885405	0.1353869056	0.0992405966	0.1152407957	0.0530165935	0.0418459341	-0.0195680101	-0.1143859458	-0.165985566	0.1113459185	0.0563106579	-0.054987763	0.0091630747	0.1600931522	0.0335662399	-0.0473611035	0.092965238	-0.0058970886	-0.1490792974	0.0303700649	-0.0470687927	0.0903958961	-0.0814537413	-0.0367132178	-0.1378152004	-0.0628705232	0.0380494388	0.0564609502	0.0578000196	0.0017230032	-0.0052516228	-0.1796245078	0.1527578895	0.1098303335	0.1304642811	-0.0346223132	0.0720999223	0.124778263	0.0122676773	0.0065869249	0.0017489417	0.0902015861	0.0881138419	-0.1687818972	0.0041073698	-0.0489503198	0.0501578422	0.0944455964	0.0162123208	0.1766868567	-0.0769996777	-0.1067434527	-0.1946948184	0.0867379562	-0.0026480346	-0.0924804361	-0.1192014932	0.1060426277	0.0167826286	0.0739525564	0.1040936374	-0.025499934	0.0217888164	0.0485576582	-0.2542643597	-0.1068425079	-0.0901292474	0.0287696145	-0.0705485635	0.1009184379	0.128438654	0.0198234149	-0.0185560925	-0.050228915	-0.1060628963	0.1308647823	-0.0277355587	0.1571653536	-0.0358354131	0.1004729486	-0.0044399773	-0.0538546684	-0.0259794691	0.0192872502	-0.0320016087	-0.0591254478	-0.1115411162	-0.05769278	0.0940265568	0.0158815394	-0.1476247646	-0.1943402237	0.0448012613	0.0009455785	0.0768775605	0.1023814183	0.0894043965	-0.0823766557	0.1581960478	0.0793806746	-0.1133582658	-0.0271408098	0.051905836	-0.0274803176	-0.0869290675	0.0391304648	-0.1623841596	-0.0854708829	-0.1528578232	0.0458271622	-0.0238064755	-0.0018772313	0.0465865055	-0.0297880149	-0.0080930908	-0.1101978066	0.0745313149	-0.0336462277	-0.1151219464	0.0	0.025633	9.999999999940613e-08	9.999999999881224e-15	0.000657050689	0.119679	0.0076529999999999	0.0143230630409999	5.8568408999999896e-05	0.170258	-0.0010489999999999	1.1004009999999885e-06	0.0289877865639999	0.00273225	-0.00013986	7.465190062499999e-06	1.9560819600000094e-08	0.000197138	0.0001450537	3.8863391044e-08	2.104057588369e-08	0.00166941	-6.496999999999991e-05	2.7869297481e-06	4.221100899999989e-09
9955.273674765303	35.060303338670565	1229.2248701995943	99107473.93947507	10048.708963690864	72.26747355012776	5222.587733318415	100976551.83696112	7093.659345787493	6.929164087283425	50320002.91407825	48.01331494849834	7459.030394159324	10679.939592591723	1.092138	44.505665	0.0609214999999999	0.036485	-0.0111781225	-0.119930857	-0.0672498387	0.0734128865	0.0733766443	0.0848534321	0.0647648002	0.0409079075	-0.022752879	-0.127127244	0.1216563909	0.1347006376	-0.0558501586	0.0880011046	0.0283563423	-0.0463758909	0.0487139793	0.0021037313	-0.1466063934	-0.0332807163	0.1247334056	0.1996500669	-0.023775654	0.0495082886	0.052797545	-0.0340857136	-0.0446415771	0.0461925396	-0.0749345069	0.0558567384	0.0235631553	-0.0155068101	0.0870094745	-0.0865769805	0.0801629412	-0.0596656707	-0.104574852	-0.0991392143	-0.1085218272	-0.0059425133	0.008852068	-0.0825003915	0.0759803249	-0.0578940941	-0.0662543361	-0.0550085163	0.03048024	0.0805415608	-0.0476114724	-0.005366892	-0.0977348051	-0.1669050634	0.012549368	-0.0313326075	0.0250208135	-0.1170585656	-0.1097598988	0.0718984407	0.084614122	0.047350009	-0.0199377826	-0.1641725865	-0.0478333341	-0.1012840331	-0.0409647891	-0.0089685035	-0.0047106328	-0.151966055	0.1277354045	-0.1081123307	-0.1002422011	0.0382637323	-0.0984588615	-0.142200377	-0.0450748322	-0.0217731862	0.0593153003	0.0968997542	0.0403078934	0.1386453525	-0.2074269522	0.0298875715	-0.1245636409	0.052260466	-0.0310100429	0.0348969797	0.1412005906	0.0962561726	0.0247586318	0.1028652195	0.001348388	-0.1171016688	0.0639615906	-0.0263641299	-3.19214e-05	0.0212537071	0.0072895056	-0.1010894988	-0.1644516069	-0.0178561117	-0.0553768326	0.057572001	0.0988280936	0.0734415758	0.0493091961	-0.0425237262	0.0849098536	-0.1420818265	-0.1294203396	0.0605219014	0.0894154539	-0.1206196791	-0.0773173887	0.0353542581	0.0015746271	-0.0469251056	0.0512520344	0.0833420018	-0.0478690303	0.165505665	0.0657853484	-0.1873870536	0.0676699944	-0.0525334167	0.0617024325	0.1205014229	-0.160345698	-0.0001911648	-0.0754308478	0.0477555324	0.0097498171	-0.0143230254	-0.1564285927	-0.0554446482	0.0429744465	0.0362850027	-0.1559702293	-0.099706524	0.0538684072	0.0872750771	0.058403026	-0.0993133138	-0.0509457491	0.2324821445	0.1429898685	0.0717491068	-0.118150758	-0.0567072411	-0.099703553	-0.0348200888	0.0735070785	-0.0412838996	-0.0511895853	0.0334870773	-0.1197789284	-0.1095178851	0.0483932862	0.0799209557	0.0339203844	-0.1729220245	-0.1269699716	0.0634032094	-0.0634480492	0.0161686244	-0.1220192933	0.0398835159	0.0550700377	-0.0643825009	0.0017456125	-0.2118028598	-0.0284702177	-0.0360910037	0.1025952947	0.0697254039	-0.0170948775	0.0721467023	-0.0393077537	-0.1180501554	0.0	0.0256284	-4.600000000000437e-06	2.1160000000004017e-11	0.0006568148865599	0.0906313	-0.0290476999999999	0.0082140325396899	0.0008437688752899	0.153095	-0.0171629999999999	0.0002945685689999	0.023438079025	0.00300965	0.0002774	9.0579931225e-06	7.695076000000008e-08	0.000182874	-1.4263999999999998e-05	3.3442899876e-08	2.0346169599999996e-10	0.00166695	-2.460000000000136e-06	2.7787223025e-06	6.051600000000668e-12
9937.31007267488	-17.963602090423592	322.6910000630708	98750131.48048563	9979.46916202643	-69.23980166443471	4794.150134530255	99589804.75583649	7107.369112941668	13.709767154175095	50514695.70759724	187.95771542169837	7450.347879328519	10769.556175909172	1.076335	43.861702	0.0825994499999999	0.0481164	-0.0914156098	0.0678938591	-0.1359365299	-0.0584224491	-0.0586862058	-0.013652446	-0.1828358319	0.0267021519	0.0787740437	0.0257186684	0.1329021887	-0.1295947076	-0.0361145816	-0.0130301577	0.0715114314	-0.0126967976	0.008521604	-0.1819648268	-0.0177491047	-0.1059021583	-0.0270097095	0.133663829	0.0846091069	-0.0779758566	-0.116209139	-0.0315494137	-0.1608115793	-0.1897726466	-0.1311609875	-0.0401504134	0.0015928713	0.0284789476	-0.0624428741	0.084850741	0.0297790316	-0.0371460089	0.1542867758	0.2713752003	0.029308315	0.1293352615	-0.0096325148	0.0028751188	0.0728295811	-0.019033353	-0.0528437354	0.0306079277	-0.1442560954	0.0264688313	0.1978992438	0.0986316986	-0.0144234242	-0.1104666967	0.2274063452	0.0428272405	0.2305765361	0.0866209058	0.200357633	-0.0203800315	-0.0440679815	0.0131667432	0.0381613989	-0.0093566405	0.0114214117	0.0498535152	0.0545376453	0.0308140185	-0.0242705019	0.0568976343	-0.0111582147	0.0366140398	-0.1059132848	0.0299364517	-0.0677581058	0.0261678577	-0.0930367906	0.015560293	-0.1203356639	-0.0427253179	0.1183889361	0.0742577598	0.0587885459	-0.1796930912	-0.016068094	0.2950780181	0.0724198512	0.0699895646	0.0241615147	-0.1413267655	-0.0218457859	-0.0974845946	-0.0695685701	0.1014831215	-0.0432703411	-0.0876563195	0.1081833252	-0.0083125335	0.0112071345	0.0520037752	0.0066250747	0.0657667763	-0.1148747125	-0.1895809013	-0.0209637425	-0.0694859963	0.0632144939	0.0460253548	0.2377422746	-0.0007037405	-0.1708732398	0.0288011903	-0.0147593649	0.1089061647	0.1477012367	-0.1003105773	-0.0903544257	-0.1624701119	0.0707664136	-0.0181611587	0.0647078351	0.1035901291	0.0475273989	0.1680316677	-0.0552488612	0.1156333816	-0.0179091763	-0.022153554	0.068882634	-0.0412112618	-0.081067812	-0.0110161049	-0.2450402616	-0.1015286404	0.0018484467	-0.1039479035	0.0939120773	0.0706860958	0.014380273	0.0751259535	-0.0574641984	0.0539297976	-0.1826768607	0.1457114333	0.0670452143	0.0051383029	-0.0636902754	-0.0893336389	-0.0739061646	-0.1332126292	0.0046112764	-0.0302358036	-0.012580378	-0.0159569485	0.0017618292	0.0959815228	0.1710235686	-0.1437169293	-0.0692561045	0.146518035	-0.0769707361	0.0725863429	-0.0370292732	0.0327006271	0.0019638372	0.0396883411	0.0625789419	0.1059089864	-0.1494368016	0.0171655876	0.0259737897	-0.0779802551	0.0325097409	-0.1090141302	0.0146209986	-0.0375600359	0.1789109679	0.0697205988	-0.0448788706	-0.1203675927	0.0	0.0228943	-0.0027340999999999	7.475302809999998e-06	0.00052414897249	0.132887	0.0422557	0.017658954769	0.00178554418249	0.172035	0.0189399999999999	0.0003587235999999	0.0295960412249999	0.00276482	-0.00024483	7.644229632399999e-06	5.994172890000006e-08	0.000308367	0.0001254929999999	9.5090206689e-08	1.5748493048999997e-08	0.00166388	-3.0699999999999825e-06	2.7684966544e-06	9.424899999999891e-12
9907.171940539003	-30.13813213587673	908.3070086395658	98152055.85940336	9963.502499699389	-15.966662327040469	254.9343058657333	99271382.06151596	7094.746495784488	-12.622617157180684	50335427.83944627	159.33046389675218	7445.5757053493635	10648.796999002923	1.077065	43.891441	0.1350876	0.0856566	0.1068138299	-0.0138618797	-0.0307457663	-0.1733543702	-0.025268702	-0.0579731754	-0.0436663775	-0.0125122483	-0.0523904936	-0.0056838292	-0.0722662643	-0.1249850869	-0.1147461618	-0.0278038094	-0.000997852	0.1977150986	0.0693127088	0.0368486164	0.053431789	-0.0367074609	-0.0862712187	0.107970685	0.0218369222	-0.0651490603	-0.0508535286	0.1091031138	0.0582380974	-0.0317768107	0.0926268295	0.1119844493	0.0195770908	0.0194250614	-0.193704204	0.1138323506	0.1356690817	-0.056839893	-0.0250040165	-0.0023276437	-0.0795826474	-0.1698419803	0.2749485254	0.0851923642	0.1159360293	-0.0308529259	-0.015488944	-0.151808854	-0.0786440409	-0.0330131406	-0.173719803	0.0109064728	-0.1489996351	-0.0090920771	-0.0503038119	-0.0185888236	0.0969492992	-0.0664716433	0.1061147607	0.0583972265	-0.0388969091	0.0455176988	-0.2361041851	-0.0669497905	-0.0177987549	0.0938483593	0.1005001797	0.0200281076	0.1874412426	-0.0074976661	0.1212728083	0.1412278227	0.0800515424	0.0158297264	-0.1044161436	-0.0134437191	-0.1348458536	0.0455026989	-0.1485119568	0.0027279472	-0.1196839699	-0.1726313128	0.0631547741	-0.0370554381	-0.0616679261	0.0609489132	-0.1080941974	-0.0123991616	0.1515915484	0.1154231154	0.0408492455	0.097582376	-0.0705237694	0.0136496093	0.1198496168	-0.1112014653	0.0085468991	-0.1974757898	-0.0686626425	-0.027367509	0.1793428664	-0.0222963656	-0.0164395316	0.054240561	-0.0115883459	0.0065858113	-0.1175716446	0.0811897065	0.0741198054	0.0633437334	-0.2074046856	0.0993856681	-0.186993813	-0.2530873289	-0.1301415686	0.165909836	0.0365227898	-0.0949361051	0.0172855717	-0.1821194977	0.0406535369	-0.1567990083	0.0834303063	-0.0394258635	-0.1797814017	-0.0367491153	0.0368310215	-0.0030212067	-0.0747295546	-0.0093526457	0.009653637	0.0332617866	-0.2097971876	0.0079199044	0.058411101	0.219350386	0.0331848996	-0.1158163277	-0.0431574083	-0.0089143926	-0.1163083831	0.0393229135	0.052895129	-0.0433280807	0.0516138376	-0.0054391319	0.0391441581	-0.0099312516	0.0522409898	-0.0521449734	-0.16779265	0.0886591801	-0.0809054217	0.0574896337	-0.0605811253	-0.0362239683	-0.0894097323	0.0047534297	-0.1328355981	0.039971182	-0.1128949886	-0.0603122848	-0.0089308351	0.1244855668	0.1488570618	0.0392812821	0.0818540966	0.1563697852	0.272963202	0.0159529077	-0.0312032853	0.0469166526	-0.2143887142	-0.0562100386	0.1299451277	0.0878212723	0.1273883727	0.0672543997	-0.0503467647	-0.1220622684	0.0	0.0279613	0.005067	2.567448900000002e-05	0.00078183429769	0.0522225	-0.0806645	0.00272718950625	0.00650676156025	0.166902	-0.0051329999999999	2.6347688999999985e-05	0.0278562776039999	0.00332503	0.00056021	1.10558245009e-05	3.1383524410000025e-07	0.000148745	-0.0001596219999999	2.2125075025000004e-08	2.547918288399999e-08	0.00182851	0.00016463	3.3434488201e-06	2.7103036900000008e-08
9906.83429284442	-0.337647694583211	0.1140059656573573	98145365.7058782	9964.709774891127	1.2072751917385176	1.4575133885872744	99295440.8978108	7095.089126669305	0.3426308848174813	50340289.71538101	0.1173959232308101	7452.160859403254	10485.175541122646	0.996928	40.625759	0.1391156499999999	0.0835038	-0.0383002928	0.0200657551	-0.0121685476	-0.1880091632	-0.0347247216	0.0802662395	0.0240495236	0.1073015136	0.0098588431	0.0159515185	-0.0249550127	0.0316001691	-0.0008155295	-0.0342267674	0.1812599367	0.1269624815	0.1661394296	0.009280713	-0.0759825243	0.0182592887	0.022912259	0.1361450281	0.0882873067	-0.1614022192	-0.1035846979	0.0246146021	-0.0743569439	-0.1581781982	-0.2207962936	-0.2049247856	-0.0874315232	-0.0135279526	0.0596434466	0.0343638342	-0.0806518943	0.2138662438	0.0396925757	-0.0213038867	0.1124292543	-2.94413e-05	0.0441885183	-0.0426348777	-0.0292807532	-0.0645037418	-0.0878442091	-0.0721301992	0.0410712885	0.0619307147	0.0494566281	-0.0624698467	-0.0054566453	0.0213929054	-0.011897126	0.0914530881	0.0456339879	-0.0868663928	-0.076499643	0.0998999287	0.1646853855	0.0568507173	0.0217420351	-0.046571106	-0.0246198573	0.0309946523	0.1864199217	0.0069766816	0.2089165517	-0.0986845942	-0.0928053614	0.2205242751	-0.1962339474	0.0091818398	0.1498585079	0.149090025	0.0052982369	0.2385197813	0.0617737579	0.045479473	-0.0598095591	0.049921469	-0.0026129577	0.0420803913	-0.0473843596	-0.1289090102	-0.053065555	-0.0420190328	-0.1903056871	-0.1213689268	-0.000948266	-0.0444533231	-0.0187879826	-0.0817326946	0.0644491215	-0.0440123803	-0.0529727835	0.0074677438	0.0077000384	0.0388545939	-0.0063407194	-0.0337984218	0.1137846869	0.0875672884	0.093194242	0.0833959309	-0.0766784865	0.0035774991	0.096339729	0.0370188374	-0.1613280384	0.0595037072	0.0110263247	0.0424702526	-0.0845969385	-0.0622153818	0.0405356368	-0.1403139756	-0.0225244265	0.091350151	0.0527817126	0.1285500597	0.0006139099	-0.1782191516	0.126654832	-0.0217689768	-0.2772277938	-0.183047737	0.1289448813	0.0191914246	0.0174792394	0.0388766392	0.0814165406	0.2319894209	-0.0877694291	-0.1836881854	-0.0024801908	0.132809947	0.1085647408	0.1385639932	-0.0060017372	0.0028588123	0.0314067267	0.0058273746	0.1002629109	-0.1632229673	0.0282924083	0.073449982	0.0452311161	-0.1433390212	-0.0353352978	-0.0964717677	-0.0472444721	0.0208334031	0.0315221017	0.0219904501	0.0272671486	-0.0531022378	0.0206570848	0.1755461877	-0.0789896528	-0.1229987518	0.030007269	-0.0896326747	0.1259103152	-0.0106474227	0.0830511162	0.0884121657	-0.0155650483	-0.0975349724	0.1436372091	0.0244564999	-0.0046466395	-0.0817961514	0.2775914068	0.0343453101	0.0474445785	0.0647495232	-0.0556988596	-0.1231254143	0.0	0.0191055	-0.0088558	7.842519364000001e-05	0.00036502013025	0.132631	0.0804085	0.017590982161	0.0064655268722499	0.185527	0.018625	0.000346890625	0.034420267729	0.00311671	-0.00020832	9.7138812241e-06	4.339722240000005e-08	0.000308292	0.0001595469999999	9.5043957264e-08	2.5455245208999997e-08	0.00157185	-0.0002566599999999	2.4707124225e-06	6.587435559999996e-08
9937.850524676642	31.01623183222182	962.00663707013	98760873.0508158	10047.443561336591	82.73378644546392	6844.87941960363	100951122.11824413	7098.771528388203	3.682401718897381	50392557.21225498	13.560082419338388	7461.722361907076	10732.954935167563	0.995143	40.55302	0.04402955	0.0239286	0.0548026228	-0.0750898324	-0.1063544698	-0.1292861858	0.1283737466	0.0507868372	-0.0860016884	0.1122815436	-0.0753513735	-0.1055594666	0.1164574239	0.029373105	-0.0549198166	0.1110446952	0.0681660219	0.0603310602	0.1239528911	-0.1326331769	0.1005471762	-0.078894301	0.1034019687	0.0880096136	-0.0666994731	-0.1309207039	0.0254460108	0.0156883001	-0.079194897	0.0752083784	-0.056719571	-0.087572927	-0.278433041	-0.0717695615	0.1525274996	-0.0072351763	-0.0003052889	-0.0240218375	0.0651802793	-0.2768078353	-0.1151049853	-0.0734493706	0.0023172395	0.0351459745	0.1054130715	0.0287509343	0.0177810169	-0.1830657473	0.0756743708	-0.0558010532	0.0181039177	0.0435722063	0.1914474074	0.0362093312	0.0662665262	-0.068607751	-0.078453228	0.2352131419	0.2008836962	-0.097096943	-0.1538564652	-0.0622951421	0.2193839492	-0.0194312346	-0.1217822122	0.116276233	-0.0073322448	-0.00568299	0.0444649084	-0.0224702668	0.0206745522	-0.1173119628	0.0696056266	-0.0028250133	-0.089586213	0.0060548076	0.1108492849	0.0819285688	0.0813716673	0.0764112923	0.1383828633	-0.0936007012	-0.0456311663	-0.0677369267	-0.0321159571	-0.1715285296	0.0714968374	0.1152661397	-0.0718549628	-0.1396055959	0.0002478518	0.0887177709	-0.0318727067	0.1208390819	0.0529846998	0.0659995664	-0.0713204191	0.0523288521	-0.0070537834	-0.1334490426	-0.0294023346	-0.0023915736	-0.1133238139	0.0568154756	0.060493572	-0.1694010624	-0.022182016	0.0496303599	0.0767665572	-0.0161344629	0.1672895135	0.0653103373	0.0576140869	0.2851621407	0.0051280405	-0.2281932218	-0.1003449244	0.0629883247	-0.0443380061	-0.1310499315	-0.1016315836	-0.125667552	-0.0025537065	0.0575486742	-0.1744584086	-0.1907393342	-0.0319843887	0.0222814879	0.0148283861	0.0308405925	0.0129071292	-0.0064605617	0.010224581	0.0890425656	-0.0357393782	0.0927213969	0.0421210645	0.0220371114	-0.0223832007	0.0837476354	0.1102217659	-0.112857997	0.1136478407	-0.0271173853	-0.0313521472	-0.0605975164	0.1185435272	0.005753722	-0.1989926863	-0.0039721522	0.2076595933	0.011393058	-0.0549464787	-0.0098530219	-0.0639010185	-0.0039101778	-0.0917304895	-0.050972436	0.0050604026	0.2058293598	0.0078862712	0.0538180535	-0.0135186864	0.0006960234	0.0771712663	0.0770385378	0.2122706689	0.0450470994	-0.0887997016	-0.0704472016	0.0410961968	-0.0032861048	-0.0121596013	0.0127102628	0.1489499489	0.1090747183	-0.0349362885	0.0622074098	-0.0609228453	-0.12355153	0.0	0.0177018	-0.0014037	1.970373690000002e-06	0.00031335372324	0.113813	-0.018818	0.012953398969	0.000354117124	0.179681	-0.0058459999999999	3.417571599999989e-05	0.032285261761	0.00335103	0.00023432	1.12294020609e-05	5.490586240000005e-08	0.000419469	0.000111177	1.75954241961e-07	1.2360325329000002e-08	0.00155811	-1.374000000000015e-05	2.4277067721e-06	1.8878760000000407e-10
9911.6959360505	-26.15458862614105	684.0625062026667	98241716.32872	9969.080780868311	-78.3627804682801	6140.725362719863	99382571.61547792	7091.256136818015	-7.515391570187603	50285913.59795916	56.481110453246885	7441.75504502924	10610.426333060765	1.085995	44.255325	0.0285321499999999	0.014028	-0.1877129278	-0.02600812	-0.0096961244	-0.1669141739	-0.0407803128	-0.0786482652	-0.0447045426	-0.0699493561	0.1935421459	-0.0196211196	0.0547766654	-0.1291945345	0.025759544	-0.0068281582	0.0703697276	0.1475281692	0.0052668389	-0.0195551318	0.0296456955	-0.185509093	0.0074815887	0.0361433378	-0.1371312042	-0.0795878099	-0.0919332848	-0.0054714749	-0.040493356	0.188231312	-0.0067074133	-0.1007404422	-0.104865653	-0.0625585208	-0.1042698161	-0.1550227881	0.0310073216	0.0246365577	-0.0090716939	-0.0021073645	-0.1170748025	-0.1431614982	-0.1234371382	-0.1293504264	-0.0814134762	0.1305385401	-0.1206541256	-0.0911227477	-0.0573597654	0.0369461271	0.2149531269	-0.0318519412	0.0765599371	-0.0537706682	0.0123004418	0.0681245137	0.1148455483	0.0374032824	-0.0502223543	0.0692565274	0.1076836646	-0.0983792524	0.0473369864	-0.0135629979	-0.033934277	0.195600652	0.0200614563	-0.0624122308	-0.013495399	0.0307950112	-0.0550962969	-0.0750216411	0.097923235	-0.0439522106	-0.0416673228	-0.0644473584	0.0822273615	0.0942401645	-0.0918652028	-0.0134355989	0.0189781264	-0.0056073296	0.0342649951	-0.0218847128	-0.0163799337	-0.0014110196	0.034744023	0.0661826028	-0.0818136957	0.016651353	0.1622256233	0.1189444955	0.0820320124	-0.1914906443	-0.0863661	0.0873267296	0.0880772982	-0.0227415358	-0.1263939564	0.1831640929	-0.0002969826	0.091543321	-0.0099644869	-0.0383776735	-0.0159320462	-0.0774943112	-0.1013841336	-0.1037151203	-0.0493283599	-0.0039128904	-0.0805617164	-0.1075763258	-0.0176127095	0.1006821892	0.0826123642	-0.1273958872	-0.0808460573	-0.0367645893	-0.051812105	-0.0099217434	-0.1431147176	0.0597884816	0.155309544	-0.1052314214	-0.0462031206	-0.031808727	-0.0587685128	-0.0596073454	0.0469993565	0.0518152939	0.1043070657	-0.1581160632	-0.0600599585	0.0610366163	0.1005716164	0.0526144856	-0.0371880421	0.0742527386	0.0035374574	0.0174488219	0.0095665531	-0.2004578871	-0.0236582471	-0.0474673848	-0.099735843	0.0333003759	-0.0804579046	0.0541052337	-0.0706863594	-0.0037371252	-0.0788515888	-0.0210993481	0.0882678132	-0.0549465036	0.1481491443	0.0474283568	0.0369245811	-0.1701949779	-0.0534226855	0.0690553098	-0.0530591456	-0.117255338	0.0171488923	0.0871160533	0.150390699	-0.0522056259	0.2148287904	0.0677851177	-0.0392839573	0.1335579086	-0.0505409263	-0.0226004269	-0.0275561592	-0.0714230497	0.0305909548	-0.0217521814	-0.0645917433	0.0596295215	-0.0660067066	-0.1233384109	0.0	0.0255876	0.0078857999999999	6.218584163999998e-05	0.0006547252737599	0.124157	0.010344	0.015414960649	0.000106998336	0.179802	0.0001209999999999	1.46409999999957e-08	0.0323287592039999	0.00328878	-6.225000000000024e-05	1.08160738884e-05	3.875062500000031e-09	0.000470906	5.143699999999999e-05	2.21752460836e-07	2.6457649689999992e-09	0.00146817	-8.993999999999994e-05	2.1555231489e-06	8.089203599999991e-09
9895.43790466998	-16.25803138052106	264.32358437000755	97919691.3251794	9975.617496344848	6.536715476537211	42.728649221201096	99512944.43338148	7084.029198730996	-7.2269380870193345	50183469.688473314	52.22863411361068	7442.625530996227	10532.194703415124	1.164134	47.43959	0.08620945	0.0430378	0.1514148872	0.1318311022	0.0321184947	-0.1253077438	0.022433644	0.0009800602	-0.048083567	-0.1298769646	-0.149551382	0.1233727759	-0.0604683873	-0.0671317143	-0.0940561747	-0.0419749237	0.0792295947	0.0881670205	-0.0295298219	-0.0208804288	0.0061162792	-0.0201220017	0.0441533529	0.0021105755	-0.1584271471	0.0735275287	-0.1258519138	0.0801506569	-0.0752821898	0.0609495098	-0.0302532698	-0.0373037725	-0.1548044216	0.1081036467	0.0168074452	-0.0538009289	0.0133861033	0.1339155566	-0.0711274232	-0.0238436166	-0.0871685589	-0.10566127	-0.0244294298	0.1544957598	-0.0640390479	-0.014947175	0.0429736945	0.0260168788	0.1043616694	-0.0146254852	0.2207544013	-0.0558730334	-0.1075417028	-0.1177153497	0.1138619689	0.0798302598	-0.1290615323	0.0635990578	-0.0307909082	-0.0181598979	-0.0049539881	-0.1793428601	-0.1448051463	-0.0457627131	0.0283425691	0.1331299847	-0.0507720115	-0.0765770796	-0.1044223205	-0.1402242014	0.0987138358	-0.0121228468	-0.1130727219	-0.0960615986	-0.0273488308	-0.0822971169	0.1058728984	-0.0472321006	-0.183256279	-0.0138283706	-0.0176757882	-0.1176735726	-0.0129403024	0.0999730588	0.0151963604	-0.019096629	-0.071201527	-0.0211027359	-0.0049338442	0.0428634203	-0.0043722704	-0.0601473309	-0.0010819527	0.1172695695	0.066315676	-0.01162843	-0.0473954625	-0.0818747455	0.1404865222	-0.0204084492	0.1421787023	-0.1521393925	0.0854040842	-0.0084354097	0.008189828	-0.0358104001	0.0336565052	0.0196356088	0.0486947749	-0.111551582	-0.1141698146	-0.1112601654	0.0239707708	0.0652996479	0.1313643748	0.1237019848	-0.1909026319	0.0396193958	-0.1210269779	0.0145361014	-0.1375006522	0.0774869666	0.1226607662	-0.0284184786	-0.1462087912	-0.0989894591	0.1765055478	0.0627063388	-0.0595160002	-0.1408206464	0.0406213492	-0.0324583042	-0.085469203	-0.0622502881	-0.0964058556	-0.0465752087	-0.0166150891	0.0965111093	-0.0650375362	-0.0758439786	0.0258794272	-0.140601359	0.0458611587	-0.0186481522	-0.0043415361	-0.0015530155	0.0266074172	0.004123989	0.1498099642	-0.0106255688	-0.0773579951	0.0316006832	-0.0719116672	0.1166497952	-0.0843771067	-0.0817979769	0.0659222985	0.0021445598	-0.1376605684	0.0951939769	0.1223153412	-0.037433476	-0.0491697438	0.0191409017	0.1274993402	-0.0717057708	0.2247461699	0.0463983879	0.0214825195	0.0725319726	0.0102816856	0.0201334033	0.1782589296	0.0603707392	0.0061138363	0.0966663977	-0.0679372308	0.0570173409	-0.0709387503	-0.1224871595	0.0	0.0193282	-0.0062593999999999	3.918008835999998e-05	0.00037357931524	0.0993584	-0.0247986	0.00987209165056	0.00061497056196	0.162964	-0.0168379999999999	0.0002835182439999	0.026557265296	0.00388411	0.00059533	1.50863104921e-05	3.544178089000003e-07	0.000340937	-0.000129969	1.1623803796900001e-07	1.6891940961000003e-08	0.00150914	4.096999999999998e-05	2.2775035396e-06	1.6785408999999983e-09
9870.114900122822	-25.323004547157325	641.2545592953505	97419168.14162657	9933.40473646289	-42.212759881958846	1781.9170968519145	98672529.65838335	7071.2369204988745	-12.792278232121134	50002391.5858264	163.64238236800023	7425.130308690841	10457.84549127448	1.110768	45.264858	0.1284091	0.0789727999999999	0.0088592004	-0.1403362597	0.1434248128	-0.0459431272	0.0062307913	-0.089601454	-0.120833517	0.0339103049	0.0561834082	-0.1029835156	-0.1709045331	-0.0070274304	0.0018457141	0.0270471157	-0.1098449555	-0.0021243296	0.072805642	-0.0436526972	-0.0522394439	-0.0887494344	-0.0557280382	-0.0654601999	-0.0677181476	0.0387378417	-0.2954545402	0.0545300275	-0.0958295362	0.0902796568	-0.026406944	-0.1319826948	-0.107206937	0.0321459652	0.0262323552	-0.1183909989	-0.0354680718	0.1256202233	0.0172385691	0.0545740521	0.0637106323	0.0276386355	-0.1225030842	-0.0609295644	0.0598708461	0.200570018	0.0346668588	-0.0356968042	-0.0542688143	0.0406211322	0.0862913456	0.1343151061	0.0181883416	-0.0373923341	0.0115245222	0.0196543521	-0.1386094744	0.0371063016	0.0306271154	-0.0819268805	-0.0827827561	-0.0642646421	0.0527115464	-0.0047620003	0.0223339662	-0.1383630735	0.0451589515	-0.066151535	-0.1185327271	-0.0370509285	0.1333509589	0.1685797783	0.0074314189	0.0388024701	-0.0240753426	0.167062358	-0.1476040721	-0.0100372027	-0.1392366996	0.0654975369	-0.0987087619	0.1439121598	-0.1025264311	0.0441238072	0.0130096742	-0.0364198102	0.1386659887	-0.1212446545	0.0396980391	-0.0107912964	-0.2012686927	-0.0338742845	-0.0330421553	-0.0171811326	-0.0329398171	0.1229163345	0.0402057381	-0.0803827768	-0.1136643976	0.0168900581	0.0533472184	-0.0266083645	-0.0589242811	0.1247046265	-0.1608480217	-0.0522689582	0.0573795179	-0.0922037448	0.0792100573	-0.0523414497	-0.0481606729	-0.02006738	0.0079449175	0.0532898254	0.0189321506	-0.062668594	-0.0682578208	0.0115306109	-0.0362489728	0.0619782669	0.0025418881	0.1720475449	-0.1008787946	0.2421140138	0.0058546836	0.0753173032	0.0605859394	-0.1429993687	-0.2127663425	-0.1162658727	-0.1054637699	0.1248546984	-0.0035468135	0.0086078403	0.2125252164	-0.0892216918	-0.0330365815	-0.0774289741	0.0675210521	0.1538866093	0.0238107247	0.1276343072	0.1174170144	-0.003053065	-0.097738501	-0.0423344853	0.0780197561	0.1010357316	0.0842964566	-0.0445002721	-0.0215240374	-0.0518067274	0.0540237225	-0.1775235401	0.0503764663	-0.0769274398	-0.0201687876	-0.0017341004	-0.0162394115	0.1852270942	0.1425019126	0.0379824839	0.1187032376	0.0020097463	0.0446519634	-0.1601144324	0.2028315997	0.0668361646	-0.0810915907	0.0934471457	0.0244742339	0.0015283077	0.0911760362	-0.0411614273	-0.0800214064	0.0004100151	-0.0710673249	0.0543723701	-0.0757076326	-0.1210021801	0.0	0.0256344	0.0063062	3.9768158440000014e-05	0.00065712246336	0.165608	0.0662496	0.027426009664	0.00438900950016	0.204909	0.041945	0.001759383025	0.041987698281	0.003786	-9.81100000000002e-05	1.4333796e-05	9.625572100000042e-09	0.000470673	0.000129736	2.21533072929e-07	1.6831429696000013e-08	0.00155946	5.0319999999999965e-05	2.4319154916e-06	2.5321023999999966e-09
9888.859927225672	18.745027102850145	351.3760410865865	97789550.66028972	9952.098309999994	18.693573537104385	349.44969158712934	99044260.77190474	7079.304608833198	8.067688334323066	50116553.74464695	65.08759505977248	7437.552367252228	10321.514734483137	1.098724	44.774063	0.1580196499999999	0.088955	-0.0055207152	0.1511116341	0.1052522587	0.0008020268	0.0647700177	-0.0063967878	0.0249708197	0.1585097315	-0.0347660896	0.1638561288	-0.0019120505	0.10653828	0.1014237884	0.0314226042	-0.0443556994	-0.0866912549	0.1550990413	-0.0507262103	-0.0407458455	0.0418593783	-0.0285070153	-0.099435819	-0.1905035749	0.1345685165	-0.0756237561	0.118762688	0.0295924916	-0.2168817407	0.0941476157	0.0451131159	-0.2234350829	0.1632152135	-0.2991896345	0.0103261267	0.0365976961	-0.0323707742	0.0011597797	-0.0465777042	-0.1188333082	0.1175353239	0.0041822213	0.0828763184	-0.1060175356	0.0117589185	-0.1569885033	-0.0426036417	-0.0075594804	0.1837758149	0.0428464262	0.0794498473	0.0879214353	0.0240833459	-0.0355181221	0.0120854201	-0.1365244754	-0.0258619233	-0.0645933509	-0.0841096209	-0.0601586713	0.0009691677	-0.0947444207	0.0034789842	-0.0993186282	0.0772286093	0.0664224361	-0.0087555012	-0.1948992447	0.0805140778	0.0002897005	-0.0028179139	0.0509580158	-0.0496967421	-0.0427473857	-0.0241772094	-0.00829434	0.0356321436	-0.0289481628	-0.054029799	-0.0454834824	0.0508203762	0.1890005705	-0.2139382637	-0.1083258709	-0.1667435256	0.0351389355	0.0074747238	0.1211907137	0.0287103931	-0.0422570081	0.0465871861	0.0963813871	-0.0703754636	0.1447598917	0.1147117686	0.0379150787	-0.0191080958	0.1459508608	0.0632660718	-0.0193750915	0.1160834763	-0.0097650451	0.0960164011	-0.0160697462	-0.0361210325	0.0430772353	-0.123708807	0.0834982387	-0.1432773788	0.0150811962	-0.1336649363	-0.1612046201	0.0403588582	0.0382651408	0.0534295683	-0.0281428366	0.233870284	-0.1555005856	-0.0629074367	0.0867162648	0.0421822218	0.0011375578	-0.0998256593	-0.0988584509	0.1454851371	-0.034849895	-0.0944947598	-0.0159766163	0.128022421	0.0309721266	0.0178656639	-0.0155975253	-0.0367709951	0.0413943991	0.1268120707	0.1760815785	0.0213045536	-0.027730716	-0.1175085653	-0.0539377512	-0.0257314301	-0.063301998	-0.0170759329	0.0198910749	-0.1739794274	0.2340726435	0.0698769457	0.0881311636	0.0382077029	0.056953208	-0.0575718428	-0.0480423787	0.1382051541	0.0299961109	-0.0591076468	0.0632356795	-0.0906806921	0.052145176	0.1263236036	0.206642765	-0.023173524	0.1187493084	-0.1068281798	0.0362651402	-0.0670623226	0.0420723298	-0.057887339	0.0733858811	-0.0652609545	0.0237749847	0.074938379	-0.0143865211	-0.0195861877	-0.0153826687	0.0455286692	-0.0366721581	0.0516961302	-0.0803023849	-0.1188911558	0.0	0.0148716	-0.0107628	0.00011583786384	0.00022116448656	0.0887503999999999	-0.0768576000000001	0.0078766335001599	0.00590709067776	0.168693	-0.036216	0.001311598656	0.028457328249	0.00386823	8.222999999999998e-05	1.49632033329e-05	6.761772899999996e-09	0.000133968	-0.000336705	1.7947425023999995e-08	1.1337025702500001e-07	0.00129473	-0.0002647299999999	1.6763257729e-06	7.008197289999995e-08
9921.32187086744	32.46194364176699	1053.7777850012565	98432627.66535258	10018.115123955273	66.01681395527885	4358.2197248059	100362630.63682136	7093.90320598693	14.598597153732044	50323462.69591164	213.11903885695327	7451.064113614134	10620.326784177458	1.092223	44.509148	0.09828575	0.0562894	0.086454938	-0.0996164071	0.0257069911	0.1156808185	-0.0512299	-0.0568743957	0.0460272597	0.1364522871	-0.0924296295	-0.1272298678	0.0379692868	0.0814303736	0.0752116746	-0.0314677017	-0.1087836404	-0.1255347328	0.0016449195	-0.0385875251	0.1099888124	-0.0240132299	-0.0295237184	0.1317137688	0.0625240071	0.2430096133	0.0278442419	0.2299569626	-0.0455849408	0.057208	-0.0845257163	0.093005913	-0.1326514126	-0.0302947808	-0.0782765474	0.0477891995	-0.0923101506	0.0975628301	-0.143047375	0.0957084482	0.030694189	-0.1086845252	0.089395418	-0.0278270125	0.0705965261	0.0454918807	0.1007315182	-0.0106242783	-0.1611930843	0.0713018224	-0.0629445091	0.2331439829	-0.0720895414	0.0574873541	0.0269165161	0.1113800078	-0.0467291388	0.003902068	0.0876182786	0.0515886128	-0.0290703179	-0.0483698954	-0.0416778711	-0.0156977121	0.1501975617	-0.0110142416	-0.0483588229	0.1023891024	-0.0691618444	-0.0144984641	0.0454372433	-0.0193105454	-0.0744201302	0.0671256788	-0.0754882098	0.0761336682	0.0695424723	-0.0132908917	0.0844016073	-0.0033332531	0.0672884624	0.097769259	0.0887774196	0.0322352926	0.0069307544	-0.1269527923	-0.1823111085	0.0572791381	-0.075903865	0.1007655672	-0.0049761051	0.105949656	0.0641489966	-0.2247510303	-0.1670111202	-0.1307172368	0.0203419321	0.0049612393	-0.0272900732	-0.1587114364	-0.1104697032	0.0585156943	-0.0441462349	0.0019172343	-0.1563151705	-0.1088333437	-0.0136465726	-0.0680400463	0.0781486296	0.0124121223	-0.0729080495	0.0739846363	-0.1459403208	-0.0024006832	-0.0067195858	0.1112620789	0.0257812579	-0.1238541825	0.0981372423	-0.0033779214	-0.0674834603	0.0109290528	-0.0375565822	0.1101357167	-0.0211078633	0.0161088345	0.0973941573	0.0405520035	-0.0212738183	0.0805653484	-0.1010734324	-0.028079843	0.204235089	0.0527689905	-0.1709205755	0.0054260087	0.0832835295	-0.0024863422	0.0178570757	-0.0804952701	-0.1079374796	0.0552765078	0.0104302944	-0.0587517347	0.0161203527	-0.0557236614	-0.021020566	0.1996440025	-0.1686254458	0.0719291378	0.0317710753	-0.0148800286	0.2274958847	-0.1144785985	-0.0912446641	-0.0979347989	-0.0162070842	-0.0562361309	-0.0334530723	0.1272263847	0.1469601017	-0.0133154343	0.1671111289	-0.0224767304	0.0579700731	0.1208452673	-0.1391440434	-0.0067874938	-0.0031686849	0.0095726026	-0.179312574	-0.062250989	-0.0436735558	0.0447353609	0.0369889575	-0.0412774456	-0.0421651702	0.0489901604	-0.0847124392	-0.1161650086	0.0	0.0153749	0.0005032999999999	2.5331089e-07	0.00023638755001	0.136071	0.0473206000000001	0.018515317041	0.00223923918436	0.183341	0.0146479999999999	0.0002145639039999	0.033613922281	0.00354712	-0.0003211099999999	1.25820602944e-05	1.0311163209999993e-07	0.000200075	6.610700000000001e-05	4.0030005625e-08	4.370135449000001e-09	0.00162379	0.0003290599999999	2.6366939641e-06	1.0828048359999996e-07
9919.620039147689	-1.7018317197507713	2.896231202349868	98398861.7210604	9952.729037023471	-65.3860869318014	4275.34036425309	99056815.28441016	7097.424023984576	3.52081799764619	50373427.776233405	12.39615937254933	7447.978922791458	10586.673646557952	1.124175	45.811218	0.0830425499999999	0.0513782	-0.1612500133	0.0342066471	0.0382135165	0.1165429077	-0.0565571722	0.0430809173	0.086716378	0.0029229191	0.1532991078	0.0557297232	0.0589921332	0.0531837018	0.0393113455	-0.0262048792	-0.0462751571	-0.0922290206	-0.0730257342	0.1606762571	0.1261801819	-0.1212851409	-0.1024214763	-0.0394754735	-0.1059955656	0.0046915411	0.1045268555	0.0398243894	0.0432574032	0.0893345679	-0.243500378	0.0615484318	0.0705956959	0.0177816121	-0.172547132	0.0466398124	-0.101795213	0.0946126737	0.0180333017	0.0136244623	-0.0254678996	-0.0961952147	0.0039859581	-0.0538329299	-0.1248246351	0.0536302161	-0.0868318259	-0.0082509446	-0.1036426684	-0.0130262594	0.0111307451	-0.1417132692	-0.0103660276	-0.0748622679	0.0529693641	-0.0362472503	-0.0001676792	-0.1502101217	0.0512681213	-0.1018847332	-0.0839508123	-0.1165334557	-0.0327653618	0.1414392545	0.1377318983	-0.0402956261	0.2105918197	-0.0052486544	-0.0430052129	0.0379524185	0.0688735018	-0.0824424315	0.0491496469	0.1347230139	-0.0137847832	0.003878647	0.098385712	0.0320450861	0.0100536647	-0.0219729526	0.1119596659	-0.0717722258	-0.0802302459	-0.1391827894	0.1049025883	0.0913003946	-0.0839320637	-0.0655196626	0.0719565744	-0.0235092842	0.1426338006	0.0211112931	0.1485849412	-0.0801907826	-0.008082949	0.0776116001	-0.1029695972	-0.1047629737	-0.0254592198	0.1529969373	-0.0706345924	0.0854796222	-0.0241203575	-0.0811004389	-0.0164820405	-0.0775071964	-0.0672076404	-0.0825567596	-0.0354457932	0.0689097353	-0.0394944902	-0.0136468722	0.1099363752	-0.017268224	0.0397767519	0.0003494679	-0.1171320666	0.0207911657	-0.1115164625	0.0360982809	-0.1605577948	-0.215405185	0.0079989934	0.0260101803	0.2048185011	0.073321882	0.1552652912	0.1007500312	0.0202912505	-0.0518638575	0.1288359183	0.1066467734	-0.070092072	0.0524386359	0.0104019331	-0.0009152141	0.1671018521	-0.0297342422	0.0222793421	0.0701610052	-0.1441524577	0.010091458	-0.0111847346	-0.0971849004	0.1528336332	-0.004590013	0.0268288907	0.0772126651	0.0302119466	-0.0750376107	-0.0924583676	-0.0089267777	0.0014206336	0.0702159697	0.1956184336	0.0180160593	-0.0386165388	-0.0531327981	0.0020552561	0.0684134803	0.0706790971	-0.087917473	0.0310574148	0.0239512342	0.0476501038	0.1131190361	0.0290857357	-0.1926441386	0.0917320962	0.1540019146	-0.1703822642	0.0394487356	-0.0191483464	-0.0051631827	-0.0376951462	-0.1131069033	0.0191105667	0.0462560168	-0.0889276521	-0.1128378432	0.0	0.0204174	0.0050424999999999	2.5426806249999984e-05	0.0004168702227599	0.0905037	-0.0455672999999999	0.00819091971369	0.0020763788292899	0.180407	-0.0029339999999999	8.608355999999954e-06	0.032546685649	0.00397318	0.0004260599999999	1.5786159312399997e-05	1.8152712359999984e-07	0.00010113	-9.8945e-05	1.02272769e-08	9.790113025e-09	0.00155882	-6.496999999999991e-05	2.4299197924000003e-06	4.221100899999989e-09
9905.152569461912	-14.46746968577645	209.30767910886053	98112047.42431793	9945.266526003235	-7.462511020235979	55.68907072714344	98908326.27324046	7094.52884369226	-2.895180292315672	50332339.51398144	8.38206892501306	7445.8853138305085	10594.509855225446	1.11545	45.455643	0.0368617	0.0167604	0.1236588545	0.0991672679	0.055321357	0.1594866333	-0.0447411842	-0.0179369435	-0.0212281198	-0.19091461	-0.110157485	0.0766608064	-0.0706416867	-0.1310478043	-0.0031898647	0.0032398478	0.0136336168	-0.1185639006	-0.2117313633	0.1032349847	-0.0468755871	-0.0048505667	-0.0905209101	0.0165465822	-0.0753755853	0.1583771207	0.0249387081	0.070668673	0.0230692668	0.0820648721	-0.1350634331	-0.028121765	0.0835203658	-0.0206726757	0.0058620336	-0.0441627291	-0.036260435	-0.0544287707	0.0048618266	-0.23940139	-0.0101662156	-0.0226802988	0.1248361902	0.2227377526	0.0760967829	0.0311239733	0.126864131	0.1010789223	0.0134557114	-0.0016693809	-0.0413119903	-0.1404021496	-0.0594265402	-0.1506547098	-0.0968226148	-0.0291023963	0.0582440908	-0.1517379415	0.0411095257	0.0451883372	-0.062032134	-0.0325896355	0.0587718833	0.0683031897	-0.1042310528	-0.0257008933	0.0632228376	0.0581211264	0.0928585613	-0.046007066	-0.0531276032	0.006481278	-0.0340913093	0.2748410135	-0.0325577707	-0.0775618994	0.1973183384	-0.0331337645	-0.0766576494	0.0075038548	-0.0521347153	-0.0645304107	-0.0829238576	0.0315516302	0.1172916878	-0.0172216247	-0.0830487315	-0.1488714731	0.0207255546	-0.0940449963	-0.0953328218	0.0465641437	-0.0203666856	0.0583348671	-0.0449745472	0.0372909228	0.1438349648	0.015592056	0.0305659089	-0.0903665123	0.2144184221	-0.0529358555	0.0025697206	-0.1160832909	0.0884222327	0.032226902	0.00606508	-0.0217481977	-0.2096233976	-0.0105336716	-0.0342693533	0.028231351	0.2159054803	-0.1023311522	0.0164393354	0.0298062954	-0.1288029632	-0.1009951363	0.0777571246	0.0668377585	0.0081762984	-0.0818909924	-0.0802363198	0.0367559055	0.0016601457	0.1024321996	-0.0181305656	0.2066884378	-0.0640316558	0.1002438405	0.1176691125	0.1529115978	-0.0840167512	0.087674489	-0.123980956	-0.0373682001	0.0107548565	0.0451184142	0.1028573554	0.0257967353	-0.0457984242	-0.0715022896	0.0855075225	0.0344875155	-0.0041892274	-0.0623338541	-0.0051141486	0.0333115934	0.211299287	-0.1555101852	0.1569429569	0.056743537	-0.0163247188	0.0915179465	-0.1030593592	-0.1127360071	0.0556630401	-0.0281674238	-0.0830881855	-0.0586351056	0.1642273913	-0.136383024	-0.0507800741	0.1048234118	-0.0346098132	0.049998547	-0.1346729026	-0.0640868882	0.1757812489	0.1280050379	-0.1212055227	0.0029244762	0.1213987435	0.0567944746	-0.0425449342	-0.0230738474	-0.0383189558	0.0434952718	-0.0929383286	-0.1089268737	0.0	0.0255352	0.0051178	2.6191876840000023e-05	0.00065204643904	0.0821512999999999	-0.0083524000000001	0.0067488360916899	6.976258576000178e-05	0.167667	-0.01274	0.0001623076	0.028112222889	0.00401403	4.085000000000026e-05	1.61124368409e-05	1.668722500000021e-09	-8.47032e-22	-0.00010113	7.1746320902399996e-43	1.02272769e-08	0.00162987	7.105000000000002e-05	2.6564762169e-06	5.048102500000003e-09
9895.991973503356	-9.16059595855586	83.91651831590994	97930657.13964283	9944.015507539929	-1.2510184633065364	1.565047195533848	98883444.41419458	7094.298335954901	-0.2305077373594031	50329068.87953247	0.0531338169825515	7453.37613812426	10528.174705392496	1.062019	43.278316	0.122685705	0.0666606	0.008034421	-0.150746979	0.1287325018	0.1000422566	-0.0333899481	0.0367038799	-0.1151663673	-0.0142514289	0.0714535209	-0.1019937829	-0.1719993944	-0.0067934077	-0.0424803065	-0.0236612697	-0.0593626021	-0.103464791	0.0056639404	-0.0317847288	-0.1005274492	0.048599568	0.0023264095	0.1046981805	-0.0861605529	0.0537113042	0.030523015	-0.0761266821	-0.030132978	-0.0827601482	-0.1117284951	0.0658395272	0.0064299065	0.041482682	0.1182294243	0.017306515	-0.0174886003	-0.0152264064	0.0069706506	0.0311185328	0.0510254847	-0.003734431	0.0497578582	0.0093151183	0.0967924224	0.1798405042	0.0202694463	0.0028783398	-0.011059566	-0.137457639	-0.0102745861	-0.1057747425	0.1041889683	-0.0439232962	-0.0251860493	-0.0053414045	0.0793396753	-0.0387087657	-0.0182039656	-0.0048475589	0.0495559391	-0.1001296086	0.0658894312	0.0919430244	-0.1334993325	-0.0044326625	-0.0405996592	0.0291106384	0.0238566632	0.0772754215	0.0741712129	0.1291135505	-0.0008144532	-0.0907098908	0.1622374968	0.0344447324	0.058257659	-0.0710061943	-0.1071476358	-0.1130950398	0.0792385469	0.114945272	0.0733287551	-0.0796881541	0.097077524	-0.0012954891	-0.0318683262	-0.049688361	-0.1201026019	0.0049839942	0.0569271106	0.1194407379	0.0361527992	0.0215195644	-0.0004822195	-0.1297770834	-0.0625023741	-0.039241154	-0.1528463142	0.0222424183	0.0944286691	-0.1120565808	-0.0199982129	0.043330724	-0.0154497144	-0.0551607829	0.0795101688	-0.0294337874	-0.0042358314	0.0574130853	0.060156383	0.0821226112	0.029253848	0.0031526325	0.144300071	-0.0927709157	3.03587e-05	0.0565726598	-0.020887344	0.0478406679	-0.0456417291	0.0391825605	0.0995271374	0.0077707258	-0.0116910622	0.0316062754	-0.0549672791	0.07503885	-0.0243543393	-0.0924646615	0.0772571234	0.0683822925	0.0967143547	0.0026601888	-0.0025355129	0.1977424706	-0.0707254013	0.0724949989	0.1736671051	-0.0693527205	-0.1242372459	0.0287063083	-0.116520293	0.1246139447	0.0131498265	0.0557509785	-0.0379158138	0.0165639978	-0.0120664089	0.0871382817	-0.0642843716	0.0953601705	-0.1507300416	-0.1360816638	0.0464997505	-0.1137766682	-0.0798318916	0.0174918863	0.0077520162	0.038721735	0.1207797264	0.0028486086	-0.004991992	-0.0029431282	-0.1376280203	0.0022919255	-0.0142243154	0.0598654396	0.0495011009	0.1725792233	-0.0540200533	-0.0505728044	0.056622661	-0.022369625	-0.0698964989	-0.0191634194	-0.0357547694	0.0407095131	-0.0967352439	-0.1044523349	0.0	0.0202498	-0.0052854	2.7935453160000023e-05	0.0004100544000399	0.127618	0.0454667000000001	0.016286353924	0.00206722080889	0.208985	0.0413179999999999	0.0017071771239999	0.043674730225	0.00451203	0.000498	2.03584147209e-05	2.4800400000000016e-07	8.45121e-05	8.45121e-05	7.14229504641e-09	7.14229504641e-09	0.00165967	2.9799999999999965e-05	2.7545045089e-06	8.880399999999978e-10
9882.561182997651	-13.430790505704865	180.3861336081319	97665015.53569196	9939.112566282269	-4.902941257660132	24.038832976065915	98785958.60523012	7091.008098297449	-3.290237657452053	50282395.85012	10.825663842515574	7444.880940309993	10466.750738530269	1.062604	43.302124	0.0600203	0.0356349	-0.1161340579	0.1216289498	0.1168328037	-2.02578e-05	0.0362214606	0.0096236154	-0.0622781147	0.022674177	0.1207485046	0.171073418	-0.0830561805	-0.0080046463	0.0039998534	0.0791000215	-0.0229393233	-0.0331118755	0.047607936	0.0142304008	0.0965693223	-0.0504607038	-0.0813212061	0.1144355875	0.0376922298	-0.0058544119	0.0101470789	-0.0259013172	0.0888939577	0.0322008129	-0.1565464971	0.0338429075	0.0794415777	-0.0847275386	0.0143605269	0.0105387778	-0.0322023022	-0.0788616552	-0.1112611195	-0.0082297434	0.0282928508	-0.0223989443	-0.209532893	0.0511965767	-0.1213619649	0.0054623467	-0.1712950579	0.1181975794	0.0257369864	-0.1272943699	0.0728278076	0.0564909194	-0.0708106063	-0.0090649651	0.0026350637	0.0897839981	-0.0140983504	-0.0854024065	-0.0233518753	0.0506066317	0.0195384918	0.0326588944	0.0330669285	0.0226178634	0.1135471537	-0.0486429299	0.1520748648	-0.1381254142	0.2236807909	0.0667634243	0.1713318498	-0.1348579443	0.1142599679	-0.0845369397	0.1496951045	-0.0796797394	-0.0566987968	-0.1611419285	0.0472174241	0.012866071	-0.0847357232	0.1027601569	-0.0029227967	0.0594803051	0.0475851132	-0.0680227115	0.0226447469	-0.0079387673	-0.0389445046	0.0755093864	-0.1334232675	-0.0209621262	0.1315195047	0.1389579597	0.0278845453	0.1318569793	-0.1592197916	0.028624453	0.0912604918	0.2064898233	0.0530207382	0.0184402347	-0.0253525099	0.0508097459	0.0073358091	0.0728896796	0.0804320566	-0.1007371365	0.0303230593	0.1458604277	-0.0500404702	0.0208672374	-0.0737493123	0.0751876726	-0.1104310971	-0.0862391309	0.0231004949	-0.1158955285	0.0119042906	0.1200740466	-0.024600848	-0.0866017387	-0.0671357283	-0.0988325587	0.1070581435	-0.0101772859	0.037317603	0.0915379847	-0.0730183097	-0.2034960944	0.1711841131	-0.1942789025	0.1099121348	-0.0714000403	0.1579314957	-0.029209956	-0.1348917154	-0.0771876253	-0.0258796959	-0.0460220726	-0.0107082164	0.0746339477	0.0381650229	0.0667465387	-0.0779209004	-0.0384949142	0.0935751436	-0.0227903769	-0.019596409	0.149578699	0.0520330668	-0.0013317064	-0.0854219704	0.1131917065	0.1687066654	-0.05200862	0.0180881492	-0.0460677437	0.0427250002	0.0025232441	0.0202586557	0.0452509513	0.0473040451	-0.0276815577	0.0239112049	0.0648648421	0.0127896785	0.0014137461	0.0887462859	0.1131330129	-0.0112698521	-0.0060358738	0.0675898737	-0.0143938254	-0.1130817458	0.0215376564	0.071800801	0.0379003427	-0.1003096651	-0.0994373772	0.0	0.0255324	0.0052826	2.790586276000002e-05	0.00065190344976	0.0961872	-0.0314308	0.00925197744384	0.00098789518864	0.195911	-0.013074	0.000170929476	0.038381119921	0.00439735	-0.0001146799999999	1.93366870225e-05	1.3151502399999958e-08	9.03701e-05	5.857999999999997e-06	8.16675497401e-09	3.431616399999997e-11	0.00157555	-8.412000000000003e-05	2.4823578025e-06	7.076174400000005e-09
9879.221911945206	-3.339271052445838	11.150731161702735	97599025.58545828	9943.223642798095	4.111076515826426	16.900950118979544	98867696.41069902	7080.835088280828	-10.173010016620536	50138225.547428966	103.49013279826178	7443.660245558464	10400.782204509718	1.06902	43.563583	0.0501699599999999	0.0276499	0.1569562492	0.0072264429	0.1162309372	-0.0545803147	0.0092055397	-0.0572988663	0.0838500712	0.036202574	-0.1443614293	-0.0041005009	-0.1411033653	0.0082945272	0.0967362593	0.0297086442	0.0208368857	0.055061409	0.0141999207	0.0602579216	0.0255984245	-0.0028443516	-0.0541180725	0.0616113104	0.0694194262	-0.018750633	0.1079722998	-0.0880902877	0.0097635256	-0.0452023069	-0.076340798	0.0622851679	0.0711881452	-0.0022094903	-0.062601666	-0.1484927698	0.0010596425	-0.0372965861	0.030964618	0.0083497535	-0.0805433449	0.024502315	0.0089030235	0.0517638417	0.0169270091	-0.0539384807	0.1439167075	0.0608843018	0.07340823	0.0531354667	-0.0938058886	-0.1493155074	0.0213059872	-0.0302210083	-0.126653475	0.0844923843	-0.1043469053	-0.0434252316	-0.0036273306	-0.1197633927	0.0161317853	0.0340301588	-0.0253735327	-0.059880642	-0.0352158152	0.0441692386	-0.0392661713	-0.136791512	-0.0073005571	-0.0932895091	0.0678898312	-0.0776737527	0.0492867699	-0.0917686022	-0.0175767067	0.0489897156	-0.0398372659	-0.0326528911	-0.0589079457	0.0666645495	-0.1244880938	-0.1168724104	0.1584486047	-0.0647856093	-0.045621982	-0.0160229172	-0.1323049479	-0.0846807914	-0.115802357	-0.1012107749	0.0400730209	-0.0284484098	-0.0877344062	-0.0479526455	-0.0582018198	-0.0247771898	-0.0715896808	0.1671317129	0.0533359899	-0.1206394201	0.0819060775	0.0073460765	0.1175084401	0.0850432983	-0.0275034493	0.0402999528	0.0182475495	0.0147851895	-0.1423058223	0.0250875522	-0.0335436312	0.0887595039	0.1184311404	0.0061017087	-0.048921316	0.0016452707	0.0444030113	0.1750294897	-0.0234275472	-0.0780526921	0.0133708312	0.0366673669	0.0324137067	-0.0968341034	-0.023076361	-0.0535629738	-0.0017553268	-0.0184423071	-0.045348633	-0.0661212859	0.044272438	-0.1387891351	0.1442869866	-0.0907783731	0.0292015752	0.0102921664	0.1075247864	-0.0531829763	-0.0164719348	0.0651617044	-0.0567138753	-0.0690490773	0.0600457632	-0.0117180025	0.0631374779	-0.2395020397	-0.0881226622	-0.1043105498	0.0110714232	-0.0252115539	0.0199199037	-0.1056611965	0.1018626773	0.0309107122	-0.1010293732	-0.1468973706	-0.0254342277	0.0302011537	-0.0130101521	-0.0572905259	0.0140570726	-0.0643186994	0.0826017421	-0.0679427085	0.1110788871	0.0555862455	-0.0835724866	0.0323587905	0.1115461003	0.0121777332	0.0408484604	-0.0045445861	-0.0511349927	-0.109969929	-0.2310497469	-0.0156563744	0.0066623121	0.0350693762	-0.1036533709	-0.0939079472	0.0	0.0256534	0.0001209999999999	1.4640999999999898e-08	0.00065809693156	0.116512	0.0203248	0.013575046144	0.00041309749504	0.184957	-0.0109539999999999	0.0001199901159999	0.034209091849	0.00449052	9.31699999999992e-05	2.01647698704e-05	8.680648899999848e-09	5.28169e-05	-3.75532e-05	2.78962492561e-09	1.41024283024e-09	0.00182023	0.0002446799999999	3.3132372529e-06	5.986830239999998e-08
9888.839319955336	9.61740801013002	92.49453683331308	97789143.09589472	9942.489825989378	-0.7338168087171653	0.5384871087558447	98853103.93990228	7078.105293817705	-2.729794463122744	50099574.550370224	7.451777810895589	7437.42685911609	10432.162820828582	1.084676	44.201572	0.0620169449999999	0.0337853	-0.1143307884	-0.10464657	0.1146924047	-0.0613596214	-0.0240611244	0.0050358669	0.0504731985	-0.0956317905	0.1279695381	-0.0634392526	-0.0620958634	0.1244043972	0.0573461685	-0.061689616	0.1007861537	0.0718859782	-0.0813664924	-0.0621775012	-0.1001996431	0.0420101721	0.014326867	-0.0687296833	0.1079952681	0.0358372684	0.0635139904	0.0390726629	0.0070324666	0.0683306545	0.064613089	0.0738854671	-0.0887677087	-0.0435801936	-0.0762982493	-0.0487257223	0.0173500268	-0.0169171753	0.1262968387	-0.0939630902	0.0114334678	0.0800710519	0.0198226205	-0.0921055172	-0.1169543259	0.1574689933	0.0722136278	-0.0017651403	0.1046345615	-0.1014179451	-0.129390205	0.0711462942	-0.0479266839	-0.0267574916	0.0227639343	0.025536266	-0.030267689	-0.0469047536	-0.008219957	-0.0446316793	-0.022080255	0.0023927158	0.0216176591	0.0212320912	-0.0710356787	-0.1273477105	-0.0361921055	0.101065376	0.0093251445	0.1098494933	-0.1349117256	0.0525880744	0.1155682162	0.0423590794	-0.1229194917	0.0620118067	-0.0648699408	-0.1020903645	-0.0601418062	-0.1150659035	-0.0096934523	0.0017173456	-0.0662454573	-0.1286077951	-0.011115243	-0.1661876483	-0.0566347806	0.0646663921	0.0135067751	-0.0077272056	-0.1097941695	-0.1758911089	0.1432803948	0.1838486918	-0.0338101813	-0.1983359894	0.0365580526	0.0100715043	-0.0804193965	0.0405206642	-0.1432345956	-0.0682005345	0.1574930029	0.0356814286	0.0790151144	-0.0924563319	0.1209369047	-0.0361760466	-0.0994418373	-0.0122701184	0.0083260152	-0.0474092228	-0.0086411654	0.0312085242	-0.0127837848	0.0550258312	0.0148443256	0.0021004735	0.0669970807	-0.0546167658	0.0458459541	-0.021470215	-0.0551823496	0.0555116802	0.0962841741	0.0262713017	0.0576598084	0.0833520662	-0.1468839464	0.1271008223	-0.0620231188	-0.0544496397	-0.0635541614	0.0401314711	0.0816744573	0.2120189774	0.0168472799	-0.0500856971	0.1797143915	-0.0556025133	0.0079535666	0.0580945929	0.0089854702	0.070123801	-0.0075831012	-0.0079889987	-0.0953575142	0.0782332785	-0.0520003849	-0.095382926	0.0665830922	0.2007497891	-0.1313858716	-0.1396921281	0.1268015144	-0.0700370062	-0.0095567326	-0.0674744198	-0.0291490561	-0.1299998439	0.0678227161	-0.1014353729	-0.0253439155	-0.0259646529	-0.0065948292	-0.0179334229	-0.1233695358	0.1660381185	-0.0802863745	-0.0201141279	0.0020834858	0.1613982243	-0.0755191876	0.0706488606	-0.0153315807	0.0270946702	0.0414512358	0.0322182416	-0.1067586706	-0.0878926533	0.0	0.02769	0.0020365999999999	4.147739559999998e-06	0.0007667361	0.130705	0.0141929999999999	0.0170837970249999	0.0002014412489999	0.213619	0.0286619999999999	0.0008215102439999	0.045633077161	0.00439688	-9.363999999999988e-05	1.93325537344e-05	8.768449599999976e-09	-8.47032e-22	-5.28169e-05	7.1746320902399996e-43	2.78962492561e-09	0.00162418	-0.0001960499999999	2.6379606724e-06	3.8435602499999975e-08
9890.02216381909	1.182843863754897	1.3991196060226134	97812538.40083285	9938.299869202616	-4.189956786762195	17.555737874934582	98769804.29019272	7074.676007973195	-3.4292858445105594	50051040.61779154	11.7600014033605	7432.024058100074	10476.434686987192	1.121331	45.695332	0.11111597	0.0606283	0.0376132121	0.1742938592	0.03677401	0.0289482189	0.0536816352	0.0301081739	-0.0539244237	0.0228926253	-0.064648189	0.1734597149	0.0006372757	0.0546730521	-0.0330897831	0.0313477546	-0.0156928899	-0.0722226151	-0.0410256579	-0.0436461681	-0.0618316472	-0.0654064728	-0.0928384248	-0.1209689872	0.1093628827	-0.0430569336	0.057475432	0.1794200251	0.0424578649	0.0903796353	0.031108012	0.0183162052	0.0297602661	0.0984909628	0.072489474	0.0608695881	0.0010678171	0.0142943255	0.1472690432	-0.0644537742	0.025170118	0.0202888564	0.0545700287	0.1965755945	-0.1979109481	-0.0412085182	0.0632796493	0.0380369424	0.1174294706	0.1561195741	0.016801657	0.0105307288	0.0499890619	0.1395227734	0.1563687616	-0.0253570717	0.0084562574	0.1279420212	-0.1300018552	-0.0719393044	-0.0961941338	-0.1526962971	-0.0724010696	0.1338033967	-0.1093200972	-0.0612636611	0.0562496086	0.1771343051	0.0411546832	0.0703862182	0.0180513088	-0.025287797	-0.1071747975	-0.0791012813	-0.0193774451	0.0534153549	0.1285197174	0.0884918595	0.1845211052	0.0773491894	0.0421016522	-0.0263466707	0.0023224084	0.1191710731	0.0185623607	-0.0189817105	0.0810319424	0.0332221032	0.0347021616	-0.0500304869	-0.1215889921	-0.1003857051	-0.1494607616	-0.0877745758	-0.1092168408	-0.148970383	0.0344663396	-0.0551272369	0.2002820248	0.0127813436	0.0166438356	-0.0131765855	0.0080378297	-0.0565804203	0.0418238163	-0.0748741781	-0.0263131618	-0.0682328995	0.0037588884	-0.0392041411	0.1303764508	-0.1256973108	-0.0020167053	0.2676789192	0.029353339	0.1605487249	0.0033882313	0.0803814167	0.2467333106	0.0011175864	0.1505207025	-0.1343251049	0.0603780893	0.0060255404	0.0510494311	0.0939391523	0.088173904	-0.081744098	0.1326168284	-0.0683458882	-0.0382990731	0.1685754795	0.0473086419	0.029611436	-0.0108020266	-0.0769835424	-0.0257860718	0.0702324407	0.0101526694	0.0497181307	-0.0390200839	-0.0082434707	0.1420347843	-0.0885844154	-0.0731196925	-0.034834544	0.017913786	-0.1647462599	-0.0449056405	0.0348280871	-0.0293599406	0.1106701599	0.0294459543	0.1893273617	0.001258037	-0.0813617352	0.0310298309	0.0015254243	0.0180471726	-0.0339940598	0.0822686613	0.0615120811	0.0201083425	-0.0904734923	-0.0811228819	-0.0082210984	0.0052381931	0.047598296	0.0307229465	-0.0302343058	0.0057625161	0.1158061039	-0.1238784844	0.0789497739	-0.049026657	-0.0852649844	-0.122919128	0.0293485786	-0.1096184219	-0.0814226176	0.0	0.0224769	-0.0052130999999999	2.7176411609999986e-05	0.00050521103361	0.0862982999999999	-0.0444067	0.0074473965828899	0.00197195500489	0.183606	-0.030013	0.000900780169	0.033711163236	0.00494129	0.00054441	2.44163468641e-05	2.963822481000004e-07	6.56834e-05	6.56834e-05	4.3143090355600006e-09	4.3143090355600006e-09	0.00164375	1.9570000000000004e-05	2.7019140625e-06	3.829849000000001e-10
9895.33996650726	5.31780268816874	28.27902543029468	97917753.05275588	9944.681553519486	6.381684316869723	40.72589472018099	98896691.20091072	7087.889216182041	13.21320820884648	50238173.54086968	174.58887117032805	7438.221112089443	10528.452057035263	1.053964	42.950062	0.11908157	0.0837677	0.0555792702	-0.0988125576	0.0735192932	0.1017312253	0.0200050612	-0.0313229523	-0.064764235	0.0891869597	-0.030856055	-0.1141961744	-0.0748512987	-0.0088783671	0.0700969436	0.0682071709	-0.0447914774	-0.1052488921	0.0328360653	-0.0631365913	0.0412007842	-0.0607999006	-0.1262605306	-0.1328733942	0.0417300636	0.0087642419	0.007068109	0.0423270188	-0.1033719948	-0.0261001207	-0.012112746	-0.1585117229	0.1762120956	-0.0190340979	-0.0086913088	-0.0047956291	-0.1287019955	-0.0786163101	0.0290868572	-0.0572296566	-0.0444861066	-0.0434077017	0.0228107029	0.0381995066	0.0467454005	0.1182642564	0.0530043235	-0.0184145527	-0.0368281402	0.094929093	-0.1233706508	0.0043374515	0.0741036777	-0.0263784575	-0.0812005473	0.0073040445	-0.016638239	-0.0944898211	-0.0541257844	0.0168368929	0.0385117422	-0.0994799404	-0.0114202753	0.1013334372	-0.0813659684	-0.0137203119	-0.0406916422	0.0022283432	-0.1098712147	0.0221127089	-0.1302011356	0.066419745	0.1452332166	0.0541501906	0.1677799017	-0.0814857586	-0.0627556097	-0.1926416004	-0.050656048	0.2518947155	0.1744995742	-0.0796432526	-0.0430596392	0.0741059816	-0.1745848176	-0.0089459051	0.0200368429	-0.0500653882	-0.1073619856	0.1565687841	0.0580370889	-0.0656631714	-0.1077525408	0.0296410229	0.0324277602	-0.0036941337	-0.0658592709	-0.0301199108	-0.0954190704	-0.0845779646	0.0299994805	0.0776108534	-0.0273840481	0.0448136757	-0.027869497	-0.0906409616	-0.0005893383	-0.0556086981	-0.0719092563	-0.0229369479	0.0887096204	-0.0389899008	0.0062600304	-0.0490151792	0.10472877	0.1077262649	0.0323844289	0.1896685573	0.045379164	-0.0083862403	0.0296609011	-0.0449650629	-0.0613919365	-0.0015655513	0.1545009442	0.1348151165	-0.1591068798	0.009654666	-0.1025207003	-0.0669999977	0.0972775974	0.0609640121	-0.0320183921	0.0456726002	-0.1168895184	0.0648888154	-0.086634354	-0.0609951411	-0.1832568815	0.007474	0.0946886706	0.0967971267	0.0077924836	0.0915199747	-0.2205909597	0.0374779583	0.0141108878	0.1193618333	-0.0005285202	0.146514399	-0.1193547607	-0.0936132515	-0.0553190638	-0.1021655787	-0.0664504892	-0.1015201145	-0.0462607808	-0.0707992681	0.0128285831	0.0360199466	0.0926264126	0.0951682374	0.1558100671	-0.0591626055	-0.0362908471	0.0989602518	-0.1327897418	-0.0434762612	-0.0930460352	-0.0092667453	0.0452052158	0.1235469071	0.1043170979	0.1192220337	-0.028703243	0.0065385021	-0.1252545173	0.0264620375	-0.1122260473	-0.0745313149	0.0	0.0255926	0.0031156999999999	9.707586489999991e-06	0.00065498117476	0.165687	0.0793887000000001	0.027452181969	0.00630256568769	0.189977	0.006371	4.05896410000002e-05	0.036091260529	0.00446069	-0.0004806	1.98977552761e-05	2.309763600000003e-07	-1.47589e-21	-6.56834e-05	2.1782512921e-42	4.3143090355600006e-09	0.00170159	5.7839999999999975e-05	2.8954085281e-06	3.345465599999997e-09
9921.069930048883	25.729963541623874	662.0310238532937	98427628.55692016	9981.974149389893	37.29259587040724	1390.737706753515	99639807.91908808	7095.888997055285	7.999780873243253	50351640.65853025	63.99649401990859	7453.134312686991	10560.085621156735	1.074163	43.773174	0.1119822999999999	0.0803485	-0.1341799527	0.0870582502	-0.0024294347	0.0737760835	0.0111088931	0.0366843414	0.0356985851	0.0929297743	0.0709736619	0.0942043038	0.0968858888	0.0989322403	0.0532638037	0.0201120153	-0.0387807954	-0.0503493622	0.0834735926	-0.0018431046	0.0508569476	-0.0626945717	-0.059116171	-0.0912981144	-0.052234751	0.0539299649	0.2215646368	-0.0987088306	-0.0248556191	-0.1454900536	-0.0438394141	-0.1105431898	0.1460190808	0.0237074386	0.0318696111	-0.098259381	0.0018580521	-0.0390129188	-0.0226290167	-0.1180199281	0.0316939088	0.0407901315	0.1039048224	-0.0295255966	-0.159468923	-0.0699075762	-0.0764772729	0.039360223	-0.1085526218	-0.1788230442	-0.1303692286	0.0218573841	0.1400391799	-0.046197042	-0.0773364425	-0.0315337723	0.0289472159	-0.1020272379	0.0174866207	-0.0101041697	-0.0157428558	-0.1314441528	-0.0448462876	0.061993254	-0.0255263163	-0.0007440097	-0.0501510988	-0.0899994321	-0.020842705	-0.0418378452	-0.0050082532	-0.0049708225	-0.0210306264	-0.0975502551	-0.0437162068	0.0144783007	-0.0092168031	0.15944913	-0.0529887363	-0.1815152409	0.0651165066	-0.0034838927	-0.1184246417	0.2226184791	-0.0059631568	0.2362036596	0.0440222661	-0.049172403	0.0241775555	0.0203072289	0.0064648792	-0.0413862629	0.0492224359	0.0394483596	0.1523307406	-0.0551753505	0.0193702239	0.1436810348	0.0599505971	0.0882947044	-0.0707188302	0.0861107776	-0.0191737812	-0.0172738356	0.0972794019	-0.0533351591	-0.0270768178	-0.0105583802	-0.074670141	0.2088700341	0.0447434489	0.0412155842	-0.068324505	-0.1629891258	0.1204149358	-0.000154683	-0.0240610527	0.1117668391	-0.1240915925	-0.003201684	0.0125413554	-0.0195365439	-0.0130996645	0.0250831324	-0.0362276988	0.0284569883	-0.0410381275	0.0670726771	0.00467526	-0.0190409529	-0.0799079062	0.0358471076	0.0600255395	-0.0661464827	-0.0040030512	-0.157501402	0.0828729632	0.0981694033	0.0566781053	0.0095674199	0.0878938507	0.0581419381	0.0017473663	-0.1868585961	0.0819866842	0.1480787512	-0.1092597799	-0.0366733502	0.011146132	0.0621589131	-0.041944284	-0.0002751601	-0.2580978655	0.1337979516	0.1565035615	-0.0096658535	-0.0427658865	-0.0554235053	0.0196935459	-0.0363657131	0.0063225506	0.0494269562	0.0656682854	-0.0292121711	-0.117609384	0.1301457426	-0.050342	-0.1136220685	0.0296127589	0.0775822283	0.0691510595	-0.0205455177	-0.057504861	-0.0485236757	-0.0319814139	-0.067667313	0.0745534571	0.0235602783	-0.1145755492	-0.0672543997	0.0	0.0287093	0.0031167	9.71381889e-06	0.00082422390649	0.0909964	-0.0746906	0.00828034481296	0.00557868572836	0.190024	4.699999999999149e-05	2.2089999999992e-09	0.036109120576	0.00494718	0.00048649	2.44745899524e-05	2.3667252010000002e-07	-0.0	1.47589e-21	0.0	2.1782512921e-42	0.00150552	-0.00019607	2.2665904704e-06	3.8443444900000007e-08
9927.321245073415	6.251315024532232	39.078939535942425	98551707.102886	9988.326466617422	6.352317227529056	40.35193415916243	99766665.60373008	7110.6400431392	14.751046083915751	50561201.82309465	217.59336056980624	7465.051778219626	10694.515411928778	1.109791	45.225037	0.0508006	0.0408798	0.144387009	0.0067435756	-0.0835353887	0.0191563089	-0.0221126573	-0.0143099018	0.0057663549	-0.0328185582	-0.1565477332	-0.0585904208	0.0750542756	-0.0759109164	-0.0028756039	-0.0152901191	0.0507726482	-0.0156286146	-0.0833932275	0.0314017896	0.009100286	-0.0785029906	-0.0684602304	0.0332159547	0.1016045147	0.0802318545	0.2066662803	-0.135688199	0.0383899358	-0.0737758198	0.1116971256	-0.0368772288	-0.0175049574	0.0213087597	-0.0346526456	0.044826137	-0.0803626956	-0.0226690333	0.0232387489	-0.0438619699	0.0194924513	-0.1246105723	-0.0979810554	0.1238916142	0.0563499897	-0.0732515175	0.0315681258	-0.005120269	0.0745277637	-0.0819307319	-0.1695827154	0.0001939038	0.1015479942	-0.0300674511	-0.031592975	0.0438333217	0.2340423652	0.06764144	0.0743578121	-0.061502721	-0.1048504412	-0.0090642041	-0.1716704335	0.0027604054	0.0362901059	-0.0850292472	0.1067351556	0.0277571949	-0.0566133055	-0.0442419595	-0.0110618712	-0.1402068156	-0.1184774738	-0.1029220772	0.0611042331	0.1555673981	0.0214482363	0.0404965987	-0.005367485	0.017851831	0.0670396221	0.1110161229	-0.0598729156	0.024878496	0.0432528712	-0.0407366302	-0.0816306025	-0.183963709	0.1042727301	0.0736328669	-0.0263488217	0.0250723589	-0.0563137475	0.060551177	-0.0372911337	0.0478477647	-0.0897229975	-0.0049897176	0.0281962842	-0.1512987354	0.035731562	-0.054510077	-0.0641040807	-0.1347522974	0.0769240503	-0.0422203563	-0.0553592496	0.0086506563	-0.0490143706	0.0619883141	-0.0504703973	0.0750130118	-0.1236389706	-0.1128427508	0.0056531484	-0.1754009446	0.1562173453	0.1406642429	0.0808160979	-0.0403980118	0.0606141954	-0.1943474747	-0.0084434934	-0.0492721037	-0.0142698765	-0.0016841455	0.0673076086	-0.0197787704	0.0252162573	-0.0556710686	-0.1431998826	0.0579186071	0.0662633247	0.0465604172	0.0069164877	-0.1650133884	0.088627412	-0.0783638072	0.0200358008	-0.047556586	-0.0687969124	-0.1392470957	0.1650584621	-0.0508759474	0.056440866	0.1074613911	-0.0327719756	0.1600663184	0.0064356204	-0.0062867127	0.0635230069	0.0716992064	0.0480822504	0.0333226818	-0.1575384876	-0.0965854519	0.0093060623	-0.0342835712	-0.0655279983	-0.1160691448	-0.1370587444	-0.0143674994	-0.0017192271	0.039091914	0.0072060054	0.1922200748	-0.0444034487	-0.0094609834	0.0538557891	-0.0054432976	0.1351048964	-0.0145977608	-0.0967615263	-0.0888527492	-0.1190681621	-0.1349890633	-0.0835529505	0.0206449699	-0.1166615237	-0.0596295215	0.0	0.0288838	0.0001745	3.045025000000036e-08	0.00083427390244	0.130839	0.0398426	0.017118843921	0.00158743277476	0.188295	-0.001729	2.989441000000029e-06	0.035455007025	0.0047731	-0.00017408	2.278248361e-05	3.030384640000002e-08	-2.15894e-21	-2.15894e-21	4.6610219235999986e-42	4.6610219235999986e-42	0.00151253	7.010000000000002e-06	2.2877470009e-06	4.914010000000003e-11
9906.858101231295	-20.46314384212019	418.74025590330143	98145837.43793216	9962.388034223355	-25.93843239406669	672.8022750615685	99249175.34443668	7098.604160976204	-12.035882162996131	50390181.03422868	144.86245944152844	7455.409136176272	10685.737083439935	1.113515	45.37682	0.0460541	0.0267603	-0.0699187039	-0.1765631085	0.0283426715	0.0080438337	-0.0611543743	0.0018467914	-0.1552345686	-0.1431652068	0.1611587522	-0.1091484913	-0.0856956495	-0.047192324	-0.0914811695	-0.0638485211	-0.029050749	0.0057005188	-0.0729916094	-0.0619350066	-0.0709773082	-0.0011403284	0.0038021238	-0.0464254105	0.0089657184	0.0554000128	0.2580587902	-0.0916085231	-0.0551023781	-0.1977762358	0.017350127	0.0434713143	-0.1258592534	-0.0108706213	0.0936898858	-0.0279075307	-0.050656023	-0.0473885447	0.1211406826	0.0869421605	-0.0061346002	0.0308738032	0.0524268033	-0.0473156042	0.0706593918	0.1656810974	-0.0552744261	0.1483464562	-0.0710494436	-0.1371156345	0.0616313993	-0.0048927096	0.0752549275	0.0137455734	0.0304020954	-0.0754376089	0.0787018648	-0.0885357896	-0.0432749745	-0.0150366468	0.0326131304	0.1136438618	-0.1468670352	0.0024841431	-0.129186528	0.1205351802	-0.0350192556	-0.0726228438	-0.0087651469	0.0968919623	-0.0365094497	0.0385837003	-0.1067307852	0.0155016237	0.1086433805	-0.0432308403	-0.0643933298	0.0655864695	-0.0315797312	0.0341224497	0.0786924552	0.0437350029	0.181820884	0.0028327053	0.1268953132	0.0048629282	0.1191463627	0.1277161498	0.0379350223	0.0899229445	-0.1248533894	0.1158255774	-0.1491670582	-0.1364030419	-0.0355581747	-0.1309938068	-0.0543714588	0.0354109242	-0.1883028469	0.0917835608	0.0325377676	-0.090318309	-0.0086078359	-0.0681006886	-0.0089262003	-0.0321380515	0.160367036	0.0087613178	-0.0172215509	0.0823570183	0.0207425214	0.0419670925	-0.0701173599	-0.0058461587	0.1201212874	0.0007858235	-0.0145150686	0.0089567236	-0.0527070913	0.0396140448	0.117885567	0.0813524809	0.073627658	-0.1102155041	-0.0518422124	0.1385685957	-0.0275974297	0.0343424838	0.0857893803	0.0867158195	-0.037819536	-0.1098266071	-0.0452579793	0.1180781019	-0.0141872412	-0.0531951164	-0.0585111981	0.056042827	0.0005829056	-0.1164627469	-0.101772463	0.1362691678	-0.1456449298	0.0623011062	0.0333264607	-0.0072300483	0.1160520293	-0.0818474059	-0.0964989458	0.0544223749	-0.0425821309	-0.0229181698	0.0966797847	-0.1373238834	0.1168911824	-0.045589633	-0.1285308699	-0.0203211518	-0.1348723341	-0.1223175605	-0.0464766448	0.0810538846	-0.0810964572	0.0686136516	-0.2232652023	0.0329052736	0.0427654173	0.0663601045	0.0561604841	0.0552586991	0.1271522404	-0.0044924521	-0.0222232983	-0.009558739	-0.0062880954	0.0173046591	-0.0409854442	0.0177177887	-0.118479173	-0.0516961302	0.0	0.0254857	-0.0033981	1.1547083610000008e-05	0.00064952090449	0.125779	-0.00506	0.015820356841	2.560360000000009e-05	0.208212	0.019917	0.000396686889	0.043352236944	0.00510152	0.00032842	2.60255063104e-05	1.0785969640000019e-07	8.47032e-22	3.005972e-21	7.1746320902399996e-43	9.035867664784e-42	0.00148737	-2.5159999999999983e-05	2.2122695169e-06	6.330255999999992e-10
9883.37684918874	-23.481252042554843	551.369197485986	97681137.94307996	9923.412042562371	-38.97599166098371	1519.1279259570715	98474106.56647187	7082.651187904968	-15.952973071236556	50163947.84953165	254.49734981159872	7436.702260503313	10461.897680173552	1.162438	47.370483	0.08120975	0.0446214	-0.0525347737	0.1574954204	0.0304771693	-0.0531941632	0.107287749	0.0035704819	-0.1599653321	0.1046403549	0.0392873678	0.1888793403	-0.0567058374	-0.0923143194	-0.0128173282	0.1675220072	0.04912588	-0.0085946038	0.1400893065	0.0021920182	0.0272766683	0.0183681504	-0.1066357112	0.0855886014	0.0836228318	1.1058e-05	0.1322771089	0.0269974943	0.0390611097	-0.118195006	-0.0200924155	0.1466188317	0.0365141322	-0.213823851	0.1655379647	0.1389790728	0.0287639193	0.0013137018	-0.05723151	0.0355960221	0.0036118745	0.0674047642	-0.0011077704	0.1501390178	-0.0946955258	-0.0249413689	0.0157049835	-0.0850911129	-0.0368061242	0.0042444972	-0.0746460979	0.0175393856	0.1063611776	-0.0569440594	-0.0488993878	-0.1428779564	0.0078622154	-0.0202984425	-0.0697228298	0.0519683779	0.0882314063	-0.0897125187	0.0208776296	-0.0640555742	0.0647712979	-0.1134122591	-0.1757764295	-0.0044667064	0.2081542719	-0.1193367349	-0.1601098463	0.1011812493	-0.0052452784	0.1665277566	0.030319566	-0.0344794932	-0.0937710443	-0.1525276593	0.0078273476	0.0105954506	-0.0696873744	0.002734862	-0.0842335065	0.1079626194	-0.0716634414	0.015176816	0.0830852353	0.1777089553	-0.0107933995	-0.1506414734	0.0873407934	-0.0506822624	-0.0752228036	-0.0552510244	-0.097868709	0.1201744816	0.0187494523	-0.0517271066	0.0912075991	0.1036236868	0.1591651194	0.0391017806	-0.0372368516	0.1371111444	0.108514621	-0.0591281139	-0.0733330094	0.007294819	-0.0501709475	-0.0173339855	-0.0225363762	0.2478639516	0.0095355697	-0.0460257236	0.0505900484	0.1469724325	-0.0790258775	-0.0822826632	0.0536525835	-0.0113672785	0.0680981076	0.0122780463	-0.0633633864	0.037898534	0.123005315	-0.0838776066	-0.1972514035	0.0981450446	-0.0430789397	-0.0449446676	-0.1355918581	-0.0084643644	-0.0421211144	-0.0331851894	-0.093068646	0.128066323	-0.2535411804	-0.0122590694	-0.0359096189	-0.0112931563	0.2156246712	0.03867562	0.0060278377	-0.01877195	0.0692214364	-0.032875154	-0.0667122862	-0.1119854694	0.0256666635	0.0764519243	-0.0107815515	0.0186028938	0.1527518606	0.1930975238	0.0284367351	-0.0428878735	-0.0099209226	-0.1326913558	0.053663255	-0.1012071704	-0.0900492781	0.1501476868	0.0575728512	-0.0610470763	-0.099135892	0.0436367718	-0.0432647063	0.1127698653	0.0044092376	0.0060894708	0.0664328425	0.0084217327	0.0637489489	0.0184134827	-0.0697566353	0.0929969989	0.074534446	0.0147804182	-0.1200243163	-0.0434952718	0.0	0.0253734	-0.0001122999999999	1.2611289999999822e-08	0.00064380942756	0.10003	-0.025749	0.0100060009	0.000663011001	0.173535	-0.034677	0.001202494329	0.030114396225	0.00530045	0.0001989299999999	2.80947702025e-05	3.9573144899999975e-08	-0.000181879	-0.000181879	3.3079970641e-08	3.3079970641e-08	0.00145475	-3.2619999999999915e-05	2.1162975625000004e-06	1.0640643999999943e-09
9885.339721789289	1.962872600548508	3.852868845984062	97719941.41518514	9977.80900679042	54.39696422804809	2959.029717227544	99556672.57598802	7077.573956845904	-5.077231059063706	50092053.11462338	25.778275227121163	7441.516014931492	10462.845030095348	1.096575	44.686466	0.13663925	0.081093	0.1327081557	-0.0708270259	0.0211611689	-0.1566238656	-0.010101361	-0.0628478108	0.0621609251	0.0857396698	-0.1257029681	-0.0937283601	-0.0884671306	0.019256284	0.1065090472	-0.0142519402	0.0230890354	0.1451892794	0.0995837354	-0.0781264702	0.073365723	0.0486082003	-0.0339204121	0.022719816	0.1471902033	-0.0757334414	0.1179028356	-0.1347906779	-0.0372138646	0.0628893978	-0.0104465219	0.0733328553	-0.0139920375	-0.0383660971	-0.013351259	-0.1031882706	0.0163350706	0.1038280451	0.0202612764	-0.0105843812	0.0477369533	0.0941387214	0.0237180526	0.0593609418	0.0625831987	0.0656299684	0.1098672512	0.0215990981	-0.0443791116	-0.0353213419	-0.0471595974	0.1165076403	-0.0542659886	-0.002153165	0.0457210585	-0.0643056072	-0.0719456311	0.04776891	0.021762807	0.0548006049	0.0412014279	0.0551557875	-0.065134588	0.0367427168	0.0380567955	0.1621410542	-0.0822938898	-0.018223454	0.1249216502	-0.0168003845	-0.0656129337	-0.108794492	-0.121080033	-0.1588644304	-0.115261301	0.0101919272	-0.1231958552	-0.0112096252	0.0489495111	-0.0186976906	0.0680312548	0.0326908788	-0.0363434811	0.0429470754	-0.1283395443	-0.0196429666	-0.0490993543	-0.0127914671	-0.1154130022	-0.0229785171	0.1969197257	-0.0885025275	0.0718303515	0.0062999731	-0.2266744161	0.1671793738	0.0433363113	-0.1737282713	-0.0195711332	-0.1680798407	0.0119434707	0.0390807803	0.1249471491	0.1093451939	-0.0373702004	-0.1087311433	0.0842366384	0.0279265282	0.079506669	0.1055622167	0.062527261	0.1073175992	0.0118196508	-0.0436200486	-0.0107474059	0.011869453	0.0485670402	-0.0795411318	0.0635988889	0.0017398445	-0.0691305029	-0.0141403447	-0.0396391749	-0.0786396603	-0.0338673498	0.0296227804	-0.0217124513	0.0339105726	0.0587822479	-0.0248916642	-0.1206614822	-0.1992838541	-0.0523510575	-0.0662110764	-0.0474061129	-0.0710856206	-0.0500964886	-0.0246369544	-0.0640330517	0.0874895062	0.0089426429	-0.06604553	0.0145553713	-0.1406205228	-0.0480671994	-0.0710043965	-0.1228314979	0.0822085062	-0.0387706858	0.0121070182	-0.0853026151	0.1080501986	0.0821923393	-0.0644643471	-0.0823458736	-0.12169145	-0.0322528325	0.0781815353	-0.025287744	-0.1208009314	-0.1272516269	0.0735516062	0.0406091165	-0.1166073554	0.0509102728	0.0388731549	0.0002884235	0.0189894901	-0.0298741191	-0.1154446668	0.0468642274	0.0365309652	-0.1486708843	0.0104557525	-0.0291633258	-0.0546332158	-0.0602123976	0.0118345475	-0.1212933999	-0.0350693762	0.0	0.0342498	0.0088763999999999	7.879047695999993e-05	0.0011730488000399	0.157418	0.057388	0.024780426724	0.003293382544	0.226863	0.053328	0.002843875584	0.051466820769	0.00531418	1.3729999999999992e-05	2.82405090724e-05	1.885128999999998e-10	-0.000286696	-0.000104817	8.219459641600003e-08	1.0986603489000004e-08	0.00167714	0.0002223899999999	2.8127985796e-06	4.9457312099999927e-08
9894.57663401857	9.23691222928028	85.32054753142756	97902646.76646625	9955.058829654792	-22.750177135627386	517.5705597024229	99103196.30188784	7080.415253344674	2.8412964987701343	50132280.159795925	8.072965793923425	7443.626491916261	10472.324829856838	1.068661	43.548965	0.10210583	0.0493476	-0.1528775674	-0.0246145711	0.0141502254	-0.1693890757	0.0043391972	0.0309869106	0.1194003302	-0.0561602521	0.1059837274	0.0254594812	0.0451009469	0.1338544238	0.0272281335	-0.0443295871	0.1088118007	0.1729152117	0.0030777407	0.040161377	0.0145308149	-0.0202965174	-0.0843709725	-0.0936456356	0.0375665993	0.0433272923	0.0527723924	-0.0951209023	-0.0548570046	0.1165089969	0.0416876862	-0.0256467246	-0.0574269494	-0.0885248034	0.0372748764	0.0872229979	-0.0059816302	-0.0495967083	0.1526746583	0.0134961236	-0.0525801211	0.0623439705	0.1126583662	-0.0807260322	-0.1183701458	-0.0284456956	-0.0484701447	0.1647932416	0.0803939143	-0.122117966	0.0337646248	0.0975620921	-0.026012758	0.0008678185	0.0246996115	0.0732349722	-0.0844569851	0.1445358182	0.0200343486	0.0204729728	0.0763412908	-0.0385696925	-0.11901402	0.0153950109	-0.0856045606	0.0953101825	0.0435393397	0.0710891237	0.1452490463	-0.0237470032	-0.1241648934	0.0374209406	0.0279509618	0.0228395956	-0.0343856746	-0.1159240774	-0.034540248	0.0855970838	-0.0618065106	-0.1149802982	0.0011810677	0.0252970788	-0.1678481309	-0.0090217417	0.132402184	-0.0815946089	-0.0539736822	0.0472609657	0.1358573481	0.0508584393	0.0539278853	0.1673276352	-0.0057059347	-0.0103899037	-0.1717591067	-0.0069510485	0.1016711033	0.126662001	0.0356160554	0.0869048452	-0.1310222636	-0.0028075363	0.1510642559	-0.0264543977	0.0408665872	0.056552949	0.0705388047	0.0288357708	-0.0376562494	0.1069860747	-0.052613994	-0.0566989942	-0.116595647	0.0406348003	0.1261876764	0.0271651195	-0.0255807126	-0.0238611424	0.030153271	-0.0960818819	-0.1061843897	-0.03304354	-0.0651382841	-0.09140292	-0.12207234	-0.0474560733	0.0424838369	-0.0586010613	0.0371394883	0.0142286046	-0.0197348945	-0.016169135	-0.1341619791	0.0629017313	-0.0131076596	-0.0353692896	-0.1130231925	0.0278549845	0.1000070037	-0.0335967863	-0.1247259518	-0.022261893	0.0151054047	0.0159618101	-0.0911928481	0.1330058653	-0.1223691398	-0.1388981832	-0.1060922208	-0.0067233395	0.0575946906	0.0998380913	0.055874315	0.0087850819	0.1912516458	0.0125229183	-0.0798269681	-0.0502343324	-0.0619720612	-0.1582676104	-0.0868111812	-0.012302354	0.0358892949	-0.0334687459	0.0392148296	0.0711323803	-0.0151608277	-0.0180087952	-0.043672031	-0.0248311814	0.0511751816	0.1018790586	0.003344632	0.0587626861	0.1221322628	-0.055469944	-0.0832597572	0.008881871	-0.1222835048	-0.0264620375	0.0	0.0317187	-0.0025310999999999	6.406467209999972e-06	0.00100607592969	0.126347	-0.031071	0.0159635644089999	0.000965407041	0.20159	-0.025273	0.000638724529	0.0406385280999999	0.00499028	-0.0003239	2.49028944784e-05	1.0491121000000017e-07	-3.88914e-05	0.0002478046	1.5125409939599999e-09	6.140711978116e-08	0.00138423	-0.0002929099999999	1.9160926929e-06	8.579626809999997e-08
9895.089158495615	0.5125244770460995	0.2626813395713778	97912789.45457746	9954.546644671622	-0.5121849831703003	0.2623334569851607	99092998.90094304	7089.996666926802	9.581413582128334	50268052.737033166	91.80348623179331	7448.505021873767	10511.518643635787	1.092516	44.52108	0.03742398	0.0172593	0.1339108457	0.0963447805	-0.0503725481	-0.1060716422	0.0485255649	-0.0271132703	0.009126936	-0.1452452229	-0.1508435507	0.0504656952	0.0215024636	-0.0548986242	-0.0188008379	0.0100840637	0.0878609465	0.1072127121	-0.1237909754	-0.0008637648	-0.0823775985	-0.0547211127	-0.0743759582	-0.0792523355	-0.0692775201	0.0412158999	-0.0211065688	-0.1500480724	-0.0830410657	0.0615911026	0.0282319793	0.0015629028	-0.0262168255	-0.0347250596	0.0711771152	-0.0502319072	-0.0174973705	0.0158258964	0.0188076035	-0.0439055584	0.1013465248	-0.0260990004	-0.0362299726	0.1533880691	0.0309507034	-0.0522339518	-0.0799686297	0.0772436841	0.0816814116	0.0010824825	-0.0492800248	0.033559861	0.0831709795	0.0606981063	0.011500873	0.056373823	0.0421276703	-0.0466758683	-0.0220850469	0.1178961786	0.0225658131	0.1350274482	-0.0532977125	0.0201335179	-0.02514728	0.0600974609	-0.0334300894	-0.0590431515	-0.0469723712	-0.0465289219	-0.2054331932	-0.1998256839	0.0815030292	0.0328699535	0.0095820589	0.0900886099	0.0747363557	-0.0393696781	-0.1067475981	0.0062347858	-0.1071363249	0.0135382357	0.0116790824	0.0648885972	-0.0212949015	-0.0655360729	0.1887773296	0.0524928836	0.051972121	-0.0129417312	0.0263104981	0.0822758464	0.0909240537	-0.0245552114	0.0811718056	-0.0311178969	0.0596372913	0.1303629673	0.0980448541	-0.1033419849	0.0613234043	-0.0227236269	-0.0145899386	-0.0922742056	0.0744952423	0.0749308065	0.0201965228	-0.1240683217	-0.1181586278	-0.017444342	0.0250620513	-0.0163123961	-0.119581538	-0.0108092446	0.0672460113	-0.0110016596	0.1059881829	-0.0231151741	-0.0386658148	0.0975257996	-0.0182060974	-0.0596017723	-0.0075596519	-0.060598874	-0.0528938169	-0.0463016523	-0.0041328561	-0.0452594736	-0.0781944011	0.140106311	-0.0449062218	-0.0566140352	-0.0953504032	0.0610510598	0.1563927138	-0.1205414194	-0.0444986138	0.0969714599	-0.11988399	-0.1043633605	0.1342166103	-0.0424315944	-0.0773555508	0.0946036149	-0.1488943332	-0.0264339345	0.0225656173	0.0364123806	-0.0299845704	-0.176713374	0.0331267832	-0.205514929	0.020764492	0.1055581908	-0.1128535304	-0.0896329622	0.046603138	0.0080716479	-0.0874920219	-0.1676498592	-0.0463832002	-0.0356809276	-0.0638434031	0.0407538322	-0.0632783557	0.0390671085	0.0770830141	-0.05157242	-0.0838043681	-0.0013112466	0.0642275632	-0.058646778	0.0487630392	0.0394513473	0.0205080036	0.0159993964	0.0061752291	0.0059240866	-0.1229923537	-0.0177177887	0.0	0.0274559	-0.0042628	1.8171463840000035e-05	0.0007538264448099	0.112475	-0.0138719999999999	0.012650625625	0.0001924323839999	0.198202	-0.003388	1.1478544000000014e-05	0.0392840328039999	0.00513178	0.0001415	2.63351659684e-05	2.0022250000000042e-08	-0.000134885	-9.599360000000002e-05	1.8193963225e-08	9.214771240960004e-09	0.00146476	8.05300000000001e-05	2.1455218576e-06	6.485080900000016e-09
9887.478103043211	-7.611055452403889	57.92816509956697	97762223.238159	9940.863788265651	-13.682856405970597	187.2205594264106	98820772.85685132	7093.887852761452	3.8911858346500594	50323244.86755649	15.14132719978128	7449.794552119464	10503.882045731218	1.06967	43.590065	0.11708926	0.0706131	-0.0260042013	-0.1522762851	0.044326503	-0.0711454354	0.0037068984	-0.0077032738	-0.1054270793	-0.0835495484	0.0900305088	-0.107311487	-0.0894751423	-0.0097328511	-0.0843183794	-0.0071950334	-0.0219052199	0.0188877992	-0.0339742862	-0.1056882858	-0.1337384376	-0.0318894083	-0.047459091	-0.0272051253	-0.0671021942	0.0392403444	-0.0977707029	-0.1306028875	0.0247654286	-0.0567284841	0.0983355443	0.031599672	-0.0389612395	0.0903872285	0.1187475295	-0.0210527388	0.002734834	0.0348572672	-0.1020766683	0.0377620744	-0.0106600599	-0.0222061241	0.0232944752	-0.0345359697	0.0546047429	0.1126130328	0.0056420233	0.1854385314	-0.0768756188	-0.0921688745	0.0366492743	-0.1041701077	0.0413846456	0.0185839153	-0.0671163228	-0.0272129054	-0.0314242445	0.0800504529	-0.0575318711	0.1630371346	-0.0476576238	0.0519522069	-0.0108713175	-0.1406860448	0.1673212184	-0.0356030197	0.1086989084	-0.0031891696	0.0104087241	0.12774117	0.0660223436	-0.0570538966	-0.2300161417	-0.0085355016	0.0123323159	0.0131076848	-0.0267165953	0.0065232179	0.0120926559	0.0830939013	0.005082423	-0.1038843977	-0.0392352941	0.0604441419	0.0743149305	-0.036752499	0.0758330873	0.0141404819	0.0975803804	0.0291789438	0.2148642015	-0.2087036919	0.1186532569	0.0207988312	0.1172927282	-0.1215207136	-0.0407495857	0.0796432504	-0.1185873473	0.0754336855	0.0135172966	-0.1234163868	-0.053172365	-0.0285009068	-0.0743496639	0.0115685831	0.1953952891	0.0203545048	-0.0512029898	-0.0012861221	-0.0088800526	0.0716293305	-0.0135222424	-0.0556071628	-0.1540698673	0.0099540907	0.0849067031	0.0187122689	0.0633509443	0.1684926793	-0.1031609336	-0.0173039626	0.0290065459	-0.0034261815	-0.0694251979	-0.0208352745	0.0848879721	-0.0942499701	0.0883133491	-0.1071008937	0.055276233	-0.0093681202	-0.0730673717	0.1245626703	-0.0278692272	-0.0206386591	0.0480461609	0.0425245573	-0.0514641869	-0.0098982495	0.0589368908	0.0372390848	-0.049724284	-0.1811144011	-0.0462506676	0.1242702263	0.0065386523	-0.2098535687	0.0175953838	-0.139855331	0.0051587209	-0.0845047062	-0.0828255115	-0.171830378	0.0505987906	-0.05795571	-0.0498114248	-0.033902561	-0.0790372177	-0.0782911022	-0.0012200135	0.0729711988	-0.0378116037	-0.0074916883	-0.1516360952	-0.00180921	0.0605861164	-0.0141636348	-0.0714426212	-0.0496645457	0.1716499757	-0.0954755566	-0.0038615226	-0.0106610285	0.0340067715	-0.0001708676	-0.1033718556	0.0029628953	-0.1234183162	-0.008881871	0.0	0.0301164	0.0026605	7.078260250000017e-06	0.00090699754896	0.175081	0.0626059999999999	0.0306533565609999	0.0039195112359999	0.226699	0.028497	0.000812079009	0.051392436601	0.0048359	-0.00029588	2.338592881e-05	8.754497440000008e-08	1.07902e-05	0.0001456752	1.1642841604000002e-10	2.1221263895040005e-08	0.00148972	2.495999999999987e-05	2.2192656784e-06	6.230015999999934e-10
9888.757277963274	1.27917492006236	1.6362884761165448	97787520.5024716	9947.91063320888	7.04684494322828	49.65802365390198	98960925.96631028	7085.517103619503	-8.37074914194909	50204552.62568452	70.06944119744144	7447.050702523959	10388.45845899399	1.088315	44.349869	0.13720581	0.081291	-0.0198010405	0.1695794847	0.0106266198	-0.016709728	0.0740657219	-0.011401258	-0.0617560585	0.0668660012	-0.0116154629	0.1775556301	0.0073254697	0.0062749838	-0.0370508629	0.0532265562	-0.0707659214	-0.0488584925	0.0702897461	-0.0374979964	-0.0310537735	-0.0104783599	0.0418227022	-0.0464617043	0.0974608468	-0.0472025616	0.0484620864	-0.1119881971	0.0571798847	0.0131896325	0.0885756714	0.0596217825	-0.0890729034	0.0137535963	-0.0086139814	-0.0441400811	0.0360931886	0.0351914305	-0.1591643419	0.090635904	0.0353991746	0.0495204469	-0.1297456061	0.1235600506	-0.0653510255	-0.0591136303	-0.1201523849	0.1221485699	-0.0035857971	-0.0831302239	0.0186537629	0.0317982052	0.032751011	0.1116445034	-0.0343257148	-0.0820804604	-0.0257936126	-0.0633038948	0.0877798244	0.0949677899	-0.0779815041	0.0913963404	0.0928487577	-0.1288429999	0.003412406	-0.1879969363	-0.0265536673	0.0430312847	-0.1200241491	-0.1060254465	0.0344571799	-0.0654644858	0.036002579	-0.0109913717	0.0903837178	0.0113425902	0.0134259662	0.0364734663	0.0878509198	-0.0077104063	-0.006106111	0.0742194285	0.0123454956	-0.0796412843	-0.1356581948	0.0558758739	0.0289053199	0.1541385706	-0.0572283127	0.1087873407	0.0391541158	0.1492638158	0.0347059407	0.0256499259	0.0578464141	-0.0946099827	0.0646288687	-0.1321819048	0.1643217713	0.0795651257	0.0500291858	-0.0229187691	-0.0856073777	-0.0184328699	0.0172272395	0.0441024914	0.1058781819	-0.0472407965	0.0200676475	0.0903727875	0.1036583849	0.0752866548	-0.0475577107	-0.0190160028	-0.1412575188	-0.0461217874	0.0269895349	-0.021239055	-0.1295181869	0.0486857985	0.0146720701	-0.030340333	-0.0835349868	0.0560159873	0.0239846276	-0.0155284133	-0.0218893012	-0.050476936	-0.102910952	0.0262617159	-0.0793307982	0.0026903882	0.0934022362	-0.0919411039	0.0170895769	0.0211965063	0.071486431	0.0582838184	-0.1233298562	-0.1088274443	-0.0129344604	-0.0673047807	-0.1081377602	0.0717120532	0.062818394	0.1253153227	-0.0198089473	-0.0864351431	-0.1347763505	0.0640951804	-0.0318900379	-0.0255450483	-0.1000440164	0.1760066839	0.0395544602	-0.0410463196	0.0410892115	0.000425304	0.0499487126	-0.042348662	-0.0627636488	0.1138366626	0.0279830855	-0.0338822712	-0.1009550457	-0.0414137345	0.0148814199	0.0596984243	-0.0832743314	-0.0351971028	0.0536396778	0.0745454165	-0.0264407018	-0.0789025254	0.0242345217	0.0593831461	0.0087881767	0.0	-0.1235604126	-0.0	0.0	0.027488	-0.0026284	6.908486560000016e-06	0.000755590144	0.108952	-0.066129	0.0118705383039999	0.0043730446409999	0.211042	-0.015657	0.000245141649	0.044538725764	0.00570175	0.00086585	3.25099530625e-05	7.496962225000009e-07	-0.000129948	-0.0001407382	1.6886482704000004e-08	1.9807240939240005e-08	0.00144048	-4.9239999999999874e-05	2.0749826304e-06	2.424577599999988e-09
9878.731964192702	-10.025313770571302	100.50691619840656	97589345.2203626	9945.835823480764	-2.0748097281157243	4.304835407883646	98919650.22763328	7085.3538594915335	-0.1632441279698468	50202239.31421157	0.0266486453166357	7443.289758448473	10445.167661944177	1.050009	42.788868	0.1168259	0.0707865	0.1083903978	-0.091156891	0.0603074656	0.0178344333	-0.0098179254	-0.040568974	-0.0299594692	0.0952455135	-0.0638783577	-0.1251823741	-0.1122272081	-0.0652081257	0.0618590979	0.0295179956	-0.0336279437	-0.0720180169	0.0525461904	0.0133507462	0.0795878497	-0.0097372294	-0.0520570721	-0.1148438394	0.1077704471	-0.0635227621	-0.0393793146	-0.0101942782	-0.0439081551	0.0931042024	0.0842235475	0.0071983271	0.0085114308	0.0135843766	0.0121118167	0.0510950917	0.0007244416	-0.039156915	-0.0788068492	0.0818981036	-0.0078796127	0.0594956911	-0.0819723587	0.024833238	0.1782878143	0.0933882169	0.0589074877	-0.0130521527	0.0199239945	0.0324420657	-0.0592694815	-0.0042898484	-0.0447265024	0.0127435615	0.0133959435	0.1067390064	-0.0251364357	-0.0188346593	-0.0960138561	0.0017095824	-0.0289874743	0.1319251474	-0.1044400546	-0.0929676164	-0.0348177881	0.1075999682	-0.0353842784	-0.0116300767	0.0059218819	0.0311682834	-0.0697540465	-0.0582343544	0.088004294	-0.0383926441	0.0182478807	0.014698608	-0.0055483431	-0.0238720292	0.0018903333	0.0599246592	0.0028899163	0.0659443304	0.0644370755	0.0300288412	0.1505686036	0.0445477835	0.0015868935	0.099104651	0.0252813648	0.1337895477	-0.008284126	-0.0907309911	0.0631155584	0.1233104637	-0.071560809	0.0125789946	-0.0720703042	-0.0987103431	-0.1229555656	-0.1305945674	0.0791434404	0.0228054908	-0.0247478551	0.0378576658	-0.0507643452	0.0119701267	0.0514542853	-0.0215688254	0.0177860886	-0.0344249552	-0.0146833161	-0.0738431558	-0.0417516191	0.0234076094	-0.0781433419	0.0668632117	0.0825117286	0.0245802067	0.0588649378	-0.0298488489	0.0228858617	-0.0300544967	0.0045069669	-0.0471238591	-0.0420379873	0.0310378037	0.0626691453	0.0322945221	-0.0415577503	0.0943399771	0.0673117166	-0.0860669772	0.0083087424	-0.086458876	0.1034295543	-0.103432461	-0.1510562411	-0.1360757188	-0.0338977946	-0.0007941961	-0.0256716943	0.0629720524	0.0112147978	-0.0591221019	0.074128073	0.0686566119	-0.032815011	0.0176126022	-0.0283478803	0.034536067	0.0706944379	0.0433056452	-0.1174566849	-0.0877394976	-0.0840746969	-0.1036683569	-0.0306097573	0.0363941874	0.0334794664	-0.0420042583	-0.1017647139	0.1089379623	0.0554953445	-0.0621316707	0.0002231781	0.032241906	0.0068925091	-0.0369833938	-0.0776304105	-0.0563811694	-0.0737757455	0.0521864455	0.0016732209	0.0515399484	-0.0425281851	-0.0447478111	-0.0026369515	-0.0029628953	-0.1234183162	0.008881871	0.0	0.0293707	0.0018827	3.544559290000004e-06	0.00086263801849	0.172822	0.06387	0.029867443684	0.0040793769	0.230474	0.019432	0.000377602624	0.053118264676	0.00536493	-0.0003368199999999	2.878247390490001e-05	1.1344771239999989e-07	-0.000258072	-0.0001281239999999	6.660115718399999e-08	1.6415759375999992e-08	0.00160836	0.00016788	2.5868218896e-06	2.8183694400000008e-08
9885.233705690103	6.501741497400872	42.27264249902453	97717845.4161117	9933.778386473045	-12.057437007719273	145.38178719511828	98679953.031559	7087.543454081657	2.1895945901233063	50233272.21349575	4.7943244690972495	7447.260468675512	10380.291429053876	1.081565	44.074833	0.080751	0.0503924	-0.1557611692	0.061254427	0.0903348193	0.0338060944	-0.0121601511	-0.0003278082	0.1150678157	0.0118733119	0.1266734	0.095661647	-0.0155848208	0.1081579628	0.107540232	-0.0264284184	-0.0259070086	-0.0037172993	0.0166602333	0.0608441376	0.1298604747	0.0239359758	-0.012567777	-0.089655199	-0.0985256799	0.034275358	0.0832869693	-0.115706369	-0.0181611509	-0.0092079691	0.0215620351	-0.00318754	0.058581096	0.0767179	0.0085574781	-0.0861529254	-0.0001232262	-0.1307317621	-0.0607544181	0.0391320883	0.0601467378	-0.0091014756	-0.0231155701	-0.1046992182	-0.1595858293	-0.0579085823	-0.0263747967	-0.0374679214	0.0496950829	-0.0140998774	-0.0314523603	-0.0774087626	-0.1316901603	-0.0731439494	-0.1060979508	0.0458446644	-0.0332407411	0.0681032374	0.0883429283	-0.0132532917	0.0622683709	0.0608094066	-0.042884013	0.1199580955	0.0059890369	0.0199388535	0.0706587549	0.0079091144	0.0094542516	-0.0694845117	-0.0503272262	-0.0318867479	0.0333487022	-0.0283320105	-0.0024921164	0.0447609574	-0.0796936884	-0.0854221617	0.0650681774	-0.1509290151	0.1654807042	-0.0271233894	-0.0317333708	-0.0038785767	0.0040717604	-0.0052270128	0.1570977771	-0.0410417936	-0.2130767063	-0.0065500533	-0.0795925822	0.007318467	-0.1052578795	0.161929822	0.0839622021	-0.1687699523	-0.152993049	-0.0699451381	0.0339592334	0.1253276169	-0.070113784	0.1218558539	0.0904230773	0.0573697928	-0.0033885565	-0.0052622621	-0.0376587375	0.0226446546	0.0026459776	-0.0187588796	0.0331635203	-0.080549596	0.0253739802	-0.1341171836	0.0650429881	-0.1036070238	0.123593936	-0.0033147145	-0.0543708925	-0.0806206781	-0.1440591837	-0.0681008127	-0.032067516	-0.052111781	0.0074090357	0.036715399	0.0147669213	0.1226583314	0.0117828066	-0.0407735894	-0.018289634	0.014406951	0.0441780766	-0.0198362663	0.0174720696	-0.0984326569	-0.0171401403	0.021224149	0.0820759386	0.1031280963	0.0664065219	-0.0763066938	-0.025322291	0.0679232035	0.0511132005	-0.0655580823	0.0211860678	-0.137461687	-0.0941667249	0.1660819911	0.042855621	0.0265469667	-0.0208320338	0.0429142958	0.2214007454	-0.0030979222	-0.0064331094	0.044738822	0.030819684	-0.1348466492	-0.0502906846	0.0576555417	0.0141624384	-0.0028158633	-0.0158436203	0.0308423673	-0.0416485229	-0.0830726995	0.0258400282	0.0468548457	-0.073613185	-0.1092598786	0.0509412094	-0.027872534	0.0803368295	-0.0045273224	0.1002912593	-0.0059240866	-0.1229923537	0.0177177887	0.0	0.0253458	-0.0040248999999999	1.6199820009999985e-05	0.00064240957764	0.128155	-0.044667	0.016423704025	0.001995140889	0.228931	-0.001543	2.3808490000000517e-06	0.052409402761	0.00575132	0.0003863899999999	3.3077681742399995e-05	1.4929723209999958e-07	-0.000334474	-7.640200000000005e-05	1.1187285667600003e-07	5.837265604000007e-09	0.00146083	-0.00014753	2.1340242889e-06	2.176510090000003e-08
9889.124346120008	3.8906404299050337	15.137082954811625	97794780.33302347	9952.513841157352	18.735454684307115	351.01726222772544	99052531.75842866	7087.165096076982	-0.3783580046747374	50227909.099051856	0.1431547797014486	7445.170203002737	10471.43280130186	1.10195	44.905525	0.0272405499999999	0.0188952	0.1647254324	0.0936644489	0.0431233725	0.1050067476	-0.0186657819	0.0252088245	0.0674429593	-0.0891099472	-0.1840822611	0.0313642142	-0.0201031791	0.0108040689	0.0322882486	0.0042949752	0.0384607732	-0.0806471777	-0.1437195943	0.071883883	-0.0435189412	-0.0663467213	-0.0246741282	-0.0344505711	0.0020217724	0.0851567418	-0.0006283414	-0.1494737536	-0.0402384116	0.0015807811	-0.0236129786	0.0095603406	-0.0435917937	-0.0762855437	-0.0014132306	0.053032802	-0.0139760351	-0.0921586027	0.0771640827	0.0147035798	0.045096983	0.0024023087	-0.0998163572	0.1013644407	0.0268634361	-0.0985119977	0.0397035305	0.0724629987	-0.122860947	-0.0970350238	0.0646535609	-0.1233101596	0.0160605716	0.0932664679	0.0220094543	0.0191515425	-0.0471814187	0.0920976579	-0.021427299	-0.1477169218	0.1407358024	0.0810307238	0.0439416074	0.1433503725	0.1802298184	-0.1518839745	0.0268541995	-0.0432206321	-0.041485512	-0.014326366	0.0099474365	0.0647766963	-0.166574058	0.0287949017	-0.1886701839	-0.0740497015	0.0139654135	-0.1493199408	-0.1173651591	-0.0796560684	0.0491579118	-0.0773107914	-0.02992183	0.0581487116	0.012885628	-0.1141274481	0.1327168891	0.0253276434	-0.1477762579	0.0267940958	0.0624117677	-0.0561112501	0.1096210136	-0.1077109632	0.022022321	-0.0181779339	0.0604777832	0.0024584427	0.1168232085	-0.1365034054	0.0353399529	-0.0231382956	-0.0261935474	-0.0671495665	0.0037030138	0.0252455269	0.0063427533	0.0526199392	-0.0781928623	0.1050959056	0.0412853899	-0.0447193432	0.0256451884	0.0383319929	0.0792761989	-0.0374642569	0.1334036391	-0.0770051348	-0.127006352	0.0645494124	-0.065216169	0.171128523	0.0298963814	0.0692590831	0.1717417849	0.0205959286	0.2711972137	-0.0331140658	0.0441306699	-0.104504169	-0.0835872525	-0.0895329722	-0.0426520519	0.1552624613	-0.0789585982	0.0713518882	0.0226945011	0.0501362713	0.0538565947	0.0347002048	0.1266887405	0.0087899368	-0.0178444131	-0.1332239165	-0.036847709	-0.1457904573	-0.0347216716	0.0012099346	0.1248040658	-0.0125154861	-0.0936350768	-0.0255610014	0.0415550433	0.0955986529	-0.125626269	-0.1162790093	0.0551843037	0.0852977351	-0.0020728304	-0.1332412145	-0.0377039286	-0.0631740301	-0.0662129834	0.0162669759	-0.0606287684	-0.0067459834	-0.0488486514	-0.0483901055	-0.0046523144	0.0901824385	-0.0353536223	-0.0433851456	0.1169265208	-0.01559067	0.0097822871	0.0295165382	0.0467789249	-0.008881871	-0.1222835048	0.0264620375	0.0	0.0253768	3.099999999999978e-05	9.60999999999986e-10	0.00064398197824	0.126479	-0.0016759999999999	0.015996937441	2.808975999999943e-06	0.211473	-0.017458	0.000304781764	0.0447208297289999	0.00580695	5.563000000000009e-05	3.37206683025e-05	3.0946969000000103e-09	-0.000239373	9.510100000000002e-05	5.7299433129e-08	9.044200201000004e-09	0.00147161	1.0779999999999948e-05	2.1656359921e-06	1.1620839999999887e-10
9876.260635739509	-12.86371038049947	165.4750447533698	97540524.14505775	9917.899263735171	-34.614577422180446	1198.1689701161242	98364725.80559865	7086.516436764283	-0.6486593126992375	50218715.20853035	0.4207589039514471	7445.604446248994	10452.632911689096	1.07626	43.858624	0.1120916499999999	0.0702715	-0.0262617458	-0.1450987708	0.1199788116	0.0706338419	-0.0066066489	-0.0010492594	-0.0945259974	-0.0659851562	0.1027803107	-0.1012180289	-0.1284669654	0.0250650016	-0.0109831057	-0.0045520818	-0.0297172231	-0.0750223926	-0.0757734415	-0.0887656446	-0.1196478145	-0.0123108952	-0.0071084352	-0.0732958843	-0.0333789579	0.014546208	-0.018277532	-0.0869410052	0.1366237631	-0.0933109064	0.0473380992	0.1457072218	-0.0630570331	0.0203259263	0.1017527635	0.072217128	0.0257478628	0.0339402258	0.0043460059	0.0790028745	0.0146934801	-0.0774963351	0.0184967644	-0.0533658295	0.0853583221	0.1348157282	-0.0556456274	-0.0680035819	-0.0620692105	0.0455429307	-0.0723422938	-0.0967420951	0.0626786537	-0.0994546654	0.0184451776	-0.0070331991	-0.0513222581	-0.012018599	-0.0331263533	0.1109150885	0.0211820626	-0.0303786189	-0.0707351721	0.0029440716	0.0203176946	0.0517454867	-0.1392159903	-0.0601145468	0.0109902511	0.1210435171	0.0013668204	-0.0158565377	0.0802551478	0.079771858	-0.0259554781	0.1075248285	0.0510990677	-0.0024864049	0.001859768	-0.0057415914	-0.2389062735	0.0446493	-0.1176671193	0.0081214839	0.0456635585	-0.0562998196	-0.0134285341	-0.0348772055	-0.1321439376	0.0159677559	-0.1142071929	-0.1883933491	-0.127253264	-0.044504824	-0.0233033272	-0.0368104409	0.0807327134	-0.0928454284	-0.1537446753	0.0328283764	0.0033964645	-0.0490722473	-0.0669575452	0.0237527138	0.0219995878	-0.0384362924	0.0915921384	-0.0182977637	-0.0239142618	-0.1261777958	-0.023528607	0.0497018324	0.0902129008	-0.0655115982	0.0510415162	0.1335299511	0.1036155686	0.0387302467	0.0611718004	0.1142089867	0.0263720093	-0.0206214267	0.064390888	-0.0179941022	-0.0941964409	0.0355191938	-0.0155198952	-0.0248975033	0.0200401893	0.1678108524	-0.0105095935	-0.0605930403	0.1547756146	-0.0072648547	0.0701240247	-0.0049558897	0.017889737	0.1020314561	0.157487922	0.1316171472	0.0822226867	0.1235909931	0.1546395221	0.161107404	-0.0956610868	-0.0546636732	-0.0299930835	0.0275737527	0.0681741828	-0.0248899487	-0.1102810251	-0.0060381081	-0.1152234053	-0.1777848728	0.0471674852	-0.1027034272	-0.0259166695	0.0534692211	0.0830155118	-0.0796590084	0.0079556774	0.0530057143	-0.0836408826	-0.0240355799	-0.1780827334	-0.1117892602	0.0667373004	0.007413106	0.0582070733	0.000436248	0.0962659439	-0.0979429998	0.0343051425	-0.0703004347	0.0449339249	-0.0219323136	0.0228786837	-0.0118345475	-0.1212933999	0.0350693762	0.0	0.0254343	5.749999999999853e-05	3.3062499999998303e-09	0.00064690361649	0.179667	0.0531879999999999	0.032280230889	0.0028289633439999	0.255308	0.0438349999999999	0.0019215072249999	0.0651821748639999	0.00603986	0.00023291	3.64799088196e-05	5.424706810000011e-08	-0.000261186	-2.1813000000000003e-05	6.8218126596e-08	4.75806969e-10	0.00151711	4.549999999999997e-05	2.3016227520999995e-06	2.070249999999997e-09
9867.632577155391	-8.628058584117753	74.44339493096804	97370172.67773834	9918.77087452663	0.8716107914588065	0.759705371787447	98382015.66135778	7088.845402101719	2.328965337435875	50251729.13489868	5.424079542977799	7447.819192612441	10350.81266656327	1.079001	43.970337	0.06438415	0.0393957	-0.0508193992	0.1513395093	0.0788084596	-0.0291852406	-0.0019602969	0.018480663	-0.059901881	0.0731391321	0.0290144864	0.183982789	-0.0553704818	0.0271585361	-0.0655663398	-0.0029854836	-0.0768156946	-0.0240883278	0.0816232269	-0.0387475151	0.0236942364	-0.0453288917	-0.0411425631	0.0128337426	0.1493723452	-0.1007766905	0.0005845161	-0.0646286142	0.0462407071	-0.0072413116	0.1165511147	0.0736654823	-0.0688841997	-0.0780398539	0.1042853348	-0.0094230416	-0.1034124846	-0.1056515993	-0.0970540858	0.0238002039	-0.0591458767	0.0466012365	-0.0158197273	0.0938541262	-0.0823481567	0.006203872	0.0064939121	0.0581329805	-0.0738366035	-0.0588383358	0.0903586223	-0.0427659224	0.0942282533	0.0027624121	-0.0152421884	-0.0547614643	0.0622932132	-0.0013033035	0.1135489042	-0.1270480747	0.0646090305	0.006744257	0.0591648066	-0.0463432384	-0.019373652	0.0424861427	-0.058812034	0.0046005123	0.0994437963	0.0665343633	-0.0112057942	0.065971962	-0.0088969861	0.0336736527	0.0509048827	-0.070963433	0.1590366877	0.0157026762	0.1496846573	0.0792596415	-0.1633451486	0.1222635708	0.1146443013	-0.0073927488	-0.1169515665	-0.0505626887	0.024730647	-0.0010694496	0.0814591195	-0.0024221233	-0.1770566477	-0.0641756725	0.0366290926	0.0340512082	0.093627918	0.0392139093	-0.1824984994	0.0639008154	0.128438063	0.1333452985	0.0833253426	-0.055827197	-0.0619058557	-0.0051173236	-0.0566454325	-0.0612555706	0.0402246854	-0.0053907177	-0.0075072383	0.1136843941	0.021327104	0.1484593215	0.0774695884	0.1139172201	0.0147045174	-0.0821800317	-0.027555052	0.0364765842	0.0406999475	-0.1503588581	0.0708644065	0.0645250207	0.0092036004	-0.0625667552	0.0717718227	-0.0137406734	-0.0728324177	-0.006303453	0.0302257624	0.1201911074	-0.0233215724	-0.0882028013	0.0801684729	-0.0781954951	-0.0917800023	0.0736457872	-0.1032669702	-0.0400837256	0.0465470612	-0.0559905426	-0.037435356	0.0275133135	0.0211384796	-0.0158308157	-0.0031630167	0.0538567471	0.1740885014	0.0316359929	0.1568103788	0.0127675557	0.2372461144	-0.1071305855	-0.0875398584	0.1226317061	0.1248779161	-0.0113544892	0.0672123435	0.1027742604	0.0209463109	-0.0034996563	-0.0508126658	0.1627808446	0.0676066903	-0.0465616753	-0.0303148153	-0.024130794	-0.0284030841	0.0637433439	-0.1212301757	-0.0681288248	0.0045721245	0.081405422	0.0839095784	-0.0666802784	0.0221214306	0.1665008345	0.1352447622	-0.0147804182	-0.1200243163	0.0434952718	0.0	0.025414	-2.0300000000000876e-05	4.1209000000003533e-10	0.0006458713959999	0.148119	-0.0315479999999999	0.021939238161	0.0009952763039999	0.233975	-0.0213329999999999	0.0004550968889999	0.0547443006249999	0.00586043	-0.00017943	3.43446397849e-05	3.2195124900000145e-08	-0.000221809	3.9377e-05	4.9199232481e-08	1.550548129e-09	0.00150626	-1.0849999999999966e-05	2.2688191876e-06	1.1772249999999923e-10
9872.431603647576	4.799026492184567	23.030655272689305	97464905.76869944	9952.08675622315	33.31588169652059	1109.9479732165555	99044030.80339225	7082.345750779879	-6.4996513218393375	50159621.333589815	42.24546730548785	7447.3394248709565	10333.865703672644	1.048543	42.729153	0.02962475	0.0151367	0.1183866148	-0.0693763291	0.0844930825	-0.000530127	0.04177797	-0.0043847051	0.0569027916	0.1571389575	-0.0997630422	-0.1010473017	-0.0818159763	0.0391928398	0.1083921375	0.0434170351	-0.0008537339	-0.051292886	0.0897660305	0.0750935163	0.0511680257	0.006357506	-0.0152043594	-0.1398849421	0.0563654729	-0.0916173519	-0.0124927363	-0.0195057967	-0.0383377871	0.0814021016	0.0456536621	0.0166143755	-0.0059184137	-0.0176901181	0.0088353698	-0.0738739879	0.0404279202	-0.0782441541	0.00678271	0.0435536102	0.0303190083	-0.1172481525	0.010052398	0.0236558361	0.0515328249	0.1260819001	0.0282987166	-0.0976521191	0.1177188518	0.044863444	-0.1024129613	0.0800861985	0.039884433	-0.0097089761	0.0180103957	0.0123308188	-0.00794098	0.0195860991	-0.0280722879	0.0915881681	-0.0084847716	0.0087699937	0.1573723965	0.1681369644	0.0202641646	0.0419559387	0.057358837	0.0582203413	-0.1010189018	0.1429089028	0.0068939831	0.029338168	-0.1232386833	-0.0118328609	-0.0252657037	-0.039505137	-0.1451185789	0.155804028	0.0743514076	-0.0157433042	0.0133169879	-0.154596375	-0.1065704756	-0.0346388018	0.0081929506	0.0593715009	-0.0006794994	-0.1957084119	-0.0307831013	0.067432248	0.0106696656	0.1383633642	0.0334286635	-0.0861916424	-0.0097569528	0.0769364138	-0.1219778241	0.0355556871	-0.0584776969	-0.1386621021	-0.011387022	0.0300770554	0.0416988596	0.1265661061	0.0432357365	-0.0320385737	-0.0360472098	-0.1558721103	-0.0099562376	0.0393806676	0.117988912	-0.0506022994	0.0116678917	0.0260778533	0.0058483089	-0.0879422561	0.0279447155	0.001074285	0.0855937742	0.0783433179	-0.0290804257	-0.0712222601	0.0279775481	0.0539871697	0.0111572476	0.0184010172	-0.1095349118	-0.1241760454	0.0726844152	-0.0302786142	0.0751044926	0.0391837162	-0.1610617864	-0.0414574205	0.049477716	0.018692002	0.0632305863	-0.0103128364	0.0680471343	0.1073021968	-0.0029747858	0.0398630019	-0.0411003253	-0.1220734801	0.1536450771	0.2053508685	0.0368769912	0.1209088997	-0.033391002	-0.0086318503	0.0412438439	0.0322451666	0.0829325413	-0.0303973652	-0.0703322277	-0.0997603519	-0.0822860241	0.0896946925	0.1218291068	-0.0039256408	-0.0804852839	0.022256374	0.0501924314	-0.0969056593	-0.0042249341	-0.0467206835	0.0170035819	-0.0286721671	-0.0854828376	-0.0667165458	-0.1218518969	0.0329749113	-0.0357855702	0.0533690567	0.0715543737	-0.032972143	0.0618566245	-0.0177177887	-0.118479173	0.0516961302	0.0	0.0254886	7.460000000000105e-05	5.565160000000157e-09	0.00064966872996	0.155292	0.007173	0.024115605264	5.145192900000018e-05	0.23185	-0.0021249999999999	4.515624999999949e-06	0.0537544225	0.00607314	0.00021271	3.68830294596e-05	4.524554410000021e-08	-0.000122286	9.952300000000002e-05	1.4953865795999996e-08	9.904827529000004e-09	0.00159907	9.281000000000004e-05	2.5570248649e-06	8.613696100000006e-09
9883.276604471612	10.845000824036106	117.61404287334382	97679156.44049592	9945.587470656175	-6.499285566975232	42.24071288109256	98914710.1364731	7080.969602646632	-1.376148133247625	50140130.5136056	1.8937836846409235	7442.482497210555	10393.119534641772	1.033161	42.10231	0.0737246499999999	0.0418856	-0.1329359558	0.0135463302	0.0556815853	0.0441142877	-0.0534297272	-0.015362928	0.1179242284	0.0112067575	0.0996935337	0.0234598335	0.0260917005	0.0619856726	0.1416287798	-0.0510046144	0.0549384857	-0.0422755581	-0.0964507526	-0.0287954171	0.0939266081	0.0281566074	-0.0008986972	-0.0012608557	0.04994682	0.0515515767	-0.1086261183	-0.0894974106	0.0298652019	0.0752341304	0.0275484672	0.0500815578	-0.1105434658	0.0406659487	0.017229606	0.0651842434	0.0840609118	0.0119390649	0.0281047076	0.0250350715	0.0082970318	-0.028688167	0.12573465	-0.0546994728	-0.044491959	0.082744702	-0.0271007124	0.0081965803	-0.0678050704	0.0743900743	-0.0139389759	-0.1906021161	-0.0386343926	-0.0200029243	0.0307454789	-0.0062134402	0.0169235764	0.0619522703	0.0370525841	-0.0502221672	-0.0853408811	-0.0615410604	-0.0624355595	-0.0661960411	0.1560867831	-0.0111213596	0.0153205635	0.1276759467	0.0694485658	-0.0552585125	0.107221708	-0.0525547993	0.0269994652	-0.1451464893	0.0389621394	0.1243371711	-0.0559764083	-0.0606313605	0.0845547505	-0.0113209619	-0.0509604033	-0.0744766264	-0.0722655491	-0.1392422455	-0.0814559036	0.0450201324	-0.1253923114	0.1487876283	0.1032054256	-0.1375746075	0.0344974492	0.0891663055	-0.0634606893	0.0347718596	0.0323959009	0.0898824734	0.1571489426	0.0139378823	-0.0108254671	0.0854548493	-0.0372310785	0.087737952	0.0742301441	-0.0603314738	0.0111004714	-0.0736401001	0.0659211453	0.0612926548	0.0367778734	-0.1049198956	-0.0677508898	0.0475297911	0.0727724108	-0.023312119	-0.0765943819	-0.0075662414	0.0157784963	0.0461010321	-0.0091713272	0.0270218229	-0.1573970877	-0.0613241379	0.1154887718	-0.0295140037	0.0107573827	-0.0636947143	0.1245150545	-0.0168488154	0.1107675775	-0.085252295	-0.0969048171	0.0841215388	0.1176058988	-0.0875925098	-0.0300853125	0.0482298116	0.0650192285	-0.0113301929	0.0844522545	-0.0643726698	0.0606472751	0.0781999697	0.0103602281	0.0404327205	0.0943520536	-0.0304343757	0.0344945118	0.0150229176	0.0409284154	-0.1731797589	0.0130910003	0.0334967196	0.0422619915	-0.1022756034	0.0825639009	-0.0308333565	0.1550452982	-0.0010246018	0.1090430736	-0.1328107445	-0.0399079995	0.0247878303	-0.0473290986	-0.0756143398	0.0697668648	-0.0101903903	-0.0214168514	-0.0140192959	0.0426906962	0.057630767	-0.1078904338	-0.1080654683	-0.0791898966	-0.03244391	0.1142776398	-0.0020364635	-0.0502465953	-0.0206449699	-0.1166615237	0.0596295215	0.0	0.0207083	-0.0047803	2.285126809000001e-05	0.0004288336888899	0.191603	0.0363109999999999	0.036711709609	0.0013184887209999	0.251343	0.0194929999999999	0.0003799770489999	0.0631733036489999	0.0060045	-6.864000000000002e-05	3.605402025000001e-05	4.7114496000000035e-09	-0.000201983	-7.969700000000002e-05	4.0797132289000005e-08	6.351611809000003e-09	0.0014846	-0.0001144699999999	2.20403716e-06	1.3103380899999996e-08
9887.911040665897	4.634436194284717	21.47799883889621	97770784.74812251	9959.472429980851	13.884959324675949	192.79209544790552	99191091.08354868	7085.767804699892	4.798202053259956	50208105.382121526	23.02274294390806	7442.259178968306	10504.526727423125	1.078406	43.946095	0.0806640499999999	0.0456624	0.1243328362	0.0704184405	-0.002307914	0.0619817122	-0.0370501651	0.0530977269	0.1277574247	-0.1118914459	-0.1214715927	0.0542849288	-0.0117733769	0.0548441672	-0.0731914919	-0.0874628631	-0.0675836424	-0.0094348385	-0.1439336516	0.1100739083	0.0712310696	-0.0642467757	-0.0075835172	-0.0468630664	-0.0274537101	-0.0854311662	-0.0954585373	-0.054187011	0.1079476412	-0.1340506083	-0.0853969724	-0.0154876919	-0.0578277149	-0.0439041641	-0.0204780266	-0.0244083791	0.0705299188	-0.1080681355	-0.0025100575	0.0094257639	0.0939691861	-0.0052334312	0.0015388863	0.0990168293	-0.1192678711	-0.0688677908	0.0505205396	0.0774256321	-0.0443560425	-0.1175419702	0.0994209591	0.1158083938	0.055014434	0.1792206517	-0.1321523126	-0.0211852698	0.0100657539	-0.0543303008	-0.0864772559	0.0382691207	-0.0711795768	0.0153742336	-0.0334689871	0.0033825386	-0.0377405481	-0.004443546	-0.1730949011	-0.0980299385	0.0499378698	-0.0802321483	0.0573652459	0.1281816227	0.0261972713	-0.1224504926	-0.0201683829	-0.0882596166	0.0122073358	-0.0970968153	-0.0884199899	0.1344552274	-0.000908678	-0.0842329011	0.1141233268	-0.1250199709	0.003807261	0.1192839867	-0.0268676669	-0.0006895623	-0.0273702006	-0.1155879993	-0.0310870538	-0.0877845338	-0.0056368697	0.03155621	-0.0685577169	0.0099966685	0.0864760943	-0.0749446443	0.1001940007	-0.0059778982	0.009658621	-0.081333923	-0.0153056725	-0.0920152556	-0.039905512	-0.0617532619	-0.0667278742	-0.0795593977	-0.165939675	0.0930562192	0.089017668	-0.0936270326	-0.0452953043	-0.0610762002	-0.0642373962	0.0541525317	-0.0584920171	0.0066138838	-0.1187117354	0.0759555152	0.0905655353	0.103804799	-0.0597918306	0.0120326851	-0.1170415014	-0.0279272509	0.0565046273	-0.0057654963	0.042986268	-0.1581802344	-0.0506268961	-0.1041986207	0.0244525271	-0.0156756106	-0.0509553967	0.0674540712	-0.2077599964	-0.1231634089	-0.1066855881	0.0726683701	-0.100716369	0.0280473376	-0.0107292976	0.0975117254	0.0206652189	-0.2119014838	-0.0121632148	0.0392739406	-0.0227826392	-0.0616162725	-0.0485213654	0.0404054215	-0.0136202032	0.1023875604	0.0057823241	-0.0355318124	0.0017059309	0.2307608277	-0.0472470791	-0.008998481	-0.0653828564	-0.0833467788	-0.0112751974	0.082819619	-0.0135058127	0.0748883509	-0.0086767337	-0.1147356654	-0.1028659384	-0.0895062404	0.0824024133	-0.0516460711	0.1887507275	-0.0964240421	-0.0425644766	0.049448899	0.0913377928	-0.0235602783	-0.1145755492	0.0672543997	0.0	0.0253257	0.0046174	2.1320382760000008e-05	0.00064139108049	0.150406	-0.0411969999999999	0.022621964836	0.0016971928089999	0.239284	-0.0120589999999999	0.0001454194809999	0.057256832656	0.00577654	-0.00022796	3.3368414371600004e-05	5.196576160000007e-08	-0.000384186	-0.000182203	1.47598882596e-07	3.3197933209e-08	0.00143895	-4.564999999999994e-05	2.0705771025e-06	2.083922499999995e-09
9885.862222154825	-2.0488185110716586	4.197657291309888	97730271.87542792	9942.09554928076	-17.376880700090624	301.955982865182	98845263.91102833	7076.348976728468	-9.418827971423523	50074714.84044604	88.71432035527019	7437.089526187389	10402.145811309814	1.049247	42.757809	0.0829635499999999	0.0369572	-0.0453730036	-0.0844436758	0.0470876172	0.0881161796	0.0774752648	0.0364910056	0.0343578607	-0.0208636339	0.0583630494	-0.0884055448	-0.0333309219	0.0232236789	0.0290742441	0.0979050115	0.0879531374	-0.0774906871	-0.0785657327	0.1083037428	-0.1753499722	0.0356540062	0.0727795466	-0.0370945856	0.0638175429	-0.104059268	-0.0166510812	0.0322196714	0.116736925	-0.0526324753	0.0645090327	0.0503250968	-0.0498319277	0.104212329	-0.035466956	-0.0379359909	-0.0466521386	0.0467080669	-0.1082911138	-0.0287338988	-0.0528342451	-0.0459773263	0.0967242257	-0.0064353109	-0.0494206847	0.0316826794	0.0114311092	0.0079417058	0.0241446894	-0.0916843667	-0.0815773519	0.1273242237	0.1273097709	-0.1000101289	0.1360633758	0.0372465446	-0.1222718743	0.0491401893	0.0360069653	-0.0269264066	-0.0759179873	-0.0146976034	0.1290283843	-0.0024627993	-0.0558120685	-0.0885148543	-0.1068123072	-0.0789792361	0.0350667354	-0.0082263083	0.0318895296	-0.0295232167	-0.0021850004	0.0998734221	-0.1330196981	0.0817934426	-0.146902002	0.1392045032	0.1396627091	-0.0515504201	-0.1223047618	0.0028855374	0.0776678717	0.0953188184	0.0162368201	0.0802678758	-0.1261957986	-0.1883500482	0.0874331359	0.0215819866	0.0461177277	0.0109822748	-0.0431053815	-0.0817661774	0.0613893691	0.0648356414	0.0378661704	0.076360112	-0.0620531497	-0.0035434971	-0.0896751264	-0.057661503	0.0150809263	0.0502393182	0.1598739339	-0.0027665468	0.1065797819	-0.0057832316	-0.0280987232	0.0855956746	-0.0036658305	-0.001769174	0.0386436706	0.08348882	0.1166182295	0.045632484	0.0169362117	0.0667422456	0.1037065796	0.0736062809	0.1351319903	0.0009261367	-0.0750436887	0.0923025892	-0.1264990899	-0.1160321481	-0.058050759	-0.0469160919	-0.012925372	0.1009584526	-0.0643202524	0.0580834879	-0.0095736417	-0.1343767002	0.0829644711	0.0154765415	0.1903670141	-0.0555772943	-0.0120690503	0.0804845566	0.0515188823	-0.0059225325	0.0190585466	-0.1450052995	0.0696497962	-0.0100729399	-0.0716577426	0.0254519697	0.1725187437	0.1019133918	-0.0280385986	0.0141718255	0.1361322383	-0.0448574488	-0.0086358131	-0.0511426206	-0.0552285872	-0.0514693386	0.1672798452	-0.043757127	-0.0187004434	-0.1310683576	-0.0934753915	0.0211779624	-0.0694080698	-0.040770575	-0.0570392585	0.0650933837	-0.0310088518	-0.1208331388	-0.0173479239	0.0150775189	0.0141917799	0.0269491887	0.0556513549	-0.0236520501	0.0424128741	-0.0264620375	-0.1122260473	0.0745313149	0.0	0.0114498	-0.0138759	0.00019254060081	0.00013109792004	0.171457	0.0210509999999999	0.0293975028489999	0.0004431446009999	0.224611	-0.0146729999999999	0.0002152969289999	0.050450101321	0.00617216	0.00039562	3.80955590656e-05	1.5651518440000014e-07	-0.000197883	0.000186303	3.9157681689e-08	3.4708807809000015e-08	0.0013536	-8.53500000000001e-05	1.83223296e-06	7.284622500000016e-09
9895.206985344255	9.344763189430523	87.32459906653573	97915121.28280574	9968.189127512876	26.09357823211576	680.8748249555455	99364794.48186591	7082.628264326257	6.279287597788425	50163623.13063316	39.42945273573953	7445.312266441799	10468.884658486702	1.020093	41.569756	0.076661	0.0459411	0.0177686636	0.1089985135	-0.0179298265	0.0988428643	-0.0795816293	-0.0049565483	0.0350967551	-0.0835508065	-0.056720051	0.0638760358	0.0385751039	0.0426698775	0.0344097806	-0.0990183801	-0.0074670827	-0.0789128423	-0.1267904987	-0.1854745825	-0.0691477538	0.0836257067	0.1854955842	0.0370061198	0.0091645897	-0.1285877302	-0.016229823	0.1107216722	0.0470475003	0.086885413	0.0804345537	-0.0692496041	-0.0770035801	0.1176883063	-0.0183730118	-0.0157485267	-0.0329386844	-0.0057345123	-0.0871338448	0.0688062588	0.0245620213	0.008954735	0.0879053693	0.0190812052	-0.0087773361	-0.0040175929	0.073581321	0.0251039319	-0.0317741406	0.0751992003	-0.024382456	-0.0231902769	-0.1075608599	0.0354811573	0.1218871414	-0.1722625128	-0.0513929865	0.0425897154	0.0175680099	0.0016715697	0.02016038	0.1617889236	0.0239950089	-0.034203146	-0.0010678127	0.0054250043	0.0325749207	0.0511558561	0.0774371525	0.02878337	0.0491979561	0.0130198713	0.2041955244	-0.040479829	0.1153494388	0.0637184488	0.0918586202	0.0138650442	0.1873162979	0.060401404	-0.0259110658	-0.020922917	-0.062127571	0.0333522818	0.0344286512	0.0108108481	0.0789698305	-0.0255341221	-0.108354101	-0.0165329021	-0.0101601082	0.0952856763	0.0268299567	-0.0270075838	-0.0060578528	0.0835668652	-0.0619851736	-0.0365539237	0.091030385	-0.0381219827	-0.0306225499	-0.0320995502	0.0776478699	-0.0891705181	-0.0233315873	-0.0490226305	0.1183490583	0.1411648144	0.1218752651	-0.0472075522	0.1033574874	0.0236439105	0.0296618279	0.0171007197	-0.0559675514	0.058198627	0.0588941736	-0.1381490964	0.0561849319	-0.0374171904	0.0563239527	-0.0752584643	-0.0239809055	-0.0149958601	-0.0184078133	-0.0092490609	-0.0025196192	-0.0284710199	0.1485293935	0.0650057877	0.0435737014	0.1258623865	0.1163160323	0.0177716189	0.1190518397	-0.0190089783	-0.032916582	-0.0764307472	-0.0693965124	0.0645582282	0.0911186407	0.0458825221	-0.0966700176	0.1235905467	0.0115309606	0.0119836394	0.1635563092	0.0793521169	0.1092365823	-0.0625434017	-0.090793999	-0.0142870487	-0.0713307005	-0.0489107506	-0.0129696609	-0.022213722	0.2495772886	0.0988534841	-1.48866e-05	-0.0241172334	0.057210649	-0.0165451436	-0.0774536247	-0.0061477794	-0.0519934468	-0.0438008257	0.0492242134	-0.063598649	-0.1310291321	-0.0990377022	-0.0411220181	0.0031938339	-0.1583604527	0.0367028495	0.1145185344	-0.0345157242	-0.1724190219	-0.0293485786	-0.1096184219	0.0814226176	0.0	0.0162336	0.0047838	2.288474244000001e-05	0.00026352976896	0.205407	0.03395	0.042192035649	0.0011526025	0.255331	0.0307199999999999	0.0009437183999999	0.0651939195609999	0.00610418	-6.798000000000047e-05	3.72610134724e-05	4.621280400000064e-09	-0.000170709	2.717399999999998e-05	2.9141562681000004e-08	7.38426275999999e-10	0.00130461	-4.898999999999984e-05	1.7020072521000003e-06	2.400020099999984e-09
9906.850425596627	11.643440252371876	135.56970091055362	98145685.35514408	9965.794333954074	-2.394793558802121	5.735036189280128	99317056.70667112	7087.849133864334	5.22086953807775	50237605.344421394	27.257478733628176	7445.09792364884	10509.337777010423	1.066065	43.443172	0.0883147999999999	0.0467959	0.0454294348	-0.1277564748	-0.0323586617	0.0610996154	-0.0024330936	0.0754487734	0.0654893378	0.0822534609	-0.0097614569	-0.1054197335	0.0452894012	0.1118859193	-0.1340978724	-0.0292245209	-0.1054443024	-0.0501753052	0.0572279499	0.1070250963	-0.0359818564	-0.0991534071	0.0516503407	0.1476684883	-0.1218415617	-0.1620623065	0.0072198079	0.0982144392	0.1264195456	0.1468531578	-0.0055306093	0.0258346781	-0.0801556841	0.0422180643	0.0317542789	0.0169232686	-0.0164407774	-0.1638597132	-0.0002323975	0.0470455434	0.0835941043	-0.1297237252	0.0386288072	-0.048767026	0.0587830791	-0.0390351828	-0.1165634063	-0.0785646151	-0.0213266715	-0.0483350639	-0.0307540564	0.0311309501	0.0006892446	0.0840448031	-0.0556321624	0.003132544	-0.1566529525	-0.1827778075	0.0164060429	-0.0293982521	0.1270317723	0.0471599999	0.0728958367	0.0036812091	0.1114577118	0.1377308672	-0.1568759515	-0.0561569352	-0.0835145514	-0.0359088752	0.0659589711	-0.0784011981	-0.0455492221	0.0567666187	0.0481158986	0.088171453	0.0046099616	-0.0025075761	0.0641527197	0.0281595439	-0.052885929	-0.1408232644	-0.0135655758	-0.1665224022	0.0989388127	-0.0509061879	-0.0348527647	0.0853181003	0.0344493852	-0.0287365504	-0.0446313436	-0.0558747338	0.0331043961	-0.1559346567	-0.0078950176	0.0187050537	0.1167932068	-0.0769603918	-0.0347957815	-0.0489115658	-0.1310108689	-0.0640045554	-0.1511687308	0.0315862518	-0.0589345722	0.0569073705	-0.0642127448	-0.0864426195	0.041395314	0.064822042	0.072057146	0.0365890523	0.1017407652	-0.0917142163	-0.0171083365	0.079361165	0.049877017	0.0692424087	-0.1675356532	0.0532512926	0.0017977387	0.0050835535	0.0271382106	-0.0313660288	-0.018461574	-0.2106931023	0.0035895467	0.0541525219	0.1155478355	0.0815081406	0.075533218	0.0088439388	0.0100471481	0.0698979411	0.0900418799	0.1360204313	0.010138251	0.0422462419	-0.0091454999	0.0562363985	0.0602434412	0.0529676979	-0.0724544099	0.0573083135	0.0728431141	-0.0421448707	0.0861779897	0.1681405737	-0.020476271	-0.0569602144	-0.0879273612	-0.0746485833	0.0896276361	-0.0093474949	0.0480081456	-1.73826e-05	-0.1783961817	0.1998744862	0.0731539449	0.1222281409	-0.0731418543	-0.0590661878	0.0399951679	0.088135929	-0.0892818335	0.0149716702	0.119712412	-0.0149029339	-0.0084913118	-0.1229108823	-0.1363583488	-0.1268612966	-0.0082695152	0.0117359912	0.0510386516	-0.0031857914	0.015544093	-0.0322182416	-0.1067586706	0.0878926533	0.0	0.0254208	0.0091872	8.440464383999999e-05	0.00064621707264	0.164734	-0.040673	0.0271372907559999	0.001654292929	0.245423	-0.0099079999999999	9.816846399999945e-05	0.060232448929	0.00648156	0.00037738	4.20106200336e-05	1.4241566440000005e-07	-0.000218191	-4.7482e-05	4.760731248100001e-08	2.2545403240000003e-09	0.00145068	0.0001460699999999	2.1044724624e-06	2.1336444899999965e-08
9889.681761118023	-17.168664478604114	294.76303997888266	97805805.33619048	9935.850690385216	-29.943643568858533	896.621790178843	98721128.94162837	7079.7333535674325	-8.115780296901903	50122624.357615165	65.86588982758114	7434.774654029232	10438.559100676235	1.079047	43.972206	0.06052355	0.0282298	-0.1305889137	0.0726263726	-0.0415902249	-0.0290745046	0.0786345769	-0.0206004548	0.0119747139	-0.0187819974	0.0956060145	0.050285759	0.0798348971	-0.1170745894	0.0686906177	0.0991962327	0.1631353955	-0.0081939794	-0.0616498471	0.0700090968	0.0472482004	-0.0297401636	0.015879396	0.1369383468	-0.125789155	-0.0399992501	-0.1497453576	0.0441758105	0.0284333597	0.1079245187	0.1328084179	-0.0336312567	-0.0111696406	0.1271467628	-0.0348116123	-0.0717947201	-0.1200077058	-0.1128515239	-0.0458642336	0.0859999571	0.0009826203	0.0083213072	0.0452802569	-0.0647821052	-0.1199902436	-0.0292910548	-0.0996687418	0.0053875856	-0.1109671529	0.020128054	-0.1193992499	-0.0600265483	-0.0496382834	-0.1114585772	-0.1147953888	0.0778224366	0.0648310031	0.1235323048	0.0602217302	0.0884668972	-0.0367543141	0.0068738052	0.0362244766	0.0180445988	-0.1591477228	-0.0904739507	-0.0062993474	0.0393389964	0.0026474005	-0.0374090375	-0.1304247204	0.0204300884	0.0131343214	-0.1493642259	0.0095691092	0.0444237924	0.0761731813	0.0044208596	0.1012015576	0.0438816781	0.0138695087	-0.0430036973	-0.0029536805	0.0279000032	0.0243530129	0.0454719554	-0.0396929923	0.0251786718	-0.0001135151	0.0135261779	-0.0611016512	-0.0165130156	-0.0464290899	-0.1675291584	0.0395543232	0.076539364	-0.0516664821	-0.0186391785	-0.028517564	0.1026752739	0.0006071261	0.1414711329	0.0095524687	-0.0486524083	0.2026740742	-0.0073426621	-0.0462985467	0.0251627939	-0.0297872783	-0.013907542	-0.0967388099	-0.0214422592	0.0439105838	-0.0817135892	0.0110965669	-0.036522468	0.0258825888	0.0632481882	0.0975208247	-0.0275028386	-0.0910285881	-0.015335772	-0.1474682244	0.0404833091	-0.1109871346	0.0890877134	-0.0835583702	-0.0708789351	0.0560456884	0.014475578	0.0227850716	0.1252501422	0.0256145616	0.0166670078	-0.0200054267	-0.0048842624	-0.1360526338	-0.024878065	-0.0902230803	-0.1008800025	-0.0097626302	-0.0492311222	0.0913119247	0.0078022162	0.0615405082	-0.0656220948	0.0804830789	-0.0202637147	-0.0517204803	0.0098055113	0.0246804813	-0.0731331254	0.1345729317	0.0252232658	0.0251988184	0.0222939141	0.1149106928	-0.0796970476	0.1862587544	-0.0404621134	-0.0858188058	-0.035205066	-0.0821753707	0.0494667016	0.0801216697	0.0126465545	0.1173647621	0.0327431305	-0.0393178164	0.0113211524	-0.1410675107	-0.0729526878	0.0512669643	0.0641228662	0.0826690282	-0.044976796	0.0179881012	-0.0350693762	-0.1036533709	0.0939079472	0.0	0.0193266	-0.0060942	3.7139273640000014e-05	0.0003735174675599	0.186519	0.021785	0.034789337361	0.0004745862249999	0.236139	-0.009284	8.619265600000027e-05	0.0557616273209999	0.00623547	-0.00024609	3.88810861209e-05	6.056028810000003e-08	-0.000129724	8.8467e-05	1.6828316176e-08	7.826410089e-09	0.00131803	-0.00013265	1.7372030809e-06	1.75960225e-08
9880.436060387654	-9.245700730369208	85.48298199554971	97623016.74340872	9937.623709487914	1.7730191026985267	3.1435967385338888	98756364.99137634	7084.992272758072	5.258919190639972	50197115.5050416	27.656231053681378	7443.402233328059	10478.16729545698	1.052117	42.874775	0.053832275	0.0282944	0.0731917311	-0.0028426346	-0.0326458526	-0.1140268065	-0.1094667642	-0.1151247088	0.1010359648	-0.1619641738	-0.0702851891	-0.0049680914	-0.0494694434	-0.0257581382	0.0036146072	-0.1283312033	-0.0159624389	0.2043951713	-0.0971048549	-0.0741697067	-0.0111297318	0.0738498141	-0.0220679155	0.0978692558	-0.0511215745	0.0051486554	-0.0684315809	-0.0085397175	0.0646719783	-0.0375409277	0.0198521603	-0.0613150974	0.1142800852	0.0691996158	-0.0489961906	-0.2072788295	-0.1205485125	-0.0205815287	-0.1014526894	-0.0199056589	-0.012487461	0.0741526144	0.0254609191	-0.0421644011	0.026395384	-0.0220599089	0.1049730134	0.0793734952	0.1248042557	0.0857541617	0.1230395259	-0.0467933418	0.1039461124	-0.0570773182	-0.0890461678	0.0752751761	0.1069891408	-0.0294383491	-0.103822793	-0.0307943818	0.1065556312	0.0362656196	0.0056387991	-0.1220402091	0.0760213202	0.0346973987	0.0030135315	0.0557024573	-0.1013403563	-0.0378166518	-0.0444038182	-0.1347420686	-0.0394101186	-0.1133403357	-0.0101419057	-0.1215724334	-0.0696190083	-0.0067690678	0.0358297683	-0.0102396723	-0.0767458189	-0.0500676141	-0.1298640854	-0.0118813829	-0.0207432345	0.059373156	-0.1364894706	-0.0092579446	0.0267116384	-0.0900328144	0.0817949371	0.1516971894	0.0134445664	0.2066748595	-0.0071187362	-0.0160564176	0.0144460613	-0.0836525456	0.0081794507	-0.0578062361	0.0164383064	-0.0569741844	0.0987573812	-0.044011235	-0.1120487089	0.0584071566	0.0119455902	0.0191101009	-0.1244877453	-0.1111513014	-0.0830290046	-0.0566018472	0.014009492	-0.0031851191	-0.0195804489	-0.0938592139	0.0162009924	0.054976518	-0.0257473282	0.0035868328	-0.0044129783	0.079649473	0.0171304365	-0.1441801334	0.0365787557	-0.0744253462	-0.1078376455	-0.0080319761	0.0154967119	-0.0760927591	0.003890009	-0.0851108687	-0.0922579506	-0.1381813539	-0.1013985182	-0.0549558633	0.0866999881	-0.040418891	-0.0916626513	-0.120522286	0.1217441701	-0.0689553256	0.032267993	0.1221288865	0.0643545947	0.2007206841	-0.0236000057	0.0403696963	0.0531337885	-0.1328781726	-0.0358362429	0.1385221849	-0.0790840838	-0.0807873401	-0.034199291	-0.0011314754	0.1025164504	0.081205299	-0.1514350573	-0.0801049962	0.0339925346	-0.0773876981	0.0035400913	0.06770384	0.0973560961	-0.0071562993	0.0461137777	-0.0631829402	0.0238578376	-0.0368506975	0.0970610626	0.0281093449	-0.0049040603	-0.0265016032	0.1112402423	0.1310306353	0.14782818	-0.0379003427	-0.1003096651	0.0994373772	0.0	0.0140985	-0.0052280999999999	2.7333029609999996e-05	0.00019876770225	0.208715	0.022196	0.043561951225	0.000492662416	0.231036	-0.0051029999999999	2.6040608999999963e-05	0.0533776332959999	0.00605676	-0.00017871	3.66843416976e-05	3.193726410000012e-08	-9.19905e-05	3.773350000000001e-05	8.46225209025e-09	1.4238170222500002e-09	0.00152769	0.0002096599999999	2.3338367361e-06	4.3957315599999996e-08
9907.89472963035	27.458669242696487	753.9785165798061	98166377.97343688	9967.78274661768	30.159037129766148	909.5675205946133	99356692.88376912	7083.235168127468	-1.757104630604772	50172220.44699776	3.0874166828927323	7443.213150331035	10444.198896384043	1.04063	42.406654	0.076725825	0.0452794	-0.1089675028	-0.0160936525	-0.0782179144	-0.126645427	0.0418629801	0.0612029012	0.1855199517	0.0454117062	0.064319795	-0.0022430584	0.1074976359	0.1732465688	-0.0389187216	-0.0348745564	0.0890781351	0.1542335779	0.0699775606	0.1359858963	-0.0979656759	0.0433145069	0.033778357	0.0704299187	-0.0046480143	-0.0284061808	0.000922086	0.030784349	0.0016864912	-0.031732311	-0.0144662513	-0.1370417989	-0.0035753135	0.1691603941	-0.0725947554	0.1138175752	-0.1882696814	-0.0755086199	0.0810977965	-0.0157971436	0.0417273731	0.1708874263	0.0439638081	-0.1288503554	-0.0728837485	-0.151230382	-0.0532421075	-0.0126290857	0.0645888569	0.066901983	-0.1128050404	0.1262069427	-0.0331961277	0.0611522991	0.0294544647	0.0505303788	0.0812886537	-0.1242112398	0.0541151052	-0.1019229444	-0.0158885192	0.0147290309	-0.0285745239	-0.0436253761	0.0519589764	0.0381942455	-2.54501e-05	-0.1278738363	-0.0072158981	0.0552303388	-0.1319420993	0.0680572543	-0.0153884125	-0.0268478676	0.0618416676	0.0195810216	0.0907486812	0.0259704962	0.0312632119	-0.0508106483	0.0727419681	-0.0360744508	0.0900741128	0.177656965	-0.0510452556	-0.0788239502	-0.0616554472	-0.0491171693	0.1413259115	0.0594943098	-0.0158146268	-0.0017259172	0.1256837126	0.0381638684	0.0046485092	0.1294330452	0.1290197763	0.0746016872	0.0232176059	0.045843055	-0.2090374622	-0.0375214265	0.0716730596	0.0549965952	0.0058240816	0.1875028815	-0.1097549265	-0.0215971864	0.0492282437	0.0915104932	-0.0913108673	0.0191027551	-0.0760973326	-0.0271705037	0.0541148097	-0.0128885096	-0.0738481193	0.0295689228	0.0008207124	-0.0591176981	0.1598603722	-0.0592681809	-0.036719155	0.0510741445	-0.0036906699	0.0119359734	0.0191806889	-0.0380934133	0.0880705681	0.0905094841	0.0816540519	-0.0066042078	0.0604476843	0.1308398862	-0.0176665074	0.0079825243	-0.0122340119	-0.0560581836	-0.106156071	-0.1337708787	0.0824548135	0.0309917618	-0.0610816574	-0.1639333654	-0.1722582025	0.0323597104	-0.080030314	0.0187573655	0.1903683055	-0.0465751241	0.0296024522	0.0272689269	-0.0213678444	0.0577238492	0.0918173634	0.0789216341	-0.0905083467	-0.0144963879	0.0967986303	0.030200028	-0.0806625763	-0.1566337619	0.0263850981	-0.0093703611	0.1079326437	0.0479691517	0.0080460143	-0.0200007677	-0.05760972	-0.1374661121	-0.0035254574	0.0232234532	-0.0144669934	0.0508500809	0.1237403636	-0.1120177955	-0.0269985589	-0.0407095131	-0.0967352439	0.1044523349	0.0	0.0113778	-0.0027206999999999	7.402208489999998e-06	0.00012945433284	0.167368	-0.041347	0.0280120474239999	0.001709574409	0.22255	-0.0084859999999999	7.20121959999999e-05	0.0495285025	0.00617532	0.00011856	3.81345771024e-05	1.4056473600000044e-08	-0.000348613	-0.0002566225	1.21531023769e-07	6.585510750625001e-08	0.00141943	-0.00010826	2.0147815249e-06	1.17202276e-08
9919.47820352378	11.583473893429982	134.17686743977396	98396047.83018336	9979.13223941727	11.349492799588916	128.81098680792064	99583080.25177713	7090.192509282485	6.957341155017275	50270829.81868546	48.40459594729711	7445.907776347666	10637.621776616345	1.047744	42.696579	0.05213065	0.0302181	0.0606745012	0.0873395726	-0.1694304599	-0.0198065534	0.0191846118	-0.0321700164	0.0128365893	-0.1926985997	-0.1161553463	0.0074352549	0.1784780378	-0.0753482235	-0.0143782245	0.0126732462	0.0814772172	0.0570051566	-0.1572798862	-0.0733849872	-0.0880401567	0.0076791335	-0.0021156616	0.0156544946	-0.1813049946	0.0320678769	0.0387415978	-0.0395697486	-0.0648899442	-0.0196856649	0.0210921035	-0.151419448	0.0252735822	-0.0594297783	0.0080375557	0.1583820621	-0.0311305123	-0.0572028947	0.037531642	0.0314351449	0.152482479	0.0278197698	-0.0998986193	0.071080027	0.0198689658	-0.1704126648	0.1304128973	0.0472413551	-0.0098462543	-0.0855822427	-0.0087511634	0.0037077515	0.0500075554	-0.0036368795	-0.0214116625	-0.0866108544	0.0541285312	0.0012552073	-0.0274897392	-0.0405343685	-0.0617751369	-0.0351787462	0.0445344563	0.0116595345	-0.0562740564	0.0692910907	-0.0110278822	-0.0701754162	-0.1247164272	-0.0697478042	0.0336791616	-0.1070082686	0.1838840442	0.1094815235	-0.0352043915	0.0338128544	0.0427592212	0.0450084044	-0.0144514308	-0.0531674004	-0.010704229	0.082339511	-0.0629111534	0.0164827092	-0.0458128397	0.1370914744	0.1367718393	-0.0386742512	-0.0699917597	-0.0679092462	-0.0548564104	0.155609447	0.0002459253	-0.0006839601	-0.1230957135	-0.0362208863	0.0164411937	0.1263207159	0.1104406109	-0.1201173161	-0.0095757638	0.0137116987	-0.0514114775	-0.1318241193	0.0644496331	-0.0078871232	-0.0136736271	0.137483238	-0.1398094634	0.0154576239	0.0686210138	-0.006110985	-0.0590890745	0.006245605	0.0724830302	-0.0613451832	-0.0674367779	0.0438242547	-0.0886850956	-0.0463489254	-0.0102536644	0.0224819982	0.0695049483	0.0696420724	-0.0102480905	0.0286064559	-0.0693818522	0.082687872	-0.1371696297	0.0684682984	-0.0089255143	0.003639322	0.0609051516	0.0113607364	0.1521489007	-0.1106352486	-0.0091939504	0.0729737416	-0.1459805992	0.0841879916	0.0487143558	-0.0363707118	-0.0354267451	0.0791830869	-0.0857454744	0.0437938515	0.0162456696	-0.0634296531	0.1355441443	0.0309543513	0.0242771818	0.0787901332	0.1130885398	0.0565962025	-0.1244591515	0.0538701819	0.1184670498	-0.0555155182	-0.0798380674	-0.0352472202	0.0399551602	-0.0840011809	-0.0680510834	0.1500614733	-0.0030260456	0.0515194577	0.0884534245	-0.1025549652	-0.1406639716	0.0022162448	0.0319464293	-0.0124786785	0.0671539665	0.0841747064	0.0022832709	0.0013489381	-0.0869547295	-0.0434952718	-0.0929383286	0.1089268737	0.0	0.0122785	0.0009006999999999	8.112604899999983e-07	0.00015076156225	0.19137	0.024002	0.0366224769	0.000576096004	0.206117	-0.016433	0.000270043489	0.042484217689	0.00603021	-0.0001451099999999	3.63634326441e-05	2.1056912099999862e-08	-0.000299144	4.946900000000001e-05	8.948713273599999e-08	2.447181961000001e-09	0.00139811	-2.132000000000002e-05	1.9547115721e-06	4.545424000000008e-10
9895.518026307473	-23.960177216307784	574.0900922368746	97921277.00897612	9941.4795080549	-37.652731362370105	1417.7281790468094	98833014.80907547	7088.324596017792	-1.867913264693016	50244345.57851079	3.48909996441612	7446.067690730208	10575.442201538086	1.091828	44.49305	0.0780842099999999	0.0464735	0.0422639908	-0.182184074	-0.0363335978	-0.0355995077	-0.0918762468	-0.0294079764	-0.1045884687	-0.0255973749	0.0558617743	-0.1730124525	-0.0409810252	-0.1008635316	-0.0994770468	-0.0832516499	-0.0612235162	-0.0002557482	-0.0031697982	0.0251773046	-0.0219338379	0.0427864622	-0.0434379841	-0.0111682716	-0.1039532876	-0.0273138536	0.0896011427	0.0616963168	0.0032890049	0.0302758471	0.0498581024	0.0888607599	-0.0390140758	0.1015837514	0.1330019974	0.2517656139	-0.0318067397	0.0073592949	0.1557147798	-0.013724508	-0.0464741723	0.0259908886	-0.0324664886	-0.1030730697	0.0491047282	0.0897476177	0.0146427415	-0.1296529698	0.0085236917	0.0440298826	-0.016080879	-0.1096486576	-0.0158416597	0.0882872444	-0.0744625726	0.0612428089	-0.0055980268	0.0694137553	-0.0968098167	-0.0897287086	0.0500009296	-0.0664040188	0.0305895621	0.0227669363	-0.0425677944	-0.0578053169	0.0332162978	0.0009533439	-0.1030986261	-0.1407570635	-0.1781791102	-0.0046332082	0.058732139	-0.0391179306	-0.0245845871	0.1183622813	0.1533942608	-0.0114601657	-0.1235753584	-0.0874008002	-0.0038617309	-0.1185497794	0.1123483402	0.0771806106	0.1681548002	0.028777501	-0.0524954579	0.0881299911	0.0897745668	0.0203618905	0.0557744695	-0.0251388658	0.0816657858	0.0428271564	0.0435411961	0.2190176087	0.0439482273	-0.1678621785	-0.2257902068	-0.0145053982	0.0397756279	-0.0229068561	0.0020229197	-0.0448244779	-0.040277422	-0.0227079697	-0.1100679699	0.0585419957	-0.034241585	-0.1031708317	0.0394952328	-0.1585621498	-0.0235461769	0.0153584427	0.0728636006	0.0335295402	0.0394761051	0.0885421976	-0.0277357383	-0.0245453629	-0.035067778	0.0478524531	-0.0074664119	0.011413907	0.059932829	-0.0825974534	0.0700310933	-0.0609382869	0.01544555	0.0970301713	0.0028832382	0.1609507797	-0.0014896931	0.1236039335	0.0602857727	-0.0363851317	-0.1067379237	-0.0352110788	-0.0656518775	-0.1813718475	0.0120287056	-0.1275169585	0.0982816813	-0.0894463575	0.0818056604	-0.1426993395	-0.0944386471	-0.0073000191	-0.0403328203	-0.006244572	-0.0348379955	-0.0864218425	-0.1639926232	-0.150044563	-0.0431968363	0.0098540703	-0.0732702407	0.0641935028	-0.0362784694	0.0679194086	-0.0670103268	0.0171340485	-0.0473338099	0.0701131827	-0.0284013269	-0.0117860137	0.1919741086	0.0421206453	0.1205451594	-0.0122172587	-0.136338631	0.0546717088	-0.0568463648	0.0686282957	-0.0356129173	-0.0727313008	-0.0564930573	-0.0462560168	-0.0889276521	0.1128378432	0.0	0.00848699	-0.0037915099999999	1.4375548080099995e-05	7.20289992601e-05	0.195759	0.0043889999999999	0.0383215860809999	1.9263320999999797e-05	0.233017	0.0269	0.00072361	0.054296922289	0.00675443	0.0007242199999999	4.56223246249e-05	5.244946083999991e-07	-0.000317488	-1.8344e-05	1.00798630144e-07	3.36502336e-10	0.00151562	0.00011751	2.2971039844000003e-06	1.3808600100000033e-08
9863.400224012208	-32.11780229526448	1031.5532242776965	97286663.97904408	9906.145899502571	-35.33360855232786	1248.4638933291365	98131726.5822316	7085.20872304764	-3.1158729701519405	50200182.64915037	9.708664366123475	7440.93999427984	10388.67684280831	1.103774	44.979847	0.07321993	0.0377447	-0.1270724212	0.0827312961	0.0752702585	-0.0525359091	0.0128282316	0.0142505908	-0.0193249447	-0.0467769232	0.1293825158	0.1389434105	-0.0694647526	-0.0297222575	-0.016880729	0.0058995391	0.0316939134	0.0401251093	0.0330924274	0.0751561591	0.1705117163	-0.0010095479	-0.0195900563	0.2295483352	-0.0433515792	-0.0015937832	-0.0889004966	0.0038303525	-0.0821672557	0.037733406	-0.010003703	0.0816143647	0.1452294927	-0.0974456801	-0.0030440006	0.2643079565	0.0728292622	0.025241526	-0.0695123291	-0.047221276	0.02227591	-0.1156059078	-0.0173030984	-0.0596472959	-0.062531062	0.0148014608	-0.0474962361	-0.0677526564	-0.0364556601	0.0295329752	0.0600629335	-0.0442192942	-0.0547068595	0.1238195445	0.0358709601	-0.0024389578	-0.0323486348	-0.0134278958	0.0826117939	0.078728234	-0.0938554681	0.1318402143	0.1078512544	-0.2011603622	-0.0114825945	-0.0030858055	0.1191363494	-0.0102692663	-0.024994675	-0.0160489843	-0.0071602241	0.0162381164	0.0890488181	-0.0125530099	0.0532955542	0.0534312976	-0.0570927389	0.031008496	-0.1517714759	-0.018129901	0.0244524002	-0.10156944	-0.0812621287	0.0824592447	-0.1635571793	0.03037101	0.03952481	-0.1288767027	0.0310881127	-0.0250860807	-0.0210785988	0.0042949111	0.0042330404	-0.0600673817	-0.0709760445	-0.059410958	-0.0773531575	-0.0815152635	0.008302475	0.1845293199	0.0747796752	0.0047998055	0.0107454698	0.064283792	-0.0515306487	0.0058537633	-0.1371648204	0.0354521909	0.0662172089	-0.0429344052	-0.0537261239	0.1452259666	-0.0332116943	0.0107802074	-0.1320099361	-0.0864912626	0.0398249156	-0.1111308542	-0.1630898496	0.0396122176	-0.048264533	0.0422065762	-0.0273091563	0.1140651673	-0.0881827529	0.0025192626	-0.0432372555	0.0402317778	-0.0077702459	0.0024411468	0.1144030993	0.1814580029	-0.16302554	-0.0601138186	0.0364030204	0.047342636	-0.0140221761	-0.046946213	-0.1032861728	-0.0081704355	0.1102136628	0.0100336021	0.0912959355	-0.0393157356	-0.098773978	-0.0618779613	-0.0409182723	0.0689914541	-0.0736933896	-0.0565378322	0.0788663101	0.1026764705	0.000549772	0.0213185995	0.1439515123	0.0742002891	0.0898489294	0.0522308847	0.0532541839	0.0420344289	-0.0824833554	0.0509400244	-0.0203116346	0.0752357904	0.1737596202	0.03234138	0.0328198868	0.0295597429	-0.0346217178	-0.0475974095	0.0023546505	-0.0952212077	0.1602410627	0.0048770682	-0.1147100532	0.0235406258	-0.0663537487	-0.0489901604	-0.0847124392	0.1161650086	0.0	0.00351631	-0.00497068	2.47076596624e-05	1.23644360161e-05	0.21131	0.015551	0.0446519161	0.000241833601	0.246714	0.0136969999999999	0.0001876078089999	0.0608677977959999	0.00614744	-0.00060699	3.779101855359999e-05	3.6843686010000005e-07	-0.000376373	-5.8885e-05	1.41656635129e-07	3.467443225e-09	0.00140147	-0.00011415	1.9641181609e-06	1.3030222500000033e-08
9869.559070413978	6.158846401769552	37.93138900058975	97408196.24439082	9939.350332861137	33.20443335856544	1102.5343946634132	98790685.0393468	7077.53127418996	-7.677448857680247	50091448.93713696	58.943220962295726	7441.041239063116	10284.849370486463	1.063902	43.355026	0.10608157	0.0530573	0.1374236986	-0.0107108951	0.0704572818	-0.0247431805	0.0541877627	-0.0123658045	0.0981842638	0.1172783676	-0.1502636483	-0.0290451508	-0.0886656521	0.0338599867	0.0557360081	0.0278543967	-0.033400582	0.0694057894	0.0849340571	0.1350305937	0.0657540289	0.0296237635	0.0925993938	0.0702519655	0.0553174433	-0.1142460609	0.0187174258	-0.121810314	-0.0570324913	0.0070322664	0.00053995	0.0432561277	0.0922899374	0.0212702286	-0.107394997	-0.0321906793	0.0695013059	0.2969448993	0.1083271059	-0.0572632095	0.047478563	0.0713033324	0.053553605	0.06877252	-0.0065862443	0.0625010577	0.1493541104	-0.0778232635	0.0876050518	0.0185988556	-0.0367208266	-0.0258639643	-0.0618790411	-0.0121842865	0.1105699752	-0.0374417252	0.0165334431	-0.0359186178	-0.0340219481	-0.0890085143	0.0344748233	0.1171272631	0.1704128966	-0.1107829185	0.0095276436	0.1366753793	0.0064088349	-0.0557179435	0.1066588566	0.0292600454	-0.0530022356	-0.033193685	-0.1164227081	0.0766429651	-0.1617696247	-0.1676162279	-0.0420975182	0.0110686131	0.0138444639	0.104136558	0.1358056756	0.047760766	0.0658880269	-0.0501765888	-0.0414528283	-0.0033854926	0.0279242127	-0.1863580391	0.0093738053	0.0927579324	-0.1101775561	-0.1168662989	0.042209262	-0.0876841878	0.1745897334	0.018617859	0.0570441272	-0.0350789375	0.0511181953	-0.1452772477	0.0301229577	-0.0206390262	0.1086810396	0.1532434368	-0.0245606466	-0.0067268137	-0.0466722922	-0.0175496849	0.0188012894	0.0179947724	-0.0121332886	0.0355167917	0.1034346	0.0513103573	-0.1064183787	-0.1046484647	-0.0128060756	-0.0452341375	0.0476150553	0.0534844112	0.0516064073	0.0735436073	0.0656139619	0.0362853699	0.0550784658	0.0110572734	0.0514600814	0.1494930846	0.0650105443	0.1726523668	-0.0037973911	-0.0550828683	-0.2825583999	-0.0775901164	-0.0400923292	-0.016638226	0.091398793	-0.0954318388	0.0160689539	0.145372526	-0.096313617	-0.0349134895	-0.0581036882	-0.1039447346	-0.1158896313	0.0105689402	0.0673371905	0.0674706293	-0.0237984484	0.2014397977	-0.0263079382	-0.0780458726	-0.1482946962	0.028543873	-0.0902254256	-0.0433558252	-0.060455224	0.1174844531	0.1034484554	0.0685355699	-0.1008360539	-0.0505393291	-0.0014532786	-0.0273218913	0.1195752064	-0.0554325999	-0.0313831696	0.0241601476	0.0125038259	-0.0039524319	-0.0798378364	0.0264238606	-0.1364695618	-0.0146708527	-0.0921341483	-0.0125903332	0.0350420189	-0.0516961302	-0.0803023849	0.1188911558	0.0	0.00839143	0.00487512	2.37667950144e-05	7.041609744490001e-05	0.183237	-0.0280729999999999	0.033575798169	0.0007880933289999	0.230075	-0.0166389999999999	0.0002768563209999	0.052934505625	0.00695382	0.00080638	4.83556125924e-05	6.50248704400001e-07	-0.000577052	-0.000200679	3.32989010704e-07	4.0272061041e-08	0.0015243	0.00012283	2.32349049e-06	1.5087208899999997e-08
9878.096788601022	8.537718187044447	72.89263184138953	97576796.16496985	9931.099094765816	-8.251238095321241	68.0829301056805	98626729.2300584	7080.550408612575	3.019134422615025	50134194.0889037	9.11517266181896	7441.834662677538	10383.54524587692	1.06908	43.566051	0.10589709	0.062969	-0.1419667826	-0.0273199871	0.0466251728	0.0111491201	-0.0205194693	-0.0571372309	0.0860688274	-0.0220860552	0.1078707102	-0.0280603799	0.041052519	0.0104119425	0.2081802454	-0.0177241694	0.1100456374	0.0340433567	-0.0898417879	-0.0020272209	0.0511516841	0.0058571744	0.1254262474	0.018778688	-0.0097635886	-0.0165577122	-0.0634491097	-0.0037711209	-0.1009725184	0.1634263843	-0.0112933702	0.1001866951	-0.0043905592	0.0781813497	-0.0246277467	0.2308067837	0.1900200811	0.0325809392	-0.0373393099	-0.115832765	0.0290606458	0.1074397385	-0.0048893575	-0.0563871466	-0.0505615666	0.0848770434	0.0243683437	0.0969907175	-0.0778559394	0.119907475	-0.196588215	-0.0720839115	0.0073384092	-0.0825177278	-0.0169936142	-0.0198906589	-0.0066259842	0.0746752578	-0.0215327654	0.1432600461	0.0658569427	0.0410569669	0.1082837709	0.0703186464	-0.0081640241	-0.0303436405	0.0715789361	-0.0069383797	0.0596674827	0.0084603643	0.0484699881	0.0692728564	0.0202752435	-0.0343225471	0.00773162	-0.1057483183	0.005529276	-0.0003865049	0.0634218709	-0.0626924979	0.056575631	0.063220192	0.1477849606	0.0275031724	0.0557262953	-0.025905814	-0.0513315761	0.1347257136	0.0868020998	-0.1552933304	-0.0967387369	0.0577135755	0.0332232321	-0.0809286011	0.0691204311	-0.0630283103	0.0069268907	0.0858696189	-0.0650673467	0.0208660738	-0.0549941309	0.1915380262	0.1586518715	-0.0184998532	0.0623197936	0.0100870007	0.0668008303	0.0059885185	-0.1018482272	-0.0183643973	0.0472054	0.0833791687	0.0260473272	-0.0450520106	-0.012568399	0.0039255453	0.006534506	-0.1131145567	0.1182231938	0.0324512718	-0.0857287439	0.0266558831	0.0153703616	0.0247006492	0.0322619254	-0.0421755217	0.0230083734	-0.0767882784	-0.0123185608	0.042436333	0.1310313568	-0.0093682253	0.0570048922	0.049016133	0.0057064904	0.0760524785	0.0081102126	0.0120805445	0.0837621951	-0.1224090525	-0.007712869	-0.0290462039	-0.2074951612	-0.0483035275	0.0405459972	-0.0828909475	0.1667702505	-0.1341643641	0.0725484793	-0.0278554665	0.0193716776	-0.0043383578	0.1216936336	-0.1243954019	0.0360279321	0.0182234664	0.1346585938	-0.0534170067	0.1751913627	-0.0348642495	-0.0318288865	-0.0648375823	-0.0623607109	0.0165283899	0.1492182579	-0.1167223871	-0.021042779	-0.0014556374	0.1094348316	0.0469961272	-0.0807626196	0.0202769711	-0.0564698867	0.0816684673	0.0397010537	-0.0057815977	-0.112859691	-0.0543723701	-0.0757076326	0.1210021801	0.0	0.0085001699999999	0.0001087399999999	1.1824387599978394e-08	7.225289002889832e-05	0.238955	0.0557179999999999	0.057099492025	0.0031044955239999	0.254618	0.024543	0.000602358849	0.064830325924	0.00670984	-0.00024398	4.50219528256e-05	5.95262404000002e-08	-0.000311735	0.000265317	9.7178710225e-08	7.0393110489e-08	0.00152305	-1.249999999999949e-06	2.3196813025e-06	1.5624999999998726e-12
9870.597445821952	-7.499342779070503	56.24014211799689	97428693.93746684	9923.06161186892	-8.037482896896108	64.60113131789745	98467151.7529466	7081.379582382433	0.8291737698582438	50145936.7897828	0.6875291406209317	7439.204377861364	10434.36752770829	1.155661	47.094284	0.0959793	0.0621756	0.1144334066	0.1253134716	0.0170017997	-0.0050618653	-0.0678663494	0.07880419	0.0007959867	-0.1814066276	-0.0984917556	0.118105569	-0.0535667842	-0.0209145092	-0.1395774503	-0.1414859217	-0.0164971984	0.0328219949	-0.1489741125	0.0338259625	0.0954428481	-0.0412978736	-0.0059297498	-0.0754288637	-0.0608414588	-0.0884215869	-0.0087575952	0.08738164	0.0204693179	0.0623842381	-0.0607127145	-0.0661104381	0.0087111061	-0.0581664745	0.0581714152	-0.0149591852	0.1827239171	0.057689362	0.0039336665	0.0035297987	0.1064548207	0.1541949102	0.0448830818	-0.0285137497	0.0137042003	0.0006741821	0.1679838483	0.1132313085	0.078264597	0.0389967582	0.1489682258	-0.101744784	-0.002198831	-0.024896922	-0.0185335714	-0.2239975604	-0.0485665704	-0.1293954542	0.0205071695	0.1211735618	0.0037865743	-0.0096282733	0.0218714412	-0.097599995	-0.0229820994	0.0584012888	0.0988571546	0.0674604955	-0.12380751	0.0242662405	0.1609797165	0.0118897405	0.0435908854	0.0158830309	0.0127950971	-0.0165722825	0.1406014482	-0.0390735578	-0.0228205981	-0.0819811217	0.0812640998	0.1046875735	0.0557259001	-0.033210983	0.0594469706	-0.0639331348	-0.0409697489	-0.0680938535	-0.0420293757	0.0479953581	0.0159199254	-0.0406669263	-0.0987978507	0.0676572045	-0.0883035333	0.0574212694	-0.0235287293	-0.0501352224	0.0518334425	0.0020574844	0.0312690428	-0.143603329	0.0523112793	-0.1164024897	-0.1127223012	-0.0375944469	-0.0193562148	0.0532822585	-0.1216492181	-0.1164601145	0.1472561269	0.0562925864	0.1441236378	0.0077898496	-0.110242611	0.0500515663	-0.1579802635	-0.1160605515	-0.0656904883	-0.0236375599	-0.0194207091	0.0679739528	0.0641958459	-0.045915629	-0.0539962468	0.1015317288	0.0333407201	-0.0184837299	-0.0688354995	-0.0140888398	0.1659165924	0.0412036369	0.040792099	0.0073873935	0.0427487301	-0.1316833177	0.0032777656	-0.0487921194	0.0966712637	-0.0051894164	-0.0808277203	-0.1059615638	-0.0927211052	0.0333377109	-0.0797971549	0.0279715482	-0.0030750727	0.0350964745	-0.0233308068	0.0658739215	-0.0686079836	0.0305079825	0.0400215452	0.1197138811	0.0213887876	0.0387948946	0.0507775589	0.2480432174	-0.1516670701	0.0733265858	0.0510460792	0.0179063739	-0.0700765624	0.0411363254	0.0717682707	-0.0613570931	0.0132447456	0.0227429737	-0.0767662604	0.0540059344	-0.0312489559	0.0341126896	0.0703011942	0.0323354168	-0.0950215991	-0.0009985756	-0.0242815234	-0.0570173409	-0.0709387503	0.1224871595	0.0	0.00843522	-6.49499999999005e-05	4.218502499987075e-09	7.11529364484e-05	0.180937	-0.058018	0.0327381979689999	0.003366088324	0.234234	-0.020384	0.000415507456	0.0548655667559999	0.00689874	0.0001889	4.759261358760001e-05	3.56832100000002e-08	-0.000439542	-0.000127807	1.93197169764e-07	1.6334629249000004e-08	0.00155659	3.354000000000009e-05	2.4229724281e-06	1.124931600000006e-09
9858.350430847431	-12.247014974520424	149.98937578612754	97187073.21738972	9916.651812670238	-6.409799198681867	41.0855257674227	98339983.17373592	7081.2763868459615	-0.1031955364715031	50144475.26690219	0.0106493187476413	7442.907536573575	10287.743234723932	1.11096	45.272686	0.041294838	0.0208554	0.0112620736	-0.0951220476	0.1166923299	0.1003241911	0.1258725735	-0.0400620039	-0.0344297547	0.0971803898	0.0246166784	-0.0881580174	-0.0990003717	-0.002518854	0.0616458048	0.176190712	-0.0120991168	-0.1020967132	0.0068167887	0.1196440311	-0.0910206407	-0.0143107272	0.1018569526	-0.085359658	-0.0192796455	0.0124370961	-0.0962061763	0.0164297987	-0.0218250011	-0.0116645596	-0.0043075682	-0.0737209145	0.1203494621	0.073685392	0.085462348	-0.1539727579	0.1255300429	0.0908071718	-0.0098999284	-0.0401548045	-0.1097963085	0.0679703864	0.0627706704	-0.0411202943	0.0009078798	0.0800311834	-0.0062824613	-0.0913119186	0.0565736623	-0.0895964593	0.0205565029	0.0535018097	-0.0637825233	-0.0198257685	0.0658838768	0.0676908605	-0.0762073804	-0.0736329204	-0.0864627607	0.041175642	-0.1355798914	-0.0390912269	0.0642978748	0.1919444054	0.0858241575	0.0425175491	-0.1088705699	0.0905504411	0.0778768326	-0.0350222842	0.0418669284	-0.0127360037	0.0997439972	-0.0242169855	-0.0334529769	-0.0647934714	-0.1307933876	0.0397994497	0.0437587421	0.0594858872	-0.0106312912	0.2494882433	0.0411262561	-0.0772241853	0.1459878112	0.1507764043	0.0683304179	0.0076093935	-0.0907661061	-0.1335310187	0.0946383262	0.1023316416	-0.0910403826	0.0177854387	0.0511869844	-0.0022634972	0.0304455595	-0.0101092288	-0.1036701655	-0.018782003	-0.0069697961	0.0201303616	-0.0016253406	0.1857352388	0.0975542623	-0.0090031095	0.0211660504	-0.0631918485	0.0244976122	0.0629555375	0.0226757097	-0.149389273	0.078978108	0.0342552531	-0.0129586637	0.0199024413	-0.0385389034	-0.036619136	0.0270839337	0.0571578083	-0.005051698	-0.0850459921	0.1453851069	0.1400276962	-0.0123581801	-0.0251713715	-0.067093815	0.0331744007	0.0079879103	-0.0824488701	-0.1443804699	-0.0526149268	0.0212852629	-0.0832897779	0.0136983656	-0.102940907	0.026535257	-0.0445784219	-0.0128567862	0.0957224277	-0.1250854202	-0.0554930829	-0.0683684499	0.2508997182	0.0999572185	0.1396713068	0.0077177202	-0.1258810927	0.113921436	-0.0253151754	0.048126305	-0.0454830093	0.1183211933	-0.0275933651	-0.0480617815	-0.0223568976	-0.1250682737	-0.0326011003	0.1835102207	0.0678938844	0.0368127333	-0.0104233827	0.0221944849	0.028971253	-0.0438064396	-0.1389004934	-0.0281157534	-0.0129578071	0.0700344296	0.1083188084	0.0579548211	-0.0517347205	0.0207781882	0.0452693952	-0.0588585961	0.0071284538	0.0526597436	-0.0596295215	-0.0660067066	0.1233384109	0.0	-0.000147118	-0.008582338	7.3656525546244e-05	2.1643705924000006e-08	0.193267	0.01233	0.037352133289	0.0001520289	0.220484	-0.0137499999999999	0.0001890624999999	0.048613194256	0.00680865	-9.009000000000014e-05	4.63577148225e-05	8.116208100000025e-09	-0.000439542	0.0	1.93197169764e-07	0.0	0.00151403	-4.256000000000008e-05	2.2922868409e-06	1.8113536000000067e-09
9868.3046272466	9.954196399168724	99.08602595322355	97383436.21613663	9923.166046885955	6.514234215717806	42.43524741722858	98469224.39407024	7075.262019905107	-6.014366940854416	50059332.65031169	36.1726096992425	7439.818674484646	10326.357970358662	1.032632	42.080765	0.1177867179999999	0.0620736	-0.0121582989	0.0896721927	0.0563437886	0.0693249454	-0.1355884937	0.0307100538	-0.0151488507	0.0947296147	-0.0226252312	0.0550182568	-0.0248357791	0.0194789596	0.1414973496	-0.0995763357	0.0469318894	-0.1474173812	0.0101652891	-0.1620361875	0.0492598918	0.0625201691	-0.0181659199	0.0456584475	0.1053002732	-0.0407935255	-0.0365513025	0.0216788756	0.0502924811	-0.0083381906	0.0471318255	-0.0628386247	-0.0374694669	0.0178274707	0.0369092868	-0.0652909628	0.0876141456	-0.0039627986	-0.0190671132	0.039907191	-0.0715311928	-0.0474141084	-0.007155423	0.0021079191	0.010404326	-0.0221387451	0.0245473635	0.0162412151	0.0432617829	0.067831468	0.0295435327	-0.0668589352	-0.0262394865	-0.007061494	0.0351473553	0.123243046	0.0689661637	0.1029282428	-0.0146538069	0.1358970148	-0.0455460883	-0.0607987703	0.0613151822	-0.0803674796	0.0218214858	-0.1158459385	0.0139777215	-0.0438769492	-0.0613352505	-0.0973246742	-0.0118324219	-0.0107809431	-0.0540127218	0.025729454	-0.0579388827	0.0324283909	-0.102215036	0.0489486614	0.0193553018	0.0220335083	0.1388277498	0.01196009	0.0828841803	-0.0147429834	-0.1494604574	-0.0947965668	0.0404512081	-0.0238288443	0.0694319859	0.0625162053	0.0243678136	0.0397597815	0.0207640573	0.0997961833	-0.037350293	-0.0945988333	0.1253545427	0.021960288	0.0491176766	-0.0221163868	-0.0028220686	0.0533264864	0.0901866867	-0.0699133635	0.0104908557	-0.0309869164	0.0461936844	0.0472933351	0.0865821854	-0.1362468241	-0.1078378829	-0.0100143194	-0.0056657505	0.0816100097	-0.0685224564	-0.0577263945	0.0491703332	0.0244816681	0.0824168283	0.0457296473	-0.0696703928	0.0444591874	0.0125531534	0.0210049055	0.0164440586	-0.0397884434	-0.1133857723	0.028636758	-0.1066466435	-0.0776151054	-0.0640757982	0.0363906742	0.0225112465	0.0470750944	-0.0597486351	0.0294102605	0.1170953774	-0.0068008075	-0.067563515	0.0033173076	0.0315256621	-0.140115063	-0.179086576	0.0755905302	-0.0199367747	0.0093244419	-0.1020599125	0.0548515527	0.0472814817	0.0824907273	0.0573260346	0.0823472369	-0.0530128726	-0.0733918059	-0.0148966954	0.0182963778	0.2255789226	0.0105256185	0.0353354668	0.102943681	0.0525101515	0.0474931702	-0.0234355793	-0.1330956366	0.040854188	0.0289343543	-0.1159967223	0.0568539898	0.0186003082	-0.002192431	0.0176348318	-0.0064119848	0.0038169473	-0.0495078718	0.0250012998	0.0896517637	0.0776779493	-0.0622074098	-0.0609228453	0.12355153	0.0	0.00841465	0.0085617679999999	7.330387128582398e-05	7.080633462249998e-05	0.245217	0.0519499999999999	0.0601313770889999	0.0026988024999999	0.248878	0.0283939999999999	0.0008062192359999	0.0619402588839999	0.00646125	-0.0003474	4.17477515625e-05	1.2068676000000024e-07	-0.000311353	0.000128189	9.6940690609e-08	1.6432419721000002e-08	0.001412	-0.0001020299999999	1.993744e-06	1.0410120899999984e-08
9891.4923166261	23.18768937949972	537.6689387601639	97841620.24987316	9942.30666138304	19.140614497084243	366.3631233259915	98849461.74898157	7083.796868738294	8.534848833186516	50180178.077546455	72.84364460534523	7442.064950550286	10440.2109048657	1.029204	41.941055	0.0817888299999999	0.0504606	0.002626293	-0.0602598966	-0.0021255244	0.1397887707	0.0488450403	-0.0014661974	0.1085184422	0.0902740047	0.0013843416	-0.0288067049	0.0455238318	0.1608524657	-0.0318218236	0.0405138787	-0.1713022381	-0.0275820583	0.008103821	0.0748511098	0.1215212794	-0.0206401556	0.0167165157	0.0020242898	0.0240517423	-0.0259179133	0.0206398057	0.2092804978	-0.0767390796	-0.1140331074	0.0024989216	-0.1737144685	-0.0642812082	-0.0423649984	0.0333720241	-0.0772638946	0.1934715743	-0.0596837304	0.0554472737	0.1201610912	-0.037000855	0.0143255791	-0.0456671965	-0.0696276351	-0.0463590553	-0.0612971311	-0.0032770258	-0.0584247269	-0.0487604295	0.0249774118	-0.0306092337	0.1510817064	-0.0908993003	-0.0106083152	0.029739994	-0.0317786419	-0.0240408343	-0.0129956048	0.0006262836	-0.0766799459	-0.0758689748	-0.0684958085	-0.0054639668	0.004955972	0.1325527425	0.0219282941	-0.0321346244	0.1522179423	-0.0442874933	0.0307922758	0.1374055268	0.0133824279	0.0484082939	-0.0710910044	0.0792893411	-0.0632966626	0.2152865065	0.0233484917	-0.0981604544	0.0907334939	-0.0599470431	0.0347370038	0.0290511542	0.0493869643	-0.0699977647	-0.0234255685	0.0079924893	0.0494975164	0.055767098	-0.0835879498	-0.0305738123	-0.1424203937	0.0217153712	0.0049737785	0.0308251412	-0.2789811895	-0.0223095822	-0.0856675386	0.0344143488	-0.0148592586	-0.141616116	-0.0009410919	-0.0831810591	0.0984228887	-0.1142206213	-0.0412418698	-0.0827709663	-0.0031472005	0.0499573306	0.0632542829	0.0210368389	-0.0182551372	-0.0849769935	-0.0794925589	0.0034751092	0.089350425	-0.0986770302	0.0011914373	0.0160979608	-0.0437632408	0.0457763149	0.0119965338	0.0854306776	0.1181947535	0.0485596666	-0.0293379024	0.0702961867	0.0462800672	0.0506919918	-0.0022354888	0.0266650042	0.0401520925	0.0728751049	-0.0824913545	-0.0565110621	0.0370250944	0.055756384	0.0583903595	-0.0956081999	-0.0545752071	-0.1707265269	-0.0463714175	0.0887585232	0.0191901514	-0.031397644	-0.0393519591	0.1155110492	-0.1063552013	0.0227887378	-0.0812883876	0.0807070945	0.1065811651	-0.0666288714	0.0070051562	0.0520049959	0.0802830748	-0.126482349	0.1105618656	0.0158645713	0.1567306172	0.0821423736	0.0459112431	0.1352835654	0.1053360563	0.0578188607	0.0891199402	-0.1216151823	-0.133812599	-0.0532825068	-0.0287434212	0.0051538595	0.0538632612	0.0290862907	0.012862218	-0.029836	6.2907e-06	-0.0376848512	-0.0647495232	-0.0556988596	0.1231254143	0.0	0.00366432	-0.0047503299999999	2.256563510889999e-05	1.34272410624e-05	0.198585	-0.0466319999999999	0.039436002225	0.0021745434239999	0.231926	-0.0169519999999999	0.0002873703039999	0.0537896694759999	0.00627844	-0.00018281	3.94188088336e-05	3.3419496100000097e-08	-0.000332573	-2.1220000000000017e-05	1.1060480032900003e-07	4.502884000000007e-10	0.00147706	6.506000000000003e-05	2.1817062436e-06	4.232803600000004e-09
9906.438267630832	14.945951004732706	223.3814514358706	98137519.15038057	9952.79873210331	10.492070720270933	110.08354799916656	99058202.60175727	7089.792574460254	5.995705721960803	50265158.74887176	35.94848710435352	7447.697956821657	10457.945853455423	1.001891	40.828022	0.037828091	0.0208049	-0.0167681922	0.0869301735	-0.0627242426	0.203369261	-0.0857030937	0.0144397244	-0.0025543127	0.1659003993	-0.0433222804	0.0186913041	0.1363465422	-0.0687330635	0.1502904274	-0.025630189	-0.0063146211	-0.1956391905	0.0529885148	0.0953988618	-0.0094267128	-0.0014653568	-0.0214160359	0.0340058114	0.0043061459	-0.0262037922	-0.0232140785	0.045948914	0.017387313	-0.1169677141	0.0522100044	-0.0769510765	-0.0156952195	-0.1040917595	-0.0460273195	0.0724503279	0.0472753797	0.112181292	0.0298338271	0.0950032567	-0.0791271101	-0.153694775	0.0604642508	0.0580627879	-0.0675253846	-0.0460672848	-0.2030861336	-0.0247863463	0.0210568298	0.0807046001	0.0139856398	-0.0779540446	-0.0484609454	-0.0164645272	0.0399924157	0.1244423476	0.0636831388	0.1412593132	0.0374474916	0.0739506503	0.0642054687	0.1364626873	-0.0265111216	0.0555602217	-0.1250844882	-0.0227391821	-0.1305612904	0.0392912628	-0.1896244079	0.0795760241	0.0049923118	0.1636610412	0.0029088681	-0.1161324938	-0.0504663254	0.0235301968	0.0271743955	0.0267402356	-0.0580288044	0.1309074277	-0.0510866585	0.096974747	-0.2550587105	-0.1266261165	0.0796178965	0.1116525176	-0.0353637534	-0.0206303249	-0.0277992605	-0.0550242079	-0.0649373274	-0.0953618205	0.1322479476	0.0265997126	-0.0841036215	-0.0742654411	-0.0148168277	0.0291617074	0.0646412816	-0.0411786539	-0.0056552878	0.1694748373	0.0008476539	-0.1030363366	0.1176562074	0.0617931316	-0.0478654959	-0.1274854919	0.1472222108	-0.1052119199	-0.0509965536	-0.1029509021	0.0531246934	-0.0316759708	0.0514322435	0.0020622215	0.1556875291	0.0797507493	-0.1152571068	0.0305584912	-0.031055138	0.098683812	-0.0906350074	0.0807926053	-0.0372620663	-0.0033130794	0.0039655327	-0.1621510717	-0.086819981	0.0178243117	0.077583103	-0.0433898572	0.0026135701	0.0035522189	-0.045196086	-0.0123577385	-0.1437303986	-0.0255652501	0.0845242158	0.0263536074	-0.168791197	0.0750533497	0.1464167742	0.0446246586	0.1178122938	0.1046560777	-0.0286757184	0.0411760698	-0.0627766397	-0.0886967217	0.0654231207	0.0769967095	-0.0514234453	0.0515111672	-0.0705808891	0.0692984129	0.1207844351	-0.0626560587	0.1043075293	0.1576774432	-0.0277050012	-0.0508353078	0.041124002	0.0102912364	-0.0994789962	0.0426414285	-0.1613316015	0.0278394063	0.0353376531	0.0769197546	-0.0505894733	0.0360206576	-0.0329063228	-0.0633216001	0.0020875753	0.0123856346	-0.0032669647	-0.0672543997	-0.0503467647	0.1220622684	0.0	0.000939179	-0.002725141	7.426393469880999e-06	8.820571940409999e-07	0.199655	0.0010699999999999	0.039862119025	1.1448999999999736e-06	0.218684	-0.013242	0.000175350564	0.0478226918559999	0.00658373	0.00030529	4.33455007129e-05	9.320198410000036e-08	-0.000364512	-3.193899999999998e-05	1.3286899814399998e-07	1.0200997209999987e-09	0.00139847	-7.859000000000013e-05	1.9557183409e-06	6.1763881000000205e-09
9912.434369523628	5.996101892795196	35.95323790878213	98256355.13011327	9954.664900503132	1.8661683998216176	3.482584496492777	99095353.28130904	7095.914534566727	6.121960106472216	50352003.08187533	37.4783955452373	7449.246392780527	10637.671474885286	1.007526	41.057659	0.070493861	0.0370931	0.007373985	-0.0906435986	-0.058469807	0.2413161309	-0.0363364286	0.0129934694	-0.0275559862	-0.0250336962	0.0181858988	-0.1077200722	0.0525252186	0.0073762961	-0.0200342623	-0.0217322949	-0.1112304508	-0.1386695292	-0.0810897827	-0.1014302025	0.1976938987	0.1062264863	-0.0088871635	-0.0277307043	0.0409851907	0.1004891266	3.8212e-06	-0.0259436311	0.0487465455	-0.0581865277	0.0576942368	-0.2435072694	-0.069637874	-0.0878302717	-0.0842591387	0.1187717548	-0.1669191542	0.0589190818	0.0610824459	-0.0514364337	-0.1336821004	-0.0940006887	-0.0424899847	-0.0965386119	0.130524936	-0.0044685806	0.065397195	0.0839094266	-0.2154424142	0.005647947	0.0633754279	-0.0334868315	-0.0281939593	0.0489016866	0.1083828301	0.0880413556	0.0165643485	-0.0348138497	0.1008056922	-0.002568698	-0.0018645827	-0.0956117641	0.0714513319	-0.1624498795	-0.0071773018	0.0379529341	-0.0143856623	-0.0713027548	0.0458509885	0.1474230002	-0.0106589359	-0.0166890089	0.0438082907	-0.1715347764	0.1292778197	-0.0657132752	0.0551338707	-0.0076428088	-0.0528748306	-0.1990518574	0.0256014686	-0.0305662756	-0.0034026013	0.0304203983	-0.0602849046	0.0143232356	-0.0113903463	0.0490187659	-0.086283247	0.1083235194	0.004371293	-0.135552417	-0.2185360698	-0.0362683672	0.0186090174	0.1533977779	-0.1015797078	0.1484574116	-0.0974555855	-0.0294456308	-0.0433865088	0.0509514141	-0.0689648139	-0.1126002935	-0.1305685662	-0.0492874558	-0.0037267312	0.1593454919	0.0588858582	0.0495062059	-0.086771383	0.0292615694	-0.0626983154	0.1038841596	-0.0468795598	-0.0291040432	-0.0368017313	0.1199372194	-0.0604469604	0.0537042179	-0.1291150128	0.0383817758	-0.1012990119	0.0842364172	-0.0104687171	0.1288964228	-0.0537102416	0.0483400866	0.2002913667	0.0632638981	0.1603261321	-0.0674036604	0.1135166261	-0.1708840558	-0.0383469875	-0.0617703427	-0.0800836058	-0.0088733973	0.0832288177	-0.0966259282	-0.0325491204	0.06985954	0.0663608245	-0.1433270825	-0.1029073709	0.0170123636	0.0086603431	-0.042526334	-0.0425103187	0.1678526366	-0.1724423331	-0.1047772906	0.0462880234	-0.1455629057	-0.0479416186	0.0630380738	0.0507536619	0.0397830174	-0.0270958388	0.0818667028	0.1106546944	0.1638456348	-0.0218881316	0.0796991911	0.0227429782	0.1397144151	-0.1166219449	-0.134441505	0.1011106585	0.1231132423	-0.0381880499	0.1762347269	-0.1475485464	0.0149894001	0.0055403311	0.0029793314	-0.0467889299	-0.0697205988	-0.0448788706	0.1203675927	0.0	0.00843544	0.007496261	5.619392898012101e-05	7.115664799360002e-05	0.228628	0.028973	0.052270762384	0.0008394347289999	0.23655	0.017866	0.000319193956	0.0559559025	0.00665309	6.936000000000008e-05	4.426360654810001e-05	4.810809600000011e-09	-0.000502714	-0.000138202	2.5272136579600004e-07	1.9099792804000013e-08	0.00151408	0.0001156099999999	2.2924382464e-06	1.3365672099999984e-08
9913.14318969759	0.708820173962522	0.5024260390162599	98270407.89944772	9959.165531195398	4.500630692265986	20.255676628166608	99184978.07775052	7092.285496507813	-3.6290380589134656	50300513.56397508	13.169917233042414	7448.748207858836	10592.677245943947	1.060959	43.235107	0.1132633899999999	0.0625604	-0.0656946721	0.0787366373	-0.1011875453	0.1471617423	-0.0830870398	0.0272491224	-0.0770172119	0.1194866243	0.0586986746	0.0867742925	0.1098242021	-0.0733924919	-0.0644814283	-0.0590929579	-0.111005451	-0.0940034303	0.097898758	0.1623445872	-0.0137458291	-0.0665375633	0.0238075337	-0.0238408512	0.1232481339	0.0017302988	-0.0030362174	-0.0419937926	-0.0053037459	-0.0406969857	-0.0214178799	-0.01379371	0.0052724845	-0.0113846891	-0.0242368907	-0.0286540934	-0.0439697905	0.0491512168	-0.0637787605	-0.1171260806	0.0301325433	-0.1385731948	-0.0447848636	0.0080445625	0.0222815936	-0.1347253277	-0.0940466161	-0.0909125679	-0.03842737	0.0653056275	0.017353377	0.0057100391	0.0633470454	0.0750837244	-0.0294167867	-0.1122495258	-0.1001912737	0.1686813391	0.201156896	0.0137604163	0.1480434109	-0.2018772182	-0.0651632202	-0.0186622924	0.1228714846	-0.0120461255	0.1207541711	-0.0172220554	0.1543202727	0.1305757974	0.1448681389	-0.0362906757	0.0012554553	0.1447236488	0.1299171886	-0.1312107317	-0.1185178286	-0.0637407143	0.0189734132	0.0566926875	-0.0838852525	0.0075363939	0.0398023618	-0.0344675072	0.02703903	-0.0902218731	-0.0408547967	-0.1265521613	-0.1475747016	0.1300522193	0.0572937556	0.0272730849	-0.0001336655	-0.0061267377	-0.1505088393	-0.1452065586	0.1928433514	0.0841248234	0.0610126871	0.0983362683	0.0276741305	0.0080035814	-0.1293770591	-0.066618803	-0.0317977857	0.0912466506	-0.1551826761	-0.0220736704	0.0759716816	0.0135709476	0.0695944524	0.1314370315	0.003609063	0.0366772682	-0.0435913529	0.0155290959	-0.0192798864	-0.0364019088	0.1253454304	-0.1255376479	-0.1236299089	-0.0674188743	-0.0677739159	-0.0546552466	0.0196145805	-0.1024645409	0.0850568333	-0.118945493	0.0136587901	-0.130102189	0.0266530395	-0.1035475904	0.0273862945	-0.0225654601	-0.0814252284	0.05725518	0.0981528076	0.0591235633	0.2047078765	0.216577025	0.0266700796	0.1657632025	0.0033900755	0.07616127	-0.2465279569	0.0330223641	-0.0674968493	0.133297338	0.0600930579	0.0493620243	0.0461783111	-0.0008809421	0.0404155371	0.1392556822	0.0261265616	0.1278677849	-0.0267784818	0.0027986044	0.0274725189	0.1626887462	-0.0212443516	-0.0228957058	0.0683964922	0.0711959877	-0.1185337427	0.0261993435	-0.133508957	0.0757727226	0.0422803608	0.0653316019	-0.0266170655	0.0125432793	0.0425675903	-0.0931658183	-0.0865969965	0.0158195629	0.0777902549	-0.0721467023	-0.0393077537	0.1180501554	0.0	0.00836065	-7.478999999999993e-05	5.593544099999989e-09	6.990046842250001e-05	0.18618	-0.0424479999999999	0.0346629924	0.0018018327039999	0.199304	-0.037246	0.001387264516	0.039722084416	0.00713942	0.0004863299999999	5.09713179364e-05	2.3651686889999926e-07	-0.000439542	6.317200000000001e-05	1.93197169764e-07	3.990701584000002e-09	0.00139369	-0.0001203899999999	1.9423718161e-06	1.4493752099999988e-08
9907.14007666864	-6.003113028949883	36.03736603834784	98151424.49873392	9972.887263517026	13.721732321628224	188.28593790641668	99458480.37082012	7097.9007241761965	5.615227668383341	50380194.69026098	31.530781767777807	7454.063155391077	10574.650182221296	1.02977	41.9641	0.07942649	0.0488169	0.048684909	-0.0449291973	-0.1164348207	0.0506753028	0.1125832861	0.0607332743	-0.1018558917	0.0032887011	-0.0389763857	-0.0789960931	0.0307074282	-0.1259963548	-0.0450208419	0.138450908	0.064154692	-0.0329394547	0.0515435107	-0.0677615065	0.10487386	0.1121101642	0.0555998373	-0.1301729907	-0.0122099947	-0.0555040812	-0.0724502137	-0.0507581333	-0.0921796723	-0.0408276525	-0.0363071515	-0.0841465059	0.1075948531	-0.0777694438	-0.1023530173	-0.0184905378	-0.1880621497	-0.0044653912	-0.1190148928	-0.1310093981	-0.1692621234	0.1179159527	-0.0317113227	0.039116799	0.1235597482	0.0747283884	-0.0104543805	-0.1645516059	0.0197831267	-0.0339969545	0.0667962089	-0.0944262135	-0.072225162	0.0654113265	-0.1605640044	0.0731157392	0.1609047684	0.0594792082	-0.1393396766	-0.1708250742	-0.0386428246	0.0085107365	-0.0045608177	-0.0062884781	0.0584549869	0.0419709392	0.0299439929	-0.0033813481	0.0044333049	0.0853695202	0.075814115	0.031214865	-0.0135717398	0.0362361027	-0.1178635383	-0.0316776116	-0.0164705242	-0.0448394137	0.0294027019	-0.0131703431	0.1756893253	0.0002203493	0.0076048668	0.006668174	-0.0422728175	0.0282702539	-0.0035893869	0.0646420381	-0.0034888118	0.1130887251	-0.2358702708	0.1361941932	0.1258291438	0.0488363073	0.0463624842	-0.0082370177	0.0217750909	0.0032914468	-0.0865492484	-0.0495278258	0.1334961937	0.0231588651	-0.0577983352	0.0732153206	0.0874728694	0.0197387182	-0.0661423828	0.0586100652	-0.0292224061	-0.1137003924	-0.0081538747	-0.2375481135	-0.0802393517	0.0036754248	-0.0803256268	-0.1791565743	0.0313226008	0.0137048315	0.0079295223	-0.0788539693	-0.0111370304	0.1021048953	0.0497321882	-0.0070902366	0.1149178144	0.0769556432	0.0654503467	0.1707768466	0.1387713027	-0.0301557804	-0.0242576774	-0.0608539554	-0.0011938336	0.098985876	-0.082730523	0.0094379935	0.0952309522	0.0120777316	-0.0503993248	-0.0264315689	-0.0697959814	0.2240080719	-0.0749291378	-0.0072264022	0.001672475	0.0575946174	0.0188575159	0.0570126677	-0.0094439364	0.057848764	0.0941306765	0.082405376	-0.1371988111	-0.0327238595	-0.1322244047	0.0547780009	-0.0299468258	-0.1013182644	0.0459578821	0.1069870912	0.0627404528	0.0875257588	-0.0545619567	0.0275804624	0.0611624802	0.0850191846	-0.0671467728	-0.0259848065	-0.0414212314	0.1905173683	0.1112604844	0.1861646577	0.0451733071	0.1182649057	0.005445684	-0.0139805752	-0.0308115771	-0.0745313149	-0.0336462277	0.1151219464	0.0	0.00123616	-0.00712449	5.075835776010001e-05	1.5280915456000002e-06	0.229031	0.042851	0.052455198961	0.001836208201	0.203985	0.0046809999999999	2.1911760999999914e-05	0.041609880225	0.00674245	-0.0003969699999999	4.54606320025e-05	1.5758518089999996e-07	-0.000439542	0.0	1.93197169764e-07	0.0	0.00149212	9.843000000000005e-05	2.2264220944e-06	9.688464900000011e-09
9905.026090621202	-2.11398604743772	4.468937008761355	98109541.85588674	9958.453673490432	-14.433590026594176	208.32852105579883	99170799.56705508	7087.1472358786	-10.75348829759605	50227655.943021685	115.6375105665352	7445.848301854904	10547.997759193177	1.044362	42.55875	0.0500403899999999	0.0295272	-0.0713274994	0.0074704879	-0.0929674758	0.0334531913	-0.1678539929	-0.0804564609	-0.0573861733	0.0097560595	0.0694887325	0.0079314114	0.0728513496	-0.0588930531	0.0229563794	-0.1690851873	-0.1420071383	0.0115437434	0.0571797494	-0.0718348761	-0.0381901728	0.0033876757	0.1709187882	0.019490003	-0.0015955671	0.0016039922	-0.0055893917	-0.044630217	0.0621045603	-0.007792589	0.0134791717	-0.0576229596	0.0008166402	-0.046952594	0.0104636061	-0.1866278422	0.0543514834	0.0499226042	0.0108493894	-0.1283793342	0.2127836554	-0.0894010811	-0.0670503092	-0.0295430414	-0.0405905088	0.0995029327	-0.071948018	-0.030702208	0.0357311694	0.0154221321	-0.0029059333	-0.0260086266	-0.0114114681	0.0616041553	0.049588792	-0.0616483816	0.0273410551	0.1647328518	0.0432574723	-0.0018029485	0.1156313226	0.1351100001	-0.1390403602	0.1015188481	0.0331653609	-0.0192431569	0.0470196247	0.1152171515	-0.0278575609	-0.1506735737	-0.07340516	0.0801757261	-0.0011047442	0.0727047686	0.0577849681	-0.0725644284	-0.0621015324	-0.0424005225	-0.0694485173	0.0565259128	-0.1660614035	0.1729102105	0.0496782674	-0.0088575157	0.0417225814	0.0896287555	-0.1488463588	-0.0846620949	-0.0320008571	-0.063880894	0.1426126399	0.0283547704	-0.1113202379	0.1514804964	0.0485194852	0.1647273614	-0.0549234436	0.1528061134	-0.0183358305	0.0897869792	0.0340858268	0.0371451278	0.0693516089	-0.0721419515	-0.0845588824	0.0062587645	-0.0013495292	-0.0123257579	0.1511322806	-0.0297745793	0.1235897776	0.0399110249	0.0126507209	-0.0499072206	0.0051711771	-0.0348525977	0.1487931239	-0.0176984274	-0.0091341121	-0.0608003966	0.0385181426	-0.0468957052	-0.0315393077	-0.0725604808	0.044207597	-0.1176608853	-0.0030208262	-0.1146329761	-0.1655194725	0.0079999953	-0.0523320453	-0.0335108074	-0.0472175655	-0.1257282262	-0.1711114077	-0.087673756	-0.1059743519	-0.070946967	0.0870610233	0.0383501032	-0.1576065255	-0.0837562413	0.0840356204	0.1004759615	0.1189970604	0.0218834128	-0.0418460628	0.0010695586	0.07408362	-0.0256013578	-0.0476671463	-0.0842667947	-0.0030622877	-0.0699229608	0.0429263449	0.1194468319	0.1519421354	0.0058690447	-0.0728131657	0.1365992562	-0.0110916981	-0.0587236014	0.0392228812	0.0682750775	-0.117356538	0.0035031241	0.0289206104	0.0098722222	0.1140143443	-0.0824650685	0.1008303753	-0.0076171149	-0.1159254475	-0.1594195411	-0.1398163122	-0.0477587872	-0.0637009104	-0.0768730652	-0.0279073143	0.1115981158	0.0	-0.00117448	-0.00241064	5.811185209600002e-06	1.3794032704000002e-06	0.238861	0.0098299999999999	0.0570545773209999	9.662889999999956e-05	0.231606	0.027621	0.000762919641	0.053641339236	0.00671541	-2.703999999999988e-05	4.50967314681e-05	7.311615999999934e-10	-0.000357047	8.249500000000003e-05	1.27482560209e-07	6.805425025000005e-09	0.00139808	-9.40400000000001e-05	1.9546276864e-06	8.843521600000018e-09
9889.77305277308	-15.253037848122403	232.6551635962545	97807611.03535657	9946.13946987326	-12.314203617172096	151.63961072517438	98925690.35417074	7085.492108124637	-1.655127753963825	50204198.41429651	2.739447881941336	7440.58607503298	10488.894982749904	1.051946	42.867821	0.09223403	0.0495193	0.0476803605	-0.0366606602	-0.0311445421	0.0773066401	0.1043456518	0.1844438428	-0.1101797529	-0.0454276176	-0.0064020666	-0.0150747267	-0.0353885855	-0.0257982541	-0.2482897883	0.0847424346	0.0397474344	-0.1468787445	0.0060688986	0.0668223694	-0.0166235035	-0.0139074547	0.1342911138	0.0751564598	0.0669409467	0.0224252124	-0.0745933047	0.0269568083	0.0037635583	0.0497442784	-0.0512844767	0.0708583423	0.0738538796	0.0062225125	-0.1369676704	-0.0419674487	-0.100411053	0.0149476129	0.0893890633	0.0241173584	-0.0098694911	0.151980891	-0.0395716252	-0.0290770129	0.0583823657	-0.0664015348	-0.0826094637	-0.0521917453	0.1479424803	0.0610493585	0.096024867	0.0215804334	0.0360394672	-0.0324939255	-0.0559399923	-0.1369963952	-0.048261853	-0.0872325871	0.1114834107	-0.1296636164	-0.0136285282	0.0328120367	-0.029400154	-0.0275315419	-0.1126539478	0.0517449596	0.0743146733	-0.0658067561	-0.0414833188	0.282217052	0.0157699199	0.1169839586	-0.2991542941	0.0409528671	-0.0242130186	0.0156298527	-0.0294284692	-0.0109227404	0.1403192901	-0.0098916625	-0.0931531351	-0.0582715881	0.0286425772	0.2536602441	0.0585961744	0.1268815931	0.0370331135	0.1263075262	0.048849365	-0.012136736	0.1177809014	0.0695768105	-0.017073559	0.1613975279	-0.1022060922	-0.0180922827	0.0334401796	-0.130164329	-0.0055609544	0.0557044646	0.0081545306	-0.2030668561	-0.1338532214	0.0794867749	0.041587667	0.1145216122	-0.0910030329	-0.0370542298	0.0766039339	-0.1301415303	0.0308255223	0.0902513808	0.1577398229	0.0474521624	-0.0053331898	-0.0389899794	-0.0993678206	-0.0316090752	0.0351897077	-0.1272309046	0.2630817237	0.0127014951	-0.0695225959	0.0013264562	-0.0293205983	0.2220932585	0.1132907324	-0.1020193758	0.1630481361	-0.0778529657	0.058292161	-0.0291513714	-0.0705344263	0.0420184006	0.0603240931	-0.0931570017	-0.0015366622	0.0912529853	-0.1027583003	-0.0323251356	0.1561607245	0.0300785741	-0.0105097871	-0.0946087208	0.1473531964	-0.0077710134	-0.0694772555	-0.0188074375	-0.1017127527	-0.0447175847	-0.0736910395	0.0991103163	-0.025129315	0.041008106	-0.0590761645	0.0457031346	-0.1088397031	0.0025799507	0.0469848087	0.146160661	0.0714054514	-0.005650112	-0.1698486648	0.0338657788	-0.023435578	0.0264838418	-0.0036148023	0.1621414297	0.0481179765	0.1557063756	0.1341572389	-0.0002770474	0.0319259064	0.0519850598	0.0067364164	-0.1521715695	0.0214024436	-0.0791706065	-0.0221042132	0.1074968953	0.0	-0.00267376	-0.0014992799999999	2.247840518399999e-06	7.148992537599999e-06	0.199611	-0.0392499999999999	0.039844551321	0.0015405624999999	0.209388	-0.022218	0.000493639524	0.0438433345439999	0.00713082	0.00041541	5.0848593872400006e-05	1.725654681000005e-07	-0.000439542	-8.249500000000003e-05	1.93197169764e-07	6.805425025000005e-09	0.00148551	8.74300000000001e-05	2.2067399601e-06	7.644004900000019e-09
9865.681390403954	-24.091662369126425	580.4081957079823	97331669.29696289	9916.533515273744	-29.605954599515822	876.5125477485923	98337636.95954745	7083.848979776931	-1.6431283477058969	50180916.36828666	2.69987076703471	7444.954562103416	10390.783561571374	1.050768	42.819786	0.09448032	0.0481268	-0.0669978179	0.0315174905	0.0260037266	0.0945461109	-0.0692310329	-0.1538495747	-0.130268559	0.072718056	0.0741450905	0.0427981699	-0.0516935408	-0.1653156679	0.1440349205	0.0434573391	-0.0715869724	-0.0781728563	0.0426607235	-0.0339119861	-0.1267988443	0.0183494348	0.1189640902	0.1717607716	0.0379644367	-0.0015753482	-0.0684749753	0.0761028237	-0.0329649189	-0.1022073413	-0.1474981927	0.0777843859	0.0026991336	-0.1325569108	-0.0633700098	-0.0971443981	0.0259988738	-0.0956656812	0.0744779001	-0.1101868752	0.0655594208	0.0715293667	0.0105879049	0.0134219346	-0.0545540678	0.0471929355	0.0152879342	0.0218521422	-0.0883168645	0.0430766759	-0.0508705926	0.0444153073	-0.0330610947	0.0850085269	-0.046579758	-0.0234183216	-0.039245531	0.0135704174	0.0268393543	-0.087672062	-0.0111994356	0.0491988039	-0.0727269357	0.0712428318	-0.1049668637	-0.0791112806	-0.0288445943	0.0194950507	0.0969880428	-0.0010278352	0.0486813341	0.0722338893	-0.0333148996	0.0800827874	-0.1439238493	0.0858815981	0.060904533	-0.1467203846	-0.021986914	-0.122119097	0.0434608133	0.0156732256	0.0017548217	-0.1302251891	-0.2200310002	-0.0898950136	-0.0362781346	0.0775720341	0.1384652238	0.0544218324	0.0578545232	0.0345103284	0.0338335507	0.1293368854	-0.0109628955	0.0482534716	0.1879925883	0.1815090806	-0.0262147875	0.0635471184	0.1257399998	0.1392025064	0.0335646325	0.0622267666	-0.0322507629	0.0504454762	0.0363352342	-0.0150208284	-0.0064632964	0.008478223	0.0417460978	0.0924601684	-0.014858882	0.0526772391	0.013185342	-0.000462695	0.0134145886	-0.0599757915	0.1024888018	-0.0861166458	0.1254107959	0.1185378424	0.0124905983	-0.0048103198	-0.077597496	0.0936362827	0.1533414282	0.093402091	-0.0290542975	0.0191636037	-0.1391418431	0.0388227614	0.0397060895	0.0989746408	-0.0246579983	0.1787972708	0.0738395917	0.0696327565	-0.043500607	-0.0221231981	-0.0719528588	0.0252291658	-0.0648485387	0.1113742865	-0.0529596295	-0.0354453943	-0.1829193435	0.0551938943	-0.2370513991	-0.1981558216	0.084540441	-0.0342981566	0.0207830191	-0.0465629603	-0.0413265608	0.0357392982	0.1525207724	-0.098266125	0.1128841773	0.0824626095	0.0033564007	-0.0481663094	0.0673361867	0.022323214	-0.0802648568	-0.1185295423	-0.0188829736	0.149043497	0.2013009962	0.1198585276	0.0877842142	0.0209040289	0.0121176893	-0.1158263968	-0.0431078328	0.1684955097	0.0249053082	-0.0814226176	-0.0162502716	0.1028395038	0.0	0.00840331	0.01107707	0.0001227014797849	7.061561895610001e-05	0.238988	0.0393769999999999	0.057115264144	0.0015505481289999	0.232721	0.023333	0.000544428889	0.054159063841	0.00712286	-7.960000000000432e-06	5.07351345796e-05	6.336160000000688e-11	-0.000182007	0.000257535	3.3126548049e-08	6.632427622500002e-08	0.00133714	-0.00014837	1.7879433795999998e-06	2.2013656900000032e-08
9857.794597484464	-7.88679291948938	62.20150255490783	97176114.32619388	9902.918992736468	-13.61452253727657	185.3552239180117	98067804.57670066	7075.078357111558	-8.770622665372684	50056733.75926838	76.92382193834905	7437.166263284537	10341.267187580126	1.1467	46.729115	0.07960036	0.0454766	0.0704751253	-0.019258736	0.0649641786	-0.0627278658	0.0101667217	0.2132749411	-0.0269487122	-0.1333412247	-0.0283841351	0.02892021	-0.136278493	0.1253392104	-0.202663003	-0.0687218038	0.0692048365	-0.023942264	0.0058912793	-0.2270133617	0.088540014	0.1102494329	0.0351318189	0.0579861999	-0.0312460841	0.0425141462	0.0289322302	0.0921148008	-0.0748943276	0.0374818744	-0.1138264111	0.1017180025	0.0519155629	-0.0738562313	-0.0885968124	-0.0781549156	-0.0966647541	0.0194830718	0.1347755733	0.1887599345	0.0150436029	-0.0928635539	-0.1237445616	0.0035770551	-0.0917223761	0.0379609581	0.1198194557	-0.0615164166	0.1467728047	0.0282471079	0.1638719435	-0.0384476484	-0.0033158508	-0.0920006846	0.0298601487	-0.1492140324	-0.0721181766	0.0844274969	-0.0566553742	-0.0192804485	0.0254825255	-0.1748321717	-0.1085901157	-0.10847086	0.1135264179	0.0367826731	-0.0130555887	0.05442172	-0.02876665	-0.0006272992	-0.1451084527	0.1068402569	0.045009397	0.0421551929	0.1169324698	0.0549447501	-0.0569139012	0.2061708673	-0.0078076886	0.0317752139	0.0031462269	-0.086030444	-0.0419889022	-0.1397440114	0.0006111412	-0.0054353335	-0.0010698347	0.0281490236	0.0184075663	0.0053014551	0.0244884874	-0.0494697525	0.1856387627	0.0189605726	0.0156176443	-0.0192950671	-0.1131847276	-0.0753225681	0.0483419818	0.0479654358	-0.0200491983	-0.2380473261	0.0894168224	0.0543591434	-0.0995184762	-0.1668625137	0.0302885708	0.0951501912	0.1131638686	-0.2433222104	-0.0267426989	-3.2097e-05	-0.0481185142	0.0077393767	0.0908990471	0.0989228186	-0.0946949538	0.0602967419	-0.0397682059	-0.0652106161	-0.1099939046	-0.0760448589	0.0301490046	-0.0551609043	0.1595563634	-0.098030398	-0.1124992239	-0.1030496139	0.0270785314	-0.0445499678	-0.0173649813	-0.0267646577	-0.0562852649	0.0530057825	0.0749394305	0.0211162231	-0.0396623344	0.0532625566	-0.0428995096	0.0443229649	-0.0595577615	0.041014915	0.0725512919	-0.0494372914	0.1497951405	0.0399749927	-0.0327793904	0.0216122254	-0.0988073408	0.1038981136	0.0372090916	0.093016847	0.0167009419	-0.0330312042	0.0360060675	0.0227188317	-0.0489575602	0.11552781	-0.1958457391	0.0316631727	0.2911154511	0.0617989964	-0.2074892493	-0.1625633196	0.1060101774	-0.0263208287	-0.0022725176	0.1362108828	0.0598839253	0.0956564879	0.0822939453	0.012741582	-0.0475940268	-0.0226366766	0.1458631698	-0.2070137005	0.1515184933	-0.0836278032	-0.010358954	0.0976500381	0.0	0.0084025999999999	-7.100000000998669e-07	5.041000001418109e-13	7.060368675999833e-05	0.214912	-0.024076	0.0461871677439999	0.000579653776	0.205292	-0.027429	0.000752350041	0.042144805264	0.00765952	0.00053666	5.86682466304e-05	2.880039556000005e-07	-0.000163944	1.806300000000002e-05	2.6877635136e-08	3.2627196900000067e-10	0.00132997	-7.16999999999992e-06	1.7688202009e-06	5.140889999999885e-11
9880.669215961094	22.87461847662962	523.2481704513652	97627624.15524122	9955.79480137404	52.875808637572845	2795.8511390772237	99117850.12706636	7085.802528430782	10.724171319224295	50208597.47191607	115.007850484073	7451.4319973451475	10336.056602797138	1.152683	46.972939	0.07881332	0.0403029	-0.0309595912	0.01655338	-0.0292136382	-0.1442427797	0.1255313332	-0.2145053612	0.1220270628	0.0067320733	-0.0087795356	0.0497312325	0.0828198469	0.0969043688	0.0277841167	0.1049166014	-0.1774442671	0.2926466488	0.0208640533	0.0461367726	-0.2174754489	-0.1493530516	0.049670285	-0.0479995504	0.0790103745	0.006242221	-0.1622753731	-0.0484081796	-0.0498543277	-0.0910270498	-0.0323411528	0.1735803593	0.0460121249	-0.053095503	-0.1517768181	0.1043302548	-0.0075811082	-0.1236011558	-0.128967875	-0.1199051179	-0.0816655944	-0.0493453758	0.0149724723	0.0010755335	0.0291927107	-0.1606757546	-0.0576819888	-0.0187180646	-0.0262490848	-0.0399874686	0.0489343608	0.1393659219	0.0575785692	-0.0246286235	-0.1199979862	0.2625910091	-0.0154475771	-0.1026758199	0.0115420917	-0.0434217991	0.1317466503	-0.0023925762	0.1611202142	0.1662874894	0.0855945593	-0.0451056654	-0.0089452419	0.1616701143	0.0133747627	0.0471927178	-0.0079012627	-0.0484930818	-0.0022749816	0.0415883461	-0.0644710063	-0.0051153386	0.0437120053	0.01838442	-0.0722188737	-0.0796322321	-0.0689039301	-0.1286984793	-0.0102123055	-0.0861785743	0.0332592317	-0.0669815157	0.0778941614	-0.0408133775	0.0657308033	0.0357028035	0.1174318674	-0.0562382865	-0.1832660845	-0.0775906391	-0.1264494491	-0.0206668233	-0.1156704868	-0.0056538798	0.1071526055	-0.0080841321	-0.0856760717	0.0303797371	-0.1777898785	0.1277559247	-0.11746851	0.1294334286	0.0062103329	-0.1716316122	-0.1531375854	0.2017760803	-0.1200457926	-0.1185090097	0.0029229357	0.008507124	0.046457263	0.0161067454	0.0904309974	-0.1596475722	-0.008483194	-0.1050117519	-0.0213346961	0.0459822073	0.0756965931	0.0515585467	0.0524612928	-0.0915233164	-0.0568840591	-0.0942265704	0.0200610678	0.0638837801	0.0460943566	0.0983731078	-0.0303907471	-0.0262848381	-0.0126134956	0.2210902143	0.0876108504	0.0395537098	0.1220549438	-0.0289846454	0.0272899483	-0.1315559871	0.1047927616	0.0200053098	-0.0484986338	-0.0102902479	-0.0651278976	-0.0413844831	-0.0618620502	-0.0531255002	-0.1269388491	-0.0198824873	0.0507315657	0.1003716945	-0.0056086242	0.0571512554	-0.1185527993	-0.0795758278	-0.0014369557	-0.0273989647	0.051086582	-0.1533121413	0.1860546125	0.1424499232	0.0683663878	-0.0933592432	-0.0838762402	-0.0236767697	-0.0179608615	-0.0409814814	0.2440806588	-0.0402827579	0.0161762761	-0.0608748551	-0.0061993683	0.1021032659	0.0907794993	-0.0857848953	-0.0044438104	0.0919553475	0.0	0.0083407299999999	-6.187000000000033e-05	3.82789690000004e-09	6.956777693289834e-05	0.188824	-0.026088	0.0356545029759999	0.000680583744	0.191204	-0.0140879999999999	0.0001984717439999	0.036558969616	0.00717868	-0.00048084	5.15334465424e-05	2.3120710560000058e-07	-0.000439543	-0.0002755989999999	1.9319804884900002e-07	7.595480880099997e-08	0.00134504	1.5070000000000056e-05	1.8091326016e-06	2.2710490000000171e-10
9892.41295834966	11.743742388565806	137.9154852889973	97859834.13852426	9945.111679837642	-10.683121536398176	114.12908576145452	98905246.32444309	7094.86110415366	9.058575722877322	50337054.087232485	82.0577941271024	7449.687063860304	10462.59439303986	1.091903	44.496082	0.06574708	0.0364595	0.0424189252	-0.042134196	-0.1057355558	-0.2582196445	0.0073380879	0.2110213132	0.037767431	-0.0469478058	-0.0731884896	-0.0880366289	0.0919523789	0.0173333503	-0.0754340459	-0.0250564086	0.3057943557	0.1015114543	0.0387528076	-0.0776307415	-0.0878741425	0.0170074401	-0.1249064768	-0.2103318689	-0.0410347055	-0.098957014	0.0465842444	0.1504176335	0.0308767296	-0.0998961633	-0.0497018859	0.0604330079	0.0820682811	-0.2297468911	-0.1468460316	0.0531795066	-0.0066104515	0.076734554	-0.1658990114	0.1063595084	-0.0307381706	-0.0585822854	0.0865277166	-0.0275854932	0.0902299804	-0.1068616275	-0.0756710987	-0.0315525959	0.0461215604	-0.1466184281	-0.0584966758	0.0403963634	-0.0789880019	0.0135790765	0.1970406815	-0.0294139801	-0.0824760258	-0.1514771062	0.1508597404	-0.0432613028	-0.0513931582	-0.1482030639	-0.0609282583	-0.1104693099	-0.0355590276	-0.1232296128	-0.0187117328	0.093720489	-0.149649835	-0.1953317498	-0.0791161054	0.1203559962	0.0083475136	0.0384830144	0.0033510942	-0.1239276126	-0.0062504598	0.0817823412	-0.0018537801	-0.0613662482	-0.0503812104	-0.0502280514	0.0315209892	0.0384775765	0.0200871246	-0.1240660065	-0.0277397646	0.0122811709	0.0045440321	-0.018342574	-0.0959997352	-0.0055632278	0.0029234353	-0.0736114816	-0.0240757843	-0.1037944524	-0.2120990513	-0.0857981394	-0.0391822851	-0.1149306731	-0.0899477729	-0.0906075032	0.0200525119	-0.12412546	0.1801653564	-0.0172101498	0.0083990134	0.0542081718	0.1125752079	0.0735228994	-0.1042813253	-0.048290006	-0.0195176796	0.0243887837	-0.0246458689	0.2085600601	-0.1101827774	-0.0572276165	-0.254150172	-0.1048861044	0.0082893217	-0.034166846	-0.0718188941	0.1112200638	0.1169186519	-0.056830459	0.0020082306	-0.0382192867	-0.1868052771	0.0908732544	-0.076092822	0.0617049402	0.0159653291	-0.1020865769	-0.1481887342	-0.0098195289	0.0673343322	-0.0064972894	0.1149156233	-0.0884554862	0.0829959798	0.0685550259	-0.0235212551	-0.015060491	0.0207487724	-0.1650811061	0.0451700096	-0.0579258529	-0.1150916694	0.0544334224	0.0225749714	0.0241833928	-0.021085899	0.0374988288	-0.0842289585	0.0823359555	-0.1352417785	-0.1457625133	-0.1703490031	-0.0194254302	0.0168300055	-0.1305710907	-0.1157735094	-0.1569863933	0.1523947511	0.0644096012	-0.0634373141	0.1014593315	-0.1225074907	-0.0737907171	0.0989945293	0.1057524972	-0.0165561726	0.1957147692	-0.0063936368	-0.1992327201	0.0591142837	-0.0878926533	0.0014815541	0.0857848953	0.0	0.0082789	-6.182999999989995e-05	3.822948899987628e-09	6.854018521000001e-05	0.212551	0.0237269999999999	0.0451779276009999	0.0005629705289999	0.166284	-0.02492	0.0006210064	0.0276503686559999	0.00720897	3.0290000000000525e-05	5.19692484609e-05	9.174841000000317e-10	-0.000727688	-0.000288145	5.295298253439999e-07	8.3027541025e-08	0.00136737	2.232999999999988e-05	1.8697007169e-06	4.986288999999943e-10
9904.232216918925	11.819258569265005	139.6948731271442	98093815.80665477	9947.762873566457	2.651193728814178	7.028828187703625	98957986.18870716	7089.666467209357	-5.194636944303056	50263370.6162728	26.984252983118196	7449.811331245787	10529.161749543491	1.141696	46.525196	0.0733867349999999	0.0331098	-0.0858930151	-0.0500564352	-0.1670669756	-0.0751460787	0.1846683468	-0.2553054951	0.0922017219	-0.0359653434	0.0326728644	-0.0354886341	0.1755976847	-0.0186628148	0.1036173359	0.2024951193	-0.1125937951	0.2652648638	-0.0999415696	-0.0291847024	0.0104312516	0.035705564	-0.0477068291	-0.067808799	0.0287861872	-0.0010384898	0.1816564149	0.0965075394	0.1354431535	-0.0291534143	-0.212593207	0.0036390852	-0.0393734264	0.1635136196	0.0484269648	-0.0545846802	-0.16095871	0.1448669485	-0.1345593141	0.0440924226	0.0165538415	-0.096488385	-0.0249851406	-0.0340883827	0.0740653562	-0.0982184112	-0.0598783866	0.0128068135	-0.116255544	0.0760855264	0.1054977194	0.1177696195	0.1121832357	-0.0353196341	0.0505510712	-0.0255565875	0.1182840532	-0.0392043384	-0.1128407154	-0.0434117254	-0.2340883171	-0.0029510571	0.01304771	0.078339626	-0.174758013	-0.0728339766	-0.019347047	0.1233097247	0.1537214192	-0.0610238508	0.1181700863	0.0183168556	-0.0872415315	-0.0389897435	-0.0120496761	-0.2169062689	-0.0822437426	-0.0585352397	-0.127670921	0.12214212	-0.0535481078	-0.1238064823	-0.0988423433	0.0496298097	-0.078750499	-0.032054193	-0.036251112	0.0923252834	0.0056282789	0.0984265583	0.0362850697	0.1477214384	0.0701173383	-0.1082423724	0.0028034718	0.0541770671	-0.1698435543	-0.0020043939	-0.0013407327	-0.0287357591	-0.0355593704	0.2234162446	-0.1162846552	0.0027407943	-0.0144880507	-0.0212148729	0.0977864828	0.1415504175	-0.062236279	0.0987624089	-0.0379094499	-0.1118444294	0.0252671089	0.0808150217	-0.0765054808	-0.0644105933	-0.2096047785	-0.0787505575	0.0318421207	0.0973227141	0.193877606	-0.1090473524	0.0489987741	-0.1097838315	-0.0787156208	-0.0846622784	-0.0139446318	-0.0163870088	-0.1151702514	-0.2108260617	-0.0309456302	-0.0301586888	-0.092082353	-0.0366109385	-0.1300342559	0.0796561825	-0.0534629257	0.1044314443	-0.0269528763	-0.149864287	-0.0392220013	0.0763582194	0.0928898769	-0.1267933166	0.0703703915	0.0878742902	0.0271816589	0.0751809669	0.0440709783	0.0714076553	-0.1106273994	-0.0240053508	0.0504127766	0.0292780507	-0.0530533459	0.0930911025	-0.1173437472	-0.2868120295	-0.0532838548	-0.1679550963	0.0414260585	-0.0054210432	0.1173490538	0.1422055459	0.1194394928	0.0196903689	0.0823005588	-0.1344120794	-0.005427759	0.004889875	-0.0601814606	-0.0981196142	-0.1643061246	0.0632302923	0.0202289523	0.0464033621	0.0557012296	-0.0899498651	0.007403511	0.0791706065	0.0	0.000691465	-0.007587435	5.7569169879225e-05	4.78123846225e-07	0.206068	-0.0064829999999999	0.042464020624	4.2029288999999855e-05	0.153244	-0.0130399999999999	0.0001700415999999	0.0234837235359999	0.00760025	0.0003912799999999	5.77638000625e-05	1.5310003839999997e-07	-0.0008817039999999	-0.0001540159999999	7.774019436158237e-07	2.37209282559692e-08	0.00098714	-0.0003802299999999	9.744453796e-07	1.445748528999999e-07
9899.11598024269	-5.116236676234621	26.17587772724828	97992497.1902962	9970.655360388688	22.89248682223115	524.0659529060268	99413968.31564768	7095.135222531807	5.468755322450306	50340943.82601147	29.907284776828558	7450.229076750313	10661.5374263321	1.158782	47.221466	0.0891562949999999	0.0498697	0.0566316567	0.0010359844	-0.1670374901	-0.0724411719	-0.2311748941	0.0760334728	-0.1173990251	0.0572750795	-0.0484333779	-0.0559666403	0.1040031619	-0.2096069893	-0.0058259894	-0.2077719484	0.1609965261	-0.0312638074	0.0934707453	0.0101635649	-0.040822668	-0.0516232267	0.0055375801	-0.0587828105	-0.021401611	-0.0086538244	0.0505759829	0.2661946156	-0.007479747	-0.0292059135	-0.176655242	0.2411555297	0.0326242921	0.1211123654	0.0943064272	-0.1629963793	-0.0020814582	-0.0982394272	0.190671415	-0.0003740194	-0.0746311626	-0.0523044379	-0.0954576689	0.0163819179	0.1117293372	-0.0564848899	0.0127150154	0.0039921041	0.0333774165	0.0644612382	-0.0320229183	-0.0214054433	-0.1680860838	-0.0511505033	-0.032024165	-0.0996881772	0.0972203162	-0.0794892306	-0.0065596646	0.0148438346	-0.0389669813	-0.100728214	-0.1560696953	0.143021324	-0.1041422963	-0.09160396	-0.0166566479	-0.1022056571	0.0258666784	-0.158468102	0.1864229561	-0.1005780586	-0.0451183091	0.0558077505	0.0094209447	0.0071387304	-0.0180960195	0.1222791148	0.0943636264	0.1413169251	0.1664138791	-0.1922389882	0.103539066	-0.0301472454	0.1915479697	-0.0838006417	0.1049013737	0.0567143138	-0.1184052995	-0.052749331	0.0090277276	-0.0131503049	0.0243596055	-0.0139743379	-0.0328647212	0.1262830819	0.0360005564	0.033914198	-0.0758421451	-0.0816143849	0.0649981221	-0.0037835481	0.0890783812	-0.2282960386	0.048451006	0.0363167188	-0.0640530821	-0.0256356771	0.0887951764	0.0158226505	-0.0183957512	-0.0718855786	0.1193419942	-0.1129632084	-0.0195267612	0.1063386182	-0.1661176157	-0.0580041464	0.0625800912	-0.0313428334	0.1066404396	-0.1479181095	0.0543509813	-0.1324877328	-0.0325958456	-0.0261195958	0.0507534728	0.0326099625	-0.0674040646	-0.1806299021	0.015849928	0.0615443233	0.0992029562	0.1390183941	0.058209004	0.0468858068	0.0560984902	0.0896639002	-0.1006786786	0.1886254485	0.0258163095	-0.0106192367	-0.0678619595	-0.0067135255	-0.0880175634	-0.1058807275	0.1011038144	8.2378e-05	-0.2615270082	0.0983803954	0.0425575615	-0.1119116022	-0.0597722007	-0.023096995	-0.1173611802	0.069445359	0.0435634054	-0.1557682439	-0.207301612	0.0616405164	-0.0760600305	-0.0522385486	0.0001666275	-0.1914593528	-0.0561513305	0.0723760325	0.0385592719	0.0529539527	0.0286942407	-0.0645481028	-0.159478583	-0.0235004177	0.1378656886	0.0208474505	-0.0391903406	-0.0189798895	0.0212563948	-0.0919553475	0.0133084396	0.0721467023	0.0	0.0080071099999999	0.0073156449999999	5.351866176602354e-05	6.411381055209841e-05	0.248181	0.042113	0.061593808761	0.001773504769	0.170259	0.017015	0.000289510225	0.0289881270809999	0.0072164	-0.0003838499999999	5.207642896000001e-05	1.4734082249999985e-07	-0.000811871	6.983299999989998e-05	6.591345206410001e-07	4.87664788898603e-09	0.00098657	-5.700000000000843e-07	9.733203649e-07	3.2490000000009614e-13
9868.515382328207	-30.600597914482933	936.3965927238572	97387595.85124844	9914.851860526756	-55.80349986193141	3114.030596840579	98304287.41619088	7082.042708691459	-13.092513840348149	50155328.92772985	171.41391865970778	7437.64063565948	10487.383139559252	1.144334	46.632706	0.1243587399999999	0.061257	-0.0734068275	-0.0757392182	-0.0344708505	-0.093891245	0.1275600984	-0.0319103908	-0.1131949013	-0.0767762463	0.1264026297	-0.0198205168	-0.0360446404	-0.084002878	-0.1876415892	0.119344447	-0.0808556274	0.1561412359	0.0651043943	-0.0632200367	0.2040510674	0.0287386487	0.0045873466	-0.0367477177	-0.2345004498	0.0100664544	0.0054223258	0.1006888822	-0.0208418564	-0.1080281259	0.0979097859	0.0491442108	-0.0361904539	-0.1758406874	0.1039605988	-0.0479923834	-0.043626556	-0.1068317358	-0.0452982092	0.006360759	-0.0889559598	-0.0042307828	-0.0207670084	-0.0755305169	0.0281267549	0.0147027852	0.0650332498	-0.0937168944	-0.0459292134	-0.0764030865	0.0485008389	0.0641520344	0.046700322	0.0165268133	0.0554832225	0.1239385393	-0.0324327985	-0.0443927864	-0.1686222151	0.0105739195	-0.0520950185	-0.0446288073	-0.1125124478	0.0730036439	0.0214647606	-0.0654762263	0.1800890502	-0.0066539882	0.0578918051	-0.0359041314	0.0614046097	-0.1022185222	-0.0059239553	0.2649761007	0.0719737942	-0.0034315861	0.0190468046	-0.0351932455	-0.0681585829	-0.0836223956	0.0867117669	0.0904356527	-0.0367998884	-0.0056196899	-0.0476364087	0.0025937747	-0.089529132	0.19275755	0.0768866353	-0.104105296	-0.109884123	-0.1353933194	-0.1652857817	0.0054010817	-0.0238012808	0.0808738765	-0.1282781509	0.0004640654	-0.1160878939	0.1170573123	0.07731814	-0.0055244305	-0.1186741374	0.0989456701	-0.0813625764	-0.0220707153	-0.1146803822	0.1412149857	-0.1057066306	-0.0353708856	-0.0790399777	-0.0425255745	-0.2131967296	0.0806837444	0.056134632	0.1192438246	-0.0126354319	-0.0533734199	-0.0281773657	0.0951216442	0.0514452025	-0.0629833157	-0.0642907191	-0.0470290125	0.1092884489	0.0162031447	0.0298400209	0.2414615002	-0.1454123125	-0.0482799193	-0.0152960913	0.0893411525	-0.0149977707	0.0077272503	0.0067009198	-0.1316972938	0.0761161637	0.0262167769	0.1357090993	0.0643923819	0.0092248392	-0.0127896625	0.0782364419	0.0093932586	0.0458218865	-0.0355680657	0.0546441576	-0.1061024089	-0.0217732202	-0.0106210792	0.1459429956	-0.1180960448	0.0356130323	-0.0002769791	0.1016808816	0.0736842615	-0.1694521543	0.019756642	-0.1132692248	-0.0340608578	0.105614616	0.1909386815	0.0691371995	0.0996208842	0.0463776354	-0.063450991	0.129369467	-0.012227475	0.0255708454	-0.0104581049	-0.035855374	0.0119934323	0.1042707385	0.0634527959	-0.1031638597	-0.0275366775	0.0177460592	-0.0939079472	0.0191827583	0.0647495232	0.0	0.0129367	0.0049295900000001	2.4300857568100985e-05	0.00016735820689	0.214097	-0.034084	0.045837525409	0.001161719056	0.19658	0.026321	0.000692795041	0.0386436964	0.0080354499999999	0.0008190499999999	6.45684567024984e-05	6.708429024998366e-07	-0.0008817039999999	-6.983299999989998e-05	7.774019436158237e-07	4.87664788898603e-09	0.00127817	0.0002915999999999	1.6337185488999997e-06	8.503055999999995e-08
9850.191175741194	-18.324206587012668	335.77654704351846	97026266.19864967	9915.371884181355	0.5200236545988446	0.2704246013423384	98314599.60161412	7082.34831941411	0.3056107226511813	50159657.71750787	0.0933979137993772	7443.11959552795	10223.583660575136	1.070335	43.61718	0.04115118	0.0211497	0.0518182805	0.0850902396	-0.018263781	-0.2071241421	0.0239287948	-0.0103759242	-0.0293042616	0.1463843484	-0.0882254128	0.0822119455	-0.0283001837	-0.0923091329	0.0683794187	0.0315911023	0.0545837644	0.077921581	0.288141663	0.0858924177	-0.1227857516	0.1115243587	0.0075672992	0.0025149822	-0.1478665662	0.1372730972	0.0280921785	0.0092363394	0.02677091	0.1821795224	0.1382705362	0.1228036887	-0.1369471761	-0.1671277462	0.045491597	-0.0392947977	-0.2155644236	0.0888573222	0.0665104003	0.0872361461	0.1075651274	0.1212836329	0.0427467103	0.0259418844	0.0178188115	-0.1295043186	0.0427027362	-0.0242289515	0.0118013657	0.025863249	-0.0024689706	-0.0075747509	-0.1483784554	-0.0155545059	-0.0724691624	-0.028290384	0.0032600128	0.0010136588	-0.0903335133	0.0705458688	0.0883207613	0.0091630208	-0.0826889927	0.1795845003	-0.0937036682	0.0414647556	-0.0856491708	-0.0425702704	-0.0690843145	0.0738660878	0.106429792	0.0322363829	0.0578665013	0.0040088165	0.0456421235	0.1118409539	0.012819899	0.037134281	-0.0755225603	-0.0491496832	-0.0166690982	0.0566459556	-0.1158959047	0.0340259838	-0.0744720507	-0.0237241826	0.0640300756	0.0458014395	-0.0948429114	0.0822557997	0.1841053635	-0.0105101305	0.0533333058	-0.0893107455	0.2158412014	-0.1215965824	0.0074231958	-0.0397984928	0.0750895478	-0.0595134829	0.0867460178	0.0771760605	0.0992530238	0.1310534822	-0.0001124757	0.170321649	-0.1222472924	0.0072834108	0.0517756454	0.0069232085	0.0458728946	-0.0181487162	-0.030916295	-0.1357578616	0.1236602547	0.0478883298	0.0337618234	-0.0079633762	0.0045258393	-0.0186246254	-0.0720311492	0.0410039164	0.0356465569	-0.0537264235	-0.0425974461	0.1271892317	-0.0403778361	0.0816824737	-0.0812769977	-0.0261698634	0.0504672221	-0.0589239813	0.1514549858	0.0541087117	0.0595942878	0.0849021551	-0.0338561516	0.2169749823	-0.0142781312	0.0408893968	-0.0049518142	-0.0100913947	0.0489631885	-0.0174788413	0.0631599199	0.1365486614	-0.0785862113	0.0140352996	-0.1132042721	0.0565991291	-0.108791176	-0.0587502965	-0.0072372537	0.1144057815	-0.0666556	0.008658012	-0.0245407899	-0.0364029403	-0.0102653579	0.0192687373	-0.0323603624	-0.0406298716	0.0818478621	-0.1496525435	-0.0466942148	-0.2180021699	0.0662320762	0.1127837178	-0.0398318394	-0.0263683663	-0.0973765767	-0.0798908108	-0.0496416349	0.0484176488	0.0357703464	0.0795767839	-0.0219341975	-0.0958065414	0.0250129561	0.0570173409	0.0	0.00809702	-0.00483968	2.342250250240001e-05	6.55617328804e-05	0.219615	0.0055179999999999	0.048230748225	3.0448323999999943e-05	0.185704	-0.0108759999999999	0.0001182873759999	0.034485975616	0.00835894	0.00032349	6.987187792360001e-05	1.0464578010006457e-07	-0.0008817039999999	0.0	7.774019436158237e-07	0.0	0.00120331	-7.485999999999994e-05	1.4479549561e-06	5.6040195999999914e-09
9870.06606540146	19.87488966026467	395.0112390076955	97418204.13538945	9941.513584139137	26.141699957781384	683.3884766826673	98833692.34362298	7078.4485684883	-3.899750925809713	50104434.13673407	15.20805728335371	7442.983958252852	10384.961195646138	1.021979	41.646626	0.09793893	0.0557952	0.0012304048	-0.0928497369	-0.0167641786	-0.1076529872	0.1428213846	-0.0486195194	-0.0171807541	0.054741154	-0.0157001592	-0.1038922838	0.0017429543	0.0651780534	0.0597830745	0.1582409342	0.0527901918	0.047856919	0.1072680533	-0.2084030894	0.0565928673	0.076148044	0.0135043079	-0.0880958375	-0.0841357157	0.0905240745	0.0036607615	0.0103484919	0.0847511925	0.1023532923	-0.0291347036	-0.0032464232	0.041349014	-0.1012589348	0.0288635496	-0.0253544849	0.0316424971	-0.0830398294	0.1208830615	-0.1368789483	-0.0696890423	0.0155614615	-0.0667918643	-0.039498379	0.0363786242	0.0175885931	0.0348784784	-0.134209611	0.0268132119	-0.0343466758	-0.0526987517	0.0229047437	0.0674276077	-0.0692993716	-0.0161694252	0.0769521938	0.0577043263	-0.0937383204	-0.0312892422	-0.0598991491	-0.0406615291	0.116487998	0.0293281479	-0.0233545047	0.0087794389	0.0252657448	0.0981361871	0.0425322281	-0.0048564083	0.1432102845	-0.0964127629	0.0537785353	-0.0238847143	0.1393784235	0.0690495197	-0.1023525945	0.031976818	-0.0600008815	-0.0482397226	0.0311216596	0.0971986868	0.1148069401	0.0186365934	0.0803705061	-0.0708144353	-0.0428486779	0.0740407051	-0.054327444	-0.007004621	-0.0840889923	0.1127598962	-0.0663590127	0.0150214534	-0.008034032	0.1322287817	-0.0307305856	0.0758891789	0.01849185	-0.0430662073	-0.0689193182	-0.0418126822	0.0679848276	-0.0175509783	0.1703282336	0.0218115321	-0.1169826169	0.043019473	0.077762784	0.0157421829	-0.0245992815	-0.0213256733	-0.0419189719	-0.0015439196	0.0641052983	-0.0397966412	-0.1085751804	0.015249127	0.0212261041	-0.0187497624	-0.1026261514	0.0788149712	-0.0943570781	-0.0055495602	0.0337175402	0.1942535781	0.126922239	-0.1276623173	0.0329478015	-0.12086117	0.0112675924	0.1108742581	-0.0720707622	-0.0881744701	0.090633932	-0.0733899116	0.0075331335	-0.0448069186	-0.0303009221	0.0345402081	0.0205198277	0.0514879507	-0.1084535785	-0.0963400325	-0.0032882178	-0.1275816466	0.0285574343	0.0335981687	-0.0156973384	0.0366670348	-0.1875295445	-0.0120023782	-0.0655337534	0.0723105553	-0.0944764311	-0.0631654858	-0.0171128245	-0.0422308889	-0.1029538416	0.0415353422	-0.0469972795	0.0915664067	0.0966751858	0.0276231279	-0.1148004198	0.0397274933	-0.1284544735	0.14887831	-0.1486232007	-0.0358661714	0.0051013321	0.0546140446	0.0125934594	-0.0241319719	0.0541618062	0.0646242648	0.1459972441	0.1220309309	-0.0976500381	0.0307856233	0.0489901604	0.0	0.0103419	0.0022448799999999	5.039486214399998e-06	0.0001069548956099	0.265625	0.0460099999999999	0.070556640625	0.0021169200999999	0.212561	0.0268569999999999	0.0007212984489999	0.045182178721	0.00807891	-0.00028003	6.52687867881e-05	7.841680090000032e-08	-0.000811513	7.019099999989997e-05	6.58553349169e-07	4.926776480985958e-09	0.00130963	0.00010632	1.7151307369e-06	1.1303942400000005e-08
9880.416133404991	10.350068003532217	107.12390767774131	97622622.96924964	9928.03070170954	-13.48288242959643	181.7881186103201	98565793.61408722	7081.062461820071	2.6138933317706687	50141445.58819732	6.832438349875168	7437.202436436107	10468.521620756175	1.040135	42.386501	0.0914798	0.0499785	-0.0449223319	0.0213842247	-0.0169716051	-0.0568421248	-0.2070321648	0.0254684448	-0.0250441464	0.0677981606	0.0291268274	0.038791284	0.0847455883	0.0664836608	-0.0070192617	-0.1942331145	-0.0788430966	-0.0029701527	0.1011740741	-0.077657034	-0.0035408062	-0.111566478	-0.0823539233	-0.0321574984	0.0468455255	0.2302547035	-0.0558891904	0.0323690406	-0.0056297991	-0.0171251259	0.0358983406	0.0542068154	0.15334782	-0.0278897234	0.021794537	-0.101707522	-0.0568451741	0.0254234979	0.1322022968	-0.0513311663	0.1130193692	-0.0842221762	0.0632448018	-0.0140902793	-0.0325455207	0.0441090344	0.0598468487	0.0730059914	0.01311605	0.0466656993	0.1330888224	0.0475434477	-0.0879288302	-0.0398896281	0.0894197466	-0.0396417299	0.0975413597	-0.0212211283	0.047324854	0.1410774729	0.0290309377	-0.0073443262	0.067212123	0.0479501263	-0.0915154215	-0.0301922253	0.0742953582	-0.0374609651	-0.1020429294	-0.0447390584	-0.1540414315	-0.0625992795	0.0527314933	0.1979473411	0.0102050522	0.1164068629	-0.120800866	-0.0021289492	-0.084824194	-0.0561257317	0.039869152	0.0132994691	0.023941017	-0.0684724479	-0.0349618503	0.0393122597	0.030292615	-0.0332510435	0.0218218508	0.0857826731	0.0368680901	-0.0924812506	0.0195930221	-0.08152424	0.0211112771	0.0433559271	0.0406576147	-0.0341516988	0.0601404015	0.0454599232	-0.0521980085	-0.0102046008	0.0341382079	-0.1282609197	-0.1590710442	-0.0338240015	-0.0286643572	-0.063534882	0.0921116164	-0.0208694085	-0.0061322952	-0.0223693623	-0.0109104903	-0.0192024245	0.0541634545	-0.0592296773	0.009596526	0.0036302759	0.0766363722	0.1484501652	-0.0698593616	-0.0126353379	-0.0370506704	0.0230012533	0.0403519192	0.1182690286	-0.1479286433	0.0276793356	-0.1974739282	0.1460867964	-0.0235400809	0.0694682009	-0.1721000786	0.0507340762	0.1167419633	0.001228146	0.0039802471	0.0682075672	0.0358470515	0.0257402269	-0.0523650813	-0.0700789522	-0.0193901226	-0.0316563908	-0.0162498217	-0.0385912467	-0.1199493022	-0.0472540649	-0.0339160554	0.0455328903	-0.0593047776	-0.0403115782	0.0286122312	-0.0142616955	0.0842155014	0.1070973791	0.0507874169	-0.0199529963	-0.2358721809	0.0091886346	0.0818558121	0.0557036094	0.0780413197	-0.1307085997	-0.0351542934	0.0209092601	-0.0526895607	0.0264632279	0.1109680277	-0.2019023687	-0.0330864417	-0.1192874522	0.0055836532	-0.1050767759	-0.0438760192	0.0615172264	0.0186767269	-0.0994373772	0.0364874825	0.0407095131	0.0	0.0121507	0.0018088	3.271757440000004e-06	0.00014763951049	0.237386	-0.0282389999999999	0.056352112996	0.0007974411209999	0.193273	-0.019288	0.000372026944	0.037354452529	0.0073784999999999	-0.0007004100000001	5.444226224999852e-05	4.905741681001401e-07	-0.000690023	0.00012149	4.76131740529e-07	1.4759820100000008e-08	0.00133061	2.0980000000000087e-05	1.7705229721000002e-06	4.4016040000000365e-10
9892.966152714547	12.550019309555864	157.50298467022506	97870779.29875568	9938.562788862788	10.53208715324763	110.92485980360378	98775030.30816808	7086.298696151305	5.2362343312343	50215629.211075686	27.41814997159672	7444.964972241686	10478.186130252298	1.029107	41.937088	0.0950768	0.0502701	0.0147064122	-0.0533477362	-0.026394776	0.0347622189	0.1483751879	0.0749512681	-0.07947488	0.0430190196	-0.0047411028	-0.0386103508	0.0646888787	0.0702925777	-0.1853288467	0.1536613947	0.0204245353	-0.0669742888	0.0316937138	0.0083347618	-0.0789548249	-0.1038102334	-0.0329618488	-0.0142592868	0.097709155	0.2450399479	-0.0730985444	-0.0196331167	-0.0610453644	0.0025692582	0.043291164	-0.1131200694	0.1435765586	0.1211063702	-0.1361243198	-0.0077950853	0.0431672257	-0.0231853296	0.1256929708	0.0670181653	-0.067542166	-0.0637483663	0.0047091819	-0.0353074648	0.0398905565	0.0206300406	-0.0408151554	-0.1177522668	0.061873989	-0.0584305589	0.0469208897	0.0104640049	0.1336492085	-0.1244369926	-0.0332703442	0.1061830238	0.0083705938	0.0035675652	-0.016841797	-0.0480600749	0.1562531046	-0.0913664478	-0.0910836392	-0.0867397252	-0.0310097904	-0.0499507626	-0.0473869775	0.0869517428	0.022216391	-0.0252383007	0.1759580438	-0.04157128	-0.0358922886	0.0032693418	-0.0169449379	0.021331781	-0.0092595426	-0.1159605996	0.1623901917	-0.0467738588	0.0110111296	0.0619555584	0.071448593	-0.0134427398	0.0285836841	0.1190241928	0.0330475606	0.0002204581	0.1167566556	-0.0503285839	-0.1223863137	-0.1251803587	-0.0367814055	-0.0254519306	0.0535534517	0.0976832495	-0.0281973424	0.0386182754	0.0026766884	0.0338109014	-0.0871563287	-0.1361498419	-0.2126904773	0.0669259787	0.0675765136	0.0046272566	-0.01037759	-0.0924136359	0.0036059216	-0.0332597737	-0.1416467946	-0.0200267909	-0.0287642849	0.0187485141	0.0658028177	0.0047404281	0.0724746268	0.0943618221	0.0952478139	-0.0863928308	0.0451053676	0.161765876	0.0466366319	-0.1189547697	0.0557345915	0.0721741263	0.0429550123	0.0959546178	0.0238778519	-0.0900396846	-0.064506851	0.1226708526	0.0602259935	-0.1562160323	-0.0447893624	-0.0708588149	-0.0038611662	-0.0430074531	0.1002166283	-0.0259819224	-0.0351135068	0.0621879541	-0.0833316123	-0.0250849347	-0.0247540635	-0.0755282951	0.0964017237	-0.1803038436	0.0480860573	-0.0597848738	-0.031099846	0.0083501767	0.0536527331	0.0507943588	-0.0686789598	0.0269461945	-0.1922987728	-0.1490280589	-0.0119218672	-0.0296300828	0.1007776466	0.0163346637	-0.0241373829	-0.080522469	-0.0729526842	-0.0511925941	-0.0598815618	-0.0235753709	-0.0231416939	0.143422524	0.1112000123	-0.1098822492	-0.0341080855	-0.0073372315	0.0604147684	-0.0002083852	-0.0435039211	-0.1011675308	0.0421054194	0.0322182416	0.0	0.0110573	-0.0010933999999999	1.195523559999999e-06	0.00012226388329	0.200805	-0.036581	0.040322648025	0.001338169561	0.168258	-0.025015	0.000625750225	0.0283107545639999	0.0078312299999999	0.0004527299999999	6.132816331289842e-05	2.0496445289999933e-07	-0.0008175809999999	-0.0001275579999998	6.684386915608365e-07	1.6271043363974486e-08	0.00126315	-6.746000000000009e-05	1.5955479225e-06	4.550851600000012e-09
9893.779530155012	0.8133774404650467	0.6615828606574705	97886873.39131431	9937.710477036697	-0.8523118260909541	0.7264354488944968	98758089.52540492	7088.31310883557	2.014412684265153	50244182.72889019	4.05785846252834	7446.717363137412	10531.539185503956	0.995228	40.556484	0.1407851999999999	0.0880788	-0.0282190453	0.029933806	-0.0818853594	-0.0411431655	-0.1101208481	-0.1020765744	-0.0945674061	0.0102213451	0.0193686907	0.0054302056	0.0860226179	-0.1004923074	0.0322107961	-0.0482831372	-0.0591823949	0.0319383334	0.0446928113	-0.1873119538	-0.1644941694	0.0395370142	-0.1117602535	0.0259316955	0.1083214406	0.1193430739	0.0097126991	-0.0227297911	0.0266048043	0.0098906412	-0.0437193945	-0.1692388458	0.0628645868	-0.0374076607	-0.0491028367	-0.0544288637	0.2196460216	0.1019449376	-0.0906273008	-0.1293646575	0.0169784024	-0.1347212961	0.0884210259	0.0517953757	0.064167147	-0.011475577	-0.0655144897	0.0305705778	-0.0663489035	0.0813508775	-0.0388205853	0.0098742814	-0.0941215783	-0.009905328	0.0529607832	-0.0571352974	0.0600048439	0.0742509144	-0.0987782299	-0.0668111456	0.0087406161	0.0781411832	-0.0509926371	0.0780498706	0.1350448193	0.0799351077	0.0171272751	-0.0694752643	0.0471746968	-0.1280518022	-0.0033138597	-0.2146328198	-0.0868521372	-0.0968704585	-0.1228036067	0.1608115653	-0.03989087	-0.0161316874	0.040134492	0.0328845035	-0.0435809119	0.1316534872	0.0901506052	-0.0062149551	-0.0653252128	0.077257146	-0.1183323189	-0.0036966102	-0.1715146026	0.0573135348	-0.1573971554	-0.0141116757	0.0392302427	-0.0004949044	0.0146294516	-0.0926873047	-0.0390805523	0.021234952	0.0267990832	0.0007210897	0.0657324575	0.1039441747	-0.0566157766	-0.0711252073	-0.034461678	0.0289265542	0.083268459	0.0223493645	0.121945035	0.0238883554	0.0295968232	0.0181681063	0.0125968208	-0.079546471	-0.0383977123	-0.0244492511	0.0539301578	0.0114862755	0.1163937186	0.0883305654	0.0007839174	-0.0071445152	0.1267311886	-0.113290879	0.0628050493	-0.0361804195	0.0776849611	0.0661545373	0.0260385276	0.0200825198	-0.1785738162	-0.1299145431	-0.0291407123	-0.0317889962	0.0669242717	-0.1262605901	0.0996352136	0.0067968108	-0.0915911903	0.0160117304	-0.0521173443	-0.043887833	0.0401682049	0.0502922307	0.0342254146	-0.2170092081	-0.0221536173	0.088670201	0.0095821833	0.0255698074	0.0102697802	-0.0595181931	0.0180024597	-0.074204785	-0.0568169752	0.0597776402	0.1376126848	-0.1348976227	-0.1027688245	-0.0148589828	0.0065036537	-0.0160737084	0.0847803517	-0.0644447716	-0.0684370608	0.0046571159	-0.0265779051	-0.1037230972	0.0287884594	-0.1462583194	0.1253553062	-0.0353235896	-0.1108690083	-0.0547155539	-0.1080792657	0.0498321982	-0.2342642996	-0.1028395038	0.0476265124	0.0235602783	0.0	0.00821025	-0.00284705	8.105693702500002e-06	6.740820506250001e-05	0.279761	0.0789559999999999	0.0782662171209999	0.0062340499359999	0.198646	0.030388	0.0009234305439999	0.0394602333159999	0.00738732	-0.0004439099999998	5.4572496782400005e-05	1.9705608809991038e-07	-0.0008817039999999	-6.412300000000002e-05	7.774019436158237e-07	4.111759129000003e-09	0.001327	6.385000000000006e-05	1.760929e-06	4.076822500000008e-09
9912.36627252599	18.586742370976932	345.4669919650693	98255005.12071078	9968.441725660798	30.73124862410077	944.4096419962956	99369830.43789522	7098.90897718722	10.595868351650097	50394508.66638931	112.27242612550016	7458.68545739958	10544.764376759287	1.050055	42.790741	0.18319345	0.104195	0.0186299389	-0.1012773027	-0.1141637042	-0.1021882229	0.0731304046	0.1244063843	-0.0211743649	0.0272006589	-0.0028910352	-0.0610150214	0.0956248478	0.104571572	-0.2355038395	0.0053069316	-0.0144264845	0.0529010819	0.1641219079	0.0198421841	-0.0574774669	-0.0001153638	-0.0581079162	0.0574718968	-0.0339115442	0.1325799394	0.2177261707	-0.0386856538	0.04594239	0.0779556161	-0.1456375458	-0.1378548295	0.0067015504	0.1274963427	0.0769261424	-0.0982445435	0.1455053773	-0.0117398514	-0.135483814	0.1198664539	-0.0154672553	0.0486577407	-0.0061468885	-0.0522458877	0.0831512237	0.0131214701	-0.0298954029	-0.0290183319	-0.0670800237	-0.1425566666	0.1141962452	0.084333373	-0.0551563672	0.0609376051	0.0619986597	-0.0830651722	-0.0274937017	-0.1269190949	-0.0486348301	0.1271751523	-0.0796832275	-0.0834646619	0.140492446	-0.0720147594	-0.1157418687	0.1288196157	-0.0427134493	-0.0761774767	0.0461349453	-0.0108207151	-0.0492856981	-0.034578218	-0.1181517394	-0.1259201097	0.0029251497	0.1423506561	-0.1092960561	-0.0942695603	-0.0520116793	0.0456063586	-0.0791243042	-0.0656218415	0.0139311615	-0.1044614131	0.1008026281	-0.1449821743	0.092985773	-0.0582222054	0.1163850422	-0.1122484978	0.0372085492	0.0253228486	-0.0657639448	0.0872453863	0.0867064122	-0.0266706957	0.0130429663	0.0991865238	-0.0326406706	-0.0139080404	-0.0961270439	-0.1373696768	-0.0811333926	0.0378679727	-0.0155547929	-0.0108097366	0.0060425312	-0.0324831598	0.1417175075	0.1244506272	0.0550886333	0.0158238376	0.052507884	-0.0090475188	-0.1513926655	0.0643982134	-0.1175829855	0.0524533228	-0.0241357782	0.2215923252	-0.0765062462	0.0970910349	0.1001029753	-0.0398979412	-0.2330918458	-0.0746391754	-0.168572474	0.00241644	0.0024741912	-0.0517451292	-0.0799705807	-0.0378265408	-0.0813263144	0.0964561642	0.1247515188	0.0492628828	0.0399237985	-0.0951636042	0.0200027926	-0.1004596827	0.0779532849	0.0260974107	0.0346899541	-0.0057613645	-0.0001640462	-0.0265613113	0.0275743466	-0.0471860605	-0.0174094437	-0.0238881713	0.0503766256	0.0089638933	0.0248891138	0.0733680569	0.0247071321	0.0779381298	-0.297719239	-0.0188996921	-0.1218322449	-0.0167384077	-0.0058744103	-0.0074573126	-0.0014529807	-0.0088969041	-0.0850062293	0.0046413926	0.0308886099	0.0048939198	0.0150589973	-0.0205599481	-0.0564623869	-0.206624263	-0.0441332719	0.0111898013	-0.0102243034	-0.0703972929	-0.037109444	-0.1044523349	0.053038063	0.0147804182	0.0	0.0111934	0.0029831499999999	8.899183922499993e-06	0.0001252922035599	0.193235	-0.0865259999999999	0.0373397652249999	0.0074867486759999	0.167715	-0.0309309999999999	0.0009567267609999	0.028128321225	0.00836664	0.0009793199999999	7.00006648896e-05	9.590676623999993e-07	-0.00107886	-0.0001971560000001	1.1639388996000002e-06	3.887048833603945e-08	0.00140559	7.858999999999991e-05	1.9756832481e-06	6.176388099999986e-09
9897.706943382982	-14.6593291430072	214.89593092302016	97964602.73709168	9922.1881139076	-46.25361175319813	2139.396600215588	98449816.96776924	7093.537449682248	-5.371527504972619	50318273.55004453	28.853307736677365	7444.987050837758	10526.096576510216	1.057642	43.099911	0.0772846	0.0530622	-0.0838198492	0.0600391022	-0.122011884	-0.0309096394	0.032273548	-0.0736666879	-0.131562701	0.0818580173	0.0442205325	0.0347554446	0.1248357751	-0.19605999	0.0753472694	0.1372494591	0.0849244388	-0.0515335538	0.0790495957	0.0231711648	-0.0350056778	-0.0147819274	-0.0794749655	0.1326348126	0.0693353187	0.1313534237	0.0436734656	-0.0096225837	-0.1736838313	-0.0471498674	0.0682554289	-0.0416362572	-0.0066486914	0.1374072344	0.1364224925	0.0161951814	0.1706437107	-0.0400324409	0.0245043118	0.1050396501	-0.0353976993	0.0897789068	0.1014151069	0.0132178188	0.0722606435	-0.0872802188	-0.1142165991	-0.0534290858	-0.0289872113	0.1237449255	-0.0140067646	0.0405378857	0.0323284435	-0.0160021834	-0.02132668	0.0250470756	0.0214546168	0.056265162	0.1138634079	0.0059719141	0.1429253981	-0.0529799279	-0.0778177157	0.0042274237	-0.1709836288	0.0211209115	-0.0459577745	-0.0579622231	0.1571289683	-0.0589312253	0.0407732604	0.0971154322	0.0916724638	-0.1227635068	-0.1013071131	0.0624178269	0.1861185607	-0.0089166027	-0.0719993684	0.0263559604	0.1161714903	0.0072321057	0.0340392769	0.0291390042	-0.0536535706	0.000852076	0.1506618266	-0.2186414988	0.098032264	0.0611546836	0.0858173965	-0.0310181697	-0.2159715873	0.0804069834	-0.0133536606	-0.0015275433	0.0094620567	-0.0889674449	-0.0201493343	-0.0021015015	0.0775603009	0.1523084128	-0.0594943184	-0.0462930691	0.1610964704	0.0736585562	-0.0528805398	-0.0439295247	0.0622782663	-0.0572927663	-0.0595673869	0.1380241146	-0.0420549805	0.0322150241	0.1141138001	0.0038459709	-0.0372923672	-0.0580883896	0.0352247744	-0.183053422	-0.0059899315	0.170192201	-0.0315849523	-0.0350542585	-0.1859750779	0.0583303898	-0.0682152999	-0.0094601981	0.0447174242	-0.0356615582	-0.0565155915	0.1218358084	0.0015417751	0.0566557906	0.0190646265	0.0120495796	-0.0164763156	-0.0896238993	-0.0116179201	0.0547327726	-0.0292305309	-0.2317321491	0.1191841302	0.0131019035	-0.161120668	0.0706335433	0.0621347067	-8.08909e-05	0.0791587311	0.1313955367	-0.1571796016	-0.0211022852	-0.088425669	0.0659571108	-0.085590372	0.0793438868	0.025290105	-0.2648708939	0.0241069097	-0.0728284462	-0.1360427773	0.0568749685	0.0581064262	-0.0060383285	-0.0382114228	0.0212655377	0.0001183136	0.0397811772	-0.0279405242	0.068105485	-0.0792196364	-0.0588146268	-0.0099627295	0.0215540472	-0.1216748212	0.1741498894	-0.0581656795	-0.1060050963	0.0583276243	0.0059240866	0.0	0.0103575	-0.0008358999999999	6.98728809999998e-07	0.00010727780625	0.244484	0.051249	0.059772426256	0.002626460001	0.15949	-0.008225	6.765062500000016e-05	0.0254370601	0.0081525	-0.0002141399999999	6.646325625e-05	4.5855939599999925e-08	-0.000998956	7.9904e-05	9.979130899360002e-07	6.3846492159999995e-09	0.00136014	-4.545000000000005e-05	1.8499808196e-06	2.065702500000004e-09
9879.310254178668	-18.39668920431359	338.4381736801081	97600771.09831978	9930.422983136952	8.234869229352626	67.8130712245387	98613300.6240146	7082.8880405632	-10.64940911904796	50167302.9951532	113.40991458486184	7443.182757841268	10482.407325642382	1.070347	43.617672	0.0831212499999999	0.0532495	0.1189859634	-0.0610882491	-0.0348356873	-0.0661696528	-0.0938364568	-0.0141710807	-0.0093467995	-0.0663433314	-0.0685387186	-0.0830508397	-0.0810640322	-0.0922042403	-0.0433825929	-0.1313595656	-0.0131498655	0.0754967774	-0.002280194	-0.0517288271	0.18914907	0.1247951737	-0.0562844997	0.1922396196	-0.013943972	0.0669983618	0.1626908759	-0.0410655289	0.0822485893	-0.0503695314	0.0373016658	0.0176749464	-0.0227292886	0.1004977474	-0.1307320952	0.0295139441	0.2062630836	0.1588133389	0.0073464108	-0.0697696228	0.0156431238	0.0713780246	-0.0162096587	0.0123105149	0.1350175078	0.02574669	0.0917161973	0.0697703016	0.0268808843	0.1000305231	-0.104632918	0.0576566045	-0.0441177398	-0.0860939652	-0.0215929786	0.0535904406	0.0523548071	0.0394023091	0.032581216	-0.0486739431	-0.1179704771	-0.0636521432	0.055234051	-0.1091597613	0.0207131282	-0.0382686149	-0.0800469904	-0.1614621607	-0.0148399444	0.0463234147	-0.0391916223	0.0281487686	0.098003266	-0.0062366106	0.1020791247	0.0037524209	-0.025524938	0.0142770692	-0.1255962871	-0.1000850801	-0.0385954771	-0.0462849135	0.1157842891	0.0588331206	0.0013831776	0.1192838509	-0.09953664	-0.0002327602	-0.0947080409	-0.1685539947	-0.0310470341	0.111536924	0.0289056311	-0.0539468265	0.0582370287	-0.1135451362	0.0037159419	0.0183415015	-0.0874691669	-0.0984576845	0.0758435362	-0.0371090717	0.0837680132	-0.0049231072	-0.1143276527	0.0021401047	-0.0025097849	0.1063787898	0.0127929467	-0.1187505927	-0.1129489563	0.1017491733	-0.1426229251	-0.0887769484	0.0299658251	-0.0663344498	-0.1170092769	0.1372634244	-0.0215262203	0.0278749777	0.0189604246	-0.0767937026	-0.1113670586	0.1061131283	-0.0349393037	-0.0692172935	-0.0680666697	0.0773361036	0.0268463659	-0.0173585092	0.0594824944	-0.1127267847	0.0232761111	-0.1009929339	0.070746859	0.0485951037	0.0142273539	0.0349502814	-0.0596124044	-0.008350612	0.000266972	-0.0486813982	-0.095593799	0.0009794235	0.1032871732	-0.1126052639	-0.1097473547	0.0267519306	0.0514998169	-0.028376422	0.0495495568	-0.0657216664	0.0699540298	-0.0817292516	-0.0828625222	-0.0203686138	0.0268331125	0.0650994887	-0.1619159779	-0.1019679192	-0.0909366017	0.0581723335	-0.0609131678	-0.004811247	0.0607707649	0.0288816282	0.1304918228	-0.0407135883	0.1288079519	-0.0301976657	-0.1096535191	0.1035968608	-0.1642362008	-0.1291821839	-0.12008366	0.0533266465	0.0086970773	-0.1074968953	0.0634830302	-0.0029628953	0.0	0.0081394499999999	-0.0022180500000001	4.919745802500443e-06	6.625064630249839e-05	0.257199	0.012715	0.066151325601	0.000161671225	0.208613	0.049123	0.002413069129	0.043519383769	0.00837919	0.0002266899999999	7.02108250561e-05	5.1388356099999946e-08	-0.00113153	-0.0001325739999999	1.2803601409e-06	1.7575865475999973e-08	0.0013381	-2.2039999999999864e-05	1.7905116100000002e-06	4.85761599999994e-10
9855.415072419675	-23.895181758993203	570.9797112953215	97129206.24967691	9892.448592809258	-37.97439032769398	1442.0543207600583	97860539.16137388	7077.464605607431	-5.423434955769153	50090505.24362595	29.413646719458757	7440.093848863468	10350.930298553883	1.06735	43.495544	0.03308305	0.018001	-0.1253695932	-0.0301171983	0.0869496398	-0.0061034617	0.0125366501	0.016484504	0.0512000347	-0.0750425551	0.1517607744	0.063880096	-0.0813336462	0.0783180097	-0.06969326	-0.0198388694	-0.0038068618	0.069596139	-0.0518698506	0.193283719	0.0340665639	0.053194758	-0.0053237332	0.1241785229	0.202944678	0.0857150188	-0.0159644635	0.0620791721	-0.085705676	0.1190974958	0.0319754811	-0.0759804443	0.0143601625	0.0034682553	0.0357125371	0.1395032125	-0.0600573433	0.140660353	0.0644224889	-0.106076226	-0.1167077775	0.0706256231	-0.1437765778	-0.0970300988	-0.0623719301	-0.0412020451	0.0469016679	-0.0058107324	-0.0135082147	-0.0183594566	0.0016324465	-0.0430788735	0.0645296519	0.0992069235	-0.0850918564	0.1168399823	-0.0800492972	0.0253368582	0.083380497	0.0571446504	-0.1437572969	-0.0057160632	-0.1221670985	0.0400504323	0.0334685623	0.0746805782	0.0006898813	-0.2064286549	-0.0153003777	0.0554468455	-0.0399245961	-0.0733310564	-0.0650112745	-0.0035129831	0.1108147244	-0.0053484161	0.0586542567	0.0884384174	-0.0701685441	0.0201513317	-0.0192364112	0.0335236245	-0.0668639286	-0.0217112766	-0.1182223087	-0.0283103393	-0.0821079345	0.0573288964	0.0333600449	-0.0722529349	-0.0371645669	0.0296662003	0.0396952864	-0.0287038028	-0.0633976804	0.1121589689	-0.1299792449	0.0498019397	0.0008023459	0.1523228876	-0.0390266753	-0.0850493941	0.060957795	0.0605882034	-0.0890767916	0.1046860503	-0.0946578226	0.0248130221	-0.0711609935	0.0358107316	-0.1192612908	0.0632604552	-0.020219936	0.1135438403	0.0365572437	0.0365776185	0.030265788	0.0311105654	-0.0160128816	0.0060408433	-0.0729224977	-0.1230664006	-0.1201617085	0.0156642705	-0.1082756347	0.0528450305	0.039357746	-0.0275273511	-0.0099190845	0.0080578407	-0.0585281893	-0.1518619535	0.1194906826	0.0749589607	-0.0472037035	-0.0833422963	0.0225456446	0.0526287329	-0.0574197221	-0.0539102738	0.0052378382	0.0092919156	-0.0402489818	-0.041288983	0.085333755	0.0304328594	0.0154789481	0.0160318802	-0.0006787363	-0.1184628305	0.1475871547	-0.0393052218	-0.0096283616	0.0001111672	0.1555680565	0.0588391101	-0.0971570026	0.0250996437	0.0031157936	-0.0680690212	-0.0232934558	0.0069551675	0.0050355636	0.0551827321	0.0986030943	-0.076354125	-0.0433614343	0.1346418271	0.1069278256	-0.101212003	-0.0839849703	0.0956059597	0.1365313123	-0.0346337362	-0.0411493333	-0.0475783725	-0.1304834329	-0.1089268737	0.0684924231	-0.0118345475	0.0	0.010178	0.00203855	4.155686102500404e-06	0.000103591684	0.241765	-0.015434	0.058450315225	0.000238208356	0.204337	-0.004276	1.8284176000000015e-05	0.041753609569	0.00843788	5.869000000000013e-05	7.11978188944e-05	3.4445161000000153e-09	-0.00104485	8.668e-05	1.0917115225e-06	7.5134224e-09	0.00125678	-8.131999999999996e-05	1.5794959684000002e-06	6.612942399999993e-09
9855.31644576637	-0.0986266533054731	0.0097272167422379	97127262.24619308	9909.239752099453	16.791159290194628	281.94303030868934	98193032.46458802	7074.193930656812	-3.2706749506187407	50044219.76854168	10.697314632604902	7440.5354300959	10308.256385743302	1.070392	43.619511	0.0687164	0.0394529	0.1314003257	0.0913213655	0.0364384173	-0.010949665	0.0387948202	-0.0132406313	0.0662393662	-0.1168890324	-0.154605669	0.0691106883	-0.0685371477	-0.0095807105	0.0411090933	0.0344151859	0.0298681841	0.0572892294	-0.0825461465	0.0377150244	-0.0398215834	0.0625236212	-0.0532574859	-0.0620843751	-0.0972070738	0.0090581846	-0.0545742526	-0.1752327361	-0.160162625	0.0069693464	-0.1278112303	0.0376672447	0.0715195105	-0.0576511732	0.0874076312	-0.013715406	0.0284847619	0.0200039552	0.0475528249	0.1080351756	-0.027774565	-0.0488606144	-0.0970432173	0.1274624224	-0.0116248575	-0.0326472462	0.0766325619	0.1764572095	0.1251507535	-0.0198957214	0.0601120354	0.0250895978	0.0474571261	0.0166857829	-0.0002732577	-0.1016004815	-0.0155202	0.0088215314	0.0878776142	-0.039838335	-0.1035074691	-0.0087423911	-0.020525888	-0.0024469665	0.106192866	-0.0077619107	-0.0191741085	-0.0282725489	-0.1297830433	-0.040024619	-0.0037313244	0.0674171765	0.0069389773	-0.0942837622	-0.0663843646	-0.0140611293	-0.0739773289	-0.0305123973	-0.0942448046	0.0049805116	-0.0508178402	0.0653535588	0.0074914348	0.0694650006	0.1324618795	0.023096202	0.0013642064	0.0853691379	0.0183672958	0.0201901542	-0.031559866	0.0439650738	-0.1047289561	-0.1941499319	0.0952652635	0.0290680651	0.0608633756	0.0270734506	0.1409797085	-0.0993777407	0.0816554811	-0.0425691584	0.0725020249	-0.0074753431	0.0019756562	0.057930169	0.0823270269	-0.0297033701	-0.1122557003	-0.0132133975	0.0825358155	0.0105172061	-0.0215150713	-0.0105097215	0.0631220607	-0.045613513	-0.0511026782	-0.0219630731	-0.14481003	0.0251134428	-0.0267499376	0.02425612	0.0173544389	0.1438638092	-0.0719529705	0.098139906	0.0634714816	-0.1159037078	-0.040877468	-0.0368892349	-0.1028433693	-0.0302597233	-0.0655884562	-0.0049342722	-0.0054765798	-0.039525053	-0.0059816839	-0.0446393307	0.0378016092	-0.0857345218	0.0319118845	0.0985835815	0.0561676156	0.0234300041	-0.0479038516	-0.0029093667	0.002668653	-0.1589781051	-0.0580440718	0.0364692391	-0.0213104811	-0.101148795	0.1559984821	0.0917529718	-0.0831292456	-0.0574298071	-0.0115862697	0.0779298951	-0.0720494356	-0.1354141607	0.0533201957	-0.0298571825	-0.0448232551	-0.0212225515	-0.0144860814	-0.134013569	0.0577207538	-0.042279893	-0.0405353555	0.1774882109	-0.0906321014	-0.0968876864	0.013730783	-0.0803819763	0.0200774127	0.0376842724	0.0365232085	-0.1102942093	0.0733442812	-0.0206449699	0.0	0.010551	0.000373	1.3912900000000005e-07	0.0001113236009999	0.226263	-0.015502	0.0511949451689999	0.000240312004	0.184567	-0.0197699999999999	0.0003908528999999	0.034064977489	0.00903626	0.00059838	8.165399478760002e-05	3.5805862440000094e-07	-0.000992712	5.213799999999997e-05	9.85477114944e-07	2.718371043999996e-09	0.00126769	1.0909999999999826e-05	1.6070379361e-06	1.1902809999999622e-10
9851.917253719605	-3.3991920467651653	11.554506570791554	97060273.57413805	9882.439727019177	-26.8000250802761	718.241344303428	97662614.95816684	7077.498448003188	3.3045173463760875	50090984.28148753	10.91983489250046	7440.010930808929	10340.628538981398	1.038175	42.306618	0.11219599	0.0699454	-0.0317825551	-0.1319894239	0.0558258077	-0.1064989382	0.0155183214	0.0062780272	-0.016349174	-0.0613906578	0.0860117092	-0.0940826436	-0.081625277	0.0747303341	-0.0479062613	-0.0084179634	0.0313016199	0.0736575197	-0.0199434983	-0.0829595432	-0.1553468093	0.0447605988	-0.1026771579	0.0274032336	0.0182581854	0.0594119749	-0.1152079376	-0.0580777435	0.0562458821	0.0054096359	0.0621460338	0.1465389622	-0.0188785358	0.0674440907	0.0200083212	0.0946899943	0.0756857977	0.061635376	-0.0082617049	-0.0061706204	0.019630627	-0.0649061975	-0.0228487309	-0.0823962672	-0.0091276258	0.0854908526	0.0599566058	0.0778042817	-0.0086429277	0.0128812594	-0.0525228173	0.0424039657	-0.0232856965	-0.1324675545	0.1280467734	-0.0486973647	0.0162103511	0.1057731238	-0.0644551137	-0.0503637469	-0.0263925679	0.1043108914	0.0202562745	-0.098831629	-0.0223668012	-0.1234622153	0.0080432168	-0.0329466489	0.0038184913	-0.0521051884	-0.0221414541	0.0915009121	0.0348983022	0.0262752767	-0.0315963312	0.0523006209	0.0681512602	0.0304381063	-0.0322370955	0.1037515019	-0.0145645859	0.0350914238	0.1350899149	-0.0953775667	0.1114462501	-0.0593226435	-0.0637090662	-0.0805165854	-0.068481556	0.1834317733	0.1894142029	0.0427620591	-0.0516876141	0.0208453171	-0.0878224107	-0.0458232158	0.014287653	0.0765222407	-0.077271269	0.035999472	-0.0857480003	-0.0886832586	0.0381010677	0.0117838761	-0.0348267543	-0.035265556	0.181717586	0.0705382936	0.0043742516	-0.0828374241	-0.0391927934	0.0600539286	0.0016075175	-0.0122211039	-0.0137291479	0.0012789389	0.0010509992	0.0110675402	0.0842215804	0.0742934501	0.0934729168	0.0162928179	0.0476506968	0.0303787859	-0.0217714263	-0.038238454	0.0892290887	-0.0964626852	-0.0919344588	0.1089377589	0.0181069652	0.0535824215	0.0391219449	0.0497045211	0.0425315665	0.1246424696	0.0378023821	-0.1015037524	-0.0018635212	0.0798618092	-0.1404479004	-0.0621435873	0.033320222	-0.0189088091	-0.0530795289	-0.0355436416	-0.1148610013	-0.140383062	0.1130962712	0.0917110001	-0.1017267104	-0.0334221856	-0.073464477	-0.148331303	0.0171806343	-0.0312121609	-0.0247760721	-0.0301208087	-0.0124194737	-0.0822110584	0.0281614725	0.000402025	-0.0759655894	-0.106900192	-0.0531904064	-0.0498546925	0.050827443	0.000299532	0.1046432982	-0.1938873412	0.0307849614	0.0212853004	0.0477859876	-0.0805549692	0.0226544762	0.0114652371	0.1166299674	-0.1115981158	0.0780274452	-0.0293485786	0.0	0.00810191	-0.0024490899999999	5.998041828099996e-06	6.56409456481e-05	0.288893	0.06263	0.083459165449	0.0039225169	0.203186	0.0186189999999999	0.0003466671609999	0.041284550596	0.00853981	-0.00049645	7.29283548361e-05	2.464626025000007e-07	-0.00103423	-4.151799999999994e-05	1.0696316929e-06	1.7237443239999947e-09	0.0012357	-3.198999999999997e-05	1.5269544899999998e-06	1.023360099999998e-09
9869.163955957158	17.24670223755311	297.4487380708194	97400397.18956392	9916.32405135978	33.88432434060269	1148.1474360191598	98333482.69157642	7094.925544606944	17.427096603755672	50337968.48351613	303.7036960366325	7455.2940149844035	10316.724110770378	1.083415	44.150219	0.1122730899999999	0.0696617	0.0179757694	0.1543899102	-0.0149996866	-0.1146069925	0.0980964747	-0.0049086069	0.0133700475	-0.0395535529	-0.0671288964	0.1836449527	0.028369729	0.0648284308	-0.0982756768	0.0383432632	-0.0636098068	0.0965474545	-0.0224608558	-0.1082746228	-0.0799301687	-0.0108903695	-0.0801803754	-0.1777904811	0.0783408885	-0.0416220913	0.0086849637	0.0402344098	-0.1517010811	0.1234755131	0.0524203651	0.0106981215	-0.013554609	0.0657129456	0.0532356463	0.0707872806	0.1335281233	-0.0295136204	-0.0097765091	0.1707401968	-0.0602483337	0.0235993879	-0.0669451795	0.0758104545	0.0212600902	-0.1024961557	-0.0555601909	0.0848203234	0.0486362848	-0.0720004054	0.0548472542	0.0239672946	0.0003171765	0.0092355258	0.0783275391	0.0130047073	-0.0580166541	-0.1167292458	-0.1808604149	-0.0306408309	0.0571729306	0.064788107	-0.0637513897	-0.1223080631	-0.0603353397	0.1428281167	0.0602087477	-0.0241692336	-0.0293433231	0.0027731835	-0.0493076636	-0.063185481	0.1364687064	0.1546225669	-0.0610730258	0.1060477589	-0.0876454643	-0.0445972238	0.1432534412	0.0293968645	0.027407348	0.032066924	-0.1639653518	-0.0553160133	-0.0192069297	-0.1284378199	0.039868279	0.0572914847	0.0479177786	-0.0293055828	0.0526227879	0.1147150897	-0.1189996419	0.1386494614	-0.0352681685	-0.1247168639	-0.0775645556	-0.0250934201	0.1835149804	0.0241816969	0.0036803313	-0.0655131233	-0.094554947	-0.0092610878	-0.0624796922	0.0735531237	0.1303924204	-0.0060708112	-0.0092361015	0.0629781895	-0.0117068131	-0.0692841587	-0.0412876014	0.0588779145	-0.07722272	0.1154275068	0.0082668515	-0.0229018348	-0.0198568519	-0.0721286077	-0.0078864068	-0.0016338457	0.1068032313	-0.1295718884	0.0225248164	0.0008408694	-0.038169191	0.140982937	-0.0774853517	0.1535972279	0.0524001646	0.0119206526	-0.0530620201	0.0730893179	0.0789173888	-0.0496884611	-0.0390463507	-0.2369741165	0.0508889306	0.1187333846	0.170598801	-0.0006688568	0.0924741541	0.0717832073	0.070592875	0.1460974443	0.053748799	-0.0149623659	-0.1496106201	0.0013865328	0.0902751883	0.1112259137	0.0160429029	0.1667883542	0.0143942306	0.0128453464	-0.018511675	0.0175768051	-0.0900683507	-0.0938083596	0.0961972936	0.0717191547	0.0546723749	-0.0843979729	0.0320823137	-0.1189358353	-0.0144909142	0.0810731433	-0.2053179637	0.0621167941	-0.0051870603	-0.0441976396	-0.0478395863	-0.0163050102	0.1044795935	0.0072385442	-0.2066330176	-0.1128378432	0.0825311435	-0.0379003427	0.0	0.0144003	0.0062983899999999	3.966971659209999e-05	0.0002073686400899	0.228584	-0.060309	0.052250645056	0.003637175481	0.170175	-0.033011	0.001089726121	0.0289595306249999	0.0087122799999999	0.0001724699999999	7.590382279839827e-05	2.9745900899965626e-08	-0.000977626	5.660399999999981e-05	9.55752595876e-07	3.204012815999979e-09	0.00125972	2.402000000000003e-05	1.5868944784e-06	5.769604000000014e-10
9870.007122688778	0.8431667316199309	0.7109301373106367	97417040.6019272	9921.793610240797	5.469558881017292	29.91607435291513	98441988.4442151	7089.024014466782	-5.901530140161412	50254261.47768673	34.82805799523358	7449.368524725371	10398.777235910076	1.102764	44.938705	0.0901814	0.0538523	0.0881112167	-0.1333178322	0.0130214696	-0.0144596316	0.0170174714	-0.028531332	-0.0291261172	0.1441607222	-0.0408354189	-0.1814089353	-0.0170711385	-0.0385175622	0.0615965217	0.0472936794	-0.0244695469	-0.0678051502	0.1297010909	0.0973287047	-0.0285991796	-0.0747760448	-0.0966478684	-0.1384215642	-0.056365852	-0.0606481472	0.033254115	0.0153021746	0.0231970763	0.0747321761	-0.0124142341	0.0110218159	0.0261040241	0.1520272462	0.0871949822	0.1480221399	0.0924012625	-0.0385998967	-0.0016871492	-0.0792196944	-0.0011052748	0.0397500801	-0.0099477264	0.0297702435	0.1300024444	0.0495185547	-0.1081979682	-0.0840180728	0.0786594184	-0.022178827	-0.086633285	0.1076115212	-0.0756243665	0.0605893629	0.0182832813	-0.039174689	0.0419380349	0.0260705469	-0.1114621237	0.0967181235	0.0064717212	-0.1139860197	0.034941594	0.0043973467	-0.0518738139	0.0749528908	-0.0239028453	0.0778322783	0.0991102666	-0.0777958286	-0.0629397908	0.0014670022	-0.0946950927	-0.0347638184	0.044674803	0.001715116	0.1293148275	-0.0394745352	0.0224000735	-0.0241058323	-0.0249370458	-0.0484022065	-0.0334628857	-0.0368188084	0.2068525126	-0.0845804003	0.0708335273	0.0355348737	0.0635260972	-0.1115629066	-0.0710440533	-0.0279677117	0.1625735648	0.0072217293	0.0484902624	-0.0234110691	0.0879497982	0.0601535937	-0.1407143412	-0.1431314415	0.0051742917	0.0370187241	-0.0512686023	0.0299772028	0.1196655281	0.0214615766	-0.0352200277	-0.1055736877	0.0695607165	0.057400379	0.0556840644	-0.137837691	-0.107050496	0.0221289772	-0.0484471469	0.0497968075	-0.1086159593	0.0045760734	0.0934901276	0.0110343848	-0.0007411802	-0.0601915748	0.0168611097	-0.0607990731	0.005634554	-0.1545134691	0.0050068052	0.015442425	-0.0078286142	-0.0211544584	-0.0441737443	-0.0106224046	0.0248286987	0.1421856664	0.0518764607	-0.0413367411	-0.2274540236	0.0071388594	0.1402165139	-0.020750626	0.0297040938	-0.0165942407	-0.0512804248	-0.0520944849	-0.024304602	0.012170351	0.0797907753	-0.0619184153	0.0441680902	-0.0874441309	0.1341143127	-0.015619105	-0.08673697	-0.0685574865	-0.1190785888	-0.0522142625	-0.1072142433	-0.0682734902	0.0691503956	0.0433502298	-0.1164729687	-0.0221384793	0.0926872586	-0.1119521238	-0.0366816974	-0.0593040973	0.1210041109	-0.1143381023	0.0207334727	0.0157349726	-0.0443993296	0.0593981305	0.0724915804	0.0601173783	-0.0704904053	-0.039814891	0.0646592647	-0.1140126786	0.0868450175	-0.0462560168	0.0	0.0107386	-0.0036617	1.3408046890000003e-05	0.0001153175299599	0.276249	0.047665	0.076313510001	0.002271952225	0.186965	0.01679	0.0002819040999999	0.034955911225	0.0083842599999999	-0.00032802	7.029581574759833e-05	1.0759712040000005e-07	-0.00102199	-4.436399999999986e-05	1.0444635601e-06	1.968164495999988e-09	0.00132863	6.890999999999993e-05	1.7652576768999997e-06	4.748588099999991e-09
9859.008676483756	-10.998446205021535	120.96581892475264	97200052.082982	9904.248726318228	-17.54488392256826	307.82295185639424	98094142.83277623	7094.11779264446	5.09377817767745	50326507.2559147	25.946576123383004	7453.641605453852	10373.422068300988	1.10317	44.955254	0.0800136389999999	0.0402856	-0.1362188776	0.0574288803	0.0793204231	-0.001165334	-0.0133827104	-0.035805845	-0.0383894098	-0.0996676433	0.1377465312	0.0993541497	-0.0414992098	-0.0671674025	0.0677515712	-0.0255617907	0.0440278506	-0.0224506686	-0.0971357441	-0.0902385174	0.1816863332	0.0136396602	-0.003291567	0.0044263195	-0.005987432	0.1145416974	-0.0117440055	-0.068218383	-0.0520872051	0.1350840949	0.0581029769	0.0513980687	-0.0081584275	0.1203846098	0.042924581	-0.0088713915	0.1385540756	-0.0334721818	-0.0997517759	-0.0277813	-0.0449652784	-0.1435074609	-0.1090960078	-0.0195131191	0.0292032565	0.118465365	-0.0168785923	0.0517233881	-0.0617630266	-0.0570080577	-0.0241916972	-0.1161035865	0.0477735095	0.1274919291	-0.0484065012	-0.1917324058	0.0130025585	0.0368674995	-0.1590576667	0.0157327513	-0.0157468688	-0.0917996185	-0.0188309988	-0.0847904272	0.0827826605	-0.0930941032	0.0398796051	0.0732298278	0.0712815748	0.0363649697	0.0674609091	0.0737790722	0.1049137688	-0.0415995464	0.0150202535	0.1299102709	0.035473959	0.066737337	0.0821299943	-0.0709875728	0.0177595612	-2.23346e-05	-0.0680953229	-0.0173185633	0.0258378136	-0.0029498627	0.0775533428	-0.1956245903	0.1145536314	0.0234538784	0.0706416308	0.1294720874	-0.0205030014	-0.0303525723	-0.0127516565	-0.0109754689	-0.0570647891	0.0630684331	-0.0361952325	0.144141851	0.0923187578	0.0450168443	0.0078310881	-0.0948305691	0.0257715844	-0.0760714826	0.0716733444	0.073932722	-0.0741312185	-0.0789319458	0.1382492127	0.0860565318	-0.1229187663	0.0006671359	-0.1742255513	0.0360960166	-0.016561507	-0.0185809408	-0.0328187191	0.0057187715	-0.1386173519	0.0178476757	0.1046287185	-0.0700983918	0.0997460964	0.0339172704	0.003672879	-0.1142426637	0.0925038893	-0.0348684906	-0.0673003334	0.1354304282	0.1267649184	0.0129247786	0.1213894768	0.1095314178	-0.0413966952	-0.0499681865	0.0027128388	0.0154927308	-0.0087015618	-0.0480030358	-0.0040122588	-0.0884707857	-0.0315952126	0.108435608	0.0184283706	0.0151188377	0.034540413	-0.0280908325	0.001947052	0.0953265339	0.100049914	-0.0572945545	0.1032652247	-0.0124817533	0.1376626634	-0.0379103934	0.0252766186	-0.1337062793	0.0188421644	0.1063458834	-0.0922272548	-0.0308885881	0.1178801387	-0.0202951992	0.051878169	-0.0401682066	0.0936499554	0.0469136533	-0.1592208806	-0.0839274143	0.1036125657	-0.0014018208	-0.0090003855	0.1006603166	-0.0900570173	-0.1151219464	0.0909591452	-0.0543723701	0.0	0.000192961	-0.0105456389999999	0.0001112105019183	3.7233947521000014e-08	0.276311	6.199999999995098e-05	0.0763477687209999	3.843999999993922e-09	0.213947	0.026982	0.000728028324	0.045773318809	0.0087973	0.00041304	7.739248728999998e-05	1.7060204160008165e-07	-0.00129073	-0.0002687399999999	1.6659839328999998e-06	7.222118759999998e-08	0.00116193	-0.0001666999999999	1.3500813249e-06	2.7788889999999963e-08
9850.156051615706	-8.852624868050043	78.36896705441804	97025574.24118152	9902.777101717784	-1.4716246004445566	2.1656789646336008	98064994.32630607	7072.240225048354	-21.87756759610602	50016581.80079199	478.6279639221881	7435.193546699311	10263.2612181586	1.056098	43.037029	0.061025849	0.0312242	0.0995550971	0.0223476797	0.0828948587	-0.0097396344	-0.0581960883	-0.0399792405	0.1364026034	-0.0217782129	-0.0798236251	0.0416021234	-0.1218055896	0.0499269443	-0.0280599366	-0.1003390207	-0.1140700727	0.0744807187	-0.0277324746	0.1964170436	0.0353901904	-0.0376087544	0.0136745182	0.0165997609	0.0089424587	-0.024093055	-0.076800592	-0.0482506375	0.0282174443	-0.1020804792	-0.0537140353	0.074129704	-0.018342096	0.0162023715	0.0365200832	-0.1077852119	0.0729287077	0.0573090281	-0.0026949417	0.0068677682	-0.2401806469	0.1759376024	-0.0047124575	-0.0306741951	-0.0253792681	-0.038229986	0.1542525145	-0.0283120549	0.1387072027	0.0086012837	0.0436149623	-0.0712138787	0.1122789142	0.0651040316	-0.1401725425	0.1463862178	-0.028154817	-0.0912996419	-0.0566584274	-0.112653813	-0.025079783	-0.0017343954	0.0101907212	0.103854687	0.0060952828	-0.0370127125	0.1117691059	-0.0496260897	-0.0565228862	-0.0238167506	0.0067230299	-0.0231182288	-0.0416756773	-0.020021874	0.0832946249	-0.0042913882	-0.0009342784	0.0551125796	-0.0090645758	0.0893458189	-0.0479074517	0.1345099911	0.0590883424	-0.0639234565	-0.0483658435	0.0359999531	-0.0758028512	-0.027797334	-0.030128157	-0.0526542528	-0.0329397419	0.0642154957	-0.0789471338	-0.0886137446	-0.0026501639	-0.0882151664	0.1414004981	-0.0135800145	0.0175687483	-0.0214962928	0.0350901719	-0.1121317978	0.053544418	0.0702100125	-0.1402318719	0.0918572767	-0.1571821057	-0.0544301059	-0.2003726322	0.0224016463	-0.0450168578	-0.0326324046	0.0508563785	0.0274107278	0.0305488456	-0.0694627102	0.0063227959	0.1265626493	-0.0310651545	0.0352267259	0.0703979031	0.0191492641	-0.0135292594	-0.0641234319	0.0613553196	0.0329786625	-0.0349240303	-0.0970099853	-0.0386230032	-0.1063155392	-0.0415848915	0.0333983353	0.0127725489	0.038637632	-0.0231194335	0.0284063674	0.1497208591	-0.0169761596	0.0185939305	0.0090415753	-0.1267597086	-0.0213168594	0.000790204	0.1037214312	0.0160156476	0.0228075725	-0.0020126841	0.0304573715	-0.0167813717	-0.0027070145	0.0427617536	-0.0233647796	0.0894880286	0.0552240156	0.0244952298	-0.0519240632	-0.0595148271	0.1705552646	-0.0577961785	-0.0172073269	-0.0001986522	-0.0792952276	0.0983720573	0.0225592245	0.0557399215	-0.060611174	-0.0449780228	-0.0133703733	-0.0013665976	-0.0049822801	-0.0125051781	-0.0426318686	0.08080884	-0.1401868551	-0.0182954516	-5.065e-07	-0.0014741126	-0.1161650086	0.094864064	-0.0622074098	0.0	0.00797131	0.007778349	6.050271316580101e-05	6.354178311610001e-05	0.265005	-0.0113059999999999	0.0702276500249999	0.0001278256359999	0.188986	-0.024961	0.000623051521	0.0357157081959999	0.00898426	0.00018696	8.071692774760002e-05	3.495404160000061e-08	-0.00117031	0.0001204199999999	1.3696254960999998e-06	1.4500976399999998e-08	0.0011297	-3.223000000000006e-05	1.27622209e-06	1.038772900000004e-09
9873.75689022732	23.600838611613653	556.9995831714339	97491075.12731148	9940.191612843571	37.41451112578761	1399.845642781685	98807409.30004568	7076.069466411681	3.829241363327128	50070759.09348369	14.663089418615405	7441.397727796945	10295.10394036907	1.001782	40.823589	0.05514199	0.0261121	-0.0926203819	0.0214900568	0.0284874845	-0.0115414791	0.0507984447	0.0361601458	0.1681722446	0.038251167	0.0304321834	0.0124614226	0.0405525422	0.0975556443	0.1492270694	0.0493724229	0.1565013209	0.0039922167	-0.0074712783	0.0927414925	0.005915889	0.0950532485	-0.0099165547	-0.0272441166	-0.0369983196	0.0171117676	0.0013474487	0.0107504487	0.0363602843	-0.0198680022	-0.0506675412	-0.0331414208	-0.034763538	0.0585802647	0.1451710524	0.0507024863	-0.0494815042	0.0126499405	-0.0225209099	-0.047405922	-0.1923673436	0.0715337916	-0.0113838077	-0.021451185	-0.0651945546	-0.0389978439	-0.0550977491	0.0137253275	-0.0334901807	0.1314748227	0.0087245623	0.0498339444	-0.0636968717	-0.1199429468	0.0400925418	-0.0886663842	-0.1059992455	-0.0516014137	0.1086079841	0.159512772	-0.0695464393	0.0532743499	-0.055053216	-0.021981882	0.019185543	-0.1136201219	0.075876855	-0.049975619	0.177719986	-0.0321136808	-0.1440684456	0.0576307341	-0.0152512179	-0.0630044383	0.0148145616	-0.1172552397	0.0540042261	0.0087723909	0.0028732496	-0.0348587876	0.0529250809	-0.0512587091	-0.0334169598	-0.1995678704	0.0624117016	0.0774729506	-0.0202852986	0.0658568874	-0.0996691182	0.0089900198	-0.1800568023	0.0563881903	0.0848948185	0.0337144662	0.1568304655	0.046623131	0.0692129312	-0.0138805787	0.0415205672	-0.0282623202	-0.094741373	0.1232108665	0.1393055929	0.0475048987	0.1164430521	0.024214655	0.0144285775	0.0143775521	0.0364539012	-0.0367096131	-0.1126548752	0.0023166177	0.0333058475	-0.0222018807	0.0024929951	0.040603475	-0.142417384	-0.1222795528	-0.0342663517	0.1451502197	-0.0505797051	-0.1211058111	-0.2221648116	-0.0968151056	-0.0341024737	0.0705024535	0.0221293393	-0.0342195982	0.0918812848	0.0737516742	-0.0215474144	-0.0037742874	-0.0885168838	0.0128532415	-0.0565346878	0.0130993696	-0.0139197294	0.057197021	0.0388549687	-0.0406124662	-0.0682127384	0.0129309832	-0.0913115574	0.1007346595	-0.0309458554	-0.0002812484	0.1292059267	0.0260455728	0.1260773728	0.1093253358	0.0364587633	0.0633196397	-0.0257904372	0.0250403847	0.0584592085	-0.0003244114	-0.0010468614	-0.0923510232	0.0865956299	-0.0899045025	-0.0160339388	-0.0910453926	0.0092813881	-0.0667616435	0.0572098414	0.0094512036	-0.0591692647	-0.0614561731	-0.0386259515	0.0008529025	-0.097457066	-0.0140012305	0.1211657352	-0.0212048081	0.1418803246	-0.0211853008	-0.0873436362	-0.1171412655	0.0985507924	-0.0697205988	0.0	-0.00261918	-0.01059049	0.0001121584784401	6.8601038724000006e-06	0.257435	-0.0075699999999999	0.066272779225	5.730489999999948e-05	0.177016	-0.0119699999999999	0.0001432808999999	0.031334664256	0.00861609	-0.00036817	7.42370068881e-05	1.3554914890000072e-07	-0.00127688	-0.00010657	1.6304225344e-06	1.1357164900000012e-08	0.00110421	-2.548999999999997e-05	1.2192797241e-06	6.497400999999987e-10
9883.085228372738	9.328338145418456	87.01789255526904	97675373.63127942	9943.091364061189	2.8997512176174496	8.408557124073882	98865065.8740682	7078.243896105377	2.1744296936958563	50101536.65275303	4.728144492826256	7441.111830417687	10474.621956672843	0.989247	40.312782	0.0588729699999999	0.0362565	0.0876120578	0.0179893764	-0.0592948025	0.0666686268	-0.0820369006	-0.0522337763	0.1260285368	-0.0926496118	-0.1164321167	-0.0518725135	0.0820140873	0.0183999354	0.0859610903	-0.0727439478	0.0019656391	-0.0244456809	-0.1946568921	-0.0221098007	0.0267185447	0.0021123703	-0.0142776904	0.0767039525	-0.0613622966	0.0330472979	0.004252738	0.0282163384	0.1216868873	-0.1354777474	-0.1294024057	-0.0138362586	-0.1176742299	-0.0881674583	0.0925893181	0.0168814718	0.0581422016	-0.0115082991	-0.0451843488	-0.0331869337	0.0876218456	0.1578051531	0.031591443	0.0096001552	-0.01201424	0.0366769272	0.0551473432	0.112318878	0.0351208839	0.0613006739	0.0443085862	0.0056872303	-0.0010231298	-0.0315374826	-0.0504420526	0.1133361864	0.0830344384	0.0078849283	0.0821435168	-0.0754969145	0.0669101022	-0.0035750058	0.0819704068	0.0054196123	0.013335304	-0.0065381957	-0.0615355887	-0.0434701245	0.0234308494	0.0719766108	0.0632343275	-0.0056996043	0.1024387424	0.0016526763	-0.1794609725	-0.0791462834	-0.0307418974	0.0659429223	0.0012287378	0.0498153781	-0.0907791207	-0.041705043	-0.2459020517	-0.1062096727	0.0303340986	-0.1149286112	0.0607412261	-0.0269858817	-0.0297503086	0.0532116316	-0.0517970455	-0.0078726908	0.0505287138	-0.1450951995	0.0537800909	0.0299777189	-0.124968365	0.0388557084	0.0300064575	-0.1295671953	-0.0387589317	0.0356443199	0.0508149255	-0.1185818932	-0.0439349727	-0.0493278556	0.0377365411	-0.0650327373	-0.1293477186	-0.0514229733	-0.101680171	-0.0305756821	0.0246496455	0.0563893134	-0.0237473864	-0.1203966746	-0.0216455415	-0.0224329887	-0.0793421557	-0.059790819	-0.0559319637	0.0408407827	-0.0451250828	0.0634336228	-0.0354285471	-0.0578196232	0.004975291	0.0162156122	0.0085287817	-0.0219311439	0.0452226901	-0.08883465	0.0005682958	-0.0498303323	0.0886008275	0.106716142	0.0041515546	0.0859107894	0.0649410386	0.0391871818	0.0164726706	0.1626138914	0.1856490605	0.0192471561	0.0439057753	0.0391182352	0.1706475286	-0.0038050902	-0.063903017	0.0361253725	-0.0238836505	-0.1210089405	0.0034306253	-0.0486435306	-0.0892078489	-0.0334743897	0.1248184449	-0.0043327369	-0.0740261276	-0.0609005842	-0.0307286323	-0.0809573523	0.0072566083	0.0326003218	-0.0174077445	0.0773819906	0.0114426134	-0.2079603566	-0.0016605942	0.0365060141	0.0017085533	0.1084654175	0.1271469386	-0.0434671128	0.0639458953	0.0345078456	0.0813585353	-0.1180501554	0.1020108508	-0.0768730652	0.0	-0.00226221	0.0003569699999999	1.274275808999999e-07	5.117594084100001e-06	0.289059	0.0316239999999999	0.083555105481	0.0010000773759999	0.190513	0.0134969999999999	0.0001821690089999	0.0362952031689999	0.00840923	-0.0002068599999999	7.071514919290001e-05	4.2791059599999876e-08	-0.00126942	7.459999999999932e-06	1.6114271364000002e-06	5.565159999999899e-11	0.00115779	5.3579999999999904e-05	1.3404776840999995e-06	2.870816399999989e-09
9877.139534884314	-5.945693488423785	35.351271058285	97557885.39157473	9900.152137349882	-42.93922671130713	1843.777190565032	98013012.34267344	7088.958549219383	10.714653114006069	50253333.312550575	114.80379135347997	7445.674165966308	10432.507492985138	1.034832	42.170383	0.05050419	0.0351404	-0.1044159374	-0.0710638102	0.023751522	0.084657558	-0.018902452	0.0802933405	0.0614481216	-0.1159558378	0.1547131917	-0.0038121176	-0.0132780613	0.0621246492	-0.0915366975	-0.0727117193	0.0095628222	-0.0507429021	-0.1357008142	0.1654174024	0.0100378181	0.0571674669	-0.1206893646	-0.0739093155	0.1170818321	-0.0131477409	0.0345150755	0.1240497008	0.061854847	0.016021213	-0.0355135973	-0.0656282572	-0.1347008783	-0.1008859484	0.0117707943	-0.0862013456	-0.1121615186	0.0349958579	-0.0879920569	0.0357006693	-0.0831840235	0.0731567748	-0.0303082975	-0.0595858315	-0.0099330743	-0.0080952363	-0.0756304084	0.085589175	0.0690911043	-0.0896755861	-0.0933079314	-0.0389935677	-0.0069024978	0.0161611919	0.0225198878	0.0239846135	0.0547375609	-0.0454486849	0.0656142921	0.0113964541	-0.0137843326	-0.0923907881	0.106983745	0.091739125	0.0320809807	-0.0766560979	0.0658834037	-0.1780069918	0.033498034	-0.035428586	-0.1063724266	-0.1302293725	0.0823163431	0.0064681713	-0.0948015278	-0.1824735937	-0.0589934507	0.1745618299	0.0960266772	0.1471959659	-0.0861508947	0.0222660566	0.0984541191	0.0271012625	-0.0204920498	0.0671444429	-0.0301843571	0.0524784464	-0.0213104426	0.0352106222	0.0412510895	-0.194763043	0.0678318016	0.0818717137	-0.0492943588	0.0553079657	-0.0341228464	-0.1871280343	-0.0734456224	0.1213732192	-0.0823597329	-0.0967158057	0.0292215311	-0.1333035855	0.0881759193	0.1150678702	-0.0303596479	-0.0603920785	-0.0565089993	0.131584983	-0.0328465465	-0.0044306617	0.0276786482	0.1068892517	0.0022089768	0.0207766024	-0.0522789233	-0.03085513	0.1169908525	0.0065085488	-0.0651286252	-0.1260756616	-0.0711965218	0.0738139272	0.1197756598	0.0094091166	-0.0831513905	0.0012369155	-0.0485212876	0.1048495551	-0.0369470426	-0.1411190048	0.0063045599	-0.1201206375	0.0564143055	-0.0359367325	0.0890438154	-0.0695873298	-0.1969785632	0.0650147551	0.0288573017	0.0596852729	0.0550196482	-0.0295817218	0.0898624243	-0.076018019	0.0993426458	0.0709764133	-0.0209904365	-0.0239051793	-0.0892690093	-0.0752647656	-0.1522033616	-0.0168573771	0.1561163082	0.041143467	-0.0932130272	0.0404463478	-0.0352804906	-0.0437389212	0.0230110936	-0.0261786717	-0.0287304692	0.0804396677	0.0031698962	0.0991085036	-0.1335702689	0.0754297066	-0.003027407	-0.1861074493	-0.101260614	0.167511241	0.1806619103	-0.028567344	-0.0224189447	-0.1306404647	-0.0489876814	-0.1188911558	0.1052362809	-0.0836278032	0.0	-0.0057914	-0.00352919	1.24551820561e-05	3.354031396000001e-05	0.255115	-0.033944	0.0650836632249999	0.001152195136	0.186768	-0.0037449999999999	1.4025024999999989e-05	0.034882285824	0.00856339	0.00015416	7.333164829210001e-05	2.3765305600000125e-08	-0.00125415	1.5269999999999954e-05	1.5728922225000003e-06	2.331728999999986e-10	0.00117408	1.6290000000000185e-05	1.3784638464000002e-06	2.65364100000006e-10
9865.060032061789	-12.079502822525685	145.91438843940594	97319409.43618296	9900.221647433202	0.0695100833199831	0.0048316516831509	98014388.66830498	7079.173551522373	-9.784997697010112	50114698.17257389	95.7461799304932	7443.214910968939	10362.785578904522	1.046891	42.661819	0.03161069	0.0191179	0.084023766	0.10978864	-0.0027267824	0.1477459305	0.0163930566	-0.0245417664	0.0344583728	-0.0927179201	-0.0952202337	0.098377458	-0.0451502311	-0.0478367038	0.0014691632	0.0199545626	-0.0443261594	-0.0928778262	-0.1693425276	0.1043460702	-0.0769879692	0.121466229	0.0137201765	-0.02871926	-0.0244927759	0.0042273209	-0.0608410222	-0.0349486652	-0.1203776702	0.0474400585	-0.085610231	-0.0719438873	-0.1102648474	-0.0296214639	0.1027886345	0.064498225	-0.1182410465	0.0034029882	-0.0589346061	0.1238271166	-0.0436201078	-0.0746979505	0.1340929376	0.1764980717	0.053894439	-0.0002943924	0.0227661064	0.0108669603	-0.0500979105	-0.0107305108	0.0251113248	-0.057344506	-0.0188260994	-0.0783059411	-0.0402321175	0.0241603982	-0.0554906034	0.1524860781	0.0786357075	0.1205254988	-0.0637338212	0.0493781089	0.0041888149	-0.0249099766	0.0655507892	-0.0096570958	0.0230162488	0.0044725111	-0.0161930526	0.1687507355	-0.0935983767	-0.0064251166	0.0465146277	0.0251581859	0.0240613185	-0.0781259243	-0.0573339933	-0.158136534	0.030239297	-0.1659972537	0.0475348049	-0.2443595113	-0.0386236625	0.105308217	0.0442959872	0.019805369	0.0031595444	-0.0347070279	0.0105330991	-0.0681202704	-0.1983976916	0.101458907	-0.0200993237	-0.0217601795	-0.0503258723	0.0760604127	0.0658217703	-0.0131783329	0.0718259194	-0.0405609181	0.126782545	-0.0605978262	-0.0448595285	-0.0294670044	0.0190586163	0.0287636952	0.0347543593	0.032684937	-0.0451121387	-0.0458098698	0.0187030445	-0.044374279	0.0243870272	-0.0428505443	0.0825284113	-0.0146766747	0.0975430479	-0.061339365	0.0884903316	0.1030182756	-0.1056896788	-0.0727875527	-0.1360174462	0.0702955691	-0.1048765664	0.0358922335	0.1004743668	0.01227083	0.1463895775	0.060303859	0.1622596182	-0.0197238695	-0.0863977403	-0.0687882244	-0.0772785935	0.0763864507	-0.0500947254	-0.0129876171	0.0496927742	-0.0582730445	0.1132918736	0.1475023741	-0.0008612503	0.0069013028	-0.0563603668	-0.050103828	-0.0528395374	0.0574505771	0.007090151	0.0546549157	0.0756236703	0.160681068	0.0696136541	0.0765882316	-0.0859558337	-0.0577323783	0.066472211	0.0365913409	0.0159843276	-0.0486381736	0.071842928	-0.0722976591	-0.029162816	0.0510888214	-0.0794138369	0.0187972724	-0.0425505259	-0.0681103884	-0.0766651782	0.1446036519	-0.1249924977	0.0325496412	0.0228269379	-0.0724865333	0.1273860044	0.0014138616	-0.0469889636	-0.119663783	0.1082196643	-0.0899498651	0.0	-0.00372571	0.00206569	4.267075176100001e-06	1.38809150041e-05	0.23773	-0.0173849999999999	0.0565155529	0.0003022382249999	0.184628	-0.00214	4.579600000000013e-06	0.0340874983839999	0.00862589	6.250000000000006e-05	7.440597829210002e-05	3.906250000000007e-09	-0.00120378	5.03700000000001e-05	1.4490862884e-06	2.5371369000000104e-09	0.00108655	-8.753000000000016e-05	1.1805909025e-06	7.661500900000027e-09
9869.090597187553	4.030565125764042	16.245455233025307	97398949.21549577	9904.54079224024	4.319144807037446	18.65501186415854	98099928.30515093	7085.694496764478	6.520945242104972	50207066.5014784	42.52272685053147	7447.239488904894	10366.094459659804	1.023058	41.690586	0.12855733	0.0760232	-0.0111064621	-0.1268771106	0.0445364694	0.0881095914	-0.014343426	0.0497291596	0.0270128104	-0.0128810274	0.0677088029	-0.1039969913	-0.0949729675	0.0887413135	0.0010319039	-0.0131711297	-0.0452788054	-0.0893062956	-0.027298437	-0.0501849803	-0.1202642719	0.1030592139	-0.0119845627	0.0766819745	-0.0721664749	-0.1303390364	-0.1256655618	-0.1415012838	0.1428768448	-0.1167472303	-0.1438009278	0.0838512919	0.0171319047	-0.023777596	-0.0152112677	0.0431972225	0.0440622237	0.0636901989	-0.0651906684	-0.0207814194	0.0185311342	-0.0942569947	-0.0168016305	-0.1267505008	0.0492688509	0.0506634696	-0.1390199124	0.0693769503	0.1173257303	0.0391663212	0.0236844931	-0.0417491546	0.0534933835	-0.133565155	-0.0183250646	-0.0123087077	0.0677715688	-0.0299977885	0.1255462182	-0.1186846861	-0.0270772378	-0.065219757	-0.1051754959	-0.0709830514	0.1094777838	-0.018272441	-0.103457469	0.1380857391	-0.0279263246	0.0527129038	-0.0976717562	-0.1386126386	-0.1137766138	0.0012804581	-0.0059556145	0.1011173317	0.0874628378	-0.0350158443	-0.0554970773	0.0940425004	-0.0191388787	-0.0183179435	-0.1968470596	0.023341413	-0.0353317292	-0.0718721783	-0.0074931903	0.0968782414	-0.2443383747	0.0945347754	-0.0551352347	-0.0388916548	-0.1864829729	-0.0034033388	0.1294148934	0.0833301084	0.1756561546	0.1266978525	-0.1096411438	0.0324618611	-0.1058176924	-0.0601697746	-0.0354468605	0.0325612185	0.0011560813	0.0674264664	0.1979872287	-0.0270005388	0.0608294839	-0.1289533305	-0.0444290521	0.0429334152	0.1119524939	-0.1320216907	0.0271388541	-0.0938807557	0.0254854117	0.0849991688	-0.0775491166	0.0279522325	0.0824815729	-0.13586851	0.0631365166	-0.0031957765	0.0308397534	0.022021041	0.0408627687	0.0093487141	0.0842333861	-0.0341334495	-0.041154148	-0.0225652266	-0.0185851687	0.0133084692	-0.1515965209	-0.0226168502	0.0106232889	0.1816977933	0.061625355	-0.0098751962	0.1419566813	-0.0307320452	0.2833363876	0.1565479559	-0.1409203304	0.0480071117	-0.0931825164	-0.0072329249	0.0628616127	0.1672858074	0.0120227187	-0.0538717034	-0.0104887879	-0.1591167792	0.0367395658	-0.0457989512	0.0097383853	0.0472347257	0.0831965455	0.0528854351	0.0644852211	-0.0533664507	-0.0671033982	-0.0216800019	-0.1285125017	0.0657558851	0.004474078	-0.0967849391	0.1240729405	-0.0447217161	0.0976977574	0.0119140553	0.1049354745	-0.1979768634	0.0946719017	-0.114290894	0.0699068372	-0.1203675927	0.1109541389	-0.0958065414	0.0	-0.00531294	-0.00158723	2.5192990729000007e-06	2.82273314436e-05	0.302774	0.0650439999999999	0.091672095076	0.0042307219359999	0.220867	0.036239	0.001313265121	0.048782231689	0.00846476	-0.00016113	7.165216185759999e-05	2.5962876900000213e-08	-0.000974928	0.0002288519999999	9.50484605184e-07	5.2373237904e-08	0.00121031	0.00012376	1.4648502961e-06	1.5316537600000025e-08
9885.051316722784	15.960719535230965	254.74456808230332	97714239.53424284	9945.480475183906	40.93968294366641	1676.0576395279306	98912581.88226429	7077.971360933703	-7.723135830774481	50097678.5861977	59.64682706059264	7443.057984926724	10422.5457616543	1.048258	42.717503	0.12515445	0.0752853	-0.0563500472	0.1307787732	-0.0826691002	0.0235572778	0.0371731398	0.0059579917	8.68524e-05	0.1230038545	-0.0102684065	0.1441447412	0.1185574008	0.0644232142	-0.0129163667	0.0319173492	-0.0696178145	-0.0450146174	0.0716072609	-0.0987900626	-0.0576599071	0.0128723734	-0.0046968854	-0.0145923806	0.1952482343	-0.1296463947	-0.0164943978	-0.0797510189	-0.0173424252	0.0230540103	-0.0177866591	0.0114615187	-0.0719034088	0.0442169619	-0.0401211204	-0.0297553225	-0.0950392013	-0.020691498	-0.0032592442	0.0267962483	0.0697355639	-0.0143107694	0.0393740423	0.0491282219	-0.0889053247	-0.1448932727	-0.043504519	0.0423745852	-0.0950488724	-0.0013235144	0.025484664	-0.0433591021	0.0584576599	0.0566746159	0.0064170687	0.0402360172	-0.0150892908	0.071087924	-0.0069940186	0.0034154904	0.0511849264	0.0464049535	-0.0172426775	0.0084283527	-0.0884838619	-0.0517937321	0.1223740621	-0.0507162332	-0.0561058649	0.0785979381	-0.006067716	0.0591767102	-0.0821118953	-0.0190827151	-0.1313755768	-0.002621083	0.052650457	-0.1586580258	-0.0637220811	0.0525344825	-0.0670862016	0.1426926359	0.140467204	-0.0620446704	0.129002534	-0.0823815096	-0.0547907019	-0.0571997632	-0.0339305827	-0.0991780569	0.07823736	0.0956241778	0.1225968704	-0.0202330696	-0.088647872	0.0193836724	-0.1306796619	-0.0203372482	0.1826352106	0.0517045469	-0.0553269918	0.0301693076	-0.0875026919	-0.0340245959	-0.0119343598	0.006103843	0.0348754353	0.0450903483	0.051739912	0.0785345187	0.0620659192	0.0055028564	0.0649470262	0.0690045025	-0.0264768599	-0.0126724218	0.1170738894	0.047408848	0.0380553363	-0.0262582518	0.0263538961	0.071755354	-0.0217750819	-0.0365608122	-0.0607969717	0.094404575	0.072245056	-0.0659969162	-0.0698040635	-0.0810816208	0.0332717544	-0.108799454	-0.050910013	0.0707213273	-0.0642620671	0.06201999	-0.0276800362	-0.1011715991	0.0507007051	-0.0631180619	-0.0797677532	-0.0854571856	-0.0049036868	-0.0209974572	0.1418405355	-0.0561985055	-0.0551556518	0.026359612	0.0871078674	0.0448543626	-0.032365828	0.0535761023	-0.178815248	0.1253055173	0.027357001	0.019566992	0.0576733499	-0.0223068954	0.0698482488	0.0389962533	0.0080132971	0.0613742293	0.0715109392	0.0002135314	-0.0628734927	0.0699365371	-0.0947520367	0.1113571467	-0.1288493604	0.0557024559	-0.0237106036	0.1143037488	-0.1043478987	-0.1099461426	0.1395005621	0.0427746195	-0.0124864002	-0.1210021801	0.1134334155	-0.1011675308	0.0	-0.00847529	-0.0031623499999999	1.0000457522499998e-05	7.18305405841e-05	0.235834	-0.06694	0.0556176755559999	0.0044809636	0.18969	-0.031177	0.000972005329	0.0359822961	0.00866445	0.00019969	7.50726938025e-05	3.9876096100000256e-08	-0.00117243	-0.0001975019999999	1.3745921048999997e-06	3.900704000399996e-08	0.00113	-8.03100000000001e-05	1.2768999999999998e-06	6.449696100000016e-09
9878.959455847622	-6.0918608751617285	37.11076892232622	97593839.93028116	9906.580156752323	-38.90031843158249	1513.2347740785165	98140330.40215889	7081.562754027529	3.5913930938259	50148531.03922996	12.89810435438037	7431.689787473081	10502.407722736516	1.018366	41.499409	0.1342511	0.0901172	0.0638007015	-0.1014400805	-0.069424387	0.0041345557	0.0018683911	-0.0143719603	-0.0462456045	0.0702629676	-0.0196595533	-0.1475307207	-0.0005962901	-0.0835066603	0.052491214	0.0334546299	-0.0106609964	-0.0495564409	0.076474069	-0.0112474	0.0828819748	-0.0051106024	-0.1318461163	-0.1262225222	-0.0584860639	-0.1092936249	-0.0556084737	-0.0276817882	-0.0171013344	-0.0439385456	-0.0746621944	-0.0517385484	0.0009039055	-0.0268819367	-0.1585335091	0.1454104995	0.0023615537	-0.033047616	-0.0049466589	-0.1311827874	0.1875432389	0.0369966286	-0.1296419446	-0.0424729961	0.0838150827	0.0582726845	-0.0309204876	-0.0905900599	-0.0048179501	0.0707130643	-0.0368218782	0.0665659528	0.0778427318	0.0934769873	0.0596982861	-0.0580096305	-0.0094553246	-0.0751939293	-0.1076320947	0.0274664248	0.0622818876	0.095786951	0.0570048649	0.0932842705	0.0525310373	0.0513863513	0.032462853	0.1342274225	-0.0424532987	-0.0622591625	0.0269555673	0.0054060421	-0.0743932614	-0.1394408224	-0.0156224578	-0.0389351318	-0.0585728548	-0.1446733776	-0.0191303423	-0.1811735882	0.0842693599	-0.0200655872	-0.0017911515	0.1666594692	-0.0668049262	-0.0150940296	-0.0960128654	-0.1442377116	-0.0832593678	-0.179032974	-0.0457576463	0.0354478463	0.1297232376	0.0493237681	-0.0536264047	-0.0037109408	-0.092927497	0.0152815711	-0.1537466224	-0.0920354833	-0.0076456311	0.1352775831	-0.0640733739	0.0443356071	0.0079730676	-0.0157626664	-0.0733495769	-0.0793386562	0.0338656188	-0.0037722871	0.1852213278	-0.0307136218	-0.0789563507	0.0064902364	-0.0341291536	0.0053908275	-0.0007588844	-0.0484586269	-0.0902679377	0.0222225963	0.0655124156	0.0626248801	0.0493579507	-0.0118021441	0.0503207435	0.0174995702	0.0422839078	0.0458803894	0.0770774352	-0.1229201242	0.0966312927	-0.0280695317	-0.0828645175	-0.0964358467	0.0091246401	-0.1467444688	-0.0526525925	-0.0400803561	0.1144431024	-0.0547314839	0.1136283074	-0.1228153243	-0.0825707978	-0.1043166456	0.0461366432	-0.1375383122	-0.0835751181	0.0869495106	0.0757790345	-0.0468551311	0.0059131336	0.0849828562	-0.0235909513	-0.1099093089	-0.0804121199	-0.0520275837	0.0294771519	-0.0359203334	0.0815541564	0.1261286392	-0.088298136	0.0230334949	0.0430362062	0.0105711645	-0.0011314312	0.1444570676	0.1020583939	-0.1933632427	-0.1102936832	-0.0510301808	0.0858786955	0.1617429075	0.1009014396	0.0120029151	-0.0372316437	-0.0449092242	0.0342918156	-0.1215671803	0.1156517916	-0.1060050963	0.0	-0.00857014	-9.485000000000048e-05	8.996522500000092e-09	7.344729961960001e-05	0.32223	0.086396	0.1038321729	0.007464268816	0.205993	0.016303	0.000265787809	0.042433116049	0.00823418	-0.0004302699999999	6.780172027240002e-05	1.851322729e-07	-0.00120583	-3.340000000000005e-05	1.4540259888999998e-06	1.1155600000000035e-09	0.000964525	-0.0001654749999999	9.30308475625e-07	2.7381975624999964e-08
9883.21292613754	4.253470289917459	18.092009507210516	97677897.74337214	9938.405887779823	31.825731027500296	1012.8771554347952	98771911.59025666	7082.45001420089	0.8872601733610281	50161098.203654185	0.7872306152326417	7444.972126550891	10446.14850113995	1.02971	41.961681	0.11573541	0.0766286999999999	-0.1302781285	0.0569834625	-0.0233267519	-0.0457667659	-0.053940889	-0.0199656101	-0.0293043177	0.0605320033	0.0957143228	0.0905926149	0.0498495356	0.0231932335	0.0148067865	-0.0862115231	-0.069284033	0.0517968104	0.0894682541	-0.0671864309	0.0872230838	0.0426055581	0.0503920046	0.0375658077	-0.0891305518	0.0209919113	-0.0079423576	-0.156058449	-0.1070535176	-0.0397118912	0.0995660593	-0.0223875313	0.0075979302	0.1128720498	0.0289683106	-0.001376168	-0.1916049274	-0.0693026982	-0.1064401981	-0.0921513472	0.1417596859	-0.0086258987	0.2759601012	-0.0282245797	-0.0858495619	0.0326951087	-0.1105605876	-0.0488720388	-0.044153545	-0.10060634	0.1230465196	0.0336167162	-0.0026932399	0.0681906742	0.1221835511	-0.0632333643	-0.0036151909	0.107287942	-0.0970921898	-0.0732412617	-0.1558194011	0.0631167745	-0.1244989229	0.1136649933	0.0042508322	-0.0064112534	0.043004952	-0.1057717286	0.0232594291	0.0400075718	-0.0319883305	-0.0175154053	0.1165372755	0.1203609308	0.015335984	0.1210829353	-0.0634462441	0.0608224106	0.0097478693	0.0314669442	0.0408001992	-0.0704309878	0.0096031075	0.175125638	-0.1673555964	0.0030072731	-0.0772431436	-0.0346074601	-0.0339176279	0.0001710374	0.0452834545	-0.1158775015	0.0197241556	0.034306364	0.0128186891	-0.0372471805	0.0250356981	0.0218636845	0.0567343617	0.1757971237	0.0033380084	0.0490927937	0.0281632843	0.0071430265	-0.0503678005	-0.0371903355	-0.0049596146	0.1063303989	0.121910076	0.001685817	0.1259286133	-0.0846721134	-0.1593906928	0.0497548565	0.1006313152	-0.0540514799	0.0551600335	-0.0180434855	-0.0916064085	0.0813471294	0.0046704033	-0.0992405972	0.0328520962	-0.0508741797	-0.0298195155	0.0569360657	-0.0334120794	0.072527172	-0.0536534585	0.0197600358	-0.0780387528	-0.0103541233	0.0212828109	0.0515884966	0.0081009495	0.0707759969	0.0626195773	0.0188084389	-0.1604770484	0.1298997474	0.0556777106	0.0797158944	0.0863133619	-0.1516551391	-0.086809709	0.0290266512	-0.0754345763	0.0250896236	0.149686332	-0.1822331546	-0.0108692682	-0.0002698513	0.0865436906	0.0225448004	0.1619193695	0.0342756386	0.0645231492	0.0125313225	-0.0418675265	0.0283572664	0.0141707122	0.1117931003	0.0396096922	0.0594039773	0.0077430566	0.1671488028	-0.014519638	0.1194635383	0.0155687151	-0.0894892556	-0.0430422043	-0.0215833514	-0.0404969582	-0.0628046883	0.0840678375	0.052996016	-0.0459547619	-0.1220622684	0.1176041649	-0.1102942093	0.0	-0.0186068	-0.01003666	0.0001007345439555	0.00034621300624	0.249565	-0.072665	0.062282689225	0.005280202225	0.201017	-0.004976	2.476057600000008e-05	0.040407834289	0.00867032	0.0004361399999999	7.51744489024e-05	1.9021809959999984e-07	-0.00128529	-7.945999999999995e-05	1.6519703840999998e-06	6.313891599999991e-09	0.00101008	4.5554999999999966e-05	1.0202616064e-06	2.075258024999997e-09
9887.232300093445	4.019373955905394	16.155366997410574	97757362.55601113	9959.831955858106	21.426068078282697	459.0763932952048	99198252.5889323	7086.326998288379	3.8769840874892902	50216030.3266708	15.031005614645167	7448.937356829054	10456.294367338554	1.107556	45.133965	0.0613780999999999	0.0377926	0.163742865	-0.0054135937	-0.0321340041	-0.0022265679	-0.0058269857	0.0519623871	0.0206215345	0.0791819833	-0.1683555636	-0.0781894258	0.0248431214	9.46642e-05	-0.0439474505	-0.016642932	0.0237724674	-0.0187622127	0.0776959321	0.1156953193	0.0332302011	-0.1126844688	0.0965414567	0.0302717893	0.0241044704	-0.0207797146	0.0840597985	-0.1454303364	0.0652371625	0.0507673781	0.1030499046	-0.0734480337	-0.1861312164	0.0325916096	-0.2423529705	0.1074338072	-0.0384938568	-0.0382746676	0.0593286741	0.1181751933	0.2069959333	0.0434484589	-0.1358281023	0.0920081189	0.0934504393	-0.0230330959	0.0137670323	0.0218588658	0.0604378862	-0.0243182987	-0.096922162	0.0985773884	-0.0899205608	-0.0981000676	-0.0464751327	0.0835142042	0.0138232839	0.0487366985	-0.0127991722	0.106647981	-0.0436373392	-0.0453181557	-0.0167901257	-0.0019618245	0.0379453651	0.0852679229	-0.0405295819	-0.0212375449	-0.0194949123	0.0221628788	0.0399325383	0.0769915141	-0.0177022508	-0.0343659149	0.1085162759	0.0998528364	0.0975422873	0.007675336	0.0779893771	-0.0915728756	-0.0871650207	-0.0217959185	0.0682647445	-0.0348494417	-0.066985792	0.1481981094	0.0494069876	0.0243857745	0.0130274055	0.0868330219	0.0296993345	-0.1181599094	0.1617397792	-0.0478763893	-0.2166754837	-0.0331624861	-0.017254003	0.0527070649	0.0399689583	-0.1657369408	0.0124134328	-0.0790231813	-0.0242584457	0.0382436412	0.0227350719	0.0717010486	-0.020303831	-0.0537585706	0.0510025334	0.0686561484	-0.0507697835	0.0254839626	-0.0645677967	-0.1368226923	0.0096126633	-0.1083506286	-0.0771227263	0.041086553	0.1023179446	0.0182299834	-0.1023676541	-0.021389398	0.0463687297	0.0222414839	-0.0893759817	0.0082238218	0.0318059458	-0.0329779127	-0.0055534725	0.0562518339	0.1014101842	0.092502981	0.1528024074	-0.0653905148	0.0397859626	-0.0316561967	-0.1694142192	0.0682874193	-0.0041056322	0.0705655264	-0.1076741626	0.0689488516	-0.1884773998	-0.0543030777	0.0421604123	-0.0426527844	-0.162522325	-0.0051688184	0.0358038159	0.0083158667	0.1031287404	0.0438211964	0.0020074272	0.0777407058	-0.1061531947	-0.1026190915	-0.0591053737	0.1345198656	0.0404125133	0.0762189471	-0.1828607929	-0.0969830957	-0.0233414892	0.0307521045	0.0102144605	0.0132184938	0.0583402304	0.0706843987	-0.1127253524	0.0831305581	-0.0103999115	0.1056733689	-0.1844344627	0.0092620392	-0.0913647232	-0.0744128334	0.0847250432	-0.1224871595	0.1192860448	-0.1140126786	0.0	-0.0153092	0.0032975999999999	1.0874165759999996e-05	0.00023437160464	0.250905	0.0013399999999999	0.062953319025	1.7955999999999466e-06	0.195855	-0.005162	2.6646244e-05	0.038359181025	0.00937065	0.0007003299999999	8.78090814225e-05	4.904621088999986e-07	-0.00145989	-0.0001746	2.1312788121e-06	3.048516e-08	0.00116672	0.00015664	1.3612355584e-06	2.45360896e-08
9854.988494453744	-32.24380563970044	1039.6630021307778	97120798.22581568	9892.719903468816	-67.1120523892896	4504.027575902752	97865907.08848809	7077.497422335729	-8.829575952649975	50090969.763168894	77.96141150361471	7436.349372541898	10455.620837755248	1.11695	45.5168	0.0893374999999999	0.0591515	-0.1075030321	-0.0711310347	0.1068583867	0.0758570895	0.0015825222	-0.0380122423	-0.1305367661	-0.1058085614	0.1751706688	-0.0483191472	-0.1036781116	-0.1261766496	0.0449247327	0.0498056908	0.1025768047	-0.024012695	-0.1521242817	0.0357446734	-0.0474304183	-0.0416799348	0.097092932	-0.0653799953	0.0755925023	-0.0009987564	0.1390461212	0.2147392198	-0.1316309236	-0.1419156315	0.1927515866	0.1047193161	-0.0156642057	-0.031707106	-0.0602940865	-0.0775178146	-0.0912772789	-0.0640746778	-0.0555442898	-0.1532252878	0.1672054006	0.0076804845	-0.1104873624	-0.0169823107	-0.0507451089	0.1135477375	-0.1384778314	0.05802272	-0.0140643583	-0.062526605	-0.063755767	-0.1044947404	0.1156782548	0.0629395853	0.0638632506	-0.0300068924	-0.0679890207	0.0007677956	-0.057088224	0.1095634519	0.092853479	0.0062734934	0.1268634829	0.0490526886	0.0692248982	0.0438707801	-0.1553980219	0.1318570602	-0.0667818415	-0.0880783034	0.0487004817	0.0141121692	0.0512691286	-0.1345173804	-0.0873465099	-0.2833570694	0.0166275036	0.1124958095	-0.0509071621	-0.0052157192	0.0912012245	0.0066291665	0.0379365168	0.0856251599	-0.0874926966	-0.0661898443	-0.1028937666	-0.0127391962	0.0205847494	0.0976002504	-0.0812712738	0.0201806274	-0.1500962304	0.1404948152	-0.0250612685	-0.0201468437	0.0918836721	-0.1676624903	-0.1856062959	0.1020259684	0.0683737779	0.0462544728	0.0446025615	-0.0375220735	0.1891804592	0.0085162565	0.0631023324	-0.0411598034	-0.1215989178	-0.0160005947	0.1486523563	0.0098472789	0.0019739657	0.0587397504	0.0803163335	0.1885540088	0.0319115585	-0.1151204919	-0.0434668784	0.0100458308	-0.0054808966	0.0726789261	0.020709121	0.1384247233	0.0651609543	-0.1240208795	-0.1065940493	-0.0388514764	0.1148826636	-0.0466978552	0.0261189923	-0.0958647089	-0.0020072755	-0.1855777318	-0.1327615955	-0.1296800904	0.0813578064	-0.067608808	-0.0634555363	-0.0996265376	-0.0612962969	-0.1095650982	0.0139502926	0.053409934	-0.1393981313	-0.0541346972	0.0498233859	0.1365488938	-0.1867329057	-0.1126424835	-0.1078876138	0.0825840697	-0.0763374467	-0.094013299	0.0608920833	-0.0740996148	0.0314870562	-0.0555522542	0.1210196359	-0.0186253107	-0.0680423454	-0.0089582741	-0.0681224485	0.0778312236	-0.0318617774	-0.0286390611	0.003514797	0.0685931737	0.0258908677	-0.1146285961	-0.0212246015	0.186348925	0.1294340304	0.0858604784	-0.0637407538	0.0413134165	0.0546384778	-0.1228416094	0.120693563	-0.1171412655	0.0	-0.0147832	0.000526	2.766760000000005e-07	0.0002185430022399	0.308064	0.057159	0.094903428096	0.003267151281	0.204098	0.008243	6.7947049e-05	0.041655993604	0.0091234	-0.0002472499999999	8.323642756e-05	6.113256249999961e-08	-0.001314	0.0001458899999999	1.7265960000000002e-06	2.128389209999996e-08	0.00109167	-7.50499999999999e-05	1.1917433889000005e-06	5.632502499999985e-09
9843.735835769352	-11.252658684392372	126.62232746743108	96899135.20440976	9889.353220313636	-3.3666831551799987	11.334555467372752	97799307.1161277	7067.210512890414	-10.28690944531536	49945464.43350879	105.82050593611837	7430.874576086599	10235.929178597786	1.071297	43.656395	0.08433708	0.0574302	0.0697457073	0.1429486835	0.1573522832	0.0717795963	-0.0358893392	0.0394069328	-0.0281403672	0.0312138097	-0.0955230073	0.1443208304	-0.1530251584	0.0432138306	0.0392442533	-0.0546153786	-0.0069607389	-0.0389393315	0.0174614151	-0.0050580025	-0.0300257795	-0.0113225202	0.2073445476	-0.001178181	-0.0599451998	-0.0750743763	0.1489354518	0.1430781912	-0.1418462697	0.0086686296	0.1468392047	-0.0299399035	0.0994535851	-0.0215604917	0.057864579	-0.0213113911	-0.045661182	0.0116643678	0.062945163	0.0636432456	0.033811044	-0.217933447	0.2033226101	0.0938673359	-0.0707899517	0.0670684125	0.0821372413	0.1321094238	0.0074469627	-0.0158811279	-0.0299773349	-0.108636635	-0.0648468683	-0.0004294148	-0.0159610383	-0.0731382219	-0.0886221506	0.0126964424	0.0200340486	-0.1019617869	0.1109279219	0.028802345	0.0623762023	0.1345306271	0.0502038743	0.0393033185	-0.0328727448	-0.0376581096	-0.0149482327	0.0822448877	0.0089564313	0.0977533191	0.017898402	0.0318366501	0.1115795948	0.0064078957	0.0521967871	0.0031820904	0.1133933579	-0.0517146925	0.0415675645	-0.000586238	-0.0086426027	-0.0667542088	-0.2230766769	0.1394348518	0.052826345	0.0921204456	0.1626263456	0.0327673969	0.0353953696	0.0174083504	-0.022907979	-0.1230529811	-0.035767786	0.0410553528	0.0468608913	-0.1644349562	0.1076216846	-0.0076442386	0.1059380705	-0.0665352651	0.1602412886	0.0424357569	-0.0492743487	0.0345655447	0.0362692673	0.0241176925	-0.0012800149	0.0392579671	0.1334595654	0.1069595269	-0.0022895694	-0.0002590891	0.1943029419	0.0201606831	0.0155692584	0.0450650595	0.010460174	-0.0563381294	-0.0850044405	0.0695647063	-0.01070121	0.0296787555	0.1385695792	0.0643775336	-0.0238651847	0.019270769	0.1525656342	0.057482067	-0.0466074006	0.1784919262	0.0425214244	-0.0435031186	-0.0469106581	0.0942784559	0.0581317068	-0.0568872139	-0.1057786406	0.0075147359	-0.0020760611	0.0376960034	-0.0728176837	0.0038648107	0.1279544471	0.1244581259	0.1479614463	0.127257834	-0.074891779	-0.078122135	-0.0573803147	-0.0470111146	0.0038513203	0.1024090642	0.0325610778	-0.0774569697	0.0632879581	0.1782245267	0.0442657076	0.0706023611	0.0243504158	0.0080312168	-0.0006671067	-0.0118306465	-0.0321919057	-0.103079436	-0.0552365437	0.1224251533	-0.1089271984	0.0392664252	-0.005371999	-0.0518829121	-0.2305733243	-0.0479978707	0.0331953705	-0.0685572592	-0.1634199977	-0.1231254143	0.1218234821	-0.119663783	0.0	-0.00850762	0.0062755799999999	3.938290433639999e-05	7.237959806440001e-05	0.251619	-0.056445	0.0633121211609999	0.003186038025	0.212958	0.00886	7.849960000000012e-05	0.045351109764	0.00920577	8.237000000000001e-05	8.474620129290001e-05	6.784816900000002e-09	-0.0012279	8.609999999999998e-05	1.5077384100000002e-06	7.413209999999996e-09	0.00117833	8.66599999999999e-05	1.3884615889e-06	7.509955599999983e-09
9865.629635123089	21.89379935373654	479.3384501416745	97330648.09741892	9926.981531348596	37.62831103495955	1415.8897913436588	98544962.32373612	7079.531730899028	12.321218008613869	50119769.52880619	151.8124132157907	7443.180822002606	10332.383706194038	1.007515	41.057201	0.07103641	0.0510143	0.0232669655	-0.0995290338	0.1463880878	0.0939296874	0.0350574392	0.0558359111	-0.0026932476	0.0823749924	-0.0181733576	-0.1275820482	-0.048078033	0.1297588155	0.101488412	0.1007250126	0.0552281768	-0.1140411676	0.0230869413	-0.0755344324	-0.0511475753	-0.1392169615	0.1413483505	0.0321231378	-0.1096814049	-0.1537698356	0.0683130456	0.0084408439	0.156872041	0.1200284786	0.0146272991	0.041044062	0.1056137713	-0.1044284022	-0.0228333505	0.0394031466	0.0023610355	-0.0447620667	0.0425302682	0.0033574892	0.0656613039	-0.0202581373	0.0165560922	-0.1093971751	0.02147372	0.0330519554	-0.0502495047	0.0307179584	0.0166749471	-0.0979605383	-0.0979791995	0.0081315132	0.037931067	-0.016737564	-0.0951506555	-0.0780634077	-0.1146911925	-0.0539600527	0.0601346349	-0.1035151451	0.0613491034	0.1115093427	0.0877173512	0.0002652603	-0.0673344242	-0.0336157054	0.0716258892	-0.0542923963	0.0166373948	-0.0392584417	0.057826082	0.0482246871	-0.0008360487	-0.0771551187	0.0126124049	0.0791383534	0.0150809153	0.0081290211	-0.012293856	0.0526249958	0.0233244859	-0.015721339	-0.0072329769	0.0412665663	0.0238453871	-0.0138030008	0.0143091241	0.0682871298	-0.0502351128	-0.1080416588	0.0589895018	0.0246406732	-0.000852379	0.0691100585	-0.0488964174	-0.0274344503	0.0758745119	-0.0900006403	-0.0598640142	-0.0826428664	-0.1343073777	0.0352386062	-0.0030381621	0.1058095363	0.0871287455	-0.0178308	0.1320308593	0.0085026227	0.0351484943	0.0824865149	0.0879958364	0.0776817837	0.0909987716	-0.0064821574	-0.0234843971	-0.08136094	0.0369625452	0.0030184903	-0.1289174141	-0.1227074512	0.0318085746	0.0264995982	-0.064697078	-0.0233082593	0.0547043443	-0.0258546922	0.0506388055	0.0160913546	-0.0572430694	-0.0387074027	0.0157015913	-0.0003205512	0.0798271233	0.1956147232	0.0674645789	0.0105503316	-0.0033620911	-0.0398251409	-0.0716415599	0.0068460058	0.0183843968	-0.0715372843	-0.0662452679	0.0758848684	0.0846930124	-0.0305329012	-0.0427559315	-0.0758298988	0.103032647	0.0442670125	-0.101569235	0.1987608165	0.0194547842	-0.0837043324	-0.0006876789	-0.1080322515	-0.024470694	0.0382333485	0.1669100312	0.0767090782	0.0005347816	-0.0289159815	-0.0688499714	-0.0399164252	-0.0882983712	-0.0231343888	-0.0135412001	-0.0370860389	0.0210003605	-0.0386472347	0.1386865734	-0.0560197436	-0.0204923783	0.0892141557	0.0531382226	-0.039358116	0.1355072084	-0.1233384109	0.1226732033	-0.1215671803	0.0	-0.00855553	-4.7909999999999967e-05	2.2953680999999966e-09	7.319709358090001e-05	0.300932	0.0493129999999999	0.0905600686239999	0.0024317719689999	0.21268	-0.000278	7.728400000000027e-08	0.0452327824	0.0090014499999999	-0.00020432	8.10261021024982e-05	4.174666240004077e-08	-0.00140645	-0.0001785499999999	1.9781016025e-06	3.188010249999999e-08	0.00113325	-4.508000000000008e-05	1.2842555624999998e-06	2.032206400000007e-09
9858.87386247671	-6.755772646378318	45.64046404955351	97197393.83622643	9909.467582733068	-17.513948615527624	306.738396107342	98197547.77323756	7076.935924752484	-2.5958061465435094	50083022.0830523	6.738209550433063	7436.638410679207	10334.302082763394	1.037065	42.261414	0.0361793699999999	0.0156165	-0.1183955493	0.0772612961	0.0760771186	0.0099182424	-0.0359972454	-0.004712247	0.0088096885	-0.0069617777	0.0777141148	0.076227083	0.0475894365	0.0127467887	0.0697641257	-0.0406352327	0.0428495703	-0.046968117	-0.0821894129	-0.1655374319	0.1704956661	-0.1807760285	-0.003510416	0.1104037813	0.0605864055	-0.1861327042	-0.093810462	-0.0405933512	0.1402240586	0.0614561918	0.0603317015	-0.0223749727	0.1303658211	-0.0620038197	0.0462355895	-0.0737567119	-0.0944506441	-0.0910245979	0.0741765375	0.030905573	-0.0180951265	0.1468046679	0.0879272566	0.0336704244	-0.3510691332	0.0004657871	0.2943580251	-0.2851861161	-0.3076843792	-0.0277547045	0.051162574	-0.0695823855	-0.0119146194	0.1123896775	-0.0375330163	0.097645241	0.0806497944	-0.0765348705	0.1983657853	0.0040277751	0.0729654109	0.0682553965	0.0025051033	-0.1867872013	-0.0904679743	0.0394865649	-0.1885677066	0.1616678533	-0.0278786052	-0.040955338	0.1076284317	-0.1154604647	0.0047349035	0.0662241373	0.007853632	0.052070707	-0.0909130845	0.0893501156	-0.001063765	0.1022316259	0.015280133	0.0351896246	-0.0169954684	0.1801138776	0.2298265527	-0.0082375168	0.0086605013	0.0193437964	-0.0224109465	0.0377648559	0.0125744283	0.0053232517	0.1293053717	0.0911945975	0.0004738412	0.0012697767	0.0046507805	0.0397207759	0.0699930202	0.1050497802	-0.0244459376	0.0759471459	0.0386950046	-0.0763576106	-0.051956131	-0.5091776176	-0.2318161234	0.0609610544	-0.0595202798	0.0736742155	-0.1535525123	-0.0436027861	0.2714941982	-0.0426363617	-0.1099834271	0.0633209611	0.2787785713	-0.007320169	-0.0157925424	-0.1324583668	0.1729330482	0.1043019633	-0.0177116086	0.1003401548	-0.1085762796	-0.177427027	-0.0026895165	0.0659509865	-0.0085281919	0.0269580498	0.0007426521	-0.0398341685	0.0409801484	0.0707533036	0.0829069775	-0.1252646095	-0.0272975024	0.1140405248	-0.0618502219	-0.0537101484	-0.0045057726	0.0974317864	-0.0931844437	-0.0161453454	-0.0912877316	0.1228294315	-0.0235237107	-0.01429906	0.0512834317	-0.008269168	-0.0066069508	-0.0214867906	-0.0092406813	-0.0127601433	0.1688173079	-0.0264649192	0.1648637409	0.0820464859	0.0622071354	0.0270889783	-0.006915537	0.1551776417	-0.0551592242	0.1498295586	0.120925134	0.1770880922	-0.0496420552	0.1000125427	0.0970937879	0.0164083009	0.208300091	-0.2925224261	-0.0903327747	0.5453944551	-0.0809395516	0.0826381279	0.0498537312	-0.1234804767	0.1232407722	-0.1228416094	0.0	-0.0152174	-0.00666187	4.43805118969e-05	0.00023156926276	0.291257	-0.0096749999999999	0.084830640049	9.36056249999998e-05	0.217238	0.0045579999999999	2.077536399999981e-05	0.0471923486439999	0.00888127	-0.0001201799999999	7.88769568129e-05	1.4443232399976052e-08	-0.00129342	0.00011303	1.6729352964e-06	1.2775780900000018e-08	0.00106077	-7.247999999999998e-05	1.1252329929e-06	5.2533503999999975e-09
9857.182320354674	-1.6915421220364806	2.86131475062368	97164043.29671276	9908.812897874011	-0.6546848590569425	0.4286122646784087	98184573.04507436	7082.925570296417	5.989645543932966	50167834.63435883	35.875853741956035	7445.854312389039	10317.93557578936	1.030082	41.976833	0.0543744	0.0284641	0.1064422686	0.0564928563	0.0729789805	0.0153582902	-0.0017188381	-0.0647690121	0.0524012669	-0.0646388967	-0.09759542	0.0283243173	-0.0704110798	-0.0491597826	-0.0044645278	-0.001562394	-0.0335470612	0.0375707382	-0.0835080649	0.1342917508	0.0489614388	-0.1245286739	-0.0231938183	-0.000438764	-0.0471634036	-0.0226025476	-0.0781995541	-0.0792414224	0.0890213328	-0.0537787413	0.0834823834	-0.0298065253	-0.0723753741	-0.0011128956	-0.0413903296	-0.1031790465	0.0085937563	-0.0698204003	0.0824155474	0.0468936364	-0.1639558234	-0.0627043005	-0.0070090719	0.1473374984	-0.0929628939	0.0673660916	0.0957937427	-0.0095470171	0.0089388353	0.0764811872	-0.1109415276	-0.0341636892	0.0157823597	0.002183074	-0.0735235979	0.0868291251	0.0364793601	0.0250772185	-0.0290048365	0.066866964	0.0157257172	-0.0051033499	0.0180973151	-0.137531045	0.0130589483	0.067507651	-0.0100286465	0.1305836893	-0.0386483534	-0.0463923411	-0.0100176982	-0.0493962485	-0.1019276454	0.0106995397	0.1048222222	-0.0340620897	-0.0514730013	-0.0568054031	0.0835963256	-0.0528746271	-0.0586872894	-0.0036443819	0.0579956984	-0.0997587526	0.0197223804	0.0705758848	0.1449778665	0.0017323419	0.177799876	0.1439677558	0.0854148546	-0.0876053746	-0.0405139967	-0.0214138988	0.0568439932	0.0049564883	-0.0700714311	0.0785935758	0.0529511672	-0.029688238	0.100697741	-0.0118872923	0.0031393323	0.010026772	-0.0360501894	-0.0794672698	-0.0543600124	-0.1282272149	-0.1312717423	-0.0225846667	-0.0687329366	0.0399094611	0.0047251947	-0.0811079366	-0.1247439012	-0.0100775363	0.0583824383	0.129376779	0.1431093703	0.0418912445	-0.0133963201	0.043128596	0.1070478974	-0.0284165319	-0.0352680281	-0.0893797144	0.0467320343	-0.0876787022	0.0314169577	0.1260641044	0.0624232685	0.1728658996	-0.0821070281	-0.120999502	-0.0593577484	-0.0696653589	-0.0594092614	0.0174216393	0.0316546676	-0.041717656	0.0283211106	0.0344163022	-0.1090052665	-0.0396734197	-0.0037378991	0.0487395286	0.0503041521	-0.0768134157	-0.0719273364	0.0286586245	0.0654161563	-0.1391890224	-0.0032497987	0.051112247	-0.0430800431	-0.1065510278	0.0387331992	0.1487399147	0.0646329579	-0.0027891511	-0.0917351419	-0.0640066335	-0.0058896712	0.1139264879	0.0166612021	-0.040485339	0.0491940191	-0.0583781518	-0.0435087275	0.1166542481	0.1037202924	-0.1197550323	-0.1128872067	0.0778409559	-0.1200861068	-0.0315981078	0.0603459154	-0.12355153	0.1235248834	-0.1234804767	0.0	-0.0153688	-0.0001513999999999	2.2921959999999837e-08	0.00023620001344	0.277892	-0.013365	0.0772239636639999	0.000178623225	0.203672	-0.0135659999999999	0.0001840363559999	0.0414822835839999	0.00929453	0.00041326	8.638828792090001e-05	1.707838276000003e-07	-0.00131366	-2.0239999999999928e-05	1.7257025956e-06	4.09657599999997e-10	0.00117311	0.00011234	1.3761870721e-06	1.2620275600000012e-08
