global_signal	global_signal_derivative1	global_signal_derivative1_power2	global_signal_power2	csf	csf_derivative1	csf_derivative1_power2	csf_power2	white_matter	white_matter_derivative1	white_matter_derivative1_power2	white_matter_power2	csf_wm	tcompcor	std_dvars	dvars	framewise_displacement	rmsd	t_comp_cor_00	t_comp_cor_01	t_comp_cor_02	t_comp_cor_03	t_comp_cor_04	c_comp_cor_00	c_comp_cor_01	c_comp_cor_02	c_comp_cor_03	c_comp_cor_04	c_comp_cor_05	c_comp_cor_06	c_comp_cor_07	c_comp_cor_08	c_comp_cor_09	c_comp_cor_10	c_comp_cor_11	c_comp_cor_12	c_comp_cor_13	c_comp_cor_14	c_comp_cor_15	c_comp_cor_16	c_comp_cor_17	c_comp_cor_18	c_comp_cor_19	c_comp_cor_20	c_comp_cor_21	c_comp_cor_22	c_comp_cor_23	c_comp_cor_24	c_comp_cor_25	c_comp_cor_26	c_comp_cor_27	c_comp_cor_28	c_comp_cor_29	c_comp_cor_30	c_comp_cor_31	c_comp_cor_32	c_comp_cor_33	c_comp_cor_34	c_comp_cor_35	c_comp_cor_36	c_comp_cor_37	c_comp_cor_38	c_comp_cor_39	c_comp_cor_40	c_comp_cor_41	c_comp_cor_42	c_comp_cor_43	c_comp_cor_44	w_comp_cor_00	w_comp_cor_01	w_comp_cor_02	w_comp_cor_03	w_comp_cor_04	w_comp_cor_05	w_comp_cor_06	w_comp_cor_07	w_comp_cor_08	w_comp_cor_09	w_comp_cor_10	w_comp_cor_11	w_comp_cor_12	w_comp_cor_13	w_comp_cor_14	w_comp_cor_15	w_comp_cor_16	w_comp_cor_17	w_comp_cor_18	w_comp_cor_19	w_comp_cor_20	w_comp_cor_21	w_comp_cor_22	w_comp_cor_23	w_comp_cor_24	w_comp_cor_25	w_comp_cor_26	w_comp_cor_27	w_comp_cor_28	w_comp_cor_29	w_comp_cor_30	w_comp_cor_31	w_comp_cor_32	w_comp_cor_33	w_comp_cor_34	w_comp_cor_35	w_comp_cor_36	w_comp_cor_37	w_comp_cor_38	w_comp_cor_39	w_comp_cor_40	w_comp_cor_41	w_comp_cor_42	w_comp_cor_43	w_comp_cor_44	w_comp_cor_45	w_comp_cor_46	w_comp_cor_47	w_comp_cor_48	w_comp_cor_49	w_comp_cor_50	w_comp_cor_51	w_comp_cor_52	w_comp_cor_53	w_comp_cor_54	w_comp_cor_55	w_comp_cor_56	w_comp_cor_57	w_comp_cor_58	w_comp_cor_59	w_comp_cor_60	w_comp_cor_61	w_comp_cor_62	a_comp_cor_00	a_comp_cor_01	a_comp_cor_02	a_comp_cor_03	a_comp_cor_04	a_comp_cor_05	a_comp_cor_06	a_comp_cor_07	a_comp_cor_08	a_comp_cor_09	a_comp_cor_10	a_comp_cor_11	a_comp_cor_12	a_comp_cor_13	a_comp_cor_14	a_comp_cor_15	a_comp_cor_16	a_comp_cor_17	a_comp_cor_18	a_comp_cor_19	a_comp_cor_20	a_comp_cor_21	a_comp_cor_22	a_comp_cor_23	a_comp_cor_24	a_comp_cor_25	a_comp_cor_26	a_comp_cor_27	a_comp_cor_28	a_comp_cor_29	a_comp_cor_30	a_comp_cor_31	a_comp_cor_32	a_comp_cor_33	a_comp_cor_34	a_comp_cor_35	a_comp_cor_36	a_comp_cor_37	a_comp_cor_38	a_comp_cor_39	a_comp_cor_40	a_comp_cor_41	a_comp_cor_42	a_comp_cor_43	a_comp_cor_44	a_comp_cor_45	a_comp_cor_46	a_comp_cor_47	a_comp_cor_48	a_comp_cor_49	a_comp_cor_50	a_comp_cor_51	a_comp_cor_52	a_comp_cor_53	a_comp_cor_54	a_comp_cor_55	a_comp_cor_56	a_comp_cor_57	a_comp_cor_58	a_comp_cor_59	a_comp_cor_60	a_comp_cor_61	edge_comp_00	edge_comp_01	edge_comp_02	edge_comp_03	edge_comp_04	edge_comp_05	edge_comp_06	edge_comp_07	edge_comp_08	edge_comp_09	edge_comp_10	edge_comp_11	edge_comp_12	edge_comp_13	edge_comp_14	edge_comp_15	edge_comp_16	edge_comp_17	edge_comp_18	edge_comp_19	edge_comp_20	edge_comp_21	edge_comp_22	edge_comp_23	cosine00	cosine01	cosine02	trans_x	trans_x_derivative1	trans_x_derivative1_power2	trans_x_power2	trans_y	trans_y_derivative1	trans_y_derivative1_power2	trans_y_power2	trans_z	trans_z_derivative1	trans_z_power2	trans_z_derivative1_power2	rot_x	rot_x_derivative1	rot_x_power2	rot_x_derivative1_power2	rot_y	rot_y_derivative1	rot_y_derivative1_power2	rot_y_power2	rot_z	rot_z_derivative1	rot_z_derivative1_power2	rot_z_power2	motion_outlier00	motion_outlier01	motion_outlier02	motion_outlier03	motion_outlier04	motion_outlier05	motion_outlier06	motion_outlier07	motion_outlier08	motion_outlier09	motion_outlier10	motion_outlier11	motion_outlier12	motion_outlier13	motion_outlier14	motion_outlier15	motion_outlier16	motion_outlier17	motion_outlier18	motion_outlier19	motion_outlier20	motion_outlier21	motion_outlier22	motion_outlier23	motion_outlier24	motion_outlier25	motion_outlier26	motion_outlier27	motion_outlier28	motion_outlier29
573.4527921992369	n/a	n/a	328848.1048811012	845.8969973079462	n/a	n/a	715541.7300545996	534.5927493848724	n/a	n/a	285789.4076948769	567.5383416644669	635.0115679231313	n/a	n/a	n/a	n/a	-0.024012822	0.0723530302	-0.2926833831	0.0947249546	-0.0693228036	-0.1626172075	-0.1255907767	0.1970380002	-0.0592941565	0.0214187741	-0.0314023302	0.3932865585	-0.1571173808	0.0968405594	-0.007278908	-0.0813968625	0.0290796354	-0.0569005403	0.0087486673	-0.1026256334	0.078128912	-0.0079691624	0.0838626846	-0.0369948619	0.1745389952	-0.0903747636	0.0272699264	-0.0113842191	0.1710010734	-0.0101935166	0.0362650435	0.0464300557	-0.0644710436	-0.0749834854	0.0216339459	0.0601829911	-0.1055917334	-0.0195891775	0.1356791622	-0.0595698963	-0.0912565899	-0.0978531752	0.0720979148	0.1085332292	-0.036847315	-0.053331861	0.0080028912	0.0147795906	0.1172146533	0.0075103157	0.0555581851	-0.0674198003	0.0290058575	-0.0376354549	0.0081747177	-0.035364023	0.038526321	-0.0982924216	0.061491731	-0.0257240352	0.026643591	-0.0031431341	0.0407786094	-0.0009440215	0.04701511	-0.1180063076	0.0200745909	-0.1063977107	0.0619727889	-0.0363918267	0.110907949	0.0086177377	0.0342140182	-0.0054507512	-0.1177178542	0.186867885	-0.0609848678	-0.002181789	-0.0181740039	0.0614167683	0.0386467399	-0.0585947097	-0.0059333419	-0.0219422664	0.0228664795	0.0383684896	0.0612905972	-0.016684633	-0.0017034653	-0.0876535539	0.0104338281	0.0165229153	0.0400866037	0.0351385883	-0.1342916831	-0.0808522113	0.0848733736	0.0306583613	0.0341229678	-0.0268294536	-0.0154952203	-0.0032839178	-0.022963364	0.0562262843	0.0324547705	0.0232811506	0.0166096593	0.0436223166	-0.0815314594	-0.1154824061	0.055685761	0.0091500142	0.013530649	0.0201856311	-0.1206985912	0.0022561303	-0.0851987694	0.0165240654	-0.062510077	0.0473590761	-0.1162572913	0.0496218551	-0.0467490894	0.1678363446	-0.1318803725	0.0109021662	-0.0337347575	0.138340089	-0.1044839511	0.1481420728	-0.0578552089	0.0417102496	-0.0810909528	0.0172055199	-0.0279835258	-0.0341222529	0.1128599784	0.0907817201	-0.0574242938	-0.0559992494	0.081013004	-0.0309229116	-0.0407511912	-0.0020010534	0.0206198101	0.1564698245	-0.0142384912	-0.0129606203	-0.0557181637	-0.0295219763	0.0370228576	0.0678344613	0.0390219416	-0.1153932439	-0.0191458568	0.0342171853	0.0169871083	0.0329753023	-0.0641656016	-5.68438e-05	-0.061744945	-0.0050103877	0.0989246668	0.0903929298	0.0125434909	-0.1652630439	-0.0742864338	0.0421344372	0.0179903621	0.0130811186	0.0572939084	0.0158507148	-0.022191568	-0.0271029143	-0.0765705005	0.0099208544	-0.0746241856	0.103730525	-0.0003594531	0.1225203882	-0.0197750344	0.0088234255	-0.0329436916	0.1084307585	-0.1676893426	0.1029415951	-0.1215603758	0.0351033445	-0.0631843995	0.0578279882	-0.1102979547	0.054206823	-0.0590346401	0.0050567725	-0.1046248984	0.0103000276	-0.099915345	0.0273699078	-0.0056502684	0.1186709048	0.1186491225	0.1186128217	-0.017299	n/a	n/a	0.0002992554009999	-0.00872083	n/a	n/a	7.605287588890001e-05	-5.10676e-06	n/a	2.60789976976e-11	n/a	-0.000145389	n/a	2.1137961321e-08	n/a	7.298829999999998e-05	n/a	n/a	5.327291936889997e-09	0.0	n/a	n/a	0.0	0.0	0.0	0.0	0.0	0.0	0.0	0.0	0.0	0.0	0.0	0.0	0.0	0.0	0.0	0.0	0.0	0.0	0.0	0.0	0.0	0.0	0.0	0.0	0.0	0.0	0.0	0.0	0.0	0.0	0.0
570.035987384467	-3.4168048147698755	11.674555142234604	324941.02691338427	836.5320057004274	-9.364991607518846	87.70306780889841	699785.7965611798	534.7249139660742	0.1321645812017777	0.0174674765242413	285930.7336160254	566.6908020504686	500.7913705925475	2.014759	85.73927299999998	0.0698612017599999	0.0350666	-0.0638738689	0.0780628155	0.0684783177	0.0084965287	0.0925251205	-0.0643190046	-0.1107975679	0.0439224234	-0.0034478397	-0.0071326744	-0.0684638	0.2169782074	-0.2367752372	0.0321548928	-0.0306042165	0.0205943542	-0.1636489414	-0.0588687035	-0.034933487	0.0486526878	-0.0695481092	0.0331878279	0.1271292119	0.0172623475	0.0487459195	-0.040355336	0.008361271	-0.0185974016	-0.0096501155	-0.0726956119	0.0543606829	0.1345103606	0.018030397	0.0109020602	-0.0187817792	0.037771661	-0.177101026	-0.0405298657	0.0672239696	0.0009233707	0.0874302583	0.1319759017	0.022707511	-0.0442686307	0.090655056	-0.0135695598	0.1487594585	-0.0088862904	-0.1175524752	0.0146619229	0.0999652745	-0.0487844432	-0.0411635989	-0.0267867178	0.0392594943	-0.1661423614	0.0767570268	-0.1612322647	-0.0167081263	-0.0418230027	-0.0541506597	-0.041358093	-0.0457928141	-0.1052911472	-0.007601674	-0.0230994379	-0.0525289381	-0.0196473283	-0.0337180266	-0.099196715	0.1231798754	0.0364681447	-0.0729015894	-0.0107831636	-0.0019025575	0.1050245374	-0.0698235262	-0.0242402056	0.1478297991	0.0150545721	0.0899854176	-0.0213731997	-0.0389201954	0.0493075681	0.0083643966	0.0332181166	0.0145776532	0.0905718585	0.0355434065	-0.0446918332	-0.0235256255	0.0326928405	0.0172860118	0.0223876056	-0.1740366818	-0.1181387973	0.0715170619	0.0314802056	-0.0537956295	-0.036304986	-0.0855808591	-0.0916284842	0.0053222568	-0.04025809	0.1294049415	-0.1009811111	-0.0430994332	-0.0279323206	-0.0300724222	-0.1227544319	0.0989659676	0.0501060299	-0.0367847782	0.0541421953	-0.0687942604	-0.0710069751	-0.0316746801	-0.0067060679	-0.1453274864	-0.0902281988	-0.1387475898	0.1239432002	-0.024944742	0.1393828132	-0.1542842302	0.0206048629	0.1120298659	0.0776651336	-0.0795171242	0.0548520664	0.0379080262	-0.0168316453	0.0229349754	0.1045575241	0.0585106249	-0.0486378487	0.089982566	0.0455957594	0.012780815	-0.0824311597	0.1172920088	0.0079379333	-0.0412770965	-0.0332476544	-0.0278807289	0.0569914058	0.072363944	-0.0706302488	-0.1643292945	-0.0042523689	0.0043204707	0.0795963727	0.1487575982	-0.061728378	-0.0100169452	0.0169976625	0.0620254643	0.0772510097	-0.0847376981	-0.1188994953	-0.0038725146	-0.0499334122	0.1452119708	0.0509420466	0.032394707	-0.0529174953	-0.0328422806	0.0231613098	-0.0155699793	-0.0430067321	0.1360191844	-0.0352132677	0.0020923576	0.0017614223	0.0460676982	0.0472534029	-0.0552740796	-0.0413660503	-0.0968574188	0.1038015246	0.0684637759	-0.0020518456	0.0176482862	0.116106699	-0.187343307	-0.0137084383	0.1107382097	0.0562138435	-0.0003068048	0.0434890852	0.0142306752	0.0420418604	0.0113559962	0.0188058018	0.01889296	-0.0673186672	-0.1611694813	0.0851074039	-0.0222687334	0.1186128217	0.1184168613	0.1180905004	-0.0134943	0.0038046999999999	1.4475742089999982e-05	0.00018209613249	0.00618685	0.01490768	0.0002222389229824	3.82771129225e-05	0.0268214	0.02682650676	0.0007193874979599	0.0007196614649443	-0.000345903	-0.000200514	1.19648885409e-07	4.0205864196e-08	-0.0	-7.298829999999998e-05	5.327291936889997e-09	0.0	-0.000212944	-0.000212944	4.5345147136e-08	4.5345147136e-08	1.0	0.0	0.0	0.0	0.0	0.0	0.0	0.0	0.0	0.0	0.0	0.0	0.0	0.0	0.0	0.0	0.0	0.0	0.0	0.0	0.0	0.0	0.0	0.0	0.0	0.0	0.0	0.0	0.0	0.0
568.7963164981994	-1.2396708862676178	1.536783906259541	323529.24966191984	828.8241617755428	-7.707843924884514	59.41085797037911	686949.4911429313	534.532349615546	-0.1925643505281868	0.0370810290943424	285724.8327855163	565.9133298524688	499.7910146088722	1.052617	44.794758	0.0821489249999999	0.0382244	-0.1087480295	0.0211409124	0.0707649323	0.036303904	0.166025379	0.0180513102	-0.0630255229	-0.1061385638	-0.169144273	-0.068246369	-0.0863791675	0.0309316957	-0.1182635085	-0.0172312025	0.0258487689	0.0140048171	0.0151322656	0.0739174191	-0.0460015199	0.0305644217	-0.0580021777	-0.0935332519	0.0117938636	-0.0424191768	0.0855014725	0.0132498741	0.002944684	-0.0722534535	-0.0983971174	-0.1590516299	0.0185906002	0.0105592689	-0.1306105604	-0.0461756576	0.0394212615	0.0411932616	0.0756066263	0.0693911398	-0.0823722434	0.0562862535	-0.1106811625	0.0811137445	0.0904339746	-0.1354874453	-0.0596330544	0.0670284355	0.1499932049	-0.0504538738	-0.02850215	0.1189581832	0.0974050876	0.0566321973	-0.0677092653	-0.0623193699	-0.067451593	0.0025327858	0.1488501199	-0.0419885525	0.0872269794	-0.0431327631	-0.0217519184	-0.0397247391	-0.0413561939	-0.1567535936	-0.0112041403	0.0405915591	-0.0077651312	0.098576664	-0.0924765858	0.1313408471	-0.0956892311	0.0521158938	0.0303483415	-0.0974706598	-0.0031362146	0.0216131756	0.1008990366	-0.0735579562	0.1104022828	-0.0460768776	-0.1270088206	-0.1230928935	-0.0346804756	-0.0122861953	0.0011485344	-0.1098641907	-0.0184234325	-0.1022678672	0.0542176695	0.0534277641	-0.0188101514	-0.0206121767	-0.0225797391	-0.0569218351	-0.0595102198	-0.0489310127	-0.1202820338	-0.1053801389	-0.1463584656	-0.0362393249	0.1234885921	-0.0386196852	0.0057198419	0.0018317188	0.0860752665	0.0829766484	-0.0092196428	0.0227561642	0.0101093853	0.0368298993	-0.0757489532	0.0219557769	-0.0457729558	0.0587687645	0.0214778369	-0.1157827944	-0.1029961407	0.022527861	-0.0822480637	0.0948565181	-0.0219207031	-0.1002777661	-0.0597067531	0.0345236675	0.0364597609	-0.0319465552	0.0030553532	-0.0277026179	-0.0127310597	-0.0798199387	0.1104082058	0.1084685014	-0.0131294115	0.1594657557	0.0996104081	0.083539322	0.1422457015	0.0426557548	0.0917333314	0.0434063957	0.036415702	0.1279290058	0.0847204689	-0.0334133662	0.0461257317	-0.0734783047	0.0748358689	-0.1714904238	0.0349614411	0.0489531854	-0.0744609143	-0.1261213679	-0.0614615392	0.0464930173	-0.0012337877	-0.0980585014	0.075202265	0.0596153719	0.050466566	-0.102849274	-0.0533260002	0.0287514504	-0.0300052434	-0.1427747417	0.1013828065	-0.0737768986	0.0211546751	0.065536132	0.053754205	0.0369815095	-0.0995433163	-0.0716590793	0.1308782715	-0.0001120553	0.1367737223	0.0897165441	0.0112979131	0.0446192376	0.0705283041	0.1088435758	0.0689926158	-0.0727207926	0.0042605967	0.2110817148	0.004338826	-0.0617801365	0.0631972192	0.053061487	0.0044321195	-0.0512638128	-0.0635178834	0.0407055471	0.0658801949	-0.1649208938	0.07086161	-0.1769199281	-0.0866310014	-0.1180727149	-0.0560952744	0.118496684	0.1179527935	0.1170481578	-0.0180732	-0.0045789	2.0966325210000004e-05	0.00032664055824	-0.0181861	-0.02437295	0.0005940406917025	0.00033073423321	0.0069587	-0.0198626999999999	4.842350569e-05	0.0003945268512899	0.0	0.000345903	0.0	1.19648885409e-07	-0.000173399	-0.000173399	3.0067213201e-08	3.0067213201e-08	-6.55585e-05	0.0001473855	2.172248561025e-08	4.297916922250001e-09	0.0	0.0	0.0	0.0	0.0	0.0	0.0	0.0	0.0	0.0	0.0	0.0	0.0	0.0	0.0	0.0	0.0	0.0	0.0	0.0	0.0	0.0	0.0	0.0	0.0	0.0	0.0	0.0	0.0	0.0
568.4163134636198	-0.3800030345796585	0.1444023062897491	323097.10541157203	828.5718816346454	-0.2522801408974828	0.0636452694912538	686531.3630355768	533.6191433767835	-0.9132062387624272	0.8339456345146194	284749.39017817227	564.7719134809638	503.34950457432353	1.179398	50.19001	0.076952435	0.0391451	-0.0595581547	-0.0560760271	0.0438722335	0.0903345633	-0.0025653481	0.0459102054	-0.008639405	-0.0738279589	-0.0833231169	-0.0330261893	0.0145513333	0.047525558	-0.0190377713	-0.0638330649	0.0775684539	-0.0352353234	-0.0416318722	-0.0289845693	-0.1199851576	-0.0523649106	0.105323214	-0.005051468	0.0991938925	-0.002055112	0.0208586738	0.0886661187	0.1364446238	-0.0919525605	-0.0470128532	0.0883158517	-0.21413917	0.1431614612	0.0517150534	1.55354e-05	0.0022218426	0.086278256	0.1785958345	0.0654633601	0.0369491089	0.0761348252	0.0844536373	-0.0071770722	-0.108062044	-0.1082511316	-0.0318792318	-0.1762795346	-0.0585415671	0.0552950986	-0.0891256733	-0.049452893	0.012298917	0.1137570241	0.0307606078	-0.0913323011	-0.0622082024	-0.0534199999	0.1130806488	0.1316565485	0.1724602581	-0.0700116442	0.0278582088	-0.0457856386	-0.0112675251	0.0610341528	-0.0036894509	0.1314208491	0.0061105185	-0.0901663072	-0.0053164397	-0.0735004191	0.0201582816	0.048561083	-0.0836312043	0.0156307461	0.0357086515	0.0889059717	-0.05350646	0.1090328906	0.0252750954	0.0171311364	-0.0614171277	0.0709821559	0.0515060634	-0.0902039796	-0.1133860717	0.0067578361	-0.0065323837	-0.1320725233	-0.0023913493	0.0167926709	0.0678841928	-0.0076379224	0.0565873294	-0.0668450237	0.0987814187	-0.0035970082	0.0847537986	0.0105961923	-0.1464588835	-0.1230744596	-0.0792763614	0.108820112	-0.0339387467	-0.0259559097	-0.1065077012	0.0729755971	-0.0337505054	-0.0105430706	-0.0563131224	-0.1631286187	0.018722216	-0.0638407024	0.1185355308	0.0233667867	0.0855344776	-0.0357713418	-0.0835968194	-0.0360865068	-0.0582144545	-0.1403134785	0.0098768847	-0.0998175094	-0.084787669	0.0017671927	-0.033118403	-0.0005649949	-0.1232781184	-0.0212217713	0.0570032534	0.0980911262	0.026066233	-0.0124472177	-0.1152553686	-0.0429867514	-0.004615869	-0.034493545	0.0313136385	0.1227584566	0.0851672819	0.1142413344	0.06671828	0.0532111206	-0.0186202568	0.0681818086	-0.0224080584	-0.0578371861	0.0252615303	-0.0491994546	0.1098313125	-0.0350051303	-0.0618734575	0.0649035296	0.0168354135	-0.1868474016	-0.0132123822	0.0931642314	-0.072236824	-0.0380912967	0.0855621969	-0.0988758758	0.0402193703	0.0588518466	-0.0285400798	-0.1255415956	0.1098746571	-0.086710656	-0.1098271559	-0.0809665124	0.0878960538	0.0156476368	-0.0868100655	0.1198374253	-0.0443671493	0.0204876403	-0.0957825835	0.066037123	0.0747975164	-0.0619493594	-0.0142471745	0.145700771	-0.0089057925	0.0756165052	-0.0019469877	0.1239699699	0.0008610605	0.1500171699	0.0127090042	0.137466192	-0.065451125	-0.0141665488	-0.1249692903	0.0021459317	-0.0562815919	-0.0639125423	-0.0118296099	0.0315296124	-0.0044130098	-0.1101201304	-0.0233960492	0.1183225485	0.1172578276	0.115490384	-0.0075772499999999	0.0104959500000001	0.0001101649664025	5.741471756249848e-05	0.00717096	0.02535706	0.0006429804918436	5.1422667321599993e-05	0.0232349	0.0162761999999999	0.00053986057801	0.0002649146864399	-0.000427803	-0.000427803	1.83015406809e-07	1.83015406809e-07	-0.000176502	-3.103000000000014e-06	9.628609000000087e-12	3.1152956004000014e-08	0.0	6.55585e-05	4.297916922250001e-09	0.0	0.0	0.0	0.0	0.0	0.0	0.0	0.0	0.0	0.0	0.0	0.0	0.0	0.0	0.0	0.0	0.0	0.0	0.0	0.0	0.0	0.0	0.0	0.0	0.0	0.0	0.0	0.0	0.0	0.0	0.0
569.4579386890977	1.041625225477901	1.084983110351888	324282.3439360361	826.0084061188287	-2.5634755158166627	6.571406720191504	682289.8869789678	533.4195824219362	-0.1995609548473567	0.0398245746995887	284536.45091119275	564.6360281724463	485.97325689003486	1.20119	51.117378	0.06184213713	0.0332671	0.0403736853	-0.1349694078	0.0921751552	-0.0257380224	0.0239425008	0.0653244273	0.1034053438	-0.0322657302	-0.1204592484	0.0492602409	0.0293608958	-0.105707924	0.0535873586	-0.0591217615	-0.1020449473	0.1413522163	-0.0480102253	-0.0823253227	0.0582270649	-0.0994017343	0.0458575051	-0.1780269433	0.0328116883	0.0583775425	0.1724231367	0.0979522332	-0.0007590032	0.0046163901	0.0114879496	-0.0739553972	-0.0001097541	-0.0450670839	-0.0372816009	-0.0295400328	-0.0361749679	0.0427352215	-0.0577924372	0.1195036569	0.2073271701	0.1021023508	0.1563665334	-0.0048363205	-0.0018945654	-0.050169774	-0.0625120676	0.2181949541	0.0172479069	0.0467733477	-0.0344755295	0.0470881584	-0.1109716957	0.1525462497	0.0200988966	-0.1010944751	0.0518480417	-0.0718709842	-0.1198883627	0.0716614918	0.1841578867	-0.1010751224	-0.037348829	0.0454243021	-0.0240849201	-0.0260266438	0.1323384339	0.0644448823	0.0472603319	0.007830421	0.0705772485	0.0114929687	-0.1001387759	-0.0082956163	-0.0517876307	0.0948167277	0.0525704546	-0.0557460361	0.1311209982	0.0855188033	-0.0124163143	-0.0254083045	-0.0485820452	-0.0841926792	-0.0427633624	-0.0081056491	-0.0881870006	-0.088815634	0.0939400311	0.0538617828	0.1033741499	0.1229465923	0.080935685	-0.1473251141	0.0694181818	0.1710883772	0.0377824481	-0.0056378133	0.0237306231	-0.0287070263	0.0265159722	0.0515880459	-0.1478571287	-0.0793545068	0.011350007	-0.1087616853	-0.003181714	-0.1063595223	-0.0316659506	-0.1204599589	0.0350985984	-0.0696134548	-0.0658579269	-0.0958103352	0.1469464251	-0.082536103	0.1376968646	0.001886442	-0.0778773074	0.0666836978	0.1739953223	-0.0534937812	-0.0351042968	-0.0081751279	-0.1599749142	-0.0151500084	0.0878484971	-0.019020762	0.0395751887	-0.0158966779	-0.0265106858	0.0297233593	0.0899000557	0.0183217059	-0.1082241236	-0.0337966175	-0.0481321512	0.138809521	-0.1122828137	0.1193996266	0.0559065188	0.2259222574	-0.0201571513	0.0830000103	0.0968525652	-0.0465464733	0.0396925814	-0.1252845218	0.047590889	-0.0264178968	0.0168790815	-0.0385808146	0.0175820098	0.0367233008	0.0207074427	-0.0880995452	0.1196693088	-0.0295989724	0.0681620367	-0.007932088	-0.0450432495	0.0385600603	0.0434578442	-0.1131080494	0.0619272283	0.0108435046	-0.0783965478	0.0327065781	0.0022462263	-0.0034182481	-0.048126213	0.0126923885	0.2648022949	0.0067455004	-0.0151575881	0.045842566	-0.0860060663	-0.0032871205	0.1457512865	0.0032314167	0.1067788784	-0.0414282351	0.0710988307	0.04863666	-0.1413416024	0.0321711999	-0.1133634595	0.0817390304	0.0992036806	0.034250667	0.0409552149	-0.0523990784	-0.0443383784	-0.0770271376	0.066096018	-0.1215120413	0.0131103285	0.0683654042	0.0287199024	0.0052456675	-0.0315022205	0.1180905004	0.1163333239	0.1134240387	-1.67287e-06	0.0075755771299999	5.738936885257752e-05	2.7984940369e-12	-0.0207651	-0.02793606	0.0007804234483236	0.00043118937801	0.0193491	-0.0038857999999999	0.00037438767081	1.5099441639999987e-05	-0.000135059	0.0002927439999999	1.8240933481000003e-08	8.569904953599997e-08	-0.000175698	8.040000000000011e-07	6.464160000000018e-13	3.0869787204000003e-08	0.000155346	0.000155346	2.4132379716e-08	2.4132379716e-08	0.0	0.0	0.0	0.0	0.0	0.0	0.0	0.0	0.0	0.0	0.0	0.0	0.0	0.0	0.0	0.0	0.0	0.0	0.0	0.0	0.0	0.0	0.0	0.0	0.0	0.0	0.0	0.0	0.0	0.0
570.9430369829707	1.4850982938730797	2.2055169424647314	325975.9514793379	825.7837722891652	-0.2246338296635031	0.0504603574292917	681918.8385761238	534.0600903143886	0.6405078924524332	0.4102503602938577	285220.1800666129	565.1389221509252	553.297966239585	1.582999	67.365463	0.06699854625	0.0386969	0.0709648498	-0.0756241925	-0.1340693152	0.3321186626	-0.1045094599	0.0127331049	0.1251187062	-0.0407756783	0.0502617467	-0.0353047477	-0.1659795067	-0.0322964969	-0.032464031	0.0264852496	0.0524418541	0.0042145012	-0.0013060097	-0.015561171	0.0382837089	-0.0599664307	0.1937294162	-0.0674837292	-0.205588786	-0.0847574443	-0.0871343758	-0.0363028038	-0.0467844571	0.0354303127	-0.0120583666	0.0077897946	-0.01309467	-0.0813037894	-0.0039630519	0.0689869981	0.0882270317	0.0206308338	0.0324408139	0.057935643	0.0767786299	-0.1136284198	0.00184614	-0.0896764788	-0.0144284179	0.0447065255	0.0401206725	-0.0111629285	0.1162477103	-0.2003797254	-0.0057978332	-0.0233754361	-0.1086375035	-0.0210436428	0.0120107346	0.0488101301	0.0395788686	-0.1062390605	-0.0924813398	0.1771131181	0.147279523	-0.259926127	-0.0525538209	0.0378203305	0.0022668183	-0.0596829874	-0.1561998896	-0.1193227111	-0.0229362608	0.0043741873	-0.0398754895	0.0311834473	-0.0815496505	-0.0156546997	-0.0111636568	-0.0121737018	0.0875912445	-0.0730227249	0.1353344813	-0.0742994875	-0.0901266632	-0.0309124479	0.1044817631	-0.0135843623	-0.0426884596	-0.0097085827	0.0550687998	-0.105303007	-0.1518107301	-0.157011421	-0.1672188727	-0.0004989264	-0.0829813558	0.049688117	-0.0731466272	0.0910492411	0.0339520287	-0.10694121	0.0140554199	-0.0544490533	0.0758646085	0.018559868	0.1012578034	-0.1150412497	0.0530974639	0.0199764294	0.135860886	0.0626565011	0.0254025576	0.0832368739	-0.0294418333	-0.0791436096	-0.0721288481	0.0887525726	0.0058285217	-0.1051116566	0.024946221	0.0201942152	0.0047448064	-0.0364468969	-0.0862020021	-0.0329797817	-0.0825816325	-0.0449386926	-0.0867722718	-0.1918901633	0.0230087399	0.077498299	-0.0934297744	0.0044619494	0.1062371462	0.1617959909	0.2196371284	-0.0229344765	-0.0076766689	0.00080565	-0.032330526	0.2494055532	-0.0077214465	-0.1576078577	-0.0918527329	0.0066779563	-0.1987397414	0.0664972673	0.122139886	0.0128878393	0.1467011485	0.0240157268	0.0536947302	0.0572651749	-0.0514630001	-0.0254628316	0.1135711878	-0.0780863456	0.0156117566	0.0656989845	-0.1522715941	-0.1005481343	-0.0656393023	0.0970167199	0.005731134	0.0390812808	-0.0741281834	0.0700860784	-0.0396019029	0.03415232	-0.0661605936	-0.1303990905	0.0448110033	-0.0058589708	-0.0778425051	-0.0645562188	-0.0120367044	0.1153830984	0.0862313974	0.0233391362	0.0067109251	-0.0846853128	0.0793288023	-0.0573204174	0.0732648428	0.1224735637	-0.1422075319	-0.0793402557	0.0387867651	0.066992474	-0.0929732308	0.1528236136	-0.0272484059	0.104082943	-0.0472381349	0.017883874	-0.1017103902	-0.1338288718	0.0002550899	-0.0908138429	-0.07818601	0.1770876841	-0.0542547463	-0.0568060349	0.1924984452	0.1178006533	0.1151810923	0.1108582214	5.67338e-06	7.34625e-06	5.39673890625e-11	3.2187240624400003e-11	0.0140067	0.0347718	0.00120907807524	0.00019618764489	0.0151493	-0.0041998	0.0002295012904899	1.7638320040000014e-05	-0.000471176	-0.000336117	2.2200682297600001e-07	1.1297463768900004e-07	-0.000311464	-0.000135766	1.8432406756e-08	9.7009823296e-08	0.000243855	8.850899999999999e-05	7.833843080999998e-09	5.9465261025e-08	0.0	1.0	0.0	0.0	0.0	0.0	0.0	0.0	0.0	0.0	0.0	0.0	0.0	0.0	0.0	0.0	0.0	0.0	0.0	0.0	0.0	0.0	0.0	0.0	0.0	0.0	0.0	0.0	0.0	0.0
570.3655882918622	-0.5774486911085432	0.3334469908629698	325316.90430752205	825.7148478001963	-0.0689244889689462	0.0047505851796303	681805.0098777013	534.0806852756842	0.0205949612956146	0.0004241524307678	285242.17838454444	565.6047537877313	550.728760383844	1.160031	49.365814	0.04938740338	0.0255793	0.1083994527	-0.0236819808	-0.1301072565	0.3341804564	0.0044795354	-0.0456262122	0.1210382483	-0.0909411443	-0.0154806553	0.0547674314	-0.0546147726	-0.1504008338	0.0090342499	0.0358700228	0.1083838121	0.0478903889	0.1559565104	-0.0361186714	0.0124475963	0.0080529192	0.0486982797	-0.0508740253	-0.0475365169	-0.0824041195	-0.0443965258	-0.0620161337	-0.152714845	0.0268872311	-0.0412165845	0.1018162487	-0.098733495	-0.0429296767	-0.0146733284	0.1081913296	-0.1143549335	-0.0288773403	-0.0139408343	0.0887219004	0.0979396554	-0.1033158374	0.0816609897	0.0154911612	0.097750556	0.019048971	-0.0644338758	-0.1686144526	-0.0857614251	-0.1046729442	-0.1587586112	-0.0215604406	-0.1336744453	-0.0687984069	-0.0050177158	-0.0546768047	0.116041322	0.0928453534	-0.0126799824	-0.0506990812	0.0582520287	-0.0745745426	-0.0821379842	-0.142165758	0.0318910321	-0.0253202607	-0.0463090562	0.144134396	0.1005977365	0.0252219242	0.135230757	-0.0090780967	0.0241454349	-0.0536234308	-0.1049270079	-0.0453086075	-0.0877270777	-0.1769003807	-0.1920038784	-0.0091668873	0.0474058932	-0.0513511964	-0.1334657745	-0.0656624813	-0.0716847	0.0270170186	0.1029891596	-0.1122666544	-0.0098812751	-0.0638763943	-0.0627234815	-0.0578289391	0.0281257095	0.1279470049	-0.0261546447	0.0295504798	0.0972403686	0.1832196687	-0.0943228209	0.0339588927	0.013415633	0.0241193463	-0.0343897249	0.0618196941	0.0752093391	-0.0288174299	0.1036142074	-0.1389411376	0.0123813688	0.1049038812	0.0923022121	0.1192984071	0.0219644302	-0.0593481538	0.0123653198	-0.1575433496	-0.0333580838	-0.047226558	-0.0326396163	0.0685878074	0.0201178315	-0.0361635746	-0.0163729974	-0.1082137492	0.0676154887	-0.074039625	-0.0334009086	-0.0021326089	0.1624947262	0.0288563671	0.1414960479	0.0127908779	0.0529435802	0.1139428694	-0.1390646911	-0.065095759	-0.0001117688	-0.0155169869	-0.0491417341	-0.0290857259	-0.068865894	0.0258606664	-0.1154097884	0.013373846	-0.006931842	-0.2662687327	-0.2066702299	-0.0455393822	0.1053054677	0.0171897419	-0.0413003837	-0.0159395594	0.0744019262	-0.0012664067	-0.168857058	0.1169312653	-0.0107835854	-0.0003420698	-0.0995136753	-0.0128478323	0.1107591201	0.0265630428	-0.0258885626	0.0589089081	-0.071246242	0.1045788742	0.0789336933	0.0784346255	0.0118620303	-0.0495320833	-0.0605176308	-0.1346773483	-0.0826893198	-0.0907734065	-0.1514149886	-0.0232419638	0.1188728522	-0.1302417499	0.0469941183	-0.0190446191	0.0377102463	0.0550584231	0.1173812199	-0.2152049207	0.0845256816	0.1337984994	-0.0321980256	0.2110516103	0.0433342872	0.1706368098	0.0037246885	0.1031427143	-0.1902218491	-0.0726445555	0.053589677	0.0420779919	-0.0506209242	-0.0421326089	0.1026173589	0.0723572731	-0.073198007	0.117453149	0.1138033884	0.1078042307	-0.0044696	-0.0044752733799999	2.002807182573662e-05	1.997732416e-05	-0.00640108	-0.02040778	0.0004164774845284	4.09738251664e-05	0.0128712	-0.0022781	0.0001656677894399	5.18973961e-06	-0.000372221	9.895500000000002e-05	1.38548472841e-07	9.792092025000004e-09	-0.000413179	-0.000101715	1.0345941225e-08	1.70716886041e-07	0.0	-0.000243855	5.9465261025e-08	0.0	0.0	0.0	0.0	0.0	0.0	0.0	0.0	0.0	0.0	0.0	0.0	0.0	0.0	0.0	0.0	0.0	0.0	0.0	0.0	0.0	0.0	0.0	0.0	0.0	0.0	0.0	0.0	0.0	0.0	0.0
567.6250927156519	-2.7404955762102645	7.51031600322803	322198.24588045245	826.093197536605	0.3783497364087225	0.1431485230405497	682429.9710162523	533.6672233564203	-0.4134619192639093	0.1709507586813954	284800.70528495143	564.9903413081437	485.3672691073316	1.54739	65.850128	0.04187468802	0.019298	0.1145588984	-0.0028295938	0.0709234996	0.0237591335	0.093839741	-0.0434577815	0.142180561	-0.0690713771	0.0737818867	0.0100223879	-0.1451174763	-9.10147e-05	0.0092756498	-0.0199055352	0.0929671868	-0.1143436877	0.0123518779	0.0109805646	0.0198468599	-0.0459837543	0.0063081993	-0.0429526388	-0.0455772932	0.0136149931	0.0724441858	0.0851729156	0.0239150551	0.1776070329	-0.1346519798	0.0209440959	0.0374998666	-0.027722472	-0.128186246	0.023042518	-0.111479222	0.1287018554	-0.0004324204	-0.0663710718	-0.0436379518	0.0657505596	-0.0408527785	-0.0652446976	0.005002945	-0.1712164159	0.1792375489	-0.0770453521	-0.2500743118	0.0438273088	0.11970012	0.082280525	-0.116332308	-0.0156693244	0.0055963155	-0.0425556323	0.0123096314	0.0447093529	0.0907687582	0.018762212	0.1126227154	-0.0513771915	0.0992707786	-0.0243234478	-0.0785566451	0.0097087326	0.0630402552	0.0439148258	0.1977604127	0.0405276991	0.001854703	-0.0156201582	-0.1199159031	-0.043010816	-0.0301678157	-0.0273271767	0.0777639675	0.0244861484	-0.0293981328	-0.0455722547	0.1282520032	0.0824684609	-0.0382749507	-0.0669700692	0.1031228428	-0.0049574469	-0.0186007682	0.0941964455	0.111028975	0.0572367438	0.0597996657	-0.0483682026	-0.0691863849	0.0825745185	-0.2089810098	0.0412181647	-0.0064862151	-0.0687629519	-0.1784840142	-0.037175565	-0.1393324631	0.0506682849	0.0299766638	-0.0126403506	0.0238321311	-0.137763095	-0.0093347539	0.0095702104	0.05627486	0.0151564378	-0.0214323146	-0.0846308136	-0.0335436656	0.0299068221	0.0028464307	-0.1126142351	-0.0139830937	-0.0008793903	0.0071462976	0.0233590623	-0.0476240592	-0.0504784191	-0.0412674539	-0.1979393655	-0.0005371945	-0.1097168928	-0.0707637262	-0.0254122877	-0.0309484433	0.051956172	-0.0837795988	-0.0337232315	-0.0609721563	0.1102370441	-0.0614996688	-0.0210499592	0.0551164936	0.1762823479	-0.0384067754	-0.0183156334	0.1127927989	-0.1235050277	0.1047985405	0.0455054027	-0.0054258449	-0.0441302936	-0.114177861	0.0724021294	-0.0460876112	0.0062323396	0.141046754	0.0795431186	-0.0667200335	0.0553463555	-0.0149271146	0.1233935775	0.0309536861	-0.0196891021	-0.0014068316	-0.0401703223	0.0496486306	-0.1376494777	0.0804700093	-0.0098953208	-0.0041644211	0.0103114693	0.1164126337	0.0421575477	0.1536927692	-0.0252225159	0.0610507789	0.0585468492	0.1600930031	-0.0255761873	0.0328365704	0.0355448508	-0.0105144214	-0.1063536086	0.0297208853	-0.0684514214	0.1942566925	0.1407030512	-0.067570403	-0.0093856068	-0.0143591953	0.1513430013	0.0287084423	0.0821346525	0.0365950575	0.1037685146	-0.0088238039	0.0659397501	0.1342904862	-0.0210914713	0.0663601074	0.0350507288	-0.0169353545	0.0269115535	0.0025060718	0.0291717259	-0.1067458902	0.1170481578	0.1122029089	0.1042755153	-0.00265419	0.00181541	3.2957134681e-06	7.044724556099999e-06	-9.50198e-06	0.00639157802	4.085226958574712e-05	9.02876239204e-11	0.0232506	0.0103794	0.00054059040036	0.00010773194436	-0.000218303	0.000153918	4.7656199809e-08	2.3690750724000005e-08	-0.000345042	6.813700000000002e-05	4.642650769000002e-09	1.19053981764e-07	0.000243711	0.000243711	5.9395051521e-08	5.9395051521e-08	0.0	0.0	1.0	0.0	0.0	0.0	0.0	0.0	0.0	0.0	0.0	0.0	0.0	0.0	0.0	0.0	0.0	0.0	0.0	0.0	0.0	0.0	0.0	0.0	0.0	0.0	0.0	0.0	0.0	0.0
568.9994888242494	1.374396108597466	1.8889646633278576	323760.4182822571	829.8608078361884	3.7676102995834526	14.194887369527311	688668.9603825313	533.8729995689116	0.2057762124912869	0.0423438496272592	285020.3796687071	565.3838200013076	483.4953847740896	1.065472	45.341785	0.06852144198	0.0358336	0.1038029792	0.050311767	0.0754206074	-0.0241879807	0.0159242312	-0.0845272022	0.0901371384	0.0224237682	-0.0119520604	0.1295629356	-0.1062920766	-0.0163906016	-0.0508923231	0.2411417922	-0.0555172225	-0.0094258153	-0.0883837006	0.1588208257	-0.01587032	0.0678479481	-0.0103574901	0.1034935691	0.0449400777	0.3261811214	-0.1138942564	0.0057102154	-0.003699108	0.0070520822	-0.0194005975	0.0713863894	0.0204362447	0.0173970725	0.0984610052	-0.003886185	-0.026339426	-0.0058128403	-0.0906160637	0.1290725588	-0.0254307999	-0.0900837758	0.0104425242	0.0604568073	0.0121194634	0.0190209532	-0.0641104985	-0.0062560165	0.0418347242	0.0021598245	-0.0022274639	-0.0282830327	-0.057910747	-0.0591024847	0.0854584077	-0.0557482233	0.0996430216	-0.0233175806	0.0303691451	0.1349511182	-0.1652491704	0.0759375173	0.048561833	0.0026292497	0.1033609446	0.0927458641	-0.0808500434	0.0647274873	0.0484564612	-0.0029942843	0.0116810709	-0.0921065462	-0.0222533936	-0.0949916856	0.087635254	0.1273255857	0.0861127013	0.0121694076	-0.0799178317	0.1067468931	-0.0376484705	0.0128498381	0.2276263684	-0.0355413027	-0.1299094525	-0.0432685365	0.0653488142	0.1172988339	-0.0383149324	-0.0356919319	0.0518681445	0.0168919661	-0.0245513465	-0.130503706	-0.0662512297	-0.0144491492	-0.0062009427	-0.1063110216	-0.0257796446	5.46411e-05	0.0727475646	0.0046798836	0.0077188092	0.024404784	0.0613476029	-0.0212430683	0.0891397538	0.0236027274	-0.0638029418	-0.0059058913	0.0699210009	0.1283853666	0.0923310051	0.0615380016	-0.0274064388	-0.0682787136	-0.0654970396	0.0664079004	-0.0193943244	0.0831812365	-0.0313893248	-0.1848891453	0.0313048754	-0.0048734378	0.1569909639	-0.0184662957	-0.0227553747	-0.0823964344	-0.1162543858	0.1462115796	0.0883877997	-0.0012718105	-0.0358586439	-0.066962632	0.0418193336	-0.1718007016	0.0259148012	0.0193730765	-0.0275559663	0.1263204069	-0.0137268077	-0.1512405391	0.0443067243	-0.0744168468	0.0434642776	0.061820709	0.1750710869	0.00512873	-0.0709914404	0.1360132893	-0.1261390132	-0.0136543917	0.0178097368	0.0107978538	0.142447221	0.0434469731	-0.0250125772	-0.0856736036	-0.0783636852	0.0882659771	-0.0782564698	0.0442200599	-0.035755151	-0.0554339983	0.0134305673	0.0087917453	0.0309921196	0.1414107078	0.1452794488	0.0460451735	-0.0755996081	-0.0917487262	-0.1806813978	-0.1164620556	0.0228916243	0.0776590653	0.0423707029	-0.0823150905	-0.0534086928	-0.1848016252	-0.0042182885	-0.0066945835	0.0950041052	0.0955009149	0.025066516	-0.0230281531	0.0640669112	0.0737098849	0.1133131226	0.2192561484	0.0201614852	0.0393680839	0.1754160168	-0.0723737006	0.060752012	0.1977241037	0.1052311553	0.1335546977	-0.0344761227	-0.0412029071	-0.031767172	0.1165858777	0.110382787	0.100287614	0.0119703	0.01462449	0.0002138757077601	0.00014328808209	0.0163719	0.01638140198	0.0002683503308303	0.00026803910961	0.0491889	0.0259383	0.00241954788321	0.00067279540689	-0.000387625	-0.000169322	1.50253140625e-07	2.8669939684000004e-08	-0.000336992	8.050000000000006e-06	6.48025000000001e-11	1.1356360806400001e-07	0.000297884	5.4173e-05	2.934713929e-09	8.8734877456e-08	0.0	0.0	0.0	0.0	0.0	0.0	0.0	0.0	0.0	0.0	0.0	0.0	0.0	0.0	0.0	0.0	0.0	0.0	0.0	0.0	0.0	0.0	0.0	0.0	0.0	0.0	0.0	0.0	0.0	0.0
570.0909172053618	1.0914283811124506	1.1912159110977447	325003.6538800508	831.1869850761752	1.326177239986805	1.7587460718590198	690871.804160022	534.0294423044264	0.1564427355148154	0.0244743294953585	285187.4452479767	565.4151146590066	489.78238723220375	1.148467	48.873726	0.103519945	0.0517681	-0.0275310226	0.0814140459	0.0768970957	-0.0773019043	-0.0613766338	-0.0059969014	-0.0630269004	0.1187420681	-0.0234917527	0.1194810137	-0.0450534353	-0.0009793529	-0.0097411414	0.1112159678	0.0355507168	-0.0002231266	-0.0583208174	-0.0315323315	-0.0371537711	-0.0334866597	-0.076149956	0.1629947389	0.0375882442	-0.1694502491	-0.0159382751	0.1114215679	-0.0022186259	0.0205197624	0.0743529486	-0.1265280707	0.0490743436	-0.066258601	-0.0966240203	-0.0021064777	0.0233221993	-0.0141332493	-0.0170175388	-0.0517807891	-0.1261750051	-0.0001693724	0.0615027216	0.0123732826	0.1074208326	0.0832156236	-0.0513023444	0.1329587718	-0.0604827459	-0.0257336496	-0.0512961226	0.0544345125	0.0897637246	-0.0423755347	0.0769517433	0.0663460883	-0.0139399033	-0.1082142197	-0.0678634598	0.0332293921	0.0678662551	0.0997626299	0.031528913	0.133661339	0.2172307033	-0.0782113192	0.0392803725	-0.0692221086	0.0692028843	0.1014449611	0.0365541163	0.0255995049	0.0020432652	-0.0062326258	-0.0248714701	-0.0834196904	0.051263716	0.0831335747	-0.0392511009	-0.0005270901	-0.1213692727	-0.0875064211	-0.0502096827	0.028256349	-0.0335380819	-0.0131438135	-0.0021037802	0.0843996778	0.0367970062	0.0102134494	-0.005192667	0.1150617402	-0.0418214912	0.0671163233	0.0370807445	-0.0308213727	-0.0846526655	-0.1452909087	0.0341307792	0.0514461461	-0.0505528263	0.057404262	-0.0304379969	0.0687585533	-0.0173231902	0.0337876983	-0.1684579045	-0.0781151087	0.0993373943	0.0872786295	0.1146059465	-0.0330367398	-0.1482890601	0.0283229363	0.0281713593	0.0864047438	-0.039461139	0.0890085815	0.0103964747	0.0296030649	-0.0271644361	0.1056102782	-0.1463846939	0.034034352	-0.0959195043	0.0640811921	0.1360773023	-0.0094388246	0.0067139408	0.1351910205	0.01149575	0.0289268653	-0.0558954575	-0.0805713451	0.08892083	-0.0468615916	-0.1269483139	0.0694527451	0.0936829371	0.0021883705	0.0386410564	-0.0218897726	0.0144955086	0.1712087663	-0.0099880951	-0.0492613968	-0.022352648	-0.0014092672	-0.1499026606	0.0145646198	0.116692672	-0.0312132741	0.1162453456	0.0704290907	-0.0276045642	0.0078678618	0.025280861	-0.0328563523	0.0033128818	0.0526119101	-0.1068599586	0.0150330923	0.1891726382	0.0362182707	-0.1926811187	-0.0366178413	0.0237185507	-0.0387790491	-0.0955464689	0.0095102539	-0.0519376914	0.0121572469	-0.0127654265	-0.0363874548	-0.0686024921	-0.0400403269	-0.0702908404	0.052409419	-0.0798042228	-0.0149795507	0.2015835503	-0.0323262736	-0.0375584947	0.0461908527	-0.0153803863	0.0526299568	-0.1206888685	0.0188499066	-0.0214362956	-0.0439276789	0.0742420909	0.1256168152	0.0725623355	0.125148675	-0.0132821064	0.0694101005	0.1447503886	-0.0478122215	-0.0691172877	0.0210289598	0.0456372635	0.116066535	0.1083465856	0.0958580879	0.00765427	-0.0043160299999999	1.8628114960899997e-05	5.8587849232900005e-05	-0.00911593	-0.02548783	0.0006496294781089	8.310017976489999e-05	0.014466	-0.0347229	0.0002092651559999	0.00120567978441	3.46351e-05	0.0004222601	1.19959015201e-09	1.7830359205201006e-07	-0.00023414	0.0001028519999999	1.0578533903999996e-08	5.482153960000001e-08	4.31324e-05	-0.0002547516	6.489837770256e-08	1.86040392976e-09	0.0	0.0	0.0	0.0	0.0	0.0	0.0	0.0	0.0	0.0	0.0	0.0	0.0	0.0	0.0	0.0	0.0	0.0	0.0	0.0	0.0	0.0	0.0	0.0	0.0	0.0	0.0	0.0	0.0	0.0
570.2722925735509	0.1813753681890375	0.0328970241857089	325210.4876770936	829.10706831075	-2.079916765425196	4.32605375109681	687418.5307228467	535.0480154404243	1.0185731359978265	1.0374912333764463	286276.3788267365	565.9826829374924	496.3847426255258	1.102461	46.915894	0.07601188258	0.038272	-0.0892416274	0.0320378276	0.0925378107	-0.0189732965	0.0361795505	0.0589445748	-0.0666892242	-0.0195764054	-0.0091311791	0.034227529	-0.0832197102	0.0371258923	-0.120780281	-0.0370958511	0.059655397	0.0681514209	-0.032870705	0.0590222071	-0.0961649417	-0.0285357946	0.0179307133	0.0107423464	0.0248459212	0.1696599633	-0.1049662289	-0.0025704317	-0.1268382096	0.1593245857	-0.0320931381	0.0774041904	-0.0892282376	-0.0162093174	-0.0176801681	0.0215920378	-0.0442255564	-0.1389021263	0.1529107954	-0.0496036966	-0.0277483485	-0.004179893	0.01730411	0.0519793721	0.023390257	0.054740632	-0.1138491828	0.1325655863	-0.0185625172	-0.0794605192	0.1047491322	-0.0717783263	0.0745918163	0.0221382083	-0.0225692861	0.088512354	0.0039572586	-0.0979107864	0.0821444935	-0.0204560542	-0.0899209011	0.0711968226	0.1516616954	-0.0753787926	-0.1018740998	0.1061690348	-0.1067332295	0.0847197701	-0.1445585223	0.0913435981	-0.0162036428	-0.0220578074	-0.051755933	0.0826655675	0.2093153279	-0.0759368245	-0.0215021777	-0.0036576733	-0.0730869614	-0.2003664925	0.0069742928	0.0801446437	0.0684939684	0.0734450616	-0.0453171839	-0.004238364	0.0543034269	0.001545586	0.1627457358	-0.0184828848	-0.0133974192	-0.1272181714	0.1146740315	-0.0926385528	-0.1069488337	0.0138751612	-0.0079109185	-0.1176122104	0.0062374308	-0.0423734036	0.1492469527	-0.0941576341	0.1085074649	-0.0262520158	-0.099530843	-0.0751847783	-0.1136512943	-0.0032399708	-0.0400945515	-0.1110609018	-0.0296513691	0.0072563524	0.1178092449	-0.0243897417	0.0018434164	0.0785085371	0.0176451183	0.0023796709	0.0436201946	0.020615486	-0.1460333149	-0.0882081788	-0.0498070275	0.082242348	0.0851935507	0.078976781	-0.0085767869	-0.1242381586	-0.0769137638	-0.1170881462	0.0970201081	-0.0596861368	-0.0661174479	0.0354636731	-0.0061491213	0.0646753561	0.2970642154	-0.071909076	-0.0585408823	0.0003856865	-0.0284218362	-0.1866001152	-0.0822301545	0.0273822233	-0.0841544619	0.0982903319	0.0036826374	-0.0081512488	-0.113522466	-0.0581587754	0.0601290512	-0.1051517898	0.0674127757	-0.0031377456	0.0536705508	0.0207506314	0.1101187911	-0.051275328	-0.033905205	0.0063428008	0.1171759456	0.0179645711	-0.1378051217	0.1251358014	0.0322831023	-0.0035141728	-0.1380062747	-0.0766192612	0.0361586823	0.1151649642	0.041444459	0.1311552501	0.0354091373	-0.1340714412	-0.0534218084	-0.0781724787	-0.0546609247	0.0751003037	-0.0078145196	-0.1087400026	-0.0747997297	0.0869072636	-0.0723411754	0.0613448067	0.0730314542	0.0110776495	0.0327421648	-0.1323677142	0.1708874591	-0.0049734236	0.0012164278	-0.0563484065	0.0023747117	0.0973880518	-0.1087297927	0.0200945346	0.1712286353	0.1028771103	0.0518875671	-0.000238078	0.0458693673	0.115490384	0.1060982907	0.0910064429	-8.05758e-06	-0.00766232758	5.871126394322866e-05	6.492459545639998e-11	0.017936	0.02705193	0.0007318069167249	0.000321700096	0.0363194	0.0218534	0.00131909881636	0.00047757109156	-0.000143721	-0.0001783561	2.0655725841e-08	3.181089840721e-08	-0.0002628	-2.8659999999999983e-05	8.213955999999991e-10	6.906383999999999e-08	-0.000138736	-0.0001818684	3.3076114918560004e-08	1.9247677696e-08	0.0	0.0	0.0	0.0	0.0	0.0	0.0	0.0	0.0	0.0	0.0	0.0	0.0	0.0	0.0	0.0	0.0	0.0	0.0	0.0	0.0	0.0	0.0	0.0	0.0	0.0	0.0	0.0	0.0	0.0
569.3650796594004	-0.9072129141504774	0.8230352716014016	324176.5939355554	827.9526082901402	-1.154460020609804	1.3327779391863888	685505.5215744463	534.367709007428	-0.6803064329963036	0.462816842776154	285548.8484298472	565.3780108828225	493.7707845650247	1.094961	46.596745	0.04781620168	0.0230423	-0.0822374333	-0.0562797905	0.1046476208	-0.0551577875	-0.0141939923	0.1088465408	-0.0442384085	-0.0149624545	-0.1303356636	0.0656825563	0.0926539499	-0.0980799094	-0.0694285155	-0.0084860011	0.136438614	-2.72989e-05	-0.0046682488	-0.000894345	-0.0535591823	-0.0033926377	0.0262841032	0.031909431	0.0400489981	0.0348244964	0.0594141564	-0.0613313953	0.0319949761	0.1154551089	0.0129774515	0.0819007547	0.0513026224	-0.0590674631	-0.0919039184	0.0304944176	0.1205225272	-0.0332965561	0.0936024962	0.0461022837	0.0013102446	0.1530662883	-0.0156393762	-0.0878830865	0.0227369749	0.0542431015	-0.0079389609	0.0283707457	0.0016131082	0.1181694352	-0.050097775	0.0947558531	0.0676937063	0.0919894824	-0.0455886229	0.0246752183	0.2118552812	0.0851449795	-0.037848391	-0.002891054	-0.0346306064	-0.113216567	0.0183399997	0.0223721041	0.1338845553	0.0841531266	0.0403796166	-0.1549349051	0.08466853	0.0878710767	0.1032847928	0.0068279042	-0.0746171595	-0.1081854616	0.0167848139	0.0195538856	-0.1365524899	-0.0517891074	0.0153481816	-0.0666514812	-0.1526357791	0.1122293205	0.0645611376	0.0974417171	-0.1436357246	-0.0089957358	-0.0922231885	0.0733536872	-0.0189516601	-0.0204679507	-0.1737159451	0.1225350664	0.0787376816	0.1082532212	-0.0427840834	0.0233116472	-0.036634629	0.0537285073	0.0116466313	0.1354704172	-0.0061425318	0.069959524	-0.0452677966	0.0182809968	-0.0059860127	0.1511105712	-0.0205853916	0.1363303724	-0.0392076043	-0.0716420501	-0.126108887	-0.1029475923	0.0212969853	0.0667620882	0.0115976759	0.0776545383	0.078424844	-0.0392494057	-0.003199115	0.2824142531	0.0280578454	0.1219188295	0.015159113	0.0107532777	0.0281270842	0.0559529411	0.0915394778	-0.0089927496	-0.0189147273	-0.0212150423	0.0134396705	0.0959836631	-0.130481584	-0.0623284316	-0.0938874854	-0.0445487343	-0.0611889592	0.1468277987	-0.078874517	-0.0357919246	0.0039318243	0.0145724695	-0.0806097871	-0.1691596919	0.0061150722	-0.0072835918	-0.0461427432	0.0106566628	-0.1731085338	0.0936220144	-0.0750094518	-0.0484060553	0.1864972357	-0.0280753937	0.001207969	-0.1138274228	0.0237781475	-0.0157322681	0.0017243777	-0.0595776636	-0.0504976647	-0.0314913443	0.0828397814	-0.0268633015	-0.0326819059	0.1036322535	0.0646461651	-0.056181194	-0.0347149833	-0.0212162929	0.017514072	0.0927101222	-0.0676765628	0.1085433003	0.0656631652	0.1331506982	-0.0142987328	0.0959824368	0.0380536431	-0.0547573154	0.1271226273	-0.162735921	0.120657557	-0.004435391	0.0155528902	0.0895399263	0.1298914225	-0.0590561579	-0.0041233829	-0.1724731557	0.0176599823	0.1227709857	-0.0045280786	0.1430539667	0.1875061892	0.0583263286	-0.0252989819	0.0072558437	0.1136030306	0.1140479353	0.1076882023	0.1148577065	0.1036423034	0.0857540434	0.00535015	0.00535820758	2.8710388470369453e-05	2.86241050225e-05	-1.61841e-05	-0.0179521841	0.0003222809139602	2.6192509281e-10	0.0282535	-0.0080659	0.00079826026225	6.505874281000002e-05	1.56976e-05	0.0001594186	2.4641464576e-10	2.541429002596e-08	-0.00030751	-4.471e-05	1.9989840999999997e-09	9.456240010000001e-08	-1.40664e-05	0.0001246696	1.5542509164160002e-08	1.9786360895999999e-10	0.0	0.0	0.0	0.0	0.0	0.0	0.0	0.0	0.0	0.0	0.0	0.0	0.0	0.0	0.0	0.0	0.0	0.0	0.0	0.0	0.0	0.0	0.0	0.0	0.0	0.0	0.0	0.0	0.0	0.0
570.2377305880264	0.8726509286259443	0.7615196432317229	325171.0693861825	825.9191848478321	-2.0334234423081625	4.134810895728378	682142.4998997074	534.6382158225553	0.2705068151273053	0.0731739370303181	285838.02181792515	565.4112546199334	487.06423848565726	1.153728	49.097614	0.0479695333	0.0218003	0.0275873309	-0.1075813393	0.1143941461	-0.0530077356	-0.0107658286	0.0756763626	0.0596177362	-0.0473368562	0.1768570006	-0.0350497374	0.0175242443	0.0864026355	0.1706977209	-0.1766329	-0.0286449265	0.0615564369	-0.0942070768	-0.0035868947	-0.0066930473	0.0051388093	-0.0474447543	0.1298139401	0.0440451629	-0.0320445731	-0.0246725961	-0.0651489237	0.0064423312	-0.0365842975	-0.003608973	0.0408030765	0.0085508659	0.0136962648	0.1044650037	-0.123369951	0.0129134211	0.0875232944	0.0875237457	0.1613221159	0.0030910072	0.0473746087	0.0352410237	0.0550808529	-0.0046319313	0.0490308109	0.0835451238	0.0948080747	0.1516143734	-0.1266316129	-0.0343101403	-0.1294115481	-0.0542077833	0.0973449002	-0.0542333656	0.0858508136	0.0187575937	-0.0789987707	0.1169081083	0.0587564318	-0.0763953989	0.088874322	0.0080874389	-0.0227422825	0.1043726559	0.0083785779	0.1266307789	0.173144878	-0.0582999483	-0.0575863565	0.0604234865	-0.1435618661	0.0809824708	0.0086296399	-0.0118799956	0.0382588308	-0.0894807251	0.0454562151	0.0677432995	0.1115218381	0.0667998642	-0.0083335245	-0.0158620146	0.2186104724	0.0009056188	-0.0880829581	-0.0472104992	-0.0403927916	-0.0751055609	-0.1314151315	-0.080594023	-0.1025995223	-0.092069993	-0.051862641	-0.015069873	-0.0320410178	0.0743165462	0.0278115533	0.1082467745	-0.06168523	0.0773801533	-0.0136138428	0.0430194054	0.038934527	-0.1371539011	-0.0076024508	0.1720615496	0.0546523685	0.1174975778	-0.0931101324	-0.005416781	0.0519812206	-0.0607482942	0.0805709697	-0.1675582345	-0.0324520326	0.1104054972	-0.0285049967	0.0875486464	-0.0718517145	-0.0503968395	-0.1461006423	0.1191230052	0.0083307563	-0.1130834638	0.0517501115	0.0561535602	-0.0633765734	0.0846100968	0.0621709172	0.0249098151	-0.0625216253	-0.0942148278	-0.1693044926	-0.002042064	-0.0454598419	-0.0212668495	-0.056845992	-0.0954510686	0.0548794374	-0.0149830334	-0.005536264	0.039463829	-0.0717421774	-0.0189868909	0.1130313394	-0.0238524084	-0.1033507682	0.0127071486	-0.0479953306	-0.0952310102	0.056182007	-0.0833154919	0.0354089408	-0.0264861782	-0.0364313615	-0.2640814551	0.0205001065	-0.1263845913	-0.0241896829	0.0983421923	0.1916163253	-0.109804131	0.0319842858	0.0582657774	-0.0891117818	0.0126378334	-0.0094328191	-0.1004796268	-0.0025011915	0.1241054528	0.0560400031	0.0342246001	0.0575055305	0.1534427398	0.1111219622	-0.0221298248	-0.0007635921	0.1163786346	-0.0509475857	-0.0115469833	0.0186560059	-0.0656309226	0.1018096105	-0.1574154062	-0.0740964342	-0.0044357685	-0.0623386665	0.1212460208	-0.1201919924	0.0315632182	-0.0586101902	0.1256755628	-0.04745462	0.0179557549	0.0211724031	0.0626954273	0.1731611294	0.0852509902	0.0461830339	0.1467509536	0.1141688124	0.1009834314	0.080124019	-1.68892e-05	-0.0053670392	2.880510977433664e-05	2.8524507664000003e-10	0.0129506	0.0129667841	0.000168137489896	0.0001677180403599	0.0256877	-0.0025658	0.00065985793129	6.58332964e-06	-0.000161668	-0.0001773656	2.6136542224000004e-08	3.1458556063360005e-08	-0.000189579	0.0001179309999999	1.3907720761e-08	3.5940197241e-08	-0.000260168	-0.0002461016	6.056599752256001e-08	6.768738822400001e-08	0.0	0.0	0.0	0.0	0.0	0.0	0.0	0.0	0.0	0.0	0.0	0.0	0.0	0.0	0.0	0.0	0.0	0.0	0.0	0.0	0.0	0.0	0.0	0.0	0.0	0.0	0.0	0.0	0.0	0.0
569.5648543710523	-0.6728762169740321	0.4527624033692847	324404.12333471805	825.6298147540625	-0.2893700937695485	0.0837350511681972	681664.5910108276	534.197517495256	-0.4406983272992875	0.1942150156843899	285366.9876980943	564.9077424385458	483.84415986848126	1.032069	43.920322	0.0603739506	0.0269414	0.0628343911	-0.1215482629	0.1149369165	-0.0488224458	-0.006904179	0.0908816411	0.0932585522	-0.0009001322	-0.0236838985	-0.04010321	0.0696614831	-0.0330858539	0.121437739	-0.0189934248	0.0504054325	-0.0679490999	-0.0515640701	-0.2341693071	-0.0147289349	-0.05717492	-0.0185849281	0.0980665555	-0.1088877793	0.0075599947	0.0333143886	0.0471069389	0.0478626707	-0.0822496985	-0.0453314545	0.0293844452	-0.090905258	-0.0087599685	0.1015580787	-0.022708983	-0.1039583173	0.0119971422	-0.062647742	-0.1871672492	-0.1086133256	-0.1567782937	-0.0532550803	-0.0007803965	0.0707777748	0.0164531272	-0.1422287707	0.0462495699	0.009396445	-0.0853810926	0.0622580084	-0.0365474959	-0.0950538485	0.1034229263	-0.0597457854	0.0381129346	0.0214373086	-0.0313246863	-0.0668620132	-0.0535386111	0.00139068	0.0454737616	-0.0719610557	0.0116834357	-0.0177766625	0.0565705186	0.1425090306	0.0524173605	0.0569758372	0.090403816	-0.1128427311	0.004546728	-0.1373797876	-0.0148545081	0.0273292424	-0.0761284734	-0.0178866385	0.0601258388	0.0920803568	0.0512070144	-0.0273855164	-0.0896512874	-0.1053268033	-0.0588848906	0.0137504087	0.0183699887	0.093047332	0.0601140203	-0.0064714528	0.0224192293	0.0363236202	0.0837448679	0.0088277548	-0.0725883901	0.0386838844	-0.1277858275	0.0119297838	0.0419520351	-0.0423201127	0.1297684077	0.0588476889	0.0269711245	0.0480971115	-0.0128016878	-0.1134669717	-0.0099907442	-0.0443918429	0.1317019306	-0.1111624631	0.0008184985	-0.0793596818	-0.1018314135	0.1255226207	-0.0922591234	-0.0340282697	-0.0587698921	0.1253921805	0.0032265412	0.0808814446	0.0308797604	0.1411685401	-0.0385064041	0.0028444517	0.0548264735	-0.0182518856	-0.0328624727	0.0631534638	-0.0568147247	0.0746871671	-0.0074525942	0.0936483007	-0.1601095426	-0.0062435534	-0.025126727	0.015716936	0.0920850033	-0.0168123523	0.0923347285	0.0772308991	0.0807807833	0.0576446919	0.1341333767	0.0491870174	0.0585968812	-0.1087407735	-0.1065974907	-0.0256421314	0.160749421	-0.0349974724	-0.0655925177	0.0227430518	0.0519212792	-0.0955765455	-0.0896053873	0.0005084275	-0.0235503664	0.0647600946	0.081933539	0.070768757	-0.0408969968	-0.0718156082	0.0104047023	0.013385601	0.0043565075	0.002212313	0.0409912769	-0.0362206702	-0.0942512411	0.0904907613	-0.0075177993	-0.0792721097	0.0522073524	-0.0017027667	0.091413124	0.0871616361	-0.0933956764	0.0789982652	-0.0321999463	0.1134663508	-0.0583366693	0.0150038141	-0.1756847655	0.0859685079	0.0181434685	-0.0436235783	-0.0117309911	-0.0547019333	-0.1572095827	0.0875164689	-0.1095068692	0.0850667627	-0.1118800896	-0.0287684125	-0.0212299321	0.0384281666	-0.0610828839	-0.1095474394	-0.0621866024	0.1264185459	-0.0083251685	-0.0044610604	0.1134240387	0.0981268796	0.0741411618	-0.00303986	-0.0030229708	9.13835245765264e-06	9.2407488196e-06	-4.73598e-05	-0.0129979598	0.0001689469589624	2.24295065604e-09	0.0356101	0.0099223999999999	0.0012680792220099	9.845402175999996e-05	-0.000340353	-0.000178685	1.15840164609e-07	3.1928329225e-08	0.000102423	0.000292002	8.526516800399998e-08	1.0490470929e-08	-4.22426e-05	0.0002179254	4.749147996516001e-08	1.78443725476e-09	0.0	0.0	0.0	0.0	0.0	0.0	0.0	0.0	0.0	0.0	0.0	0.0	0.0	0.0	0.0	0.0	0.0	0.0	0.0	0.0	0.0	0.0	0.0	0.0	0.0	0.0	0.0	0.0	0.0	0.0
570.6584663427337	1.093611971681412	1.1959871446049053	325651.08520864096	828.9252631074486	3.295448353386064	10.85997984983492	687117.0918177528	534.3693636239167	0.171846128660718	0.029531091935676	285550.61677982967	565.24115434936	483.2764331185933	1.167694	49.691914	0.0570765998	0.0279463	0.0973736439	0.0361649181	0.0962666358	-0.0653593823	-0.0567486974	-0.0254652014	0.0713751978	0.0313320097	0.1074241934	0.0360780086	-0.0404415383	-0.1608744892	0.106929623	0.0465932556	-0.0018103697	-0.018729281	-0.0327752363	-0.0340383934	-0.0813344538	0.1112768254	-0.0012533271	-0.0827795459	0.1373964963	0.0700686373	-0.0045114598	-0.1145895957	0.1065340738	-0.1198459228	0.1766151577	-0.1411441821	-0.1678115443	-0.0049893862	0.0291255215	0.0637906733	-0.0505471383	0.0466132604	-0.0923919255	-0.092012151	-0.0713962119	-0.0744126205	-0.129348483	-0.1168508135	-0.0821864494	-0.1149718947	0.0552023604	0.0308038067	0.1438191688	0.1641843649	0.0923441722	-0.198596782	-0.0722644212	-0.0683672225	0.0263706839	0.0824520497	0.0123985927	0.1396645657	-0.0288119239	-0.0188035604	0.0318931716	-0.0193961652	-0.0895153901	0.0474050869	-0.1056862393	-0.0378129325	0.0248495883	0.0955612693	-0.0436207789	-0.1812771611	-0.1281699531	-0.0746850498	-0.0250484814	0.0174265735	-0.0298689472	-0.0921099196	0.1396572945	0.1169533063	-0.0884677524	0.0086127353	-0.1289060723	-0.0170210577	-0.014350032	0.1800258382	0.1230764994	0.0901511822	-0.0175916251	-0.0571250763	0.1424056711	0.1358866957	-0.0152330253	0.1235942897	0.0588480689	-0.0416536619	0.0456836548	-0.1047906957	0.0682635915	0.0534183925	-0.0080619793	0.1129107421	-0.0613279053	-0.0661836953	0.0849061388	-0.1649127714	-0.0196811094	0.2499535504	-0.0306912499	-0.0575599424	0.1206195604	0.0213669928	0.077957135	0.0169004964	-0.0869788418	-0.0014616104	0.1728341229	-0.0297689642	-0.037998785	0.0980701338	0.1331164819	-0.0507562025	0.0671484913	-0.0653686853	0.1399646305	-0.106999773	0.0664742908	-0.0956400932	-0.1644467762	0.0088366049	0.059420174	-0.038779032	0.0241202219	-0.0320235904	0.1179734218	-0.0866668187	0.0955045273	0.0707131822	0.0331042853	-0.0962063007	0.0460099014	0.0233421871	0.0622884968	0.0678396864	-0.0584492484	0.1245232914	-0.0389995439	0.1126175007	-0.1215841953	0.0220147565	-0.1159479243	0.1573607275	0.1264222191	-0.1947459817	-0.0908305273	0.1221874911	-0.0176079804	-0.1417404922	0.0613063514	0.0778393893	0.1935200466	-0.0495766357	-0.1438174122	-0.0568953675	-0.0361169936	0.0502223805	-0.0829769072	0.0321364598	-0.0971147538	0.13062696	-0.1585414256	-0.1506356632	-0.0764231087	0.1116919929	-0.0302022695	0.0442453267	0.0013842308	0.1399426202	-0.0075859091	-0.0989799418	-0.0511332731	0.0193667297	-0.0099094876	-0.0287452427	-0.1310617733	0.1204854834	-0.0393221105	-0.0162524648	0.1142461505	-0.0929173446	0.0557579536	-0.0364661396	0.1140374626	-0.0274627516	0.1177426574	-0.0295215863	-0.063972424	0.2168564828	-0.0285522523	-0.1008118861	0.0151117246	-0.0742054217	0.0654902535	0.11262375	0.0950782398	0.067831818	-0.0083819199999999	-0.0053420599999999	2.8537605043598934e-05	7.025658288639833e-05	0.00490731	0.0049546697999999	2.454875282703204e-05	2.40816914361e-05	0.015478	-0.0201321	0.000239568484	0.00040530145041	-0.000199475	0.000140878	3.9790275625e-08	1.9846610884e-08	-2.3396e-05	-0.000125819	1.5830420760999998e-08	5.47372816e-10	-0.000308501	-0.0002662584	7.089353557056e-08	9.517286700099998e-08	0.0	0.0	0.0	0.0	0.0	0.0	0.0	0.0	0.0	0.0	0.0	0.0	0.0	0.0	0.0	0.0	0.0	0.0	0.0	0.0	0.0	0.0	0.0	0.0	0.0	0.0	0.0	0.0	0.0	0.0
570.8555890562587	0.1971227135250046	0.038857364187461	325876.1035567681	831.6750542225728	2.7497911151242533	7.561351176816284	691683.3958161195	535.1608740734283	0.7915104495116339	0.6264887916861087	286397.1611390358	565.9661389658182	490.8383164993244	1.106442	47.085331	0.0448688049	0.0250531	0.0188223353	0.0900861328	0.1006069162	-0.1081293417	-0.0631357428	-0.0499500199	-0.0626163439	0.1475775578	0.074146607	0.0099845905	0.0795786813	-0.1689002122	-0.0302053656	0.0921533353	-0.0732313414	-0.0858072701	0.2198378598	-0.046643899	-0.1680353482	0.0133288431	-0.1948089176	0.0524833864	-0.0476695704	0.0482926446	-0.1943826239	-0.1487111747	-0.0052091368	0.0966485166	-0.1027733513	0.0080222121	0.0162326135	0.0307309243	-0.018652096	0.1242229517	-0.1134803019	0.0764429766	-0.0369325203	-0.0097718409	0.0718179978	0.0037094483	-0.1217357817	0.0193947428	-0.0268728011	-0.0127549481	0.0880554734	-0.0026910698	0.0169844222	-0.0850460175	-0.0881233353	-0.0081262387	0.053014818	-0.0770037724	0.0083194377	0.0684301531	0.0496709759	0.1721385778	-0.024765726	-0.0168380761	0.0477433183	0.033966813	-0.0368158251	0.0581887037	-0.0072659282	0.1227088221	-0.1612742852	0.0299340027	-0.0979370432	-0.0033395215	-0.0113211871	0.0220985367	0.0618189875	-0.0770890664	-0.0293281524	0.0894712127	0.036373167	0.1799207047	0.0282424169	0.0293160556	0.0255057315	0.0100917381	0.0024889547	-0.066273506	-0.1135038081	0.0855474621	-0.0737087824	0.00670213	0.1517246392	-0.1239641699	0.0090226491	-0.0645619163	0.0372045609	0.0077135245	0.0217695573	0.0494478097	-0.0670997539	0.0757027461	0.1332823814	-0.1068985155	0.0570507632	-0.0105847949	-0.0284907284	0.0217393469	0.2157058396	0.1082603376	-0.0341047723	-0.0765605347	0.0922743699	0.1011442509	0.0461697953	0.1123135383	-0.0418911218	-0.0195726799	-0.1264220312	0.0682566752	-0.0774623505	0.0868251452	0.1076024813	0.0494584467	0.0483001509	0.069916745	-0.0401177819	-0.0928120077	0.1401602851	0.0447031919	-0.0312137859	0.0961888084	-0.1109769973	-0.0768953915	0.0129154674	-0.0225015002	0.0408674274	-0.0955030268	-0.0719416721	0.0364765852	-0.0349605307	-0.1649273958	0.0310467374	0.0891127128	0.0472821145	0.0409050509	0.1423600065	0.053628977	0.0835617541	0.0446418876	-0.0152534494	0.0337058852	-0.0631919476	0.0577870871	-0.0963689637	0.0118982691	0.0511039831	-0.075598882	0.0177876769	0.0726554565	0.0326434544	0.0519469305	-0.0491853489	0.1743741911	0.1193772708	0.09270342	0.0021425908	-0.0849946277	0.0101531128	0.0260288888	-0.0796426946	0.1283614339	-0.0092015071	0.0406463916	-0.026060921	-0.0765205423	-0.1243641901	-0.0439664385	-0.0973479204	-0.1198767038	-0.1123665338	0.0070303398	-0.0945537346	-0.0304687595	-0.0525560101	-0.1717380629	0.0257246972	0.0351711463	-0.0566569122	-0.0268209583	-0.0270647238	-0.1544253079	0.0335693276	0.01275154	-0.0080603268	0.0066308801	-0.0169356803	0.1468230644	0.0223763942	-0.0651294735	-0.0651053252	-0.1052095927	0.1026008438	-0.0607353436	0.1592141386	0.111768338	0.0918434799	0.0612237711	-1.96399e-05	0.0083622800999999	6.992772847085434e-05	3.8572567201000005e-10	-4.05448e-05	-0.0049478548	2.448126712188304e-05	1.64388080704e-09	0.0352793	0.0198013	0.00124462900849	0.00039209148169	-0.000182664	1.6811000000000012e-05	3.3366136896e-08	2.8260972100000037e-10	-2.3396e-05	0.0	0.0	5.47372816e-10	-9.01646e-05	0.0002183364	4.767078356496e-08	8.12965509316e-09	0.0	0.0	0.0	0.0	0.0	0.0	0.0	0.0	0.0	0.0	0.0	0.0	0.0	0.0	0.0	0.0	0.0	0.0	0.0	0.0	0.0	0.0	0.0	0.0	0.0	0.0	0.0	0.0	0.0	0.0
571.6950109322985	0.8394218760397507	0.7046290859740946	326835.1855248809	829.1424467294232	-2.5326074931496123	6.414100714357564	687477.1969684544	534.4675061981494	-0.6933678752789092	0.480759010468789	285655.51518166886	565.6992178439865	539.8342208106857	1.492848	63.529072	0.0541050736	0.033958	-0.1156864368	-0.004420107	-0.029809708	0.1839911341	-0.0742072108	0.0611967764	-0.0712479512	-0.0016411384	-0.0068072583	0.0441182987	0.1259546786	0.0735822349	-0.0863913023	-0.0562608419	0.0807539252	-0.0459741816	0.104092919	-0.0654749301	0.0907265902	0.0432570195	-0.0733480992	-0.0209645037	-0.0554137606	0.1024048303	0.0928664332	0.0377035435	-0.041817552	-0.0411282603	-0.0194816635	0.0599326672	0.0513466867	-0.171169274	0.0597148921	0.0747701493	0.037612705	0.0535177498	0.0134094589	-0.0153944445	-0.0280965144	0.0677810082	-0.022085123	0.0172697984	-0.1008547401	-0.0378014645	0.0046260803	0.0189130706	-0.0276661221	-0.0740528417	-0.0277857655	-0.1537280941	0.0944023087	0.0820116016	-0.0466348789	-0.0252681	-0.0132521464	0.161486466	-0.021811299	0.0992088549	-0.1118447462	0.003425226	-0.036584468	-0.0250015871	-0.1346461525	0.0223051828	-0.0561738898	-0.1034775434	-0.076720058	0.1161243498	0.0373825305	0.0923850961	0.241773175	0.051599135	-0.1171921086	0.0128250399	0.1548814612	-0.1079548257	0.0237184499	-0.0754309747	0.011248265	-0.0683318666	0.0202561238	-0.0096358087	0.0333565894	-0.0443580509	0.014955347	0.1243292911	-0.0627245298	-0.0648977668	0.1309272911	0.0608036833	0.0252775389	0.0671763589	0.0851670652	-0.100152899	0.1042373858	0.0811818607	-0.0236194501	0.07391984	-0.0454168955	0.191674024	0.1435729535	0.0137405528	-0.0925109051	0.0244287589	-0.0964360974	0.0382538703	-0.0670732465	-0.027650052	-0.0725720879	0.0756570016	0.0571636782	0.0110858011	-0.1007830158	0.088814237	0.0532472516	-0.0627690343	0.0086556679	0.0292292807	-0.0707993746	0.0201307921	0.0800021415	0.0395969845	0.123132533	-0.0667980916	0.0711673328	0.1342231915	0.0879381861	-0.223295357	-0.0343674348	0.1064771533	-0.0795427148	0.0310667203	0.0154378454	0.0137720594	-0.1426380631	-0.1113974693	0.1744828052	-0.0788896745	-0.0209140098	0.0518321234	-0.0287631396	-0.0116850416	-0.0605509733	-0.0496062107	0.1290304311	-0.1122785299	0.0434276593	-0.0548409937	0.0704060135	0.0303950689	0.0058563438	-0.1227967482	0.0280224909	0.0003050987	0.0273624115	0.0810933082	-0.0383690583	-0.05876678	0.125994312	-0.027430898	0.0262807889	0.0134395807	0.0010316195	-0.0715042874	0.0645852476	0.085371025	0.1075128344	0.1315445561	-0.0025620822	0.051795338	0.066969435	0.0430320294	-0.0239565002	-0.0208090789	0.0273041585	0.08774169	0.0109345705	0.0295506641	-0.0406224213	-0.0133756694	-0.0960964853	-0.0867138925	0.1484592028	0.0177936689	0.0785443572	-0.0593786016	0.003108047	-0.1007645868	-0.0291554513	-0.1661284437	-0.1375615386	0.0758462373	-0.1516264154	0.0266166545	-0.020694436	-0.0253272398	0.05912872	-0.1454661905	0.0507102005	0.1108582214	0.0884289321	0.0543461203	-0.0124389	-0.0124192601	0.0001542380214314	0.0001547262332099	-5.18983e-05	-1.13535e-05	1.2890196224999998e-10	2.69343354289e-09	0.0076235599999999	-0.0276557400000001	5.811866707359848e-05	0.0007648399549476	-0.000189925	-7.260999999999997e-06	3.6071505625e-08	5.272212099999996e-11	-2.3396e-05	0.0	0.0	5.47372816e-10	-0.000363278	-0.0002731134	7.459092925956e-08	1.31970905284e-07	0.0	0.0	0.0	0.0	0.0	0.0	0.0	0.0	0.0	0.0	0.0	0.0	0.0	0.0	0.0	0.0	0.0	0.0	0.0	0.0	0.0	0.0	0.0	0.0	0.0	0.0	0.0	0.0	0.0	0.0
569.0600731725275	-2.634937759770992	6.942896997866972	323829.36687912233	827.0066131349397	-2.135833594483529	4.561785143324432	683939.9381689238	534.3266005621637	-0.1409056359857459	0.0198543982525475	285504.916068318	565.3710498849232	499.3183392699847	1.37684	58.59227	0.0253443283	0.013172	-0.1016431293	-0.0150711404	0.1250341672	-0.0320495818	0.0933373775	0.0617614749	-0.0683212802	-0.100964458	-0.0475083071	-0.0348801181	0.0639104886	-0.0296011753	0.0144046948	-0.1823142511	0.0743155307	-0.0858357252	-0.1546992296	0.124464048	0.1488371411	-0.0348407642	0.1822038413	0.0743111686	0.0619019009	0.1619705639	0.0312398063	0.0356767859	-0.0609972594	-0.1225386312	-0.0366419271	0.0332606312	0.0613020619	-0.0896417375	-0.0033789114	0.0511728385	-0.0064831712	0.0258977465	-0.0372813728	-0.1807886647	-0.0364051162	0.0163976162	-0.0229979097	-0.1247190661	-0.0792694202	0.1465217976	0.0967729323	-0.006137145	0.0115733128	0.0034595644	-0.0680036845	0.0632088095	0.0947798792	0.0418442697	-0.0235409552	-0.0762067396	0.054693482	0.0410916141	0.0261167396	0.0570399959	-0.0835050951	0.0545106756	0.098199736	-0.0750602455	-0.0494947445	-0.1488623602	0.1403573822	-0.1320527839	-0.1303009343	-0.0067342076	0.0506537359	-0.0345754371	-0.0651460115	0.1102951308	0.1494811194	-0.0645116288	-0.0841943924	0.0910468654	0.0405532032	-0.1804394688	0.0522525905	0.0462985483	-0.0112288374	-0.0162102449	-0.0167368694	-0.0627594693	0.0478302403	0.0543407781	-0.0154095917	0.0884043752	0.1296943418	-0.0417493809	-0.0968747507	-0.0477270796	-0.0496470819	0.0590728448	0.0213195345	0.2029328229	-0.1061103635	-0.0641129246	0.1571320839	-0.0643363233	-0.001547471	-0.0702498095	0.1489465534	-0.0887669195	-0.04913952	-0.1443122197	-0.0165342523	0.0514126259	0.0189861042	0.137853515	-0.074404795	-0.0468225319	0.1065810781	0.0711130019	0.0272994103	-0.0929407181	-0.0786566767	0.1242689313	0.015851586	-0.0091694513	0.0419158931	0.0597187007	-0.0062455442	0.0517434052	0.0980711053	-0.0896062645	0.024423186	-0.1006448803	-0.0765439386	0.1078315644	-0.1324791434	0.0367985165	0.1094732634	0.0769086739	0.1540980172	0.029223521	-0.0406685294	-0.0232378039	0.0317522725	-0.0732782264	-0.0934778166	0.0701148796	-0.0562204529	0.0713189889	0.1743777965	0.0671586342	0.0050494154	-0.0678295875	-0.0365331102	0.1217876608	-0.155847541	0.0589598512	-0.0237271356	0.1778243452	-0.0053081085	-0.0322031829	0.0665061186	-0.1785751408	0.0611840197	0.0594260033	-0.0611504086	-0.0332138714	-0.0577169773	0.1105263272	-0.1603881877	0.1117493492	-0.0333218374	0.0272901645	-0.0430560321	-0.1718592902	-0.0159673656	-0.011868396	-0.0670088059	-0.0317178412	-0.0358115076	0.0846763376	0.008277814	-0.039083823	-0.0944352336	-0.0708344097	0.1265422371	-0.0616388836	0.0692071929	-0.0754018633	0.1399225926	-0.1256160614	0.111650288	-0.0897554938	0.0270827581	-0.0813842408	-0.016999758	0.1482331773	-0.0043325204	0.0645506385	0.0590903777	-0.0851719993	0.0048880166	-0.0957827334	0.0581148394	0.1098938456	0.0848412804	0.0472291519	-0.00762654	0.0048123599999999	2.315880876959999e-05	5.81641123716e-05	0.00426838	0.0043202783	1.866480458945089e-05	1.82190678244e-05	0.0123303	0.0047067400000001	0.00015203629809	2.2153401427600948e-05	-0.000149719	4.020599999999999e-05	2.2415778961000002e-08	1.616522435999999e-09	-2.3396e-05	0.0	0.0	5.47372816e-10	-0.000173385	0.0001898929999999	3.605935144899999e-08	3.0062358225e-08	0.0	0.0	0.0	0.0	0.0	0.0	0.0	0.0	0.0	0.0	0.0	0.0	0.0	0.0	0.0	0.0	0.0	0.0	0.0	0.0	0.0	0.0	0.0	0.0	0.0	0.0	0.0	0.0	0.0	0.0
569.8618893729274	0.8018162003999123	0.6429092192237523	324742.5729596825	826.3615862346674	-0.6450269002723417	0.4160597020749454	682873.4712042756	534.2448704464355	-0.0817301157281917	0.0066798118169436	285417.5815983286	565.2120374895753	514.2377300074992	1.446574	61.559818	0.066502875	0.0492737	0.0020719533	-0.1222480275	0.1069851927	-0.1288429637	0.0699436412	0.0846852469	0.0545970354	-0.0730801371	0.0523775315	-0.0214733889	0.0169617362	0.0541800551	0.0734253413	-0.1695250926	0.0741762094	0.035239701	0.0129823604	-0.0375612786	0.0231834761	0.033018763	-0.0466338702	0.0044395899	0.0266223313	-0.0968183103	-0.1054150143	0.0012007303	0.046746856	-0.0158928176	0.0214724213	-0.0588603772	0.1261828558	0.1887035719	-0.0948066342	-0.0418166442	-0.0447682591	-0.0852722326	-0.054901569	0.0391344273	0.1296682798	-0.0652700352	0.0688103526	-0.0599827793	-0.0601464743	0.1942143635	-0.0505696656	0.0791506007	-0.1278594679	0.0332611733	0.0133233122	0.1691273291	-0.059970542	0.1253254683	-0.0383125253	0.0080536891	-0.0502748465	-0.0513649658	-0.1011744222	0.0368211235	-0.0402339744	-0.0162234061	-0.0015881857	0.0536772409	0.0374835879	-0.2372193316	-0.0551571172	-0.1632544742	-0.0031631402	-0.0631952001	0.0155438547	0.0257777673	-0.0487160136	-0.2027635469	0.028678693	0.0807033619	-0.0240663177	-0.0847102048	-0.0464260591	-0.1248683618	0.0259590285	-0.1050048375	-0.0494171268	0.0972899896	-0.0418986352	-0.1185173411	-0.0138809272	-0.0530811826	-0.0513099278	0.0766175173	0.0324515974	-0.038499133	-0.0359992336	0.0808193095	0.1635721501	-0.1117077229	0.0258473769	0.1070177453	-0.0036979117	0.0408589122	-0.0131502272	-0.1722556671	-0.0489391411	0.1531739783	0.0124161869	0.0597305429	0.1197077094	-0.0966204594	0.0489094523	-0.0709047111	0.0556177273	-0.0517016401	-0.0509182069	0.0276891029	-0.0639503469	-0.0385719517	0.1223694953	-0.0444274545	-0.0026194664	-0.0903354111	0.0497607586	0.051213929	0.0001414508	-0.0012018274	-0.1152213004	-0.0395215376	0.0877276727	0.0336230837	0.0748934899	-0.0061281004	-0.1062507698	0.1352642648	0.1113536635	0.0193752697	0.1058124053	0.0128322283	-0.023516451	0.0558661669	-0.094700745	-0.113001422	-0.0878615408	-0.0875189696	-0.0123202534	0.0334474553	-0.1037063497	0.0984188871	0.0371118961	-0.1538673145	-0.0663968922	0.0051521013	-0.1308573379	-0.0355083026	0.0398372854	-0.0144103071	-0.1586505845	0.1007382463	-0.0661386037	0.110846239	-0.0159239449	-0.0901442942	-0.0790958799	-0.0740195966	-0.0127590968	0.11025942	0.0847842399	-0.0385817482	0.0976685175	0.1793481661	-0.0981154289	-0.1290093713	-0.0117293334	-0.1214405663	0.0124220091	-0.0523101726	0.0774954932	-0.0621402196	-0.0925338801	0.0235745747	0.1219080778	0.0909355452	0.0311714033	-0.0026985962	0.0067329712	0.077535067	-0.0826045202	-0.2036252004	0.0386982992	-0.0690379174	-0.0310539046	-0.191224604	-0.1126251196	-0.0124763624	0.1900117587	-0.0078787393	0.1360552534	0.0196175823	-0.1082621179	-0.0834749754	0.0183592197	0.127666304	-0.0087036696	0.1088756826	0.081087548	0.039904206	-0.00742477	0.00020177	4.0711132900000176e-08	5.51272095529e-05	0.00428339	1.5010000000000197e-05	2.2530010000000589e-10	1.83474298921e-05	-0.0101487	-0.022479	0.00010299611169	0.0005053054409999	0.000652949	0.000802668	4.26342396601e-07	6.44275918224e-07	-2.3396e-05	0.0	0.0	5.47372816e-10	-9.99111e-05	7.347389999999999e-05	5.398413981209998e-09	9.98222790321e-09	0.0	0.0	0.0	0.0	0.0	0.0	0.0	0.0	0.0	0.0	0.0	0.0	0.0	0.0	0.0	0.0	0.0	0.0	0.0	0.0	0.0	0.0	0.0	0.0	0.0	0.0	0.0	0.0	0.0	0.0
569.5830812519703	-0.2788081209571373	0.0777339683116497	324424.88644848857	825.6819058007942	-0.679680433873159	0.4619654921900057	681750.6095668316	533.6686983049569	-0.576172141478537	0.3319743366159632	284802.27955050714	564.5877486798729	489.2011839241987	1.363523	58.025558	0.11919774	0.0677151	0.0427177275	-0.111043302	0.1392073779	-0.0565918164	0.0490377128	0.0720228593	0.0825992148	-0.055463249	0.0915580439	-0.0181754901	0.0579523852	-0.0153433092	0.0876775902	-0.0123475273	-0.100832867	-0.0055867278	0.0898107409	-0.0551543451	-0.0678785016	-0.0503987037	-0.1772949133	-0.0220731336	-0.1091707713	0.0125785214	0.0727443595	0.1479524135	-0.0982446279	-0.1056010806	-0.0299159189	-0.1005865928	0.0770300959	0.0995079882	0.0758969343	-0.0678727551	-0.0111875919	0.071381454	0.0028514113	-0.0085970849	-0.0446706703	-0.1007955171	-0.0551237817	-0.0769346934	0.0023645156	0.063756371	-0.029601545	-0.0718809161	-0.0479986713	0.139073991	-0.1318710246	-0.031346234	-0.0867628127	0.1025174816	-0.0246525574	0.0095248877	0.1655746427	-0.0783578372	-0.0592248492	-0.1222831511	-0.0647691447	0.1250974333	0.0403986896	0.0364991742	0.0408729852	0.0740527331	0.059837003	-0.0389828407	-0.1578572209	-0.0961298869	-0.0563263509	0.020270912	0.0678831387	0.1045520579	0.0817327568	0.0988690435	0.0098389433	-0.0257032771	-0.0684456244	0.1174381302	-0.0471272698	-0.1442290127	0.0319710181	-0.056908982	0.123224202	-0.0121874541	0.0662518989	0.0474547489	-0.0149699369	0.0228086126	0.016940947	-0.0542560938	-0.2195963325	0.000726741	-0.034235952	-0.200092525	-0.0994082396	0.0071364226	-0.1026489551	-0.0758892148	0.1539910937	-0.0177756398	-0.0064534646	0.0444599341	0.0767030453	0.056605822	-0.1141959547	0.0507807064	0.051562399	-0.1462808921	0.147848168	-0.0291297275	0.0041046191	0.0031169337	0.007310129	-0.0611589504	0.1127172949	-0.0089157281	0.0394774688	0.0400518366	0.1025976678	-0.0769508024	-0.0474679858	0.0786131949	-0.0397273172	-0.0324186109	-0.1058368186	-0.0558459526	0.01875984	0.1068510528	-0.0664351455	-0.1574189257	0.0025937042	-0.159490824	0.1294664263	-0.0427609573	-0.1311913877	-0.1845077738	0.0467381151	-0.0296234041	-0.0958742218	-0.0579093289	-0.0307227516	-0.0770427359	-0.0228535706	-0.012808814	0.1083144694	0.06297052	-0.0550665817	-0.0057935693	-0.0756431326	0.0752120101	-0.1768101875	-0.0468563628	-0.0673396211	0.157960385	-0.0372592543	0.0355082678	0.0239964969	0.0258172276	0.0643155729	0.0546919776	0.0415138261	0.0509901419	0.0543512695	-0.0386171972	-0.0459459213	-0.0215841653	0.0340418914	-0.0083927795	-0.153042791	0.0950401801	0.0675766136	0.034554263	0.046011396	-0.0207044388	-0.138598674	-0.0200248843	0.11337721	-0.0971313239	-0.0320950124	-0.1293241526	0.0907403487	0.006177226	-0.0902344251	-0.1475621947	-0.0352383397	-0.1133007302	0.0649141055	-0.0481131835	0.0080804804	-0.1271252695	0.0449974244	-0.0968402899	-0.0474854734	-0.1235465685	-0.0733516383	-0.0792489833	0.0416481767	-0.0259551031	-0.2192002704	0.1078042307	0.077175083	0.0324035386	0.00377545	0.01120022	0.0001254449280484	1.42540227025e-05	0.0181742	0.01389081	0.0001929546024561	0.00033030154564	0.0352711	0.0454197999999999	0.00124405049521	0.0020629582320399	-0.000160221	-0.00081317	2.5670768841e-08	6.612454489e-07	-2.3396e-05	0.0	0.0	5.47372816e-10	6.06571e-05	0.0001605682	2.578214685124e-08	3.67928378041e-09	0.0	0.0	0.0	0.0	0.0	0.0	0.0	0.0	0.0	0.0	0.0	0.0	0.0	0.0	0.0	0.0	0.0	0.0	0.0	0.0	0.0	0.0	0.0	0.0	0.0	0.0	0.0	0.0	0.0	0.0
572.2769690234109	2.693887771440586	7.257031325117128	327500.92927462194	826.5977376827036	0.915831881909412	0.8387480359217352	683263.8199421637	534.1654864598953	0.4967881549383719	0.2467984708870718	285332.7669249366	565.3081721853265	627.1569474403545	2.086234	88.780968	0.06963589555	0.0423865	0.1001662314	-0.0654275424	-0.2246180821	0.0953287999	-0.031347312	-0.0127001938	0.1228950478	-0.036219271	0.0991269938	-0.010027604	-0.1137947697	-0.057468266	0.0389382609	-0.04230234	0.0512090575	0.09025189	-0.0355468057	0.0833668552	0.0540724081	-0.003577902	0.0602316252	0.046291963	-0.0283980436	-0.018682319	-0.0372296604	-0.1242148534	0.0220896277	-0.0447836741	0.1569437102	0.0010863165	0.1326807565	-0.1026181176	0.0817670572	-0.2032687039	0.0654852198	-0.0306833848	0.0161060214	-0.1784007748	0.0791303265	-0.0018424769	-0.0434088519	0.0697959334	-0.0227473361	0.0018003642	0.0771450415	-0.1918239174	0.1233361337	0.0590462448	-0.0597314747	-0.0090885685	-0.1018666185	-0.0032645349	-0.0027343855	0.0503310815	0.0243637086	0.066072519	0.0549068655	-0.154296057	-0.0128663472	-0.0157370775	0.0530308359	-0.0933407282	0.0003048563	-0.0034451369	0.0321753098	-0.063651171	0.0342907904	0.1369635167	0.046508167	0.0899019438	0.1398409028	-0.0260580405	0.009962256	-0.0984356635	-0.0604316744	-0.0846657185	0.12687095	-0.0462608739	0.0536793518	-0.0360298785	0.052510611	-0.0674254386	0.1790464962	0.0352383407	-0.1371200081	0.0176120241	-0.0441824804	0.1299853654	-0.1753373949	0.0288024044	-0.1190824003	-0.0388348458	-0.1517561019	-0.1939689045	0.0698791214	0.1778405692	0.1004463497	-0.0123708043	-0.0451855823	-0.1182311874	-0.0465735153	-0.0395970514	-0.03569513	-0.0025288602	-0.16784014	0.0460423798	-0.0413730188	0.1421130141	-0.0469278974	0.0598597157	0.0236965347	-0.0718961776	0.0647625747	-0.1139257187	0.0303449057	0.0103826387	0.0425339569	0.0058163334	-0.0582033375	0.0797855383	-0.0651376742	-0.0586998855	-0.0164710936	0.0023594739	-0.0211663638	-0.0069599513	0.1591890609	-0.1221307805	-0.0067336682	-0.1029618549	-0.2250574112	0.0381436573	0.0702396741	0.0301410029	-0.057929385	-0.00258362	-0.1123636131	-0.2574192314	-0.0765555695	-0.0363316135	-0.0598795509	-0.0349994328	0.1041812151	-0.0043188976	-0.0428951341	0.0564441238	0.0401605598	0.1157193676	-0.0758006215	-0.0192729387	-0.1762654143	-0.0316746513	-0.0031809317	0.0045468254	0.1172608592	-0.0039863579	0.1033152342	-0.050486777	0.1808331705	-0.1399728409	0.0231161868	-0.1491343479	-0.0599606704	0.0522548307	-0.0673078868	-0.1684963161	-0.0746823938	-0.1053448793	-0.0054281031	0.0322364051	-0.0253898919	0.0243009027	-0.1060047857	0.0581135182	0.0693986489	-0.119268328	0.0651504837	0.0300392551	0.1068397762	0.0188707521	-0.1126524181	-0.1085893831	0.1156134477	-0.0251871835	-0.0298419816	0.0330960511	-0.1662622541	-0.0816061188	-0.0051672293	0.0569743118	-0.0482605254	-0.087030539	0.0429142612	0.0581334539	-0.1817107577	-0.0013940507	0.106445028	-0.0396711428	-0.0503063523	0.1066800145	0.073111544	0.0247601796	-3.03595e-06	-0.00377848595	1.4276956074347402e-05	9.2169924025e-12	-4.17146e-05	-0.0182159146	0.0003318195447144	1.74010785316e-09	-0.00208574	-0.03735684	4.3503113476e-06	0.0013955334947856	-0.00011706	4.3161e-05	1.37030436e-08	1.862871921e-09	-9.48246e-05	-7.14286e-05	5.102044897959999e-09	8.99170476516e-09	-3.04464e-05	-9.11035e-05	8.299847712249998e-09	9.2698327296e-10	0.0	0.0	0.0	1.0	0.0	0.0	0.0	0.0	0.0	0.0	0.0	0.0	0.0	0.0	0.0	0.0	0.0	0.0	0.0	0.0	0.0	0.0	0.0	0.0	0.0	0.0	0.0	0.0	0.0	0.0
569.0585052243732	-3.218463799037636	10.358509225715771	323827.582368198	827.0171441041862	0.419406421482563	0.1759017463808093	683957.3566422443	533.685562022504	-0.4799244373913325	0.230327465605387	284820.2791112759	564.803095436792	484.7907202646642	2.058831	87.614822	0.06219011155	0.0375764	0.1054391654	-0.0010723888	0.1300458589	-0.0581026397	0.0381256753	-0.0208560851	0.1104005788	0.011458056	0.1141980864	0.0424778723	-0.0521120409	-0.0444075162	0.046999339	0.1281195926	0.0136492876	-0.0041790429	0.0786434917	0.0138498972	0.1164578916	0.0685739856	0.0188662716	-0.1030699435	-0.0824094401	-0.0330060693	-0.0004113268	0.0406411657	-0.0882474922	0.0114207304	0.0965016047	-0.0391789941	0.088744695	0.198344054	-0.0619809267	0.0189235899	-0.0979331516	-0.1149183939	0.0029459783	-0.0336422273	-0.1427169278	0.1202003069	0.0730886304	0.0830452536	-0.0272701157	0.0761070082	-0.0053490171	-0.1381576614	-0.0769155567	-0.0542796754	0.066321034	0.0872813167	-0.0946317276	-0.0523262547	0.0338101068	0.0168186602	0.0713889893	-0.0044213688	0.0779273491	-0.1795228249	-0.0054944765	0.0577875479	0.0714252003	0.1515250989	-0.0338333326	0.071129718	-0.0050333771	0.1076044069	-0.04408682	-0.0691164848	-0.0649351341	-0.0283524355	0.1145094755	0.1084456805	-0.0411227774	-0.0609848766	0.0364515599	-0.1268905647	0.0117862266	0.0400431954	-0.0688147665	-0.087022346	-0.1207412561	0.0047693923	-0.0659706283	0.1336682346	0.0900891044	-0.0626810339	-0.1629596112	0.1900780621	-0.0836275276	-0.1444559868	0.0073799374	0.1664844964	0.011472584	0.1353342319	-0.0997160741	-0.1360076701	0.0618582102	-0.0729395525	-0.152168865	0.0629928972	0.0381292854	-0.0351132672	-0.0403082858	-0.0067181064	-0.0766370658	-0.0640606151	-0.050174111	0.178336723	-0.0027476031	0.0765385177	0.0103755361	-0.0258432072	-0.0155867482	-0.0818362283	-0.0153897972	0.0667262679	0.0452937045	-0.0307190844	-0.0362193589	-0.0592062882	-0.030892698	-0.0396651947	0.0531211546	-0.1409775688	-0.1364879756	0.0005028006	-0.0106120413	0.1466510545	-0.0793002177	-0.2396778484	0.0237078814	-0.0527487299	0.0587546046	0.0831880507	-0.0047549057	-0.1670920281	0.0544166484	-0.11611679	-0.082401362	0.0515939185	-0.0384247352	-0.0665810786	-0.0526326491	-0.0727680833	-0.1268418068	-0.0654127778	0.0791207571	-0.0488228291	-0.0097883658	0.1912526193	0.2036463293	0.1280606108	0.0187779944	-0.0063893708	0.021233635	-0.030906289	0.0474341524	0.0406800176	-0.0241258942	0.0018893514	0.0365185215	0.0061999245	-0.0968635459	-0.0247269308	-0.1286267477	-0.0844526571	-0.0565926984	0.0186808598	0.1000175733	-0.0636280509	-0.1260638485	-0.0983668365	-0.1069544762	-0.0405939046	0.1114170534	-0.090297888	-0.017249153	-0.0914069792	-0.0456573596	-0.0533382431	-0.0030659804	0.0461898671	0.004991639	-0.0462019669	0.0820260028	-0.1120735819	0.0348489885	0.0194597735	-0.154811295	0.0214544492	0.1733763759	-0.0275607546	-0.084860368	0.1054368787	0.000332871	-0.0448951576	-0.0211058793	0.0841046182	-0.1045994236	0.1055035841	0.0689048858	0.0170077871	-1.57729e-05	-1.273695e-05	1.622298953025e-10	2.4878437441e-10	0.0286015	0.0286432145999999	0.0008204337426216	0.0008180458022499	0.0217722	0.0238579399999999	0.0004740286928399	0.0005692013010435	-6.73618e-05	4.96982e-05	4.537612099239999e-09	2.46991108324e-09	-2.3396e-05	7.14286e-05	5.102044897959999e-09	5.47372816e-10	-0.000102844	-7.23976e-05	5.241412485760001e-09	1.0576888336e-08	0.0	0.0	0.0	0.0	1.0	0.0	0.0	0.0	0.0	0.0	0.0	0.0	0.0	0.0	0.0	0.0	0.0	0.0	0.0	0.0	0.0	0.0	0.0	0.0	0.0	0.0	0.0	0.0	0.0	0.0
571.431473930063	2.3729687056898	5.630980478183125	326533.9293978843	831.1108117364821	4.093667632295933	16.75811468370739	690745.1813852742	534.322179894878	0.6366178723740177	0.405282315426021	285500.1919276144	565.4588893915109	540.7406318331239	1.563129	66.51989	0.0866064647999999	0.0423568	0.0322148377	0.1117240179	0.0430619907	-0.2668386895	0.0713272414	-0.0706676373	-0.028021643	0.0381648799	-0.0028965766	0.0917892319	0.0797217114	-0.0140428287	0.0340040559	0.1157150694	-0.0866806826	0.1366056486	0.0266232095	0.1302763259	0.1013211512	-0.0201916409	-0.0244956697	0.0466171748	-0.1132143408	-0.0673721258	0.0903779757	-0.1427111089	0.0869636861	0.0556125232	-0.0458125003	-0.0718667427	-0.0265204327	0.0460647064	0.0725273355	0.0064259421	0.0817362153	0.0805402603	0.1644121116	-0.1364870649	-0.0678110631	-0.1087274102	0.0740219855	0.183096681	-0.1019638884	0.0030735249	-0.069379626	-0.0008845256	0.0261553992	0.1496488022	0.2225394915	0.0633027131	0.0215392963	-0.1094937966	0.0572436521	0.003320445	-0.0871222617	0.0356845355	0.0778283119	-0.0693890391	0.0646989057	0.0808587892	-0.0478946601	-0.0107816156	-0.0210316528	0.0675992201	0.0942984109	-0.1055574163	0.0361320778	0.0927712146	-0.2734698324	0.1128647559	-0.0776949566	0.1227771763	0.1319238998	-0.0895548833	0.1352032474	-0.0405052938	0.0141878555	0.0684084991	-0.0222654436	-0.0544482845	0.0761443823	0.0420407212	0.0414508729	0.0680702854	-0.084074462	0.149266554	-0.0826191601	-0.0526246816	-0.0042919562	-0.0100168868	0.1299367367	0.0095466205	0.0775945251	0.1036446583	0.0568667934	0.0441911114	0.0411368826	-0.0630219049	-0.0262381675	0.0450451476	-0.0295380303	0.196137278	0.0348444279	0.0614571757	0.1717904787	0.0385699284	-0.1139555124	-0.2140460911	0.0901077127	0.0534744613	-0.1002783959	0.0715194406	0.0328490867	0.0281885652	-0.1094634227	0.0585110599	0.0300564055	0.0001132824	0.0519905925	0.0766691776	0.0677618389	-0.0136042522	-0.0832655119	-0.0325750571	-0.0936720348	0.100975238	-0.1478703482	-0.0666120104	-0.0167803371	-0.2112343968	-0.0755906284	0.0026049614	0.1583490551	0.095911736	-0.0428172883	0.1427021414	0.1322290233	0.0263527207	0.0857880098	-0.0883283163	-0.0119127342	-0.0954295877	0.1069390737	-0.018681908	-0.0175817473	-0.0564430022	-0.0028047353	-0.0089082676	0.1655940521	-0.0047875918	0.0186463911	-0.0251461684	0.1071999578	0.0562770869	0.0167941987	0.0657833407	-0.0441172278	0.0106965584	-0.1397123997	0.1569651007	-0.051645158	-0.0827933535	-0.0564199344	-0.130313539	0.0700429849	0.0285883617	-0.0104124257	0.0028037451	0.0253280819	0.0411358565	-0.0933243881	0.1230283922	0.0918823678	-0.1001648699	-0.0709481495	-0.0233082956	-0.1303774166	0.0846521413	0.0472706045	-0.043812163	-0.0655090838	0.0721574788	-0.0822323248	-0.0889870783	0.0531284079	-0.0367995806	-0.0865634521	-0.0851697521	0.1029938468	0.1965551622	0.1613513026	0.0615138357	0.0578161392	0.005614119	0.0316212601	0.0322033717	-0.081302395	-0.1732994461	-0.0555493243	0.1042755153	0.0645633431	0.0091804995	-0.00903195	-0.0090161771	8.12914494985644e-05	8.157612080250001e-05	-4.32677e-05	-0.0286447676999999	0.0008205227165869	1.8720938632899998e-09	-0.00310483	-0.0248770299999999	9.6399693289e-06	0.0006188666216208	0.000149577	0.0002169388	2.2373278929e-08	4.706244294544e-08	0.000109522	0.000132918	1.7667194723999996e-08	1.1995068484e-08	-0.000234357	-0.0001315129999999	1.7295669168999996e-08	5.4923203449000006e-08	0.0	0.0	0.0	0.0	0.0	1.0	0.0	0.0	0.0	0.0	0.0	0.0	0.0	0.0	0.0	0.0	0.0	0.0	0.0	0.0	0.0	0.0	0.0	0.0	0.0	0.0	0.0	0.0	0.0	0.0
570.0500744278739	-1.3813995021890833	1.908264584648247	324957.0873552246	831.3331098253566	0.2222980888744814	0.0494164403172468	691114.7394918985	534.4013507868705	0.0791708919924758	0.0062680301388842	285584.80372283177	565.7335736833809	495.6459292369026	1.513387	64.403107	0.0814970427	0.0437906	0.0087897372	0.097574494	0.1384014782	-0.1028710601	0.0327160914	-0.0445923705	-0.0744015873	0.0240896358	0.0224144629	-0.0314408159	0.1349976691	-0.0134738786	-0.0294029543	-0.0348034819	-0.0396512587	-0.0437116383	0.1096983066	-0.0329943944	0.0177317533	-0.0603619506	-0.1246612354	-0.0894554819	-0.1347678093	-0.0834762491	-0.0212814145	0.0059987662	0.0642372375	-0.0105595608	0.0252158977	0.0102248243	0.0736685877	-0.0543283776	-0.0144671961	-0.1556077342	0.0658756157	0.0470900901	0.1253127696	0.079037054	-0.096209873	-0.0464312412	-0.0004616265	0.066141968	-0.0399445307	-0.0518294874	-0.0424609786	-0.0842244242	-0.0953339443	-0.0926598268	0.0647772772	0.0353353826	0.0861370371	-0.1131510324	-0.0163142946	0.0633326439	-0.046131449	-0.0045169682	0.0781944178	0.0136502835	0.0776805932	-0.0846351383	-0.007856948	0.1061250409	-0.0454712296	0.0819145669	-0.1170559214	-0.1129888075	0.0064937449	-0.0547240248	0.1517642063	0.0915149441	-0.0102169025	0.0271745313	0.0037163076	-0.0008188684	-0.0185092859	-0.0267425844	-0.1516292894	0.098431447	0.1136261519	0.0053184365	-0.0203421989	0.0823864216	0.1619075139	-0.0443248976	-0.0272199898	-0.0368968828	-0.1298124861	0.0993889514	0.1442608457	0.1098534279	0.0436291141	0.0423985801	0.0044136869	-0.0203469243	-0.0078586424	0.0159316469	-0.0321552029	-0.025160721	0.0535447236	0.0622779405	0.1675667464	0.0263775152	0.1199150927	-0.1089859168	0.0421189089	0.0681950908	-0.2293997012	-0.0175584485	0.0622301479	0.0349899037	-0.0046765139	-0.1044307488	-0.0922804273	0.0513186247	-0.0932702291	0.001238329	0.0520661126	-0.0640337894	-0.0680538679	0.0549408244	-0.0412599965	-0.0011528938	-0.0036738423	0.0398902814	0.0193524068	0.127785178	-0.0711307673	-0.0422764162	-0.0862972666	-0.0397367157	0.07709804	0.0427692949	-0.0960394677	-0.102663385	-0.0411579052	-0.0114906013	-0.0533318653	-0.0253268005	-0.16987604	0.0543898558	0.0605502449	-0.0574003659	-0.0094834563	-0.0432075648	0.0531618208	-0.0831693519	-0.0482187446	-0.0334589804	0.0754748409	-0.0603756625	-0.0945503747	-0.0872502315	-0.0347629428	0.0562228138	-0.1477747581	0.0816452542	0.109309507	-0.1468209789	-0.0339814658	-0.0241603185	0.0060932585	-0.0606345671	0.0555392218	-0.0932864758	-0.0502525245	-0.0565192896	0.1947183443	-0.0303770656	-0.0893873568	-0.0341241097	0.0151539335	-0.0139658173	-0.1257835538	-0.1728062576	0.1382719936	0.0038227178	-0.0938017576	-0.046045454	-0.1138760023	-0.0470207684	-0.022391213	0.0288171054	-0.0608039746	-0.0838616533	-0.0026463058	-0.1968622806	0.0208314572	0.02435699	-0.1116375975	0.1007958489	-0.0793828759	0.0279310295	-0.0329665029	-0.1106862178	0.0292799407	0.0571957477	0.000937926	0.0499061783	-0.041701661	0.1029964092	0.0600954145	0.0013127847	-0.00708061	0.00195134	3.807727795600001e-06	5.0135037972100006e-05	0.0302647	0.0303079676999999	0.0009185729061042	0.0009159520660899	0.0213226	0.02442743	0.00045465327076	0.0005966993364049	-0.000188068	-0.000337645	3.5369572624e-08	1.1400414602500001e-07	9.75546e-05	-1.1967400000000003e-05	1.432186627600001e-10	9.51689998116e-09	-8.77633e-05	0.0001465937	2.148971287969e-08	7.70239682689e-09	0.0	0.0	0.0	0.0	0.0	0.0	1.0	0.0	0.0	0.0	0.0	0.0	0.0	0.0	0.0	0.0	0.0	0.0	0.0	0.0	0.0	0.0	0.0	0.0	0.0	0.0	0.0	0.0	0.0	0.0
573.2608470487922	3.2107726209183056	10.309060823238603	328627.9987590988	829.5124804231957	-1.8206294021608755	3.314691420012667	688090.9551778426	534.6185233793443	0.2171725924738439	0.0471639349218102	285816.96554031054	565.7898102595054	641.144471434543	2.12585	90.466827	0.08033498	0.0450318	-0.1088566627	0.052294774	-0.2088628404	0.0332961754	-0.0116542664	0.0348051446	-0.1352437348	-0.0246263693	-0.018556565	0.0421397436	0.0221822964	0.0601409238	-0.046516167	0.0048343712	-0.0425095246	-0.0311648115	0.1662581908	-0.0879564656	0.0559986476	-0.0430162412	0.0429962987	-0.0262048343	-0.1078979051	-0.0244376	-0.0489561897	-0.0272538798	0.0027514656	0.1042797124	0.0035524854	-0.095284946	-0.0733389399	-0.0767905875	0.0676652618	-0.0721688028	0.0951160796	-0.135054472	-0.1288996879	0.091555791	-0.058082328	0.1664932043	0.0962936489	-0.0569539641	-0.0405186287	-0.0447019142	0.1836506493	0.0807420752	-0.1289641808	0.079867775	0.0362007201	-0.053788799	0.0992247644	-0.01848087	-0.0122982002	0.0155320015	-0.0113122949	-0.1505520275	-0.0152290632	0.0971387457	-0.0256414591	-0.0953064024	0.0229897527	-0.0624398304	0.0602634423	-0.1084830409	-0.05954021	0.0256417321	-0.0893760088	-0.0427837925	-0.0286955001	-0.0020484807	0.0836126309	0.1154202388	-0.0262241416	0.1041553113	-0.1128156633	-0.1813992851	-0.1005525852	0.1053867705	-0.0604066628	0.1646873071	0.0513160385	-0.0325665587	-0.0283298029	0.0438230656	0.0996120417	0.1516635836	-0.0780678545	0.1025375109	-0.0416651153	0.0741935412	0.0427791078	-0.1266786575	0.0535202685	-0.0509582618	-0.026154825	0.0418520376	-0.0705856275	-0.0123123749	-0.1023667885	-0.0982118075	-0.0179402068	-0.0682647708	0.0109518194	-0.0007751819	-0.0651808052	0.1139000879	0.1421483966	0.1124862059	0.0098555865	0.0384649899	0.0232315867	-0.003222153	0.0052164038	0.100315776	-0.0225884335	-0.0353364459	-0.0278485748	0.0025234429	-0.0397648752	0.0115328715	-0.0741835578	0.1259565016	-0.1087581928	-0.0481483714	0.0125449198	-0.0448796818	-0.021538582	0.0006532127	0.0555635956	0.1303152779	0.0948726495	-0.0291424721	0.022744039	-0.1210983383	0.0491407443	-0.14722107	0.1031423893	-0.0381593663	0.045968709	0.0252692751	-0.1091063003	-0.2508353993	-0.03754885	0.0755577464	-0.0406695988	-0.062595171	0.0655653274	0.0519784397	0.0330906519	0.0931526983	-0.0207776262	-0.0132292286	0.0162771502	-0.061030198	0.0567401369	-0.0644764863	0.0628034646	-0.0809422094	-0.0519745571	-0.06874637	0.058309297	-0.0367833276	0.0093827277	0.0123979061	0.0310299192	-0.070974942	0.0699616547	0.007933119	0.0637876408	-0.0634755575	-0.1047238095	-0.0911694319	0.0519951094	0.1481169583	0.04428602	0.0844097501	-0.074200775	0.0928705513	0.0148578349	0.0162217374	-0.0164590857	-0.0795436569	0.1512248647	-0.0682429351	-0.0987366194	0.0447942845	-0.0618022581	-0.1136068396	0.0886810203	-0.0208751245	0.0558787577	-0.0090764704	-0.1812381721	0.0140639072	-0.0403012365	0.0047898004	-0.1290777344	-0.0190151735	0.0635000557	0.1016668918	0.0555098464	-0.006560711	-0.0093556	-0.00227499	5.1755795001000005e-06	8.752725136000001e-05	-0.00010207	-0.0303667699999999	0.0009221407202328	1.0418284900000001e-08	-0.00955127	-0.03087387	9.12267586129e-05	0.0009531958487769	-1.42263e-05	0.0001738417	2.0238761168999998e-10	3.0220936658890005e-08	-2.3396e-05	-0.0001209506	1.462904764036e-08	5.47372816e-10	-0.000129358	-4.159469999999999e-05	1.730119068089999e-09	1.6733492163999998e-08	0.0	0.0	0.0	0.0	0.0	0.0	0.0	1.0	0.0	0.0	0.0	0.0	0.0	0.0	0.0	0.0	0.0	0.0	0.0	0.0	0.0	0.0	0.0	0.0	0.0	0.0	0.0	0.0	0.0	0.0
569.7993719399257	-3.46147510886658	11.9818099293029	324671.32426313375	829.4435559342267	-0.0689244889690599	0.004750585179646	687976.6124808146	534.1766404970588	-0.4418828822855403	0.1952604816569766	285344.68325272395	565.2314520441927	505.5964163666748	2.058147	87.585701	0.0665708149999999	0.0382599	-0.0718172153	0.0549483382	0.1207076494	-0.0148224929	0.0035835098	0.0185677403	-0.0856197822	-0.0140269024	-0.0138719637	-0.0590397419	-0.0208041752	0.0030379834	-0.0554165297	-0.0883002634	-0.043640479	0.0654189961	-0.0340692484	0.0159177347	-0.0332650539	0.1580008343	-0.0222805232	0.0746622187	0.0044542303	-0.0046315025	0.0361543572	-0.0150770998	-0.0446069828	-0.0272614799	0.0149397138	-0.0062286128	-0.0059424957	0.1151222033	7.84782e-05	-0.0015888725	-0.0291376769	-0.0670166722	0.0170149331	0.0248909644	-0.1575742932	-0.0291998838	0.0965656648	-0.0536237644	-0.0017315086	-0.001013631	0.2198012896	0.0779690453	-0.0071003162	-0.0562535627	0.0577426806	-0.0460742478	0.0705528359	-0.0133080609	0.0169693707	0.0251462179	-0.1076330237	-0.1422276276	0.0335798651	0.0585313175	-0.1234683089	0.1143917038	-0.0713738776	-0.0635819692	-0.0492793438	-0.0053082296	-0.0278717239	0.1062935589	0.1119034843	0.126655452	0.1472983798	-0.0840307709	0.0973616807	-0.0736396883	0.0123580248	0.0732567051	-0.1291176909	0.0501328858	0.0696406212	-0.107368526	0.0242772183	0.1807673158	-0.0346081783	-0.0659396637	0.1071887874	0.2282464916	0.0827782049	-0.1553577311	-0.0437336469	0.0589243978	-0.0766911433	0.0616942339	0.0844453021	-0.0780144343	-0.0072352056	-0.0826326382	-0.0178839047	0.0308508279	0.129541866	-0.0415136326	0.0824608592	0.1394103693	-0.005653742	-0.1273450653	-0.1627174456	-0.0705770577	0.0928574549	-0.1020514394	-0.062446413	0.0260959671	0.0179995195	-0.0219808424	-0.1111810602	-0.0704318069	0.0033323528	0.0702240624	-0.0178482761	-0.0086965364	-0.0355307154	-0.0896500991	-0.0822906736	-0.0776766769	0.0006695319	0.1403244513	-0.0018669227	0.0378336681	0.1279676397	-0.0131142923	0.0679348238	-0.0145505328	0.0471528831	0.0022953235	-0.1031017432	0.1328860591	0.017625749	-0.0312863851	0.0148048365	-0.1612377512	-0.1739534176	0.0207218796	-0.0407811822	-0.0085426926	0.0803652764	0.0268376317	-0.0491035804	0.1344699634	-0.1567234247	0.0880059496	0.1558898985	-0.0056670561	-0.0687272173	-0.0694311566	0.0519002	-0.1399586029	0.0371169732	-0.0772239579	0.0543773094	-0.1841469567	0.1135187417	0.0035423856	0.0994809642	0.1313971254	0.0191129953	-0.040098357	-0.0337472998	-0.0306291815	-0.0321705612	-0.0424901617	-0.0012825651	-0.0555131867	-0.041319612	-0.0291193253	0.156734727	0.009325099	-0.038586808	-0.0268712492	0.1934394431	0.0692864859	-0.0401677514	-0.0425508525	-0.1250933664	0.0145391642	0.0071120154	-0.0109611272	0.1001203552	-0.0750310219	-0.0599542716	0.0094172044	-0.0195159605	0.0388019513	0.0399504398	-0.0319852229	-0.0073646561	-0.0411407677	-0.0764994461	-0.0044229455	0.1658794334	0.0083277872	-0.0097009432	0.236663274	-0.061629753	0.100287614	0.0508156151	-0.0144053161	-0.00689746	0.00245814	6.042452259600001e-06	4.7574954451600005e-05	0.0240234	0.02412547	0.0005820383027209	0.00057712374756	0.015333	0.02488427	0.000235100889	0.0006192268934329	-0.000299608	-0.0002853817	8.976495366399999e-08	8.144271469488999e-08	-2.3396e-05	0.0	0.0	5.47372816e-10	-0.000112681	1.667699999999999e-05	2.7812232899999965e-10	1.2697007761e-08	0.0	0.0	0.0	0.0	0.0	0.0	0.0	0.0	1.0	0.0	0.0	0.0	0.0	0.0	0.0	0.0	0.0	0.0	0.0	0.0	0.0	0.0	0.0	0.0	0.0	0.0	0.0	0.0	0.0	0.0
573.2472499522914	3.447878012365777	11.88786278815538	328612.4095778649	827.4984879279675	-1.9450680062591343	3.783289548972885	684753.7475230726	534.1900717210566	0.0134312239978271	0.0001803977780798	285359.0327253476	565.2714877263968	639.619872176678	2.115217	90.014336	0.074705655	0.0395014	-0.1116454645	-0.0871803666	-0.1835065201	0.0011021737	-0.0404127691	0.0988315953	-0.0437524562	-0.0246479155	-0.1439591722	-0.0425902009	0.0634103087	-0.0011350155	0.0280972595	-0.0254698398	0.0379033042	0.0648508315	0.0029300147	0.0155432656	-0.0704861363	0.0346309578	-0.0829325583	0.0249974917	-0.0267754182	0.0813357397	-0.0637190501	-0.1170608149	0.0759047788	-0.0087015663	-0.0354886243	0.0065908501	0.1084341155	-0.0702633164	0.114146759	0.038564514	-0.0184868967	-0.0847631137	0.0303183883	-0.090752941	-0.0166920491	0.230811302	-0.0501249053	-0.0072494726	-0.0461838991	-0.0308180574	-0.000561444	-0.0752150726	0.0099022806	0.1099373664	-0.0105328167	0.1074414758	0.0542715365	0.094901611	0.0058718025	-0.0306085404	-0.0690301217	0.0496052381	0.013410715	-0.0614979897	-0.1356371116	0.0996674374	0.0031602876	-0.0095744676	0.1479090147	0.1051466632	-0.1314868365	-0.1286804074	-0.0152926643	0.053328143	-0.1305685192	-0.1378415225	0.0423726762	0.0286377228	-0.0939096336	0.055304529	0.0516580604	-0.0766992721	0.1916886614	0.0290551912	-0.039623912	0.1595013995	-0.0487487908	0.1601176871	0.2044257224	-0.0134813726	0.0214350788	0.0966012972	0.057941687	-0.0349306283	0.1373330295	0.1267228455	0.0022444395	0.0719130122	0.1055286187	0.1730398605	0.0152767945	-0.0669349658	-0.1158020601	-0.1767402307	-0.022506257	0.0651899355	-0.0031308469	-0.0669307423	0.0042276129	0.0113130444	0.0441677128	-0.1011544824	0.1678429268	0.110955543	-0.1463703653	-0.0078746711	-0.0028970515	-0.0473930252	-0.0338307462	0.0664811674	0.0868931791	-0.0093170813	-0.0509978951	-2.12342e-05	0.012665498	0.1518121716	0.0596498563	-0.0099097885	0.0530536905	0.1027088413	0.0160595155	0.0626921453	-0.118482619	-0.0506541651	0.1037986621	-0.0311416097	-0.1150592653	-0.1340736585	0.1883077654	-0.0419464636	0.0154895609	-0.0086040692	-0.0448766639	-0.1181504104	0.0947127245	0.1042602492	0.0819886197	-0.1056541689	-0.1060834136	0.1160517707	0.0369138473	-0.0645888078	0.106178899	0.0949565456	0.2004672929	-0.0246641718	0.0288881006	-0.1319217956	-0.0692929292	-0.0213307042	-0.0533802077	-0.0773392937	0.0141248543	0.0824339673	-0.1453097086	0.0748248931	0.0498449569	0.0922343088	0.1276957497	0.1259786826	0.0501629246	0.016209408	-0.0536561337	0.0240291148	0.1216314451	-0.0059851273	0.1233607327	-0.0591754063	-0.158478125	-0.0430515808	0.0785606413	0.1094090812	0.0482691311	0.0965048543	0.0270862788	-0.021868802	-0.0031868657	-0.0347120289	0.1061236855	-0.0579367818	0.1427072446	0.1597372914	-0.1060431225	-0.1472800386	0.0033215891	0.0191111411	-0.0196132206	0.0563862823	0.0171353078	0.0216891601	-0.1120409292	0.1190424571	-0.0606836468	0.0305920634	-0.001934807	0.0988592507	0.0460219099	-0.0221864862	-0.0166105	-0.00971304	9.434314604159998e-05	0.00027590871025	-0.00010727	-0.02413067	0.0005822892346489	1.15068529e-08	-0.00589482	-0.02122782	3.47489028324e-05	0.0004506203419524	8.830449999999998e-05	0.0003879125	7.797684720249997e-09	1.5047610765625e-07	-2.3396e-05	0.0	0.0	5.47372816e-10	-0.000117451	-4.769999999999997e-06	2.2752899999999967e-11	1.3794737401e-08	0.0	0.0	0.0	0.0	0.0	0.0	0.0	0.0	0.0	1.0	0.0	0.0	0.0	0.0	0.0	0.0	0.0	0.0	0.0	0.0	0.0	0.0	0.0	0.0	0.0	0.0	0.0	0.0	0.0	0.0
572.4296461309044	-0.8176038213870243	0.668476008746665	327675.69976955245	826.5057779569889	-0.9927099709785808	0.9854730864802944	683111.8009962875	534.1493476816432	-0.0407240394133623	0.001658447386141	285315.525628725	565.1497663912241	630.6153995945389	1.118427	47.595345	0.068611011	0.0425629	-0.0659081322	-0.0974949971	-0.1651791835	0.0071522674	-0.0668649652	0.1021665419	-0.0091912051	-0.0530386127	0.0198034516	-0.0666370627	-0.0307491701	0.0011551601	0.0837479259	-0.0926719674	-0.1329347159	0.0209488377	-0.0609958612	0.0495953413	0.0095347204	0.0604045162	-0.1973774454	-0.0982682027	0.0809913295	0.0735054803	-0.1229863309	0.1149140347	-0.0548430748	0.0050146317	-0.0439769515	-0.0425786698	-0.064809573	-0.0210079747	-0.0033018966	0.1255897548	-0.0144737172	-0.0129305999	-0.0830581111	-0.035125551	0.1491088318	0.0058985143	-0.0727790595	-0.0045243451	-0.0681822558	-0.0668153954	-0.1493007292	-0.1117558387	-0.0913450406	0.0565907114	0.1069514323	-0.2151945977	-0.0019042524	0.091015277	-0.023364353	0.023623586	-0.169375174	0.0606935719	0.0277204662	0.0730329619	-0.0880275043	0.0312108901	-0.090572379	-0.053624858	-0.0168281502	0.0129984128	-0.0163733797	0.15911472	0.0547944265	-0.0016940043	-0.1155327151	-0.0061005034	-0.0879547938	0.0133212568	0.0426422934	-0.041046156	-0.0658171262	-0.0320825593	-0.0663336862	0.0433206282	0.0276777088	-0.0733571708	0.032284146	0.1567023317	-0.0866492902	0.0533400904	0.1983453542	-0.0217120442	-0.025664137	-0.0610078683	0.0480193181	0.0209133005	0.0165476375	0.0864587782	0.0357588845	0.0012850233	0.0334186131	-0.0177887155	0.0407994514	0.0345177502	0.0030876569	0.1346974666	-0.0769993993	0.1042214389	-0.0366457054	-0.1068667463	-0.149176581	0.0231589401	0.0147244146	0.0082699659	-0.0168174219	-0.061705476	-0.018272268	0.153025394	0.1500766104	0.016455093	0.0917234006	-0.0131641507	-0.0148340637	-0.1322304954	-0.010835079	0.0065910586	0.1743033695	-0.0414379809	0.0152465924	-0.0400788269	0.0746537057	0.014094077	0.0438494931	-0.0007274027	0.1353601295	-0.0878355493	0.0574251408	0.0328582365	0.026896304	-0.0169169283	0.0994390559	-0.0528492624	-0.0468876319	0.0382086825	0.0532338921	-0.1084482356	0.0239113706	-0.0793815162	-0.0094370993	-0.0414169919	-0.0294028609	0.0890604479	-0.0680237504	-0.1448728413	-0.0013530145	-0.0522490328	0.1214997776	-6.49472e-05	-0.0442063851	-0.0981295868	0.0062785389	0.116033963	-0.0477762957	0.0229328196	-0.0475607781	0.0556495695	-0.0091500197	0.0902308669	-0.0122110455	-0.0593284327	0.0790939732	-0.0175648622	0.0751412038	0.0906574787	0.1113044948	-0.1286201829	0.1378591223	0.164547846	-0.1217686196	-0.0216629642	-0.029263106	0.0687426164	0.0803393282	0.0270907912	-0.0849009052	0.0316802812	-0.0873510024	0.012024668	0.0133904668	-0.0887502757	0.0732312333	0.1077726101	-0.1015398309	0.0010990251	-0.0817065025	-0.0129621217	-0.055668102	-0.1155383699	-0.1598571698	-0.0418644481	-0.0144588877	0.1127908847	0.0592789481	0.2145561297	0.0504678201	0.0973825011	0.0411381146	-0.0298699563	-0.0166259	-1.5399999999998748e-05	2.3715999999996137e-10	0.00027642055081	0.0351882	0.03529547	0.0012457702025209	0.00123820941924	0.000881051	0.006775871	7.76250864601e-07	4.5912427808641e-05	-0.000383553	-0.0004718575	1.4711290380900002e-07	2.2264950030625001e-07	-2.3396e-05	0.0	0.0	5.47372816e-10	-5.88231e-05	5.86279e-05	3.4372306584099994e-09	3.46015709361e-09	0.0	0.0	0.0	0.0	0.0	0.0	0.0	0.0	0.0	0.0	0.0	0.0	0.0	0.0	0.0	0.0	0.0	0.0	0.0	0.0	0.0	0.0	0.0	0.0	0.0	0.0	0.0	0.0	0.0	0.0
571.9438381672601	-0.4858079636443335	0.2360093775402541	327119.754017497	825.7202038954536	-0.7855740615353852	0.6171266061572012	681813.8551211493	533.848598154027	-0.3007495276162899	0.0904502783614215	284994.32575101976	564.8664471471981	560.5974587471121	1.649457	70.193665	0.0621553789999999	0.0378697	-0.0095191662	-0.1440884364	-0.0237225815	0.1903709124	-0.0864213605	0.087606476	0.0699351377	-0.0447610368	-0.0664798361	-0.0532741432	0.1465581062	-0.0939182693	0.0412713737	0.0284947168	-0.1301890665	0.0196176094	0.025820569	-0.0450773398	0.0304551424	0.0230786807	0.1481914512	0.0892398977	0.0127373476	-0.1356208467	0.0222816571	-0.0230833964	0.0845242514	0.0179931806	0.1032457649	0.0599436011	-0.0591596165	0.0109992833	0.0454579279	-0.0971191764	-0.1788512127	0.0219512821	-0.0104029758	-0.028880894	0.1052888614	-0.0511051981	0.1140343864	0.0703714158	-0.0985850647	-0.1013891882	0.1229466223	-0.0103590899	0.016064961	-0.0524795246	0.0335401977	0.0383229998	-0.0392970069	0.0968300421	-0.061700489	0.0502807196	-0.0542232139	0.02218925	-0.0613177696	0.051679786	-0.0253284508	0.2197344346	-0.0212552278	0.1189839198	0.0146140629	0.1926520938	0.1674105475	0.0103738716	0.1338426523	-0.0580089862	0.0256074376	0.0273658777	0.0245448644	-0.0484703116	0.0317253435	-0.0644608734	0.0146741519	-0.0530680045	-0.0574207763	0.0234910163	0.0365665598	-0.0388404007	-0.0032234683	0.0011222282	-0.0567659511	-0.1304957084	-0.0689217709	-0.1545552787	0.0964915606	0.0753021016	-0.2034587666	-0.1607243819	0.0882993553	0.0210727472	-0.0656111479	0.0995951549	-0.0362287318	-0.0336281012	0.039701036	0.0849653212	0.0480864068	0.0758193302	0.1437231304	0.0583781488	0.1531350391	-0.0197605725	-0.1093042519	-0.0165487299	-0.056399529	-0.0222498693	-0.0906864714	0.1099287473	-0.0283353741	-0.0096173587	0.0695080019	-0.0412658675	0.115378075	-0.0440514275	0.0120864902	-0.0240286706	0.1300796998	0.0323951817	0.1290345117	0.1085233459	0.0134600995	0.0487659077	0.1634348274	0.0419066956	-0.1017414214	0.123906577	0.0116378374	-0.1068522163	-0.1037921173	0.0889312654	-0.0707866602	0.0571899468	-0.0459927145	0.0011035012	-0.1093291185	-0.0347813584	-0.0243871361	-0.0303769302	0.0224892484	0.0043221829	0.0320054046	-0.1108930192	-0.0723764855	0.0250753138	0.0177382006	0.1953012852	0.0053022495	-0.0922548178	0.066279641	0.2645672272	0.0246249516	-0.0426797756	-0.0304501266	0.1134614537	-0.0599147784	-0.0109759307	0.112019307	0.0613308245	0.020422248	0.0287278376	0.0609042369	-0.0259823094	-0.0950726851	-0.0105191003	0.034446349	0.1001365152	-0.1000398683	0.0496062607	-0.1712073187	0.0380458818	-0.0337198851	-0.0732587244	-0.0250874793	0.0268104231	0.1341916349	0.0456129601	-0.0286127577	-0.0488981557	0.0080038736	-0.0339134214	-0.0396589774	-0.1690426574	-0.0166562653	0.1107280925	0.0024837656	-0.0313836799	-0.0214396087	-0.1077247461	-0.0599925053	-0.2327108304	-0.0256541138	-0.0384298836	-0.0680216262	-0.0695486218	0.041052438	0.0253247671	-0.0792073077	0.0958580879	0.0361737896	-0.0374218916	-0.0131073	0.0035185999999999	1.2380545959999987e-05	0.00017180131329	-0.00010659	-0.03529479	0.0012457222011441	1.13614281e-08	0.00283792	0.001956869	8.0537899264e-06	3.829336283161e-06	-9.13395e-05	0.0002922135	8.34290426025e-09	8.538872958224999e-08	-0.000101631	-7.8235e-05	6.120715225e-09	1.0328860161e-08	-0.000116077	-5.725389999999999e-05	3.278009065209999e-09	1.3473869928999998e-08	0.0	0.0	0.0	0.0	0.0	0.0	0.0	0.0	0.0	0.0	1.0	0.0	0.0	0.0	0.0	0.0	0.0	0.0	0.0	0.0	0.0	0.0	0.0	0.0	0.0	0.0	0.0	0.0	0.0	0.0
571.3803092206253	-0.5635289466347331	0.3175648736952518	326475.45776505745	824.5881951763922	-1.1320087190613322	1.281443740030878	679945.6916242599	534.0734609526816	0.2248627986546125	0.0505632782187848	285234.4616939755	564.9609857855737	634.8415434761688	1.683801	71.655167	0.056038225	0.028361	-0.1431821788	-0.0130511711	-0.163635772	0.0750351877	0.0774461404	0.0918962864	-0.0541965612	-0.0514867171	0.0096825102	-0.1117368213	-0.092068842	-0.0957814055	-0.0004154708	0.0227824192	-0.1093974623	-0.2522537448	-0.114358747	0.097691902	0.0883481107	0.1431594568	0.0070393869	0.1102862947	-0.0453976083	-0.0294818126	-0.0536871544	0.0346491682	0.005901795	-0.0040376071	0.0516186267	-0.0895373599	-0.0884581009	-0.0558477854	0.0721712899	-0.0157265885	0.1885148224	-0.1439723413	-0.0008661738	0.0768815266	0.026862261	0.0192519496	-0.0766049657	0.0223942835	0.0163054528	0.0030629927	0.0283205195	0.0376015567	0.0291853284	-0.181448718	-0.0029471479	-0.0421958378	0.1016204296	0.0588826828	-0.044919937	-0.1344831657	-0.01686624	0.1060469533	0.0342756038	-0.1563955999	-0.015436661	0.0152409387	0.0565822329	0.0401206374	-0.0165174004	0.0483635827	-0.0903079416	0.0243028427	-0.1440540503	0.0724356153	-0.0531741609	0.0069477166	-0.0391631995	-0.161788825	-0.0186419127	-0.0248501847	-0.157627546	-0.0347608077	0.1288383889	0.0180795455	-0.0381801355	0.042920716	-0.0464930911	-0.0830966743	0.0750648185	-0.1518813185	0.0720817994	-0.0918406862	-0.1275760191	-0.1233666323	-0.0181907237	-0.0431160194	-0.0801225606	0.0217296139	0.1197389138	0.0990490272	-0.0295546932	-0.1133971841	0.0606177327	0.1958531717	-0.0188089341	-0.0384821763	0.001747173	0.0782912756	-0.0013414956	-0.0525943107	0.0835106313	-0.0318354313	-0.0115838494	-0.0263541468	-0.1729727847	0.1220962575	-0.0308274879	-0.0351580308	0.0835392993	0.0857928644	0.0440153564	-0.085585778	-0.0894482035	-0.0406967899	-0.008679977	0.0787874937	-0.0498368286	-0.0913699616	0.1998926091	-0.0272257858	0.0281508228	-0.0998216015	-0.0132296344	-0.0754104497	-0.047990339	-0.0991212856	-0.0602545722	-0.0581979743	-0.0478585586	0.1220531224	-0.0047324973	0.0284991562	-0.0576916584	0.0480954516	-0.0794899574	0.0351770755	-0.0644742501	-0.0697021907	-0.0323040538	-0.0142005477	0.1014359364	0.135617827	0.2212960827	-0.0117731262	-0.0771456132	0.0335961746	0.0154736428	-0.0454864138	-0.0489232831	-0.012251358	-0.1286246232	-0.0152413401	-0.1403138971	0.0417153596	-0.210128474	-0.0994089551	0.0486687869	0.0550606588	0.0895548221	0.0501383454	-0.0291977154	0.0780044433	-0.0455185844	-0.0161205111	0.0841292106	0.1088609793	-0.1636110645	0.096695629	0.0027278107	-0.0302511032	0.020898251	0.1208993686	-0.0110740406	-0.0324897782	-0.0340152216	0.0702210399	0.0292562653	-0.1620194975	0.1188522136	0.0077261323	0.0821267279	-0.1222858471	-0.129457684	0.0672690715	0.0262238514	-0.0635076196	-0.0278157586	-0.1354389493	0.0259936431	-0.0908157143	-0.017981694	0.0025277447	-0.105062949	0.055202378	-0.0260690341	0.0942867573	0.0311386526	-0.0448090364	-0.0102703	0.002837	8.048569000000005e-06	0.00010547906209	0.0208453	0.02095189	0.0004389816945721	0.00043452653209	0.00266995	-0.0001679699999999	7.128633002499999e-06	2.8213920899999974e-08	-0.000397783	-0.0003064435	1.5823131508900004e-07	9.390761869225005e-08	0.000107306	0.000208937	4.3654669969000014e-08	1.1514577636e-08	1.01698e-05	0.0001262468	1.593825451024e-08	1.0342483204e-10	0.0	0.0	0.0	0.0	0.0	0.0	0.0	0.0	0.0	0.0	0.0	1.0	0.0	0.0	0.0	0.0	0.0	0.0	0.0	0.0	0.0	0.0	0.0	0.0	0.0	0.0	0.0	0.0	0.0	0.0
571.3900616870137	0.0097524663883632	9.511060065615484e-05	326486.6025946893	827.3386104981066	2.7504153217143994	7.564784441921323	684489.1764209378	533.6920321579405	-0.3814287947410548	0.1454879254576137	284827.1851888722	564.5335970883572	628.0645755575324	1.287019	54.769894	0.053721115	0.0260656	-0.1004627311	0.0067983984	-0.1598566592	-0.0083056615	-0.0931546076	0.0594507047	-0.0349985437	0.0753323312	-0.0771334658	0.0227392673	-0.1041899443	-0.0090057087	0.0551296588	-0.0086028906	0.1488387034	-0.1101301613	-0.1124120409	-0.0402741243	0.1194949888	0.1139914929	-0.1334515343	-0.0285514318	0.0750336503	-0.0721651732	0.0902170517	0.0568007617	-0.0269552536	0.0891680543	0.0713070101	0.1477164433	-0.0551002324	0.0554103286	0.1053554555	0.1106064485	0.0792600005	-0.0708391674	0.0342379351	-0.0570958457	0.0597066463	0.0398757407	-0.063732274	-0.1185013925	0.0438971857	0.0787662798	-0.0926652206	-0.0129563102	-0.0463186245	0.0568410839	0.1606884162	0.054425831	0.0650935878	0.0058918945	0.0878743549	0.0547415644	-0.010273786	0.0549885187	-0.0845790701	-0.0159558979	0.0444333292	-0.1201366772	0.0291568118	0.0667156551	-0.1156787119	-0.0080789301	-0.0638385609	0.0747326677	0.0494677883	-0.0762817463	-0.0198895812	0.1950953028	0.0871832067	-0.036821068	0.0977178348	0.1194537436	0.0881695105	0.0240624594	-0.0478971227	-0.0463214115	0.1261389246	0.0851217448	0.0388976768	0.0701288942	-0.041452727	-0.0260679949	-0.1086921132	-0.0283598297	0.0682244375	0.0945183111	0.0326066014	-0.153296099	0.0028177697	0.1092844006	0.0153198753	-0.1188634541	-0.0311791452	-0.0283910903	0.1063975602	0.0966847292	-0.0250631242	0.0907075303	-0.1427433306	-0.0999927086	-0.0413176956	-0.158150537	-0.0442923573	0.1294204634	0.0766992972	-0.0008619645	0.1449262866	0.0737436031	0.0705367288	-0.0219795058	-0.0464926049	0.0942640081	0.0121621939	0.0900713943	-0.0111042179	0.0185738723	0.0665954186	0.0729894236	-0.07681916	-0.0828965901	-0.0108630723	-0.1053379314	0.0157400127	0.0478977273	0.0559836314	-0.0631879474	-0.1165820013	-0.022851092	0.1271517177	0.1252737079	-0.1017537844	-0.01751509	0.0313759807	-0.14643038	0.025421398	-0.1092346313	-0.0084788425	-0.1345616872	0.1661820838	-0.0710141984	-0.0768321696	0.0906171779	-0.0399479225	0.095964756	-0.0049714357	-0.0619291364	-0.0121932623	-0.025321163	0.0803372937	0.0348013693	0.084400667	0.0588441286	0.0333787283	0.139836644	-0.1571112759	0.0183261566	0.0248330059	-0.0392809922	0.0406495032	-0.1707394801	-0.0866574134	-0.0865507654	-0.1537241952	0.1375796136	0.0684500925	-0.1243972624	0.0267175216	0.0869788116	0.0132677885	-0.0696829201	0.1699696004	0.1724955165	0.0150812821	0.0863470478	-0.037972222	0.0701908271	0.0954698621	-0.0033774382	0.0246963787	0.034096597	0.1214298545	-0.0090020451	0.0081305574	0.0314251177	-0.1736893637	-0.1860656436	0.0537216197	-0.1046266721	-0.031758471	-0.0417266241	-0.1908250662	-0.0628252718	-0.0525820316	-0.0563919766	-0.0679116299	-0.0072173842	-0.014275197	0.0926692784	0.0260425603	-0.051998861	-0.0166059	-0.0063356	4.0139827360000006e-05	0.00027575591481	0.00367745	-0.01716785	0.0002947350736225	1.35236385025e-05	-0.00555546	-0.0082254099999999	3.08631358116e-05	6.765736966809998e-05	-9.46597e-05	0.0003031233	8.960458804089999e-09	9.188373500289003e-08	7.73821e-05	-2.99239e-05	8.9543979121e-10	5.987989400410001e-09	-9.66281e-05	-0.0001067979	1.140579144441e-08	9.33698970961e-09	0.0	0.0	0.0	0.0	0.0	0.0	0.0	0.0	0.0	0.0	0.0	0.0	0.0	0.0	0.0	0.0	0.0	0.0	0.0	0.0	0.0	0.0	0.0	0.0	0.0	0.0	0.0	0.0	0.0	0.0
570.6839761864856	-0.706085500528161	0.4985567340561036	325680.2006760172	829.716354349813	2.3777438517063274	5.653665824327241	688429.2286755444	533.2785556145409	-0.4134765433996108	0.1709628519416902	284386.017878331	564.3334219920977	536.1734948871042	1.88281	80.1241	0.0440841149999999	0.02065	-0.0546512214	0.1165971108	0.0732366258	-0.1457331235	-0.0323569523	-0.0208669583	-0.1199566175	0.0660146825	0.0945915875	-0.0213641646	-0.1360597037	-0.0431285416	0.0396027357	-0.0319158677	-0.162446791	0.130091174	-0.1587253037	0.0251296921	-0.0231501003	-0.0691884629	-0.0912325869	-0.0917803934	0.0156248468	-0.1073720524	0.0295149077	-0.0101816171	0.0365776134	0.0341439191	0.0216440321	0.0895822946	0.0642085227	-0.0211320369	0.0829852987	0.1038057737	-0.0096223877	-0.0089687885	0.1141005282	0.1158327516	-0.1378850848	0.0067017837	-0.2242337031	0.0658597269	0.1069802431	0.0402796997	-0.0029554583	0.013280558	-0.1243295308	0.0048563513	-0.0449660521	0.088777636	0.0759899302	-0.0653478607	0.125712718	-0.0722038621	-0.1415002373	0.1130878962	-0.0788992305	0.0663256629	0.1186191082	0.0353465939	-0.0034377839	0.0535631334	-0.1051092735	0.1092162334	-0.0662909937	0.0228942323	-0.0281681642	0.0640169826	-0.0418322051	-0.0219018534	0.0017916395	-0.0244449015	-0.0872287966	0.083500411	-0.0863098714	0.0224960942	-0.088265465	0.0304400499	-0.0659812221	-0.2210872071	0.0261852518	-0.1416060045	0.1086368752	0.0914157653	0.0368591238	0.0205824493	0.191626778	-0.0498557295	-0.0282383312	-0.0227032488	0.0769518422	-0.1422181952	0.0903683476	0.0417895862	0.0695351309	-0.0443039357	-0.0637152518	0.0553276225	0.0678013542	-0.1614007628	0.0622371761	-0.0514671083	-0.076251045	-0.0403685564	0.0316741415	-0.0074404495	0.0723171135	-0.1200391962	-0.003280674	0.0466664754	0.0641795381	0.0614561452	-0.0381404279	0.0922989222	-0.0650568819	0.0886434181	-0.0400147611	-0.1746521112	0.026951453	-0.020871991	-0.0421455578	-0.0854602646	0.0427491376	-0.1377017649	0.0157814015	0.0902842081	-0.1413425286	-0.101784912	0.0110087842	0.0287354754	-0.028154715	0.0213063594	-0.0517027352	-0.0668328449	-0.0992710484	-0.0607264235	-0.0538730033	0.1926701981	0.0225115484	-0.0433511016	-0.1033038643	0.0729021607	0.1031187075	-0.1287202433	-0.0362241995	0.0263261781	0.0032192041	0.0793964634	0.0529990016	-0.047080475	-0.1840113409	-0.0399426996	-0.0709073689	-0.091799191	0.1340069558	0.0350577881	-0.057852228	0.066015079	-0.0511084135	-0.0161331805	-0.1558326082	0.059778803	0.0863795937	0.0352029913	-0.0432533239	0.0415993292	0.0543269918	0.0519324491	0.0557395307	0.0179782765	0.1102082866	-0.1227959103	0.0215967596	0.0053624457	-0.1109313816	0.0283851546	-0.1158605649	0.0425590336	-0.0732691105	0.0733610122	-0.0841301406	0.10378184	-0.0588824252	-0.0386366409	-0.0575028059	-0.115893185	-0.122502189	-0.0496865001	-0.1687110912	0.0300504283	-0.0275291268	0.0427016146	-0.0416827795	0.1176916134	0.0929170625	0.0993482807	-0.0981735518	0.0477219845	-0.250284444	0.0910064429	0.0208954884	-0.0589597043	-0.0228632	-0.0062573	3.915380329e-05	0.00052272591424	0.0151069	0.0114294499999999	0.0001306323273024	0.0002282184276099	0.00573395	0.01128941	3.28781826025e-05	0.0001274507781481	-0.000122569	-2.79093e-05	1.5023159761e-08	7.7892902649e-10	0.000163563	8.61809e-05	7.42714752481e-09	2.6752854969000002e-08	-0.000284697	-0.0001880688999999	3.536991114720999e-08	8.1052381809e-08	0.0	0.0	0.0	0.0	0.0	0.0	0.0	0.0	0.0	0.0	0.0	0.0	1.0	0.0	0.0	0.0	0.0	0.0	0.0	0.0	0.0	0.0	0.0	0.0	0.0	0.0	0.0	0.0	0.0	0.0
570.9187095916562	0.2347334051706866	0.0550997715030257	325948.172961802	830.8337445532471	1.1173902034341836	1.2485608667306862	690284.7110883703	533.9958527540397	0.7172971394987826	0.514515186333136	285151.57075851405	565.1076937884443	571.5143338528259	1.486207	63.246433	0.033602179	0.0187338	0.0378537939	0.1199255563	-0.0433734433	-0.1233195975	-0.0637869286	-0.0850523282	-0.0378442005	0.0241515259	-0.0580876753	0.0331091435	0.1252016885	-0.1256847909	0.1072202769	-0.0572069463	-0.1673547011	0.0847494591	0.0681203435	0.0299032222	-0.0246455772	-0.0432963813	0.1408013714	0.1328657721	0.1433993251	0.1240571673	0.0953445167	0.0593819612	-0.0034618293	0.0433276397	-0.127803065	0.044086095	-0.0045357129	0.0332234418	-0.1335310859	0.1886152273	0.0719023089	-0.178420372	-0.0409144625	0.0167166041	-0.1280317787	-0.1892154756	0.0285660238	-0.0120777233	0.180937665	0.1563345991	0.059928108	-0.0164072597	0.0586893154	0.1157384415	0.0352061364	-0.0058581536	0.0079933967	-0.1140154186	0.0719277594	0.0085592357	0.0763779838	0.0358577916	-0.1607838627	-0.0235637221	-0.0588915167	0.0378619583	0.0518462425	-0.0529995996	0.0720397187	0.0094032052	-0.0104086992	-0.0977356185	0.0215825787	-0.0438289578	0.0038573001	-0.074202452	-0.111676761	-0.063508577	0.0592414983	0.0085492194	-0.0237319998	0.10687786	0.0134166123	0.0995100098	-0.0221394077	0.0685050784	-0.0953593523	-0.1233453475	0.0047319169	0.1055501212	-0.0185998412	-0.0321788986	0.0047121525	-0.117219506	0.034885815	-0.0189387595	-0.0319918774	-0.0017583415	0.0081611322	-0.0042530067	0.1266127164	-0.0779703082	0.019542589	0.0273542628	-0.0966136963	-0.1043185137	-0.0742621897	-0.1191663258	0.0344735682	0.0776197873	-0.0936753298	0.185625561	0.0023822709	0.040271864	-0.1083195424	0.07762537	0.0326817882	-0.089854051	-0.0872077443	0.0057110042	-0.1146067629	0.0839407604	0.0002976745	0.0742455774	0.1432043072	0.021315219	0.0096499511	0.0915920933	0.0484889608	0.009327108	-0.0509037118	-0.0349739348	-0.0675522046	0.0655593915	0.036853054	0.0958851831	-0.0287858573	-0.0688702561	0.0233370782	-0.0781257642	0.0168883931	0.0623998692	-0.0487446417	0.0905128375	-0.003390277	0.0433032644	-0.0372354792	0.0635714312	0.0587352968	0.0250005751	-0.0927350732	0.1058986898	0.0601629532	0.037983253	-0.1255060992	0.0965031952	-0.1109545686	-0.0824682845	-0.1634276728	0.0726553896	0.0375889378	-0.1325553898	-0.0707111887	0.0342062744	-0.0202150538	0.0213838203	0.1105945747	-0.0167130327	0.0035529552	-0.0832524799	-0.1203235756	0.1259018176	0.0571071506	-0.1551646828	0.129987027	0.0874382213	-0.0346590412	0.1442977808	0.0273964836	-0.0633352941	0.0120742052	-0.0586719548	-0.1243435481	0.0942084578	-0.0812952807	-0.1079088195	0.1171140237	0.0049351674	-0.0826011052	-0.020360407	0.0390745239	0.0514191331	-0.0368847378	0.0244679219	0.1501885784	0.0166361659	-0.0601519619	0.0754362368	0.0232404622	-0.1076784003	-0.0451932763	-0.14655288	-0.0711916965	0.003043186	-0.0308966507	0.0892990645	0.0157075127	-0.0656609137	-0.0304531	-0.0075899	5.760658201e-05	0.00092739129961	-0.000122829	-0.015229729	0.0002319446454134	1.5086963241e-08	0.00180225	-0.0039317	3.2481050625e-06	1.5458264889999997e-05	-0.000132406	-9.837000000000008e-06	1.7531348836e-08	9.676656900000015e-11	0.0001828	1.9236999999999992e-05	3.7006216899999966e-10	3.341584e-08	-0.00039264	-0.0001079429999999	1.1651691249e-08	1.5416616959999998e-07	0.0	0.0	0.0	0.0	0.0	0.0	0.0	0.0	0.0	0.0	0.0	0.0	0.0	0.0	0.0	0.0	0.0	0.0	0.0	0.0	0.0	0.0	0.0	0.0	0.0	0.0	0.0	0.0	0.0	0.0
572.7326307200323	1.8139211283760237	3.290309859968945	328022.66629148886	831.711620647337	0.8778760940898565	0.7706664365744625	691744.2199198197	534.0908971006805	0.0950443466408614	0.0090334278283882	285253.0863658097	565.3989005060424	624.6454318752727	1.525156	64.903946	0.038973574	0.0208366	0.0314026989	0.0756880314	-0.1575014713	-0.0706268545	-0.1435413361	-0.0598751934	-0.0441803535	0.2111496095	0.0455361049	-0.1607519245	0.0685164283	-0.0218233598	0.1235753817	0.0954281307	0.1776369247	-0.0356222708	-0.1011050122	0.131711268	-0.1145685072	-0.1093328539	0.0555344088	-0.0499730935	0.066311795	-0.259267406	-0.0481239808	0.0494745342	-0.1396260494	0.0353092878	0.004289424	0.0082950098	-0.0444672565	0.0082062605	-0.0862847175	0.0298783259	0.0427069102	-0.0364157947	-0.0485777286	-0.0718546395	-0.0417576151	-0.0707227809	0.0663832657	0.2346331196	-0.1322493412	-0.0178251216	0.0360362058	0.0945565446	-0.1112037037	0.1647548753	-0.2169028419	0.0514050631	0.0225273055	-0.1246775016	0.0643574092	0.1547453954	-0.1543689535	0.1398624805	-0.0640307663	-0.0973516448	0.0733120046	-0.0008166239	-0.0263153228	-0.0508368039	0.0764642601	-0.0698819354	-0.0320320702	-0.0188504029	-0.0555062362	-0.0680739505	0.1757542761	-0.0841807082	-0.1255381014	-0.0451624821	0.0591712303	0.1631002012	0.0039642726	-0.068605537	-0.0112972376	0.0160843863	0.0247597135	-0.0361389449	-0.091775191	0.0224062175	-0.0689141243	0.0555009657	0.0822023953	-0.0154174839	0.1547717094	0.0632970063	0.0408753713	-0.1599193678	-0.1548566901	-0.2145256003	0.0346217031	0.0735261016	-0.0296511778	0.1602497513	-0.081209789	0.0085334013	-0.1645673559	0.1543500605	-0.2093082092	0.0299678258	-0.0329509053	-0.0595565685	-0.0505270461	-0.0787177447	-0.066803281	-0.0048917519	-0.1069978309	0.068075875	0.0019236331	0.0443456758	-0.016703046	0.040104634	-0.1037256779	0.1171277589	0.0746279655	-0.1374158908	0.1362609621	0.1719262176	0.0261570214	-0.1324908427	-0.0886390461	0.1668952186	-0.011097185	0.0144856836	-0.0252275973	-0.0476241528	-0.1096046685	0.0116094168	0.1033960119	0.0368834739	-0.0432634026	-0.1190935217	0.118637626	0.0040090916	-0.030753713	0.0225825327	-0.0909722973	-0.0151837144	-0.0516206846	0.0509821445	-0.1517337219	-0.0330769439	-0.025309134	-0.0243475331	-0.0525247185	0.0118694737	-0.1410938132	0.177079736	-0.1271925479	0.1238971022	-0.0465492973	-0.0913337522	0.1550916311	-0.0902599126	-0.1558285372	0.0503258219	0.1084796273	0.0456320628	0.052919968	-0.1011896672	0.0040659433	0.152773989	0.2166891159	0.1023436004	-0.0900149759	0.0536322879	0.0203333934	-0.123768344	0.0376307616	-0.0009123698	-0.0001677826	0.0096331112	0.119569344	-0.0333510929	-0.1118412678	0.1626373533	0.0207403068	-0.0201719322	-0.1047470939	0.0849178853	-0.0968582802	0.0325228258	0.0672052104	0.0152782848	-0.2436818996	0.0490992191	0.0153630853	0.0405489355	0.00012635	0.0023877048	0.063880522	-0.0452843108	-0.0359150869	-0.0579803493	-0.0077369914	0.026953252	0.0477116908	0.087547979	0.0104887887	-0.0720729799	-0.0308975	-0.0004444	1.9749136000000094e-07	0.00095465550625	0.0098827	0.0100055289999999	0.0001001106105698	9.766775929e-05	-0.0139694	-0.0157716499999999	0.00019514413636	0.0002487449437224	-3.83599e-05	9.40461e-05	1.4714819280099996e-09	8.844668925210001e-09	6.77072e-05	-0.0001150928	1.324635261184e-08	4.584264931839999e-09	-0.000346739	4.590099999999999e-05	2.1069018009999993e-09	1.20227934121e-07	0.0	0.0	0.0	0.0	0.0	0.0	0.0	0.0	0.0	0.0	0.0	0.0	0.0	1.0	0.0	0.0	0.0	0.0	0.0	0.0	0.0	0.0	0.0	0.0	0.0	0.0	0.0	0.0	0.0	0.0
572.3299552849566	-0.4026754350757073	0.1621475060134102	327561.5777164804	833.517812755139	1.8061921078019625	3.262329930286095	694751.9441801108	534.6442597688962	0.553362668215641	0.3062102425747335	285844.48450383096	565.9467641883316	561.2306430649976	1.665616	70.881287	0.055368215	0.0341837	0.0199439642	0.1173807412	-0.0212549506	0.0698388031	-0.1883903046	-0.0954567546	-0.0895055017	0.0643752982	0.066350012	-0.0599303809	0.2097505092	0.0521948485	-0.0284102099	-0.0077395062	0.0110975663	0.0441770562	-0.0435228713	0.018101052	-0.024583534	0.1124588324	0.0557614746	-0.0952123875	0.0177918101	-0.1889382672	0.0024519053	-0.0179474168	-0.0296562245	-0.0255781519	-0.193220038	0.1196345236	-0.0120412665	-0.0730618703	-0.0269035972	-0.0284180407	0.1426119083	0.0314187647	-0.0735108708	-0.0423339794	-0.0985823992	-0.0922451494	-0.0883819229	0.0892692033	0.0659066591	-0.0660682916	-0.060428986	0.0601417195	-0.0108995574	-0.107385157	-0.0414881468	-0.0244419521	0.0609036819	-0.1432532029	-0.0607607072	0.0559194577	-0.0415402647	0.0119654696	-0.1334077556	0.0760490554	-0.0762503689	0.05652373	0.0041321387	0.1176116136	-0.0023599091	0.0517390272	0.0200304926	-0.1409645358	0.0321994039	-0.0277934589	-0.0110523508	0.0195745288	-0.0609380395	0.055908793	-0.0436928781	-0.0220988023	0.1783092419	0.0656247282	0.0479399626	0.1313932448	0.1727415784	-0.0471836891	0.0315952213	0.0043022782	-0.055592042	0.0904789998	0.1079172795	-0.1124451996	-0.0551603071	0.0086965265	0.0057648259	0.1033280215	0.0519707046	0.0127345825	-0.0436101702	0.000441385	0.052976357	0.0061926683	-0.003211488	-0.0086404549	0.05610663	-0.0223253593	-0.0506499892	-0.0250979591	0.0339259201	-0.0400914448	0.0678166733	0.0223104565	0.0920637609	-0.0095331995	-0.0620752645	-0.0115154151	-0.1669287709	-0.1091473736	-0.0213195227	0.0505936774	-0.1440798582	0.0051755361	0.1108823882	-0.059255648	0.0382168837	-0.0650230821	0.1157057771	0.159165155	0.106405811	0.0427644382	0.0795966719	0.1791218833	-0.0976304002	0.0125281919	-0.1086778113	-0.0106952598	0.0928634158	-0.0920126567	0.0113243037	-0.0782444179	0.0537846396	0.1188709741	0.0832923132	-0.0752131346	-0.0152250794	0.0784378042	0.0702832036	0.0727262808	-0.0090624151	-0.1389800841	0.0536096015	0.0264005764	-0.0076510928	-0.0312830872	-0.0428346697	-0.0941257748	-0.0071126867	-0.072934776	-0.0046639042	0.024938886	0.0062545641	0.0183850595	0.1165466038	-0.0070223042	0.0716610691	0.0773448236	0.008146478	0.0698830111	0.0817133954	-0.0510784416	0.0494716088	-0.0221343607	0.0474645743	-0.1440389044	0.1197086045	0.0008276673	0.0111330543	-0.0142910306	0.0127254167	-0.0099683811	0.063261198	-0.036481844	-0.1215432819	-0.002807642	-0.2394311747	-0.0355515956	-0.0513675107	0.0562315679	-0.0254447456	-0.0946716917	-0.0236569467	0.0246648201	-0.0127387809	0.1424786695	0.0041402006	0.1023497413	-0.1394609403	-0.011504471	0.1515951406	-0.032733963	0.0220775012	0.0784568096	0.0761481329	-0.0796219581	-0.1106466563	0.0857540434	0.0052495325	-0.0781676667	-0.0302832	0.0006143	3.7736449000000203e-07	0.00091707220224	0.0143716	0.0044889	2.0150223210000005e-05	0.00020654288656	0.0120843	0.0260537	0.0001460303064899	0.0006787952836899	-0.000396687	-0.0003583271	1.57360575969e-07	1.2839831059441e-07	-2.3396e-05	-9.11032e-05	8.299793050239999e-09	5.47372816e-10	-0.000381535	-3.4796000000000024e-05	1.2107616160000015e-09	1.45568956225e-07	0.0	0.0	0.0	0.0	0.0	0.0	0.0	0.0	0.0	0.0	0.0	0.0	0.0	0.0	1.0	0.0	0.0	0.0	0.0	0.0	0.0	0.0	0.0	0.0	0.0	0.0	0.0	0.0	0.0	0.0
571.7303322543978	-0.599623030558746	0.3595477787764548	326875.5728197241	833.4960662029665	-0.0217465521724307	0.0004729125313882	694715.6923758199	534.127484598872	-0.5167751700241752	0.2670565763535151	285292.1698039182	565.5974994334919	575.8745499404424	1.548286	65.88826	0.053498065	0.0246702	0.0473552059	0.111572684	-0.0228532966	-0.1574058317	-0.012245033	-0.1059825813	-0.0467021815	0.0493544868	-0.0064180577	-0.0417844867	0.1420107924	-0.1126748971	0.0630426312	0.034106259	0.0356301752	0.0906570969	0.1284234306	0.0940532407	0.0845285099	0.1146808005	-0.03293635	0.0777410712	0.0871133183	0.1364943269	0.0300443813	0.174464544	-0.172583779	0.0342679597	0.0453127762	0.0037735802	0.0200886541	-0.1276745971	-0.1042267468	-0.1258632627	0.0618446012	0.0818395281	0.1854042528	0.0117426232	0.0687847472	-0.1574866241	-0.0197548764	-0.0997218602	0.0802436519	-0.0975720301	-0.1305893956	-0.0463731829	0.0527036429	-0.0278515899	-0.0238353994	0.0310743896	0.0283079225	-0.1352480661	-0.0478083821	0.0387915606	-0.013850427	0.1264125728	0.0160148845	0.0128944233	0.0030202273	0.0621135395	0.0016335153	-0.1801385219	0.0309750817	-0.1649652761	0.0041479474	0.076379659	-0.0098089299	-0.0658477753	0.023659671	0.0869872497	-0.0122739922	-0.095392645	0.0286425594	-0.0863923335	-0.1315892789	0.0154530086	0.1213147921	0.001577556	-0.1109126834	0.1253664351	0.0129907453	0.0306269318	-0.1092323776	0.1425526574	-0.0706804003	-0.0817045392	-0.0884957154	0.0306307381	-0.0460230106	-0.0173566095	-0.0600802625	-0.1118532308	-0.0119766403	0.0749556711	0.1202994572	-0.0757822489	-0.0343733717	-0.0910519269	0.0890858237	0.0423292915	0.0453893278	0.2628909554	-0.1052767342	0.044699108	-0.057709674	0.0700674731	-0.1086770406	-0.1707415499	0.2021569858	-0.0607043222	0.0359816365	-0.0918396196	-0.0702454356	0.0254058075	-0.1302030309	-0.0062947124	0.0733126751	-0.0015001463	0.1094544344	0.0727233125	0.0927965725	-0.0963574606	-0.0292125263	0.1060331215	-0.0165472294	-0.1567964958	0.132557813	-0.0315384864	-0.0348312527	0.0887650298	-0.0402023879	0.0866872538	-0.0397729144	0.0259985926	0.0540705615	-0.0174401925	0.0426120142	-0.0288591349	-0.0308048425	0.156653333	0.0074666504	-0.0777695436	0.2204459821	0.088664598	-0.0934331618	0.0529016402	-0.0892025267	-0.0984849458	-0.0845790063	-0.027803056	0.0562600711	-0.0654564144	-0.0106591618	0.0275497437	-0.02260741	-0.1731356292	-0.0114556343	-0.1443723909	-0.0162848745	0.1845188728	-0.021186858	0.0583807755	-0.118778016	-0.1001910184	0.0098052669	0.0233139183	0.0108368961	0.1127673947	-0.0064073573	0.0800391917	-0.0528411396	-0.0920125524	0.0546748596	-0.2158748602	-0.0914495423	-0.0494732463	-0.1264808573	0.1051054244	0.054180806	-0.1658465631	0.0306975553	-0.0654080376	-0.1334357017	0.0874546259	0.1277610633	-0.0321584473	-0.1058459754	0.0458045214	0.1182169933	0.0433942662	-0.0831907612	-0.0322168594	0.0009935423	-0.1130529173	0.0775803938	-0.0900419284	-0.0353677952	-0.0116923651	0.0402273507	0.0839181358	0.0	-0.0839181358	-0.0230455	0.0072377	5.238430129e-05	0.00053109507025	0.0104434	-0.0039282	1.5430755239999997e-05	0.00010906460356	0.00109077	-0.01099353	1.1897791929e-06	0.0001208577018608	-8.91753e-05	0.0003075117	7.952234130090001e-09	9.456344563689001e-08	0.000149644	0.0001730399999999	2.9942841599999995e-08	2.2393326736e-08	-0.000235314	0.000146221	2.1380580841e-08	5.5372678596e-08	0.0	0.0	0.0	0.0	0.0	0.0	0.0	0.0	0.0	0.0	0.0	0.0	0.0	0.0	0.0	1.0	0.0	0.0	0.0	0.0	0.0	0.0	0.0	0.0	0.0	0.0	0.0	0.0	0.0	0.0
572.4456959125893	0.7153636581914498	0.5117451634610534	327694.0747688486	833.3378197645186	-0.158246438447918	0.0250419352814507	694451.9218498813	533.8779947558114	-0.2494898430605872	0.0622451817903964	285025.7132844862	565.3771308138024	632.0764074963403	1.554156	66.138069	0.042408153	0.0203919	0.0333135531	0.0953651846	-0.1447404553	-0.048731006	-0.031157682	-0.1232512755	-0.0624779037	0.0383741315	0.1035264809	-0.127215968	0.1647430122	-0.0146522049	0.0991440403	-0.0068755645	-0.0044715416	-0.0886719926	-0.031687009	0.0056492293	0.0374245852	0.0969636591	0.0480217404	-0.0429379217	-0.0089377632	-0.0761880701	-0.0397815392	-0.0586267221	-0.0253106437	0.0308747645	-0.0027956824	-0.0284706494	0.079463366	-0.035242385	0.011368906	0.1432225125	0.0384742042	0.0399391844	0.1431474298	-0.0438590264	0.1411989448	0.0541811748	0.0141439826	-0.0028775571	-0.0733083053	-0.0628737861	-0.0906271847	0.1608515343	0.1248949411	0.0621341657	0.0550843159	0.0566916241	0.0278169438	-0.1317337905	0.0101121942	-0.0477316165	-0.0182634151	0.0261888058	-0.1489981367	0.0876931062	0.0337959014	-0.100667759	-0.1241876863	0.0819855711	-0.208547233	0.0816071907	-0.065647717	0.0277594666	-0.1530515079	0.0161938334	0.0374784091	-0.1594210996	-0.0462616825	-0.0084132845	0.0296235773	0.0712173438	0.0407708537	-0.16408087	0.0759657957	-0.0030730261	0.1167407967	0.0608597633	0.0397768236	0.0761171149	0.1741533316	-0.0772880879	-0.0956638606	-0.0453459275	-0.1589391655	0.0824333092	-0.0086972426	0.0312543393	-0.1095855766	-0.1762626801	0.0006645797	0.0507756873	0.0139289031	0.0494942352	-0.0032828617	0.0701760478	0.1810137788	-0.0176278713	-0.0125257181	0.133180647	-0.0264107332	0.1305608097	-0.0118099461	-0.0746994673	-0.0951041539	0.0642695032	0.0130898842	0.0346891721	0.083051551	0.0588846794	0.0500176034	0.0170893803	-0.1374167007	0.0033860396	0.0388188287	-0.0791689994	0.1260210754	-0.0427153963	0.0576412562	-0.0053489986	0.0490045366	-0.0748151138	-0.0138177414	0.1553011314	-0.0271019087	-0.1992579005	-0.0465432413	0.052001272	0.1603879254	-0.1040264483	-0.0653242582	0.0821703627	-0.0213263919	0.0303654925	-0.2257799803	-0.0166198248	-0.1472302009	-0.0001976544	-0.0160908595	-0.0616440672	-0.0327423217	0.1023334032	0.0635015296	-0.1291229289	0.1620619509	-0.0526634662	0.0054358908	-0.0503915471	-0.0991452456	0.0553002063	0.2497158133	-0.0808901953	-0.003039064	-0.1208264591	0.0317333902	-0.072217878	-0.0713507674	0.0268718583	0.0422304369	-0.0315417096	-0.1184780978	0.1273066506	0.0328346229	-0.0663186179	-0.0245362747	0.0672421133	-0.0830934041	-0.0280004637	-0.0709449536	0.0007135	0.0148908357	-0.0332148063	-0.0445419294	-0.0435411051	-0.105882457	0.087203246	-0.0633769326	0.0505214804	-0.1521770455	0.0283908593	-0.0953305752	-0.0501943721	0.0781708167	0.0351260393	-0.1074132239	-0.0212167789	0.041342278	-0.0018061065	-0.0615468012	0.0136372978	0.0595761026	-0.1241876407	0.053747016	0.0559017347	-0.0436366724	-0.0328008694	0.0055907031	0.0820411548	-0.0052495325	-0.0892990645	-0.0310423	-0.0079967999999999	6.394881023999998e-05	0.0009636243892899	0.0265089	0.0160654999999999	0.0002581002902499	0.0007027217792099	-0.000430163	-0.001520933	1.85040206569e-07	2.313237190489e-06	-0.000263062	-0.0001738867	6.920161584399999e-08	3.0236584436889993e-08	5.19963e-05	-9.76477e-05	9.535073315289998e-09	2.70361521369e-09	-0.000300278	-6.496400000000001e-05	4.2203212960000025e-09	9.0166877284e-08	0.0	0.0	0.0	0.0	0.0	0.0	0.0	0.0	0.0	0.0	0.0	0.0	0.0	0.0	0.0	0.0	1.0	0.0	0.0	0.0	0.0	0.0	0.0	0.0	0.0	0.0	0.0	0.0	0.0	0.0
569.8182768684428	-2.62741904414645	6.903330833543444	324692.86865332135	835.4637465963458	2.1259268318272007	4.519564894282839	697999.6718768032	533.5447336855208	-0.3332610702906322	0.1110629409712577	284669.9828435533	564.9747055809573	506.69033374233584	1.982707	84.37529	0.043082998	0.0216174	0.0102304556	0.1282160289	0.1702926385	-0.1579142616	-0.0044923158	-0.1006765488	-0.1041444968	0.1028834268	0.0153260355	-0.1001215061	0.1602180652	-0.0608068947	0.0264922425	0.0918992721	0.0176254417	-0.0597719443	0.0724692598	-0.0303862296	0.1621979511	-0.0451461102	0.0141812685	-0.1667355637	-0.1535602741	0.082190393	0.0873513443	-0.095196439	-0.0035536807	-0.069722865	-0.0900413099	0.0425958619	0.0689893407	0.0224880455	0.0118313152	0.0490235323	0.0416792128	-0.0382770521	-0.0722117974	0.1254375948	0.0011670751	-0.0544787819	0.2028692487	-0.0946980054	0.1250544753	-0.0060445858	-0.061115373	0.0076148832	0.0430605692	-0.0571929524	-0.0202207915	-0.1337446137	0.0412037068	-0.1049301654	0.0812649043	0.0541143778	-0.0213679038	-0.0476696482	-0.0977591633	0.0017567959	-0.0794691983	0.0872635062	-0.0107427157	-0.0371911198	-0.1062088673	-0.0228860447	-0.0167780919	-0.0969902831	0.0488870944	-0.0533890541	-0.1252415718	0.045090686	-0.0470154185	-0.1363607331	-0.0722481174	-0.0852738767	-0.0557159994	0.1081522191	0.0686356071	0.1831388479	-0.0719094085	-0.0231976594	0.0270568001	-0.0309447128	-0.1707681277	-0.2343367846	0.0525420394	-0.1415130806	-0.0530639096	0.0802558128	0.0520624929	0.0405827385	0.0468233401	0.074932102	-0.0452672547	-0.0596648666	0.1113332947	0.1915887051	-0.0286507521	-0.0848317231	0.108217512	0.0322508142	-0.0571967767	-0.0754404491	-0.0731429931	0.0340218981	0.010542599	0.1487952825	0.0932514681	-0.0136458019	0.0351445551	-0.0960202814	0.2167576462	-0.0050201495	-0.0942107755	0.0646236559	-0.1155341271	0.0986430176	0.0177183373	-0.0823329043	0.1424958999	-0.0461712102	0.0334533212	0.0804352816	0.0910259152	0.0553083588	0.0441400288	-0.0771403092	0.0525040723	-0.0273434282	-0.0358877909	0.0618171216	0.0982978116	0.0419712568	0.082562631	0.061510448	-0.0423370019	0.1003684699	0.027422515	0.0328574258	-0.015015471	0.1740883268	0.1398697205	-0.1796105385	-0.0344851234	-0.1345369131	0.1735839255	0.0105478123	-0.027493972	0.0655105052	0.0174638639	-0.0006076364	0.1154504696	-0.0365120817	-0.1103373309	0.0369113053	-0.0695679904	0.1474783427	0.0905921706	-0.0567039853	0.085179662	0.0099118941	-0.1129870538	0.0671507471	-0.0594396446	-0.1027903509	-0.0541214246	-0.0293845335	0.0005034016	0.0562720857	0.0141836059	0.005106204	0.0380171434	-0.032242744	0.1321752578	0.2414844625	0.0092379897	-0.0012705392	-0.141768927	-0.0131314331	-0.0652397574	-0.1621261678	0.0690226891	0.0194481273	-0.0677398893	-0.0211393365	0.0154827851	-0.1144357113	-0.1033126068	0.1150154908	-0.035115824	0.1063198132	-0.1325063454	0.0059977196	0.1833453397	-0.0004167139	0.1833059675	0.0495822918	0.0276338897	0.0246980591	-0.1213140538	0.080124019	-0.0104887887	-0.0942867573	-0.0166182	0.0144240999999999	0.0002080546608099	0.00027616457124	0.0164423	-0.0100665999999999	0.0001013364355599	0.00027034922929	0.0120813	0.012511463	0.00014595780969	0.0001565367064003	-0.000220572	4.249000000000001e-05	4.8652007184e-08	1.8054001000000006e-09	0.000114186	6.218969999999999e-05	3.867558786089999e-09	1.3038442596e-08	-0.000283341	1.6937000000000018e-05	2.868619690000006e-10	8.0282122281e-08	0.0	0.0	0.0	0.0	0.0	0.0	0.0	0.0	0.0	0.0	0.0	0.0	0.0	0.0	0.0	0.0	0.0	1.0	0.0	0.0	0.0	0.0	0.0	0.0	0.0	0.0	0.0	0.0	0.0	0.0
572.2282578843665	2.4099810159236768	5.808008497112517	327445.17912137706	831.3949264134766	-4.068820182869217	16.55529768052389	691217.5236660702	533.5099470451745	-0.034786640346283	0.0012101103465816	284632.8635961449	564.7423574153592	629.0993790105055	1.996896	84.979111	0.042994074	0.0186001	-0.0072567004	0.0971763377	-0.1313889024	-0.0381382838	0.0043521483	-0.0862202586	-0.0805682838	-0.0526283532	0.0631891039	0.1320047537	0.0443814124	0.1262199216	0.1075329809	0.025458841	-0.1358808769	-0.0336351159	0.1105251008	0.010262345	-0.0288988995	-0.0242762298	-0.0659412448	-0.0320932542	0.0178328686	0.1316392475	-0.0499483608	-0.0231949136	0.0375091556	0.0362772304	0.0887394266	-0.0402874714	-0.1106255633	-0.1104972017	0.0608792451	-0.1627819401	-0.0943227864	-0.0179425093	0.0069884345	0.1115807013	-0.0589288021	-0.017687159	-0.0953214302	-0.0425393169	0.0759636633	4.88377e-05	0.0559059762	-0.0880808361	0.0066537651	0.1421974961	-0.0267699109	0.0109877759	0.0077823183	-0.068840252	0.0736333003	-0.019615506	0.0279943778	-0.1092794939	0.0290856378	-0.1444565349	0.03714801	0.0770321145	-0.0165674645	-0.0909536635	-0.0453257921	-0.1532561523	0.1622998483	-0.0946199634	-0.002606296	-0.0554796761	-0.0546183958	0.0444938549	0.0903670529	-0.016349745	-0.1482947387	0.0804033098	-0.0264324665	-0.1757047764	0.041027984	0.0230533621	0.007002806	-0.0158830777	0.0324922126	0.0960489015	0.004779779	0.0484800876	-0.1273108065	0.1825206838	0.015775697	0.1013516445	0.0260136025	0.0249694984	0.0778333251	-0.0102952515	-0.0004902454	0.1287839525	-0.0005954911	-0.0328317479	0.031578419	0.0984801601	-0.0091238998	0.0278908128	-0.0521214766	-0.1893303292	0.1486217806	0.0315187739	0.073606513	-0.1102339856	-0.09147258	-0.1136212546	-0.0341421061	-0.0355339751	0.1562910624	0.2276306635	-0.0660796619	0.0178283802	-0.0937941117	0.049136744	-0.0127495528	-0.0035914707	0.0098977697	-0.0741340905	0.0150502104	0.1238326472	-0.1852191907	0.0362911278	-0.1308543709	0.0117743941	0.099658111	0.0024450713	-0.125091101	-0.0219283983	-0.0931104565	0.0051566583	0.1059867905	0.0868006521	-0.0614869142	-0.0315373947	0.0562119258	-0.070221347	0.1643857743	0.0629852744	-0.056079955	-0.1312088451	0.0678017459	-0.0064069755	-0.053964711	-0.134790897	0.0158924672	0.1380312628	0.0603455784	-0.0252512961	0.000963317	0.121652719	0.1313013517	-0.015415568	-0.1053750192	0.0070674794	-0.0554987244	0.0413491032	-0.1566172472	-0.1123191353	0.0314832435	-0.0468406494	0.0377933795	0.1865787545	0.0453471799	0.2093876477	0.1592480848	0.0514939372	0.0055095794	-0.0641124096	0.0400710257	0.0159877258	-0.0679740564	-0.0453744911	0.0674849008	-0.0152045334	-0.1034532803	0.0582767683	-0.0205706903	0.036356941	-0.0946654662	-0.0147055881	-0.0004875341	-0.0395513948	-0.0238434767	0.1468642617	-0.0055761178	0.0272467643	0.1263905666	-0.045323711	0.0341826564	0.1524229106	-0.1762828825	0.1207395988	0.0519095639	0.0271651099	-0.0015962778	0.0737788812	0.0292247518	0.0781676667	-0.0157075127	-0.0988592507	-0.0231302	-0.006512	4.240614400000001e-05	0.00053500615204	0.0084113999999999	-0.0080309000000001	6.44953548100016e-05	7.075164995999833e-05	0.000756626	-0.011324674	5.72482903876e-07	0.0001282482412062	-0.000396687	-0.000176115	1.57360575969e-07	3.1016493225000015e-08	-2.3396e-05	-0.000137582	1.8928806724e-08	5.47372816e-10	-0.000312174	-2.8833000000000027e-05	8.313418890000015e-10	9.745260627600001e-08	0.0	0.0	0.0	0.0	0.0	0.0	0.0	0.0	0.0	0.0	0.0	0.0	0.0	0.0	0.0	0.0	0.0	0.0	1.0	0.0	0.0	0.0	0.0	0.0	0.0	0.0	0.0	0.0	0.0	0.0
569.9998885795936	-2.2283693047728548	4.965629758453856	324899.8729807492	833.2986961063045	1.9037696928279504	3.624339043330228	694386.7169324673	533.3382805844659	-0.1716664607085931	0.0294693737322149	284449.7215367945	564.767307620687	557.2433153002812	1.712034	72.85665899999998	0.048808524	0.0231423	0.0827428267	0.0891439001	0.0138776357	0.0312787036	-0.0479027955	-0.1439409694	0.002965307	-0.0535959868	-0.1488597139	0.122397312	0.1833482377	0.0586355607	0.1355245464	0.0980904397	0.0518474125	0.0561733714	-0.0464104968	-0.0739054567	0.0059771325	-0.1194492079	0.0303395394	0.086900634	0.1948343445	-0.1114402701	-0.1899138578	0.0435665944	-0.0344040833	-0.1593249184	-0.00299774	0.0825724316	-0.0715407705	-0.0387911564	-0.0608337903	-0.100049464	-0.0024964208	-0.2136219308	0.0132734473	0.154064397	-0.1127246018	0.1595196443	-0.0195721474	-0.0686409285	-0.027422381	0.0315077536	0.1262105901	-0.0372844806	-0.0074321085	-0.0828149677	0.1379668282	0.0058339529	-0.023838754	-0.0878722875	0.0565078622	-0.0225184726	0.0423403189	0.0243222824	0.0265181802	0.0144944682	-0.1594569715	-0.0465358336	-0.1111591636	-0.0030926155	-0.0141215937	0.0458644389	0.1078180616	-0.0103429809	-0.04017829	-0.052805197	0.1021769038	0.1872814683	-0.1340517341	-0.0143494629	-0.0255170121	0.0354554418	0.0452206168	0.0195115889	-0.0593130894	-0.1089577942	-0.2285491644	0.057042402	-0.0487168279	-0.1790468199	-0.0029538513	-0.0570070104	-0.015284106	0.0191536684	0.0375485968	-0.0368207165	0.1531050841	0.0313585879	0.0371231481	0.1012641607	0.0333812885	-0.0015880917	-0.0980944383	0.0105279367	-0.1361941955	-0.1407653031	0.0110607717	-0.115167422	-0.0118574605	0.0541469229	-0.1295221547	0.0132639664	-0.0955862888	-0.0333473104	0.0508575852	0.0933047388	-0.0035372217	0.0469766602	0.0521741002	0.0264180825	-0.0127154737	-0.03470136	-0.1153717257	0.0652031672	-0.0368591261	0.1303567837	0.0330173322	0.0418198844	0.2081869885	0.1176071517	0.0285243303	-0.001027293	-0.0563183187	-0.1233463329	0.010925905	-0.0057457913	0.014895266	0.0009482633	0.0763124417	0.1125650581	-0.0949504022	-0.0338277975	-0.1151668181	-0.0113156718	0.0311241322	0.0883198047	-0.0398288252	-0.0027654546	0.0067378518	0.0437960382	-0.0291836782	0.0678401947	0.1221812388	0.0086420295	-0.0794585878	-0.029492719	0.2568056029	0.1184832584	0.0951823912	-0.1024295375	-0.1465006547	0.1834477067	0.1112390891	-0.0810104923	0.0428305854	0.0519476023	-0.0496643084	-0.1377178914	0.0700555675	0.0623517453	-0.0003492088	0.0858232413	-0.062674874	0.0263894015	-0.1081117184	0.0702243567	-0.0086496234	-0.0700585056	-0.0584099612	-0.0858229756	0.0112906371	0.0537067039	0.0515530856	-0.0980934317	-0.092002454	-0.0016700099	-0.0722447715	-0.0911435881	0.1087719718	-0.0144586796	-0.0194662343	0.0709851417	0.1415822173	0.0133338848	0.0196921692	0.0860327802	-0.0074541898	-0.0933757484	0.0282547076	-0.1390925552	-0.1079525438	0.0966892707	0.0684185962	-0.0431307934	-0.1187918523	-0.0101650871	0.0609097881	0.0761730556	-0.0208954884	-0.1029964092	-0.0320539	-0.0089237	7.963242169000006e-05	0.00102745250521	0.0191385	0.0107271	0.00011507067441	0.00036628218225	0.0157663	0.015009674	0.00024857621569	0.0002252903135862	-0.000523521	-0.0001268339999999	2.74074237441e-07	1.6086863555999997e-08	0.000118564	0.00014196	2.01526416e-08	1.4057422096e-08	-0.000326341	-1.4166999999999988e-05	2.0070388899999967e-10	1.06498448281e-07	0.0	0.0	0.0	0.0	0.0	0.0	0.0	0.0	0.0	0.0	0.0	0.0	0.0	0.0	0.0	0.0	0.0	0.0	0.0	1.0	0.0	0.0	0.0	0.0	0.0	0.0	0.0	0.0	0.0	0.0
572.2685595220422	2.26867094244858	5.146867845110528	327491.30421743315	832.0977628982743	-1.2009332080302784	1.442240570149896	692386.6870203126	533.9455143900288	0.6072338055629416	0.3687328946184524	285097.8123372325	565.2265395685323	623.0736019651779	1.686101	71.753044	0.064815696	0.0338405	0.0651855436	0.0739770791	-0.1263561792	-0.0794810004	-0.0427215791	-0.1133447125	0.0078920894	0.0927495958	0.0426729472	0.0300384042	-0.0474175245	0.0875229691	0.1145887427	-0.0050931356	-0.0566426442	-0.0933674867	0.1021295334	0.0816281261	-0.0266666037	-0.1074646619	-0.0148597556	0.0299594863	0.0608166049	0.017684337	-0.1044860173	0.1304619902	0.1060465578	0.0227794668	0.0526486405	-0.0403322359	0.0035085933	0.0543698291	0.0766218064	-0.0003616122	-0.0160791176	-0.0114245607	0.0296396548	-0.0077487876	0.1003028827	0.0894545414	0.1253282027	0.0221163839	0.0170347362	-0.1706325888	0.0943991761	0.0466467102	-0.0401843469	-0.0070861906	-0.0469209649	0.1299494723	-0.0081974206	-0.1215310239	0.018393195	-0.0009994589	-0.1189274496	0.0289275353	-0.0865289823	0.133262107	-0.0302617784	-0.0372682885	0.0787280015	-0.0682566429	0.0441140819	0.1186754153	0.024141593	0.0313094395	-0.0018552532	-0.0425516754	0.0227211368	0.0053479933	-0.0816538578	0.0747632296	-0.1313895207	-0.0440622348	-0.0182953155	0.0415150742	0.1256240129	-0.2515614343	0.0014815587	0.0137553438	-0.0438618512	0.0109532275	0.0532056211	-0.0464154727	0.0419002566	0.0242433837	-0.1514921727	-0.0224069858	0.0421682851	-0.0985426257	-0.037805049	0.0028806343	-0.1050272478	-0.1045582418	-0.0174889037	-0.070026818	-0.0470678256	-0.0311958481	-0.1098289586	-0.0148464776	-0.1600188622	-0.1215270408	-0.0071014804	0.0553382583	-0.0322662344	0.0520970077	-0.0919826322	-0.1322306237	0.00657151	-0.040407931	-0.0321062011	0.0991510141	0.0360273683	-0.0251526283	-0.1011142523	0.0483218751	0.0046844105	-0.1089917262	-0.0104389914	0.0320106284	0.0548739658	-0.0225792899	0.0423975014	0.0267066304	0.0360476589	-0.077693816	-0.0771717277	0.0240994924	0.0739486927	0.1010519469	-0.0318648232	0.0554150708	-0.137518564	0.0241410445	-0.1048359894	-0.0299944134	-0.0500089735	-0.156617031	0.1636915497	-0.0354956598	-0.006102877	0.1286652903	-0.1127150171	0.0514298717	0.0225440048	0.003731633	0.0249454499	-0.1309254889	0.0034233463	0.1998965382	0.0207601237	0.0148436451	0.0722042514	0.0340045549	-0.0448765743	-0.1456078263	0.0641730406	0.0341253316	-0.0871331933	0.0218958795	0.0075503925	-0.0998363668	-0.0166360711	-0.02782753	0.0442001519	-0.0325378963	0.0772078658	-0.0740253287	-0.021455822	0.0485054914	0.0845214504	0.1210832944	0.0847652648	0.1199445912	-0.0805679931	-0.0750990354	-0.0730228935	0.1022455827	0.0084623405	0.0021274864	-0.0482473334	0.0226642188	-0.0016154101	-0.0282338503	0.0785667384	0.0863878627	-0.0270507358	0.0994786973	0.1500432023	0.0556233798	0.1380796128	-0.0197778163	0.0010910657	-0.1682037693	-0.0487469014	0.0620099403	0.0902980275	-0.0212863666	-0.009366853	0.0741411618	-0.0260425603	-0.1066800145	-0.0330847	-0.0010307999999999	1.0625486399999969e-06	0.00109459737409	0.000120634	-0.0190178659999999	0.0003616792271939	1.4552561956e-08	-0.00650883	-0.02227513	4.23648679689e-05	0.0004961814165169	-0.000248368	0.000275153	6.168666342400002e-08	7.5709173409e-08	-2.3396e-05	-0.00014196	2.01526416e-08	5.47372816e-10	-0.000293616	3.2725e-05	1.0709256249999998e-09	8.621035545600002e-08	0.0	0.0	0.0	0.0	0.0	0.0	0.0	0.0	0.0	0.0	0.0	0.0	0.0	0.0	0.0	0.0	0.0	0.0	0.0	0.0	1.0	0.0	0.0	0.0	0.0	0.0	0.0	0.0	0.0	0.0
571.3223838043676	-0.9461757176745778	0.8952484887170022	326409.2662359052	831.4526353195196	-0.645127578754682	0.4161895928698784	691313.484779774	533.8513621156616	-0.0941522743672749	0.0088646507685306	284997.2768327472	565.4228993749907	585.4980516598284	1.488745	63.354443	0.060995316	0.0400107	0.109366465	0.0219269973	-0.0519559425	0.0954833147	-0.0426829843	-0.1063276726	0.0683662321	0.0771243766	0.0047698406	0.0945276708	0.1199792809	0.0053810591	-0.1134433459	-0.0467058454	0.0148395395	0.0801086	-0.0452502808	0.0322235748	0.1656352405	0.0784645741	0.0160155978	-0.0181745145	-0.0607143837	-0.1277067126	0.1167392399	0.0545059971	0.1083387899	0.0203712974	0.0751136774	0.0808217689	-0.1433106427	0.0797836067	0.1019634824	-0.0266510399	0.0548279009	0.0708443829	-0.1133633532	-0.0293497521	-0.0095042741	0.168984005	-0.0544642276	-0.1900699877	0.047655991	-0.1210075091	-0.1291013985	0.0757142972	-0.1257143785	-0.0853078829	-0.0816091549	-0.0583180608	-0.099060522	-0.0711992414	-0.0617416423	0.0679327007	0.0424660848	0.0152487623	0.0142793315	0.2174282608	-0.1240001689	0.0699347234	0.020593137	0.0291997054	0.0686358852	-0.203202326	-0.075048598	0.0617442784	-0.0325024837	0.0045352122	0.1350010255	0.1490854164	0.005702537	0.0488794223	0.040892957	0.0366251251	0.0514586465	-0.0269055311	-0.094416425	-0.0529945357	0.0272217015	-0.0909684429	-0.0127542805	-0.0946305713	0.0961801403	-0.0261089267	-0.006479234	0.1588311502	0.0216448591	-0.0298919213	0.0190135304	-0.1081969617	0.1696834294	-0.1298375415	-0.0264667956	0.1252755671	0.0179861965	-0.055178497	0.1166355738	-0.023707656	-0.077990008	0.007874783	-0.0242467309	-0.0131410038	-0.0966974379	0.089420959	0.0930152999	0.045033057	0.07063413	0.0663757841	-0.0541803812	-0.0801942901	0.0660575531	-0.0276281474	-0.0922156503	-0.0995409127	-0.0640339381	0.010069776	0.0877930654	0.1090961073	-0.0428837324	0.0457218553	0.0354163734	0.0566909943	0.0709226158	0.0255570625	0.2205243255	-0.0577682367	0.0388566613	0.0855130241	-0.0411186295	0.1227971214	0.0657449445	0.0966637035	0.0392450169	-0.1070298296	0.0292793009	-0.1350525633	0.103963762	0.0318600689	-0.0781991806	-0.1095631814	-0.0510799486	0.072162715	0.0193301137	-0.0317312575	-0.0232217127	-0.2149531974	0.0491598168	0.0563771389	0.1026961637	0.043015584	-0.09679452	0.0004775322	0.2015927115	-0.0665529801	0.0558013601	0.0002969794	-0.087922881	0.0222448324	-0.0752469117	-0.0178135921	-0.1438447311	0.0179899563	0.0248212547	-0.0780970814	0.0577022654	-0.0519832783	-0.0870678438	0.0370330347	0.0986704289	0.0488891216	0.0519482744	0.0121088208	0.0501579474	0.0096733645	-0.0026705501	-0.1291052732	-5.56973e-05	-0.0265551193	-0.0739247039	-0.0956486177	0.044671371	-0.105341352	0.0890883742	0.0655621149	0.036104712	-0.0052873476	-0.009497467	0.0252001793	-0.3086813479	0.0087893178	0.1071560606	-0.0489270975	-0.0572187305	-0.0086871925	0.0150509006	-0.0885809524	0.0443291115	-0.0156368365	0.044157701	0.0720729799	-0.0311386526	-0.1098938456	-0.0250337	0.008051	6.481860100000004e-05	0.0006266861356899	0.037128	0.037007366	0.0013695451382579	0.001378488384	0.00548732	0.01199615	3.0110680782400005e-05	0.0001439076148225	-0.000257901	-9.532999999999992e-06	6.6512925801e-08	9.087808899999983e-11	-2.3396e-05	0.0	0.0	5.47372816e-10	-0.000224333	6.928300000000001e-05	4.800134089000001e-09	5.032529488900001e-08	0.0	0.0	0.0	0.0	0.0	0.0	0.0	0.0	0.0	0.0	0.0	0.0	0.0	0.0	0.0	0.0	0.0	0.0	0.0	0.0	0.0	0.0	0.0	0.0	0.0	0.0	0.0	0.0	0.0	0.0
572.1550014522694	0.8326176479017704	0.6932521475974766	327361.3456868464	828.3172657529589	-3.135369566560712	9.830542318915109	686109.4927444579	534.3047228552567	0.4533607395951549	0.2055359602062658	285481.5368654327	565.6822628419602	626.0170681415254	1.477667	62.883034	0.053797495	0.0298042	0.0963765617	0.0075810169	-0.1139972188	-0.054602744	0.0095872314	-0.051761301	0.0729003347	0.0124565738	0.1528599821	0.0003487385	-0.1051653921	0.0318282763	-0.0095594172	0.0060891731	0.0305287811	-0.0858183679	0.0464766073	0.0756689914	-0.0237988899	0.0035856563	0.0178585656	0.1257453115	-0.0494962865	-0.0300442517	-0.0894705324	-0.0716185442	0.0559413443	-0.0280541925	-0.1160971296	-0.0994643705	0.0986170503	0.0060180465	-0.0272054607	0.1315689104	0.0587275671	0.1361909345	-0.0497790636	0.0359462682	0.0275832968	0.011764294	-0.0572896235	0.0066654332	-0.0009626979	0.0197190725	0.0532610789	-0.0082051217	0.0281640554	0.0757463948	0.0325420499	-0.041917518	-0.0629090922	-0.0915685026	-0.0932244687	0.0129713622	-0.0701376533	0.0526442581	-0.0315836503	-0.0982247263	-0.0276968901	-0.0086516865	-0.0729415228	0.0298950731	0.0037200424	0.0966892223	0.0207137878	-0.0601072409	0.0535491208	0.0172071488	-0.0296042619	-0.0468909924	0.0710319803	0.0291851529	0.0067359536	-0.0793820179	0.1754810467	-0.1315511594	-0.0910221281	-0.1429772687	-0.0894744644	-0.002895475	0.0114591744	-0.117257284	0.0411191636	0.0541314923	-0.0341135815	-0.1079235682	0.0145381431	-0.0712503811	-0.0002445094	0.0170538509	-0.018187461	0.1039923996	-0.109775031	-0.0045438257	-0.0484535216	0.0932708998	-0.0056547369	-0.0112336272	-0.0385543923	-0.0773310275	-0.1590648	0.0606331446	-0.064236617	-0.1546986182	-0.1031947945	-0.0088270601	0.024881424	0.0210863625	0.0939545572	-0.1896138786	-0.0109659945	-0.0166547524	-0.0255840019	-0.0766669439	-0.0626198831	-0.0395138583	0.0896610288	-0.0940392575	-0.0349826121	0.0561188232	0.0339764972	0.0091304084	0.0972559842	-0.0061273135	-0.1330197446	0.0699299738	0.0257025461	0.0465191916	0.0543414746	-0.0549554577	-0.019844392	0.005928927	0.0605589227	0.0315685694	-0.1708686004	0.0726799934	-0.0189615214	-0.1121378487	-0.0634141583	-0.0947349807	-0.033898464	0.023985322	-0.0411808195	-0.0499524794	0.0106148623	0.0039877118	0.0282609883	-0.1188009632	0.0334580749	-0.0405368342	0.0635961003	-0.0154971414	-0.0107471684	-0.0151200521	0.1344438638	0.0097067834	0.0110947191	-0.0059579043	0.2369378412	-0.1565485989	-0.004841129	-0.0739615474	-0.0474050317	0.0553025905	0.0364052732	-0.0224560518	-0.0260192045	-0.0177790395	-0.0385579523	0.0072516921	0.0517082543	0.067785624	0.0189102396	0.0275803562	-0.1394279147	-0.1027709321	-0.003712816	0.099943798	0.0203358443	0.0100181305	-0.0955908744	-0.0287954503	0.0779421297	-0.0250570837	0.0385716892	0.0544892532	-0.012007451	0.0139380399	-0.013005648	-0.0771565619	0.1122242201	-0.0337117288	0.0185718165	0.1959602646	-0.1340235354	-0.0340116564	-0.0039742618	0.0308937055	0.1011003338	0.0699695221	-0.0361737896	-0.11262375	-0.0336972	-0.0086634999999999	7.505623224999996e-05	0.0011355012878399	0.0114222	-0.0257058	0.00066078815364	0.00013046665284	-0.00486782	-0.01035514	2.36956715524e-05	0.0001072289244196	-0.000317336	-5.943499999999999e-05	1.00702136896e-07	3.5325192249999982e-09	5.65671e-05	7.99631e-05	6.39409736161e-09	3.19983680241e-09	-0.000266396	-4.206300000000001e-05	1.7692959690000004e-09	7.0966828816e-08	0.0	0.0	0.0	0.0	0.0	0.0	0.0	0.0	0.0	0.0	0.0	0.0	0.0	0.0	0.0	0.0	0.0	0.0	0.0	0.0	0.0	0.0	0.0	0.0	0.0	0.0	0.0	0.0	0.0	0.0
571.8550388663423	-0.2999625859271191	0.0899775529560843	327018.18547682586	828.859358972948	0.5420932199891695	0.2938650591582261	687007.8369570463	533.9047652806687	-0.3999575745880293	0.159966061470339	285054.29838940594	565.5094892167175	624.0653128880357	1.065244	45.332092	0.042546952	0.0249367	0.1120513258	-0.0436315433	-0.0984180081	-0.0053930224	0.059602151	-0.0706413011	0.1385641559	0.0162874617	-0.0276592507	-0.0083181569	-0.0255060503	0.0302041823	-0.1648296315	-0.0577062781	-0.0036740408	-0.0106065091	0.0301329646	-0.0391822766	0.025815423	0.0601913872	0.136756721	-0.0393576731	-0.0740813674	-0.0103276706	-0.0541663917	-0.0674783447	0.1105418856	-0.1479480305	-0.1325714486	0.015385258	0.051574942	0.0245857815	-0.0177953957	-0.1525599929	0.0602803111	0.0384420062	-0.1113771672	0.045885231	-0.0886580893	-0.0245206324	-0.0186839746	0.1753564124	0.0054462392	0.0209829174	-0.0197344918	0.0442416996	0.0746553684	0.2959330375	0.0348752132	0.101238111	-0.1101236929	-0.0103844472	-0.068341261	-0.0729480936	-0.0704774959	0.0737313951	0.0404626858	-0.1470560514	-0.0691722702	-0.0046170037	-0.0730592	-0.0936976135	0.0991563798	-0.0077790975	-0.051376136	-0.0297267863	0.1085992588	-0.0766669788	0.1066611977	-0.0301223211	0.0376541659	0.1373096435	-0.0155461914	0.047566227	0.0675695563	0.0803606395	0.1379308433	4.25136e-05	-0.0709832072	0.0412205103	-0.0579221529	-0.0463166602	-0.158238797	-0.0675175478	-0.0724938597	-0.076968974	0.1059873799	0.0261386269	0.0180064153	0.0666636546	-0.0730434147	-0.0759727517	0.036702616	-0.0145368884	0.1168611298	-0.1039881665	0.2045155844	-0.0140344397	-0.0434027066	-0.0040919898	0.2337723327	0.1344089662	0.1137348399	-0.1119855237	-0.0525614189	-0.1364181442	0.0217496004	-0.1131567282	-0.1226627435	-0.0377257801	0.107044711	-0.0136815811	-0.0999198048	-0.1543824934	-0.0041951497	-0.0566792813	-0.0295165523	-0.0183704554	-0.0462932832	0.1292558052	0.045674297	0.0385911706	0.0725084938	0.1274181311	-0.1415706224	0.0766849956	0.1114106991	-0.0129243188	0.1462105171	-0.0526382195	-0.0653816567	0.0509756836	0.0042720265	-0.1407473952	-0.0021169319	0.0246049559	0.0608933669	-0.0283148218	0.0267185217	0.263114372	4.75199e-05	0.1486681529	0.0093771234	0.1347296334	-0.0119076444	0.0285189458	-0.0413567655	-0.001603513	-0.1456819533	0.0066683783	0.0516693909	0.1185151973	0.0089188851	-0.043580341	-0.0840569101	0.0505490314	-0.0237837703	0.0083807676	-0.0017666078	-0.0489726183	-0.0615026618	-0.0328474492	0.1335787343	-0.1311915048	0.0509401723	0.0434834902	0.0247003932	0.1708096575	0.0639774234	0.0101119805	-0.0518125286	-0.04768435	-0.1304840691	-0.0473529129	-0.0622452384	-0.1271903311	0.0602631384	0.021703604	-0.1464291291	-0.0432958477	0.0217337637	-0.100359429	0.1319268014	-0.0579716253	-0.0654886613	0.0066988115	0.041605864	-0.0293090215	-0.039213775	-0.0163452979	-0.0549277128	0.0183030314	0.1232557529	-0.0073158245	0.031914464	0.0409420767	-0.0316811144	-0.0786947629	0.0216599203	0.067831818	-0.0411381146	-0.1148577065	-0.036398	-0.0027008	7.294320640000017e-06	0.001324814404	0.0349324	0.0235102	0.00055272950404	0.00122027256976	0.000333127	0.005200947	1.10973598129e-07	2.7049849696809e-05	-0.000396687	-7.935100000000002e-05	1.57360575969e-07	6.296581201000003e-09	-2.3396e-05	-7.99631e-05	6.39409736161e-09	5.47372816e-10	-0.000329782	-6.338599999999997e-05	4.017784995999995e-09	1.0875616752400001e-07	0.0	0.0	0.0	0.0	0.0	0.0	0.0	0.0	0.0	0.0	0.0	0.0	0.0	0.0	0.0	0.0	0.0	0.0	0.0	0.0	0.0	0.0	0.0	0.0	0.0	0.0	0.0	0.0	0.0	0.0
571.6397711509951	-0.2152677153471813	0.0463401892707951	326772.02796156204	826.3748355229354	-2.4845234500126026	6.1728567736625255	682895.3687855586	533.512199162062	-0.3925661186067373	0.1541081574779589	284635.2666547397	564.9583107735239	630.1632157052679	1.056196	44.947071	0.052410327	0.0284556	0.0846309361	-0.046555111	-0.1030318634	-0.0360443252	0.0875598502	-0.0390716377	0.1073995322	-0.0323442898	0.0370626209	-0.0013327798	-0.1131318778	0.0181829333	-0.0259264122	0.0173285445	0.0484258753	0.0997255451	0.1095839496	0.0525869323	-0.0110764759	-0.0835958891	-0.0226617657	-0.1247434614	0.0204829996	-0.0152484836	-0.0770625097	-0.0084478648	-0.1373132748	0.0140921007	-0.0073081858	0.0648861512	-0.0453799773	-0.003475246	-0.0944665495	-0.0028347158	-0.0093778148	-0.1318955839	0.0538145197	-0.11515148	0.0490692459	0.1087334713	-0.0273107045	-0.0482904278	0.0563519776	0.0462231285	-0.1610817129	-0.0035703869	0.0846222295	0.0914701549	-0.0192052857	0.0510877383	-0.1193312101	-0.0047360145	-0.0623750407	-0.0338038911	-0.132163226	0.0194658057	0.0055879788	0.008502315	-0.0426559958	0.0111926779	-0.0159310069	0.0770584399	-0.0164780712	-0.0903796715	-0.0106765898	0.016372881	0.0665559418	-0.0011202158	0.0222704883	0.0293074361	0.106765721	-0.1067418554	-0.0422034573	-0.0911346397	-0.011396169	0.1683928205	0.0941152583	0.1384018386	-0.018676491	0.0028912925	0.0687243163	-0.0206875565	0.1090174321	0.0643786071	-0.1612025312	0.1974419207	-0.0588410485	-0.0272049979	-0.0122952636	0.0841100735	0.0666544553	-0.0161873374	-0.0286645056	0.1042632084	-0.0821283785	0.0914180077	-0.0289054762	0.0385517595	-0.0547023326	-0.0268935657	0.0936598466	0.0731863248	0.0836788808	-0.1053715612	-0.0212643545	0.1266554058	-0.0513089664	0.1210113426	0.1109749855	0.080686676	0.0835087536	-0.1628476327	0.0797501871	-0.1349340674	0.0096415808	-0.0454792608	-0.0010750521	-0.0891223372	-0.0309628035	0.1031746823	-0.0088052173	-0.0148970316	0.0539476379	-0.0563269918	0.0166262202	0.0311813672	0.075563102	0.0526342448	-0.0672917976	0.0943309804	-0.1323363439	-0.059970552	0.0019048726	0.0632884339	0.0297969734	-0.0126617401	0.0525272092	0.0661437794	0.01480522	0.0304976952	0.1544350071	0.0057265158	0.2147635941	0.023872948	0.0194063365	0.0413313431	-0.1158315237	0.1377427705	0.1308335022	0.0343595874	-0.1171042264	-0.1477341133	0.0408464995	-0.0602326199	-0.0669951201	-0.0019693429	-0.0463671493	-0.0538355401	-0.0257518036	-0.0463470692	0.0197951215	-0.1209789772	0.0016186617	-0.0405057345	0.0242880615	-0.1206138965	0.0016057721	-0.0587108928	-0.0705190079	-0.0626604466	-0.0734339273	-0.1320439349	-0.1282936782	0.0384703274	0.066657598	-0.0917749677	0.0721717356	0.1293795588	0.0222828113	0.0294198601	-0.0531304348	-0.0537889994	0.0265292897	0.0006902666	-0.0454164808	0.0184918899	-0.0308680471	-0.0707942218	-0.0373125864	-0.0581767061	-0.0031852752	-0.0225769389	0.0967385247	0.131707031	-0.0688242909	-0.0570030451	0.0089688106	-0.1038812253	0.0437874629	0.0656609137	-0.0460219099	-0.1165858777	-0.0363929	5.100000000000937e-06	2.601000000000956e-11	0.00132444317041	0.0124877	-0.0224447	0.00050376455809	0.00015594265129	-0.013819	-0.014152127	0.0001909647609999	0.0002002826986241	-0.000284807	0.00011188	8.1115027249e-08	1.2517134400000004e-08	0.0001252	0.000148596	2.2080771216e-08	1.5675040000000006e-08	-0.000385474	-5.569200000000004e-05	3.101598864000004e-09	1.48590204676e-07	0.0	0.0	0.0	0.0	0.0	0.0	0.0	0.0	0.0	0.0	0.0	0.0	0.0	0.0	0.0	0.0	0.0	0.0	0.0	0.0	0.0	0.0	0.0	0.0	0.0	0.0	0.0	0.0	0.0	0.0
570.8464808531053	-0.7932902978898255	0.6293094967261281	325865.7047023747	827.1347768428823	0.7599413199468472	0.5775108097625564	684151.9390629247	533.0355588877013	-0.4766402743606477	0.2271859511425935	284126.9070387241	564.347532929268	622.331277442639	1.206188	51.330074	0.07166084	0.0357331	0.0741405352	-0.1178467559	-0.0762941861	-0.0352224682	0.0653015421	0.0132909647	0.1029820178	0.0090715932	-0.0014283667	-0.1014222125	-0.0629990936	0.0860540599	-0.048208541	-0.0818094788	-0.1637236307	-0.0441278459	0.043874091	0.020526432	-0.213968961	-0.026272179	0.0795798964	-0.1002869074	-0.130769932	0.0291400005	0.0282557366	-0.0447758256	0.0090022702	0.0463346999	-0.036597356	-0.0320353534	0.0228682087	-0.0456625877	0.0603938807	0.0133529466	-0.0154211872	-0.1704521197	-0.0322429547	0.093064274	0.0202068884	-0.0202002898	-0.0292317191	-0.0364957958	0.0319328736	-0.1338388413	-0.012985153	-0.0839135003	0.0713774794	-0.0851695896	0.1365023074	0.0799713541	-0.1345343412	0.0664954695	-0.0028214382	-0.0656631584	-0.0867937773	-0.1886030618	0.0744762383	-0.0474119617	-0.0812139699	-0.0883042951	0.1350646143	0.1666337529	0.0246987145	-0.0018993242	0.1518967337	0.0155432322	0.0411766672	-0.0368059227	-0.0158338624	0.1442698221	0.0063696603	0.0128689632	-0.0197107224	0.0815151513	-0.0341153088	0.0516467039	0.0839102978	0.0342288394	-0.0114227733	0.0808703948	0.0407109422	0.0820226151	-0.0631837412	0.0986189898	-0.0153011159	-0.0323166035	0.109109352	0.0324049036	0.1074940477	0.0565375241	0.1547672902	-0.0113924877	0.0034967627	0.048895822	0.1459604401	0.0311871635	-0.1431439344	-0.019008439	0.0096653784	-0.0012208852	0.0588921467	0.0605574602	-0.0542686035	0.1105981517	0.0616965442	-0.0561052787	-0.0499846749	0.209405979	0.1177833797	0.0104500007	-0.0243206898	0.0724760307	-0.080151401	-0.1318233039	0.0715390099	-0.0179406435	-0.0635150087	-0.0728101453	-0.0569292721	0.0376719253	-0.0027127943	0.1878451778	-0.0716726888	-0.0846102903	0.0291493687	-0.1110996894	-0.053399769	0.078561678	-0.095286271	-0.1001892044	0.0381280296	-0.0765615233	-0.0424721324	-0.0238613084	0.044711515	0.0444583217	-0.0553973892	-0.0329319753	0.1156269024	0.1321497782	0.1037924312	-0.0491321773	0.0605660699	0.0654129169	0.0343745925	0.0108835051	-0.0133374901	-0.0209469572	0.0700841488	-0.0306134973	0.046752293	0.0298406975	0.0583418336	-0.0122634059	0.0940014202	0.053933277	0.0313145689	-0.0129063788	-0.0071807257	-0.036203656	-0.2315233923	-0.0268851215	-0.187309667	0.0342792707	0.0192341383	0.0159413758	-0.0230313578	-0.0865086651	0.0065109903	-0.1260744013	0.0735279716	-0.054271693	-0.0612199085	-0.073492696	0.0624078291	-0.0515150242	0.1394982498	0.0272219913	-0.0705111739	0.0701168286	-0.0227050129	-0.0099724068	-0.066762435	-0.0530344423	-0.0976834418	-0.0214034076	-0.0265661792	0.0434675249	-0.0109941047	-0.1945784913	0.0252050065	0.0427641517	0.0191885069	0.0630474965	-0.0048716376	0.180365138	0.0275534487	0.005475283	0.1487974855	0.063457872	-0.0508156151	-0.1178006533	-0.0363969	-4.000000000004e-06	1.6000000000032004e-11	0.00132473432961	0.0375533	0.0250656	0.00062828430336	0.0014102503408899	0.00353599	0.01735499	1.2503225280100002e-05	0.0003011956779001	-0.000563006	-0.000278199	3.16975756036e-07	7.739468360100001e-08	-2.3396e-05	-0.000148596	2.2080771216e-08	5.47372816e-10	-0.000227544	0.00015793	2.4941884900000007e-08	5.1776271936e-08	0.0	0.0	0.0	0.0	0.0	0.0	0.0	0.0	0.0	0.0	0.0	0.0	0.0	0.0	0.0	0.0	0.0	0.0	0.0	0.0	0.0	0.0	0.0	0.0	0.0	0.0	0.0	0.0	0.0	0.0
570.9724515015027	0.1259706483974696	0.0158686042576789	326009.5403736359	825.683395842332	-1.4513810005503274	2.106506808758469	681753.070169725	533.0334070506011	-0.0021518371002002	4.63040290579836e-06	284124.6130319718	564.1950290669561	638.7225119133037	1.263373	53.763611	0.06942879	0.0381967	-0.0121282361	-0.1146167547	-0.085319003	-0.0471007472	0.1390110003	0.0477121572	0.0548585999	-0.0325177715	-0.0455757091	-0.1456989482	-0.0537574379	0.1007182886	-0.0357885079	0.1018543232	-0.0066705841	0.1275089384	0.0886397991	-0.0814812108	-0.0432525449	0.0560091865	0.1292825637	-0.0351775652	-0.0523858824	-0.0393963151	-0.1010258156	0.1059556497	0.0111458428	-0.0128199042	-0.1096703693	-0.0061306303	-0.1399512045	-0.1176187099	-0.1303120022	0.0282913341	-0.0592577333	-0.0047385972	-0.1425119072	-0.0872415827	0.0598202603	0.1284449879	-0.0078410424	-0.0518960685	-0.0314077413	0.1004576821	0.0038127748	0.0576954078	-0.0002325764	0.074964176	0.0323407211	-0.0332725585	-0.065722631	0.0987174519	0.0076698088	-0.068328135	-0.0860883148	-0.0561130077	-0.1174456383	0.0453599931	0.0482472723	0.0136992318	-0.0485408355	-0.0996447656	-0.0096670098	-0.0156507053	-0.0019069884	0.0426616559	0.0854352258	-0.0686591199	-0.1650441169	0.0656153874	0.0010975103	0.0002610082	-0.001483614	-0.2293244347	-0.1297443794	-0.0920792174	0.0385883462	-0.1159296359	0.0171498133	0.1050120708	0.1219275239	-0.0253048471	-0.0221697549	0.1793715063	-0.0271241701	0.0596833897	0.0861330815	-0.1347631625	0.092647743	-0.1502568883	0.0179206217	0.1014349976	0.1641476818	-0.0676720785	-0.0596969102	0.1346824955	-0.049715816	0.0526772487	-0.0426964206	0.0065274679	0.053117705	0.0133263271	0.0442441551	0.1239044626	0.0268918353	-0.0527705743	0.034839097	0.003708321	-0.0973014224	0.038936618	-0.0128085347	0.121503683	-0.0108749154	-0.0722261456	0.0895580972	-0.0349695616	-0.0990320571	-0.11784325	0.0966615752	0.0479998932	-0.0435988428	0.043317766	0.0156003274	-0.0223127025	0.0027480636	0.0282819793	0.0217051278	0.0792503483	0.1580973638	0.1193954183	-0.0221552931	0.1110193816	-0.0214344556	0.1643862895	0.0711184338	0.0409422226	0.094991374	-0.1110621328	0.0867163242	-0.0800160978	-0.0175145981	-0.170786359	0.1550956595	0.0327751761	-0.0736630359	0.0847075192	0.0311843063	-0.1681645434	0.1113427477	0.036229752	-0.0727799024	-0.0410704609	-0.0373822048	0.0077808001	0.1290779038	0.0321967402	-0.0424135818	0.0744023333	-0.0292861111	0.0435879054	-0.071776387	0.039591205	0.0233407426	0.0939188122	0.128319018	0.1975770118	-0.1369948076	0.0263376554	-0.0426643158	-0.0574192074	-0.0943516574	0.1399754878	0.0290833026	0.0519842472	0.0158116245	0.0143054769	0.1178698247	0.1029063933	-0.047869902	0.0920168587	0.0397741288	-0.058953597	-0.0220775013	-0.1209085632	-0.0499778455	0.126939805	-0.0088415675	-0.0141384946	-0.0355549984	-0.0421230889	0.0200139042	0.0535771714	0.0948822884	0.0935571737	-0.0106501584	-0.1329574119	-0.018038486	-0.1608873416	-0.1154823815	0.0612237711	-0.0555098464	-0.118496684	-0.0363854	1.1500000000004562e-05	1.322500000001049e-10	0.00132389733316	0.0139484	-0.0236048999999999	0.0005571913040099	0.00019455786256	-0.0152686	-0.01880459	0.00023313014596	0.000353612605068	-0.00013387	0.000429136	1.7921176899999997e-08	1.84157706496e-07	-2.3396e-05	0.0	0.0	5.47372816e-10	-0.000338564	-0.00011102	1.2325440400000008e-08	1.1462558209600003e-07	0.0	0.0	0.0	0.0	0.0	0.0	0.0	0.0	0.0	0.0	0.0	0.0	0.0	0.0	0.0	0.0	0.0	0.0	0.0	0.0	0.0	0.0	0.0	0.0	0.0	0.0	0.0	0.0	0.0	0.0
570.022169435627	-0.95028206587574	0.9030360047250644	324925.27364809864	824.7661343259741	-0.9172615163578256	0.8413686893910578	680239.1763310108	532.8916991763177	-0.1417078742833837	0.0200811216339152	283973.5630510231	563.7805414191796	646.4426397391838	1.186636	50.498035	0.07850749	0.0374236	-0.1383584062	-0.0731423899	-0.0806126055	-0.0721460736	0.114328866	0.1103830137	-0.0316627248	-0.027447782	-0.0732875317	-0.0924481531	-0.0848887672	0.0729019476	0.0060424255	0.0936419191	-0.0267901035	-0.0714666453	-0.0280362531	0.0571989452	-0.0528657695	-0.1130761107	-0.0158395661	-0.0676706801	0.002093474	-0.0658538563	0.027573513	0.05051833	0.0593925962	-0.1770422824	-0.0908580472	-0.0008232912	0.0820126014	-0.083260439	-0.0957358222	-0.0769888457	-0.1989409881	-0.1668581197	-0.0637666601	-0.0558986177	-0.0250522247	-0.0606712745	-0.0059905688	-0.0432005997	-7.22714e-05	-0.0983087841	-0.0453946694	-0.0710802592	-0.0303896654	-0.160905182	-0.1874561538	-0.0065937806	0.0785635023	0.1157637885	0.0242250865	-0.1074942847	-0.094009553	-0.0269224837	0.1247392288	-0.0565601561	-0.1889302677	0.0892444692	0.039785352	-0.0437046967	0.0792012569	-0.0689706875	-0.1483133973	-7.27015e-05	0.0378136311	-0.0789918344	0.1401820942	-0.0170005949	-0.0155572532	-0.0264456191	0.0135257988	-0.0357497513	-0.0432463445	-0.120465257	-0.0156156485	0.1448228874	0.1016035789	-0.0133809014	-0.0927347948	-0.1244692585	0.0208505938	-0.0659857316	0.0356989943	0.0353428535	0.0223942882	0.0035769833	-0.0034016667	0.0167866106	0.0283932155	0.039102737	-0.1058167537	-0.0587630183	-0.0305379097	-0.0746164754	-0.0438312602	0.1809443327	-0.0233220234	-0.1440604125	-0.1533028709	0.0452307487	0.101509344	0.0904832171	0.1162438003	-0.0148736813	0.0558558777	0.1075135058	0.1903207013	0.054782346	-0.0843036166	0.0383822173	0.0387794223	0.0678400791	0.0959613849	-0.0310639659	-0.1348259481	-0.1005987467	-0.0988083511	0.0460332916	0.0300195309	0.0229819523	0.1287811114	0.0967111392	-0.0088328049	-0.11279964	-0.0010768687	0.1291300159	0.0206579088	-0.012880238	-0.0252108159	0.0854354795	0.0776349293	-0.0449016168	0.1061146653	-0.0578847625	-0.0059272718	0.0626978691	-0.1221722457	0.061286004	0.0344757593	-0.0734141253	-0.0091752431	-0.1795409305	-0.0673155568	-0.105502163	0.0614142478	0.0861744475	-0.0085987279	-0.0815073076	-0.0528803473	-0.0645641507	-0.0459235004	0.1224204959	-0.056044937	-0.035591946	0.0556882139	0.0141350342	-0.0672609014	-0.1298143237	0.0285736222	-0.0166257212	-0.0090408381	0.0651382346	0.1769027797	-0.0172438447	-0.0269610642	-0.2519151496	-0.0032174769	-0.1078068521	-0.0578671938	-0.1378015134	0.1588690523	0.004222083	-0.1646073114	0.1274552624	0.058874138	0.0395112317	-0.0832045746	0.1083198445	0.1117276223	-0.023136106	0.0751838607	0.066963805	0.1155454537	-0.0674236011	-0.044491473	0.0989776797	-0.0128678855	-0.0777983249	-0.0148056713	0.079382828	0.0640231571	0.0310501839	0.0698032799	0.0585647415	0.126041558	-0.0084357882	0.0791353409	0.0589597043	-0.0600954145	-0.1186709048	-0.0442014	-0.007816	6.108985600000006e-05	0.00195376376196	0.0383189	0.0243705	0.00059392127025	0.00146833809721	-0.00142296	0.01384564	2.0248151616e-06	0.0001917017470095	-0.000548324	-0.0004144539999999	3.00659208976e-07	1.71772118116e-07	-0.000223829	-0.000200433	4.0173387489e-08	5.0099421241e-08	-0.000373184	-3.461999999999996e-05	1.1985443999999976e-09	1.39266297856e-07	0.0	0.0	0.0	0.0	0.0	0.0	0.0	0.0	0.0	0.0	0.0	0.0	0.0	0.0	0.0	0.0	0.0	0.0	0.0	0.0	0.0	0.0	0.0	0.0	0.0	0.0	0.0	0.0	0.0	0.0
570.6577809186413	0.6356114830142587	0.4040019573395853	325650.302922988	825.1811310299329	0.4149967039587636	0.1722222642966377	680923.8990078393	533.5757201397648	0.6840209634470966	0.4678846784350943	284703.0491226686	564.4751694552747	628.188151243431	1.135038	48.302238	0.072287438	0.0441566	-0.1043313172	0.0063331467	-0.0769425013	-0.0672724074	0.0479801793	0.0591022776	-0.0803628002	-0.0326690001	-0.0487712257	-0.0065926709	-0.1026920183	-0.0618382871	0.0520820644	-0.1029558878	-0.0895790407	-0.1256024289	0.0792210887	-0.0794569087	-0.0089199985	0.0407523264	0.0628076397	-0.1092201957	0.0743326613	-0.0545176407	-0.0358318068	-0.0486959235	0.0826604826	0.0048024193	0.0770219489	-0.0097997101	0.2455825789	0.1226901866	0.0334962023	-0.0697534849	0.1386032864	0.1352227084	0.0163712858	-0.1813793682	-0.1401644003	-0.050117819	0.1001756369	-0.0925008791	-0.0779193586	-0.0879942219	-0.0463259765	-0.0319039607	0.005078407	-0.0048036957	-0.0129701676	0.0294796001	0.0707024813	0.0557017705	0.0280542727	-0.0829747309	-0.0198114991	0.0861691002	0.1419970866	0.0872074506	-0.0467780837	-0.0782438727	0.1673843964	-0.0780538847	-0.0289566823	-0.0338701597	0.1203131546	0.0253796066	-0.0270668152	0.1001445757	0.0440770617	-0.0421652068	0.1409308028	0.1898179441	0.0409833972	0.0427487039	0.1009099669	-0.0742939638	-0.0262957889	0.0388712388	-0.2057846067	-0.1172789218	-0.0882102945	0.0881860781	0.0232930497	0.0830957978	-0.1790717762	-0.1672214629	-0.0300001855	-0.0449775796	-0.1088299611	-0.1341489893	-0.0405337822	0.16618912	0.0148627494	-0.0390260208	0.0185707393	-0.0058905095	-0.0760943484	-0.1067347695	0.0824256913	0.0218725344	0.0046016351	0.0206141662	0.0136548262	-0.0657302621	0.125785722	-0.0477276233	-0.0084568992	0.0034169034	-0.049556461	-0.1241535133	0.0262239747	0.1099205454	-0.0229806023	0.0645320597	0.034993121	-0.0278262349	-0.0985698686	0.0132655375	-0.1040478953	0.0609985798	0.0637870461	-0.0021294852	-0.0275514463	-0.1294290262	-0.0600432215	-0.1517700595	-0.0525138078	-0.08628643	-0.1261627462	-0.0793888772	-0.1541406582	0.0530165879	0.0871089802	-0.1592698665	-0.0414042397	-0.0235853719	0.1082030749	-0.0443688673	-0.0913831896	0.0305810112	-0.0789932881	0.064300117	0.0736686916	0.0611903271	-0.1292694317	-0.1751382756	0.0412835217	-0.1518114257	0.0825412664	0.0739548525	0.0470601759	0.1754486773	-0.0698386211	-0.0958995074	-0.1135392241	0.106292419	-0.0136558327	0.0592660703	0.1254786743	0.0834569053	-0.0385368393	0.0600747746	0.0053904063	0.0763239611	-0.0378021147	-0.0209774431	0.0893292381	0.0234464888	-0.126532942	0.0410497967	0.0414446376	0.0853421029	0.0689283507	0.0166913844	-0.1412947335	0.079559072	-0.0287219427	0.1141755944	0.0145268372	0.1137201376	0.0806960619	0.0259193218	0.1251269595	-0.0343491511	-0.0474150468	0.0873547056	0.0462101014	-0.0803374947	0.0402463931	-0.0197601582	0.0889744242	0.0312646565	0.1622118041	-0.0467874721	-0.0255559217	-0.0701335198	-0.0246883889	0.0368300644	0.0663191326	0.05666678	-0.0645633431	-0.1183225485	-0.0433174	0.000884	7.81456000000005e-07	0.00187639714276	-0.000856098	-0.039174998	0.0015346804683	7.32903785604e-07	-0.0130191	-0.01159614	0.00016949696481	0.0001344704628996	-0.000199453	0.000348871	3.9781499209e-08	1.21710974641e-07	-0.000268628	-4.479899999999999e-05	2.006950400999999e-09	7.216100238399999e-08	-0.000354208	1.8975999999999976e-05	3.6008857599999907e-10	1.2546330726400002e-07	0.0	0.0	0.0	0.0	0.0	0.0	0.0	0.0	0.0	0.0	0.0	0.0	0.0	0.0	0.0	0.0	0.0	0.0	0.0	0.0	0.0	0.0	0.0	0.0	0.0	0.0	0.0	0.0	0.0	0.0
571.2037030526595	0.5459221340182694	0.2980309764110613	326273.6703810709	828.477948610678	3.2968175807451416	10.86900616071025	686375.7113341573	534.2349824415854	0.6592623018206041	0.4346267826018012	285407.0164643611	565.0964236013691	634.6859692631152	1.09227	46.482201	0.062149651	0.034595	-0.0937720957	0.0908635535	-0.0743436567	-0.0760169133	0.0094561538	0.0078653676	-0.140055756	0.0312527582	0.051759659	-0.0643741441	-0.11290028	-0.0883179376	-0.1044511594	-0.0003055889	-0.0174854496	0.0309521263	-0.066143758	-0.0845169832	-0.0447467976	0.015105015	0.0188158604	0.0957809537	-0.0905214041	-0.0883342891	-0.0287276563	0.0327779645	-0.050779352	-0.0949914861	0.0386789267	0.0323502986	-0.0011556203	0.1138554373	0.0319574239	0.1089286483	-0.0438711741	0.0328320023	-0.0780184949	-0.0062007825	0.1016167563	0.1791476315	0.0966937881	-0.0423293554	-0.0548327306	0.1648917949	-0.1681890163	-0.0429499577	0.0495267455	0.0880428311	0.0642541204	-0.1169783634	0.1195756634	-0.0591561539	0.0349420232	0.0091090376	0.0029846655	-0.0499476099	-0.0974343158	-0.0695337016	0.0007421586	-0.0661441964	0.0702024145	0.1897882642	0.0134420033	-0.1218433894	0.0805685307	0.159214632	0.1107121291	0.0999383801	-0.1035815433	-0.0860206302	-0.116528091	-0.0297781942	-0.0060165106	-0.0427563733	-0.122495323	-0.0468415526	-0.1342629322	-0.0374625147	0.1489502199	-0.0782581005	0.1808342776	-0.0756853472	0.0375797841	-0.0628261955	-0.1338024494	0.0173841593	-0.0164998813	-0.0997858077	-0.1119340511	0.0600533376	-0.0894822997	0.0359072949	0.1474826561	-0.0363915062	-0.0149299035	-0.0385280085	-0.0460855216	-0.1120069381	-0.0226630146	0.0193684869	-0.0475823171	-0.0071367418	-0.0896612576	-0.031994611	0.0657552088	-0.0909346325	0.0877413401	-0.0940543411	-0.048851384	0.0468764829	0.0594869362	-0.1307653454	-0.0226928888	0.1058218811	-0.0602865811	-0.0035791685	-0.033986498	-0.0615095306	-0.0023926207	0.0575811465	-0.1371744296	0.0007881076	0.0499358131	-0.1237107708	0.1019494626	0.0124959625	0.1645739468	0.1461895086	-0.0589131071	-0.0478843275	0.0743063607	-0.0803800257	-0.0093432891	0.0177159919	0.0286328565	0.1267621359	-0.1638487632	0.0922562934	0.1176522576	-0.145477434	-0.0883638605	-0.0093220532	0.0630508146	-0.0234213848	-0.0042741094	-0.0335966823	0.06176058	-0.0990312137	-0.0247913113	-0.0531649065	-0.0647882705	-0.0826149651	-0.0218199017	-0.0231464787	0.0423488172	0.2272197517	0.0248979017	0.0334081028	-0.0248459292	0.0838978955	0.1298933307	-0.0044653923	0.1229812807	0.0072998706	-0.0479191512	-0.0071415031	-0.1462902731	0.0525583365	0.0150422132	0.1094349471	0.0147949867	-0.1122289809	-0.031381165	0.1330824706	0.0677865057	0.0641297045	-0.1017971227	0.0367338233	-0.0670846535	0.0693982582	0.0764493462	0.0146708383	0.019247451	-0.003599614	-0.2466416631	-0.047108079	-0.0161606264	0.0336814748	-0.1467976641	0.031852225	0.0107218527	0.0136864157	-0.1153506508	0.14486996	0.0344667343	0.0151830703	0.0934024128	0.0604645105	0.1117161194	0.0543461203	-0.0689048858	-0.117453149	-0.0364129	0.0069045	4.7672120250000014e-05	0.0013258992864099	0.0293213	0.030177398	0.0009106753500504	0.00085973863369	-0.000920647	0.012098453	8.47590898609e-07	0.0001463725649932	-0.000396687	-0.000197234	1.57360575969e-07	3.8901250756000006e-08	-0.000278353	-9.725000000000031e-06	9.457562500000063e-11	7.748039260900002e-08	-0.000406635	-5.242700000000002e-05	2.748590329000002e-09	1.6535202322500002e-07	0.0	0.0	0.0	0.0	0.0	0.0	0.0	0.0	0.0	0.0	0.0	0.0	0.0	0.0	0.0	0.0	0.0	0.0	0.0	0.0	0.0	0.0	0.0	0.0	0.0	0.0	0.0	0.0	0.0	0.0
571.5582316506693	0.3545285980097787	0.1256905268067793	326678.8121676402	827.0169226115252	-1.4610259991528665	2.1345969702006315	683956.9902858374	534.0936568839907	-0.1413255575947687	0.0199729132294722	285256.0343237139	565.147981392477	630.4042225927128	1.095503	46.619797	0.043715493	0.0232619	-0.0326591571	0.0869567609	-0.0812946002	-0.0605769045	0.0839862308	-0.0436636995	-0.0533207303	-0.1795890159	-0.0132817748	0.1966805943	-0.0580453352	0.05250602	-0.0702079085	0.0005402876	-0.16313073	-0.0484740558	0.1150030189	0.0283807904	-0.1042392929	0.03795427	0.0045240521	0.0602699338	0.0426750722	-0.0373770709	0.1445980097	0.0324614786	0.0881884896	0.0762439939	0.0916166237	0.2167675507	0.0437956563	0.0460112971	-0.1562505386	0.0067781595	-0.0649288456	0.0592583726	-0.0508278918	-0.0306336476	-0.0638083121	0.0184038405	-0.0319091888	0.0465044724	0.0609323589	0.1252652074	0.0169798556	0.0659797261	-0.0257235082	-0.036514795	0.0269690475	-0.1274726109	0.0515541046	-0.0610584482	-0.05507965	-0.0595166151	-0.047069039	-0.1553368871	0.0740050507	-0.0452654292	-0.2109215235	-0.1066945401	-0.1437541669	0.1171871134	-0.0079084375	-0.0092489916	0.0619589361	0.027291628	-0.0450198503	-0.0767129295	0.0702587045	-0.0647255038	0.1194911626	0.1352669643	0.0840102224	0.0815725768	0.1012763626	0.1167152301	-0.0905931236	-0.1428601149	0.0570373116	0.0413396066	-0.0349754015	-0.1167339648	-0.0711606708	-0.0586304433	-0.0437287458	0.0087993386	-0.0465021421	-0.1140975278	-0.0229063155	0.0232299702	-0.1315560447	0.1255114439	-0.0589734024	0.051042659	0.1212833095	-0.0768341092	-0.0257555012	0.1566769048	0.0268961054	0.152803306	-0.0542651844	0.0384314731	0.0331093314	0.126060364	-0.0373788056	0.0534122117	-0.0464347142	-0.0376236167	0.0496659725	-0.0718445486	-0.0907540946	-0.1453801612	0.0361627329	0.0164141414	-0.0674354253	-0.0934572906	-0.047225199	0.043683239	-0.189695078	0.0537857582	0.1063872633	0.2282747408	-0.0801465209	-0.0961677012	-0.0754962381	0.077574582	0.0576165605	0.0735483994	0.0279987615	-0.0187242783	0.0684532011	-0.0103454478	0.0287462961	0.0013157582	-0.0208593455	-0.0444969239	-0.0405762721	0.134692953	-0.0489837583	-0.0669305772	0.0465651878	0.1710295626	0.0019328377	0.0657173942	0.0394805013	0.0599005344	0.0585997456	-0.0509799565	-0.0588035686	-0.0381974093	0.1242921092	0.0604927309	0.0881395188	0.1842665252	-0.0152133541	-0.0513891333	-0.1231821698	-0.1716731036	0.0564785449	0.0152419097	0.0361910221	-0.0395075244	-0.0426860828	-0.0168561543	0.0752125933	-0.0174011771	-0.048854326	-0.1798814394	-0.0255239845	0.1121857714	-0.0654651175	0.0207235255	-0.0672387664	0.0240381546	-0.133746177	-0.0066208686	-0.0814036898	0.1167953944	-0.0282318778	0.1091422116	0.0532825548	-0.0280262884	0.0380613631	0.007945789	-0.0448778132	0.1411336598	0.1693592221	-0.0383967585	0.1026841812	-0.0237763628	0.1551158348	0.1518363134	-0.0418630795	-0.1424229825	0.0269739839	-0.0029380733	0.1842213494	-0.0343818725	-0.0668945457	0.051998861	-0.073111544	-0.116066535	-0.0466365	-0.0102236	0.0001045219969599	0.00217496313225	0.011962	-0.0173593	0.00030134529649	0.000143089444	-0.00818659	-0.007265943	6.70202558281e-05	5.2793927679249005e-05	-0.000396687	0.0	1.57360575969e-07	0.0	-0.000118024	0.000160329	2.570538824100001e-08	1.3929664575999998e-08	-0.000423639	-1.700399999999999e-05	2.8913601599999956e-10	1.79470002321e-07	0.0	0.0	0.0	0.0	0.0	0.0	0.0	0.0	0.0	0.0	0.0	0.0	0.0	0.0	0.0	0.0	0.0	0.0	0.0	0.0	0.0	0.0	0.0	0.0	0.0	0.0	0.0	0.0	0.0	0.0
569.5050000008894	-2.0532316497799457	4.215760207658078	324335.945026013	829.2723018358682	2.255379224343073	5.086735445598364	687692.5505921594	533.2156446722101	-0.8780122117805149	0.7709054440357118	284318.9237232007	564.9610338496069	613.6209139602521	1.354858	57.656792	0.08753115	0.0460775	0.1014504874	0.0034829365	-0.0524159044	0.0337709896	0.1596062564	-0.1133164858	0.0523895076	-0.229924099	-0.1315510369	0.0396595495	0.1098965024	0.0285297965	-0.0622407258	0.0159554198	-0.0585066564	0.1200360229	-0.0491910462	0.0083027283	0.0109926948	-0.0241082751	0.0003852343	0.0964851915	-0.0684802736	0.0075018248	-0.1352014132	0.0872921975	0.234688767	0.0923509535	0.1137143976	0.1025352762	0.0656755387	0.0633367693	0.1024763147	0.0221995348	-0.0119939041	-0.164871458	0.0264935045	-0.0316763065	0.2082366461	-0.0921728317	0.0607284308	0.0591293983	-0.072785326	-0.0809206009	0.0435341949	0.0816260578	-0.0099416672	-0.0294536165	0.0053694926	-0.0849088499	-0.0990284432	-0.0526265351	-0.066170199	-0.1062980677	-0.0652263523	0.1220799066	0.0126668096	-0.0880618214	0.0614702402	-0.0359497489	-0.0748726601	0.0611964691	0.0311912224	0.1149343836	0.0619934116	-0.0935620462	0.0029191286	-0.0078551312	0.1504841583	0.0446368677	0.0719164692	0.2155250294	-0.0028436421	0.1536150165	-0.1054678496	0.1198513253	-0.0937764619	-0.0284405529	-0.0538873931	0.0103308223	-0.0053510461	0.0834260257	-0.0195229337	-0.1918847491	0.0564843026	-0.062332006	0.083150522	0.0449541748	-0.145580325	0.120660871	0.1039560882	0.016665702	0.0692032293	-0.0472112436	-0.0763782955	0.1031116826	-0.0877291772	0.0216810617	0.0554730436	-0.0342532067	0.1014657366	-0.1593711087	-0.0475389332	0.0210724225	0.1651354396	0.048965868	0.0681516605	-0.07132389	-0.010112395	-0.0640082983	-0.0048173175	0.0612057922	0.1500897131	-0.1327778098	-0.0553120158	-0.132350649	-0.0752592431	0.0860900588	0.0023956308	0.0993834419	0.0984570268	0.0363177443	-0.1015710448	0.0753950792	-0.0215400544	0.1861965642	-0.0726057651	-0.0789305375	2.63632e-05	-0.0986986332	-0.0664140712	0.068954917	-0.1341130434	-0.1323937645	-0.0003576952	-0.1263488566	-0.0070788899	0.1010942335	0.0373598228	-0.0333905509	-0.08869751	0.0625612987	-0.1073360252	-0.01595897	0.0891716893	0.0890816058	-0.0052282682	0.096194916	0.04008583	-0.0461006003	0.1322634873	0.0824531282	-0.1509314004	-0.0572088373	-0.1085456342	0.0566620238	0.0321259938	-0.0593349618	-0.0211890535	-0.045212053	-0.0654059708	0.062829124	0.0404586674	0.0377048639	-0.0846037406	-0.088778725	-0.0035133523	-0.0402425281	-0.1766755594	0.0112199234	0.0523421107	-0.0745172377	0.1175025905	0.1730126835	-0.0196170045	-0.1244531791	0.0489012628	-0.0205820593	-0.0618729371	0.100487388	0.0762079059	-0.1002684911	-0.0707173569	0.0632683684	-0.0285148491	-0.0309566666	-0.0211928395	-0.111637898	-0.0674883114	-0.0544425116	0.0683069602	0.0335655741	0.0175224371	-0.0736808721	0.0687903103	0.2037821851	-0.0940748186	-0.0062638139	0.0335309241	0.0496261511	-0.077175083	-0.1141688124	-0.0377947	0.0088417999999999	7.817742723999995e-05	0.00142843934809	0.0520215	0.0400595	0.0016047635402499	0.00270623646225	0.00675241	0.014939	4.55950408081e-05	0.000223173721	-0.000633042	-0.000236355	4.00742173764e-07	5.5863686025e-08	-2.3396e-05	9.4628e-05	8.954458383999998e-09	5.47372816e-10	-0.000280805	0.000142834	2.0401551556e-08	7.885144802500001e-08	0.0	0.0	0.0	0.0	0.0	0.0	0.0	0.0	0.0	0.0	0.0	0.0	0.0	0.0	0.0	0.0	0.0	0.0	0.0	0.0	0.0	0.0	0.0	0.0	0.0	0.0	0.0	0.0	0.0	0.0
569.4635519080749	-0.0414480928144485	0.0017179443979551	324288.7369517607	826.2098033547818	-3.062498481086436	9.37889694665673	682622.6391595472	532.758308256885	-0.4573364153251305	0.2091565967824402	283831.4150167381	563.8828879768657	629.6104112745212	1.372103	58.390675	0.079799245	0.0427864	0.0378642752	-0.1280505196	-0.0576361458	-0.0978926567	0.0975957082	0.0486913011	0.0823490764	-0.0127960123	-0.0041667775	-0.1644805219	-0.0929867492	0.0449587739	-0.0144154651	-0.0037085476	0.0250267397	0.1089720382	0.0026920543	-0.1329526515	0.0358595973	-0.068157056	-0.141666392	0.0646938885	-0.0524456982	0.0526054375	-0.0837295191	0.048803752	0.0305195622	-0.0156665379	0.1150031902	0.0503024077	0.0126624302	-0.1587830904	-0.0355600036	0.0322109769	0.0663129287	0.0850716029	-0.0441910308	-0.0703376521	0.0625231797	-0.0704529659	0.0220325376	0.1007307059	0.0787974564	0.1932897883	0.0615276558	0.0631597192	0.1350447472	-0.0031361463	-0.0715461292	-0.0945850382	-0.0799251945	0.1066546924	0.0131250203	-0.026430321	-0.0218091404	-0.0407358832	-0.1620991963	-0.0283345117	0.0406183587	0.0446961771	-0.0076520693	0.12600177	0.1544766282	-0.1443769238	0.0289230192	0.0529990585	-0.0849120262	-0.017894345	-0.07668213	0.0634931633	-0.0381126042	0.0237275565	-0.133889929	0.0400709254	-0.005806047	-0.07773143	0.049364914	0.0789314182	0.0899969273	0.2173687813	0.0421436209	-0.0417567743	-0.0498585163	-0.0216459873	-0.0004062955	0.069241576	0.1481684639	-0.04486923	-0.0533336624	-0.0695419655	-0.2238994721	0.0658991736	-0.0459383416	-0.0032675162	-0.0815087934	0.0579785332	0.1175288425	-0.014821289	0.1493144005	-0.0155783133	0.1140574235	-0.0258586051	-0.0977784372	0.03246346	-0.048011652	0.0131615882	-0.1497073919	-0.0746732269	0.0550541056	0.0316568125	-0.0237545827	0.0968134389	0.1814734669	-0.0801965351	0.1114364478	-0.0386209909	-0.0904197319	-0.090660082	0.0735301639	0.0067666046	-0.0709181718	0.0228588322	-0.0277867788	0.0933780902	0.119882511	0.0496687663	0.1258104346	0.089071485	-0.0326331874	0.0006551947	0.1096895435	-0.1992350518	-0.0206224911	-0.0944004792	0.0764949637	0.0291273513	0.0325464187	-0.0607799663	0.1313840591	0.0176531519	-0.0558126711	-0.0427299389	0.091689634	0.0867736328	-0.0479511847	0.119896761	0.0182802446	0.0992451909	-0.053375328	-0.0850116718	0.0061554252	0.0355619848	0.0066302248	0.2500441709	-0.0195605913	-0.0077106011	-0.0671224363	0.0048246284	0.0548875065	0.0055217544	0.0346097578	-0.0242961565	0.0208302839	0.1093906281	-0.0574598914	-0.1165530732	-0.1070393625	0.242588779	-0.0616754403	0.0055898541	0.0851487345	0.0389955617	0.0468354046	0.0484915631	-0.0344860335	-0.0022351571	0.1447897286	0.1141131287	-0.0162073858	0.1241568673	0.1351955532	0.0787278499	-0.05036382	-0.0644628493	-0.1163142382	0.0192832875	0.0224544742	0.0017648038	-0.0164456738	-0.0917714238	0.0524622231	0.0547788585	0.162969504	0.0703216261	-0.0572614801	-0.0384018317	0.0993085282	-0.1591285665	-0.0572820111	0.0472291519	-0.081087548	-0.111768338	-0.0462937	-0.008499	7.2233001e-05	0.00214310665969	0.0155133	-0.0365082	0.0013328486672399	0.00024066247689	-0.00649176	-0.01324417	4.21429478976e-05	0.0001754080389889	-0.000321238	0.000311804	1.0319385264400001e-07	9.7221734416e-08	-8.559849999999998e-05	-6.220249999999998e-05	3.869151006249997e-09	7.327103202249997e-09	-0.000337756	-5.695099999999996e-05	3.2434164009999956e-09	1.14079115536e-07	0.0	0.0	0.0	0.0	0.0	0.0	0.0	0.0	0.0	0.0	0.0	0.0	0.0	0.0	0.0	0.0	0.0	0.0	0.0	0.0	0.0	0.0	0.0	0.0	0.0	0.0	0.0	0.0	0.0	0.0
568.7942929775958	-0.6692589304791454	0.4479075160260896	323526.94772388303	825.2563982632855	-0.9534050914962792	0.9089812684910282	681048.1228744906	532.2924104547279	-0.4658978021570874	0.2170607620548045	283335.21022770455	563.3007844718139	555.4335544330834	1.750446	74.49131	0.091109635	0.0442529	-0.026747066	-0.1181054656	0.0831969842	0.0158016839	-0.0722663403	0.0992266347	0.0441479904	-0.0159581139	0.0030958085	-0.0437738927	-0.0181003399	0.0688166839	0.0008397838	-0.0275269477	-0.0829400255	0.0170232113	0.0393536607	-0.0180458506	0.1625142071	-0.0157627597	0.2024104321	-0.0488530036	-0.0228406925	0.0024310062	0.031752728	-0.0811785544	-0.1317273644	0.0060788963	0.008030068	0.1056060434	0.028712384	0.1243130861	0.0647079308	-0.0208662556	0.0822061463	0.0861410174	0.0406022721	-0.0226657732	0.0507197415	-0.0146157287	-0.071579362	0.0998515947	0.0115582729	0.0632226402	0.1103888559	-0.1027987833	0.0030298006	-0.0309032309	-0.0789822274	-0.0099116794	-0.0157697486	0.1238127645	0.05052664	-0.0923153617	0.0744874493	-0.0352045193	-0.0743330121	0.0480064745	-0.0272240963	0.0266245573	-0.0509205794	-0.0749244887	-0.1589547934	0.0602300567	-0.1168724926	-0.0687795244	-0.1026024536	-0.1426880084	-0.0473507352	-0.0762970645	0.097870628	-0.1227673159	-0.1105144542	-0.0104316085	-0.0678413858	0.0305717111	-0.0751055275	-0.0241372738	-0.027813137	0.0120278338	0.0024928765	-0.0142352794	-0.004847296	0.053663604	-0.0453859142	-0.2045838696	0.0497137037	-0.035891922	-0.0124354738	0.1526265294	-0.034502273	-0.0881517095	-0.0474509152	-0.0973561709	-0.0231559719	-0.1213096824	-0.066225468	-0.0591910965	-0.1757206416	-0.0468053204	0.1584404829	0.0471932961	0.0368062229	0.0241240403	-0.0103265881	-0.0098908741	-0.0521222702	-0.0648318719	-0.0628099089	0.1065217273	-0.06762675	0.1467131479	0.0112560485	0.0062913003	0.115306121	0.0199157846	-0.0605251852	-0.0116284505	0.0425206181	-0.1062666679	0.0062658693	0.0521511738	0.0673006868	-0.01643585	-0.1576628441	0.0398808013	-0.0379235025	-0.0488018387	-0.0278826013	0.1775308347	0.0594278597	0.0237617928	-0.0319632947	0.1252426675	-0.1112533657	-0.1226112129	-0.115360049	0.0006903615	-0.0238899429	0.0307747337	0.0003077622	0.0087851144	0.0893570315	0.0452662729	-0.0489865514	-0.0031852493	-0.0249554222	0.004869434	-0.1372569303	-0.1098624006	-0.0445714194	0.0838418526	-0.1830038146	-0.0356477534	-0.0075495502	-0.0982078543	0.1573807233	0.1457896419	0.0085308243	-0.1457733151	0.0095071235	0.1179875988	-0.0075983498	-0.1067468048	0.0042342069	-0.046739868	0.0477052677	0.2416878438	0.0686368948	0.0542463691	-0.0644420621	0.0769952034	0.0804115297	0.004403591	0.0247793634	0.0606360384	0.1006634808	-0.0582672408	-0.0440751491	-0.0088407407	0.1089239306	0.1164938683	-0.0679111996	0.0044151326	-0.016498664	0.0739530981	-0.004422323	0.1373199537	-0.0947756442	0.0384282037	-0.0501316481	0.011567668	-0.0225430469	-0.0766677824	0.1277882687	-0.0910037389	-0.0086772339	0.0790769322	0.115865026	0.0448090364	-0.0848412804	-0.1088756826	-0.0315103	0.0147834	0.00021854891556	0.0009928990060899	0.0308112	0.0152979	0.00023402574441	0.00094933004544	0.0226493	0.02914106	0.00051299079049	0.0008492013779236	-0.000735314	-0.000414076	5.40686678596e-07	1.7145893377600005e-07	-2.3396e-05	6.220249999999998e-05	3.869151006249997e-09	5.47372816e-10	-0.000176289	0.000161467	2.6071592089e-08	3.1077811521e-08	0.0	0.0	0.0	0.0	0.0	0.0	0.0	0.0	0.0	0.0	0.0	0.0	0.0	0.0	0.0	0.0	0.0	0.0	0.0	0.0	0.0	1.0	0.0	0.0	0.0	0.0	0.0	0.0	0.0	0.0
570.7820945108488	1.9878015332529912	3.951354935602943	325792.1994141915	824.7712689285704	-0.4851293347151113	0.2353504714011265	680247.6460500442	533.0509915291186	0.7585810743906904	0.5754452464237342	284143.3595701765	563.8277485866005	607.876241541792	1.504395	64.020447	0.06515173	0.033979	-0.044526282	-0.1293837718	-0.0178731741	-0.035445312	0.0065725562	0.1204650759	0.0384665894	0.0062493336	-0.0763801385	-0.0940786858	0.0112902099	-0.0348886942	-0.0270155347	-0.0258109835	-0.0297328353	0.1087873909	0.0518821968	0.1470135162	-0.1150427814	0.0970133381	0.0332673066	-0.0902128042	0.2121918088	0.0136076061	-0.0240389112	0.0592916782	0.026022015	0.0218144111	-0.0930257923	-0.1393776611	0.1016732621	-0.0423026509	0.0219203966	-0.0476417849	-0.0204339128	0.2427346205	-0.1398465547	0.0759839038	0.1007286701	-0.0165954103	-0.0275687288	-0.0243884169	-0.0082089577	0.09275646	0.015210697	-0.0153635239	-0.2168375918	-0.055277193	0.1399458445	0.0260355905	-0.0079198302	0.1300617056	-0.0140706651	0.0223190298	-0.1769705526	-0.009126544	-0.0093928592	-0.0306285787	0.1086154877	0.0496783579	-0.0499664248	-0.0339212119	-0.0980678367	0.1057852874	0.0043874767	-0.1368860434	0.1349342126	-0.0236245508	0.1595898349	0.0041990849	-0.070701016	-0.0661056512	0.0711849964	-0.0193735294	-0.0389835995	0.121565795	-0.1307696743	-0.0582176768	-0.014860722	-0.029101477	0.1213495615	0.0984243611	-0.0725454588	-0.0179215706	-0.0224025412	0.0692496881	-0.1092251805	0.0410982362	-0.0748096942	-0.0751693997	-0.0316258838	0.028742513	0.0389538977	0.1427911503	-0.0945616056	-0.0537295065	-0.0588260968	-0.0376432816	-0.0213533483	0.0175638064	-0.0158016384	-0.0016327629	-0.0007594615	-0.0159004094	0.0494573285	0.0291729125	0.1126099596	0.0326991476	-0.0735420606	-0.0871484233	0.108570122	-0.0099987306	-0.0562707391	-0.0046485159	0.1344741102	-0.0183002048	-0.0300484401	-0.1203614314	0.007291705	0.0520376105	0.0219661774	-0.0201589102	-0.0163950197	0.0811463714	-0.0765174191	0.0939639574	-0.0765249424	0.0323644755	-0.011634758	0.037553087	-0.0970112803	0.1747651841	-0.1346952377	0.0352048345	-0.056141927	0.1282884815	-0.0432917475	0.0519539191	-0.0372352173	-0.1579609842	0.0590517668	0.0232381062	-0.0019878773	-0.0749600013	0.0247808233	0.0254820814	-0.1759975099	0.0692643382	-0.0397898716	0.1449082722	0.0162860268	0.044554226	0.0920160192	-0.0877238824	-0.0478532859	0.043008951	-0.0615234252	-0.0570822859	-0.0405282141	0.0271177864	0.0780691899	0.2163416832	0.0365988164	-0.066426798	-0.1424575441	0.0044779134	0.0277462202	0.0156851876	0.066661789	-0.0293732512	-0.0098923533	0.0513663238	-0.0378902365	-0.0687208091	0.0965180049	0.0699936387	0.1286848301	0.0175494497	0.0509167205	-0.0247769615	0.0077704775	0.0123993657	-0.0396913977	-0.0471560237	0.0085566232	0.1098694005	0.0772021458	0.1282220489	-0.0354180306	0.0690120989	-0.1055238208	0.013393252	-0.0973459303	-0.0236734877	0.16464092	-0.115434513	0.1596189865	0.0175754136	-0.05068491	0.0423669894	-0.0884289321	-0.1055035841	-0.0257377	0.0057725999999999	3.332291075999999e-05	0.0006624292012899	0.00809253	-0.02271867	0.0005161379665689	6.54890418009e-05	0.00862194	-0.01402736	7.433784936359999e-05	0.0001967668285696	-0.000735314	0.0	5.40686678596e-07	0.0	-0.000411284	-0.0003878879999999	1.50457100544e-07	1.6915452865599998e-07	-0.000111515	6.477399999999999e-05	4.195671075999998e-09	1.2435595225000002e-08	0.0	0.0	0.0	0.0	0.0	0.0	0.0	0.0	0.0	0.0	0.0	0.0	0.0	0.0	0.0	0.0	0.0	0.0	0.0	0.0	0.0	0.0	1.0	0.0	0.0	0.0	0.0	0.0	0.0	0.0
569.3581752584271	-1.4239192524216833	2.027546037417125	324168.7317336058	826.6457814544477	1.8745125258773212	3.5137972096709755	683343.2479964346	533.1946945533348	0.1437030242161654	0.0206505591688718	284296.582299824	564.1136980934042	563.9448233450597	1.631526	69.430573	0.07177243	0.0334306	-0.1458023591	0.0089004985	0.0863695546	0.1308943435	0.0464335101	0.0981990184	-0.1126217007	-0.0136957187	0.0273432669	-0.0039335107	-0.0913465166	0.0200431594	0.0198526789	0.1303503443	0.072872348	0.0494238407	-0.0945914451	0.1025590256	-0.0221859276	-0.0287729773	0.0185802346	0.0286903701	-0.0932442401	-0.0569031214	0.0168380819	-0.0024969125	-0.0537189026	-0.1610738374	-0.0545222145	-0.051607291	-0.0453318074	-0.0603987386	-0.0092868088	-0.0105538513	-0.0147281899	0.0370700613	0.1303075532	0.1168534731	-0.0166160987	-0.081460048	-0.0149052334	-0.124870575	-0.0492482389	-0.12633572	0.0641388326	-0.02974636	-0.0032596891	-0.067405444	0.0112800668	-0.1052009767	0.1166949747	0.0788697112	0.0176862322	-0.0036897632	-0.0128686254	0.0626590135	-0.0025858693	0.0145992264	0.0485260204	-0.1621298999	0.1418689591	-0.0585082675	0.1298212792	0.0226904806	0.066403565	0.0360793426	0.1737577155	-0.0087441349	-0.0588270293	-0.0279168843	0.0148282728	0.1288987976	-0.1214258193	0.0004237718	0.0481999235	-0.0049844313	-0.1063093415	0.0765795147	-0.0696676798	-0.0795431031	0.038697896	-0.0070003445	0.0603062923	0.0070060653	0.0310864571	-0.0552387719	-0.3147252371	0.0423645493	0.1377486823	-0.0781791426	0.0956190705	-0.1258184681	-0.041429481	-0.045488322	-0.0886558724	-0.0446392178	0.1406289696	0.0416011947	0.1002994038	-0.0378350471	0.0757079936	-0.0983552069	-0.017101214	0.056951788	0.0328734047	-0.1281541552	0.0037419282	0.0545444368	0.0343158719	0.1478432271	-0.0222606711	-0.0380733462	0.0281050945	0.123794721	0.0523524368	-0.0183413179	-0.0306433033	-0.0139815124	-0.0406352918	0.0034947259	-0.0107031213	-0.1300735701	0.0312431585	-0.0753669715	-0.1026248847	-0.054548958	-0.0001308865	0.1519522489	0.0157648117	0.0334074468	-0.0168494093	-0.0162320724	-0.0074016085	-0.226217779	-0.0541936864	0.1003285277	0.0562127513	-0.0581655179	0.0648389013	0.0022389243	-0.0753334736	-0.0600701554	-0.0576942874	-0.0870177209	0.0746334588	-0.0694875395	0.0923526258	-0.1154930518	0.0528635076	-0.0215543213	-0.0019007984	0.0398155914	0.1466419816	-0.1215228562	-0.0731793488	-0.1015975477	0.1587864061	-0.0161386875	0.0506515666	0.0742293275	-0.0099133858	-0.0725259677	0.0844647858	-0.1107473731	-0.167515067	-0.0168140088	-0.0121597404	-0.1039083275	-0.0834028861	-0.0397520063	-0.0074294621	-0.0414208676	0.0150032305	-0.1007777269	0.0817048509	0.1448047621	-0.0318908337	-0.1207577877	0.0611894673	0.0291775001	-0.0133848805	-0.089880836	0.021188645	0.0273541414	0.0081875259	-0.0695955784	0.0164622563	0.0814456404	-0.0053732996	0.0105496763	0.0194543114	-0.1414416008	0.1214072317	0.0290019635	0.0479243023	-0.0416031249	-0.0199919308	0.0327824708	0.0852934122	0.039904206	-0.0918434799	-0.1016668918	-0.0101074	0.0156303	0.00024430627809	0.00010215953476	0.0220381	0.01394557	0.0001944789226249	0.00048567785161	0.0279648	0.01934286	0.00078203003904	0.0003741462329796	-0.000852119	-0.0001168049999999	7.261067901610001e-07	1.3643408024999998e-08	-0.000679968	-0.000268684	7.2191091856e-08	4.6235648102400006e-07	-3.993e-05	7.158500000000001e-05	5.124412225000002e-09	1.5944049e-09	0.0	0.0	0.0	0.0	0.0	0.0	0.0	0.0	0.0	0.0	0.0	0.0	0.0	0.0	0.0	0.0	0.0	0.0	0.0	0.0	0.0	0.0	0.0	1.0	0.0	0.0	0.0	0.0	0.0	0.0
568.0495609777495	-1.3086142806776024	1.712471335593359	322680.30372701393	827.6730845519377	1.0273030974899484	1.0553516541124424	685042.734891719	532.9900924500184	-0.2046021033163469	0.0418620206814731	284078.4386498792	564.1130948069195	550.3553925993798	1.277835	54.37904	0.064896645	0.0338361	-0.0004103092	0.1115196863	0.0815214689	0.1410258536	0.0511132698	-0.0631894075	-0.0413254503	-0.0772180301	0.0497751093	0.0404079891	-0.1793367722	-0.0708065398	0.0086720924	-0.1234553354	-0.0787401329	0.0249150424	-0.0613389603	-0.0182946825	-0.1016529374	0.0083512331	-0.0874660009	-0.0317295	0.0483440742	-0.0055717836	0.1691123943	0.0377388378	0.0138731019	0.0268856013	0.1333309889	0.1744169915	-0.1052978052	0.0485331954	-0.1272177465	-0.104226184	-0.0644054491	-0.0015063097	0.0908436275	0.0017161875	-0.0598523629	-0.0983290262	-0.0368256887	-0.0584829408	0.0599104311	0.0907449121	0.0503162717	-0.0824430567	0.0361749447	-0.0432529744	-0.0367893802	0.0826161871	0.0429381147	-0.0900063242	0.0211182992	-0.0625831442	0.1031198395	-0.0702532219	0.0779081323	0.1137920915	0.1608686687	-0.0870447766	0.0615741678	0.0167391905	-0.112083354	-0.0447484251	-0.0349361443	0.0344606626	-0.0556923082	0.1181135109	0.0653696125	0.0756586689	0.0111994908	-0.023032655	0.0271656838	-0.1530778091	-0.0349211523	0.0194884465	0.0761415142	-0.0113512274	-0.2022532805	0.0276141356	0.1462013335	0.0754048483	-0.094632108	-0.0562531594	-0.0368796953	-0.0023272844	0.0731429607	0.0513191914	-0.0391496591	0.0683547607	0.0163290476	-0.077348703	-0.1035967214	-0.1144980872	-0.2064118991	0.0345877913	0.0631960154	-0.1498193121	-0.1024507684	-0.0920494682	-0.0554556034	0.1578646293	0.0189333412	-0.0361095814	0.0131459154	-0.1239684613	0.0659506733	-0.0489046802	0.0610821855	0.0102967266	-0.0192926053	-0.1347169201	0.0511228063	0.0105640364	-0.0892451302	-0.0365219547	-0.0616995117	0.0291390846	-0.08106663	-0.0634926371	-0.1465420864	-0.0898207419	-0.0738824703	-0.1411982924	0.0966926245	-0.0489991853	-0.0081573896	-0.1023078406	0.0199017147	0.0307969921	-0.053860869	0.0311104339	-0.0260142549	0.1408361419	0.0159188754	0.0312909537	-0.0284665445	-0.0187001166	-0.0612450379	0.0004306715	-0.1384431253	0.011490083	0.1254949106	0.0883958683	0.028094562	0.0640103685	-0.2735492847	0.0105099204	0.0893651984	-0.0334247897	0.0577776557	0.0486380354	-0.092327958	-0.0073457192	0.0042716024	-0.0922137579	0.0974317888	0.1178849072	0.0566495915	-0.0060090442	0.0443140087	-0.094333846	0.126149417	-0.1612630357	-0.0617190891	0.0203248559	-0.1261997962	-0.0600607671	-0.0360811422	-0.0561668665	0.0768693603	-0.0571164672	0.0542353778	-0.136802388	-0.0414083802	-0.0201227569	-0.0864621162	-0.0720468093	0.1622194925	0.0796508744	0.0293582526	-0.0445488843	-0.0523043693	-0.1094190243	-0.0432581906	0.0066260939	0.1566063459	-0.1104161356	-0.0126772181	0.076336224	0.033312829	-0.077807341	0.009402588	-0.0901057927	-0.0936355807	0.0685289713	-0.0239047659	0.0518684489	-0.0494090466	0.0374218916	-0.0950782398	-0.0973825011	-0.0101435	-3.609999999999898e-05	1.3032099999999263e-09	0.0001028905922499	0.00980545	-0.01223265	0.0001496377260225	9.61468497025e-05	0.0160079	-0.0119569	0.0002562528624099	0.00014296745761	-0.000477948	0.000374171	2.28434290704e-07	1.40003937241e-07	-0.000261385	0.000418583	1.75211727889e-07	6.8322118225e-08	-6.05959e-05	-2.06659e-05	4.2707942281000005e-10	3.67186309681e-09	0.0	0.0	0.0	0.0	0.0	0.0	0.0	0.0	0.0	0.0	0.0	0.0	0.0	0.0	0.0	0.0	0.0	0.0	0.0	0.0	0.0	0.0	0.0	0.0	0.0	0.0	0.0	0.0	0.0	0.0
566.7721466228796	-1.2774143548698476	1.6317874340275489	321230.666187507	827.5637477201815	-0.1093368317561953	0.0119545427784825	684861.7565406722	532.675665177261	-0.3144272727574844	0.0988645098537094	283743.3642720374	563.9780332164869	519.1693683872131	1.342345	57.124313	0.109374175	0.0593733	0.1126102647	0.022878633	0.1511073884	0.0918615094	0.0182923933	-0.0816850979	0.1014239807	0.004816401	-0.1442449853	0.0081274937	0.0443684928	-0.0080054377	0.0728030419	-0.1084270128	0.0496891043	-0.0160619751	-0.1550028009	0.172367786	0.0679219452	-0.1499591575	0.0188933693	0.0561974853	-0.1643954328	0.0873391623	-0.0847720877	-0.0989359125	0.0653363652	0.1199024778	0.088210889	-0.1086773171	-0.0608109543	0.0056111589	-0.0085174943	-0.0002771766	0.0668022101	0.0216494555	-0.0509103392	0.1401642416	-0.0997692934	0.0616275406	-0.1452957385	-0.0596894255	-0.0228475785	0.1380804245	-0.035992807	-0.0213398441	-0.0788098961	0.0349582646	-0.1033257191	-0.0575080931	-0.1261501312	-0.007748425	0.0186898693	0.0183655548	0.1050819863	-0.050473382	0.0911868644	0.1081442741	-0.0177999679	-0.1153791772	-0.0164057607	0.0103764547	0.0135175083	0.1017731155	-0.0863286514	0.0390865715	-0.0969632341	0.0141019127	-0.1497851817	-0.2027894618	-0.0208363122	-0.0645476923	0.0990430394	0.0600128379	-0.0579817234	-0.0145906836	-0.0276744344	-0.0495123407	0.1307983981	0.0176933311	0.0033950398	0.0377321862	-0.1027428761	-0.1010843952	-0.0289000187	0.1035398104	-0.0487835876	-0.001301537	-0.0322713293	0.0437483419	0.2030632517	0.0178376805	0.0036856044	0.0251116108	0.0485041669	0.0520184173	-0.1520112603	-0.1312471111	-0.0771031234	0.1362711182	0.0701088515	-0.0056782392	0.0515220653	-0.0617848461	-0.1428088721	-0.0796532396	-0.0673674835	0.0456086433	0.0174129653	-0.0437965511	-0.0890308393	-0.0837383384	-0.0502113395	-0.1156749048	-0.0171401936	0.0481749185	-0.00343383	0.1957033088	-0.0648851092	-0.0469090051	0.0319204683	-0.0725924771	-0.0418509949	-0.0440823497	0.0168000429	0.022597962	-0.1575168785	-0.0326170704	0.1463932239	0.1064590257	0.0614160707	-0.0889763494	0.033822125	0.1213328452	0.1257714737	-0.0207780597	-0.1163125188	0.072327644	0.0899338562	-0.1172333197	0.0844379202	-0.1044702843	0.0211960147	0.0588478963	0.0398713893	-0.1082548732	0.0974219259	0.0415530201	-0.0533653279	0.0959583579	0.1076293158	-0.0393156639	-0.0412289643	-0.1156939299	-0.0486838908	0.1264221657	0.086886163	-0.0918875642	0.0568734562	0.0044587494	0.0367607218	0.013952218	-0.0714729848	0.0354241232	0.1320792734	-0.036633322	0.1095196006	0.0434213341	-0.1393450917	0.0570526604	0.08326773	-0.084892877	-0.0749130958	-0.1252144017	0.0591536441	-0.1160743084	0.0183586334	-0.172559041	0.0800787418	0.0214308179	0.0218568357	0.0607911392	0.0756275021	0.1264515767	0.0921115301	0.0152068143	-0.0327777615	-0.137878012	-0.1468157999	0.0163920925	0.0881948679	0.0479700371	-0.0552587535	-0.1159877115	0.1048191213	0.0484951645	-0.0202430614	-0.0805229108	0.08117157	0.0349212611	-0.0981268796	-0.0926692784	-0.0101359	7.599999999999968e-06	5.7759999999999505e-11	0.0001027364688099	0.0427001	0.03289465	0.0010820579986224	0.0018232985400099	0.0477113	0.0317034	0.00227636814769	0.00100510557156	-0.00116979	-0.000691842	1.3684086441e-06	4.78645352964e-07	-0.000335582	-7.419700000000002e-05	5.505194809000003e-09	1.12615278724e-07	6.87356e-05	0.0001293315	1.6726636892250002e-08	4.72458270736e-09	0.0	0.0	0.0	0.0	0.0	0.0	0.0	0.0	0.0	0.0	0.0	0.0	0.0	0.0	0.0	0.0	0.0	0.0	0.0	0.0	0.0	0.0	0.0	0.0	0.0	0.0	0.0	0.0	0.0	0.0
568.6079339006617	1.8357872777820603	3.3701149292664674	323314.9824947793	828.1045522555975	0.5408045354159867	0.2924695455265012	685757.1494664436	533.2775298358844	0.6018646586234127	0.362241067299877	284384.92382786254	564.0592647472116	504.00271563292506	1.193639	50.796043	0.0855116999999999	0.0471512	0.1050076599	0.0152973784	0.1833366384	-0.021025832	-0.0865030344	-0.0283751648	0.0672195456	0.1518382943	0.0716521937	0.0279893761	-0.0212451061	-0.0028741492	-0.0203713427	-0.1392222876	0.0232567121	-0.1356947605	-0.0991018501	-0.0141658421	0.0414746466	-0.0460318655	0.0372028027	0.156435272	0.1101440158	0.0076738756	0.1053809628	-0.0667972718	-0.0339029273	-0.0745404947	-0.1126492009	-0.0792960318	-0.153126247	0.0817292716	-0.0266881697	-0.1251036304	-0.0444678393	-0.0863710135	0.0107445246	0.1533198553	0.081862938	0.0707736703	-0.0463009609	0.1636615988	-0.0763058754	-0.0036866274	-0.1170998622	-0.0389238128	0.1186020793	-0.0287417048	0.0363292606	-0.1095790726	-0.0639637027	-0.0159860297	0.0377231902	0.0885952693	0.0564550851	0.0132368438	0.0076962323	0.0958732069	-0.0640739009	0.0355152657	0.0408353822	-0.0357777482	0.0038775761	0.0160124351	0.0182243766	0.1873425173	-0.0307461372	0.2260249896	0.0454197817	0.0795390875	-0.0907407407	0.0205061311	-0.1590881461	-0.0037257562	0.056889203	0.0798859011	-0.0904486897	-0.0120043718	-0.0227926387	-0.0634386126	0.0422574504	0.1405271519	0.030085831	-0.2488769127	0.1896132752	0.0312431888	0.1163035607	-0.1194293971	0.0962240458	0.1053777454	-0.1160834451	0.0658262616	0.0192538002	0.109413705	-0.0333963713	-0.127473543	0.0703392743	0.0514578884	-0.0562957043	-0.1705566239	-0.034361241	-0.0577130715	-0.0807728484	0.0494184352	0.031816906	-0.0191123421	-0.1942432292	0.0462811542	0.0693518349	0.0031145219	-0.0769975855	-0.0012024026	0.0627422505	-0.0398287961	0.0032730974	0.1174795126	0.0942653633	-0.0097834547	-0.0867361833	-0.1983996122	0.0037255769	-0.0133243889	0.1058732969	0.018859195	0.1772293521	-0.1602469255	0.1240739973	-0.0784186989	0.0629985253	-0.071009343	0.0368559384	-0.0456307241	-0.0594895049	-0.1244753244	-0.0561595789	0.005854492	-0.0052306444	0.1400724414	0.1652768938	-0.1090686174	-0.0194258261	0.1121433058	-0.1841641806	-0.0453040354	0.178158718	-0.0152746842	-0.0196372886	-0.0354109602	0.0459419758	-0.1323160111	0.0162293988	0.0752140941	-0.0438436976	-0.0110403572	-0.0580049493	-0.0138080027	-0.0512254153	0.1162773172	-0.10277748	-0.1183941873	-0.0108186542	-0.095729641	-0.0952025944	0.0678197662	0.0641621651	-0.1086708197	-0.1010288143	-0.0179678483	0.0916820377	-0.0585554891	-0.0213891856	0.0404605364	0.0077575341	-0.2109843074	0.0393743293	-0.0873405054	0.0005249201	-0.0592338355	0.1528624953	-0.0531838908	-0.0464713058	0.1386091989	0.0841214508	-0.0393304405	0.0105304385	-0.0933901859	0.1489236358	0.1096304233	0.014081145	0.0446270095	-0.0597082084	-0.1376794658	0.0019663076	0.166497463	-0.1417081941	-0.0522530932	-0.0269901453	0.0455420224	-0.0852808718	0.0324035386	-0.1009834314	-0.087547979	-0.0145746	-0.0044387	1.9702057690000003e-05	0.00021241896516	0.0097955	-0.0329046	0.0010827127011599	9.595182025e-05	0.0291949	-0.0185164	0.00085234218601	0.0003428570689599	-0.000625514	0.000544276	3.91267764196e-07	2.96236364176e-07	-0.000364304	-2.872199999999996e-05	8.249532839999977e-10	1.32717404416e-07	8.877759999999998e-05	2.0041999999999985e-05	4.016817639999993e-10	7.881462261759997e-09	0.0	0.0	0.0	0.0	0.0	0.0	0.0	0.0	0.0	0.0	0.0	0.0	0.0	0.0	0.0	0.0	0.0	0.0	0.0	0.0	0.0	0.0	0.0	0.0	0.0	0.0	0.0	0.0	0.0	0.0
570.6006878663175	1.9927539656557656	3.97106836763678	325585.14499351464	826.2611896521377	-1.8433626034598087	3.397985687834126	682707.5535253658	533.6427425533707	0.3652127174863153	0.1333803290137392	284774.57667988306	564.6312897217334	552.8256597172852	1.420817	60.463749	0.0751663149	0.0420318	0.1101091124	-0.0552504342	0.0705694659	0.0667465049	-0.1398990591	0.0224078392	0.1068430336	0.1402953088	0.0214930264	0.0938422929	-0.0079820073	-0.1443443686	-0.055718998	0.0212933103	-0.0384787806	-0.1519855349	-0.0074114523	-0.0888767409	-0.0327952276	0.0788280914	0.0717009389	-0.0351065326	0.0490671404	0.117769093	-0.040656545	0.0813379119	-0.1476154069	-0.1133532848	0.0453870169	0.0151198337	-0.0081117467	0.0208983726	0.1457526268	-0.0244913522	0.0055678175	0.0132977819	-0.030184568	0.0966625098	0.0427364102	-0.0657011596	-0.0086468585	-0.0149241192	0.0281592113	-0.0351991691	-0.0972924758	0.084666132	-0.0392617785	0.0337720215	0.0169612893	0.0577116901	-0.1115515916	-0.0008712588	-0.042236752	0.1916191856	0.0504399225	-0.0931375461	0.0157735202	-0.20032054	0.0233625498	-0.1248266477	0.0195008666	-0.1277518527	0.0621387341	-0.1018583449	-0.0784516534	-0.010764361	0.0287596529	0.0136501935	-0.148552367	-0.0178852858	0.034150411	0.2068511583	0.0567327612	-0.0662597591	-0.006142813	0.0152910728	-0.0005715109	-0.0478787404	0.0070535131	-0.1479419359	-0.0098480882	-0.0016260884	0.0442346488	-0.100254054	0.0114760905	-0.1392405774	0.0569204934	-0.0864268841	0.04491885	0.0924734339	0.0693058696	-0.2462597652	0.015045788	-0.0278988919	0.041422466	-0.0618784752	0.1245747669	0.1115478063	0.0469003331	0.0411478476	-0.1906834264	0.0321078323	0.0520787972	-0.0438425504	-0.0416166017	0.0716856312	-0.0130137678	-0.0030121468	-0.0288125409	-0.0058904082	-0.0299298059	0.1073800356	-0.0856152088	-0.0906468936	0.0546335953	0.0688206897	0.1523372391	0.0906234101	-0.0417215008	0.1275787693	-0.2199701424	0.0381034501	-0.0819595686	0.078426686	-0.1574620165	-0.0288348814	0.074696966	-0.0257180719	0.102497535	-0.0444965331	0.0747430492	0.0386768007	0.132234686	0.0192340421	0.0804545591	0.0252700436	-0.0041603729	-0.0141142897	0.0314396755	0.0753479921	-0.042201217	0.1122288446	-0.0245441682	-0.1295812435	0.1530920801	0.0357149793	0.1080341165	-0.1523906322	-0.0795740896	-0.1353029706	-0.1221407913	0.0976577832	-0.0163097721	-0.1372350254	-0.0785826177	-0.0372537867	-0.0635357716	0.0216143219	-0.0266632491	0.1673038661	-0.0331175534	-0.0749570827	-0.008109853	-0.0208229836	-0.07167838	0.1030640103	0.1017676113	-0.0335240692	0.0887165852	-0.0310983883	0.0059358845	-0.0321055222	0.0605124762	0.0320067617	-0.0514371391	-0.0912633378	0.0586582893	-0.1336011454	0.025122357	-0.1564135365	-0.1261873803	0.0197845523	0.1005695651	0.0295405759	-0.0431873554	-0.0373089797	-0.0118909391	0.0120001622	0.1106290904	0.0163442404	-0.1064721955	-0.0132890179	0.094894974	-0.0995745035	-0.006590542	0.1044132306	-0.0828132109	-0.0590795625	0.0572194059	0.0298699563	-0.1036423034	-0.0820411548	-0.0101391	0.0044355	1.967366025e-05	0.00010280134881	0.0293783	0.0195827999999999	0.0003834860558399	0.00086308451089	0.0396006	0.0104057	0.00156820752036	0.00010827859249	-0.00131519	-0.000689676	1.7297247360999995e-06	4.75652984976e-07	-0.000327345	3.695899999999998e-05	1.3659676809999987e-09	1.07154749025e-07	5.66302e-07	-8.821129799999999e-05	7.781233094844802e-09	3.2069795520400004e-13	0.0	0.0	0.0	0.0	0.0	0.0	0.0	0.0	0.0	0.0	0.0	0.0	0.0	0.0	0.0	0.0	0.0	0.0	0.0	0.0	0.0	0.0	0.0	0.0	0.0	0.0	0.0	0.0	0.0	0.0
570.7398537397012	0.1391658733837175	0.0193671403146529	325743.9806468155	826.5977779540966	0.3365883019589546	0.1132916850156124	683263.88651865	534.4110298754972	0.7682873221265254	0.5902654093403474	285595.14885258954	565.2297615161315	537.1773915100221	1.234903	52.552036	0.0537233298999999	0.0317748	0.0866614904	-0.0526510505	0.1218843672	0.0983191802	-0.0366122872	0.0194253644	0.0648175547	0.0560428463	0.110299637	0.0511799368	0.0431488855	-0.0602022993	-0.149249081	0.0685264185	0.1157462509	0.13012555	-0.0673886117	-0.0012120995	0.1064781427	-0.120156746	-0.0601915273	0.0722699541	0.0288775787	0.0857883883	-0.0037380655	-0.0471580397	0.0893327649	0.085323157	-0.1082188711	-0.0124189915	0.0857449859	0.0109340034	0.0442282117	0.0082896762	0.0504096986	0.033085787	0.0408342887	0.0130627875	-0.1311296183	-0.0155479106	0.0581614094	-0.0527642798	-0.14989297	0.0344368506	-0.0175881611	-0.1045367448	-0.012109714	0.0652765412	0.0101170459	-0.0911882367	-0.0639592304	-0.0306192075	-0.1765539595	0.0779151392	0.1062872647	-0.0707364824	0.0691455758	-0.075956729	0.1276637849	-0.015654883	0.0282928536	-0.0709786015	-0.0281953923	0.0240607774	-0.2000927879	0.0022814026	-0.0995252756	0.0877545246	-0.0261160502	-0.0187612361	-0.1776273941	0.1700985194	-0.065926449	-0.0401044136	-0.0022418237	0.0212485973	0.0830332354	0.2153478096	0.0097931235	0.0164154365	-0.0446423251	-0.127724029	-0.1802774476	-0.1007115264	-0.0774953636	0.0966268591	0.0370969695	-0.0500480479	0.0951931889	-0.1425586394	-0.0233932102	0.1047492476	-0.1350882348	-0.001306709	-0.0025477208	0.0598607464	0.0152833631	0.0636827566	0.0567474578	0.1259944015	0.0886390021	-0.0856518179	-0.0335285353	0.0203583031	0.0701330617	0.0090829736	0.0694122859	-0.046968895	-0.0210674039	0.0173018467	-0.1533148364	-0.0118589463	-0.0242624263	-0.0522183453	0.0101841575	-0.0556920885	0.2121697796	0.0591046151	-0.0615422476	-0.0675697788	-0.1995531341	-0.1010538585	0.0127499535	0.108319047	-0.0447217852	-0.0108667417	-0.08406506	-0.1119905032	0.1385049526	-0.0574034344	0.0820519689	-0.0127829928	0.0541966853	-0.0581891501	0.1370500676	0.0591755637	0.0240718917	0.126532903	0.0563915436	0.1569447675	-0.0352943395	-0.1152646277	0.0852918804	-0.0701038629	0.0615570646	-0.0347423315	-0.0021765011	-0.0348669514	0.0238825634	0.148191695	0.0831620722	0.0120049776	0.0643800897	0.2365281462	-0.1023007616	0.0667429647	-0.0500232454	0.0295501756	0.0673029956	-0.0542808863	-0.0253563276	-0.041875366	0.0418680116	0.0056740194	0.0289179072	-0.0621975514	-0.0814805972	0.0488082278	-0.0501893326	0.1785244984	0.0351837005	0.0927387488	-0.0143824331	0.0118825044	0.0233260113	-0.0544837633	0.0680606531	-0.0859282187	0.1222342689	-0.1294813897	-0.1844955298	-0.0684551654	-0.0216308777	-0.0135165074	-0.0645978945	-0.0714944615	0.0124905835	0.0546580032	0.0016926702	0.0335253971	-0.0108301875	-0.0184581102	0.0310895364	0.0138977029	0.0418105664	0.0099811833	-0.1713380604	-0.0762460707	0.1479826182	0.0273217542	-0.1060982907	-0.0761730556	-0.0101373	1.7999999999997185e-06	3.2399999999989865e-12	0.00010276485129	0.0220511	-0.0073271999999999	5.3687859839999984e-05	0.00048625101121	0.0291971	-0.0104035	0.00085247064841	0.00010823281225	-0.000789305	0.0005258849999999	6.23002383025e-07	2.765550332249999e-07	-0.000511385	-0.00018404	3.387072160000002e-08	2.6151461822500005e-07	1.04579e-05	9.891598e-06	9.784371099360399e-11	1.0936767241e-10	0.0	0.0	0.0	0.0	0.0	0.0	0.0	0.0	0.0	0.0	0.0	0.0	0.0	0.0	0.0	0.0	0.0	0.0	0.0	0.0	0.0	0.0	0.0	0.0	0.0	0.0	0.0	0.0	0.0	0.0
569.9873854175629	-0.7524683221382702	0.5662085758215836	324885.6195351494	827.4246301933669	0.826852239270238	0.6836846255862069	684631.5186506299	533.6548283568902	-0.7562015186069857	0.5718407367435113	284787.47582862194	564.8607639896273	572.8942389869763	1.324127	56.349049	0.0245080249999999	0.0132328	-0.0117502906	-0.1558538646	0.0872960193	0.0660564514	0.0048231409	0.0999534138	0.0728944208	-0.0165019805	0.1584487467	-0.0936901222	0.1190911223	0.0173051883	-0.0612094532	0.0329979783	-0.0032505811	0.0184807279	0.0675134643	-0.0973927035	0.1083870734	-0.0458616322	-0.1187530861	0.0567410684	0.1168535714	0.1394826324	0.0522491706	0.032637138	-0.0751449862	0.1148540008	0.1104770665	-0.1221043191	-0.0585010946	0.0652036405	-0.1435988215	0.045095843	-0.1052388773	0.0585044674	-0.0783894852	0.0723537767	-0.059525452	0.0436214571	0.1032265463	0.0706647702	-0.1481042199	-0.0982027794	0.0073179012	-0.0217424523	0.2311875274	-0.1151222102	0.0408158254	0.0938124428	-0.009241143	0.1281399684	-0.1642955292	0.0080034641	0.0091303767	-0.1181750201	-0.0381666722	0.0646663097	0.0535778406	0.1694003399	0.0166594242	-0.0172118769	-0.0469133191	0.0776280173	-0.0692170956	0.1458639912	-0.0410363204	-0.0883291044	0.0016953609	-0.0337208588	-0.1367546741	-0.0340863704	-0.0324453406	0.0676378359	0.0964487395	-0.1302955378	0.0298942602	-0.0951925591	0.0259313027	-0.0192687703	-0.0017775031	0.0689304798	0.019361636	0.0095192253	0.0495129339	-0.0995553927	-0.0742077873	0.0750585521	-0.1033960137	-0.0003679423	0.1024946533	0.0641752123	-0.0054083476	-0.0777697481	-0.1904898171	-0.008590699	-0.1237872994	-0.0102329917	-0.063511221	0.0394903463	-0.1353213056	-0.0066010639	0.0131249045	0.1416573647	-0.0103438541	0.0967153043	-0.0317249062	-0.0993208767	-0.1492343713	-0.0075987879	0.0426991781	-0.2272763005	-0.1456457639	-4.9033e-05	0.1184660718	-0.1440955726	0.1206494081	-0.0843009071	0.1001015595	-0.1856465864	-0.0425405201	-0.0267677881	0.0140822238	0.1148107468	0.0370346253	-0.0833148717	-0.0711296822	0.0613729105	-0.0175942498	-0.0386999873	0.1428758328	0.0936049759	0.0144721582	0.0853089198	0.0383055017	-0.0959232203	-0.125266148	-0.1258413798	-0.0121003353	-0.01961593	0.0389515372	0.0481640656	-0.0640025229	-0.0477718845	-0.0262499088	-0.1657057111	-0.0110628098	0.0313259274	0.0309280541	0.1167635546	0.1240585503	-0.0880212286	0.0425284405	-0.1054936717	0.0567018898	-0.0825275086	0.0712453123	0.0931169225	0.0181132848	0.0550091777	0.2046020905	0.011936306	0.0306648709	0.0582157151	0.0465453853	-0.0509780906	0.0656995086	-0.0538100258	-0.0490719498	0.264824148	-0.1235009576	-0.0152137899	0.0104945548	-0.0062696253	-0.1280649996	0.0651571617	0.1496270522	-0.1028560389	-0.006565474	-0.0517465446	-0.0493599657	-0.0741434443	-0.1609915245	-0.0360229429	0.0160094284	-0.0226086962	-0.0364343598	0.1406033816	0.0232543011	0.0837690069	-0.0094155539	0.0946244538	-0.1414935642	-0.0589589021	-0.0280552746	-0.1474552973	0.0819808774	0.1424909247	0.113094121	0.0247601796	-0.1083465856	-0.0699695221	-0.0132886	-0.0031512999999999	9.930691689999996e-06	0.00017658688996	0.0301333	0.0080821999999999	6.532195683999997e-05	0.0009080157688899	0.0291907	-6.400000000000156e-06	0.00085209696649	4.096000000000199e-11	-0.000977494	-0.0001881889999999	9.55494520036e-07	3.541509972099998e-08	-0.000511385	0.0	0.0	2.6151461822500005e-07	-6.67156e-05	-7.71735e-05	5.955749102249999e-09	4.45097128336e-09	0.0	0.0	0.0	0.0	0.0	0.0	0.0	0.0	0.0	0.0	0.0	0.0	0.0	0.0	0.0	0.0	0.0	0.0	0.0	0.0	0.0	0.0	0.0	0.0	0.0	0.0	0.0	0.0	0.0	0.0
570.0614845406428	0.0740991230799181	0.0054906800412128	324970.09615668154	826.211132310748	-1.2134978826188672	1.472577111120474	682624.8351542084	533.2335801299828	-0.4212482269074371	0.1774500686726596	284338.05097823875	564.2759970741888	593.6867314551448	1.320858	56.209927	0.060921755	0.0299881	-0.0598909436	-0.0996471588	0.0242418805	0.0310621264	0.0110486899	0.0800966653	0.0041860232	-0.0590901285	-0.0200201812	-0.0178636052	0.0100060319	-0.0631377644	-0.0565942769	0.1026560124	-0.0029026552	-0.04822622	0.0157241947	0.0083877851	0.0542446113	0.0483213063	0.0164454914	-0.0922955179	0.04940997	-0.0221693968	0.0198700569	0.0164417787	-0.1353543966	-0.0939737457	0.0686965713	0.0934147778	0.0247721647	-0.0067892018	0.0865054758	-0.0176665698	-0.0875663384	0.086438975	-0.0294531856	-0.0092146691	-0.0216617644	0.097747638	0.0025957963	0.0604665761	0.0828851374	-0.0194975043	-0.0524431008	-0.0748052597	-0.0409044475	-0.0340446383	-0.0026243652	0.0115325729	0.0255894275	0.1145266177	-0.0794198196	-0.036087114	0.0514695278	-0.0029015686	-0.0480740977	0.1303126407	0.1649162045	0.0561379161	-0.0593145468	-0.0495222784	0.0513300074	-0.0049775479	-0.0600689441	-0.0138031034	0.0323284057	-0.0632538481	0.0351459115	-0.0157107805	-0.0114606934	-0.0383621256	0.1810235102	0.0193446636	0.0144500084	0.1440943998	0.0247345559	-0.0368860735	-0.1300770543	-0.1840772049	-0.0719894523	-0.0513500969	0.14657247	0.1697370738	-0.0330442289	0.0926806254	0.0062273681	0.0019683474	0.0793141254	0.1009895592	-0.171773925	0.0548830588	-0.0444936003	-0.0281188942	-0.0373910384	0.0532144999	0.1274052053	-0.1067335496	0.0528454715	0.1463811237	-0.0579878277	-0.1423357056	-0.038953909	0.0154923095	-0.0019556644	-0.0415568476	0.1471658258	-0.0037362247	-0.1236489781	0.0443036885	-0.0668225534	0.0172026779	0.0286042567	0.0254594503	0.0864665024	-0.0954534051	-0.0012116043	0.0361750269	0.0981643207	-0.0291886487	-0.0369647273	-0.0815830536	-0.054184719	-0.021131992	0.0058376077	-0.0150298015	-0.0882002041	0.0207882433	0.0806888301	0.0758708262	0.0388129147	0.0930679224	0.1148539794	-0.034766414	-0.1914628142	-0.0532045781	0.0710417804	0.0765430061	-0.1720927246	-0.0032294838	0.0648063394	0.1589602734	-0.0411139553	0.0343601122	0.0049879906	0.0326497171	-0.1452130639	-0.0700988727	0.0180129065	-0.0240338975	-0.1231522284	-0.1020643527	0.1241302506	-0.0085390807	0.0142931	-0.0408626109	0.0609588241	0.0421591735	0.0347122599	0.1406982764	0.0607055785	0.0086643051	-0.0651614843	0.1062799311	0.0464590665	-0.016186845	-0.0908644636	0.0643531918	0.0607347326	0.1106745868	0.0111778206	0.0560217072	-0.2745344014	0.1736656872	0.1022959362	0.0751578683	0.0811090946	-0.0226263405	0.0870529151	-0.0003979231	-0.0125388513	-0.0046299274	-0.0805714562	-0.0620897919	0.0264714262	0.0703838749	0.0631070771	0.0219612085	-0.0251978789	0.1432279159	-0.0923604805	-0.0304480811	-0.0812365417	-0.0212902715	0.0936863644	-0.1891553009	0.0366756202	-0.1236880686	-0.0136348837	0.0221864862	-0.110382787	-0.063457872	-0.0162334	-0.0029447999999999	8.671847039999995e-06	0.0002635232755599	0.00668705	-0.02344625	0.0005497266390624	4.47166377025e-05	0.0162901	-0.0129006	0.0002653673580099	0.00016642548036	-0.000797677	0.0001798169999999	6.36288596329e-07	3.233415348899999e-08	-0.000347349	0.000164036	2.6907809296000015e-08	1.20651327801e-07	2.20335e-05	8.874910000000001e-05	7.87640275081e-09	4.8547512225e-10	0.0	0.0	0.0	0.0	0.0	0.0	0.0	0.0	0.0	0.0	0.0	0.0	0.0	0.0	0.0	0.0	0.0	0.0	0.0	0.0	0.0	0.0	0.0	0.0	0.0	0.0	0.0	0.0	0.0	0.0
569.508292131402	-0.5531924092408644	0.306021841641712	324339.6948064263	827.6677485923768	1.4566162816288395	2.1217309919062277	685033.9020599739	533.1431528318775	-0.0904272981052827	0.0081770962426216	284241.6214115147	564.0751175912371	581.0654294997006	1.302386	55.423843	0.076620545	0.0390676	-0.1480854312	-0.0265842355	0.057176427	0.0808907748	0.008779024	0.0865820789	-0.0784246669	0.038327937	0.0251274748	-0.1173802808	-0.0341745297	0.002083231	-0.0569847236	0.0035393757	0.0968907252	0.0077197864	-0.0090840666	0.0351984464	0.0860401078	0.0043071698	0.1000126361	-0.02528684	0.0146393196	0.1250647574	0.0510440613	0.0685846934	0.1120177053	0.0461702923	-0.008823793	-0.054563009	-0.0850461981	-0.0733954764	0.1281303654	0.0127566986	-0.1968893224	0.0473945443	0.0635979663	0.059452722	-0.1789013494	0.0025326291	-0.0538153321	-0.0850915721	-0.0487342238	0.0795223305	0.1313743642	0.0613284176	-0.0292944989	-0.0458324704	-0.0881026474	0.205849543	0.1351783237	0.1171933808	0.0175384798	-0.0870475081	0.0554370267	0.0538595263	-0.0414568592	0.0136594202	0.046879418	0.0119430123	-0.0032856065	-0.1239113216	0.0134434862	0.0718981032	0.1109766766	0.0007003121	-0.0038018694	0.0244344824	-0.0933477135	0.1113973707	-0.0423738601	-0.043884919	-0.0935474344	-0.1119119166	0.0049263865	-0.0032525166	-0.1491261975	0.0656376723	-0.0752489777	0.0599227934	-0.078579647	0.0741666306	0.0497314141	-0.0112831226	0.0727261091	0.1076149059	-0.0616228317	0.1201087378	-0.0994639948	-0.1685045656	-0.0618326533	-0.0388724615	-0.1424989136	0.0593889241	0.107955341	0.0208403761	0.0450496086	0.0611078389	0.1124514864	-0.131031185	0.0232411647	-0.0709998406	0.0206610284	-0.0692570601	-0.0992837452	-0.0325193237	0.0136418098	0.0331954897	-0.1132061779	-0.0359675132	-0.0890409263	-0.1302768179	-0.0629455696	0.1316596479	0.0657161869	-0.0569076074	-0.0488966338	-0.0052952789	0.0473468295	-0.1025717277	-0.0346138151	-0.0649682328	0.084334498	0.0337292111	-0.0099898915	-0.1084584291	0.0245590685	-0.0534744198	0.0843544155	0.00062487	0.0332906423	0.0131287379	-0.0553435376	0.0055481229	-0.1054825208	0.0852564434	0.1636896279	-0.0159380698	0.1243576909	-0.092028565	-0.109791483	-0.1278207377	-0.0797468112	-0.0551599409	-0.0817855643	0.0357695994	-0.0482248167	0.1688796815	0.015180383	0.103257424	-0.1166284416	0.0829940727	0.0564389213	-0.0174503459	-0.0260111504	-0.0394025714	0.0351215218	-0.1207595515	0.0826057971	0.0635400255	-0.0198618769	-0.0150279998	0.0059666647	0.0851288302	-0.1065694664	-0.0899437675	-0.0263243995	-0.1061542705	0.0215149621	0.0049457228	-0.0574007141	-0.0548554167	-0.078010808	-0.0951560836	-0.0162784448	0.1595867619	0.0169542013	-0.1203929819	0.0484880995	0.0325510397	-0.0101919032	-0.0261442443	0.0477812889	0.089533246	0.0521851743	-0.1082982502	-0.0740388084	0.0659307368	0.0871458466	-0.0435886903	-0.099629627	-0.1394651513	-0.1589416245	0.0089908431	-0.0500593468	-0.0276919417	0.0660429491	-0.1174277255	-0.0442367011	0.0196019337	-0.1122029089	-0.05666678	-0.0101419	0.0060914999999999	3.7106372249999976e-05	0.00010285813561	0.0220087	0.01532165	0.0002347529587224	0.0004843828756899	0.0356021	0.019312	0.0012675095244099	0.0003729533439999	-0.00132371	-0.000526033	1.7522081641000002e-06	2.767107170890001e-07	-0.000511385	-0.000164036	2.6907809296000015e-08	2.6151461822500005e-07	4.98724e-05	2.78389e-05	7.750043532100002e-10	2.48725628176e-09	0.0	0.0	0.0	0.0	0.0	0.0	0.0	0.0	0.0	0.0	0.0	0.0	0.0	0.0	0.0	0.0	0.0	0.0	0.0	0.0	0.0	0.0	0.0	0.0	0.0	0.0	0.0	0.0	0.0	0.0
568.5482971371888	-0.9599949942131616	0.9215903889143282	323247.1661775972	824.8948416977211	-2.772906894655762	7.68901264642946	680451.4998595082	532.7092777084322	-0.4338751234453184	0.1882476227446903	283779.1745566395	563.5004457801332	536.0890063831775	1.472891	62.679783	0.05296141	0.0310692	-0.0534814194	0.0886858028	0.13483533	0.1172685185	0.0922132243	-0.0166623722	-0.0456707109	-0.1730023641	-0.0488071967	0.2075972934	-0.1369765857	-0.0080206694	0.1136960569	0.0615830499	-0.0137742731	-0.0385461712	0.0289475785	0.0531833813	-0.0855616601	0.1044190503	0.120063495	-0.06530815	0.0323022492	0.0678469009	0.0357054881	-0.2518049042	-0.0527414933	-0.0252072634	0.0234270314	-0.0182637566	-0.1313997761	-0.012407425	-0.0952335423	0.077202479	0.0623814036	0.0785292771	-0.0276686443	0.0345989981	0.0191478227	-0.0610799773	0.0255474088	-0.0114549389	-0.1482190219	-0.0441010433	0.0006490107	-0.0474149442	-0.1011195474	0.0411185399	-0.1059167214	0.086064268	0.0575466445	-0.028198511	0.0863246907	-0.0504857394	0.064727447	0.0279127711	0.056050161	0.0931868328	0.0507878605	-0.1582386126	0.0975934817	-0.1167343276	-0.0040036945	0.1306492012	0.0899761171	-0.003089179	-0.0392949378	-0.0311076277	-0.1287519348	-0.1645400503	0.1162467415	-0.1166223936	-0.0625686129	0.1032320567	0.0694054654	0.0094628627	0.0752419858	0.0494180819	0.0046673967	0.00205233	-0.1007475999	-0.1587913278	-0.1167423121	-0.095843574	0.0508349547	0.0860474424	0.096048717	0.0461852363	-0.1897396506	0.0153176095	-0.0018515703	-0.0835567326	-0.0595455301	0.0438441536	-0.0706605261	0.0618586803	-0.0059990086	-0.0541665099	-0.0605411776	0.1350298799	0.0270473488	0.0573331292	-0.180524882	0.0529914264	-0.0281426458	-0.0783140667	0.0345175566	0.0804237191	0.0289425799	0.0077299676	-0.0414081561	0.0841541669	0.0036486442	0.0480235727	-0.044915754	0.0153895472	-0.0755803668	0.0891925977	-0.0426256341	-0.0703754272	0.0617289614	-0.083798193	-0.1059914375	-0.2613799127	-0.1289832529	-0.0732950075	-0.1405613445	-0.0189466402	0.0772042917	0.0819541705	-0.1383976999	-0.0739710209	-0.0353139978	0.0421754036	-0.0371467829	0.004343375	0.093496604	0.000565609	0.0961096951	0.0641023278	0.0360126524	0.0272126447	-0.0610348708	-0.0352084165	0.0613197935	0.0301934773	0.1690701001	0.1715290689	-0.1321155799	-0.0322884565	0.042737916	0.0706801252	-0.0291627922	0.0264300236	0.0377188045	-0.0695640886	-0.0784744419	0.0255414759	0.1562177721	8.78187e-05	0.1097314624	0.0035690937	-0.063623188	-0.0970465749	0.0703579765	-0.0116468042	-0.1744217445	0.1302102707	-0.0088978705	-0.0783010897	0.0917937881	-0.0594586799	0.0571281757	-0.0197208685	0.1446496927	0.0320887604	-0.0869590869	-0.0721895198	0.1647311392	0.0413378153	-0.0030346204	-0.0310676653	0.0042225126	-0.0100140646	0.0719221247	-0.0143357373	0.188459786	-0.0854428897	0.0798602845	-0.0075434109	0.0356462698	-0.0171552928	-0.1759763004	-0.135611985	0.0133752795	0.0654525565	-0.1030748262	-4.26191e-05	-0.1630575944	0.0170077871	-0.1138033884	-0.0496261511	-0.0101478	-5.899999999999656e-06	3.4809999999995936e-11	0.00010297784484	0.00507713	-0.01693157	0.0002866780626649	2.57772490369e-05	0.0326927	-0.0029093999999999	0.0010688126332899	8.464608359999998e-06	-0.000830373	0.000493337	6.895193191290001e-07	2.43381395569e-07	-0.00034473	0.000166655	2.777388902500001e-08	1.1883877290000001e-07	4.75736e-05	-2.298799999999999e-06	5.284481439999996e-12	2.26324741696e-09	0.0	0.0	0.0	0.0	0.0	0.0	0.0	0.0	0.0	0.0	0.0	0.0	0.0	0.0	0.0	0.0	0.0	0.0	0.0	0.0	0.0	0.0	0.0	0.0	0.0	0.0	0.0	0.0	0.0	0.0
566.5796957398517	-1.9686013973371248	3.87539146159768	321012.5516246629	829.138681354186	4.2438396564649565	18.0101750297846	687470.9529177584	531.589415719878	-1.1198619885541348	1.254090873408421	282587.30690540135	562.9474243298766	538.9379522444112	1.282921	54.595474	0.11774009	0.0597277	0.1022708994	-0.0242898241	0.1307460481	0.130032411	0.1056405644	-0.0847894342	0.1006929393	-0.1140611088	-0.1925478096	0.1233247078	0.1020170401	0.1165991197	-0.0247294513	0.1068545857	-0.0407335173	0.0345410132	-0.1295122095	-0.0407874666	-0.0299774106	-0.0472220442	-0.0792265504	0.0056921865	-0.0874142383	0.0005794437	-0.0136391217	0.1104460768	0.0008546961	0.0899127509	0.0065726241	-0.3006700505	-0.0343718511	-0.0011453816	-0.0152522552	0.1505273747	-0.0779092274	0.030105004	0.0681996663	-0.1157688036	0.1201777595	-0.1076944249	-0.0299542271	0.0559501811	-0.0200387413	0.0469895591	0.0414799641	-0.057973407	0.0623931099	0.0141901616	-0.0192723387	-0.002936171	-0.1201246812	0.0337068102	0.0812248772	-0.0230637905	0.0129702922	-0.0153390618	-0.0445580628	-0.1327650906	-0.0005515627	-0.0190157193	-0.0438053055	-0.0589557886	0.0250753316	0.1330597223	-0.0171403672	0.060289897	0.0037840752	-0.0915700199	0.0299845827	0.0999565469	-0.0115951983	0.0270732486	0.1558842249	-0.0561965554	0.1463747803	-0.0796907371	0.0316568222	-0.0865279192	0.2047712052	0.1495862224	-0.0145386853	0.1217151105	0.0929197094	0.0839199048	0.0821575656	0.1185984301	0.0533024661	-0.0124747848	-0.0801082375	0.0739585816	0.0571660478	0.0052722084	0.0997530318	-0.0135080899	-0.0264345767	-0.0498732245	0.1085247511	-0.1608569629	0.1605747773	-0.0512993411	0.020211931	0.0100914339	0.0733358689	-0.057718136	0.0558041779	0.0753596193	0.1596307315	-0.0110113531	0.022318896	-0.036256679	-0.0726217795	-0.0782517334	0.0419793376	-0.1237450374	0.0181348561	0.0339053989	-0.0916102589	0.1257543272	0.0644811432	-0.0488224382	0.0282400224	0.0500206346	-0.1059686605	0.0622361899	-0.110003343	0.1223807756	-0.0463733286	-0.0320782802	0.1099040378	-0.1471535809	0.0668434019	-0.0071533116	-0.1371299928	0.0592367623	0.1617476978	-0.0741995509	0.0533448518	-0.149640181	0.0366559673	-0.1410611725	0.0072319458	0.0197982117	-0.0581789938	0.0677143298	-0.0299655592	0.0060634609	-0.0054397927	0.119065323	0.0964469776	-0.1121374913	-0.0860892193	-0.1779052987	0.0007978243	0.0840436262	0.0525828336	-0.0327792754	-0.0588825695	-0.0806596592	-0.0516506709	0.1255738611	0.0912117865	-0.006404628	0.1023129404	-0.1287857138	-0.072214717	-0.0006752525	0.104809286	-0.0275938076	0.0332553481	-0.0122546846	0.0555439967	0.008922077	0.0338803353	-0.0307005188	-0.0563059762	-0.0862071974	0.0809385855	-0.1622970502	0.0096936241	0.0546464289	0.0658416353	-0.0126245111	-0.1427260033	0.1062172385	-0.0092259593	-0.038889066	-0.0624868308	-0.1199136711	0.1729474302	0.055405843	0.0328897525	0.1044800514	-0.0821103177	-0.0881736874	-0.1016754683	0.1221218635	-0.0912292593	0.0529209228	-0.0027953598	0.0144053161	-0.1151810923	-0.0423669894	-0.0183026	-0.0081547999999999	6.650076303999998e-05	0.0003349851667599	0.0476848	0.04260767	0.0018154135428289	0.00227384015104	0.0547315	0.0220388	0.00299553709225	0.00048570870544	-0.00148532	-0.000654947	2.2061755024000003e-06	4.2895557280900003e-07	-0.000511385	-0.000166655	2.777388902500001e-08	2.6151461822500005e-07	-2.96008e-05	-7.71744e-05	5.955888015360001e-09	8.7620736064e-10	0.0	0.0	0.0	0.0	0.0	0.0	0.0	0.0	0.0	0.0	0.0	0.0	0.0	0.0	0.0	0.0	0.0	0.0	0.0	0.0	0.0	0.0	0.0	0.0	0.0	0.0	0.0	0.0	0.0	0.0
567.8789589831036	1.2992632432519713	1.688084975265631	322486.51205573353	826.5843071731675	-2.5543741810184883	6.524827456653873	683241.6168649454	531.7963242582999	0.2069085384218851	0.0428111432718807	282807.3304946389	562.6959450217183	588.7055610076932	1.601908	68.170181	0.107089155	0.0518663	-0.0504408509	-0.1020272496	0.0200222703	-0.0296761219	-0.0302165353	0.1046228558	0.0191497227	0.119653213	-0.1007795436	-0.0399047218	-0.0442637058	0.0804695772	0.0066417447	0.0590317471	0.1095198198	0.0001111385	0.0464530254	-0.0404897844	-0.0084859759	-0.0576964961	-0.0598514707	-0.0019046886	0.0008815616	0.145881617	-0.0164394735	0.0562905154	-0.046104112	-0.0194400089	0.0328908332	0.0106357224	0.004706106	-0.1071029609	-0.0478080193	0.0148608065	0.0996359219	-0.0361385069	0.0075895871	-0.1287123385	-0.1209763938	-0.1383110351	0.0001977753	0.0322715174	0.0390557315	0.0456865286	-0.0525524044	0.0035940244	-0.0489220857	-0.1058666513	0.1908482688	0.0118582937	0.0275948105	0.1354248113	0.1072404537	0.0068931842	0.0438607875	0.058147095	0.0818699819	0.0682354857	0.1000516097	0.1742870067	0.0281057269	0.0818834868	0.0285589058	-0.0802475347	-0.1324095073	0.0321420567	-0.1075958491	-0.029496932	0.0605725786	-0.0218270669	-0.0400199102	0.0207598976	0.0209781784	-0.1522429238	0.0284339004	-0.0157730662	0.0008526167	-0.0205138229	-0.076728368	-0.0960329588	-0.0986631741	-0.145224085	-0.0282640015	0.0280373678	0.0329501391	-0.0280738491	0.1189529185	0.2250048396	0.0078453738	0.2549830511	-0.0128921725	0.0392959757	-0.0255073561	-0.012917055	0.0167002705	-0.0257393467	-0.0281720893	0.1112890255	0.0615386687	0.1123283053	-0.0524862688	0.0318966563	0.0703108989	-0.043628971	0.1534151327	0.0762069872	-0.2148450483	0.1101578039	-0.0646798116	-0.0831050456	0.0672773055	0.0580308754	-0.1228389079	0.0460624869	0.1226064023	0.0912498323	-0.0677811163	0.0155370707	-0.0105411528	-0.0502120416	-0.0407811825	-0.1157674838	0.0837618202	0.1045788522	0.1084871208	-0.0223398398	-0.0417153975	0.0394854298	0.0078818934	-0.0028579849	-0.0218763364	-0.0299153395	0.0511846642	0.0961336559	0.041006717	-0.1178493672	0.1126494815	0.0513650355	-0.2079299989	0.1376842985	-0.1268819713	0.1945767794	0.032752752	-0.0976704802	-0.0160893882	0.0094425813	-0.0747511029	0.0237595875	-0.0217721369	-0.0593079512	0.0456112866	0.1044611709	0.0245001332	0.0960854843	0.0566842413	0.0854302592	0.093869222	-0.0088374575	-0.1122774452	0.0517408589	0.0618002002	-0.0421479416	-0.0401285931	0.1240098153	0.1445426098	-0.0421325603	0.1850829637	0.0388638849	-0.0389248093	-0.1022877471	0.0523567919	0.0620060774	0.1500748835	0.020598473	0.1240887478	0.0900839571	0.091230718	-0.0140227009	0.0888585155	0.0691703753	0.0833503041	0.1770725267	-0.0586442982	0.0606460821	0.0013885156	-0.0453964595	-0.0486723683	0.010347889	-0.0151180307	0.1187687293	-0.0697804642	-0.025731553	-0.1675292535	0.0310246091	0.0110181718	-0.0694995407	-0.0323588325	-0.1274744437	0.0358482885	0.0117957945	-0.1163333239	-0.0349212611	-0.0280143	-0.0097117	9.431711689e-05	0.00078480100449	0.0219703	-0.0257144999999999	0.0006612355102499	0.00048269408209	0.0215138	-0.0332177	0.00046284359044	0.00110341559329	-0.00107577	0.00040955	1.1572810929e-06	1.6773120250000005e-07	-0.000204711	0.000306674	9.404894227600005e-08	4.1906593521e-08	-8.22819e-05	-5.26811e-05	2.77529829721e-09	6.7703110676100006e-09	0.0	0.0	0.0	0.0	0.0	0.0	0.0	0.0	0.0	0.0	0.0	0.0	0.0	0.0	0.0	0.0	0.0	0.0	0.0	0.0	0.0	0.0	0.0	0.0	1.0	0.0	0.0	0.0	0.0	0.0
569.2169774552325	1.3380184721288515	1.790293431758026	324007.96742327063	824.3540774336981	-2.2302297394694506	4.973924690813973	679559.6449815634	533.3506275332645	1.5543032749645818	2.4158586705656244	284462.89189012704	563.5430172544292	553.3292345098962	1.403276	59.71727	0.072536735	0.0360641	-0.0915904011	-0.0349102331	0.086992466	0.0211255645	-0.1839453392	0.1343164971	-0.0526993388	0.0575554822	-0.0506530329	0.1728517701	0.0132581076	0.0692721421	0.0406128975	-0.1067062903	0.0795364233	0.0439736529	0.0269181445	-0.0391361894	0.0924228421	0.0374758502	-0.0337330202	0.0161771973	-0.0512584831	0.0873245874	0.0176869839	-0.0841491199	-0.0320441337	-0.0992034599	0.0375480046	0.0377768694	0.0189971052	-0.0805223132	-0.0095541169	-0.0021415396	-0.127628101	0.0312702289	0.0988529234	-0.0183217901	-0.0341355996	-0.0061208864	-0.0717527547	0.1067683362	-0.0212059027	-0.1891436917	-0.0117327886	0.1407280944	0.0326504657	-0.0215672912	-0.0628700484	-0.0228963491	0.0889786204	0.0793941303	0.0713876845	0.0984922436	0.1447486904	0.0708239901	0.1063965656	0.028287523	-0.0868654976	0.0177550501	-0.1052718078	-0.0656082638	0.033416651	0.0377822455	0.0207303632	-0.008918324	0.0492172739	0.1404962829	-0.0054996604	-0.1279104758	-0.0424961426	-0.0735374497	0.1010441965	-0.0369452399	0.1059351715	0.0189037844	-0.0450718948	0.0344410369	0.0693690564	-0.0360715993	-0.0135384635	-0.0270295019	-0.0875062231	0.0527843458	-0.0112894802	0.102828256	-0.0563410154	0.016005541	-0.0686668287	0.0486234706	-0.1825699017	0.0092754197	0.1607889749	-0.0465900393	0.117902094	0.0947589643	0.1050245762	-0.0815480493	-0.0471545263	-0.0826772849	0.0093458432	0.0210516726	0.2163034706	0.0257678906	0.143473035	0.0259746014	-0.0159217527	-0.0617693018	0.0164130126	-0.0681202901	0.1032824053	0.0375332162	0.1369840651	0.1309677534	0.0840622637	0.1225787293	0.0698151407	0.1184061586	-0.0958058361	-0.1022499797	0.0989942205	-0.0241129002	0.0170745066	0.0160905246	-0.0146319004	0.034457431	0.0694741689	-0.0591960898	0.0790669947	-0.0594580168	-0.056004517	-0.0614463868	0.0663574153	0.0034835092	-0.0154141495	0.1805444721	0.0403720417	0.0445084859	-0.1059860702	-0.031335381	-0.0176437438	0.019568224	-0.0066476513	0.0925865567	-0.0760780739	-0.0411029648	-0.0019045998	0.0526643498	-0.1609277567	0.0034181124	-0.114251598	-0.0766740746	-0.0632678184	0.0283577255	0.0860482664	0.0705361459	-0.0120870383	-0.0961950171	-0.0601694614	0.0783848247	0.0345150904	-0.0357462875	0.0626194034	-0.1007521557	0.1734702923	0.0454860829	0.0672364095	0.0189820857	-0.0018209884	-0.0485892331	-0.1017142557	-0.0651887432	-0.0958206088	0.1455001101	-0.1595307339	0.1164727498	0.0006527192	-0.081184281	-0.0244872818	0.0024958096	-0.00481408	0.2299335512	0.058985978	0.1794625678	0.0815517098	-0.040096138	-0.0006987973	-0.0584053297	0.0683378999	0.0859735923	-0.04513869	-0.0466243632	-0.1021898393	0.0547697632	-0.2124139742	0.1420538183	0.0575825442	-0.1111640673	-0.0202249536	0.0091804995	-0.1172578276	-0.0273217542	-0.0202992	0.0077150999999999	5.952276800999999e-05	0.00041205752064	0.0367213	0.0147509999999999	0.0002175920009999	0.0013484538736899	0.0443122	0.0227984	0.00196357106884	0.00051976704256	-0.00144168	-0.00036591	2.0784412224000004e-06	1.3389012810000008e-07	-0.000368888	-0.000164177	2.6954087329e-08	1.36078356544e-07	-6.69242e-05	1.5357700000000004e-05	2.358589492900001e-10	4.47884854564e-09	0.0	0.0	0.0	0.0	0.0	0.0	0.0	0.0	0.0	0.0	0.0	0.0	0.0	0.0	0.0	0.0	0.0	0.0	0.0	0.0	0.0	0.0	0.0	0.0	0.0	0.0	0.0	0.0	0.0	0.0
572.9525704133673	3.735592958134816	13.954654748866428	328274.64794328465	824.0332151106712	-0.3208623230268586	0.1029526303381921	679030.7396056297	534.4412851229596	1.09065758969507	1.1895339779594594	285627.4872438806	564.7035879718206	584.175836816337	1.398049	59.494827	0.0982902	0.0508171	-0.0557101888	-0.0971718707	0.0257061721	-0.0672446924	-0.2203517823	0.1784875995	0.005729687	0.0988102774	0.0236060014	0.1119375187	0.1282190293	-0.0735275228	-0.0453321402	-0.1559872683	0.11712371	0.0009583059	-0.0032920643	-0.0129784888	-0.1439525795	-0.1841866614	0.0245647313	-0.1319654967	0.1042468071	0.0590570884	-0.0064520905	-0.1724113284	-0.0005068151	0.0894273765	0.0575268562	0.1025916983	-0.0576487191	0.0399134595	-0.165565685	0.0419997237	0.0067397334	0.0754358298	-0.0172739843	-0.0571223571	0.0776565421	0.0069581529	-0.0342876248	0.1057829034	-0.0076446164	-0.0121331983	0.0512417614	0.1612114134	0.008094956	-0.1044824368	0.0689888319	-0.0514954093	0.0648589138	0.0622467737	-0.1411930874	0.1844342524	0.0674381742	-0.021368383	0.0421648438	-0.0565190329	-0.0164450515	-0.0229710074	0.0920013746	-0.0457415618	-0.0585099073	-0.1682774306	-0.0258389185	-0.1277151807	0.0958922318	0.0602857729	-0.1243643747	-0.0086280886	0.095627727	-0.0628042316	0.0102112842	-0.0153745859	0.0706286545	0.0607060951	-0.157566794	0.11623577	0.0230028823	-0.0013551661	-0.0280052919	-0.0442267966	-0.1409373892	-0.0056790619	0.06410924	-0.0593445062	-0.01145041	0.0586847423	-0.1302655705	0.0258565323	0.1194354816	-0.0447719069	0.176226674	0.0426876944	0.0005434824	0.0504511891	-0.0420869214	-0.1177572452	0.0392694482	-0.0394844145	0.0253672352	-0.045195562	0.0697991462	0.0117296943	-0.1038815728	-0.0701652231	-0.0460969009	0.0279724399	-0.042464951	0.0202145409	-0.0757651856	-0.0494051824	0.0804854541	0.0897701302	0.1015116606	-0.0054300382	0.2026877636	0.1099801064	-0.0433014707	0.039838338	-0.0679461833	0.076484697	-0.0242267496	0.0014698598	0.0123901837	0.0176543316	0.0043666226	-0.0088610162	-0.1158579229	0.1020365265	0.0306995568	0.0789554268	0.1112610642	0.0317880667	0.142117245	0.1016620037	0.1443927353	0.0587312317	0.0655022694	-0.0064224565	0.0358078641	-0.0227843798	-0.0106411501	-0.0779006801	0.0088028037	-0.0625816037	0.043057788	0.1416550178	-0.1096655549	-0.0142373431	0.0811402798	0.0087234548	-0.1624437631	-0.134306263	0.1738710013	0.0997122449	0.1041774868	-0.0269908711	0.1060549843	0.0334937606	0.0292023112	-0.0454787878	-0.0463179708	-0.0940174738	-0.138418652	-0.0051799351	-0.0472470166	0.0198772379	-0.0264821508	-0.1305190793	-0.0896115557	-0.0260064577	-0.0771733373	-0.013175821	-0.0201336467	0.0887643421	0.0414249038	0.0411865374	0.0103673425	-0.1604911543	-0.0523963573	0.1382966898	0.0252828391	-0.0068268571	-0.0298703127	0.1458510035	0.1962324846	-0.1165984689	-0.07230931	0.2321939812	-0.0837051023	-0.0889941168	-0.1110104586	0.0719059795	-0.0194955897	0.0124709917	0.0240168223	0.0551335562	0.0443617273	0.006560711	-0.1179527935	-0.0196019337	-0.0252168	-0.0049176	2.418278976000001e-05	0.00063588700224	0.0074027	-0.0293186	0.00085958030596	5.479996729e-05	0.0159427	-0.0283695	0.00025416968329	0.00080482853025	-0.00090103	0.00054065	8.118550609000001e-07	2.9230242250000004e-07	-0.000511385	-0.000142497	2.0305395009000012e-08	2.6151461822500005e-07	-9.74672e-05	-3.0542999999999995e-05	9.328748489999994e-10	9.49985507584e-09	0.0	0.0	0.0	0.0	0.0	0.0	0.0	0.0	0.0	0.0	0.0	0.0	0.0	0.0	0.0	0.0	0.0	0.0	0.0	0.0	0.0	0.0	0.0	0.0	0.0	0.0	0.0	0.0	0.0	0.0
573.4217598674013	0.4691894540339945	0.2201387437767178	328812.5146894276	826.1066683175341	2.073453206862837	4.299208201049782	682452.2274386962	535.2830942423997	0.8418091194400859	0.7086425935724927	286527.9909817177	565.6487671830207	590.659337376084	1.255237	53.417355	0.06665019	0.0392598	-0.1350256719	-0.0422727725	0.0360566915	0.0164514002	-0.1098761946	0.1369715459	-0.0755122681	-0.0129533879	0.1112917712	0.0023290239	0.0862985746	-0.076437417	-0.1251972038	-0.038505354	0.0694174567	0.0373411334	-0.0569056331	0.0518279108	-0.139221714	0.0377123915	0.0321800242	0.0979259569	-0.108162234	0.0794273865	0.174823313	-0.0109022066	0.0117994784	-0.1563056047	0.0788432965	-0.121427684	0.0295137773	0.048825494	-0.0650901188	0.1322708666	0.0583223072	-0.1804490315	0.0930510559	-0.044754751	0.0795940001	0.03406655	-0.0183857701	-0.0294943107	0.1451080551	-0.0811677983	0.0661269142	0.0960134555	-0.0963226796	0.0801844462	0.0285113989	0.0228371493	0.1453038073	0.0333440603	-0.1918729144	0.1006532719	0.0186223797	0.0849898508	0.0500650981	0.0361972307	0.0165408851	0.09589861	-0.0407729637	-0.0130807749	-0.0056885323	-0.0263299508	0.1360452496	-0.0293712424	-0.0558197264	0.0800550428	-0.048014452	0.0094277653	-0.0616866827	-0.0474081729	-0.0893305904	0.0296628995	-0.1040573915	-0.0968910407	0.0769613331	-0.064584855	0.052570619	0.0163928561	-0.0237638076	-0.0762066057	-0.0302694719	0.0835698445	-0.0264314333	-0.0367850242	0.0163065664	-0.0484315123	0.0465218363	0.0355522327	0.124521497	-0.0156666945	-0.1588830356	-0.0636683909	0.0664061743	-0.1139890616	0.0071857417	0.1101403131	0.0099875156	-0.0119254911	0.0350132914	-0.0724914619	0.105453519	-0.1672461327	0.1065823561	0.0166588696	0.3188126619	-0.0289604942	0.2057413371	0.055000357	0.0770760956	-0.0299592258	0.1543548689	0.152126946	0.0446677756	-0.1339604912	0.1806259767	0.0610661086	0.0507503487	0.0273984493	0.0844221626	-0.0568243637	0.0018008384	0.0716387418	0.0925324312	-0.0810972486	-0.0130796676	-0.0156747494	-0.0018908684	0.0098901009	-0.0885637156	-0.0251462293	0.007708203	0.1064936291	-0.0292955607	0.0490902943	-0.0320496012	0.0359936029	0.0986984191	0.056973729	-0.1189139675	-0.021928481	0.0120365973	-0.0778370457	-0.1220645144	0.1707325514	0.0432282184	-0.0542313828	-0.0156475698	-0.1650097467	0.005268993	-0.1015746353	0.1558997813	0.0162331514	-0.0193696095	-0.0825203394	-0.0224475333	0.0650896206	0.0681706529	-0.2056409123	-0.1686621575	0.0733979863	0.0240253796	-0.0065202701	-0.0296296536	0.063086656	0.150781401	-0.1090363644	0.0345367818	0.026478201	-0.0378027402	-0.1366855816	0.0131014277	0.1273155326	0.0369384636	0.1478476434	0.0140833041	-0.0257970599	-0.0666730511	-0.1521142606	-0.1504808876	-0.0580397329	0.042315476	0.1516940126	0.0929279965	-0.0071468433	0.0845186372	-0.0301529205	-0.0072090752	0.0250058188	-0.0428497828	0.0227047378	0.048119684	0.0052284289	-0.1009936489	0.1816970553	0.1505647517	-0.0386635824	-0.0713439365	0.0039377115	-0.1184168613	-0.0117957945	-0.0253206	-0.0001037999999999	1.0774439999999513e-08	0.0006411327843599	0.0324153	0.0250126	0.00062563015876	0.00105075167409	0.0326893	0.0167465999999999	0.0010685903344899	0.0002804486115599	-0.00138667	-0.0004856399999999	1.9228536889e-06	2.3584620960000002e-07	-0.000511385	0.0	0.0	2.6151461822500005e-07	-0.000107571	-1.010380000000001e-05	1.0208677444000019e-10	1.1571520041e-08	0.0	0.0	0.0	0.0	0.0	0.0	0.0	0.0	0.0	0.0	0.0	0.0	0.0	0.0	0.0	0.0	0.0	0.0	0.0	0.0	0.0	0.0	0.0	0.0	0.0	0.0	0.0	0.0	0.0	0.0
572.1084615112749	-1.3132983561264382	1.7247525722044048	327308.09173279785	824.6589721494352	-1.447696168098901	2.0958241951282406	680062.4203465629	534.572891897845	-0.7102023445546592	0.5043873702109349	285768.1767520251	565.5012437489677	595.6890735918132	1.272116	54.135674	0.09125706	0.0508856	-0.0801136722	0.037937823	0.0202868487	0.0545190769	0.081468162	0.0330614899	-0.0574957096	-0.2400028353	0.0918747955	0.2006569226	0.1065261715	-0.0449640492	-0.0111805596	0.0569538519	-0.0068060282	-0.23481809	-0.0230114672	0.051627946	-0.19655669	-0.1211637341	-0.0439841467	-0.0076372679	0.0337066949	-0.0780121594	0.137207311	-0.0349347529	-0.1261219385	0.0223334853	-0.0404433594	-0.1011133704	0.0474751323	0.0149399731	0.1225124233	-0.0218278838	0.1511869399	0.0488782053	-0.0151105623	-0.1353019215	-0.0104630388	0.0318030734	0.1256114651	0.0617061055	-0.1494937965	0.0840913575	-0.0458361342	-0.0769469859	0.0014120818	-0.1067740168	0.005802169	-0.052062049	0.0921828723	-0.0393914762	-0.1963870039	-0.0724517713	0.0662575499	-0.044817484	0.1139527659	-0.0213294904	0.0993509454	0.0420225819	-0.0354293827	-0.0019347816	-0.0844333379	-0.1137063353	0.043188448	-0.1190532123	-0.2101935269	0.0380107064	0.0091756346	0.0161297246	-0.1998220606	-0.0596864963	0.0168255463	0.2267539828	-0.0156341328	0.0987299768	-0.0262050429	0.0947597832	0.0721762124	-0.0624484798	0.092453819	0.0908702199	0.1635345763	0.1970258041	0.0551392941	-0.0154230569	-0.0075640162	0.0098410993	-0.1054290644	-0.0340538738	0.0726516407	0.0980935083	0.012994623	-0.0664447619	0.0891843779	-0.0306114088	0.1053805688	0.0764144236	-0.1504916973	-0.0069879104	0.0822059718	-0.0205777319	-0.0425630006	0.0723778841	-0.1912533327	0.0092840718	-0.0300876248	-0.0167876338	0.0340448323	-0.0083078146	-0.0693143221	0.089151798	-0.1877994269	0.0574040104	-0.0386409336	-0.2336994208	0.0818103525	0.0956561508	-0.0624512973	-0.0782727452	0.0343580116	-0.0262593412	-0.1925784084	0.0075369656	-0.0198155122	-0.0360687027	-0.0912365709	-0.1490057358	-0.2390020237	-0.0480149268	0.0872011146	-0.0762048782	0.1041989981	-0.0420889895	-0.0049219486	-0.0436982832	-0.0895413882	0.0389149544	-0.0228876381	-0.0224443557	-0.0603322213	0.0481912414	0.050604863	-0.089522124	-0.1482139222	0.1086525816	-0.0239674774	0.0996383737	-0.091455567	0.0749304214	-0.0338030182	-0.1282373251	0.0559261841	-0.0039350654	-0.0494817592	0.0677648323	0.0442699705	0.1130536199	-0.1589380372	-0.093939598	-0.0296966399	-0.0193565394	-0.1222838609	-0.0403004696	-0.024029639	0.0694115896	-0.1007583467	0.0418659778	0.0352729661	-0.0205393395	0.010257106	0.1316599326	0.0156300102	-0.0565509793	0.0082982627	0.0550036992	-0.0535512448	0.0505471243	0.0145647129	-0.0223034939	-0.0198820114	-0.1794496518	-0.0987997815	-0.0142493947	0.0073848969	0.109581984	0.303020755	-0.0398358789	0.0021069395	0.0517946202	0.0354734058	0.1357983407	0.0632313048	0.0604197523	0.0512706209	-0.0345920597	-0.1157866787	0.02220857	0.058498972	0.0013127847	-0.1186491225	-0.0039377115	-0.028057	-0.0027364	7.487884959999999e-06	0.000787195249	-0.00514091	-0.03755621	0.0014104689095641	2.6428955628100003e-05	0.0157228	-0.0169665	0.0002472064398399	0.0002878621222499	-0.0008089259999999	0.0005777440000001	6.543612734758382e-07	3.337881295361156e-07	-0.000511386	-9.99999999907325e-10	9.999999998146501e-19	2.61515640996e-07	-0.000209785	-0.000102214	1.0447701796000002e-08	4.4009746225e-08	0.0	0.0	0.0	0.0	0.0	0.0	0.0	0.0	0.0	0.0	0.0	0.0	0.0	0.0	0.0	0.0	0.0	0.0	0.0	0.0	0.0	0.0	0.0	0.0	0.0	0.0	0.0	0.0	0.0	0.0
568.1751881764786	-3.93327333479624	15.470639126219137	322823.0444593769	831.0962536279444	6.437281478509249	41.43859283355822	690720.9827944045	532.6701393431539	-1.9027525546911197	3.620467284383581	283737.477347855	564.4183594255136	555.476270770279	1.534907	65.318916	0.135057854	0.0686435	0.0899663384	0.0683765644	0.0918024065	0.1816418244	0.1393050648	-0.1386475111	0.0176762029	-0.2490741318	0.0635726915	0.1052832485	0.0418443942	0.0459779991	0.0674185915	0.1669095937	0.2303256539	-0.0194822172	0.0040067289	-0.1861582678	0.1174769342	0.1451716251	-0.1266765087	-0.0671245817	0.1377083673	-0.0730329321	-0.0702069072	0.0010484528	0.1166389082	-0.1602437862	-0.0338409817	-0.0086941721	-0.0574506545	-0.020996514	0.0626537086	0.1765166682	-0.0165600513	0.096140503	0.1084230693	0.0385584999	0.0431022447	-0.0229920921	-0.1389265913	0.0460938923	0.1435916812	0.0747596992	0.1285516614	0.0583709988	-0.0317148768	-0.0452719726	-0.0376112923	0.1420741448	-0.0681564704	-0.0919543806	-0.0844317601	-0.0495439635	0.189987966	0.0859484758	0.0312005965	0.0366625486	0.153553788	-0.0734470694	-0.0511444515	0.152075585	-0.0277596173	-0.1197179906	0.1104152397	0.0442197823	0.0429194349	-0.1440730786	-0.0343198868	-0.0428469968	0.0379357117	-0.0088477128	0.1208417496	0.0374899928	-0.0898989272	0.0169883608	0.0647952029	0.0042568848	0.1748328748	-0.0606292608	0.1008948361	-0.025355837	0.1719958566	-0.0896320813	0.1516200656	-0.0300059775	-0.0356868428	-0.0790326507	0.0710970199	-0.0168472786	-0.0281519021	0.0293409338	-0.0244961469	-0.0361739304	-0.0053512469	0.0285176405	0.0023879406	0.060791098	0.0954579302	0.0221031558	0.1067916443	0.126017616	-0.0004397484	-0.0255327095	-0.0519476626	-0.0579227463	0.0418544591	0.1492369223	-0.0771748148	0.0160922711	0.0662062967	0.008891096	-0.1019720924	-0.0917723252	-0.1004911727	-0.1417405575	0.002406063	0.1848156612	0.0806995675	-0.115085728	0.0283053771	-0.2048759744	-0.1161277502	-0.1172026661	0.0295077505	0.1549755963	0.11171639	0.1707923645	-0.1297194741	0.0030945079	0.048839395	-0.0332081993	-0.0753186266	0.0268972367	0.10150217	-0.0857435332	0.0353723095	-0.0398698139	-0.1030322397	-0.0219972208	0.0236664349	-0.0018111562	-0.0962731077	-0.0378877779	0.1405143146	0.132424808	0.0924205436	-0.0771557414	0.0967220929	-0.0469818389	-0.1035520904	-0.0554683268	0.0951215282	-0.019257294	-0.0520332012	0.0381320035	0.0406945198	-0.0113443673	0.00527902	0.020590885	-0.0123006732	0.1196744629	-0.0232106532	-0.0026348511	0.0139349518	0.045376375	-0.0254082661	0.052704072	0.0488248671	-0.0784379265	-0.1828057989	-0.061296215	-0.0237951392	-0.0350920547	-0.0154301241	-0.1224678146	-0.0203133009	-0.12414257	0.0184793648	0.0238292442	0.0157358783	-0.1653305444	-0.0739401198	0.1326689095	0.0317527411	0.044058259	-0.00517566	-0.1372505668	-0.0870046875	-0.0461361866	-0.0094758302	0.0503953711	-0.0542050663	0.0679973443	0.0475555433	0.0110167728	0.075657595	-0.0330925819	-0.2424798528	-0.0013127847	-0.1186491225	0.0039377115	-0.0208384	0.0072185999999999	5.210818595999998e-05	0.00043423891456	0.0410804	0.04622131	0.0021364094981161	0.00168759926416	0.0497183	0.0339955	0.00247190935489	0.0011556940202499	-0.00146125	-0.0006523240000001	2.1352515625e-06	4.255266009761306e-07	-0.000595285	-8.389900000000002e-05	7.039042201000003e-09	3.54364231225e-07	6.44088e-06	0.00021622588	4.6753631181774416e-08	4.14849351744e-11	0.0	0.0	0.0	0.0	0.0	0.0	0.0	0.0	0.0	0.0	0.0	0.0	0.0	0.0	0.0	0.0	0.0	0.0	0.0	0.0	0.0	0.0	0.0	0.0	0.0	1.0	0.0	0.0	0.0	0.0
568.0345570357628	-0.1406311407158682	0.0197771177390463	322663.25798681524	827.1758335279561	-3.920420099988291	15.369693760392206	684219.859572669	531.5454555681654	-1.1246837749885117	1.2649135937224092	282540.5713351685	562.9510390766429	553.5319656118622	1.267923	53.957218	0.049674206	0.021951	0.0977713137	-0.0742348465	0.0769892692	0.0789485963	-0.0093255818	-0.0222090145	0.1252699579	0.0400903001	0.0613475079	-0.0597125821	-0.1310841072	0.1250710796	0.0647829823	0.0034962564	0.0442356149	0.0054527328	0.0688083008	-0.2680443478	-0.0265473247	0.0195914285	-0.0327075898	0.1028362965	0.0424180236	0.1027986822	-0.0246375212	0.0774063707	-0.0492922103	-0.1121460257	0.075567026	-0.0823529494	0.1879383961	0.0583743667	-0.0023235222	-0.0099318256	0.0916159508	-0.0386833382	0.1634086784	0.025037206	0.0392360349	0.1089986517	-0.0165376194	-0.0238500031	-0.0860814738	-0.0099572872	-0.1171111882	0.0036025606	-0.1124796223	-0.0302961647	-0.0898785166	0.0687084352	-0.1108265862	0.0593347442	0.0705727474	-0.0814969717	0.0666118612	-0.031670222	0.0261018524	-0.2152761217	0.1645537353	0.0542331222	0.0544937797	-0.0834392744	-0.0407024647	0.0042459416	-0.0893713986	-0.0294609795	-0.0615900642	-0.0034901492	-0.0029608468	-0.0241279366	0.0701800172	-0.1382086396	-0.1414983693	0.028287152	0.0765764702	0.0329223717	-0.1065944787	-0.2010233376	-0.0870604475	0.0164118654	0.0465576027	0.0916062414	-0.0418338974	0.00038134	0.1493872241	0.1092645129	-0.0708230427	0.0338613079	0.148290739	-0.0193023873	-0.0188148014	-0.1472034169	-0.0334240111	0.1078620437	-0.0322912662	0.0936113554	0.0359480576	0.0995848499	-0.0840413704	0.0766021172	0.0446782138	0.1167144214	-0.0518624552	-0.1399723057	0.0524308451	0.0749109795	-0.0229839157	-0.1011202837	0.1158506644	-0.0939193095	-0.15037834	-0.070639139	-0.0169970231	-0.1202108555	0.0556820547	0.0035465103	-0.0747095965	-0.0478044448	0.0002791863	-0.0987355054	-0.2034188482	-0.1231603022	0.0053092859	0.1020701948	-0.1820267345	-0.0280437068	0.0815007407	-0.071829514	-0.0981862528	0.039224691	-0.0226657659	-0.056968988	0.0099620599	0.0517666189	-0.1352972632	-0.0678886149	0.0422560486	-0.0050492432	0.0481800455	-0.0306636311	-0.0506918997	-0.0062060061	-0.1540817955	0.0037776266	0.0890755201	0.0655959065	-0.116206729	0.0250809885	0.0625693243	0.01785164	0.0676003369	-0.0806397372	-0.0183447679	-0.0778433907	0.0932955618	-0.0754699761	-0.103582681	-0.2097044049	-0.0309513924	0.0320543203	-0.0365977651	-0.0067418914	0.1570053503	-0.0554055211	0.0912312834	0.1034049175	-0.0084190287	-0.0114500781	-0.0781662262	-0.0285701986	0.0601067816	0.033488458	0.1652813419	-0.1605332714	0.1081092538	-0.0623117543	0.1034318895	-0.0613995898	0.1255565972	0.0117341094	-0.0021492289	0.0483454109	-0.0360116719	0.0067904115	-0.1075313628	-0.0580326495	-0.0374412557	-0.0377912201	0.0377117156	0.0469666778	-0.0280326344	-0.0089360695	0.0975305611	0.0048228191	0.0103175458	0.0260544548	-0.1242331822	0.0118114893	-0.0811180423	-0.0039377115	-0.1184168613	0.0117957945	-0.0133938	0.0074445999999999	5.542206915999999e-05	0.00017939387844	0.0300534	-0.011027	0.000121594729	0.00090320685156	0.0381944	-0.0115238999999999	0.00145881219136	0.0001328002712099	-0.00126397	0.00019728	1.5976201608999996e-06	3.891939840000008e-08	-0.000511386	8.389900000000002e-05	7.039042201000003e-09	2.61515640996e-07	0.000118836	0.00011239512	1.2632662999814402e-08	1.4121994896e-08	0.0	0.0	0.0	0.0	0.0	0.0	0.0	0.0	0.0	0.0	0.0	0.0	0.0	0.0	0.0	0.0	0.0	0.0	0.0	0.0	0.0	0.0	0.0	0.0	0.0	0.0	0.0	0.0	0.0	0.0
568.2020440833554	0.1674870475926582	0.0280519111113053	322853.5629005034	826.4668959271324	-0.7089376008236741	0.5025925218616271	683047.5300634296	531.3630403677665	-0.1824152003988501	0.0332753053365526	282346.6806688767	562.1431091980725	560.660282964673	1.281274	54.525375	0.050733785	0.0264715	-0.0700253047	-0.089782062	0.0994617305	0.0747679147	0.0160487392	0.0900059134	0.0060808183	-0.011767217	-0.058434164	-0.022397969	0.0533769817	0.1704034652	0.0285738909	0.1058400536	0.0684589767	-0.18212039	0.0235882847	0.0869083293	0.0426688749	0.0539654643	-0.0685209399	-0.0580186892	0.0870463209	0.0386487166	0.0254008113	-0.1747554653	-0.047241181	0.2107177871	-0.0971269922	0.0440602914	0.0283468299	0.0571081896	0.0009933561	-0.1127639216	-0.1627408591	0.0518084155	0.0582992852	0.125331838	0.0636807105	-0.0308013225	0.1982129054	-0.0688826452	0.1009722826	0.0492205504	0.0006686726	-0.0008053954	-0.006076502	0.038491845	-0.1371325598	0.0598518186	0.0097931742	0.1189693628	0.1518983767	0.0118104578	0.1343919631	-0.1138990201	-0.0448411611	-0.0266877917	-0.0596845629	-0.0184053503	0.0184604439	-0.0242166028	-0.0685431545	0.0375637658	0.1340713354	-0.0623352863	0.0206010378	0.0332895679	0.0820085915	-0.1703486585	-0.0475854101	-0.0368525283	0.0297862503	-0.0602863076	0.1807572405	-0.0812426912	0.0241856407	-0.0920025131	0.0416450137	-0.1289941383	0.0129320866	0.0081105204	-0.0750227714	0.1172217986	-0.1273909364	-0.078321804	-0.0549938595	-0.0701465539	0.0255610079	-0.0208925112	-0.0141966398	-0.000261288	-0.0093674378	0.0293043402	0.177605012	0.0278792314	-0.0073187284	0.0435749674	-0.0803482714	-0.1196889443	0.0689947171	-0.0295037997	-0.1894573283	-0.0267019788	-0.0268787943	0.1480639092	0.0441819343	0.1013336231	0.0923819509	0.0532016566	0.0694533281	0.0791172902	0.0311812161	0.048319424	0.1199270445	0.1167470268	-0.0666787114	0.086939193	0.0270530565	-0.171600478	0.0225027341	0.1256102231	0.0415315442	-0.0006729756	-0.1774477415	0.0001151333	-0.0157283352	-0.019970004	-0.0394875319	-0.0055016428	-0.0795844487	-0.1137012419	0.0335039742	0.0619703458	-0.0678323081	0.184634474	-0.0954398918	-0.1247337096	-0.0501377558	-0.0215251973	-0.0234149221	0.1397294612	0.0195183736	0.0064899427	-0.079941922	-0.1393169113	-0.0601801928	-0.0906283628	-0.0180057677	-0.0155586152	0.0764794263	-0.0213646694	0.0772819455	0.0058753045	0.1004364883	0.0124122554	-0.1893805929	-0.0918605521	0.0568997949	-0.0997319616	-0.107622127	0.0764571023	-0.0705933343	-0.0668522959	0.038157613	-0.0567428458	0.0381690692	-0.0423827697	0.1886806966	-0.0835071773	0.0321570354	-0.0456910511	0.0075599664	0.10087536	0.0953205491	0.1059867619	0.0764803684	-0.121458529	0.0158854348	0.0169507658	0.0711597372	0.0453557842	-0.0765001848	0.0848770131	0.1021119262	0.0414995281	-0.0908812409	0.0590159947	0.0971624056	-0.0241875901	0.0371505784	0.1488478082	0.1354352082	0.0254366352	-0.1497645072	0.017703765	0.023127217	-0.0841967882	0.0004501896	-0.006560711	-0.1179527935	0.0196019337	-0.0195148	-0.0061209999999999	3.7466640999999976e-05	0.0003808274190399	0.0321431	0.0020897	4.36684609e-06	0.00103317887761	0.0529248	0.0147303999999999	0.00280103445504	0.0002169846841599	-0.00161201	-0.00034804	2.5985762401000005e-06	1.2113184160000014e-07	-0.000656953	-0.000145567	2.1189751489000028e-08	4.315872442090001e-07	5.65893e-05	-6.224670000000001e-05	3.874651660890001e-09	3.2023488744899996e-09	0.0	0.0	0.0	0.0	0.0	0.0	0.0	0.0	0.0	0.0	0.0	0.0	0.0	0.0	0.0	0.0	0.0	0.0	0.0	0.0	0.0	0.0	0.0	0.0	0.0	0.0	0.0	0.0	0.0	0.0
569.4176525420648	1.2156084587094256	1.4777039248859052	324236.4630265157	825.8255941307044	-0.6413017964280243	0.4112679941018111	681987.911921331	531.8236358761756	0.4605955084090283	0.2121482223665712	282836.379676555	562.4443513543089	583.6883276742893	1.432382	60.955898	0.078813785	0.0417115	-0.1134775832	0.0029983581	0.0188871218	0.0060092937	-0.0779376697	0.0938323803	-0.0716749584	0.1208994147	-0.08639912	-0.0265007628	-0.1645109918	-0.0310027983	0.0758711657	-0.0056055056	0.0920137512	-0.0504010474	-0.0462235645	0.0559190199	0.1794092072	0.0484242498	-0.0013554997	0.0230020317	0.0265499885	-0.0862727947	0.0385761135	0.0458202279	0.0375841898	0.1510402417	0.0645441194	-0.1029610797	0.0576948038	-0.1252012355	0.0648877319	-0.1006033188	-0.0164497127	-0.1093632675	-0.048785218	-0.1428424541	0.0979213601	-0.1180742797	0.0132764319	-0.104784228	0.0652166301	-0.0528753564	0.1118568213	-0.0862156683	0.1139198377	-0.0121475216	0.0847957058	0.0422283738	0.0643652883	0.0914831317	0.2427019174	0.1180025466	0.0314188028	0.0273712138	0.0368263311	0.0020759397	-0.006662664	-0.016653702	0.0956730346	-0.0192839381	0.0551880087	-0.0687063946	-0.0678374551	-0.0825064473	0.1140852934	0.1439375463	0.0357321615	-0.012964607	0.0312651775	-0.1315478268	0.0251632556	0.086047518	0.0749286705	-0.0001791509	0.1570776218	-0.0192641029	0.0310156118	-0.0153513018	0.0074373552	-0.0488656013	0.1626528787	0.0232680718	0.2623037905	-0.1928147545	0.0037908158	0.0706736457	-0.0054238248	-0.1397860866	0.1415620776	0.0792312961	0.0724732274	-0.0141819587	-0.0514509823	-0.083428505	-0.0265947263	-0.0648052821	0.0852334862	0.072514438	0.0240351942	0.039047634	0.0608822108	0.1203250826	-0.0795487713	-0.0699271902	-0.0578426142	-0.1132465148	0.0862753873	-0.0143414584	0.0275509881	0.0261852175	0.1696676314	0.1098123587	0.0820195168	0.2110666669	-0.1081064323	0.0361754963	-0.053655712	0.037205706	-0.0537758327	-0.0917647004	-0.0037176389	-0.0459432695	0.0720052353	-0.0339495924	0.0237855446	-0.0144386939	-0.1083505509	0.0065242956	-0.0770893138	0.0504888191	0.0756358965	-0.0833287468	0.1099461127	0.0549005217	-0.0570932552	-0.1676353594	-0.0590352781	-0.061457177	0.1705368135	0.0654755244	-0.1431734338	-0.1062559251	-0.066397411	0.0596261307	0.1768514236	0.0903248089	0.0116610173	-0.0357145786	0.1116757518	-0.0791547585	-0.0061013134	-0.0116632411	0.0104452082	-0.0659879056	0.0742991304	0.1389323588	-0.0968868306	0.1239411346	-0.0505200779	0.0684827356	-0.0607268289	0.0021176703	-0.0840937031	0.0700248672	0.0013232405	0.0757368981	-0.0901676858	-0.0499016407	0.0581433031	0.1582480662	0.0142916564	-0.0941214668	-0.1409510832	0.1065074175	-0.0251636085	-0.0206252563	0.0926825927	0.0446852793	0.019113316	0.0726326134	0.0856566654	0.0464962774	-0.0883598832	0.0154774323	0.0285757608	-0.0091035028	-0.0139294917	-0.0608883541	-0.0332603363	-0.0248448143	0.1571561665	0.0250134566	0.0291474215	-0.0238835616	-0.0150047463	0.0352564552	-0.0739216628	-0.0091804995	-0.1172578276	0.0273217542	-0.0206889	-0.0011741	1.378510810000002e-06	0.0004280305832099	0.0130753	-0.0190678	0.00036358099684	0.00017096347009	0.025194	-0.0277308	0.000634737636	0.00076899726864	-0.00119802	0.00041399	1.4352519203999998e-06	1.7138772010000014e-07	-0.000511385	0.000145568	2.1190042624e-08	2.6151461822500005e-07	0.000113853	5.72637e-05	3.27913133769e-09	1.2962505609e-08	0.0	0.0	0.0	0.0	0.0	0.0	0.0	0.0	0.0	0.0	0.0	0.0	0.0	0.0	0.0	0.0	0.0	0.0	0.0	0.0	0.0	0.0	0.0	0.0	0.0	0.0	0.0	0.0	0.0	0.0
569.4480532982294	0.0304007561645676	0.0009242059753774	324271.08540514315	828.3239508041822	2.498356673477815	6.241786067911134	686120.5674758493	532.7219798148105	0.8983439386349801	0.8070218320822089	283792.7077778114	563.1568028597873	536.6729831919226	1.512831	64.379425	0.0835513999999999	0.0463656	-0.062565775	0.100467055	0.1276030704	0.0419342111	-0.1081962184	0.0186304561	-0.0945664132	0.092597775	-0.0485518769	0.1160656087	-0.0888782105	-0.0395800247	0.1214971516	-0.0005678607	-0.0872942669	0.1360434369	-0.1330221056	-0.0557521345	-0.0050323727	0.1593748264	-0.0099127847	-0.0275599009	-0.1231683097	-0.1130014693	-0.0656369768	-0.1654221155	0.0637530334	0.0883907297	-0.0472900509	-0.1111325918	-0.0741433533	-0.007481001	-0.0848157106	0.0243587976	-0.0892392042	0.0082296669	-0.1589289953	0.057423623	-0.0003758078	0.0094902979	0.04860722	0.0269144024	0.0776606158	-0.0085824707	-0.2047194514	0.0432561656	0.0086536701	-0.0345019502	-0.1090267798	0.0755420883	0.1157012868	-0.0523117118	0.1484287212	0.1390703324	0.0458427631	-0.067820149	0.0066121881	-0.0945134235	0.1512121991	0.1034522777	-0.1116773198	0.0621680675	-0.0191535407	0.0216419167	-0.0070616907	0.0537947059	0.0048691354	-0.0037021393	-0.0552445729	0.0776536247	0.0703764426	0.1329920904	0.1439669232	0.0314497854	-0.1036427807	-0.0303448862	0.031050258	-0.0922800461	-0.0303883623	0.1794214263	-0.1013584932	-0.0260359688	0.0761807522	0.0539869173	0.0449553391	0.0439063139	0.0084146265	-0.1002784315	-0.0305119218	0.0528074799	-0.104483467	0.0544530833	0.0264173489	0.0413482087	0.0145496859	-0.062218014	-0.0962823291	0.0384338521	-0.0966548783	0.0219803971	0.0919548352	0.1029832632	0.0205040293	0.1214565489	0.0225590765	0.1268459227	-0.0447390715	0.0794621914	-0.0138330504	0.004587504	0.0688471085	0.0234923264	0.1928803038	0.1224999106	-0.0373178139	0.1878917593	0.0243500642	0.0176028191	-0.0005188072	-0.0064243043	-0.0761654312	0.0224575343	-0.1411247418	0.0182168413	0.0225974002	0.134589298	0.0097049933	0.1018176521	0.0482118531	-0.1721508842	0.0002805232	0.0533947457	6.75726e-05	0.0696465319	0.0346504808	-0.0344440936	0.0689565483	-0.0090431179	-0.0539881334	-0.0598587707	-0.0764494765	0.0164822209	0.10028702	0.1618976438	-0.1131697148	0.1024712292	0.0851377713	-0.0453136683	0.0643159853	-0.0297238999	0.043443065	-0.0301828227	-0.1407724342	0.04871017	-0.0509279312	-0.0790600106	-0.0784994679	-0.0553592803	-0.1789607974	-0.1351859898	-0.0065317336	0.1098076966	0.0072368765	0.0627471432	0.0796363594	-0.1867659582	-0.0065672434	0.003637402	-0.0289753067	0.0023929143	0.0168166808	0.0603847914	-0.1097535379	0.0551125491	0.0042688381	0.0618499205	-0.1161215569	-0.114704355	0.0026287522	-0.0313743562	0.0022821642	0.0876437868	-0.0172327541	0.04237937	-0.1884901527	0.0059052065	-0.0574736895	-0.0434490546	-0.032821939	-0.1422748336	0.0093410509	0.0135216236	-0.038502452	0.0650206023	-0.1072302736	0.0073261783	-0.066886172	0.043195497	-0.1198837876	-0.0117957945	-0.1163333239	0.0349212611	-0.0103151	0.0103737999999999	0.0001076157264399	0.00010640128801	0.0300391	0.0169638	0.00028777051044	0.00090234752881	0.0599323	0.0347383	0.00359188058329	0.00120674948689	-0.00159575	-0.00039773	2.5464180625e-06	1.581891529e-07	-0.000511385	0.0	0.0	2.6151461822500005e-07	0.000145633	3.178e-05	1.0099683999999999e-09	2.1208970689e-08	0.0	0.0	0.0	0.0	0.0	0.0	0.0	0.0	0.0	0.0	0.0	0.0	0.0	0.0	0.0	0.0	0.0	0.0	0.0	0.0	0.0	0.0	0.0	0.0	0.0	0.0	1.0	0.0	0.0	0.0
572.0999016768823	2.6518483786528577	7.032299823363791	327298.29749869835	829.0147260068027	0.6907752026204435	0.4771703805553147	687265.415936134	533.623185905705	0.9012060908944476	0.8121724182652516	284753.7045361546	564.411232689569	600.2720475221118	1.594377	67.849693	0.08279238	0.0486213	-0.0830698444	0.0642706472	-0.0201726771	-0.068867799	-0.1145159358	0.0438650805	-0.1317896961	0.1137783763	0.0475467388	0.1190457109	-0.0588277832	-0.0129714433	-0.0962622802	-0.0281805873	0.0852944821	-0.0099500289	0.0515809792	-0.1865469775	-0.0357173927	-0.0756082007	0.0962537623	0.0471513884	-0.0338345395	-0.0344485974	0.0100233168	0.1159557746	0.0235509715	0.1317981904	0.0335659712	-0.0047095833	-0.0473883828	0.036702102	0.1334241599	0.0124112767	-0.0543684276	-0.0291506715	-0.0123557204	-0.024745177	0.0316007095	-0.1145155254	-0.136244037	0.1618145023	0.030589858	-0.0071728197	-0.0215563775	-0.043261755	0.0634560855	-0.0282587809	-0.2410684441	-0.0053618556	0.1084857708	-0.0392333674	0.0154880803	0.0536298393	0.0968034766	-0.1391394264	0.0386046723	0.0130279156	0.0364354928	-0.0034737477	-0.0784187807	0.1350637324	-0.0033700573	0.0569106274	-0.1204386418	-0.0994483539	0.1187761789	0.0758167808	0.1458215705	0.0568159015	0.0879136895	-0.0288866977	-0.0750124404	0.055822523	-0.0858891255	-0.0803299833	-0.1318576248	0.0818993405	0.0710735504	0.0527414078	0.0380415929	-0.0254031284	-0.0420429614	-0.0324500469	-0.0700092493	0.0001330996	0.0434577422	0.0729305486	0.1489179552	0.00025259	-0.0189703063	0.0049398854	0.0492306215	-0.0694457403	0.1616234065	-0.0878576024	0.0825234109	-0.0655050161	0.0469459286	0.0122600639	0.0319371802	0.0775688808	-0.1433602215	-0.1653763437	-0.1976377817	0.0491569805	0.0978362309	-0.0121980966	-0.1255896971	-0.067001449	-0.0451893667	0.0947239574	0.2063732071	0.1244047818	-0.0230748914	0.0462408517	0.0557039341	0.0601982115	-0.1166817655	-0.0066620257	-0.1784026009	0.0554177633	-0.0654389413	0.0408182396	0.0835767721	0.1504556915	0.0158865954	0.0159509369	0.0098316222	0.0404324822	0.0354244615	0.002388091	-0.033305683	-0.1232646131	-0.1335904237	-0.0584823906	-0.0837633402	0.0391151884	-0.0908159724	0.075548051	0.0480048199	-0.1276170358	-0.0631955383	-0.0439319966	-0.0087809093	0.0915334334	-0.0360456224	0.0035278342	0.0124572681	-0.0455906927	0.001684904	0.0738484595	0.0509663238	0.1049130862	0.173435303	0.0479894199	-0.0510144864	-0.1218795397	-0.0344943595	-0.1356009727	-0.0198705384	0.0803068087	-0.0438824713	-0.2223725132	-0.0080295786	0.0369482921	0.0455617368	0.0122531075	0.0147197484	-0.0169334054	0.063058029	0.109102213	-0.0746096562	0.0028428111	0.0356468914	0.0848390906	-0.0799449128	0.0172407849	0.0804277065	-0.0555531087	-0.0645990085	0.035839639	0.1052403033	0.0079339313	-0.1861331511	-0.0037670745	0.0499141363	0.0220719287	0.0116205811	-0.0713933137	-0.003273862	0.0818033883	0.0047580077	-0.0097790315	0.0822476345	-0.0391886691	-0.1456528658	0.1018899231	0.0340434971	-0.0144053161	-0.1151810923	0.0423669894	-0.0164382	-0.0061230999999999	3.749235360999999e-05	0.00027021441924	0.0115561	-0.018483	0.000341621289	0.0001335434472099	0.0188015	-0.0411308	0.0003534964022499	0.00169174270864	-0.00134424	0.0002515099999999	1.8069811776e-06	6.325728009999996e-08	-0.000511385	0.0	0.0	2.6151461822500005e-07	5.60334e-05	-8.95996e-05	8.028088320159999e-09	3.1397419155599997e-09	0.0	0.0	0.0	0.0	0.0	0.0	0.0	0.0	0.0	0.0	0.0	0.0	0.0	0.0	0.0	0.0	0.0	0.0	0.0	0.0	0.0	0.0	0.0	0.0	0.0	0.0	0.0	1.0	0.0	0.0
571.9771812604749	-0.1227204164073327	0.0150603006031891	327157.8958826782	829.1247877236314	0.1100617168286817	0.0121135815112769	687447.9136177568	534.2393153640572	0.6161294583522476	0.379615509449434	285411.6460806566	565.0293726177937	576.3516289493879	1.350099	57.454285	0.103792525	0.0539597	-0.0928764664	0.0890508773	0.0489186887	0.0405068116	-0.116238307	0.0078707124	-0.1299176666	0.0263742892	0.0858383666	0.0686209421	-0.0297772086	-0.0332404718	-0.0319510052	-0.0755826009	0.1159106614	0.0997546486	-0.0032960956	-0.0347547159	-0.0623633534	0.0663196524	-0.0273494243	0.1733831807	-0.0391448704	-0.0023088492	-0.127029378	-0.0981558346	0.0183129237	-0.0231359895	-0.0889816567	0.054222482	0.055536353	-0.0533445137	-0.1539255425	-0.0130048039	0.0351540498	-0.0346198199	-0.0195852985	-0.0523721081	0.1532277229	0.0125609964	0.2107877184	-0.056153954	0.1693110283	-0.0998675044	0.126635758	-0.1184219038	-0.161806359	0.103634673	0.0088232369	-0.0695382817	0.1158040933	-0.0400465541	-0.0244392864	0.0417502063	0.0996874761	0.0220280914	-0.074410989	0.0802343691	0.0263265182	0.0804817751	-0.0457008055	0.0449282121	-0.0350322941	-0.0402655667	-0.0425670191	-0.0283017564	0.0840963271	-0.0673475209	-0.0175348206	-0.0385285367	0.1770581505	-0.0396681684	0.0446471574	-0.0340691329	-0.0118865628	-0.0975660676	0.0590229247	-0.0035381582	-0.0197128502	-0.0728827191	0.0101509626	0.2051057248	-0.0639681841	-0.0081228241	-0.1604229568	0.0700378622	0.0323379764	-0.1374175885	0.1107898112	-0.0615776769	-0.1272774373	-0.0531764492	-0.0829531369	-0.0218383579	-0.0979875438	-0.0344538713	-0.0770070489	0.0513795413	0.0203627103	-0.0107078114	-0.0346198998	-0.0600630778	-0.0082067606	-0.1450582918	0.0018346032	-0.0898976206	-0.0912234941	0.0803006183	-0.1335737176	0.0380832036	-0.0477098328	-0.0289374435	-0.0475207071	0.1315106972	-0.0549311147	-0.0264431009	0.0756082129	0.0257926643	0.0616529629	-0.0549600435	-0.0846275619	-0.0184953976	0.0175399356	-0.031960645	0.0640555403	0.1177957279	0.0966740365	0.1087201811	0.0177024482	0.0357230948	-0.1026387587	0.0121259944	0.0330488633	0.0516982152	-0.0054223926	-0.0306290646	0.051494923	-0.0046658467	-0.0154838374	-0.0096042443	0.0416308923	-0.1013214965	0.0123691898	0.1298309423	0.0939081069	-0.1001404801	-0.155553847	-0.1223170044	-0.0692980037	-0.0370324993	-0.0345795299	0.0750765798	0.0015417844	-0.0025329613	-0.0899747644	-0.0127661955	-0.1225650469	0.1271214779	0.1341896416	-0.068724389	0.0483755661	0.0888523586	0.0585228117	0.1891918551	0.000753015	0.0115511415	0.0539719592	-0.026069041	-0.1130614893	-0.0122990196	-0.0581773983	0.1211085511	-0.0519053795	-0.0035092736	0.1585998971	0.0790438016	-0.0946985491	-0.0700964	-0.08727454	-0.0548040449	-0.0796877853	-0.0027378369	0.0482518651	0.1001519642	-0.1276881488	0.0412427418	-0.0606806822	0.0014974093	0.1352971321	-0.1272226432	0.124655846	-0.0369568885	0.1186711329	0.073004833	0.0604997738	-0.0253811075	0.0021772101	0.1236492595	-0.0220137692	-0.0170077871	-0.1138033884	0.0496261511	-0.0149494	0.0014888	2.2165254400000007e-06	0.00022348456036	0.0381978	0.0266416999999999	0.0007097801788899	0.0014590719248399	0.0517317	0.0329302	0.00267616878489	0.00108439807204	-0.00192621	-0.00058197	3.7102849641e-06	3.386890809e-07	-0.000636818	-0.000125433	1.5733437488999998e-08	4.055371651240001e-07	-9.12001e-05	-0.0001472334999999	2.1677703522249998e-08	8.31745824001e-09	0.0	0.0	0.0	0.0	0.0	0.0	0.0	0.0	0.0	0.0	0.0	0.0	0.0	0.0	0.0	0.0	0.0	0.0	0.0	0.0	0.0	0.0	0.0	0.0	0.0	0.0	0.0	0.0	0.0	0.0
571.8370403617273	-0.1401408987476315	0.0196394715017939	326997.6007296597	827.8765356289294	-1.2482520947019111	1.5581332919277089	685379.558244958	534.3036072426241	0.0642918785669053	0.0041334456496617	285480.3447124804	565.1420463130776	582.8504280211955	1.122558	47.771114	0.08542182	0.0429333	-0.1177460326	0.0181009785	0.034841099	0.0539888214	-0.0237459464	0.0540859425	-0.1013466557	-0.0254759284	0.0876824348	0.0435562546	0.0433771203	0.01593231	-0.0978166589	-0.1504663031	0.035266664	-0.0003617264	-0.004548761	-0.0663741556	0.0279640323	-0.0416119145	-0.0821350172	-0.0559872247	-0.1195211886	-0.0227640816	-0.0337921452	0.1495797118	-0.013129946	0.1455319446	-0.1766729508	-0.0776288804	-0.0784401705	0.0591088263	0.0646594303	-0.0091622492	0.0431749865	0.0322170916	0.0779443169	-0.0418065406	0.0316053988	0.0130417444	-0.0263656627	-0.0355938815	0.1198389713	-0.0920027057	-0.0097738378	-0.1536194774	0.0724839241	0.1314090301	-0.0484033655	-0.0418630029	0.126053272	0.0293524747	-0.0911012158	0.0625155845	0.0601176282	-0.0336681765	0.0994342831	-0.0350547404	0.086528997	-0.0039832335	0.0095024487	0.1074050047	0.1873200506	0.1419931764	-0.0583385074	0.1295191778	-0.0680357819	0.0296110949	0.098112515	-0.0543109367	-0.0296858541	0.0579127573	-0.1001567909	0.0916881399	-0.0980376286	0.1885171362	0.1877661126	-0.0494031474	-0.0841588745	0.0440577885	-0.00471407	0.1087731871	-0.0074447746	0.0443368057	-0.1154245203	-0.0229006434	-0.1191189759	0.0283181977	-0.0422450539	-0.0380010077	-0.0185034276	-0.0170607095	0.1550771763	0.0108989449	-0.0413767188	0.1707108825	-0.2426213403	0.0614612873	0.0203725484	-0.1567404059	-0.1441750292	-0.0166634337	0.0994105225	-0.0612351913	-0.0387619142	0.0569909272	-0.0508655783	0.0817586416	0.1280078637	-0.0120444856	0.0019129317	0.0431203012	0.028630104	0.1119273937	0.0153372778	-0.0987535512	0.064981159	0.0544664175	-0.105379594	0.0229987448	-0.0592849101	-0.0882611771	-0.0571137991	0.1259145917	0.0519978038	-0.010880491	-0.0510183119	-0.037148602	0.032096937	-0.0486062659	-0.0328980097	-0.1737694531	-0.1375189816	-0.0324728469	-0.0647917071	-0.0991290805	-0.1585595019	-0.0267716497	0.0379861428	0.1237164106	0.1530877123	0.0222345495	0.1428700321	0.1103292843	0.0110848353	0.0577196833	0.0034440742	-0.0834271676	0.046469915	0.2586470835	0.0078830792	-0.0343738516	-0.1248165185	-0.1106652157	0.0275259796	0.0778246619	-0.0512443744	-0.0684999164	-0.0292461818	0.0458589479	0.0905174462	0.0895318799	-0.0741034608	0.1534436934	-0.0867689739	-0.0571412639	0.0281465444	-0.2115750088	-0.0585444567	-0.1483582948	-0.0228764485	-0.0246065199	0.1398175449	0.0147255555	-0.0339087937	0.1179281348	-0.0207248863	0.0008287411	0.0698769415	-0.0416958439	-0.1021270738	-0.1163253616	0.0357786129	0.0586332874	-0.0267311086	-0.1001293573	0.0549393351	-0.0411075718	-0.0042503648	-0.1008464155	-0.0250664439	-0.0176263705	0.2051728348	-0.0454913089	-0.0385728719	-0.1007863985	-0.0583764745	0.1830736548	-0.0103208828	-0.0196019337	-0.1122029089	0.05666678	-0.0141449	0.0008044999999999	6.472202499999995e-07	0.00020007819601	0.0115459	-0.0266519	0.00071032377361	0.0001333078068099	0.0347452	-0.0169865	0.0012072289230399	0.00028854118225	-0.00140424	0.00052197	1.9718899776e-06	2.7245268090000005e-07	-0.000511385	0.000125433	1.5733437488999998e-08	2.6151461822500005e-07	8.097529999999998e-05	0.0001721753999999	2.9644368365159992e-08	6.556999210089997e-09	0.0	0.0	0.0	0.0	0.0	0.0	0.0	0.0	0.0	0.0	0.0	0.0	0.0	0.0	0.0	0.0	0.0	0.0	0.0	0.0	0.0	0.0	0.0	0.0	0.0	0.0	0.0	0.0	0.0	0.0
569.9379015166854	-1.8991388450418756	3.606728352746989	324829.211585243	832.4045302337818	4.527994604852324	20.50273514157176	692897.301953723	533.3818563303277	-0.9217509122964884	0.8496247443194087	284496.20466238627	564.6437399636906	578.8125797602862	1.270523	54.067871	0.076779115	0.0410462	-0.0368214192	0.1490871514	0.0443163773	0.0947494184	0.0404035722	-0.1039123362	-0.125614386	-0.0718501356	0.0856758616	-0.1758269895	-0.0364082791	-0.0894406222	0.0209719622	0.1049272866	0.0557086301	0.0150373511	-0.173901195	-0.1090090857	-0.0279744101	-0.0703954001	-0.0514844539	0.1485986181	-0.0550599806	0.0238153248	0.0917954941	-0.0799836272	-0.0357715515	-0.01859268	-0.1193183806	0.0799455032	0.0312142133	-0.0498931044	0.0237984342	-0.1819367312	-0.0199745442	0.049349399	-0.0357073219	0.0376796853	0.1169650909	-0.0528444786	-0.0020881731	-0.0187467679	-0.0079236237	0.0058280287	0.0361046645	0.0631886465	-0.0036900339	0.1258130735	0.2300000936	0.1011193078	0.0677689751	-0.0846697311	0.0105289291	-0.1839878111	0.0895154929	0.0164021713	-0.0555920432	0.0895303975	0.0811712431	0.0483517216	-0.1127007555	-0.193749528	-0.0256880691	0.0577374034	-0.0255410314	0.1047937647	0.1807278622	0.1205500969	-0.0805854638	-0.0166697463	0.1539293133	0.0047829497	0.1591100909	0.0461896896	0.0829932843	0.0649769323	0.1402575749	0.0466064743	0.053819095	0.0751326051	-0.101025171	0.010951119	0.0508178326	-0.0819535867	-0.0450506466	-0.022403462	0.11599994	0.0560612255	0.1183109223	-0.0424599645	0.0298649024	0.0485902476	0.0285651241	-0.0588773549	-0.0048994387	-0.0668213452	0.0486060245	0.0907432562	-0.0024653142	-0.0410828109	-0.0804993317	-0.0354770563	0.0051832991	0.0138012656	0.0502459829	0.1031855248	-0.0724241299	0.0622996583	0.1771941073	0.0105507864	0.0332607324	0.0587170927	-0.1327797433	0.0551700682	-0.1323583154	-0.0695352091	-0.066958364	-0.0098683163	0.1863629174	-0.1724339268	-0.0765435194	-0.1002126883	0.0094195884	-0.0735991517	0.0174781615	0.0368995067	0.0701376054	-0.1202782647	0.15046052	-0.0754078803	-0.1334803659	0.1347931469	0.0871571212	-0.0807069468	-0.0249658131	0.1060238398	0.104391125	0.0346813829	-0.0581257462	0.0767869786	0.3218545364	0.0599869118	-0.0056160429	0.1803764564	-0.0461788349	-0.0455770305	0.0633250406	-0.0285405453	-0.0304488955	-0.1060161317	0.0153993046	0.0320867777	-0.0095129109	0.0592021178	-0.0087342183	0.0148211353	-0.0271972719	0.1046842627	0.0190115115	-0.0159808271	-0.0439929029	-0.0859243223	0.0362581444	0.0944757087	-0.005810692	-0.0666675436	0.0491147798	-0.0835921039	0.0390804409	-0.0425745485	0.0665023153	-0.0258027025	0.0656997909	0.050307225	-0.0488013485	-0.0083115941	-0.161349795	-0.0975987597	-0.0693920596	0.0210213995	-0.0029171311	-0.0487908473	-0.1950535038	0.0344517537	0.0067650213	0.0320030668	-0.0229574454	-0.1065833635	0.0852342488	-0.068400273	-0.0873557342	-0.155755669	0.1082648962	0.1718484595	0.0135078321	-0.0314984788	-0.0161759406	-0.0643877261	0.0002285421	-0.0221864862	-0.110382787	0.063457872	-0.0131038	0.0010410999999999	1.0838892099999993e-06	0.00017170957444	0.0344506	0.0229047	0.00052462528209	0.0011868438403599	0.0533199	0.0185747	0.00284301173601	0.00034501948009	-0.00192621	-0.00052197	3.7102849641e-06	2.7245268090000005e-07	-0.000511385	0.0	0.0	2.6151461822500005e-07	-8.222699999999998e-05	-0.0001632022999999	2.6634990725289997e-08	6.7612795289999984e-09	0.0	0.0	0.0	0.0	0.0	0.0	0.0	0.0	0.0	0.0	0.0	0.0	0.0	0.0	0.0	0.0	0.0	0.0	0.0	0.0	0.0	0.0	0.0	0.0	0.0	0.0	0.0	0.0	0.0	0.0
569.1298352105573	-0.8080663061281257	0.6529711550995537	323908.7693267961	832.333229732631	-0.0713005011507448	0.0050837614643473	692778.6053171527	533.0386299561843	-0.3432263741433417	0.1178043439075851	284130.181025566	564.5666087922046	599.1364169903738	1.484046	63.154484	0.132390325	0.0755234999999999	0.0814968387	0.080024491	-0.0293497375	0.0150649523	0.0936429985	-0.1394584415	0.0029175368	0.000234468	-0.033020126	-0.1713410407	-0.0265805661	0.0740967127	-0.0236426984	-0.1769742727	0.1302732238	0.1201953434	0.0149390962	0.0921988764	-0.084719	-0.0267315754	0.0706789881	-0.0056591943	0.186256159	0.0273620409	0.0895794822	-0.0909216692	-0.0644794224	0.0872746662	-0.1063464536	-0.1184839311	-0.0493122144	0.11629521	0.1271508424	0.0745042611	0.0532991905	-0.043107224	-0.0089917207	0.0578405573	-0.0522321938	-0.1066329018	-0.0196843018	-0.0508907394	0.0339195092	-0.0674637616	0.0220046328	-0.1213459071	0.0552953995	0.0015236024	0.0187183845	0.0345206466	-0.0458899235	-0.072792975	0.0495547934	-0.0368859742	-0.0260181877	-0.0423526057	-0.0029160961	0.0805669595	-0.0178786115	-0.1096183993	-0.0913017195	0.010605676	0.1496958035	-0.1133640491	0.0404907297	0.0524968032	-0.1908497067	0.0037233256	0.067056868	0.0553196832	-0.0636776622	-0.1466119195	-0.0139560083	-0.21733427	0.1100556129	0.0170776667	-0.023381872	-0.0052766106	0.1435490436	0.0081885193	0.0040039326	0.0124801822	0.0456094182	-0.0410287036	-0.0876260072	0.0339931815	0.0189756675	0.1548222935	0.0108693413	-0.1312649689	0.0251737749	0.1095073748	0.0176609414	-0.0197649497	0.1201121392	-0.1197628942	-0.0593517025	0.023744655	-0.0542577527	-0.0193739025	0.1088380067	-0.0185857062	-0.0140587349	0.0409168723	0.0322494237	-0.1581097712	0.0677047104	-0.0315531163	-0.0901725469	-0.0784614941	0.1290828819	-0.0290620689	0.0282592622	-0.0678020515	-0.0981296907	0.0047350149	-0.0993171953	-0.0564646592	-0.0839569592	-0.0204027969	0.0778835064	-0.0303115111	-0.0349643991	0.072105714	0.1012624709	-0.1374149463	0.1458220572	-0.0737787687	0.0868234766	0.1184995305	0.108183965	-0.1563329609	-0.1460280464	0.1096242168	0.0286161946	0.1356253283	0.0523979641	-0.0968464445	-0.0639462883	-0.0397770929	0.1179370439	0.0356529344	0.0369860033	-0.0370870089	-0.1201569809	-0.1034311477	0.0488356255	0.0851978357	0.0229905032	0.0738809621	-0.0446604398	0.1137338714	0.1303493159	0.0977871195	-0.035913292	0.1676412654	0.0462777566	0.0626633466	-0.009016128	-0.1310862142	-0.0251599209	0.1645925413	0.0540353609	0.002294076	-0.1223799947	0.1236310731	0.0317113102	-0.0171004829	0.026722089	0.1908651367	0.0370760254	-0.0259169968	-0.1829175828	-0.056014482	-0.043887948	-0.092961924	-0.034193131	0.0597943314	0.111925346	0.08286657	0.045703629	-0.0421374015	-0.0345030473	-0.0096360535	0.1088085354	-0.0752658935	0.1193719172	-0.0354905388	-0.1220561784	-0.1075358164	-0.232009298	0.1616572788	-0.0156449667	0.1836211928	-0.1131528752	-0.0515689261	-0.0757348413	0.169642943	0.0818927468	-0.0247601796	-0.1083465856	0.0699695221	-0.0217632	-0.0086594	7.498520835999999e-05	0.00047363687424	0.0115502	-0.0229003999999999	0.0005244283201599	0.00013340712004	0.0112195	-0.0421004	0.00012587718025	0.00177244368016	-0.000868673	0.0010575369999999	7.54592780929e-07	1.1183845063689998e-06	-0.000511385	0.0	0.0	2.6151461822500005e-07	3.48385e-05	0.0001170654999999	1.3704331290249997e-08	1.21372108225e-09	0.0	0.0	0.0	0.0	0.0	0.0	0.0	0.0	0.0	0.0	0.0	0.0	0.0	0.0	0.0	0.0	0.0	0.0	0.0	0.0	0.0	0.0	0.0	0.0	0.0	0.0	0.0	0.0	0.0	0.0
568.4575224104004	-0.6723128001568739	0.4520045012547766	323143.9547849709	828.990100050037	-3.343129682594053	11.176516074641418	687224.5859809703	531.9995015529731	-1.0391284032111798	1.0797878383602164	283023.4696526119	563.3977097380407	579.7395928773174	1.2431	52.90089	0.10617247	0.0613682	0.105193655	0.033634067	0.0026186931	0.0540202913	-0.0074233044	-0.1017023895	0.1005599401	0.0398262131	-0.1066536753	-0.0282978653	-0.0491696411	-0.0624640276	0.0695581338	-0.0627545508	0.0579625639	-0.0864771791	0.1068353893	0.0461192181	0.1117077007	-0.1076719651	-0.0028715205	-0.1199458949	0.0016057945	0.0618549821	-0.0776084746	-0.0606599808	-0.0270425684	0.1341698424	0.0265496006	-0.0536926822	0.0081374439	0.0579259441	0.0704930529	0.005887269	0.0059054197	0.0273335657	-0.0782593141	-0.0633983029	0.0371360467	0.1295627347	-0.2014024102	-0.0266046858	0.0418014088	0.0277084362	0.0538639435	0.2469938552	-0.1156349639	-0.0533517373	0.0712336692	-0.1225891979	-0.1152014964	-0.0203167816	0.1406968515	-0.0756632355	-0.0150390175	0.1054732095	0.0648728509	-0.0052072132	-0.0190328416	-0.061303505	0.0807923284	0.0569273006	-0.0502613887	-0.0203947596	-0.0051141202	-0.0626735869	-0.0577283034	0.0929105539	-0.0164399129	0.0213339188	0.0958717714	-0.0327961829	-0.0244053979	0.0573112341	-0.1403669123	0.1115634199	0.0053063623	-0.029663692	0.0997133136	-0.0807318751	0.0161105301	0.0384881647	0.0085848585	-0.0201924173	0.2284560972	0.0097794274	0.082691589	-0.0608702046	-0.0162796735	-0.1334284517	0.0520599634	0.2040776156	-0.0300108518	0.0283321845	0.0102571046	0.1609807888	0.0350238756	-0.052862836	-0.0807518647	-0.0723258224	-0.0341066514	-0.0529664961	0.0284321513	-0.0494314624	0.0347798546	0.1476766728	0.0497860399	-0.1204372154	-0.0011905029	0.0573096098	0.02558237	0.0692137069	-0.0591660685	-0.1191998897	-0.0305449982	0.1004315771	-0.1347804398	0.0206694671	-0.0509265057	0.0281934373	-0.0300883043	-0.0938071947	0.0677759977	-0.0639546727	0.0781623484	0.0255269167	-0.0624092917	-0.1157249039	-0.1403628419	0.0559608633	-0.0363888936	-0.0186322623	0.0293724171	0.033685435	0.0079857696	-0.08083495	-0.0424516467	0.0023397499	0.035909378	-0.1153113154	0.0726863601	-0.0536773967	-0.1092000685	-0.1274137104	-0.0541711137	0.0829432772	-0.0240469918	0.0288841503	-0.0289046816	0.1056397348	0.008112355	-0.0208835309	-0.1631162782	0.0071614655	-0.1267076757	0.088370875	0.0330477169	-0.005198121	0.0111684645	0.022093291	-0.257330563	-0.1230148176	0.0359148256	0.0781967953	0.0950203703	-0.0242889786	0.0696535681	0.0658767075	0.1080306073	0.1638697164	-0.0425643478	0.0119352638	-0.0135577468	0.0683800059	-0.0758691685	-0.1237152631	-0.0114293298	-0.0570404409	-0.0441198471	0.0946728879	0.0443853746	0.1072099113	0.0727710027	0.0748042739	0.0677620349	0.0084725054	-0.0710965669	-0.0619259052	-0.0791713564	-0.0002521562	0.1001716409	0.0378248479	-0.0042615715	-0.1137376506	0.0587001403	-0.0750338151	-0.0114904841	0.0189393086	-0.0275656695	-0.0273217542	-0.1060982907	0.0761730556	-0.0196399	0.0021233	4.508402890000007e-06	0.0003857256720099	0.0451129	0.0335627	0.00112645483129	0.0020351737464099	0.0363828	0.0251633	0.0013237081358399	0.00063319166689	-0.00172727	-0.0008585969999999	2.9834616529e-06	7.371888084089998e-07	-0.000511385	0.0	0.0	2.6151461822500005e-07	-1.30279e-05	-4.78664e-05	2.29119224896e-09	1.6972617840999998e-10	0.0	0.0	0.0	0.0	0.0	0.0	0.0	0.0	0.0	0.0	0.0	0.0	0.0	0.0	0.0	0.0	0.0	0.0	0.0	0.0	0.0	0.0	0.0	0.0	0.0	0.0	0.0	0.0	0.0	0.0
571.3950629518474	2.9375405414469924	8.62914443264469	326492.3179657457	828.2937875308911	-0.696312519145863	0.4848511243192578	686070.598462269	533.274383557561	1.27488200458788	1.6253241256220117	284381.5681586967	564.1319806571727	615.8710787149075	1.439295	61.250061	0.13826669	0.071461	0.093313313	0.0560728317	-0.0682240152	-0.1154326317	-0.0020188957	-0.0765665699	0.0415617618	0.0549012131	-0.0730155582	-0.0030007086	-0.0793451064	-0.0080129736	0.096920464	-0.1541187681	-0.0923312677	0.0497364817	0.0453511776	-0.0022608417	-0.0055463985	0.0038350793	-0.0085644439	-0.0134777427	0.0634769117	-0.1406841034	0.0563832814	0.0574782703	0.1144808944	0.0642107473	-0.0422066342	-0.0189980683	0.0063358799	-0.0672513459	0.1291173753	0.2042271577	-0.0124562612	0.0542433586	0.0881523959	0.0284632391	-0.0701421592	0.0378004905	0.2285498752	-0.0894114896	0.0744788169	0.0036993933	-0.0583879188	0.0429573416	0.1169995687	0.0479954509	-0.0234263835	-0.035394104	-0.07267725	-0.0912522258	0.1082091855	0.0687352201	-0.0875047091	0.0289178654	-0.0205869349	0.0031608139	-0.1468372493	-0.0710338545	-0.0665029697	-0.0355983263	-0.0112253313	-0.1233014163	0.1085606447	0.0613911349	0.0435903961	-0.0009775578	0.0666190056	-0.0128973389	-0.0578033364	-0.0307800485	-0.0078581244	0.0248010983	-0.102969419	-0.1581268118	-0.0343699474	-0.0235185797	-0.1208791182	-0.0177105326	-0.1482188288	0.0669188325	0.0024653009	0.0097619755	0.1142336628	0.144599529	-0.0994409882	-0.1198198848	0.0295355448	0.0640178234	0.0046916324	-0.1189519646	0.0181685703	-0.0358411949	-0.0826594927	-0.0070635751	-0.040782332	-0.029566856	0.0884095941	0.0903717081	0.1973086853	-0.1297214075	0.0931294298	-0.1214266326	-0.0117139599	0.0874620905	0.0826483663	0.0096789016	-0.0767566032	-0.0665684394	-0.0618106559	-0.0299489399	-0.0552559868	-0.0615603948	-0.06311457	0.1492338706	-0.0263611002	-0.0270564769	0.0194293049	0.0819813261	0.1264420383	0.0654015183	-0.047166997	-0.0770595857	0.05652274	-0.0982041279	0.1802043243	0.0536465473	0.0185299771	0.0413654694	0.0241766565	-0.0057728592	0.0177880782	-0.0301468691	0.0103421785	-0.0014692226	-0.0113211995	0.0641557637	0.0325078037	0.0266461664	-0.185987987	-0.0752381014	-0.1418072754	0.0019353908	-0.0254052747	-0.057412742	-0.0938389809	-0.0208962827	0.0061770182	0.0692295383	-0.0319408679	-0.2091914326	-0.0119971241	-0.0879623567	-0.0110805212	-0.0662987207	-0.111512014	-0.0688726694	-0.015843905	0.0025307853	-0.0659001441	0.0181383356	0.0245432638	-0.0199455438	-0.0661809571	-0.0651905375	0.212199987	0.0672714872	-0.115230903	0.0459458223	0.0503894271	0.0375174676	-0.0644659211	0.0162760897	0.0590187484	-0.1087746685	-0.041928703	0.1324997293	0.0783010118	0.0044544375	0.0745354619	0.0877808354	0.1091363804	-0.0882325372	0.0713385686	-0.0452626369	0.1163445237	0.1568615063	-0.0627775379	-0.0219530768	-0.0675711173	0.0576746339	0.0003563653	-0.0250028337	-0.1325783312	0.0398789982	-0.0856265968	0.0541920346	0.0456194529	-0.0298699563	-0.1036423034	0.0820411548	-0.0130696	0.0065702999999999	4.316884208999997e-05	0.00017081444416	0.0114963	-0.0336165999999999	0.0011300757955599	0.0001321649136899	-0.00495395	-0.04133675	2.4541620602500004e-05	0.0017087269005624	-0.000884213	0.0008430569999999	7.81832629369e-07	7.107451052489999e-07	-0.000324893	0.000186492	3.4779266064000025e-08	1.0555546144900001e-07	9.22839e-05	0.0001053118	1.1090575219240004e-08	8.516318199210002e-09	0.0	0.0	0.0	0.0	0.0	0.0	0.0	0.0	0.0	0.0	0.0	0.0	0.0	0.0	0.0	0.0	0.0	0.0	0.0	0.0	0.0	0.0	0.0	0.0	0.0	0.0	0.0	0.0	0.0	0.0
571.0324491232267	-0.3626138286207379	0.1314887887069898	326078.0579516705	829.7240059144663	1.430218383575152	2.045524624716321	688441.9259907493	533.5932586567133	0.3188750991522511	0.1016813288593579	284721.7656838901	564.757247321342	588.7410264107733	1.38146	58.788864	0.124126805	0.0628749	0.1104702257	0.0197373334	-0.0134509459	0.0301858572	-0.0223137044	-0.0756952324	0.1030802431	0.1107621559	-0.0666847462	0.0449296265	-0.0284045766	-0.0510611124	-0.1201307684	0.0309475816	0.0642653892	0.0057476384	-0.0177918269	0.1229407736	-0.0307918449	-0.0302076881	-0.02646903	0.0413588853	-0.0393926484	0.0372371684	-0.0524656708	0.0982141846	-0.0916749821	-0.1499261911	0.1150192253	0.1872392838	-0.0268645544	0.1308537615	0.0629498102	-0.0232868729	-0.0039726515	0.0827248723	-0.1517940012	0.0175516914	-0.0449848541	0.0352279284	0.0939975865	-0.0642488766	0.0543245745	-0.0986549287	-0.074051415	-0.0161617578	0.0119841608	-0.0651853859	0.1042885105	0.0636733188	-0.0897946625	-0.0724458576	0.0051763535	0.0958300659	0.1383846952	0.0749989758	-0.004250245	0.0190496931	-0.0292897591	0.0231096955	-0.0163058021	0.0895624626	0.0460401355	-0.0117999567	0.0823387854	-0.0522917202	0.0256884039	-0.1302063078	-0.0013857138	0.024227039	0.0643090321	-0.0333896685	-0.0694561741	-0.1117812901	-0.0507896073	0.0660594052	-0.0276655742	0.0151398517	-0.0779967744	0.0783737049	-0.0366148666	-0.012169631	0.148031955	-0.0180524714	0.076908293	0.0273026557	0.0204802449	-0.0891739789	-0.0169548981	-0.0268925146	-0.0082228007	-0.0763824833	-0.0513415095	0.0291576717	-0.1504655807	-0.0288466793	0.1116742674	-0.1373171806	-0.0645736694	0.0206525233	-0.018733017	0.055330079	-0.0748611593	0.045611164	0.1180826178	0.051610482	-0.0497093884	-0.0602599974	-0.0260074894	0.0958775792	0.0924296697	-0.1268877146	-0.0066252864	-0.0926784293	-0.0520463639	0.1005033086	0.0653414481	0.1179934576	-0.0290938995	0.0398478138	0.034055516	-0.0261209849	0.0977314049	0.0219201236	0.0338926543	0.0160718664	0.0417381287	0.189930131	-0.0899276479	0.0648608294	-0.0135012956	0.0006591343	-0.0484529404	0.0747432608	-0.0519341944	0.0141995501	0.0235336462	-0.0198845449	-0.0406462314	-0.0178796514	0.0085484971	-0.0540839778	-0.0963275372	0.0598367459	-0.062236406	0.0207578839	-0.0465601276	-0.0001308052	0.1133586182	0.005929089	-0.098181693	-0.0430728917	-0.0721783031	-0.0300966776	-0.0834492655	-0.071807685	0.0405038228	0.1016801494	0.0691559955	0.1353899373	-0.0729891255	-0.1272980428	0.0955200088	-0.0609385286	-0.0695331129	-0.1235655917	-0.176610312	0.0663456864	0.0944280442	0.0317936788	0.0711135364	0.0280192771	-0.0181824408	0.1138271772	-0.0088223653	-0.1211002093	-0.0097417243	-0.0388555069	-0.0294264865	-0.0437626179	0.0168804671	-0.0362980515	0.0750675397	0.0560089003	0.0137627157	-0.0187621425	-0.0694202529	0.0451733659	-0.2470943704	0.0345557671	0.1423366173	0.0061655177	0.0516472398	-0.0795617766	0.0058729531	-0.0633736946	0.0419434902	0.0254007633	-0.0117611222	-0.0324035386	-0.1009834314	0.087547979	-0.0160069	-0.0029373	8.627731290000002e-06	0.00025622084761	0.0492484	0.0377521	0.0014252210544099	0.0024254049025599	0.0283499	0.03330385	0.00080371683001	0.0011091464248225	-0.0015457	-0.0006614869999999	2.3891884899999995e-06	4.37565051169e-07	-0.000511385	-0.000186492	3.4779266064000025e-08	2.6151461822500005e-07	0.000246976	0.0001546920999999	2.3929645802409997e-08	6.0997144576e-08	0.0	0.0	0.0	0.0	0.0	0.0	0.0	0.0	0.0	0.0	0.0	0.0	0.0	0.0	0.0	0.0	0.0	0.0	0.0	0.0	0.0	0.0	0.0	0.0	0.0	0.0	0.0	0.0	0.0	0.0
572.4985393651476	1.4660902419209378	2.149420597455794	327754.5775752275	829.2607439461025	-0.4632619683637813	0.2146116513322851	687673.3814500433	534.5584620542998	0.9652033975864924	0.9316175987125086	285752.74935385823	565.5624027450355	621.0616927262226	1.401821	59.655342	0.0662313399999999	0.039682	0.0787711523	0.066439515	-0.0719627895	-0.1146003136	0.0251372016	-0.0748835406	0.0381348154	0.0009464819	0.0596698879	-0.0290071037	-0.0100635085	-0.0756508978	0.0486855607	-0.0120743641	-0.0077619647	0.0097626656	0.0505421729	0.1653286464	-0.0254237611	0.0191896075	0.0101169466	0.0734949802	-0.1681993828	0.0044996784	0.1189671415	0.1957807928	0.093643505	-0.0204931629	-0.0181523551	-0.0190464659	-0.0288649291	0.1360438937	-0.0486803411	-0.0616401033	-0.1093080666	0.0706995418	-0.0155089576	-0.0872623139	-0.1803883405	-0.0104731788	0.0116469108	0.0019873933	-0.0983543477	0.0956805276	0.0012914277	0.148103028	-0.0251221034	0.0107865585	-0.042796157	-0.0584317135	-0.01800903	-0.0947856646	-0.1069473448	0.0478217259	-0.1116933921	0.0037078252	0.1537073922	-0.015834839	-0.0185851717	-0.1410462082	0.1163621214	0.0811061617	-0.0110417749	0.0032284538	0.0984398048	0.0044003431	0.0881961867	-0.1036662594	-0.0544541326	-0.0074527393	0.0026311736	-0.0750797615	0.1543058645	-0.0456019667	-0.0206375783	0.1062161451	-0.0566547688	-0.0385995404	-0.0154946594	-0.0158463229	-0.0428728711	0.1618965559	-0.1084359558	0.1382842671	0.0608118935	-0.0552380841	-0.0473440656	-0.0265291244	0.1758697325	0.0813149108	-0.1108996117	-0.0819043502	-0.0867220162	0.0156407577	0.0713106619	0.0582031036	-0.03009531	-0.022294375	0.0374950754	0.0227918904	-0.1029347638	-0.0596385619	0.037694643	0.0681031806	0.006216236	0.0121215868	-0.0365119955	-0.0254941909	-0.1286541799	0.0680117638	-0.0433855832	0.1134130159	0.0410334109	-0.034479061	-0.086189439	-0.0329940261	0.0902586146	-0.0564167436	-0.1046912177	0.0811316755	0.0933855507	0.0057732669	-0.0240342182	-0.0656821624	-0.040481419	-0.0677358623	-0.0601504593	0.1207417504	-0.0641705856	-0.0728995679	0.0326351664	-0.0017484113	-0.0223873532	0.0857471973	0.0754912217	0.0948494575	0.0248726853	0.0318494002	0.0694787097	-0.0101191091	0.0985156876	0.0022018888	-0.0614037798	0.0499334297	0.0397397655	-0.0358010797	-0.1604633708	-0.1187714398	-0.115255143	-0.0019817225	-0.0435039748	0.0749914795	-0.1008967215	-0.0186236004	0.0030682469	-0.0731889563	0.1256650158	-0.1733709303	-0.0386059205	0.099571674	-0.1369865017	-0.0057245985	-0.1346106276	0.108063171	0.0242822594	0.0670356377	0.0667356895	-0.0566228123	0.0447717658	0.0404353686	-0.0472269683	0.2317256502	-0.0849120359	0.0535750438	0.1039164081	-0.0814342865	-0.0692630789	0.0946985718	0.0506884061	-0.0048614691	-0.0377039516	-0.0001081261	0.01554442	-0.0224095845	0.0737534879	-0.0129313698	0.0384978211	0.1723161248	0.0820285011	-0.012385523	0.1117547993	-0.044731855	-0.0271619716	-0.1787205828	-0.0141975427	0.1510449962	0.1442542808	0.0601058187	-0.0207290009	-0.0349212611	-0.0981268796	0.0926692784	-0.0216671	-0.0056602	3.203786404000001e-05	0.00046946322241	0.0182442	-0.0310042	0.00096126041764	0.0003328508336399	0.00500321	-0.02334669	2.50321103041e-05	0.0005450679339561	-0.00150733	3.836999999999981e-05	2.2720437289000003e-06	1.4722568999999852e-09	-0.000511385	0.0	0.0	2.6151461822500005e-07	0.000160941	-8.603499999999999e-05	7.402021224999997e-09	2.5902005481e-08	0.0	0.0	0.0	0.0	0.0	0.0	0.0	0.0	0.0	0.0	0.0	0.0	0.0	0.0	0.0	0.0	0.0	0.0	0.0	0.0	0.0	0.0	0.0	0.0	0.0	0.0	0.0	0.0	0.0	0.0
571.4571302710366	-1.0414090941110317	1.0845329012971596	326563.25173760846	832.7569049217622	3.496160975659677	12.223141567725628	693484.0626948728	533.8379079108793	-0.7205541434204861	0.5191982736004304	284982.91192266444	565.5576825255074	599.0896879287033	1.355392	57.679535	0.07750256	0.0438466	0.093595057	0.0654498146	-0.0285475006	0.0185831647	0.0311496974	-0.1446771342	0.0473405977	0.0297320283	-0.0553501844	0.0209002848	0.1036330479	0.0211883132	-0.0991854401	0.096947658	-0.0338397361	-0.0081035581	-0.1122688564	0.2682593391	-0.0227617497	0.0533005701	-0.1504830423	0.0014541333	-0.0956641626	0.0788532946	-0.05301311	0.0282830546	-0.0731825557	0.0082589518	-0.0308955486	0.1116604083	0.2359719386	0.0702837483	0.0133934698	-0.0519610773	-0.0788486595	-0.0411151503	0.0739872709	-0.0190511068	0.011032273	0.1480544183	-0.0107202426	-0.045446925	0.0346202426	0.0164916577	0.0585206368	0.0017141407	0.0853390601	-0.0102760008	-0.1143818664	-0.0934842856	-0.0667908714	-0.1106667112	-0.0935264853	-0.0730000576	0.0273994672	0.1064522091	0.0424056428	0.0328972553	0.0238305186	0.0490819334	0.0811976055	0.0285753014	0.1010992835	0.0969263863	0.0448278202	-0.1502466219	0.0978026818	-0.0303670938	0.0453054659	-0.0891545343	-0.1340689917	0.0043011185	-0.0565560452	-0.0844034462	-0.0124832466	-0.0148220928	-0.0665933017	-0.0259973485	0.1181155265	0.0610578396	0.0097794165	0.0156922222	-0.0286336616	0.0330317465	-0.1411409855	-0.1147307565	0.0646602139	-0.0404007731	0.0717471691	-0.0246495518	0.0255206328	-0.0746228332	0.0715644798	0.0981341019	-0.0740148334	-0.0157101999	-0.0606349315	0.0470605399	0.0610252509	-0.0261529821	0.0778487811	-0.1223841332	-0.1082695665	0.0001610808	-0.1079958417	0.0004139254	-0.1120972449	-0.0609546999	0.1051328027	0.1331152348	0.038172096	0.1063575111	0.0188030481	-0.0954592016	-0.118542676	-0.0840319868	0.0200129137	0.0421238614	0.0019302623	0.0229741231	0.1084903015	-0.0432191717	0.1464430442	0.1588409956	-0.0268045839	0.0864670104	-0.1883459746	0.0944430433	-0.0534416803	0.0422912022	-0.0737026481	-0.0507039245	-0.038619095	-0.0513910405	0.0120071467	0.1253446897	-0.1304386191	0.0049577391	0.0430304377	0.0048282329	0.0606383787	-0.0346811798	0.0350424	-0.0203309927	-0.0314530911	-0.1112804851	-0.024977732	-0.149153069	0.0264097898	-0.0870112059	-0.0565702363	0.0825235184	-0.0501202568	0.0271413666	0.0942469757	0.0264558006	-0.0406670268	-0.0514031271	-0.0559669759	-0.0571840334	-0.0027450405	-0.0761699887	-0.0872478672	0.0784141289	-0.186092973	0.0239213374	-0.047441948	0.146342592	-0.0742657947	-0.0045092716	0.0629685109	-0.0644930714	0.070609136	-0.0223797072	0.060466363	-0.1134144703	-0.0499297414	-0.0270225803	-0.1158430253	0.0138563492	-0.00409052	-0.0391651209	0.0301568632	0.0487820507	0.0683238339	0.0716975866	0.0298150557	0.0398750295	-0.0532836366	0.0036188312	0.2235279829	-0.0659599343	-0.052066456	-0.0108979055	-0.0079165768	-0.0652158202	0.0499676924	-0.0162114082	-0.0381754521	-0.0374218916	-0.0950782398	0.0973825011	-0.0225801	-0.0009129999999999	8.335689999999948e-07	0.00050986091601	0.0423413	0.0240971	0.00058067022841	0.0017927856856899	0.0327726	0.0277693899999999	0.00107404331076	0.000771139020972	-0.00193683	-0.0004295	3.7513104489e-06	1.8447025e-07	-0.000511386	-9.99999999907325e-10	9.999999998146501e-19	2.61515640996e-07	9.59806e-05	-6.49604e-05	4.2198535681600005e-09	9.21227557636e-09	0.0	0.0	0.0	0.0	0.0	0.0	0.0	0.0	0.0	0.0	0.0	0.0	0.0	0.0	0.0	0.0	0.0	0.0	0.0	0.0	0.0	0.0	0.0	0.0	0.0	0.0	0.0	0.0	0.0	0.0
571.8826399469339	0.425509675897274	0.1810584842822032	327049.7538726744	831.7913982766958	-0.965506645066398	0.9322030816673716	691876.9302471007	533.5582004252766	-0.2797074856026711	0.0782362775021684	284684.35324105964	564.9784396591161	625.6347823719689	1.397644	59.477585	0.076654075	0.0411194	0.0776409286	0.0664361023	-0.0744284345	-0.1039713028	0.0804474439	-0.1218343598	0.0114370358	-0.0222811801	0.0032627282	-0.0247990826	0.0421145379	0.0610068133	0.0650452298	0.0241012465	-0.0071149734	-0.0502049862	0.1047699537	-0.0276115877	-0.0466024885	0.0097178037	-0.0736842739	-0.0466958447	-0.0978364478	-0.0971289367	0.0192610494	-0.0796653718	-0.0385455909	-0.0346600652	0.0734914751	-0.0070717598	-0.0455167542	-0.1330814613	0.0357266081	0.0339928652	0.0321260854	0.1045837039	-0.0707388698	0.0561770093	-0.038440771	0.017916447	0.093985789	-0.0563966376	0.0408345557	0.046897374	0.0092480882	-0.0049483521	0.1047170387	-0.1170342507	0.1293549912	-0.0255480752	-0.0280421297	-0.1003279227	0.0086862212	-0.1232944242	-0.1179223122	0.0446794384	-0.1408546461	-0.0318500022	-0.0439066827	-0.0253588217	0.0385670251	0.0475214162	0.082411509	0.0884460468	0.0268811671	-0.0032555697	-0.0781574953	0.0584325394	-0.0303599651	0.1269629639	0.0779871137	-0.1056210492	0.0209005091	0.0128845914	-0.0196594301	0.1231077893	0.014523885	-0.0028173309	0.0806532363	-0.1531634383	0.017632845	0.0010575519	-0.093468675	0.1145310447	0.0638363037	0.054407908	-0.1266302902	0.0203693322	-0.1930754171	0.0966359765	-0.0960853652	-0.0133939924	-0.065009537	0.0451887723	0.0725222766	-0.1990720154	-0.0170425328	0.0042303294	0.0481113456	-0.0145873586	-0.0831523384	-0.1402345526	-0.0423640774	-0.0674174933	0.0777365058	-0.0378594013	-0.2047000219	0.0882993842	0.0204419508	-0.0068113524	0.043509074	0.0463762664	0.0371295079	-0.0664885627	-0.0965604993	-0.0450691908	-0.0727376169	-0.1194033698	0.0467233814	0.0701875381	0.0574619742	0.0875046572	0.0574947788	-0.0522839466	0.0257451356	-0.0221935739	-0.0128461046	-0.0209550742	-0.0188145482	-0.0644877849	-0.0488839996	-0.1401017865	-0.1004034541	0.0174666669	-0.1407775345	0.0034771076	0.1109187972	-0.0378099492	0.0378142736	-0.1335510628	-0.0266772017	0.1002284742	0.1030152304	-0.08097961	0.0770741895	0.0259432001	-0.0144069251	0.0575938084	-0.2518953369	-0.0454365327	0.0542113725	-0.1052653223	0.0172873879	-0.0166991493	-0.0415767337	-0.0022973207	0.0565085424	0.0528032801	-0.085257463	0.0628819664	0.0735937526	0.0696187044	-0.1407179772	0.1190190181	-0.0529698131	-0.1102976505	0.0862253131	-0.0444099484	0.18538366	-0.0496522526	0.1051138432	-0.0657311925	0.0483263752	-0.0393500466	0.0391590048	-0.0826180671	-0.0523889422	0.1300435169	-0.0208259514	0.0269930499	0.0157953454	-0.0262715922	-0.011794675	-0.0187046561	0.0299704632	-0.0684270748	0.0679987735	0.0715318811	0.1578120929	-0.0313249173	-0.0892711895	0.0099625226	0.0180364346	-0.0098958088	-0.0334938363	0.137423242	0.1396690073	0.1649368072	-0.0940487826	-0.039904206	-0.0918434799	0.1016668918	-0.0280351	-0.005455	2.9757025000000012e-05	0.00078596683201	0.0263562	-0.0159851	0.0002555234220099	0.00069464927844	0.00300825	-0.02976435	9.0495680625e-06	0.0008859165309224	-0.00156513	0.0003717	2.4496319169000004e-06	1.3816089e-07	-0.000511386	0.0	0.0	2.61515640996e-07	-4.13119e-05	-0.0001372925	1.884923055625e-08	1.70667308161e-09	0.0	0.0	0.0	0.0	0.0	0.0	0.0	0.0	0.0	0.0	0.0	0.0	0.0	0.0	0.0	0.0	0.0	0.0	0.0	0.0	0.0	0.0	0.0	0.0	0.0	0.0	0.0	0.0	0.0	0.0
569.4432249385121	-2.439415008421747	5.950745583313273	324265.5864283729	829.3429982661253	-2.448400010570481	5.994662611761531	687809.8087730462	532.1247468288583	-1.4334535964183033	2.054789213084568	283156.74618767656	563.5414692610867	611.2466866818023	1.408175	59.925758	0.094348795	0.0413932	0.0774046767	-0.0934885277	-0.0274346656	0.0055976471	0.1570303854	-0.0483059559	0.0906847691	-0.0773198682	-0.1677248683	-0.0600740205	0.0971083528	0.0220398557	-0.1100993728	-0.1577889938	-0.0528192151	-0.0300552007	-0.0251912786	-0.1378512166	0.0105723993	0.0737889406	-0.1943219632	-0.0009410549	-0.1413109458	-0.0278247745	-0.1281452812	-0.017334858	-0.1233029299	-0.0172245839	0.0784201473	-0.0116033775	-0.0340430543	0.0455982524	-0.131557384	-0.0684786958	0.0371154932	-0.0328206534	-0.1006350966	-0.0339113338	-0.1717379667	-0.0762996039	0.0813396784	-0.0487178093	-0.0419159648	-0.2210788933	0.0452181988	0.0049487414	0.0251850691	0.0829159795	0.0357256362	0.085052623	-0.1196402618	0.059193464	0.0213226108	-0.1281759722	-0.011975375	0.0714117692	-0.050670114	-0.1050447101	-0.1159186917	0.0277642109	-0.0101147007	-0.0039034517	-0.1001614456	-0.0910400562	-0.0833742362	0.0361529509	-0.0093806496	0.0729363111	0.0539731469	0.1646925989	0.1205745961	-0.025851869	0.0716104041	-0.0618132941	-0.0380761597	-0.0128617668	0.0257189876	0.1198693148	0.0805977154	0.0304828066	0.0506494365	0.1359576105	-0.0750116522	-0.047042545	-0.0827880233	-0.049753436	0.1109083709	-0.1417589657	-0.1805177402	0.0724847023	0.0041227898	-0.0939801378	-0.0147507162	-0.1419026223	0.0278085097	-0.0330163267	-0.0763469251	-0.1117081839	-0.0574182211	0.0111189643	-0.0858110614	-0.1679881364	-0.0188760978	0.1177851446	-0.0443108982	-0.1621140367	-0.0965247096	0.02088187	-0.0399002094	-0.059716953	-0.1616909541	-0.1011736976	-0.0665277912	-0.1384447843	0.0432467947	-0.0310511555	-0.1204596673	0.0270403505	0.0013431195	0.0614891276	-0.0171595216	0.1064643693	0.0857737167	0.0283681653	0.0557009667	0.0959277507	0.1465153448	-0.1177195781	-0.07950877	-0.0950470711	0.0297973719	0.0675043734	-0.0869521464	0.0467560593	0.1063438116	-0.0928744695	0.0623121844	0.0336268158	0.0857307809	-0.0397935613	0.0066565767	-0.0945899393	0.1205568084	0.1075698572	0.0924613713	-0.2162978695	-0.0590761685	0.1034208862	-0.1558761061	-0.120538087	-0.0881381859	0.0121018353	-0.1016392489	-0.06116586	0.0022682838	-0.0505761664	0.0768060176	0.1864054075	0.0206919615	0.0075685155	0.0035504958	-0.0595914799	-0.1829229535	-0.0602703979	0.0809610192	-0.0086241587	-0.0762323539	-0.1574304435	-0.0051059389	0.0879024026	0.0360470034	0.0638286082	0.0445007452	-0.0739028941	-0.0059869982	-0.05828621	0.135504418	-0.042955334	-0.0943025801	0.0793389845	0.0755864521	-0.1273746953	-0.0173911916	-0.0670059885	-0.048728797	-0.0817347201	-0.1416293915	0.0439458188	0.084380544	-0.049141529	0.0562817322	0.1286771438	-0.0042676649	0.0248389131	-0.0606986042	0.010482084	0.0326964596	0.1749753111	-0.1296558748	-0.0423669894	-0.0884289321	0.1055035841	-0.018802	0.0092331	8.525013561000002e-05	0.000353515204	0.0478665	0.0215103	0.00046269300609	0.00229120182225	0.0218115	0.01880325	0.00047574153225	0.0003535622105625	-0.00193087	-0.0003657399999999	3.7282589569e-06	1.3376574759999985e-07	-0.0007713229999999	-0.0002599369999999	6.756724396894803e-08	5.949391703288457e-07	0.000229054	0.0002703659	7.309771988281e-08	5.2465734916e-08	0.0	0.0	0.0	0.0	0.0	0.0	0.0	0.0	0.0	0.0	0.0	0.0	0.0	0.0	0.0	0.0	0.0	0.0	0.0	0.0	0.0	0.0	0.0	0.0	0.0	0.0	0.0	0.0	0.0	0.0
569.5955621370089	0.1523371984967525	0.0232066220458389	324439.10440617515	826.0142253351045	-3.328772931020808	11.08072922629686	682299.5004559527	531.8156490089577	-0.3090978199005576	0.0955414622672775	282827.8845308189	562.520017401475	605.5286133156521	1.204796	51.270836	0.0685264	0.0344786	0.0402943508	-0.1313275553	-0.0253234919	-0.1043700305	-0.0498444164	0.084906258	0.0808645495	0.1110222861	-0.095622757	-0.1266165819	0.0155543658	0.0042490268	0.053435984	0.074368349	-0.0793645524	0.0784801174	-0.1854928224	-0.0859730371	-0.0058446091	0.115364561	-0.0601355704	-0.0364308072	0.0470249694	-0.0050928158	0.0763356367	0.0146717489	-0.0048367718	0.0910605421	0.1375154564	-0.0345549677	0.0631089553	0.0636801912	-0.1627508187	-0.0739607381	0.0782334558	0.0245049534	0.138944503	0.1445433606	-0.0122617352	0.0351591258	0.0677371631	0.0894293817	-0.1123658434	0.1176802048	0.0600012317	-0.0583110462	-0.2056654241	-0.0879803796	-0.0658753927	-0.2400984666	-0.0966158269	0.1419674362	0.1450164995	0.0269087868	-0.0871209806	-0.0045433221	-0.0057211887	-0.0629623598	0.0976326456	-0.047846031	-0.1496353153	-0.0118512705	-0.0894340714	0.0753810944	0.1078720748	0.0430488909	-0.1124983723	0.0480881666	-0.0339256383	0.0687188345	-0.1564327511	0.0907236786	0.1007378029	0.1480337965	-0.1233743296	0.049012943	-0.0650740747	0.1228265681	-0.1309643006	0.1262503297	-0.0778219695	-0.0139474608	0.0371793352	-0.0323365271	-0.0392881021	-0.0505730952	-0.0951833444	0.0652316109	0.0840765704	-0.0806557511	0.0008918775	0.0249962903	0.0067771146	0.0367868344	0.2030993199	-0.1129135869	0.0907330832	-0.1005639902	-0.0024993991	-0.1030200028	-0.1097670671	0.0788021978	0.0492410666	-0.0168659541	0.027974237	-0.1876910889	0.016082716	0.1244915524	-0.0647816662	0.0011786044	0.1631695519	-0.089772312	-0.1076041729	-0.0530925449	0.1578037085	0.1381400534	-0.0732274951	-0.057644111	0.1519627713	0.0344366048	0.0063099654	-0.0126445649	-0.1468440325	0.0471930041	-0.0471149254	-0.0574907604	-0.0219866047	-0.1638469941	-0.0416262677	-0.1253737126	0.1050793126	0.0662472098	-0.1217024386	-0.0596870896	-0.0622935163	0.0781705954	-0.0241918261	0.2329680217	-0.0789090559	-0.0102774804	-0.0814828128	-0.1296995999	-0.0185920844	0.1706669016	-0.0366546366	0.0751535901	0.0949823117	-0.0775323929	0.0085349879	0.0845607934	-0.0191409758	0.0726367275	0.0809837538	0.0265587882	-0.1026541138	-0.0017502818	0.1589899145	-0.0155469114	0.0640090546	0.0171397965	-0.0204794774	0.0385000714	0.0170509385	-0.0262095271	0.0265582329	-0.0090220095	-0.0802177441	-0.0050429108	0.1557339668	-0.1743097774	-0.0536358625	-0.1865416661	-0.1507110115	-0.013182944	-0.0746705062	0.0140243924	0.1262068681	0.0805576725	0.088063863	-0.0118685106	0.0510690017	0.1435705981	-0.1065201787	-0.0467823982	-0.0641700593	-0.0550252287	-0.1144577165	0.0338579988	0.0035189938	-0.2071281506	-0.0690543935	-0.0537321132	0.0280469183	-0.0241870193	0.1404368426	0.085136842	-0.07334498	0.0361141579	0.092764329	-0.0448090364	-0.0848412804	0.1088756826	-0.0219504	-0.0031483999999999	9.912422559999994e-06	0.0004818200601599	0.0207287	-0.0271378	0.00073646018884	0.0004296790036899	0.0152711	-0.0065404	0.0002332064952099	4.2776832160000025e-05	-0.00163952	0.0002913499999999	2.6880258304e-06	8.488482249999996e-08	-0.000511386	0.0002599369999999	6.756724396894803e-08	2.61515640996e-07	0.000146345	-8.270899999999998e-05	6.8407786809999984e-09	2.1416859025000006e-08	0.0	0.0	0.0	0.0	0.0	0.0	0.0	0.0	0.0	0.0	0.0	0.0	0.0	0.0	0.0	0.0	0.0	0.0	0.0	0.0	0.0	0.0	0.0	0.0	0.0	0.0	0.0	0.0	0.0	0.0
572.0338482463552	2.438286109346336	5.945239151031293	327222.72353953414	825.1365103265863	-0.8777150085181802	0.7703836361780692	680850.2606739367	533.2878335840188	1.4721845750610782	2.167327423047768	284395.91344873613	563.9897011748706	586.6324282151679	1.330919	56.638084	0.0898840999999999	0.0478163	0.083182873	-0.0556336299	-0.0100046457	0.0081246782	-0.1200095672	0.0597044243	0.1105129305	0.0577688023	-0.0712646638	0.0662859603	-0.0965124511	-0.0043574679	0.097822112	0.1012113398	-0.1834125576	0.0772630201	-0.0793442976	0.0541611404	-0.090641383	-0.1855623952	-0.0372335543	-0.1275957449	0.0360309811	-0.0847545586	0.0749226653	0.0404801464	-0.0706462679	-0.0872186849	-0.1252025133	0.1813050294	-0.0021814713	-0.0601212235	0.0899282677	0.0363392427	0.0819889409	-0.1059035413	0.1200358756	-0.1124766086	-0.0221313162	0.0132791483	0.0153228253	0.0491845335	-0.1117138578	-0.164876908	0.0719480637	0.0343297431	0.0263924094	0.0089918448	-0.0014873797	-0.0104137412	-0.1065893962	0.0181617703	0.0290160733	0.2128890971	0.0111524598	-0.0552280136	0.0824667837	0.1120299457	0.0174585663	-0.0589525924	-0.0727218013	0.050847343	0.063409546	0.1155196016	-0.0518408448	-0.1087932495	0.0393998259	-0.1379278291	0.1163580187	-0.0453321492	0.1036071437	0.0538015237	0.0999530697	-0.0114878798	-0.035055558	-0.0890868595	0.129964378	0.0522022009	-0.0740218318	0.0482776989	0.1046159149	-0.074624973	-0.0100921505	0.1135938986	0.0766992611	0.0033529011	0.0262465443	-0.0392942576	0.0561050331	-0.1114369818	0.0608180892	0.0621916796	-0.0998204686	-0.08075176	0.0748105589	0.058593769	-0.0805067378	0.2304396202	-0.1227411876	-0.090744765	0.0742388918	-0.0358506317	-0.0589233275	0.0381780399	0.1303101713	-0.1679833372	-0.0448305007	-0.1883362753	0.0131582058	-0.0720494896	0.0597057989	-0.0963805273	-2.5827e-06	-0.0657386805	0.0632502616	0.1526909844	0.1157787629	0.0116664376	-0.0894874152	-0.0149930091	0.0481407181	0.0324500813	-0.1106646996	-0.062769113	0.0167327952	0.101109107	-0.1579710535	0.1452858282	0.1395029562	0.0722206945	-0.0562687871	0.0223087927	-0.0624073578	-0.0565889623	0.0595889667	-0.0401151326	-0.0150587255	-0.056650489	-0.1913133253	0.1069089644	-0.0328731188	-0.0824081581	0.0205708406	5.28322e-05	-0.0097940977	0.0825999925	-0.0670516582	0.0223490476	-0.0272966363	0.0706167233	0.0056384907	-0.0735350515	0.0703199785	-0.0609224415	-0.0484066238	-0.0451256313	0.0620367327	0.0645616295	0.055527556	-0.146044862	-0.2103659659	-0.0120236088	-0.0023210156	0.1186303916	0.0448206847	0.2535993352	-0.1293011067	-0.1085421982	-0.074746169	0.1179327956	0.0764054172	-0.0555738788	0.1082538213	-0.0474565266	-0.0584565032	-0.0856269846	0.0485041433	-0.0434489607	-0.0730027285	-0.0429796882	-0.129758903	0.1221881288	0.12927622	0.0103415935	-0.0176055204	0.0700014531	-0.0136618105	-0.0153112597	0.0261519682	-0.0644056302	0.0540246261	0.0195618436	0.1484852175	-0.0483028182	0.0430455829	-0.0300820911	0.0594783725	-0.1189620032	0.0539215879	-0.0472291519	-0.081087548	0.111768338	-0.0084005999999999	0.0135498	0.00018359708004	7.057008035999833e-05	0.0391555	0.0184268	0.00033954695824	0.00153315318025	0.0406229	0.0253518	0.00165022000441	0.00064271376324	-0.00225999	-0.0006204699999999	5.107554800099999e-06	3.849830208999999e-07	-0.000511386	0.0	0.0	2.61515640996e-07	0.000115701	-3.0644000000000014e-05	9.390547360000006e-10	1.3386721400999998e-08	0.0	0.0	0.0	0.0	0.0	0.0	0.0	0.0	0.0	0.0	0.0	0.0	0.0	0.0	0.0	0.0	0.0	0.0	0.0	0.0	0.0	0.0	0.0	0.0	0.0	0.0	0.0	0.0	0.0	0.0
573.4039187772293	1.3700705308740453	1.877093259569488	328792.0540690833	826.7421106262933	1.605600299707021	2.5779523224192755	683502.5174828182	534.608131886396	1.3202983023771822	1.7431876072600692	285805.85467906215	565.3755927647427	625.0253498423358	1.421043	60.473366	0.0872226299999999	0.0517104	0.093960141	-0.0108832115	-0.0660714689	-0.0515983349	0.0693010606	-0.0453785507	0.0995745289	0.0510413371	0.0647996314	0.0561044502	-0.0508797265	-0.1274896574	-0.1117405563	0.0835064916	-0.0395767257	0.1410419737	0.0817208394	-0.0564835288	0.1666304227	-0.0713849258	0.0305408975	0.0344732247	0.0716151545	-0.0997613414	-0.0154087117	-0.0355096832	-0.1650452502	-0.0273298127	-0.1496150054	0.0166363055	-0.000558623	-0.0005682617	-0.0361147061	0.0566232259	-0.0017437292	-0.0098386192	0.1044097724	0.027672468	0.0200651796	-0.0893576578	0.042817148	-0.1990755365	-0.1096499954	0.0410704171	0.1944616491	0.0273645038	0.0985457263	0.0039715978	0.0527523275	0.0049465476	-0.0964415062	-0.0667694349	-0.1385419566	0.0941449121	0.0546153731	0.036120142	-0.0834924999	0.1266395795	-0.0921485415	0.0346689266	0.2852652222	0.0497819945	-0.0964954143	-0.0112240443	0.0432393865	-0.0579523136	0.1256495299	-0.0688464613	-0.0166003746	-0.0504659781	-0.0625058509	0.0086325246	0.0418247933	0.1034825471	-0.0628809227	-0.1820475311	0.0020388955	0.0457260753	-0.0711640496	0.046511608	-0.0944316562	0.0129873206	0.127193556	-0.0095918796	-0.0806869559	0.0108694069	0.1033421026	0.0592008749	-0.0247695931	-0.0539444	-0.0558678149	0.0674699069	0.1621804272	0.1236580715	0.0197767847	-0.1065769771	0.0996898366	-0.0236560695	-0.0599343438	-0.0324648032	-0.1257103559	0.0833559475	0.0649751976	-0.0010702828	0.0167681961	0.1014069949	0.0004180765	-0.0273363851	0.1219255725	-0.0628759714	-0.1612295978	-0.0823741433	-0.053452167	-0.0910858188	-0.0300610871	-0.0311436189	0.1735850032	0.0460109077	0.0982091757	0.0707775312	-0.0541855488	0.0045304424	0.0384555799	-0.1835614784	0.0646179116	-0.086567373	-0.0953758117	0.1442796026	-0.1337020544	0.0826808123	-0.0907273277	0.0875573695	0.0135861162	-0.1250893468	0.0460618601	0.0485163509	-0.0872092944	-0.0241414443	-0.0423494522	0.0876297416	-0.0602047067	-0.0963027151	-0.0350163592	0.1122223226	-0.0983853305	-0.0645303197	0.036804373	-0.0314336582	0.0456015112	-0.0891699028	-0.0456247026	0.0768345671	-0.0389103461	0.128109959	0.0545880614	0.0542153468	-0.1240216088	0.0524425303	-0.0791637062	0.0476576378	0.1411421987	0.0390400801	0.0620589769	-0.0963218507	0.05831428	-0.121747718	0.066084308	-0.069470543	0.1299737832	0.0184040944	0.0771763575	-0.129995635	0.0251531045	-0.1766599677	-0.099739001	-0.1107893684	0.0401658202	0.0816006814	0.0494826174	-0.0827941892	-0.0388689992	-0.1512321012	-0.0278888742	0.0377999653	-0.0472460398	-0.0559866159	-0.051289524	0.0679310817	-0.096244464	0.0215616525	0.1125710292	-0.0357594496	-0.0992471117	0.0059910533	0.0998245336	0.01571085	-0.0081214466	-0.0436630135	0.0971769292	-0.0496261511	-0.077175083	0.1141688124	-0.0151146	-0.0067140000000001	4.507779600000134e-05	0.00022845113316	0.0309694	-0.0081861	6.701223321000003e-05	0.00095910373636	0.00600608	-0.03461682	3.60729969664e-05	0.0011983242269124	-0.0016091	0.0006508899999999	2.58920281e-06	4.236577921e-07	-0.000563155	-5.176900000000001e-05	2.680029361000001e-09	3.17143554025e-07	6.42458e-05	-5.14552e-05	2.64763760704e-09	4.1275228176399995e-09	0.0	0.0	0.0	0.0	0.0	0.0	0.0	0.0	0.0	0.0	0.0	0.0	0.0	0.0	0.0	0.0	0.0	0.0	0.0	0.0	0.0	0.0	0.0	0.0	0.0	0.0	0.0	0.0	0.0	0.0
570.6869197037529	-2.7169990734763587	7.382083965271391	325683.5603209577	827.4299460172311	0.6878353909378347	0.473117525026604	684640.3155660781	534.0029788864174	-0.6051529999785998	0.3662101533830992	285159.1814595676	565.1778507029871	629.4531995158179	1.410907	60.042019	0.05644778	0.0280997	-0.0187695211	-0.1375191387	-0.0342931465	-0.0147524583	0.1700407412	0.0542614226	0.0758873887	-0.0945508902	0.1429224673	-0.1603142973	0.1039314716	0.1673208675	-0.1546077586	0.078568966	-0.1344269359	-0.0267907752	0.0344588651	0.0516157537	-0.004732905	0.0036257668	0.0945607833	-0.1245278671	-0.0625468841	0.0528683343	0.0470000364	0.0179905029	0.0719296201	-0.0499099751	-0.0071543548	-0.0837427719	-0.1010917528	-0.1205435433	-0.1746654225	0.1461312072	-0.0337647827	-0.1042328846	0.1403041985	-0.1186412269	-0.0119136669	0.0489465218	-0.0054480669	0.1076074753	0.0909215938	0.0325009225	-0.0024453811	-0.0441972896	-0.0432903478	-0.0062955331	0.0520023522	-0.0581430998	-0.0299258411	0.0802753073	-0.2056317726	-0.0140795373	-0.1710940425	-0.0101201274	0.0260129391	0.044569903	0.0802384158	0.0626898355	0.0395246458	0.0711600274	0.1024195457	-0.0015542202	0.09726515	0.0688368888	-0.2081185097	0.0313096105	0.0733669961	0.0365208318	0.0893902668	-0.0609274963	0.0901878915	-0.1938250333	0.1869459092	-0.0456133592	-0.0182342448	0.1977381476	-0.0544586043	0.0965072205	0.1158784576	-0.0946362253	0.0568847626	-0.016369492	0.056155278	0.0238900311	0.01966565	-0.064024036	-0.0324870714	-0.0616345755	0.0561196317	-0.0851848649	0.027437827	-0.0147786455	-0.0087326765	0.0491076321	-0.1151578473	-0.0513634513	0.0207064194	0.0723066816	-0.137814506	-0.0683308172	-0.0221027878	-0.1013861235	-0.0336472872	0.030412155	-0.0192810203	0.0135805277	0.0140848635	0.0292052292	0.0899278142	0.1789907465	0.0124366752	-0.0537833049	0.0745497329	-0.2098824697	0.0552850826	-0.1939987585	-0.0223815099	-0.032171503	0.0352942152	0.049821357	-0.0243459729	0.095107026	0.0707549169	-0.076061161	-0.0475726767	0.0401612643	-0.0405126679	-0.0465622914	-0.0559143796	-0.2059403351	-0.1158816379	0.0421572495	0.0533615646	0.0116331802	0.1963441238	0.0382693417	-0.1952630318	-0.0903692303	-0.0390057392	-0.0322489896	0.1020620344	-0.0146501465	0.0851942762	0.0089945709	0.1026444868	0.0362907399	0.2054765544	0.0373286734	-0.0317353735	0.0506128649	-0.0118569394	-0.0455298141	0.1080282172	-0.0171907017	-0.0595945273	0.0791096128	0.1307011244	0.0590671078	0.0714855682	-0.0997473921	-0.1225940371	-0.0720276708	-0.0002136249	0.1288277444	0.1229676545	0.0267217261	0.0394743296	-0.0996535199	0.0917420766	0.0234360286	0.0338017717	0.0810207814	0.0060396983	0.0505993548	0.1495169146	-0.0024248832	-0.0449788369	0.124693061	-0.0646557642	-0.140016807	-0.1131531344	-0.0504591019	0.0798892157	-0.1063645116	-0.0854889675	0.1122218735	0.0478124519	0.1386705498	0.0917530975	0.1510841221	-0.100229462	0.0823647431	-0.0370236919	0.0807954459	0.0043066511	-0.0140461379	0.0062304028	-0.051998861	-0.073111544	0.116066535	-0.0153389	-0.0002243	5.0310490000000095e-08	0.00023528185321	0.047366	0.0163965999999999	0.0002688484915599	0.002243537956	0.0155252	0.0095191199999999	0.00024103183504	9.061364557439998e-05	-0.00169725	-8.814999999999995e-05	2.8806575625e-06	7.77042249999999e-09	-0.000923257	-0.000360102	1.2967345040400006e-07	8.52403488049e-07	0.000222149	0.0001579032	2.493342057024e-08	4.9350178201e-08	0.0	0.0	0.0	0.0	0.0	0.0	0.0	0.0	0.0	0.0	0.0	0.0	0.0	0.0	0.0	0.0	0.0	0.0	0.0	0.0	0.0	0.0	0.0	0.0	0.0	0.0	0.0	0.0	0.0	0.0
569.7394365758255	-0.9474831279273984	0.8977242777070871	324603.0255897391	828.7495187487804	1.319572731549215	1.7412721938482565	686825.764826335	532.8493999085805	-1.1535789778369008	1.3307444581072287	283928.48298293434	564.1615516392014	636.6996635743552	1.413678	60.159927	0.101099685	0.0521871	-0.1282505491	0.0077326815	-0.0532438895	-0.0233667697	0.1660553398	0.0346047622	-0.0537155695	-0.078665688	-0.0190923416	-0.1449808158	-0.074006223	-0.0534708277	-0.1020295475	0.1550247052	-0.0218439436	-0.1544530482	0.0733143449	0.069979096	-0.0955149706	0.0788815531	0.0118406421	0.0894032951	0.0831966094	-0.114704183	-0.0631004915	0.0408291851	0.1819735159	-0.0069870849	0.0339997079	0.0100328264	-0.0281056328	-0.0083393589	-0.0942912843	-0.0242728281	0.1886999098	0.0335631448	0.055575549	0.0585963331	-0.0448689422	-0.061178942	-0.0197273624	-0.038330557	-0.005368745	0.0058987869	-0.1137636302	0.0713265383	-0.0269229066	-0.0576605643	0.0915359611	-0.0590415359	0.0626292273	0.0406266182	-0.010485407	-0.2787576755	-0.0395539744	0.0674590852	-0.081833465	0.0001218814	-0.1021124909	-0.0631999764	0.1467993929	0.0666002191	0.1178427283	-0.0553038499	-0.1705024512	0.1364204302	0.0497934476	-0.0666474101	-0.1701947036	-0.0989990901	-0.1075834791	-0.0737509611	0.1802110216	-0.0344655448	-0.050225676	0.0555568419	-0.1498604579	-0.0589159656	-0.0797364762	0.0675907688	-0.0727667034	-0.0520840353	-0.0409252667	0.0453011814	-0.125503007	-0.0384825295	-0.0308008423	0.0564701282	0.0760221316	-0.0022400498	0.0587309229	0.0167823606	0.0324328774	-0.0224296726	-0.097340312	0.0191316769	0.0516730811	0.126401255	0.0191350677	0.1133704925	0.1621599838	-0.0807770546	0.0883136323	0.0160051829	-0.0331262152	-0.0146004191	-0.0176975316	-0.0489854543	0.0787916431	-0.1184930389	0.1088559721	-0.0627413192	0.0044740755	0.0495501106	0.015570279	-0.1251745405	-0.182301472	-0.0362771231	0.0846105442	0.1158503973	-0.0651194903	-0.0842480914	0.2320043007	-0.1007474268	-0.0678508381	-0.1813714757	-0.0832387201	0.0990852162	0.0725570829	0.0358616369	0.1784465579	-0.0677961162	0.1381218701	-0.0603746951	0.0863506045	-0.0227514697	0.0407879543	0.0735579777	-0.0176494334	-0.1030971753	0.0712116658	0.0209720482	0.098054719	0.1209524172	-0.1137010704	0.0351263049	-0.0463096889	-0.0999370615	-0.0488461349	-0.125894167	0.0872591985	0.0406303061	-0.0048379774	-0.1067991511	-0.0045510032	0.0033943186	0.0406353957	-0.1848021036	-0.0690925163	-0.0606351436	0.0244921025	-0.0652729699	0.0547418142	-0.0494846103	-0.0374968918	0.0717293224	0.1058568463	0.0461670473	-0.2073990357	-0.0325430751	0.0244467577	-0.0330038564	-0.029853092	0.0464676425	-0.020176049	0.0938648022	-0.0357424692	0.0898509313	0.0177529801	0.1435367846	0.1484898515	-0.0433955849	0.0440936163	-0.0815469799	-0.0057241313	-0.0974640698	0.0691425614	0.0148322779	0.0428867582	0.2076615089	0.0911097551	-0.1408319535	0.074837626	-0.0153906424	-0.0315277007	-0.1440823259	-0.0332547334	-0.1240398595	0.112994685	-0.0543461203	-0.0689048858	0.117453149	-0.0234706	-0.0081317	6.612454489e-05	0.00055086906436	0.00690015	-0.04046585	0.0016374850162224	4.76120700225e-05	0.00132034	-0.01420486	1.7432977155999998e-06	0.0002017780476196	-0.0012105	0.00048675	1.46531025e-06	2.369255625e-07	-0.000923257	0.0	0.0	8.52403488049e-07	-5.70465e-05	-0.0002791955	7.795012722025e-08	3.2543031622499998e-09	0.0	0.0	0.0	0.0	0.0	0.0	0.0	0.0	0.0	0.0	0.0	0.0	0.0	0.0	0.0	0.0	0.0	0.0	0.0	0.0	0.0	0.0	0.0	0.0	0.0	0.0	0.0	0.0	0.0	0.0
568.5375090106123	-1.2019275652131682	1.4446298720192547	323234.8991519921	828.9666218279692	0.2171030791888597	0.0471337469932843	687185.6601048753	532.3203550887603	-0.5290448198202284	0.2798884213786179	283364.9604418238	563.4017322003983	597.6286062635843	1.465755	62.37611	0.154198085	0.0734545999999999	-0.0101476018	0.1130383645	-0.0199550098	0.0214758273	0.014127899	-0.0621323432	-0.0726904518	-0.0737800867	-0.029873635	0.0116089257	-0.1359702392	-0.0195890201	0.1122822685	0.0394709517	-0.0851467846	-0.0453758117	-0.0289792753	-0.0452656448	0.0739126961	0.073394855	-0.0969863292	-0.1464218812	-0.054926203	0.1284936836	0.0672802785	-0.1227767043	-0.0269192882	-0.0802536887	-0.1387359186	0.1042680148	-0.0719292517	0.0916615577	-0.0186227433	-0.1417755857	0.0784513973	-0.1580589998	-0.0868263637	-0.2257511473	0.095650651	0.0227991653	0.018488359	0.037857947	-0.0086063774	0.0968230346	0.0493842617	0.0636631981	-0.0080578279	0.0289008627	0.0300177332	-0.0843206215	0.0088881798	-0.0782580982	0.1354693456	-0.095750303	-0.0776140558	-0.0815787866	-0.1380719634	0.0099400161	0.0012034978	0.0114550312	0.0117535252	-0.040009017	0.0136076072	0.0630512825	0.03524402	0.0578837379	-0.0031356724	0.2595790068	0.1843446442	0.0095517803	0.0018123286	0.1610146442	-0.0247273317	-0.1249928412	-0.0966054843	-0.0497274448	0.0829359506	0.0820124616	0.0632997651	-0.0464967768	-0.0155305203	0.1145721353	-0.0832548601	-0.0645868234	-0.0927816212	-0.0394084246	0.0116998844	0.1859634368	0.1387789448	0.0056652121	-0.0240565181	0.061064383	0.0148043149	-0.0232690144	-0.05588427	0.0157052026	0.006413092	-0.0232739515	-0.0001027649	0.101336944	0.0267596144	-0.024451569	0.0878798018	0.1221164879	-0.0993773002	0.1276688619	0.120622031	-0.077525969	-0.0668163352	0.106316487	-0.0580878828	0.0103371323	-0.1640575715	0.0179258896	-0.0932953463	0.0467613324	-0.1456705073	-0.0379139438	0.091779448	-0.0359840637	-0.0990626618	0.0769682451	-0.0655370691	-0.0362359874	0.1219950462	0.0520820733	0.0659357556	-0.1564475369	0.1003973135	-0.1208365548	-0.1721083474	-0.0251323336	-0.0433036081	-0.0946101304	0.0369853267	-0.048240501	-0.0734255658	-0.0234902443	-0.0007732432	0.0236324599	0.0516518775	-0.011306492	0.0296932651	-0.1378280928	0.0265972155	-0.1160132977	-0.0965543223	-0.0874005264	-9.47754e-05	0.1057558206	0.0532652811	0.1503309201	0.032449033	0.124929772	-0.0138689441	-0.0748298362	0.0529388168	0.004616259	-0.0823968921	-0.0086242591	0.0571725785	-0.1484599231	0.0600694354	-0.0980139033	-0.0628425929	0.0967811489	0.011751125	0.0344490011	0.0793117602	0.0980039741	-0.1325971355	-0.0493173171	0.0597212253	0.1324971488	0.1363916502	-0.0160002692	-0.1151292032	-0.0381082088	-0.068921058	0.106058877	0.1102572045	0.0959513638	-0.0879701799	0.0035678586	-0.0329447538	-0.1223292855	-0.1447328475	-0.1376608911	-0.0202194051	0.1134235588	-0.1191716215	-0.1135499294	0.005054416	0.0016366551	-0.0567257171	0.0818557745	0.1307552091	-0.0302029095	0.0702192914	-0.05666678	-0.0645633431	0.1183225485	-0.0145087	0.0089619	8.031565161000003e-05	0.00021050237569	0.0522332	0.04533305	0.0020550854223025	0.00272830718224	0.03324	0.0319196599999999	0.0011048975999999	0.0010188646945155	-0.00202972	-0.00081922	4.1197632784e-06	6.711214084e-07	-0.000549208	0.000374049	1.39912654401e-07	3.01629427264e-07	0.000109354	0.0001664005	2.7689126400249995e-08	1.1958297316e-08	0.0	0.0	0.0	0.0	0.0	0.0	0.0	0.0	0.0	0.0	0.0	0.0	0.0	0.0	0.0	0.0	0.0	0.0	0.0	0.0	0.0	0.0	0.0	0.0	0.0	0.0	0.0	0.0	0.0	0.0
571.1443387769623	2.6068297663499607	6.79556143072819	326205.8557169735	832.6078806322912	3.6412588043219785	13.258765680052324	693235.8828909957	532.9943125577297	0.6739574689694336	0.4542186699796851	284082.93721888686	563.8900213423321	617.1084878722069	1.352838	57.570827	0.08756235	0.0537467	-0.0600177916	0.0719993334	-0.0597413102	-0.1217136742	-0.092615714	-0.0120840963	-0.1516616724	0.1379715057	-0.047732717	0.0785904503	-0.0043537818	0.0933031516	0.1209342511	0.0840808376	-0.0498994947	0.0747620961	0.0718673514	-0.0829898109	0.0295570629	0.0890087119	-0.0167538427	0.0253764757	-0.0254269485	0.0800362577	0.0896276796	0.0868940141	0.2286768775	-0.0001784297	-0.2263420462	0.0760708185	-0.0239368091	-0.07933485	0.1286125404	0.0019422445	-0.0708827987	-0.0671652085	-0.0543930601	-0.0568583307	0.0558901448	0.0862612823	-0.0994838481	0.055017921	-0.2398930098	0.1104412257	-0.0196634924	-0.0676863309	0.0422544498	-0.125207725	0.0018231645	0.0965027184	0.069551141	-0.0341399706	0.2164496387	0.0712929038	-0.1211300383	0.0118958123	-0.1092652701	-0.005082169	0.0703082706	-0.0077430882	0.0534227666	0.0962808718	0.1138400144	-0.0250344768	-0.0215417443	-0.054143916	-0.0720938771	0.0490797873	0.0065590375	-0.0977333585	0.0344833924	0.1159304568	-0.1539757663	-0.1165061912	-0.060398452	-0.0079484143	-0.0761763977	-0.0276903713	0.0940721968	0.0857297145	-0.1389453557	0.0117481894	0.0460397157	0.0492129927	-0.0401232593	-0.0767360892	-0.0662497542	-0.1414894682	-0.0295952251	0.0799206694	0.1053732726	-0.0527030207	-0.1955231367	0.0081828356	-0.0799630783	0.0486236005	0.041580835	-0.0269718281	0.0800710018	-0.0373079282	0.0105224359	0.1207824892	0.0880320083	0.1656103036	-0.1535022726	-0.0789602791	0.1057463306	-0.0724519634	0.1152081493	-0.15779699	0.0152855336	0.0792925211	-0.2156307498	0.0933836797	-0.0448193174	0.1833210843	-0.0852068112	-0.1010746917	0.0067135584	0.0727277001	-0.1013616456	0.041809907	-0.0009629767	0.0545296957	0.0241245679	0.1477000992	0.0221781991	0.0064840338	0.0649656076	0.0760948254	-0.0568556992	-0.2046114626	-0.0711145287	0.0111016731	0.0006201887	-0.0937953637	0.0226632138	-0.000445936	0.1071688523	0.0330404785	-0.0220076747	0.0289997899	-0.035696862	-0.1460686876	-0.1000869194	-0.1084749403	0.0327704912	-0.1464246388	0.085735871	-0.0572375573	-0.016620863	-0.0362721965	0.0495045947	0.0189512221	-0.1053176893	-0.1791769827	0.0984453774	-0.0933090382	0.0773633969	-0.0647966786	0.0174693733	0.0152420415	-0.1298255896	-0.0616857274	-0.0916355161	0.0347145087	-0.0922352968	0.1032648349	-0.0337763983	-0.0529424868	-0.2001660355	0.0135441944	0.0145709265	0.0184991805	-0.2653879189	0.0527016024	-0.0858862941	0.1048310836	0.0128042675	0.0248808875	0.0554594322	0.1505458112	0.1395144825	-0.0165313738	-0.1468076892	-0.0031261215	-0.0653631897	0.0317828951	0.1377099801	0.0292767427	0.0341670765	0.0418144117	-0.0315301236	-0.0226619474	0.1157192089	0.0129626606	0.1404479427	-0.0196987449	0.0164240464	-0.0589597043	-0.0600954145	0.1186709048	-0.0182825	-0.0037738	1.4241566440000004e-05	0.00033424980625	0.00672544	-0.04550776	0.0020709562202176	4.52315431936e-05	0.00627016	-0.02696984	3.931490642560001e-05	0.0007273722696256	-0.00186879	0.00016093	3.4923760641e-06	2.5898464900000032e-08	-0.000516238	3.2970000000000005e-05	1.0870209000000003e-09	2.6650167264400004e-07	0.000141673	3.2319000000000014e-05	1.044517761000001e-09	2.0071238929000006e-08	0.0	0.0	0.0	0.0	0.0	0.0	0.0	0.0	0.0	0.0	0.0	0.0	0.0	0.0	0.0	0.0	0.0	0.0	0.0	0.0	0.0	0.0	0.0	0.0	0.0	0.0	0.0	0.0	0.0	0.0
572.8454763677395	1.7011375907771935	2.893869102755234	328151.9397949824	829.5211186369753	-3.0867619953158965	9.528099615726576	688105.2862647389	533.70055385069	0.7062412929602715	0.498776763882196	284836.28118053323	564.2894798641677	613.1091661920561	1.217531	51.812778	0.08800095	0.0501653	-0.0878224682	0.0570578173	-0.0323676033	-0.0474610355	-0.1025076902	0.051261684	-0.1244492604	0.0925593122	-0.0502055977	0.1135149517	0.0453007064	-0.0144125746	0.0824829439	-0.132255574	0.0379364884	0.0877255502	0.0791870277	-0.0733492821	-0.0075905982	0.1881995467	0.1257406369	0.018065405	-0.0608523121	0.0130892022	-0.0566905283	0.0179981857	-0.0206692154	0.0251420561	0.0907231253	0.0561623966	-0.0905791728	-0.0937437126	-0.0988657548	-0.0851497692	0.0219065796	0.0283942531	0.0268267663	-0.0257589565	-0.1070542027	0.143218631	0.0401504155	0.052576361	-0.118206784	0.0196172146	0.021895125	-0.1852813483	0.0529407195	0.0376876414	0.0754683062	-0.0011895032	0.0969059827	0.0215022275	0.0990559557	0.17964234	-0.0964023449	-0.049811093	0.0368573758	0.0728522987	-0.10997271	-0.111839893	0.1040510757	-0.0358617547	-0.0947515841	0.0811206319	-0.032161635	-0.0339141637	-0.0162878226	-0.0839609559	-0.032521116	0.0457598437	-0.0060750033	0.0848372114	0.0345365758	-0.1557146879	-0.0826351272	-0.0178647685	0.1538692839	-0.0043844682	0.0324045441	-0.0796706913	0.0824100462	-0.0633606637	-0.030172069	-0.0678394483	0.0181285156	0.1096565851	0.0962489054	-0.00268649	-0.0123076386	0.074606506	0.0096500565	0.0716438956	0.1938511858	0.1182761561	0.0314151892	0.1033793215	0.0507754951	0.1992166756	0.0151457909	-0.042607319	-0.0648991375	0.0835258448	-0.0780118186	-0.0211390286	-0.1022571325	-0.1411019482	-0.0504428107	0.0681965383	-0.0764221643	0.0842059325	-0.0764247142	-0.0666080454	-0.0317580718	0.1222355795	0.004597108	0.1478099148	0.0233571659	-0.0524781091	-0.1230215171	0.0133489198	0.0161237501	0.1304117918	0.0086232759	-0.091103438	0.0500998962	0.0011114266	-0.0531176946	-0.0429361824	0.0911037611	0.0458348048	-0.0829194113	0.0857863148	-0.0805993033	0.1009878387	0.1392213795	-0.0231948725	0.0077639514	-0.1149552703	0.0163947572	0.1118935222	-0.0804510958	-0.0396861854	-0.0049577702	-0.0574078493	0.1941961698	0.0689954307	-0.011778977	-0.0805569714	0.0106571163	-0.0240187888	-0.0072085879	0.041075725	0.022448853	-0.0596657592	0.0364247204	0.2306709641	-0.0371980732	-0.081675675	-0.0419916175	0.057539585	0.1424728415	-0.0519155639	0.0327923869	0.1109609837	0.0606214245	0.0565654005	-0.173958449	-0.0153686323	0.0394882205	0.048540021	-0.0089581522	-0.0188239429	-0.0229346691	-0.1082756285	-0.0048447163	0.0681760085	-0.0666872103	-0.0028892115	-0.1412733708	-0.0015292221	-0.0831899626	0.0749935432	0.1329789942	0.0445127241	-0.0723184623	0.0185190977	-0.0479249881	-0.0352721721	0.1841717818	-0.078663545	0.1016290638	-0.1261331442	-0.0168914076	-0.0230100915	0.0849972117	-0.057733379	0.0477625548	0.0644624772	-0.0384034503	-0.0612237711	-0.0555098464	0.118496684	-0.0204654	-0.0021829	4.765052410000006e-06	0.00041883259716	0.0356025	0.02887706	0.0008338845942436	0.00126753800625	0.0309731	0.02470294	0.00095933292361	0.0006102352446436	-0.00248685	-0.00061806	6.1844229225000005e-06	3.819981636000002e-07	-0.000496634	1.9604e-05	3.8431681599999984e-10	2.466453299560001e-07	0.000134576	-7.097000000000017e-06	5.036740900000024e-11	1.8110699776e-08	0.0	0.0	0.0	0.0	0.0	0.0	0.0	0.0	0.0	0.0	0.0	0.0	0.0	0.0	0.0	0.0	0.0	0.0	0.0	0.0	0.0	0.0	0.0	0.0	0.0	0.0	0.0	0.0	0.0	0.0
573.2955722024587	0.4500958347192636	0.2025862604316306	328667.8131069446	827.2261526333998	-2.294966003575496	5.266868957567283	684303.1076006569	534.8259604758111	1.1254066251211725	1.266540071866627	286038.8079988739	565.5425241238913	638.1480800778502	1.335221	56.821144	0.12862967	0.0806710999999999	-0.1014762595	0.0485065865	-0.0647052441	-0.0578396694	0.085715549	0.0244465631	-0.1013840679	-0.0809804739	-0.0077144124	0.1261939327	-0.0127595295	-0.1200133766	-0.0861289791	0.0249841517	-0.1245296184	-0.0625677079	0.038272774	-0.0699888457	0.0687985135	0.0467482387	0.0706074771	-0.0185734928	0.0901906311	-0.0855474712	-0.0940890256	0.2264037336	-0.1667085654	0.1851980012	-0.0995945477	-0.0543872554	0.0483303156	0.0810404713	0.0800453731	-0.0450290731	0.1307725949	-0.0218367024	-0.0166659687	0.0716021466	-0.0583657109	0.055600419	-0.0758733738	0.1015728238	0.0111773248	0.0052370177	-0.0339215215	0.0823811164	0.0814458997	0.0639118411	0.0654027052	0.0602763721	0.1162838599	-0.0255357564	-0.07896462	-0.0107319977	-0.05203872	-0.0884992878	-0.0018800876	-0.1256547531	-0.1889671785	-0.2123882186	0.0687558453	0.0563281636	-0.085055591	0.0311828784	-0.0007535623	0.1028834222	0.0786858925	-0.0376449227	-0.1206619929	0.1202769211	0.0038825225	-0.0796366558	-0.1875292927	0.108187296	0.0470464795	0.0331260702	0.1202148243	0.0490027585	-0.0030341998	-0.0632835045	-0.0438770825	-0.0868984766	0.07757712	-0.0246828551	0.0159437555	-0.025784609	0.0782190606	-0.0450804699	-0.0260741956	-0.1007862021	-0.0847655089	-0.1401843427	-0.0199288096	-0.0843735297	-0.0375676758	0.0167138959	-0.1220530221	-0.0374485143	-0.0052298994	0.1615052402	-0.0578057054	0.0872162939	0.1218961478	0.0142935293	-0.0514504807	0.0480120527	0.0788768383	-0.0458266217	-0.0850868843	-0.1387215244	0.2104448595	0.0084367779	0.0770069013	0.0870173088	-0.0289182155	-0.0806711211	-0.0200204683	0.0233871018	-0.1063305278	0.1880102002	-0.0422715227	0.133603275	-0.0103486697	-0.2066538007	-0.079598017	-0.1275634236	0.0444594046	0.0224385744	-0.0442102522	-0.0600241982	0.1746244606	0.0179271175	-0.0542343678	-0.0007338992	-0.0286390461	-0.0304041529	-0.0903257899	-0.0586588837	0.1396307725	0.1691345717	0.1874736043	0.0052940743	-0.0264882986	-0.0790625189	0.1098912005	0.0734018516	0.0376757235	0.1206690368	0.0218642399	0.061744961	-0.0995365728	0.0209432723	-0.0170612504	-0.0614735303	0.0499827609	-0.1093587531	-0.1552115764	0.1495455439	0.090865437	0.0581131865	0.0628001529	0.1565054205	0.0701765437	-0.0170312685	0.0782749034	0.0464501579	0.099297872	0.0855604277	-0.0611957251	0.0355357973	0.0090439999	0.0196989627	-0.1208213393	0.1462920845	-0.0775518042	0.0755472437	-0.0601027745	0.1654511296	-0.0176844029	-0.0091975492	0.0179004282	-0.1311758267	0.0703320349	-0.0712628302	-0.0174178844	-0.1239523894	0.0841333144	0.0190173256	-0.1289406666	-0.0081819005	-0.1226452649	0.0875294245	-0.0534789995	-0.0731965752	-0.1181252094	0.1148694558	-0.027934239	-0.0134905673	-0.0040428977	-0.063457872	-0.0508156151	0.1178006533	-0.0193036	0.0011618	1.3497792400000024e-06	0.00037262897296	0.0123422	-0.0232603	0.00054104155609	0.00015232990084	-0.0078497199999999	-0.0388228199999999	6.161810407839844e-05	0.0015072113527523	-0.00124226	0.00124459	1.5432099076e-06	1.5490042681000002e-06	-0.000457413	3.922100000000004e-05	1.5382868410000027e-09	2.09226652569e-07	0.00015846	2.3884000000000004e-05	5.704454560000002e-10	2.51095716e-08	0.0	0.0	0.0	0.0	0.0	0.0	0.0	0.0	0.0	0.0	0.0	0.0	0.0	0.0	0.0	0.0	0.0	0.0	0.0	0.0	0.0	0.0	0.0	0.0	0.0	0.0	0.0	0.0	0.0	0.0
570.6141577920225	-2.6814144104362185	7.189983240495013	325600.5170726992	831.8789281491901	4.652775515790268	21.64832000033739	692022.5510986453	533.846682392259	-0.9792780835521172	0.9589855649255072	284992.2803012215	565.0844904621131	620.3374844744751	1.362604	57.986443	0.10427227	0.0552058	0.0367183209	0.1386592341	-0.0492432349	0.0023313833	0.1027856637	-0.1399368695	-0.0528880217	-0.1157189528	0.0763381435	-0.0512303022	-0.0329312549	-0.100343996	0.0617144271	0.0614628409	0.062798921	-0.0022017305	-0.0981791715	-0.1825981609	-0.0554669497	-0.0239621591	0.1353927114	-0.0029097519	0.0642725722	0.0066936828	0.0747853768	-0.0208486543	-0.0628154262	0.0588992183	-0.0784660013	-0.0636729162	0.1895747094	-0.0263205062	-0.0010328037	-0.0329832668	-0.083249875	-0.0936916176	-0.1196512937	0.0705529875	-0.0390327413	0.0268513294	-0.085417201	-0.0602407782	-0.0914543414	-0.0908693936	-0.0231209992	0.0217434599	-0.1080411261	-0.0264567759	0.0132225412	-0.0395867487	0.0070262908	-0.1381519147	-0.0382891056	-0.1432207765	-0.1707262412	0.018058718	-0.0956459851	0.0730769608	-0.0414236378	0.0353092144	-0.0191131324	-0.1885262833	-0.0851318307	-0.0007544969	0.0920436712	-0.0943545164	-0.0903066296	-0.0737500426	-0.0257480905	-0.0318565248	0.0857590418	0.0064795757	0.0246642613	0.13452709	-0.010842366	-0.0679064308	-0.0500857357	0.1158255514	-0.0111187604	0.0139184247	-0.0442109741	-0.0183548854	-0.0789564881	0.0310044507	0.0064123065	0.0301605325	-0.0076649678	-0.0296129944	0.048148091	-0.0442640585	0.0734395503	0.0476161858	0.023177916	-0.0671707431	-0.0446689555	-0.0103684215	0.0039828309	-0.037905299	-0.0678956096	-0.1516772187	-0.0211598301	0.0711408707	0.0630398567	-0.0024954619	0.0130546378	0.0755982247	-0.1273528471	-0.0375095412	-0.0905584845	-0.080250184	-0.1380057895	-0.1080812586	0.1511780616	-0.0144848384	-0.1562008664	-0.082278185	-0.0408340891	-0.1136509059	0.1628565564	-0.0173528408	0.1106747093	0.0918891701	-0.0813517437	-0.1129071861	-0.0445654579	-0.0262770098	-0.0787098347	-0.0934861048	0.0182829316	0.080724011	-0.0432525011	0.0513400607	0.0774431024	-0.0724535361	0.0909792267	-0.0766179066	0.0660129456	0.1008293047	0.040128102	-0.0098484408	-0.0126056046	-0.0850857686	-0.0522632225	-0.0521130379	-0.0246994382	0.0176355872	0.0197559305	0.0224768831	-0.0773297394	0.0657616789	0.0100391051	-0.0155198114	-0.0476109013	-0.0101927694	0.0940722197	-0.0098393408	-0.0118214239	0.0411275079	0.0727935542	-0.1254694286	0.0441377477	0.0090976525	0.1039371112	-0.0201559553	-0.0603449808	-0.0722904665	0.0153687558	-0.1251369091	0.0363562131	-0.021626499	-0.0381300708	0.2193703184	-0.0565402247	-0.1396564288	-0.0218129144	-0.0837904348	-0.1278598402	0.0055379008	-0.1225241043	0.0828175929	0.0196963603	-0.0543862859	-0.1112354512	-0.0654280014	0.127781604	-0.0260295868	0.0166697755	-0.0730642817	-0.0126970149	-0.0652252269	-0.1301534371	-0.1503867814	-0.0894664994	0.0744089388	0.0681432965	-0.0222708052	-0.0895242917	0.012363347	0.1152625042	-0.0656609137	-0.0460219099	0.1165858777	-0.0134832	0.0058204	3.387705616e-05	0.00018179668224	0.0480388	0.0356966	0.00127424725156	0.00230772630544	0.0176328	0.0254825199999999	0.00031091563584	0.0006493588255503	-0.00186951	-0.00062725	3.4950676401e-06	3.934425625e-07	-0.000516688	-5.927499999999997e-05	3.5135256249999957e-09	2.66966489344e-07	9.953e-05	-5.892999999999999e-05	3.472744899999999e-09	9.9062209e-09	0.0	0.0	0.0	0.0	0.0	0.0	0.0	0.0	0.0	0.0	0.0	0.0	0.0	0.0	0.0	0.0	0.0	0.0	0.0	0.0	0.0	0.0	0.0	0.0	0.0	0.0	0.0	0.0	0.0	0.0
570.542702847952	-0.0714549440705241	0.0051058090321217	325518.97577304643	830.731918336269	-1.1470098129210555	1.3156315109371948	690115.5201426576	533.065252150523	-0.781430241736075	0.6106332226997007	284158.56305030064	564.7049901156831	623.9022885799092	1.25158	53.261734	0.097949475	0.051757	0.0792762534	0.0723722144	-0.0719773374	-0.0769650939	0.0657471135	-0.1247763412	0.0495722922	-0.039928458	-0.0267751258	-0.1778216101	0.0162953782	0.0309117774	0.1265148484	-0.1913193296	0.0500170676	-0.0707966907	0.2997998529	0.0370342942	-0.0874144408	0.1140388784	0.0123450756	0.1112622364	-0.0282647878	-0.0529709514	0.0930441438	-0.0070643102	-0.0012242621	-0.0172375107	0.0896726455	0.0456432653	0.0926556007	-0.069046336	0.0764318979	-0.0264391661	-0.0501517371	-0.1265462729	0.0210628491	0.0976711933	0.0079872351	-0.0651451044	-0.0665145204	0.1161300249	-0.0191129749	0.0861263891	0.0583679008	0.0874645974	-0.0107177701	-0.005460536	0.0373406739	-0.0259918572	-0.0439264459	-0.1006639909	0.0247585951	-0.1520653883	-0.0648563792	-0.0535042171	0.120897475	0.0436859254	-0.1079931826	0.0463583854	-0.2203328405	0.1580223707	-0.0107757369	-0.0215186604	0.0277685289	-0.089193911	-0.0126817042	0.0441689823	-0.1769280471	-0.1045080016	-0.1193306055	0.1082018131	-0.0597174155	0.0690360402	-0.126837611	-0.1253196906	0.0372838356	-0.0557756165	-0.125217428	-0.0641707307	0.0501895649	-0.1385058275	-0.0625889982	0.0209182655	-0.0049446809	-0.0095276528	0.0480285398	0.1263520378	0.0075000351	-0.0940583404	-0.0574153548	0.0478537385	0.0075226514	-0.1008409858	-0.0546903476	0.0197329643	0.128854023	0.0056512625	0.0249060999	-0.021326281	-0.0445718168	-0.0932412717	-0.0304591415	-0.0567024375	0.0004840971	0.0132476567	-0.0759639765	-0.0509884911	-0.0073373382	-0.0039676842	-0.1927066948	-0.1078881575	0.0222741267	-0.100036539	-0.0983365358	-0.0377631494	-0.13702934	-0.076375906	-0.0774233291	0.0921435492	0.1113110874	0.0232206294	-0.0411925829	0.0121918825	0.0882955037	0.0278116258	0.0266439514	0.0002679091	0.05068356	-0.0173245082	0.0925447385	0.0204207083	0.3072870417	0.0830589185	-0.1385526972	0.0197269623	-0.0933271576	0.1252833652	-0.0197114221	0.112047336	-0.1124232591	-0.08811912	-0.1019432699	0.0037700839	-0.0424088906	0.162820186	-0.0050670738	-0.0867680476	-0.0470209722	0.0509478926	0.0093576131	0.0413509687	0.1439609208	0.0481149852	0.1681451823	0.1030572254	0.0616054802	0.0187942817	0.0711577759	-0.0236672553	0.0877203716	-0.0522683458	0.0973354895	0.0861849289	-0.0305445784	-0.0538031365	0.0362851727	0.0081227751	0.0181883048	0.1147672797	0.0248869104	-0.097435145	0.0956960061	-0.1565663823	-0.0827653071	-0.1010641047	-0.0399550947	0.1719842793	-0.0010650724	0.0599717143	0.1228712059	0.0291608924	0.090934442	-0.0844414762	0.1240218387	-0.0361988156	0.0790474779	-0.026685012	0.094136029	0.0532551891	-0.1373855748	-9.59576e-05	-0.0377769168	-0.0190113324	-0.0516788298	0.0611919382	0.0112973096	0.0350120411	0.0154807349	-0.067831818	-0.0411381146	0.1148577065	-0.0279907	-0.0145075	0.00021046755625	0.00078347928649	0.0175821	-0.0304567	0.00092761057489	0.00030913024041	-0.016636	-0.0342688	0.000276756496	0.00117435065344	-0.00153525	0.00033426	2.3569925625e-06	1.1172974760000005e-07	-0.000543924	-2.7236000000000035e-05	7.417996960000021e-10	2.95853317776e-07	8.66965e-05	-1.2833499999999998e-05	1.6469872224999994e-10	7.51628311225e-09	0.0	0.0	0.0	0.0	0.0	0.0	0.0	0.0	0.0	0.0	0.0	0.0	0.0	0.0	0.0	0.0	0.0	0.0	0.0	0.0	0.0	0.0	0.0	0.0	0.0	0.0	0.0	0.0	0.0	0.0
570.2761315975371	-0.2665712504149269	0.0710602315477776	325214.8662698514	829.1327614594279	-1.599156876841107	2.557302716748204	687461.1361253366	532.6988381647525	-0.366413985770464	0.1342592089681978	283768.05218207714	564.0915571479428	607.3719955029912	1.229296	52.31345	0.1294338699999999	0.0668454	0.1339373247	-0.0036400413	-0.0436107446	0.00791769	0.0275057418	-0.0857295943	0.1007738127	0.0237102207	-0.1010775654	0.0429812464	0.0172217355	-0.0284847154	-0.0469298366	-0.0894318441	0.0527757165	-0.2591570685	-0.0073932084	0.0252982719	0.0677270849	-0.1129853161	-0.0287362148	0.0079615725	-0.0557691097	-0.0449740167	0.1149000355	0.0869524289	0.0337312587	-0.1814791139	-0.001810926	0.0239563173	-0.0969586837	0.028530279	-0.1143611631	0.0206416376	-0.0414724806	-0.0357909419	-0.0767631546	0.0547317884	0.0387422101	-0.0266578103	-0.0660236286	-0.0707986826	-0.0398246259	-0.026149318	0.076278554	0.0719942537	0.0646132961	0.1497526927	-0.1101869774	-0.0012017228	-0.1374407567	-0.0656487539	0.0909524068	-0.0586150336	0.0236087982	-0.0842196805	-0.0542954322	0.0115591316	-0.0601705979	0.1559200892	-0.003539481	0.0964746127	-0.0424581896	-0.1343541901	-0.0912828589	-0.0497478441	-0.0172884105	0.1136314361	-0.1173739036	0.0548673074	-0.0104999035	0.0957349742	-0.1183040394	0.1226869307	0.0679755383	0.075825268	0.0343290634	-0.0898005771	-0.1551969558	0.0066016486	0.1051565817	0.1014183977	-0.0222797527	0.0048448675	-0.1108608134	-0.0884528442	-0.0950130087	0.0124720876	-0.089233319	-0.1299716221	0.0505244908	-0.0961540971	-0.0853150397	0.0366639102	0.0848030482	0.0019826787	-0.0517394624	0.0751676618	-0.1193375794	0.1510201656	-0.0047615026	0.1171328739	0.0898203024	-0.0850827191	0.0588047527	0.0942601665	0.1182169538	0.0798223599	-0.0578673999	0.272623486	0.0272569031	-0.0243863815	0.1406646271	-0.1420211274	-0.0442823329	0.0824100081	-0.0463716333	0.0518511568	-0.0256413611	0.0500635062	-0.0593108946	0.0320766452	0.0685229357	0.043448316	0.0918921655	0.0315926299	-0.0402534928	-0.1005053288	-0.1401166245	0.0452037868	0.1092329908	0.0211672607	0.2685691395	0.0279437262	-0.1051413598	-0.0076713672	-0.0529857469	-0.0490406408	0.0897916781	-0.0149955761	-0.0907824578	0.0306293445	0.1180679406	0.0700816518	-0.0280234042	0.0715683774	-0.0424909198	0.0352584858	0.0924204164	0.0874071293	0.1290863072	0.126963263	0.0264725258	-0.1396499298	-0.0780768871	-0.0685199631	-0.0516621409	0.0700364211	0.0363955073	0.0960920515	-0.0273738062	0.0813558068	0.0569687662	-0.1302211452	0.10084933	-0.0404985137	0.0318966635	-0.140097892	0.0401506192	0.026319562	-0.1563662714	-0.116982938	0.0349080731	0.0511461558	0.1965756565	-0.1493787106	0.0306523183	-0.0212089696	-0.0964566127	0.056049482	-0.008226964	0.0423253264	0.1128264517	0.0506313361	0.0153327539	-0.034268021	-0.1198222931	-0.123861656	-0.0430117948	0.0794097999	0.0073333867	0.0030096078	0.0045389787	-0.0397551525	0.0772121105	-0.0946082558	0.0391340652	-0.0628654009	0.1142410181	-0.0699695221	-0.0361737896	0.11262375	-0.0144487	0.013542	0.000183385764	0.00020876493169	0.0518958	0.0343137	0.00117743000769	0.00269317405764	0.0206736	0.0373096	0.00042739773696	0.0013920062521599	-0.00228877	-0.0007535199999999	5.238468112899999e-06	5.677923903999999e-07	-0.000669342	-0.0001254179999999	1.5729674723999993e-08	4.4801871296400004e-07	8.026309999999998e-05	-6.4334000000000255e-06	4.138863556000033e-11	6.442165221609997e-09	0.0	0.0	0.0	0.0	0.0	0.0	0.0	0.0	0.0	0.0	0.0	0.0	0.0	0.0	0.0	0.0	0.0	0.0	0.0	0.0	0.0	0.0	0.0	0.0	0.0	0.0	0.0	0.0	0.0	0.0
572.1293498322518	1.8532182347147452	3.434417825479237	327331.9929394752	827.8328008962269	-1.2999605632010116	1.6898974658778914	685307.146239692	533.4304147281157	0.7315765633632054	0.5352042680623181	284548.0073570095	564.2392115150516	616.4875261360401	1.180197	50.224007	0.11364591	0.0597205	0.0944527179	0.0241471143	-0.0634932977	-0.0953017683	-0.0542055632	-0.0515571102	0.0567224227	0.1109822909	-0.0254663828	-0.0108313669	-0.0839243648	-0.0748080686	0.0167696602	-0.0464758144	-0.0537395965	0.0317386244	0.1140010837	0.1574734174	-0.1402182933	-0.0215849617	0.0245989637	0.1057740902	0.0199499226	-0.0092858913	-0.0252954652	-0.0015843557	0.1423703709	-0.0369590175	-0.0441050448	0.0171297997	0.096693064	-0.1200421928	-0.0363192273	0.055928716	0.0367943644	0.123662176	-0.042268842	-0.0647622194	0.0279263015	0.1141065191	0.0156542137	-0.106906601	-0.0412906189	-0.0110784822	-0.0392328718	0.0250018752	0.0444920445	-0.0697626519	-0.191359668	-0.0736625287	-0.0813294061	-0.0634290661	0.0963676538	0.0759499055	-0.0752293826	0.0239690368	0.1058270756	-0.1170211365	-0.1172816338	0.1109826205	0.027602611	-0.0338943701	0.0901156541	0.1018688606	-0.1027735663	0.0033519402	-0.0373678242	-0.1115317675	0.0641907142	-0.1062184748	-0.2030421057	0.0209233086	-0.2203152031	-0.0815750555	0.0912501481	0.051598841	-0.0149604044	0.0207994593	0.1059517345	-0.1351577955	0.0410716058	-0.0069767212	-0.012982628	0.0994703153	-0.0885617775	0.0512880759	-0.0029307372	0.0403410553	-0.0099403692	-0.0294602265	-0.1099011578	-0.0274453884	0.0673277094	-0.1905507329	0.0007967914	0.0572036341	0.0095850649	-0.1137861312	-0.0625722656	-0.0187940398	0.1054212284	0.0611798461	-0.1024130974	-0.0399884363	0.0809362821	-0.0541857448	-0.0050894826	0.0604844436	0.0096405681	-0.0324321032	0.0113433521	-0.0353934151	0.0228328995	-0.0607376991	-0.0441605886	0.1416447668	0.0200083998	-0.1208078833	-0.0998869542	0.0211993484	0.0771149925	-0.0356078806	0.1135411446	0.1638975949	-0.1213915878	-0.0554787182	-0.0465512073	0.0579704793	0.0817870145	-0.0520459128	-0.0092307027	-0.0886277872	0.0362282346	-0.0262980733	0.0144929671	-0.077147577	-0.1421675308	-0.0802150226	0.1185169543	0.0364756099	-0.0230900442	0.0958609023	-8.86468e-05	-0.049453365	-0.049976947	-0.0573256256	-0.0345545454	0.0098440685	-0.0400616551	0.1149492866	-0.1442184982	-0.0755180783	0.0165857934	0.1144016988	0.0420185918	0.1220181877	0.0568006908	0.0785757935	0.0488327513	-0.0157018337	0.0662382291	0.0947997761	0.0686624518	-0.2005315472	0.0653267312	0.0168666759	-0.1293232514	-0.0117205149	-0.182037056	-0.1060278879	0.0316554974	0.0075300898	0.0352544515	0.011094689	0.1051057362	-0.1054132818	-0.0190531314	0.1546394732	0.0031618781	-0.0316985692	0.0498304742	0.0584347518	0.1286968515	-0.0543502373	0.0563084399	-0.0814056679	0.065635429	0.1257184393	0.02038101	0.0222218823	0.052234805	-0.0764976232	-0.0569037623	0.0668784334	-0.0833759213	-0.0222424437	0.0248383509	-0.1117451381	0.0914491508	-0.0720729799	-0.0311386526	0.1098938456	-0.0250801	-0.0106314	0.00011302666596	0.00062901141601	0.0133505	-0.0385453	0.0014857401520899	0.00017823585025	-0.00444399	-0.02511759	1.97490471201e-05	0.0006308933274081	-0.00158965	0.0006991199999999	2.5269871225e-06	4.887687743999999e-07	-0.000636439	3.2902999999999925e-05	1.0826074089999952e-09	4.050546007210001e-07	2.52537e-05	-5.500939999999998e-05	3.026034088359998e-09	6.377493636899998e-10	0.0	0.0	0.0	0.0	0.0	0.0	0.0	0.0	0.0	0.0	0.0	0.0	0.0	0.0	0.0	0.0	0.0	0.0	0.0	0.0	0.0	0.0	0.0	0.0	0.0	0.0	0.0	0.0	0.0	0.0
572.1107013107537	-0.0186485214981075	0.0003477673540653	327310.65455428243	826.6843815845539	-1.148419311673024	1.318866915423542	683407.0667558362	533.7298668859852	0.2994521578694957	0.0896715948526974	284867.57080613147	564.8192002026464	607.6734145475131	1.270262	54.056782	0.132984185	0.0622671	0.1373592354	-0.0260139898	-0.0401505928	0.0310428781	0.0308914178	-0.0275339103	0.1411559556	0.0344426341	0.0330776039	0.0488374735	0.052595275	-0.0963482214	-0.202823126	-0.1203131468	-0.0112507377	-0.0526873579	-0.0373123282	0.0704811473	-0.0883001267	0.088866205	-0.0976356898	-0.1664166999	0.1479911203	-0.1252000741	-0.0386198312	-0.0144261596	-0.0305197518	-0.0813337298	0.1239342198	-0.0172239134	0.0259465766	-0.2653493913	0.0873758709	-0.0609361806	-0.0696801792	-0.0925909281	0.0229645776	0.0680148651	0.1415082023	-0.0179406616	-0.0035217155	0.083664504	-0.0577370767	0.171218882	-0.0159892175	-0.0505757522	0.0434382872	0.105038785	0.0121874447	0.1405348408	-0.1402385845	-0.0303521133	-0.0469550029	0.0227597931	0.0584821051	0.1279852213	0.0594143514	0.0159145055	-0.0039877585	0.0038551865	-0.0155765623	0.1036669909	-0.1145104638	0.0074290018	-0.0084547188	0.0497870022	-0.0809566912	0.0636298499	0.0848594663	0.0819415984	0.0916590513	-0.0510247962	-0.037841217	-0.0731775878	0.0568558331	0.0553719991	0.0156695406	-0.1181069804	-0.0558662134	-0.0631787336	-0.0675606683	-0.0902125928	-0.0293749232	-0.0160787418	-0.0282794767	0.1019931898	-0.1419480599	0.0381724556	-0.0413771955	0.0720135665	0.042530703	0.0323381103	0.0915702538	0.0072798227	-0.0200817417	-0.0727287656	-0.0037068657	0.0950182552	0.1437988269	0.0473508001	-0.1592013798	0.0484025472	0.0868782439	0.0490598901	-0.0109701793	-0.1019716272	0.1568463846	-0.1793302963	-0.0577634033	0.0204178819	0.0293531355	0.0080151571	-0.0170109229	-0.1558133845	0.0149162663	0.0175909653	0.0791116487	0.0369182777	-0.1414398926	0.0480502352	0.008996807	-0.0285462743	0.1244597151	-0.0312518103	0.078638056	0.0058051067	0.0578714397	-0.1149321298	-0.0773741176	-0.013349773	-0.0321079002	0.0538014162	-0.1034450189	0.1455529311	-0.1658848228	-0.0053043952	0.1419041385	0.0329661119	-0.065900475	0.0354916021	-0.0314033511	0.1185543455	0.0101713953	0.0116839495	-0.0039644038	-0.0301257456	0.0683081798	0.0260470627	-0.0151680886	-0.0043040329	0.0869474724	-0.0305641189	0.0654584732	-0.020677392	-0.0703837993	-0.0052635132	0.0090361358	-0.0669541779	-0.0540314267	0.1579544962	0.1276004634	0.0231304631	0.147268257	0.1026585895	0.0122362207	0.1180764001	-0.0170591851	-0.0536483969	-0.0610427529	-0.0677839274	0.0380733719	-0.0965056877	-0.0965620153	0.0998018992	-0.1217775715	-0.1492742415	0.0582750253	-0.0472238087	-0.0707568761	0.014581599	-0.1330831923	-0.0755944408	0.1283275049	-0.0498862176	-0.0400549743	-0.0034252415	-0.0324982329	-0.0977494515	0.0099251875	0.1036712772	-0.1168428357	0.0375730489	0.040374568	-0.0676677332	0.012583267	-0.1652791367	0.0075719184	-0.0220066566	-0.0465481314	-0.0741411618	-0.0260425603	0.1066800145	-0.00550022	0.01957988	0.0003833717008144	3.02524200484e-05	0.041257	0.0279065	0.00077877274225	0.001702140049	0.0249064	0.0293503899999999	0.0006203287609599	0.000861445393152	-0.00226275	-0.0006731	5.1200375625e-06	4.530636100000001e-07	-0.000682731	-4.629199999999997e-05	2.142949263999997e-09	4.6612161836100003e-07	0.00042881	0.0004035563	1.6285768726969001e-07	1.838780161e-07	0.0	0.0	0.0	0.0	0.0	0.0	0.0	0.0	0.0	0.0	0.0	0.0	0.0	0.0	0.0	0.0	0.0	0.0	0.0	0.0	0.0	0.0	0.0	0.0	0.0	0.0	0.0	0.0	0.0	0.0
571.8310059448013	-0.2796953659524206	0.0782294977352584	326990.6993598434	828.3263066806677	1.6419250961138232	2.695918021248388	686124.4703392355	534.0196274202544	0.2897605342692486	0.0839611672200004	285176.9624700674	565.2443017148389	631.0859284208856	1.327279	56.483166	0.10134951	0.0501541	0.0779950284	-0.0755053203	-0.0530042757	-0.0465889445	0.0946407845	-0.0228272591	0.1155379193	0.0158150391	-0.0199881815	-0.0664555285	0.0292118086	-0.057810586	-0.1310260099	0.1073700382	-0.0382614311	0.0311863367	-0.0251359858	-0.1258935497	-0.0531534588	-0.0615275022	0.0737385462	0.049568391	0.0976984964	0.0439342119	-0.0180693629	-0.1650098369	0.0573374647	-0.0119476198	0.1576725326	-0.0204526282	0.0129867962	-0.0323239986	0.060236082	0.0422798374	0.0793870539	-0.0235830353	0.0952666815	0.0252413318	-0.1510691022	0.1030443393	-0.0503095297	0.0946455188	0.0919394454	-0.0455810331	-0.0238033159	-0.0348059896	-0.1032520703	-0.0006608229	0.0093832721	0.02459632	-0.0930296635	-0.0027597725	-0.1221785244	-0.0397546941	-0.0708464872	-0.0732613608	0.0401938041	-0.1488216701	0.0167195009	-0.0762458285	-0.0130517051	-0.1497124965	0.0178065847	-0.0087288919	-0.1686098359	-0.0499261265	0.043070477	-0.0339108737	0.1029109757	0.0842588648	-0.1800305348	-0.0192362312	0.0945076026	0.0774317841	0.0866946551	-0.1045755326	-0.0451536989	0.0340400244	-0.0076783472	-0.0295756243	-0.1929196767	0.005040956	0.0520173044	-0.0756422061	-0.0454376282	0.043251703	-0.0724678057	-0.1353184906	-0.0853209479	0.0738538258	0.160658383	0.0457328333	-0.1129323096	0.0090858909	-0.0855963916	0.0341810933	0.0898447199	0.0210538007	0.0739224177	-0.0313165213	-0.0173683524	0.019538036	-0.0735483396	0.1244474543	-0.1048877909	0.0039869795	-0.0394019285	0.029862291	-0.0649481301	0.2088840023	0.102962323	0.1269351806	0.1601668868	-0.1252407495	0.0294315709	-0.0908116875	0.025095881	-0.0005802919	-0.0001965949	0.160356774	-0.0861758994	0.0523612271	-0.0049972734	0.108692092	-0.1104686904	-0.0774156821	-0.1094650977	-0.0566588903	0.0637870638	-0.0654198443	0.0862995045	0.1953307872	-0.0164847723	-0.0525837113	0.0940715648	0.0411639856	0.0310380356	0.05223823	-0.0569459976	0.020561381	-0.0615364944	0.0254043742	-0.1157196716	-0.042681378	-0.0972117536	-0.1021980902	0.0136407654	0.0665504138	0.0467535844	-0.1200997005	0.0757648878	-0.2174138782	0.0772906568	-0.0066738419	-0.1916629156	0.0457613766	-0.0950132695	0.0287191017	0.0073061561	-0.1035966563	0.0828829336	-0.1197709866	-0.0510334744	0.0386518765	-0.1645620907	0.0192979457	-0.0775423071	0.0383557718	0.0577173614	-0.0966419564	-0.0408179125	0.1815679279	-0.0080039296	0.0840871232	0.0405747901	-0.0739105309	0.0901962932	0.1025281735	0.0056135461	-0.0395178622	0.0498651577	-0.0958915822	0.0267382455	-0.0962179765	-0.0351735824	-0.0661707308	0.0001407191	0.0312803287	0.0678343269	0.0613795027	0.0099867102	-0.0209794901	-0.0099919337	-0.0112483847	0.1101859332	0.0848155794	-0.2270204756	-0.1707514653	-0.0332922799	-0.0761730556	-0.0208954884	0.1029964092	-0.0106821	-0.00518188	2.68518803344e-05	0.00011410726041	0.0260808	-0.0151762	0.00023031704644	0.00068020812864	-0.00467348	-0.02957988	2.18414153104e-05	0.0008749693008143	-0.00166402	0.00059873	2.7689625604e-06	3.584776129e-07	-0.000514711	0.0001680199999999	2.8230720399999983e-08	2.649274135210001e-07	0.000167329	-0.000261481	6.837231336100002e-08	2.7998994241e-08	0.0	0.0	0.0	0.0	0.0	0.0	0.0	0.0	0.0	0.0	0.0	0.0	0.0	0.0	0.0	0.0	0.0	0.0	0.0	0.0	0.0	0.0	0.0	0.0	0.0	0.0	0.0	0.0	0.0	0.0
570.6351923151698	-1.195813629631516	1.429970236812501	325624.5227085708	827.4759963550262	-0.8503103256415443	0.7230276498926291	684716.5245437432	533.2029488333185	-0.8166785869359501	0.6669639143597001	284305.38464454643	564.2394054285645	620.0008581984847	1.321134	56.221676	0.09484411	0.0479964	0.0137869655	-0.14073245	-0.0158376808	-0.0264116863	0.0538907503	0.0957946979	0.0721824517	-0.0539032776	0.0670627531	-0.1348645292	0.0640321104	0.0754530669	-0.006202885	-0.0199318486	-0.2002256618	-0.004797881	-0.1056682718	-0.0265540042	0.1458856007	0.0419150383	-0.0080783623	0.0424280316	0.0521064767	0.0106956806	-0.0524016182	-0.075556995	0.0199153707	0.1693498725	0.046294978	0.2138516247	-0.0934813971	-0.1003814022	-0.0071552804	-0.0276274518	-0.0343405233	0.1350010568	-0.0152349048	-0.0291924014	-0.0591759241	-0.0698331648	0.0316920748	-0.0261757134	0.1029066806	-0.0444550335	-0.1082954135	0.0718812336	-0.0182827122	0.1549749735	-0.1097927735	0.0171312601	-0.0433197647	0.0721912139	-0.0841609166	-0.0813663617	-0.0946850193	-0.1516938134	0.0211408757	0.0374816729	0.0426231961	-0.0202239815	0.005387884	-0.062375185	-0.1164091057	0.1081682477	0.0121227769	0.030837637	0.0665567417	-0.1081359858	0.1411937855	0.0287256511	-0.0152045577	-0.0601835609	-0.1089343623	-0.0315796999	0.0226781956	-0.0676617242	0.041738606	-0.0570410446	-0.0233887136	0.0601204627	0.2211090771	-0.2004539251	-0.0975084614	0.0869933142	0.0894460277	0.0468104244	-0.0800836211	0.0654726085	0.0031836367	0.063111621	-0.0376094774	-0.0026976306	0.1108044168	0.0255950074	-0.0569482424	0.0011181958	0.2200242567	-0.1295819051	0.0650828341	-0.0549526261	-0.019696655	0.0237181942	0.1054749505	0.044839133	-0.0397787558	0.0937128298	0.020320314	0.0823795252	0.0236591656	0.0689509889	-0.0319431261	0.1977724272	-0.1056331027	-0.0462479923	0.1052055552	-0.082583195	0.0133203339	-0.1409051542	-0.0297872951	-0.165428338	0.0247933484	0.0959396018	0.0189052083	-0.0121319136	-0.0510681918	-0.0170301648	-0.0594631959	0.0805301537	-0.0167448196	0.058932376	-0.0217678918	0.1300011508	-0.1106134971	0.0321016246	-0.0686251085	0.0152023689	-0.0893685613	-0.0918296338	-0.0386726993	0.0677885599	-0.0143751689	-0.0563416387	0.0559044462	0.0296553017	0.0424447332	0.0301625176	0.003235235	0.0516406336	-0.05191884	0.0428049737	0.1309890922	-0.096435109	0.0838016708	0.0266983761	0.1829726865	0.0423492175	0.045482399	-0.0158657963	-0.1814156956	0.0726189555	-0.0483840999	-0.3154688772	0.1026616563	-0.0775725076	0.0445305349	-0.0389646059	-0.0100906955	0.1389961208	0.0672352299	-0.080779201	-0.1281774683	0.0594136942	-0.0188202207	0.070081112	-0.0893968122	0.0203909024	0.1436932875	-0.0573017949	-0.0852756353	0.068175522	-0.0161370077	-0.0222043211	-0.1333021066	-0.1093131012	-0.0206112046	0.0234562941	-0.120912154	0.0280401804	0.0660098112	0.1273149829	0.0262769099	0.0255745491	-0.1343503012	-0.0638182372	-0.0631712588	-0.1785747321	0.011760639	0.0984526888	0.0487198257	-0.0781676667	-0.0157075127	0.0988592507	-0.00935842	0.00132368	1.7521287424000018e-06	8.758002489639999e-05	0.0449731	0.0188923	0.00035691899929	0.00202257972361	0.0225716	0.02724508	0.00050947712656	0.0007422943842064	-0.00223256	-0.00056854	4.9843241536000006e-06	3.232377316000003e-07	-0.000784017	-0.0002693059999999	7.2525721636e-08	6.14682656289e-07	0.000277144	0.000109815	1.2059334225000002e-08	7.6808796736e-08	0.0	0.0	0.0	0.0	0.0	0.0	0.0	0.0	0.0	0.0	0.0	0.0	0.0	0.0	0.0	0.0	0.0	0.0	0.0	0.0	0.0	0.0	0.0	0.0	0.0	0.0	0.0	0.0	0.0	0.0
571.1893414560323	0.5541491408624779	0.3070812703186223	326257.2637929758	825.7879403783317	-1.6880559766944998	2.849532980454021	681925.722474287	532.9973669129148	-0.2055819204036879	0.0422639259968682	284086.1931361003	563.6891352298586	622.3428730361586	1.231997	52.428391	0.10048113	0.0482032	0.0125567697	-0.122983846	-0.0317589105	-0.08632173	-0.0342173934	0.1035671789	0.0553297836	-0.0028596584	-0.0657130009	-0.0511203929	0.0452921373	-0.0238669536	0.0860463646	0.0759703666	-0.0060013138	0.0132104501	-0.0113892368	-0.0499443869	-0.1290159268	-0.0628743948	0.0643939709	0.1066606741	-0.089985531	-0.0012400598	0.0287675838	-0.0599100251	0.0548483357	-0.0767362792	-0.106371996	-0.0101521636	-0.1000203015	-0.0082222702	0.1369750331	-0.0556064572	-0.0357915289	0.1650428574	0.0292736594	0.0175635796	0.0414754388	0.0025423906	0.0326036441	-0.0410509243	0.1194580766	0.0745878842	-0.1013539646	0.0033228083	-0.1288487282	0.0563272031	0.0945897699	0.0625189352	-0.0653102327	0.1018542112	0.0189470375	0.0036167005	-0.0243955571	0.0903743067	-0.1524910625	0.0428301933	0.0536474392	0.0537645288	0.1686781949	-0.000909492	0.1003453154	-0.0784179945	-0.0102998644	-0.0640816863	-0.0342991355	-0.0682161318	-0.0131750947	0.0685267799	0.0753868746	0.071863748	0.1015854338	0.1320389023	-0.1165956414	-0.0726096977	0.0572398039	-0.0577205753	0.0742525665	-0.1328719618	-0.0511756456	0.0304885646	-0.0872819718	-0.022148892	-0.0208493104	-0.0244896928	-0.0184546991	0.0273908511	0.0606921272	0.1543979058	0.0061228937	-0.0020306918	-0.0942570056	-0.0653340265	0.011677438	-0.0426322805	0.0318723012	-0.103127879	-0.0680231144	-0.0914031412	0.0882800987	0.0786667362	-0.0516690117	-0.0937517555	0.0623775439	0.0574207486	-0.0278838688	0.043175433	-0.0066341528	-0.0192498816	0.0717783327	-0.0403285497	0.0971549764	-0.0324196239	0.1145002401	0.0228763514	-0.0369756718	0.0139750883	0.2176602105	0.0807988844	-0.0379608841	-0.0125347308	-0.03689306	-0.0147108216	0.0679183469	-0.0023725401	-0.0963907717	0.0488526389	-0.0518937935	0.0218169027	-0.0540933071	-0.0025554929	0.0483441095	-0.0656500875	0.0127305167	-0.1055907903	0.035980446	-0.1105884838	0.038775786	0.017967054	-0.0798304235	0.0911966824	-0.013276764	0.0071864687	0.065649052	-0.1129069544	-0.0547794794	-0.0908191895	-0.1136102335	-0.0353200769	-0.0821413538	-0.0347833909	0.0349981813	-0.0108030965	-0.084185059	-0.0011152256	0.0614307945	-0.0378558754	0.0093082615	-0.1750692388	-0.0517287466	0.0886222437	0.0003961807	-0.0033791961	-0.0061839668	-0.0481612393	0.0832243004	0.0459380238	0.0046984658	-0.027088398	-0.0544023756	0.0140560061	-0.069776858	-0.0351120993	0.0035929219	0.0205191533	0.1115998366	0.1084795524	0.0401626661	-0.0666148607	0.1215254304	0.0768384688	-0.0638181601	-0.0484363631	-0.0553590729	-0.0111490326	-0.0534985086	0.0008957036	-0.0458155378	-0.0479449049	0.0528246194	-0.1432192651	-0.0999518346	-0.0581364215	0.0921284383	0.0403238807	-0.0201891507	-0.0493438396	-0.1039932018	-0.080124019	-0.0104887887	0.0942867573	-0.0202354	-0.01087698	0.0001183086939204	0.00040947141316	0.0260295	-0.0189436	0.00035885998096	0.00067753487025	0.00406617	-0.01850543	1.65337384689e-05	0.0003424509394849	-0.00154982	0.00068274	2.4019420324e-06	4.661339076000004e-07	-0.00060359	0.000180427	3.2553902329000014e-08	3.643208881e-07	9.72086e-05	-0.0001799354	3.2376748173160016e-08	9.44951191396e-09	0.0	0.0	0.0	0.0	0.0	0.0	0.0	0.0	0.0	0.0	0.0	0.0	0.0	0.0	0.0	0.0	0.0	0.0	0.0	0.0	0.0	0.0	0.0	0.0	0.0	0.0	0.0	0.0	0.0	0.0
572.0393704393629	0.8500289833306169	0.7225492725020822	327229.04133266263	825.9971704002062	0.2092300218745322	0.0437772020536172	682271.3255091473	533.1516348305446	0.1542679176297952	0.0237985904098332	284250.6657224824	563.7173040680248	606.4007391480911	1.282106	54.56078	0.1007240499999999	0.0521185	0.0083129221	-0.144897384	-0.0040394957	-0.0449475207	-0.0715173813	0.1104697638	0.0657988722	-0.0444634646	0.0406367246	-0.0175891365	0.1180329641	0.1294628612	0.0717008042	0.0124502169	-0.1171177757	0.0680473208	-0.0197477493	0.0933499847	0.0450376527	-0.0509978435	-0.1075113245	0.2457095857	-0.0235264891	-0.1447948228	0.0127094141	0.0468837686	-0.1165365756	0.053383776	-0.0423325045	0.0210801012	-0.1062634333	0.0814814789	0.0038719938	0.0107267186	0.1276840783	0.0198511391	-0.0239642515	0.062547035	0.1679186254	-0.0418957384	-0.1829931201	-0.1065166169	-0.0350471903	-0.0089840051	0.056138094	-0.0058951265	-0.0740740989	-0.0131033247	-0.0292779992	0.0997060827	-0.0647577903	0.1381046782	-0.0253300167	0.0491247174	-0.0973549036	-0.0726528137	0.0912905056	0.0422445135	0.1266533145	0.2598115941	0.0851587517	-0.0094962314	-0.2123909116	-0.0826588464	0.0727543819	-0.045765031	0.1327103841	0.0411485796	0.0106890999	-0.0326316025	0.0298967902	0.0495791791	-0.1124495177	0.1394766148	0.0634552426	0.0458171483	-0.0342922393	-0.0940092215	0.120981037	0.0271578687	-0.0500417146	-0.0746388901	-0.0355213425	-0.1184200176	-0.0429809379	-0.0356863662	-0.0315744207	-0.0533659203	0.0807561603	-0.0029852324	-0.1464538657	-0.0624848885	0.0656540453	0.0486273666	-0.0524025763	0.0719293908	-0.0295534916	-0.0567509734	0.0497414383	0.0790023826	0.0604256447	-0.0785132736	-0.0545145025	0.2547126333	0.0347593629	-0.013428596	-0.0094798841	0.0816425904	0.0592149907	-0.047334515	0.1318589112	-0.1208347792	0.0350740151	-0.0117175573	0.1405740818	0.016130934	0.071065024	-0.1190891012	0.0385009011	-0.1895490703	0.0106296825	0.0100474208	-0.0289351421	0.0507287852	0.0690364582	0.1057706513	-0.0784976214	0.0365864359	-0.2275055712	-0.0418067406	-0.0583517916	0.2084948048	0.0914872391	0.0118501511	-0.0259309183	0.0039159894	-0.0554669741	0.0804122684	0.2163852013	0.0189211563	0.0523541772	0.1183456839	0.0187768027	0.0303747363	0.0627541644	-0.0760113521	0.1833152595	-0.0122509633	0.0201354778	-0.0092134376	0.0010036976	0.0101406061	-0.0820311191	0.1420618103	0.0497015521	-0.1231903877	-0.0787154999	-0.0607755877	-0.0637639473	-0.0149908181	-0.0539252782	0.0645084682	0.0296487837	0.023556399	-0.0433666777	0.0604478813	-0.0715767732	0.029943402	-0.2384821938	0.0959429124	-0.0501490486	-0.0781420472	-0.1149968813	0.0503373883	0.0955276225	0.0368333876	0.1319354855	-0.0174507098	-0.0807297571	0.0226952432	-0.1438349853	0.1023456048	-0.1248605092	-0.0748913598	-0.0041151986	0.1121125061	-0.0082583589	-0.0273294294	0.0134047542	0.0060333852	0.0139199293	0.0093345517	0.0380408278	-0.0679749412	-0.0032270597	-0.1880799893	0.0311134203	0.1121803414	0.009149065	-0.0820411548	-0.0052495325	0.0892990645	-0.0126177	0.0076177	5.802935329e-05	0.00015920635329	0.0440337	0.0180042	0.00032415121764	0.00193896673569	0.0280667	0.02400053	0.00078773964889	0.0005760254402808	-0.00230784	-0.0007580199999999	5.326125465599999e-06	5.745943203999998e-07	-0.000706415	-0.0001028249999999	1.0572980624999992e-08	4.990221522249999e-07	0.000258396	0.0001611874	2.598137791876e-08	6.6768492816e-08	0.0	0.0	0.0	0.0	0.0	0.0	0.0	0.0	0.0	0.0	0.0	0.0	0.0	0.0	0.0	0.0	0.0	0.0	0.0	0.0	0.0	0.0	0.0	0.0	0.0	0.0	0.0	0.0	0.0	0.0
572.2916647753527	0.252294335989859	0.0636524319725639	327517.7495713447	825.6874229816232	-0.3097474185830151	0.0959434633188415	681759.7204700339	533.1936959337872	0.042061103242645	0.0017691364059884	284295.517383532	563.8997120458363	630.5020032464628	1.321422	56.233898	0.0872776899999999	0.0431572	-0.0759123235	-0.105404768	-0.0305274466	-0.0532245435	0.0173028516	0.1257083415	0.0078691543	-0.0023845652	-0.0506903122	-0.063747009	0.10330441	-0.1280940824	-0.0397299017	0.1649932928	0.0334622003	0.0149380694	0.0622675708	0.0048744468	-0.0216997554	0.0143216507	0.1722444564	0.0508635237	0.0252652108	-0.0039972975	-0.0183710228	0.1268118615	0.1095614901	0.0868119234	0.1034143147	0.0018985243	0.0156440352	0.0520396694	0.0499940102	-0.0798915386	-0.0305853621	-0.025237074	-0.0505646652	-0.0131459955	-0.0169456368	0.0294687125	-0.0289294406	-0.0186408798	0.1769338321	-0.0020603019	-0.0501572972	-0.2327205315	0.0907176974	0.0312189836	-0.0145788574	-0.033893473	0.0432158509	0.1335223512	-0.0071511915	-0.0754274025	-0.0283226122	-0.0464505298	-0.079043807	-0.0401703852	-0.1595643131	0.0083371767	0.0166297339	-0.0456925735	-0.1056094765	0.0767714685	-0.0394617973	-0.0937533816	-0.0323383145	-0.1574222343	-0.051112746	-0.03600302	0.0197797199	-0.0013958721	0.0428560362	-0.0665592174	0.0344816285	0.1262306276	0.1110172108	-0.1040648756	-0.0201726376	-0.086931333	0.0808121371	-0.0304073172	0.1223151327	-0.1623695767	-0.0273629315	0.0021980619	0.0223594955	0.0817136294	0.0084301292	-0.0268976415	0.0655853072	-0.0885148661	-0.1739740722	0.132399852	0.0516765839	-0.0188348034	-0.0167613498	0.048812089	0.0583406175	-0.0910185198	-0.0248405451	0.0679960848	-0.0279508743	-0.008522291	0.0385375016	-0.0478459685	0.1359480443	0.0354391726	0.0354135746	-0.0640782388	-0.1244412605	0.0142240322	0.0230312779	0.0468790107	0.1097568471	-0.0318321924	-0.0475564836	0.0207298835	0.1190936193	0.0961418215	0.0323631186	0.1049862671	0.108120409	-0.0510610068	-0.1394890725	-0.0347024791	-0.0540371192	-0.0267072735	0.0632571391	0.0784201855	-0.0507374894	0.0840638629	0.0763510522	0.1322685778	0.0396193801	-0.0361869979	-0.0741421704	-0.0186021683	-0.0579018527	0.0402272718	0.0913164952	0.1001763366	-0.0141388486	-0.0382808862	0.2228180901	0.0656117238	0.0041148027	0.1119730977	0.1063034417	-0.0239077768	-0.1114751039	0.086906818	0.1339201363	0.0962223039	-0.0312457821	-0.0510960733	-0.0337618158	-0.076767561	0.012423115	0.0270404652	-0.0713173037	0.1073339078	0.0097322198	0.0448479036	-0.0072515586	-0.1195831654	-0.1061729048	-0.0935188218	0.0472848151	0.0153428292	-0.0130146968	-0.0370609192	0.1157445436	-0.0624380385	-0.0235653865	0.0842856535	0.0695503606	0.1116519589	-0.0594255081	-0.1396200101	0.1338273119	-0.0770257855	-0.0249716681	0.0566315609	0.0742506869	0.02921328	-0.0347728588	-0.020852981	-0.0676250645	0.0222547335	-0.0093719673	0.0010808325	-0.0317591416	0.0007640253	0.0686086753	0.0908133412	-0.0872181426	-0.0617655313	-0.098560105	-0.0839181358	-0.0	0.0839181358	-0.0210647	-0.0084469999999999	7.135180899999997e-05	0.0004437215860899	0.0306725	-0.0133612	0.00017852166544	0.0009408022562499	0.0098421	-0.0182246	9.686693241e-05	0.00033213604516	-0.00168678	0.0006210599999999	2.8452267684e-06	3.8571552359999997e-07	-0.000600089	0.0001063259999999	1.1305218275999981e-08	3.601068079210001e-07	4.08842e-05	-0.0002175118	4.731138313923999e-08	1.6715178096399996e-09	0.0	0.0	0.0	0.0	0.0	0.0	0.0	0.0	0.0	0.0	0.0	0.0	0.0	0.0	0.0	0.0	0.0	0.0	0.0	0.0	0.0	0.0	0.0	0.0	0.0	0.0	0.0	0.0	0.0	0.0
571.4501588914566	-0.8415058838961613	0.7081321526318597	326555.284097071	825.719559553167	0.0321365715437877	0.0010327592305889	681812.7910286761	533.190110931395	-0.0035850023922421	1.2852242152381803e-05	284291.6943950333	563.8291805633112	627.839235998736	1.10999	47.236286	0.05089508	0.0331313	-0.0905117731	-0.0740164027	-0.0319037346	-0.0567534565	0.001742076	0.0982758255	-0.0286984228	-0.0624085852	0.1177344499	0.0387627446	0.0135156672	0.0972399575	0.0843746172	0.0293080317	0.0644263216	0.0626166167	0.0780568626	0.0230997069	0.0397997932	0.018911564	0.010974463	0.0515623785	0.0025527585	-0.0333374554	0.0204127731	-0.0317098746	-0.0307254939	-0.0148708027	0.1129785112	0.0649277891	0.1791279235	-0.0883972727	0.008043763	0.1297045601	0.0338662788	-0.0343209071	-0.2051335099	0.1772881161	-0.0591829136	0.0058204015	-0.1505393167	0.0895235006	-0.036835982	-0.1085091851	-0.0491433377	-0.1202373645	-0.0308169007	0.2129060057	-0.0421077693	-0.173915845	0.0598791278	0.0906190156	0.0032673969	0.0044541833	-0.0567185264	0.1089324755	0.0934280333	-0.0233042886	-0.1257687344	-0.1648424241	-0.0167163667	-0.0332586469	-0.0456319099	-0.0986949876	0.0345707783	0.0506915623	0.0654095557	0.0170457482	0.0211969747	-0.0674896004	-0.0159061709	-0.0572652059	-0.0328629442	0.0077688103	0.1727761496	-0.0200287401	-0.0672263395	0.1662577668	-0.0695154087	0.1548985454	0.0727503233	0.0792828954	0.1638410263	-0.0230428054	-0.0325064893	-0.1071765911	0.0172708509	0.0148916015	0.0066984403	0.1585249792	-0.1949849102	0.1041033683	-0.0436124355	0.1324370201	-0.1981105726	0.0845605995	0.0156693221	0.1003466411	-0.0942299251	-0.0669510279	0.0518705601	0.024219598	-0.0477630728	-0.0908353331	0.0136993368	0.0860731435	0.0619752905	-0.148477681	-0.0167950474	0.097837494	-0.0225551191	0.0131211594	-0.1257139757	0.0712860863	0.0869477035	-0.029141316	0.0195267236	-0.0919845396	-0.1463696041	-0.0222300389	0.1743824826	-0.0519736346	0.0495096239	-0.0742321587	-0.1224860788	0.0316090119	0.1635292614	-0.0558262718	-0.1223974896	0.0276018679	0.0376589514	-0.0853101571	0.0213661465	-0.1910788559	0.0805166254	0.1157180873	-0.0543498714	-0.0119676946	-0.073032233	0.002651437	0.078344658	-0.005120519	-0.0056749235	0.0330550927	-0.0183555162	0.028503615	-0.0638484086	0.0640054943	0.17849615	-0.1503047897	-0.0701256737	-0.005821188	-0.0867602432	-0.0458444605	-0.104841854	-0.0577906977	-0.0682597467	-0.0869673504	0.056081757	-0.0774648071	0.2167215147	-0.1242468306	0.109897805	0.0845948705	0.0315216071	-0.0385931585	-0.0353869611	0.1091264091	0.0333850114	0.0843676852	-0.1397808746	0.0913751159	0.1376397882	-0.0986670665	0.0992580075	0.0928080498	0.0618465711	0.0681949067	-0.1128803411	0.0917005858	-0.1256344198	0.0549088606	-0.0022462059	0.0889094442	0.1636770647	0.0378748139	-0.0134641214	-0.0307988681	-0.0503885163	0.028379477	-0.0499608022	0.0337914994	0.142363432	0.116297848	0.0945226972	0.0346365743	-0.0066658206	-0.0517802649	-0.0658938482	-0.0857540434	0.0052495325	0.0781676667	-0.0208953	0.0001694	2.869636000000004e-08	0.0004366135620899	0.0463012	0.0156287	0.00024425626369	0.00214380112144	0.00995154	0.00010944	9.90331483716e-05	1.1977113600000126e-08	-0.00226718	-0.0005804	5.1401051524000005e-06	3.368641600000003e-07	-0.000592269	7.82000000000007e-06	6.115240000000109e-11	3.50782568361e-07	0.000152415	0.0001115308	1.2439119348640005e-08	2.3230332225e-08	0.0	0.0	0.0	0.0	0.0	0.0	0.0	0.0	0.0	0.0	0.0	0.0	0.0	0.0	0.0	0.0	0.0	0.0	0.0	0.0	0.0	0.0	0.0	0.0	0.0	0.0	0.0	0.0	0.0	0.0
572.2144313788083	0.7642724873517182	0.5841124349227822	327429.3554781729	826.3268320225843	0.607272469417353	0.3687798521122499	682816.0333204803	533.821938354768	0.6318274233730108	0.3992058929261778	284965.86186884175	564.2485094193886	604.2040896803213	1.331308	56.654633	0.06002781	0.0281648	-0.0573236046	-0.1139540178	0.007231276	-0.0435965317	-0.1685320539	0.1322216584	0.0083099772	0.011432204	-0.0325830089	0.0427650945	0.1036550292	0.0144939539	0.159720551	-0.0668008097	0.0377625749	-0.0656874968	0.0574178324	-0.0488783927	0.04666148	-0.1298036172	0.056608077	-0.1057473355	-0.0439834062	0.0137112377	-0.0409661056	-0.034128654	0.0931210037	-0.1252465053	-0.0415106181	0.0734046087	0.0798316458	0.259215309	-0.0555061918	0.1320739529	0.0925659134	-0.1276126884	0.0171922048	0.0976780097	0.0209950926	-0.0774535707	-0.0616636434	0.063466121	0.1287071326	0.1203037311	-0.0472512325	-0.0829326569	0.096128719	0.0008111303	-0.0133728104	-0.0284426109	0.0316679412	0.1363931294	-0.0394167878	0.0847825874	0.1004486015	0.1060263962	-0.2225217236	0.0067799992	-0.0502688652	-0.0203144054	-0.2063673983	-0.1333081424	0.0684171256	-0.0035730665	0.1397315431	0.1433837226	0.0157764436	-0.0650820305	0.0397691854	0.012825337	-0.0172594161	0.1633648644	-0.1308378921	0.0303729888	-0.0407088361	0.0596762205	-0.0444711654	-0.1065910208	0.0744826748	-0.0266257671	0.1568909987	-0.0595587859	0.0314907567	-0.0504488951	0.0654680544	-0.0005955557	0.0061114483	-0.0219337449	-0.1027316015	0.0029680683	0.0529200858	-0.0496420489	0.0680881651	0.0488946144	0.0386990316	0.0356718868	-0.0367598426	0.0347807914	-0.1165588881	0.0644389957	0.0581316191	-0.0069933514	0.2482104912	-0.1059900868	-0.0806749322	0.0313627697	-0.0795093189	0.0671161368	0.1112074279	-0.0519123553	-0.0836197127	0.0447752037	-0.1164504061	0.0719526856	0.1288617137	0.0104370639	0.0518173964	0.1376711018	0.1788759688	-0.0081173371	0.1612939257	0.0300127432	-0.007506401	0.0263664614	-0.0338346264	0.103190794	0.235531469	0.0191155324	0.1413261256	0.0792819957	0.0544511095	0.0020872563	-0.0432648687	-0.0676483403	0.0024781351	-0.0777679063	-0.0728939122	-0.0511282245	0.15078459	-0.0949046901	-0.0289111565	0.1023318575	0.0644804058	-0.0926254883	0.0541922751	0.1476327476	0.0654498033	-0.043571018	0.0767232862	0.100454777	0.023624815	0.0744599045	-0.0317034625	-0.1388781925	0.0133766403	0.0692996933	-0.0682591775	0.070451947	-0.0535956089	-0.0463213417	-0.0596935265	-0.2195565579	-0.0609045833	-0.0623191228	0.099049987	-0.0925188756	0.1388769397	-0.063150817	-0.100409266	-0.0076104393	-0.0822365027	-0.0443913736	-0.0068376126	-0.1019181457	-0.0629551057	0.0755166976	0.0517534358	0.0260273027	-0.0967418385	-0.2448288856	0.1467763223	0.0437287382	0.0455250941	0.0557514257	-0.0232817765	0.2028952279	-0.0104854905	-0.0891281046	-0.0709313431	0.1167386866	-0.0008306823	0.0130697958	-0.0731166236	0.0889958049	0.0285992763	0.0743875172	-0.0687185335	0.0264163303	0.0815883811	-0.087547979	0.0104887887	0.0720729799	-0.0209346	-3.930000000000253e-05	1.5444900000001984e-09	0.00043825747716	0.0288366	-0.0174646	0.00030501225316	0.00083154949956	0.0244439	0.01449236	0.00059750424721	0.0002100284983696	-0.00201718	0.00025	4.0690151524e-06	6.250000000000013e-08	-0.000855421	-0.000263152	6.9248975104e-08	7.317450872409999e-07	0.000104936	-4.747900000000001e-05	2.254255441000001e-09	1.1011564096e-08	0.0	0.0	0.0	0.0	0.0	0.0	0.0	0.0	0.0	0.0	0.0	0.0	0.0	0.0	0.0	0.0	0.0	0.0	0.0	0.0	0.0	0.0	0.0	0.0	0.0	0.0	0.0	0.0	0.0	0.0
573.9071401417638	1.6927087629554762	2.8652629561862586	329369.40550569806	827.1604297201673	0.8335976975829453	0.6948851214155876	684194.3764948518	534.8314737749448	1.0095354201768032	1.0191617645915545	286044.7053402795	565.1920643977455	631.0395460468075	1.363709	58.033485	0.05862155	0.0296064	-0.0428902542	-0.1128846877	-0.0315098592	-0.0947973968	-0.0876744769	0.1457563403	-0.0004349739	-0.0067964161	0.1600958164	0.1046600573	0.0114281354	0.1433601986	0.0576758209	-0.0426258264	0.0575263588	0.2316677335	0.0671870026	0.1321247049	-0.035001041	-0.0509247843	-0.0696836182	-0.0327629623	0.0415315878	0.0241905772	-0.0185020688	-0.0408835047	0.0085454572	-0.0818330591	0.028435359	-0.0731683028	-0.0068697078	0.0913790318	0.1752039125	-0.048818828	0.0890749137	-0.1020453757	-0.2522278154	0.0081257529	-0.0645861032	-0.1276905058	0.175729113	-0.0605358021	0.0893184588	-0.0163057065	0.0024729205	0.0448921394	-0.0891460568	-0.1787219692	0.0153415822	0.0752080851	0.0471163902	0.0728288059	-0.1283615282	0.121062299	-0.1562492672	0.1863417506	-0.0849629835	-0.0272200371	0.0696772292	-0.0562403846	-0.1237973454	-0.0196387628	0.16944552	-0.1784438077	-0.0208116141	0.0276981598	0.0050237825	0.1382484338	-0.0508665379	-0.109390913	0.0982607416	0.0279068685	0.0297744889	0.1621626387	0.2048870291	0.0606474048	-0.0151072001	-0.1219581047	-0.0861375579	0.0707305977	0.079948123	-0.1456916369	-0.0636636889	-0.0687370175	-0.0725379332	0.1224607531	-0.0385087244	0.1091050181	0.0049127716	-0.1064254482	0.0589407647	-0.0007759495	0.0232255381	-0.0375669747	0.0247839772	-0.0789124116	-0.0774142762	-0.0637335745	0.0604810485	-0.1169530889	0.073408919	0.0254564053	-0.1464367648	0.1050305272	-0.0621981524	0.0006705003	-0.0832808382	-0.021073588	-0.028744863	0.0477930757	-0.0589104717	-0.0330524448	-0.0681072993	0.0625209101	0.1022539911	-0.0485473772	0.1518441582	-0.1114303761	-0.0264804399	0.1531976254	0.0956677855	-0.1081054751	-0.0956567405	0.0216757293	-0.0761484079	0.1016185795	0.1550266624	-0.0133048371	0.0470969903	0.1389377238	-0.047645134	-0.0576951439	0.0890985524	-0.1766159903	-0.0239320297	0.0405195661	0.166529748	0.0746494888	0.044873141	-0.1717402366	-0.0132672102	0.1196793367	0.0477852648	0.1463490137	0.0443748702	-0.0775363162	0.1575177664	0.1168124233	-0.0478668961	0.1698873286	0.1597777451	-0.0595489658	0.0578389932	0.0910016861	0.152966032	0.0075004882	0.0706154255	0.0343169206	-0.0538137155	-0.0274680498	-0.0972327213	0.0370142964	-0.0041486601	0.0393297757	-0.1305744037	0.0223914465	-0.0189174329	0.0557091958	0.0126256447	0.1080194832	0.0013047516	-0.0307206069	0.1220486071	-0.028644363	0.0321527733	0.0724846705	0.0741146868	0.1431943962	0.0063652343	-0.084397305	-0.2019105856	0.0477329229	-0.0560673214	0.0064217447	0.0515129852	0.1121510683	0.0633355395	-0.1011063089	-0.1122993877	0.0099899722	0.0035951768	-0.06679237	0.0264394314	0.0226079848	0.0807871887	0.0558909782	-0.0092827194	0.0876309634	-0.0608609067	-0.0892990645	0.0157075127	0.0656609137	-0.0149084	0.0060262	3.631508644000001e-05	0.00022226039056	0.0335794	0.0047428	2.2494151840000017e-05	0.00112757610436	0.00101905	-0.02342485	1.0384629025e-06	0.0005487235975225	-0.00187653	0.0001406499999999	3.5213648409e-06	1.9782422499999992e-08	-0.000647987	0.0002074339999999	4.3028864355999984e-08	4.1988715216900004e-07	0.000245406	0.00014047	1.9731820899999995e-08	6.022410483599999e-08	0.0	0.0	0.0	0.0	0.0	0.0	0.0	0.0	0.0	0.0	0.0	0.0	0.0	0.0	0.0	0.0	0.0	0.0	0.0	0.0	0.0	0.0	0.0	0.0	0.0	0.0	0.0	0.0	0.0	0.0
573.227954216993	-0.6791859247707634	0.4612935204067172	328590.287495799	827.0660335751815	-0.0943961449858079	0.0089106321881816	684038.2238937832	534.5362396356244	-0.2952341393204278	0.0871631970202738	285728.99148379365	565.1909937299733	597.7603401724043	1.535364	65.338326	0.07942545	0.0507718	-0.0628641962	-0.1097046216	0.035300422	0.0278556741	-0.1166513277	0.1238881834	0.0122438266	-0.0264413179	0.1493600086	0.0549964199	0.1494798528	0.1016070597	0.0556558474	-0.0318906745	-0.068679576	-0.0710311046	-0.1834354853	0.0729198314	-0.0246917469	0.0903235905	0.169659209	-0.0131396514	-0.0529113128	0.0570669866	-0.142227054	0.046251298	-0.0413823159	0.0261751658	-0.0029526689	0.1275635303	0.1618706114	-0.0025130143	-0.0701838317	0.1334074626	-0.0272215851	0.0811000431	-0.1286020896	-0.0581249358	0.0178765935	0.0473485632	-0.0997398341	0.0332497879	0.0226608	-0.0497597246	0.0535224738	0.0897212495	0.091608259	-0.1504774928	0.1046519003	0.2192898887	0.0372275915	0.0925958935	-0.143530243	0.0372836323	0.1434943438	0.0520611721	-0.1511634317	0.0527572022	-0.1794471724	0.0815700838	-0.1783548819	0.1229302168	-0.1776086964	-0.0504033446	-0.054054355	-0.0277505951	0.061114855	0.0457894845	-0.0180349494	-0.0426160702	-0.025530544	0.1835644804	0.0309769508	-0.1417688624	-0.0877846543	0.1162522033	-0.0597121194	0.1470123742	-0.0295039855	0.1268415329	-0.0967673696	0.0335306451	-0.0126258975	0.0185599599	0.1386172091	-0.0090738825	-0.1188733698	0.0703261521	0.028663556	0.0208269857	0.0914812397	-0.0197459623	-0.0508312739	0.0130272709	-0.0885058512	0.038482754	-0.0023322766	-0.0766606199	-0.1781395783	0.0058021982	-0.0766662953	0.0501045113	-0.1667827614	-0.0911082827	0.0265354963	-0.1438819689	-0.0486718284	-0.0690120362	0.0514611659	-0.0073747865	0.1273153106	0.1929957972	0.0233242488	0.0458537506	0.0978818166	-0.0961161045	0.1249734285	0.0740511177	0.0542588651	-0.0914954596	0.0667468029	0.1590311618	0.2585869785	-0.0700815525	0.0307694956	0.1928339343	0.0749192199	0.010692027	0.0272893057	-0.0406994926	0.0398268802	0.0244088401	0.0652958968	0.0545994291	0.054860071	0.0248898259	0.0453376011	0.0860883752	-0.081297581	-0.0384401388	-0.0207954904	-0.0897101032	-0.0285078235	0.0094612698	-0.1025969705	0.1250304512	0.0126929131	-0.050326962	0.1165880724	0.2043451784	0.0415838185	0.1310550403	-0.075095817	-0.0243786056	-0.185316101	-0.1215767247	0.150394292	0.0360551216	-0.0143525792	-0.049908403	0.1161838198	0.0442213837	-0.063737397	-0.0911721001	0.0067528299	0.1372970694	-0.0394209552	0.0931757684	0.0396074636	-0.1488703495	0.2514554458	-0.0064910392	0.0881974053	0.0253434733	0.0082757813	0.076267858	0.0658634936	-0.0815350588	-0.2069010693	-0.1880250353	0.049306736	-0.0562495971	0.0271405325	-0.0824186564	-0.0071532528	0.2415747237	0.0659461199	-0.039022929	0.0518156802	0.0960270597	0.0493606837	-0.0108615453	0.0663149698	0.0180463968	-0.0894687176	0.0852751459	-0.1090770892	0.0322553373	0.0208716835	-0.0910064429	0.0208954884	0.0589597043	-0.0128994	0.002009	4.036081000000002e-06	0.00016639452036	0.0327965	-0.0007829	6.129324100000048e-07	0.00107561041225	0.0428265	0.04180745	0.00183410910225	0.0017478628755025	-0.00226718	-0.00039065	5.1401051524000005e-06	1.5260742250000017e-07	-0.000923766	-0.000275779	7.6054056841e-08	8.53343622756e-07	0.000275499	3.0093000000000025e-05	9.055886490000016e-10	7.5899699001e-08	0.0	0.0	0.0	0.0	0.0	0.0	0.0	0.0	0.0	0.0	0.0	0.0	0.0	0.0	0.0	0.0	0.0	0.0	0.0	0.0	0.0	0.0	0.0	0.0	0.0	0.0	0.0	0.0	1.0	0.0
573.1022261077743	-0.1257281092186986	0.015807557447709	328446.16156968643	827.5790709851846	0.5130374100031077	0.2632073840626968	684887.1187327012	534.4772312483453	-0.0590083872790501	0.0034819897692743	285665.9107228972	565.1964912609334	641.1184919941004	1.535167	65.329979	0.094297	0.0524448	-0.0912356776	-0.0929401117	-0.0330962154	-0.046130585	0.0284922574	0.1155254999	-0.0240951201	-0.0686655882	0.0710435896	-0.0030294741	0.036892246	0.0201153449	0.0941447088	0.0635809183	0.1034533855	0.1007531033	0.0715726318	0.2138395924	0.0820335872	-0.029980963	-0.0537338235	-0.1124412597	0.0781807786	-0.0135707488	-0.1130459247	0.0483705759	0.091916429	-0.0898682553	-0.0017653847	-0.154911854	-0.119628719	0.1293330781	-0.0632729596	-0.1904306175	0.0327337333	-0.0238178233	-0.0106266535	-0.061772509	-0.0166096219	0.0483645585	-0.1352751247	0.0427185516	0.1136738086	-0.0637239776	-0.0932830713	0.017352489	0.0252389157	0.0818204567	0.0674602472	-0.0189896165	0.0426370843	0.0680073809	-0.1444937537	0.0483160256	-0.0290857139	0.0111053639	0.0123096423	-0.0154362966	-0.061655329	-0.1381955538	-0.2318744472	-0.0775291566	0.1525695111	0.0991690725	-0.0271672329	-0.1574857189	-0.1180121885	0.1150298458	-0.0589804636	0.0660985218	-0.0109038095	-0.1790192217	-0.0236082724	-0.0535550921	-0.1075443181	-0.0678037138	-0.0432039235	0.0232925455	0.0071477984	-0.0582565702	-0.0351584306	0.1240286761	0.0982710043	0.0080407956	-0.0220771566	-0.0686504794	0.1943789579	0.1381650865	0.0169521366	-0.0996132875	-0.0509092708	-0.0752999105	-0.059050671	0.1203591069	-0.0053327644	-0.0470248926	-0.0133019143	-0.0743517727	0.0510519615	0.1821480132	0.0097558638	0.045256391	-0.0880500516	0.0590274194	0.1462789991	0.1227233819	0.0352913539	0.1450989395	0.1422202927	-0.102315689	-0.0575796106	-0.0261165213	0.007913888	0.0617798852	0.0788699202	-0.1012620667	0.0922224989	0.0169189113	-0.0134238677	0.1791535194	0.0997285242	-0.1011877071	-0.1380041808	0.0807010058	-0.0445329082	-0.0518471299	0.0294779378	-0.1420110713	0.1478105798	0.0197859863	0.0885650736	-0.0886928562	0.0305978052	0.0795999105	-0.084922886	0.0050334235	-0.0471966869	-0.0645073233	-0.1107446382	-0.0772549743	0.1981410296	-0.1887794304	-0.0796851625	-0.1699579324	-0.0457681883	-0.0377191363	-0.0979154483	0.055523529	0.0225916469	-0.1076633499	-0.0623137092	0.1603884976	-0.0074818688	0.0935228096	0.0401770514	-0.1882882986	-0.0610918499	0.0838400431	-0.1489096487	0.0779687275	-0.1170159283	0.0026722941	-0.0562402165	-0.0790746964	0.0894425732	-0.1510672435	-0.0179498587	0.0117337565	-0.1084518095	-0.0330781427	0.098633712	-0.1210578834	-0.0275118508	0.0233748137	0.0319497088	0.1090583984	0.0607339604	0.1045122489	0.1248924602	-0.0903639223	-0.1247886158	-0.0841331707	-0.099736542	0.0708434072	0.1308933492	0.0524800088	-0.0622699497	-0.0552298678	-0.1005041363	-0.0198485169	0.0176638899	0.0151739978	0.0312204415	0.05654527	0.0866383826	0.1181584896	-0.0390930591	-0.0447687434	-0.1528470011	-0.0926692784	0.0260425603	0.051998861	-0.0136208	-0.0007214	5.204179600000007e-07	0.00018552619264	0.0260181	-0.0067784	4.5946706560000005e-05	0.00067694152761	0.00512525	-0.03770125	2.62681875625e-05	0.0014213842515625	-0.00172633	0.00054085	2.9802152689e-06	2.9251872250000005e-07	-0.000636008	0.000287758	8.280466656400002e-08	4.04506176064e-07	0.00042881	0.000153311	2.3504262721e-08	1.838780161e-07	0.0	0.0	0.0	0.0	0.0	0.0	0.0	0.0	0.0	0.0	0.0	0.0	0.0	0.0	0.0	0.0	0.0	0.0	0.0	0.0	0.0	0.0	0.0	0.0	0.0	0.0	0.0	0.0	0.0	1.0
571.9409011413101	-1.161324966464235	1.3486756777331572	327116.3943983338	827.7717494645723	0.1926784793877232	0.0371249964191652	685206.0692116386	533.7077927978283	-0.7694384505169864	0.592035529133981	284844.00809312967	564.6691343469796	621.8676971208059	1.384267	58.90834	0.0614904	0.0308508	-0.1413090156	-0.0120949358	-0.0033400874	0.0430817412	0.0372261891	0.0651450198	-0.0789244885	-0.0662325937	0.0948247241	-0.042903173	-0.0234256446	0.0187428421	-0.0342494803	0.0768136508	0.1087101385	-0.0524819416	-0.071470014	0.1337450338	0.1177971441	0.0300190808	-0.003530236	-0.1580509604	-0.1511940441	-0.0657471895	-0.0328616879	-0.0358460951	0.1040600486	-0.0501675275	0.0891436142	0.029373951	-0.0247763209	-0.0192181177	0.0252750002	0.0837076103	-0.0652418046	-0.0026492691	0.0778869857	0.1112821628	-0.1104682437	0.0539078777	0.1434995971	-0.0295832211	0.0014049973	0.1334964972	0.0156930578	0.0066028545	0.1126914141	0.0632049442	-0.0383153807	0.0229063547	0.1006908445	0.0579275914	-0.0145062218	-0.0436841696	-0.0523258226	0.18294482	0.0955452793	0.0784817962	0.0554447742	0.036706752	-0.0267053776	0.0276619035	-0.0576412165	-0.0306095452	-0.1719184772	0.0478052135	0.149919972	-0.0755830872	-0.0227774752	0.0474383213	-0.0139724772	0.17294351	-0.0573834654	0.0569245614	-0.0282943667	-0.0463835812	0.0032748895	0.0047675176	0.0222871028	-0.0682138861	0.050184018	0.0598237914	-0.1523435333	0.1626549058	0.0564722223	0.0635349547	0.0610002816	-0.110848874	-0.1530123974	-0.0238489273	-0.0439553029	-0.0163316797	0.0179585259	0.05315743	0.0413004533	-0.0271455064	-0.053268255	0.0645443962	0.1071980514	-0.084077229	-0.0113095612	0.0299396326	-0.12758878	0.0041262727	0.0206352157	0.0537137702	0.109514271	0.1227732016	0.0142579348	-0.0335466233	0.0698954775	-0.0911660587	-0.0550005406	0.0957489579	0.0353543673	-0.0808711543	-0.0300367079	-0.0695427163	-0.0811540307	-0.0447189393	0.0653085926	-0.1208310525	0.1006952693	-0.0546742725	0.0120741274	0.1997646805	-0.0235471688	0.0318546623	0.0296284787	-0.0736380687	0.0416375045	0.1075701056	0.0262432061	-0.1329928478	0.0537963246	-0.1069591512	0.0601610221	-0.0139830964	0.1284273342	0.0704783913	-0.1385949921	-0.0477845704	0.1004517217	-0.0316917063	-0.0410406576	0.0107157312	-0.0929353723	-0.0197223617	-0.0834154099	-0.0017685411	-0.0374140166	-0.1025241263	0.0494957584	-0.0307806546	0.0815196976	0.0648359225	-0.1509165929	0.0067894558	-0.0060798788	0.1313098374	-0.0866156974	0.1063368053	-0.0769774796	0.0775511149	-0.0346578666	-0.1150333393	-0.1019425518	-0.0486571411	0.0773640433	-0.0332287906	0.0155034392	-0.0922748423	0.0503389666	0.0549084044	0.0174460133	0.1272293948	-0.0009080784	-0.0698690493	-0.0903037979	0.0771204311	-0.0819652752	-0.0610811437	0.0753255969	-0.055239197	0.037132539	-0.0015452637	0.018190917	0.0344852818	-0.0556032416	-0.1174323467	0.0158027336	-0.0264035199	0.0342824395	-0.0444562175	0.0651125138	-0.09931208	0.0470742618	-0.1129049692	-0.0919181842	-0.0942867573	0.0311386526	0.0448090364	-0.0112962	0.0023246	5.4037651600000064e-06	0.0001276041344399	0.0409158	0.0148977	0.00022194146529	0.00167410268964	0.0225011	0.0173758499999999	0.00050629950121	0.0003019201632224	-0.00201718	-0.0002908499999999	4.0690151524e-06	8.45937224999999e-08	-0.000883002	-0.000246994	6.100603603600002e-08	7.79692532004e-07	0.000428811	1.000000000015745e-09	1.0000000000314906e-18	1.8387887372100002e-07	0.0	0.0	0.0	0.0	0.0	0.0	0.0	0.0	0.0	0.0	0.0	0.0	0.0	0.0	0.0	0.0	0.0	0.0	0.0	0.0	0.0	0.0	0.0	0.0	0.0	0.0	0.0	0.0	0.0	0.0
570.3603490612487	-1.5805520800613522	2.498144877786267	325310.9277812695	829.5653970334821	1.7936475689098188	3.217171601456103	688178.7479553188	533.0536802809128	-0.6541125169155748	0.4278631847856281	284146.2260610256	564.0409871555844	606.456777140437	1.297974	55.236069	0.04790657	0.0206922	-0.0633069723	0.1073128939	0.0046759896	0.0800078601	0.0408952559	-0.0492294047	-0.0994633537	-0.0824100287	-0.0118952898	0.0015443426	-0.1126504843	-0.0999722194	0.1290282012	0.0799903349	-0.1531857751	0.03322212	0.0061875497	0.0276579677	0.1577003269	-0.0734895582	0.0993002103	0.0768302232	-0.0447950207	0.0828811042	0.0587668242	-0.1270077585	0.0255039846	0.0093583281	0.0848372838	-0.0836393817	0.001112288	0.031229867	-0.1993951086	-0.0391480139	0.0205059541	-0.0080520042	0.0583764978	0.0863647364	0.0983587531	-0.0017642494	-0.0523181099	0.0233150966	-0.0121046924	-0.155332183	-0.1420641246	0.0447704258	0.0423289097	-0.0562253645	-0.0311558608	0.160975284	0.0742654282	-0.0594747119	0.0388592621	-0.026359584	-0.0088872226	-0.0493301647	0.0311175956	-0.0996912239	0.0469656311	0.0629001729	-0.0406413302	0.0439235799	0.1101727978	0.0089057612	0.0113917906	0.2249143274	-0.1526841898	-0.1247934433	-0.0334899219	-0.06423678	0.1191770602	-0.1086926561	-0.0329650631	0.0347048773	-0.0241601369	-0.1330587069	-0.0117386809	-0.0309551416	-0.0674962404	-0.1447843518	-0.0069130026	0.0244985994	0.0018744032	-0.033171474	-0.0819941065	0.0140941111	0.0244426153	-0.044834458	0.0745764522	0.1330262693	0.2164672407	0.1273951464	0.0326694424	0.0432611499	0.0505402939	0.1828127907	0.1337444116	-0.0616167867	0.122577188	0.0468397593	-0.0513987094	-0.0701074541	-0.1302088498	-0.0586771288	0.0193470792	0.0569922773	0.0017229786	-0.0928329351	0.0253434784	0.055206702	0.0407543432	-0.0870231569	0.0674736766	0.0662818925	-0.0810396281	-0.0064610559	-0.0578456916	0.0270220428	0.0816529054	0.0301781167	0.0023605512	-0.095546145	-0.1382095179	-0.0106254124	-0.0221571524	-0.1315760349	0.0224099604	0.1176821121	0.096760411	-0.0593415184	-0.016723052	-0.0955369768	0.0482856542	0.1233783149	-0.1133308345	-0.2440288072	-0.1171361364	0.0727842716	-0.0617069522	0.0301246496	-0.0335609619	0.0305812814	0.0931164625	-0.0380304187	0.0603604489	-0.1441417419	0.0860489819	0.0483934049	0.0857816884	-0.1705671436	0.1460506364	-0.1383168083	-0.0423662305	-0.0074915585	0.0183539875	0.1334035163	-0.037510279	-0.1185701203	0.1030503429	0.050330646	-0.048223887	-0.0519391213	0.0425646075	0.020841401	-0.0487369552	0.1085827317	-0.0262772573	0.0704097235	0.1120812286	-0.0165328149	0.0795875813	0.0357790282	0.0657677393	-0.0015478266	0.1335096799	0.0325377276	-0.1143156505	0.0107817193	0.1377001854	-0.0469342858	0.0665430513	-0.1219562318	-0.1212357972	0.0735367124	-0.031039239	0.0847619443	-0.0932212135	-0.0495171201	0.0874028158	-0.1320376181	0.0223075734	0.0718507989	-0.0277558296	0.1123638751	0.1112634003	-0.0477041463	0.1969846572	0.0109174814	-0.0022849815	-0.0958580879	0.0361737896	0.0374218916	-0.00591503	0.0053811699999999	2.8956990568899992e-05	3.49875799009e-05	0.0260383	-0.0148775	0.00022134000625	0.00067799306689	0.0275104	0.0050093	0.00075682210816	2.509308649000001e-05	-0.00183009	0.00018709	3.3492294081e-06	3.50026681e-08	-0.000987834	-0.0001048319999999	1.098974822399998e-08	9.758160115559998e-07	0.000267961	-0.00016085	2.587272250000001e-08	7.180309752099999e-08	0.0	0.0	0.0	0.0	0.0	0.0	0.0	0.0	0.0	0.0	0.0	0.0	0.0	0.0	0.0	0.0	0.0	0.0	0.0	0.0	0.0	0.0	0.0	0.0	0.0	0.0	0.0	0.0	0.0	0.0
569.6279080753857	-0.7324409858630361	0.5364697977720162	324475.95365834003	833.7471180663802	4.181721032898054	17.486790796981964	695134.2568839944	532.7527907794268	-0.3008895014859263	0.0905344921044492	283825.53608326777	564.2392048855297	573.7018809272095	1.338956	56.980106	0.0709869599999999	0.0358543	0.0582315091	0.1215354522	0.046343372	0.1104732807	-0.0823212529	-0.1638236896	-0.0413337634	-0.0308649419	0.0430176707	0.0220962606	0.0078074591	0.150098506	0.1941440092	-0.0020981114	0.0698774155	0.0610572822	-0.2251484576	-0.0601143376	-0.071480948	-0.0281601447	0.0941084822	-0.1912973633	-0.0017799225	0.037857651	-0.0260273193	0.1044875445	-0.1355520966	0.0629540844	0.1067328145	-0.0778676469	0.0931273293	-0.0941440475	0.0159658021	0.0382538318	-0.0819190418	-0.0044755766	0.011378058	0.0251481825	-0.129533126	0.0033313723	0.0885801378	-0.053113807	-0.0423349434	-0.0048968167	-0.0157178496	0.0339333426	0.0567541235	0.0610778216	0.0597130237	-0.1493889294	-0.0019654801	-0.1419983686	0.076376573	-0.0195772247	0.0460740684	-0.0704947498	0.0567536746	0.0702571387	0.0562978878	-0.0071616973	-0.0608416887	-0.2947611252	0.0302096408	-0.0101674815	0.068842038	0.0129571633	-0.0945875445	-0.0702670284	0.0054485429	0.0655225644	0.0895060243	0.0701527087	0.0711435731	-0.062603565	0.0316954691	-0.0469644209	-0.0901159953	0.1469211564	-0.0233067742	-0.0951807654	0.1656188649	-0.0222027802	-0.0606824172	0.0306734172	0.0892271306	-0.1988382261	0.0212041432	0.0448493677	0.0511289165	0.0362198792	-0.1398809739	0.0283266055	0.0876048711	0.1259004064	-0.1003349165	-0.0800244186	-0.2031833641	0.071429639	0.0697092925	0.0695831986	0.0420422921	0.0099757824	-0.0032815521	0.1267440905	-0.0318118832	0.0690000609	0.1025822238	0.0123221299	0.0019589629	0.0297981047	0.0360178644	-0.167892975	0.0950274236	-0.0113809415	-0.1419947683	0.0519904245	-0.0154613608	-0.045820293	0.0070996834	-0.2346156019	0.1155517092	0.01682403	-0.1435811277	0.0400484573	-0.0972253091	-0.0907689278	0.0443158754	-0.0668013365	0.0298352207	0.001826462	0.0346410628	0.0682281475	0.0393053714	-0.1199994776	0.096886907	-0.002166642	0.1280982952	-0.0831151387	-0.1588307631	-0.0251950069	-0.0037511721	-0.0923200184	0.1741351263	-0.2233006068	0.1298882796	-0.015181709	-0.0375124995	-0.0761035169	-0.0226440834	-0.0250721873	0.0497462032	0.0435868028	-0.188980856	-0.0537865342	0.0815431186	-0.0887285774	-0.0042273527	-0.0292436953	-0.1157782633	0.0833651809	0.0380938955	0.0678832645	0.0725968018	0.0960650107	-0.048112812	-0.0736305338	-0.0737935671	-0.0212093107	-0.0594830938	0.1377818643	0.0179977596	-0.0660092358	-0.0983568252	0.0974002592	-0.041974865	-0.0743594664	-0.1103326744	-0.0957478586	-0.0153538001	0.0721024648	-0.0543838112	0.1222417607	-0.1431748804	-0.0187119759	0.1649532918	0.1535829503	0.0538116962	-0.0097921675	0.0210511679	-0.2317285322	-0.1842545845	0.0078980722	0.0246640988	0.0882976329	0.0043870956	-0.1639181882	-0.0890499208	-0.0289063588	0.0612421185	-0.0973825011	0.0411381146	0.0298699563	-0.00882494	-0.00290991	8.467576208099999e-06	7.78795660036e-05	0.0367957	0.0107574	0.00011572165476	0.00135392353849	0.0531491	0.0256386999999999	0.0028248268308099	0.0006573429376899	-0.00213112	-0.0003010299999999	4.541672454399999e-06	9.061906089999993e-08	-0.000714491	0.0002733429999999	7.471639564899995e-08	5.10497389081e-07	0.000327207	5.9246e-05	3.510088515999999e-09	1.07064420849e-07	0.0	0.0	0.0	0.0	0.0	0.0	0.0	0.0	0.0	0.0	0.0	0.0	0.0	0.0	0.0	0.0	0.0	0.0	0.0	0.0	0.0	0.0	0.0	0.0	0.0	0.0	0.0	0.0	0.0	0.0
570.6520793292265	1.024171253840791	1.048926757193818	325643.7956427698	833.8756844882519	0.1285664218717102	0.0165293248328945	695348.6571807506	533.4482896001837	0.6954988207568249	0.483718609674134	284567.07767736143	564.795289174862	585.5157401033779	1.216415	51.765278	0.0524596099999999	0.0244065	0.0849852262	0.0889358054	0.0112737255	0.0375483049	-0.1134174215	-0.1304078183	0.0047388498	0.0690199708	-0.0274914568	-0.0332282101	0.0543971489	0.068155004	0.0840258324	0.0079863868	0.0681600403	-0.0273582393	0.0706679726	0.0281157794	-0.0207573247	-0.0072130607	0.1986733443	0.0808132038	0.1489443606	-0.03683406	-0.0937881897	-0.0362807098	-0.0083418773	0.01982173	0.0330816622	-0.1080427041	0.0079498406	0.0735514406	0.0028773761	-0.0032783589	-0.214654589	0.0162191969	0.1150871872	-0.2165088101	-0.0096961843	0.0109343909	0.0478056428	0.0254368252	0.0468110041	-0.0418240544	-0.1522089526	0.0175263676	0.0056417584	-0.0660648249	0.0197593833	-0.1376253907	-0.0390209481	-0.1055622209	0.0950136422	0.0688057962	0.0543749647	0.1294542031	0.0601853344	0.0184730024	-0.0243782044	0.0906608278	0.1299581874	-0.1823744088	-0.0634711802	-0.0399773805	0.1240897501	-0.0044663435	-0.1049824671	-0.0949372313	-0.0562122316	-0.090384745	-0.1367294977	0.0050219703	0.0127544741	0.0327490665	-0.089066236	0.0540634845	-0.0969296353	-0.0885370607	-0.0312337866	0.1550708168	0.0910514807	-0.0515846204	0.0578070391	-0.151078184	-0.1279431214	0.0213603846	-0.0240904558	0.0452699841	-0.1206617431	0.1528623122	0.0156984109	0.151187655	0.0315338073	-0.1065550951	0.0499281807	-0.0821919283	0.0694772986	0.0057055955	0.0068547352	0.2209816748	-0.0811309954	-0.0088040325	-0.055589124	-0.0517768085	0.0323484209	-0.0188680311	0.053633732	0.1464672502	0.0196896922	0.0447373713	-0.0108940575	0.1488215645	0.0065856353	-0.0321307538	-0.104643016	0.1184029147	0.0219874242	0.095634872	0.0632878664	-0.0069405761	0.1204253822	-0.0546304243	0.0094376049	0.1128083822	-0.0955414364	-0.2005849559	0.0003083982	-0.0542277385	-0.0827277039	0.1449031515	-0.094769558	0.0618024546	-0.0079315018	0.0319104118	0.0374728822	-0.056510474	-0.0600277966	0.0648660538	0.0355108914	-0.0490312459	-0.1303895023	-0.0399482771	-0.0028432435	0.0387652104	0.000938649	0.0976761984	0.1645334711	-0.0577011269	0.0110481715	-0.0805467613	-0.0045305777	0.0420309206	0.1021999356	0.1098340026	-0.0657272527	0.2021498303	0.0282372376	0.0175820168	0.0177017858	0.0623065576	0.2156857468	0.0359573347	-0.1791644263	-0.0912620395	0.1008716948	-0.0909916539	-0.0175044149	-0.0143590735	-0.0615195198	-0.0136955733	0.0291706454	0.1090535203	-0.0104300958	0.1378922092	0.0437210473	-0.081319185	-0.0854648236	-0.0167190742	0.0717058322	-0.1201810952	0.1133381882	0.0457532315	-0.0566602952	0.0540217415	0.0802152596	0.1725995068	0.02702357	0.0996229206	0.0584345807	-0.240641716	0.0622557125	0.0087710181	-0.0726372623	-0.0423703881	-0.0912276052	-0.0185205621	-0.0622469698	0.0049916318	-0.0124391852	-0.0988592507	0.0460219099	0.0221864862	-0.017445	-0.0086200599999999	7.430543440359998e-05	0.0003043280249999	0.0260162	-0.0107795	0.00011619762025	0.00067684266244	0.0364183	-0.0167307999999999	0.00132629257489	0.0002799196686399	-0.00196106	0.0001700599999999	3.845756323600001e-06	2.8920403599999884e-08	-0.000659569	5.4922e-05	3.016426084e-09	4.350312657610001e-07	0.00042881	0.000101603	1.0323169609000005e-08	1.838780161e-07	0.0	0.0	0.0	0.0	0.0	0.0	0.0	0.0	0.0	0.0	0.0	0.0	0.0	0.0	0.0	0.0	0.0	0.0	0.0	0.0	0.0	0.0	0.0	0.0	0.0	0.0	0.0	0.0	0.0	0.0
572.0930090782865	1.4409297490600466	2.0762785417262486	327290.41103624844	833.8651736547018	-0.010510833550029	0.0001104776219164	695331.1278341861	534.4650639674987	1.016774367315065	1.0338301140289514	285652.9046017825	565.3101013761728	581.1453668069341	1.125802	47.909191	0.07154691	0.0414592	0.020705421	0.0985257566	0.0252746382	0.0129288245	-0.2216451186	-0.0660952028	-0.0911126091	0.2540390269	0.1124999985	-0.0877696335	0.0334102966	-0.0270589932	0.0422188462	0.0035676824	-0.032713195	-0.0744417818	-0.0500366738	0.0173465725	-0.1013672428	0.0542754645	-0.0867639144	-0.0630379699	-0.1015929448	0.0014463902	-0.1164147503	-0.0106779287	0.0088623444	0.0150141882	0.1669056702	0.0964044858	-0.2326812243	0.1041865504	-0.0700754154	0.0571806739	-0.0347585593	-0.0672229209	0.0444475331	-0.03761467	0.1130154155	-0.0361377422	-0.0364250687	-0.0489334803	-0.0603667804	-0.0358137177	0.149740305	-0.1132228226	-0.0828303097	0.0034313256	0.0377167772	0.0798753902	0.0546624709	-0.1151635429	0.0050357354	0.1625810325	-0.0869801466	0.0420343753	-0.0238638998	-0.0632981286	0.1270941402	0.110047725	0.132186117	0.0193778799	-0.0475653957	0.060508634	0.0824269939	-0.0163199153	-0.0900112042	0.0018034964	-0.0696522362	0.0523000015	0.054938856	-0.1066866038	0.0116811063	-0.0113858052	0.0863353239	-0.0312328153	0.0276897379	0.0290312774	0.0374931098	0.2519017805	-0.0427228399	-0.1630750902	-0.0369624054	-0.0901842489	0.0354269605	-0.0974761195	-0.1338333325	-0.0710786603	-0.0134335576	0.062896806	0.0034038416	0.0210921456	0.0187345424	-0.0073142154	0.0591932374	0.0985611659	0.0249713198	0.0691585098	0.0014796545	-0.0547405628	0.0792696537	-0.0963920717	-0.0380957059	-0.1145234006	0.1354263014	-0.0033584667	0.0018736516	0.0357411995	-0.0613693109	-0.139819713	-0.1317212656	-0.028119934	-0.0777227805	0.084988584	-0.1031688239	0.1129878693	0.1638644372	-0.1606251076	0.0793054976	0.0043858925	-0.0257286039	-0.0690324225	0.0563828836	0.1037708914	0.0190487275	-0.039035108	-0.0999846586	0.0019821174	-0.1289633858	-0.0519344238	0.0082868068	-0.05636945	-0.1259396213	0.0940518322	0.0037560946	0.0916784647	0.1127594063	-0.0695882671	-0.0014940187	0.0304974437	-0.0664758748	-0.0129983757	0.0060964241	0.1190092152	0.0260513667	0.1031318069	0.2216864318	0.0984139531	0.0016614759	-0.0782797065	0.1060028056	0.0255622011	-0.1081736297	-0.0368439555	-0.0483428912	-0.043565144	0.0042244124	-0.120153787	0.1242074227	-0.053133511	-0.1287643213	-0.0841760155	0.1100360411	-0.0020842742	0.1301370144	-0.1023368142	0.0645178412	-0.0311438011	-0.072487842	0.0515727101	0.0439920874	-0.0085250866	-0.0379853795	0.0066760249	-0.0176489544	-0.0065009255	-0.1282094047	-0.0183014761	0.0333654027	-0.0478064745	-0.1279201958	0.1477509259	-0.1203097491	-0.0686585856	-0.0138912371	-0.0075458119	-0.0034279367	0.1275939233	-0.2598148075	-0.0923211352	0.0041444884	0.1532783533	0.038602792	-0.1934329108	-0.1861260224	-0.0284029977	-0.1123039507	-0.0368801345	-0.0697451762	-0.100287614	0.0508156151	0.0144053161	-0.00813844	0.0093065599999999	8.661205903359997e-05	6.623420563360001e-05	0.0343035	0.0082873	6.867934129000002e-05	0.00117673011225	0.0258738	-0.0105445	0.00066945352644	0.00011118648025	-0.00126905	0.00069201	1.6104879025000002e-06	4.788778401000001e-07	-0.000483409	0.00017616	3.1032345600000014e-08	2.3368426128100001e-07	0.000428811	1.000000000015745e-09	1.0000000000314906e-18	1.8387887372100002e-07	0.0	0.0	0.0	0.0	0.0	0.0	0.0	0.0	0.0	0.0	0.0	0.0	0.0	0.0	0.0	0.0	0.0	0.0	0.0	0.0	0.0	0.0	0.0	0.0	0.0	0.0	0.0	0.0	0.0	0.0
573.2943298528479	1.2013207745613954	1.443171603392791	328666.388641426	832.8444750656495	-1.0206985890523583	1.041825609693475	693629.9196473772	535.338559410531	0.8734954430323114	0.762994288998214	286587.3731917427	566.4300148936907	604.9312337121074	1.191814	50.718372	0.04555381	0.0248116	-0.029917746	0.12362297	0.008114263	0.0037182158	-0.126035228	-0.0477346366	-0.1103710316	0.1380397547	0.0039716527	0.0106440432	0.0424656888	-0.0992394739	-0.1117643443	-0.0586430056	-0.1650866506	0.1286824581	0.0138071829	-0.0422895367	0.0595032263	0.0644967322	-0.0465611357	-0.1320059213	0.0198677372	0.0922661599	-0.0095866127	0.0036377248	0.0587756747	-0.1449272901	0.0474827757	-0.1406997731	0.0801585244	0.0286991891	-0.034956948	0.122150537	-0.016703444	-0.0546091647	0.007712013	0.0451856413	-0.0007761945	-0.1036253581	-0.027058683	-0.1073065137	-0.1765567174	0.1133875553	-0.0416258721	-0.0186963393	-0.0760041047	-0.0424116297	-0.0655989359	0.1257524314	0.1285770506	-0.1068974367	-0.0842353368	0.0774083041	0.0716622753	-0.1162256645	-0.2950635502	-0.1248787538	0.0144831223	0.0949408184	0.0211095165	-0.0979561567	-0.0444480968	0.0933268053	-0.0743280226	0.0906914347	0.0013676679	-0.0026074421	0.0891028445	0.0375154036	0.0225953979	-0.0405519168	0.0985892878	-0.0330469211	0.0154921472	-0.0145862637	-0.0693559806	0.0431598703	-0.0306498863	-0.0676855307	-0.007246908	0.0097829235	0.0124466256	-0.0688957273	-0.1141087165	0.0114504194	-0.0979692232	-0.1264869369	0.0543275252	-0.0829711813	0.0121940358	0.0158839523	-0.0035207277	0.0742160139	0.0121867126	0.0525117797	0.0036750604	-0.0186383728	-0.1843012704	0.0210730655	0.0507997884	-0.0970564516	-0.0054983597	0.0620676949	0.1337846991	-0.1521552897	0.03072878	0.0414189345	0.0692106866	-0.1023798592	-0.0139103084	0.0507228808	0.1303886301	0.1074783853	-0.1211234441	-0.0228515623	0.1267468978	0.0073883447	0.1886332969	0.0392149455	-0.1675703834	0.1541370817	0.1101649257	0.0264636851	-0.0537631716	-0.0402552152	0.0397235191	0.0030966275	0.1341450886	-0.0212070863	0.0228775747	0.0418690588	-0.0639420493	0.030921195	-0.0792299951	0.0275615535	-0.0260987873	0.0201480722	-0.0744584742	-0.1663192662	-0.0805195426	0.0199599527	0.1154988037	0.0097395347	0.020943989	-0.0942824952	0.0579752866	0.062893953	0.017155012	0.0385133655	-0.0044425469	0.0132784516	0.0021769594	-0.0777106306	-0.1166723091	0.0357500446	-0.0851042461	0.0139335392	-0.0171137111	-0.0386630203	-0.0292173002	0.0406949084	0.0273739559	-0.0965958797	0.0437221865	0.0754299424	-0.0896867089	-0.1257244202	-0.1068486366	0.0223414771	0.1606392208	0.0575947156	-0.0563512701	-0.0923700347	0.0537879959	0.0318321878	-0.1333738215	-0.0154921374	0.0025934333	-0.1840758701	0.0201667132	-0.0706188806	-0.0306772447	-0.0126958774	-0.1677413241	0.0384055366	-0.0850295315	0.1290998773	-0.1335983235	-0.0203438012	0.0251678357	0.1686781498	-0.0236026187	0.0312206807	-0.1585786151	0.0637902213	0.0344143377	-0.0818081996	-0.0763375752	-0.1016668918	0.0555098464	0.006560711	-0.0130504	-0.00491196	2.41273510416e-05	0.00017031294016	0.0300285	-0.004275	1.827562500000001e-05	0.00090171081225	0.0228912	-0.0029825999999999	0.00052400703744	8.895902759999991e-06	-0.00161271	-0.0003436599999999	2.6008335441e-06	1.1810219559999998e-07	-0.000807434	-0.000324025	1.0499220062499999e-07	6.51949664356e-07	0.000428811	0.0	0.0	1.8387887372100002e-07	0.0	0.0	0.0	0.0	0.0	0.0	0.0	0.0	0.0	0.0	0.0	0.0	0.0	0.0	0.0	0.0	0.0	0.0	0.0	0.0	0.0	0.0	0.0	0.0	0.0	0.0	0.0	0.0	0.0	0.0
573.433832684639	0.1395028317911055	0.0194610400777374	328826.3604673946	831.6093514450369	-1.235123620612626	1.525530358195242	691574.1134108348	535.5006763106713	0.1621169001402904	0.0262818893110969	286760.9743291864	566.5642295627123	633.3809781542727	1.325102	56.390511	0.0455291999999999	0.0202409	-0.0616824813	0.0968521367	-0.0239998835	-0.009891781	0.0381634986	-0.0389200125	-0.1281337615	-0.035144706	0.1262411592	0.097688765	0.0353787092	0.0521959293	-0.0860663388	-0.0816965713	-0.093486003	-0.0822002855	-0.0262967235	0.0187990027	0.092895245	-0.2420180807	0.1060766626	0.0796974236	0.0201707282	-0.0090954353	-0.0600235387	0.1507407624	0.017437134	-0.0779328797	0.0547475225	0.0429697387	0.0327417412	-0.2265926473	-0.1299951378	0.0463274195	0.0065568077	0.0169525307	-0.0977936264	0.0359313178	0.0538290249	-0.0720753708	0.0158532419	-0.1108293692	-0.1285179063	-0.0365123588	-0.146129099	-0.0905622421	-0.0838171136	0.0325868913	0.0074499726	0.0402129855	0.1222126798	-0.0988768624	-0.1231374276	0.0274771806	-0.0040893749	-0.1768470112	0.0544996567	-0.0094185571	-0.0101227462	0.0509201844	-0.0054722419	-0.0176955697	-0.0051527287	-0.096129243	-0.0082109547	0.0940587173	-0.0279986131	0.0232054223	0.1012264054	-0.0341660711	0.0220830094	-0.0799965546	-0.0989245567	-0.0249743759	0.0546956303	0.0602557154	-0.0608817842	-0.1555873838	-0.0557104622	0.0103730539	-0.0439658262	0.0424381767	0.0562998445	0.0192675383	0.021915327	-0.0736798813	0.1394224961	-0.0468583701	-0.0105881222	0.0752347161	0.0152034606	0.0722498175	-0.0192269914	0.1223904207	0.2079215309	-0.0176854747	-0.0321206309	-0.1086640628	0.0122833243	-0.1060302619	0.0119580774	-0.0351036044	0.1708588578	-0.0169095472	-0.0535428839	0.0519134397	-0.0355581324	-0.1349319872	-0.1063526409	0.164934876	0.0306780186	-0.0236113274	0.0239433277	0.0918842057	-0.1118419147	-0.1238990548	0.0968937114	-0.0056865213	-0.1426119478	-0.0588454745	-0.066726869	0.082593505	-0.0608076594	0.0854838292	-0.0092504343	-0.079966455	0.0687260621	-0.0014177426	-0.0047267651	0.0767182776	0.0468023436	0.0444688652	-0.0417294451	0.0293796291	-0.0208679931	-0.0552919596	-0.1462581165	0.0425499596	0.0424264834	-0.0275868709	-0.0513472795	0.1584554798	0.0580300881	0.0355142162	-0.0665472362	-0.042839323	-0.0388411882	0.0857277639	0.1362802962	-0.0169059181	0.0106791903	-0.0006905618	-0.1740035754	0.0452138203	-0.0247820773	-0.0407524708	0.048045032	-0.0453634858	0.0401169143	0.055448627	-0.0501057178	-0.0319096013	0.0484477718	0.0763561835	0.0046007412	0.0997818156	0.1195526693	0.0422368989	0.1874008295	-0.0428765916	-0.10734468	0.0118388173	0.0031448138	-0.0245274697	-0.0468766619	0.0569764754	-0.1052452959	0.0116865782	0.0188675545	0.0028122165	-0.143208292	-0.1073492787	-0.0872405954	0.0214061508	-0.1373917407	0.0064852283	0.0587448314	0.0553517086	-0.0716203038	-0.0214508011	0.0513627657	0.1134527429	-0.0635738837	-0.0395472972	-0.0077814545	-0.044971283	0.0924034758	-0.0774385601	0.1365105739	-0.1029964092	0.0600954145	-0.0013127847	-0.0208882	-0.0078377999999999	6.143110883999999e-05	0.0004363168992399	0.0260208	-0.0040076999999999	1.6061659289999995e-05	0.00067708203264	0.0102196	-0.0126716	0.00010444022416	0.00016056944656	-0.00183623	-0.0002235199999999	3.3717406129e-06	4.9961190399999935e-08	-0.000862984	-5.555000000000002e-05	3.0858025000000023e-09	7.447413842560001e-07	0.000287639	-0.000141172	1.9929533584e-08	8.2736194321e-08	0.0	0.0	0.0	0.0	0.0	0.0	0.0	0.0	0.0	0.0	0.0	0.0	0.0	0.0	0.0	0.0	0.0	0.0	0.0	0.0	0.0	0.0	0.0	0.0	0.0	0.0	0.0	0.0	0.0	0.0
571.0014917366185	-2.43234094802051	5.916282487417313	326042.70356544363	834.3180657393908	2.7087142943539675	7.337133128437512	696086.6348191184	534.3871946235777	-1.1134816870936677	1.23984146749296	285569.6737776575	565.8368616331638	615.672072660478	1.29659	55.177189	0.09175781	0.0413149	-0.0133416351	0.1257987645	0.0065658016	0.0705175585	0.073514887	-0.1364087436	-0.111083241	-0.0824852444	0.0374714373	-0.109578005	0.1166106028	-0.0824604624	-0.0096788119	-0.0063761406	0.0576726351	-0.0348945894	-0.0553718977	-0.0205642757	-0.0057246505	-0.0536061142	-0.0097227742	-0.1368004606	0.0369643511	0.117012543	-0.084933855	-0.0415209134	0.0600609289	0.0731902818	-0.0629243497	0.048850792	0.0031785048	-0.0457320414	0.0537199563	-0.2275271015	0.0906905982	-0.0633044011	0.0056236749	-0.0578505652	0.1280820062	-0.0151522793	0.0247213523	-0.0104506329	-0.0625619881	0.0771326569	-0.1404560155	-0.0382484269	-0.0475317738	-0.0681088555	-0.1120072768	0.0163332113	0.0944204015	-0.145613074	-0.0892588676	-0.0484919059	0.1258324427	-0.0514618189	-0.1210973454	0.0009662607	-0.0349561855	0.0010764638	0.0707198587	0.0289457141	-0.0191281495	0.0154706758	0.0537841158	0.0944218033	0.0325234168	0.0034881186	0.0209139336	0.1212369513	-0.1121381409	-0.0183781233	-0.0543001678	0.1077129789	0.2235492249	0.0167508102	0.0967589235	-0.0303604127	-0.1040214789	0.0762265697	-0.0438208584	0.1366924465	-0.0613015234	0.0938325824	0.1417497205	-0.0336552809	0.1213438688	-0.0142599681	0.0412631377	-0.0079004228	0.0040021224	0.0838308597	0.0317043424	-0.219901535	-0.0421609216	0.0752278902	0.0710675322	0.0610889304	0.1326544465	-0.0113058131	0.0958263041	0.162776513	0.045958937	-0.0757286618	0.1161649614	-0.1584689411	-0.0372535695	0.1422369972	-0.0632443842	-0.0419388879	-0.0025932482	0.0975075089	-0.0257486164	0.047154005	-0.1599967104	-0.1314896086	0.0049947773	0.0488408053	0.1089793021	-0.0691927479	-0.0237873652	0.0725440552	0.0239893038	-0.0133600532	0.055021402	-0.0689118343	0.0457684673	-0.0653223125	-0.0218764977	-0.0799823332	0.0907796793	-0.0387036112	-0.051106176	-0.1088886778	-0.0132306447	0.0416206091	0.0330575414	-0.2309033243	0.0180219157	0.0738262727	0.0181372714	0.0954846552	-0.1376833673	0.1388877257	-0.0989219873	0.082948459	-0.1306158279	0.0040341549	0.0377830673	-0.0418825322	0.1201010238	-0.0590874845	0.0854455048	0.0267038471	0.035426769	0.1300261987	0.0316778576	0.120313906	0.087384959	0.065314532	-0.1450523016	0.0805811357	0.0313027946	0.0495298384	0.163909749	-0.00685985	-0.0672458136	0.0930474144	-0.1026142828	-0.1326939231	-0.1068557163	0.0134885795	0.0604199103	-0.1095001417	-0.0061341712	0.0012831345	-0.1239171947	-0.1327782831	-0.0086391215	-0.0320816254	0.0135729842	-0.178700699	-0.1344911174	-0.0181954334	-0.0097295608	0.0497593551	-0.0744965417	-0.0381063018	0.0431091886	0.0558538397	-0.0580689564	-0.1411323292	0.1000990736	0.0305234039	-0.0329972261	0.0413400254	0.1515891219	-0.0494817442	0.1897668136	-0.1042755153	0.0645633431	-0.0091804995	0.00312021	0.02400841	0.0005764037507281	9.7357104441e-06	0.0457946	0.0197737999999999	0.0003910031664399	0.0020971453891599	0.0258408	0.0156212	0.00066774694464	0.00024402188944	-0.00211977	-0.00028354	4.4934248529e-06	8.039493160000005e-08	-0.00108536	-0.000222376	4.9451085376000024e-08	1.1780063296000002e-06	0.000428811	0.000141172	1.9929533584e-08	1.8387887372100002e-07	0.0	0.0	0.0	0.0	0.0	0.0	0.0	0.0	0.0	0.0	0.0	0.0	0.0	0.0	0.0	0.0	0.0	0.0	0.0	0.0	0.0	0.0	0.0	0.0	0.0	0.0	0.0	0.0	0.0	0.0
570.2192064342647	-0.7822853023537846	0.6119702942787522	325149.9433865226	833.0340929191758	-1.2839728202150127	1.648586203050893	693945.799965674	533.8760518349345	-0.5111427886431557	0.2612669503819017	285023.6387228577	565.4559375969255	608.9052914559958	1.155356	49.166859	0.07149124	0.0403455	-0.0292602158	0.1157645824	0.0044218015	0.0262487702	-0.0197085053	-0.0791815292	-0.1013735463	0.0437497629	0.0556542136	-0.1078075751	-0.0574190042	0.06560663	-0.0375517617	-0.0129510042	-0.1711052218	0.0160350487	0.1313351009	0.0056262979	0.1290263727	-0.1368960381	0.0669641774	0.0361671745	-0.0282207041	0.1026974151	0.0650317199	-0.0148274757	-0.1975104328	-0.0381334927	0.0655158604	-0.033375071	-0.0400971384	0.0557729223	0.1146199838	-0.0146405759	-0.0365525335	0.0476735461	0.0806557192	-0.1327582086	0.0483236097	0.0930886706	-0.0003546271	0.1023427562	0.0667850433	0.056127469	0.1133926763	0.0548080926	-0.1969390212	0.0716079501	-0.0565774395	0.0193350691	0.0885920747	-0.0695927445	0.0502132529	-0.0498924917	-0.0489324443	-0.2094279126	-0.037847383	-0.0741357111	0.0914344248	0.0179306659	-0.0912978069	0.0143796146	-0.1093896561	-0.0877154738	-0.0006746802	-0.0753441905	0.1624087127	-0.05595521	0.0455337653	-0.100592846	-0.02867277	-0.0258339194	0.0381169177	-0.0891943761	-0.0463777932	0.0402263899	-0.0353887136	0.0112390952	-0.1151619321	-0.1091926625	-0.1730343246	-0.0183900361	0.1254834557	-0.0872842422	-0.0141869016	0.1279821986	0.0820245313	-0.0678295094	-0.2276233142	-0.0804721741	0.0160849286	0.016967472	0.0613110684	-0.0422807704	-0.0055639871	-0.0440404684	-0.1889978906	-0.0219800939	0.1776308426	-7.66288e-05	0.0636343925	0.095804596	-0.0951834358	-0.1291400162	0.0279361757	0.0040429699	-0.0662145631	0.019110871	0.088190601	0.0942517249	-0.125978165	0.0969319221	-0.1668337737	0.0543819675	-0.1030909135	-0.0354908744	-0.0645593866	-0.1082842804	-0.0081558154	-0.05011616	-0.1742706922	0.1071032732	-0.0577357869	0.0100379432	-0.1006092414	0.0674377959	0.0575878703	0.075726038	0.0192251509	0.0598815926	-0.0687309788	0.1476698864	0.0364504863	0.1004688197	-0.064970883	0.1144267366	-0.0588805946	0.1184221928	-0.0454884525	-0.0196717577	0.0183096915	0.0057976147	-0.0822456008	-0.0175978765	-0.1293608678	-0.054260682	-0.0087321174	0.0948996162	0.0500784206	0.0918580129	-0.1449033916	-0.0503189611	-0.0429572672	-0.0292205605	-0.1064417912	0.1387183096	-0.1038999824	-0.011940076	0.0159336511	0.1307305294	-0.0503768701	0.0381610943	-0.2964656308	0.0570801055	0.0267535612	-0.1048377925	0.0550666633	0.1572951172	-0.0966589146	0.028340631	-0.0544566272	-0.1239294424	0.1789256893	-0.0728718949	-0.0520910993	0.0373095632	-0.1154240652	-0.0620550954	0.1327951449	0.0386638768	-0.0357390461	-0.0034940269	-0.081013791	-0.1380391195	-0.1255450225	0.042059574	-0.0013848216	-0.0096512043	-0.0398981824	0.1015631102	0.0469823181	0.0845909691	-0.1072075995	0.0544924919	-0.065574712	0.0102648947	0.1360034175	-0.2036310592	-0.0306695875	-0.1055035841	0.0689048858	-0.0170077871	0.00153047	-0.00158974	2.5272732676e-06	2.3423384209e-06	0.0226132	-0.0231813999999999	0.0005373773059599	0.00051135681424	0.0149244	-0.0109164	0.00022273771536	0.00011916778896	-0.0015151	0.00060467	2.29552801e-06	3.656258089000001e-07	-0.00108536	0.0	0.0	1.1780063296000002e-06	0.000540215	0.000111404	1.2410851216e-08	2.9183224622500004e-07	0.0	0.0	0.0	0.0	0.0	0.0	0.0	0.0	0.0	0.0	0.0	0.0	0.0	0.0	0.0	0.0	0.0	0.0	0.0	0.0	0.0	0.0	0.0	0.0	0.0	0.0	0.0	0.0	0.0	0.0
570.580091064501	0.3608846302362281	0.130237716340739	325561.6403191742	831.4631864244625	-1.570906494713313	2.467747215132468	691331.0303791205	532.9096993981196	-0.9663524368148728	0.9338370321380428	283992.7477125942	564.0289147963704	597.0715014314242	1.192504	50.747711	0.06733751	0.0345563	-0.0625049352	0.0964622447	0.0314459976	0.0550985284	-0.0820138055	-0.0353382949	-0.1061531785	0.0454731796	-0.0433310346	0.0097409873	-0.0078588829	-0.0384007377	-0.0136409371	-0.0644527691	-0.008865997	-0.0271109459	-0.0250119316	-0.0681826886	-0.0624674245	-0.1798262446	-0.069757753	-0.1351993111	0.0632579864	0.0816183512	-0.1559156782	0.0008192019	0.0867528087	-0.0349224485	-0.024741056	-0.0206195268	-0.0394059011	0.0689644806	-0.0822591041	-0.0736651978	0.1140823024	0.2485036143	0.0618575374	-0.003256493	-0.0298112066	-0.0099935622	-0.0681374942	-0.1128286941	0.0132210358	0.0654960441	0.1522206705	-0.0592749334	0.1355920748	-0.0927015674	0.0144356579	-0.0375964974	0.0888930356	0.0036793437	0.1351821537	0.0450848072	0.0742933142	0.0852267518	0.022373835	-0.0709522806	-0.0129207287	0.091302817	0.0894722499	-0.0028194258	-0.0292430842	-0.0436500503	-0.0743161973	0.0781077259	0.067751437	-0.0034296528	-0.0045947172	0.0446618081	-0.1307558852	0.0468662804	0.0193222346	0.1636392541	0.0275415747	-0.0882675697	-0.0090216495	0.0844127217	0.0354665955	-0.0479992508	0.2054590939	-0.0253673092	0.0580601474	0.0520384843	-0.0644971812	0.0884694728	0.0560991456	0.0300164826	-0.0146462471	0.0765849566	0.0696012513	0.0343463264	-0.2904564395	0.060705069	-0.0210436229	0.0583486494	-0.1443173295	-0.0503322929	0.084230895	-0.0719412235	0.0027830551	0.0266902781	0.0869481794	-0.0028466541	-0.0051433082	-0.0151740997	-0.0909045482	-0.0280941459	-0.1611632718	-0.2102201368	-0.006773817	0.0711918867	0.0256153221	0.0886908747	-0.0398923938	0.08337122	-0.0560945555	0.068971758	0.0382387985	-0.0131654322	-0.0767074845	-0.0540019735	0.0100402689	0.0378424999	-0.0490483942	0.0022642991	-0.0069610267	0.0454739901	-0.0929255869	-0.1137818008	0.0192576553	0.0670558964	0.0317748701	-0.1158401845	0.0999879424	-0.0123768277	-0.0836687806	-0.0270536777	0.1438136448	-0.0563711836	-0.0573841606	-0.0138263635	0.1598801147	-0.0265459763	0.1517195688	-0.031316019	-0.1363057666	0.154336251	0.0683372345	0.0397746587	-0.0387128273	-0.01442339	0.177538708	0.0407295369	-0.0196800151	-0.0162728652	0.1913276922	-0.0185245456	0.1848479816	-0.0466440051	0.0671289287	0.0758996107	0.0400212962	0.0997943712	0.1332731817	-0.0237474399	0.1310031279	0.0310134371	0.0928968831	-0.131733003	0.1087208413	0.1087123114	-0.0404587969	0.117804079	-0.2176254866	0.0650650074	-0.0916329719	-0.1235933479	0.0250917551	-0.0284896301	0.0377514041	0.0136181848	0.0591166262	-0.0364723061	-0.1308615858	-0.0057499388	-0.0996617531	0.0006434605	-0.028708715	-0.0258655748	0.0427364541	-0.0856047586	0.0210236509	-0.0448868394	-0.1870928726	-0.053425251	-0.0181588916	0.0034847381	0.0743942291	-0.1066800145	0.073111544	-0.0247601796	-0.00431594	-0.00584641	3.41805098881e-05	1.86273380836e-05	0.0416156	0.0190024	0.00036109120576	0.00173185816336	0.0307912	0.0158668	0.00094809799744	0.00025175534224	-0.00195166	-0.00043656	3.8089767556e-06	1.905846336000001e-07	-0.00108536	0.0	0.0	1.1780063296000002e-06	0.000636093	9.587799999999998e-05	9.192590883999996e-09	4.04614304649e-07	0.0	0.0	0.0	0.0	0.0	0.0	0.0	0.0	0.0	0.0	0.0	0.0	0.0	0.0	0.0	0.0	0.0	0.0	0.0	0.0	0.0	0.0	0.0	0.0	0.0	0.0	0.0	0.0	0.0	0.0
571.753154102725	1.173063038224086	1.3760768916475237	326901.66922641447	829.446354796034	-2.016831628428463	4.067609817429405	687981.2554844284	532.9855401655121	0.0758407673924921	0.005751821998682	284073.5860255228	564.1143527586828	622.3976127941156	1.389876	59.147022	0.07658617	0.0448787	-0.1171654154	-0.0089009754	0.0094488569	0.0164502808	0.0187759315	0.0518883093	-0.0961021684	0.0046914649	-0.1040577555	0.00523544	-0.0455853148	0.089160344	-0.1082502675	0.0097156278	0.0834136985	0.0419999736	0.1286298797	0.1026975977	0.0996002066	0.2328810676	0.0565878431	-0.0530495444	0.0331338099	-0.0213038662	0.0345396504	0.0613125375	-0.0142517869	-0.0890457689	-0.0807176968	0.0751413883	0.031639471	0.1354170887	-0.0030244415	0.0217929233	-0.1125593922	0.0156591745	0.1087170368	0.1277059263	0.1281710327	-0.147244556	-0.0537405614	0.0249526619	-0.1852580477	-0.0728759331	0.0109583479	0.0873136609	-0.0206738604	0.0560087997	0.0914649042	-0.1966484029	0.0833524131	0.0821073823	0.0896359233	-0.0473572551	0.0859577072	0.0877278736	0.1288394712	-0.1463354629	-0.0181176155	-0.0318454289	-0.1170226736	-0.013680555	-0.0582303531	0.1098906504	0.1038383738	-0.077212567	0.0675493883	0.0377625292	0.0260703414	0.1544333909	-0.1308695936	-0.0581961609	0.0319370062	0.1039287213	0.0099973352	-0.0518868821	0.029858577	-0.0113856768	0.0853933394	0.0100072739	0.0658775119	0.0428489118	-0.1096844701	0.0579385547	-0.0253573441	0.0699160703	-0.0761656336	-0.1077910432	0.0334877178	0.112059164	-0.0022367818	-0.0709214577	-0.0145934118	-0.0894654305	-0.0715896724	-0.104052928	-0.0520096715	0.0357455616	-0.0232066186	0.0710061654	-0.0930518094	-0.0355016073	-0.1164052683	0.0679188637	-0.0238425826	-0.167523831	0.0386378482	-0.1057185987	0.1479426726	0.1220835278	-0.0363949555	-0.135828627	-0.0767285554	0.0820454814	0.0459088194	0.0237259415	-0.1100405934	0.0938140928	-0.1001724144	-0.0001061742	0.0935161381	-0.0164454765	0.0079892815	0.0710553015	-0.1080292862	0.0433242182	0.028323111	-0.032783212	-0.1008797033	-0.1837099145	0.0264132119	0.1086657895	-0.1154979457	-0.0286896641	-0.1235207108	0.1406486728	-0.032412945	0.0390458192	0.0650343212	-0.0536682824	-0.0310344578	-0.1500993664	-0.0039290104	-0.0168055567	0.0165754739	-0.0387823552	-0.0775627146	-0.1257066535	-0.1382633371	-0.0874280601	0.0663051345	-0.1802794157	0.0907876572	-0.0466617462	-0.015228698	-0.0628518291	0.0574733606	0.0818343352	0.0513782139	0.0132645998	0.0939257001	0.0460878955	-0.0555846637	0.0041160057	0.0677555827	0.1456550334	-0.0782033332	-0.0021658652	-0.1109323622	0.1094569458	0.0621567754	-0.1098895592	0.0458892922	-0.0360175659	0.010632752	0.1242277049	-0.0046034361	-0.0022815357	0.1035587226	0.0026656564	-0.0529474847	-0.0361498771	0.0690044653	-0.0776335222	0.08462476	-0.0376738257	0.073755694	0.023594397	-0.0665875465	-0.0670770906	0.0506070087	0.0080823293	-0.0142996199	-0.1146056915	0.0748871505	0.0173532568	0.0859740911	-0.0298799256	0.0030471274	-0.1078042307	0.077175083	-0.0324035386	-0.00390331	0.0004126299999999	1.702635168999998e-07	1.52358289561e-05	0.0260211	-0.0155945	0.00024318843025	0.0006770976452099	0.00594036	-0.02485084	3.5287876929600004e-05	0.0006175642487056	-0.0013321	0.00061956	1.7744904099999998e-06	3.838545936000002e-07	-0.00108536	0.0	0.0	1.1780063296000002e-06	0.000541089	-9.5004e-05	9.025760015999998e-09	2.92777305921e-07	0.0	0.0	0.0	0.0	0.0	0.0	0.0	0.0	0.0	0.0	0.0	0.0	0.0	0.0	0.0	0.0	0.0	0.0	0.0	0.0	0.0	0.0	0.0	0.0	0.0	0.0	0.0	0.0	0.0	0.0
570.5309426466919	-1.2222114560331647	1.4938008432587084	325505.5565173228	828.2355752324368	-1.210779563597271	1.465987151624797	685974.1680806055	533.8448940693874	0.8593539038752169	0.7384891321055755	284990.3709239554	564.7726692464499	608.7789348930254	1.278986	54.428017	0.06761502	0.0358769	-0.1315988733	0.0362769308	0.0365139588	0.1095824703	0.0646310474	0.0226072914	-0.0960793537	-0.0534730098	-0.0932830264	-0.013513168	-0.0369769714	-0.0456126919	-0.1167586383	-0.0776374687	-0.123824541	-0.0138118994	0.0250293502	0.0430885577	0.1144022131	-0.0151627094	-0.0365511702	0.0549591003	0.1765228314	-0.1665062441	-0.1060615288	-0.1156466866	-0.1030662475	-0.0522746427	0.0294463229	-0.0599338513	-0.0224718319	-0.0361003638	0.2129233974	0.1140988899	-0.0879549222	-0.0953760425	-0.0110506219	-0.0929656448	-0.0773818939	0.0294266246	-0.0172566506	-0.0234258595	0.0949564447	-0.076626114	0.0539298101	-0.0052383345	-0.0142825763	-0.0366017363	-0.0532961541	-0.0811642453	0.130904605	0.0297712333	-0.0089394137	-0.0371669198	0.1729568471	0.0379080914	0.0531481514	0.0375274311	0.0194835654	-0.0674005874	0.1304730458	0.0533643085	0.066569634	0.0851920696	-0.0503750816	-0.0076994161	-0.0228126515	-0.1813843678	-0.0366180178	0.269098874	-0.0048828717	0.0754460347	-0.1173816813	-0.0862906637	0.0204509754	-0.0291830683	-0.0717550103	-0.0984552568	0.0762559625	0.0679214368	-0.1595071909	0.0322980885	-0.0314936429	-0.0265728353	-0.0201180163	0.0422595583	-0.0125089734	0.1804316385	-0.0423930828	-0.0672402512	-0.0289836169	-0.1840202166	0.1840042417	-0.0820298028	0.1064671341	-0.0638747723	-0.0530036688	0.0102337822	-0.0240185342	-0.0050741439	0.009153305	-0.0185548286	-0.0861987747	0.0210397529	0.1015201442	0.0973433941	-0.0001081316	-0.0562361657	-0.0744179435	0.0309150887	-0.0647916915	0.0145464395	-0.0258190521	0.1083142471	-0.0015845757	-0.0496814236	-0.0635423478	0.1509330595	-0.0514556066	-0.0087541697	-0.0009028819	-0.0217914638	0.0922860747	0.043499024	-0.0035660707	-0.0533033107	-0.060780988	0.0493885038	-0.005667351	-0.0415187205	0.1509082843	0.0603138109	-0.2072415864	0.0119667983	-0.0894328583	-0.0465181335	0.1619343685	-0.1860180968	0.0737856317	0.0887325677	-0.0666653131	-0.0242794434	-0.0692650986	0.1085031275	-0.0597068882	-0.0929123917	0.0455659086	0.025450019	-0.1044182645	0.031470023	-0.1632495844	0.1559389222	-0.0451218599	0.082482123	0.1116738561	0.0823943745	0.0025967949	-0.0916322677	-0.14975327	0.0370732337	-0.0350570676	0.0905235984	0.063955827	-0.0119058287	-0.1077210548	-0.0428815734	-0.0074227669	-0.0250291233	0.0673318448	0.0386958226	0.0294728076	0.0193477892	0.0970823166	-0.0070010902	0.0540531958	0.1110665884	-0.0480639369	-0.1612525983	0.0369651265	0.0073105234	0.0250002753	-0.1277597735	0.0982051299	-0.1278980489	0.0222924604	-0.0333826639	-0.0211631092	0.0144776211	-0.0124344745	-0.0498188966	0.043544823	-0.1098669232	-0.0468834097	-0.0246698821	-0.0821540076	-0.0089942895	-0.070239184	-0.0638477819	-0.0323598559	-0.1088756826	0.081087548	-0.039904206	0.00450827	0.00841158	7.07546780964e-05	2.03244983929e-05	0.0457089	0.0196878	0.0003876094688399	0.00208930353921	0.0243904	0.01845004	0.0005948916121599	0.0003404039760016	-0.00174603	-0.00041393	3.0486207609e-06	1.7133804490000008e-07	-0.00108536	0.0	0.0	1.1780063296000002e-06	0.000548471	7.382000000000005e-06	5.4493924000000065e-11	3.00820437841e-07	0.0	0.0	0.0	0.0	0.0	0.0	0.0	0.0	0.0	0.0	0.0	0.0	0.0	0.0	0.0	0.0	0.0	0.0	0.0	0.0	0.0	0.0	0.0	0.0	0.0	0.0	0.0	0.0	0.0	0.0
570.0740527633676	-0.4568898833242656	0.208748365484061	324984.42563405086	828.4466778740817	0.2111026416449704	0.0445643253094847	686323.8980806025	534.1218292367065	0.2769351673191522	0.0766930868980868	285286.12846716546	565.2498058753207	635.9407496816985	1.368627	58.242771	0.0835747999999999	0.0449448	-0.1136764207	0.0020420736	-0.0064156228	0.0183680488	0.1461628761	0.0021436032	-0.0719791867	-0.1009166693	-0.0738714535	0.0677594067	-0.0834575973	0.0951656031	-0.0598265175	-0.0566065809	0.0149281747	0.0524644575	0.0615275518	0.0233088222	-0.0142913975	0.013670999	0.0116560547	0.1481224644	-0.0710269991	-0.0216949033	-0.248389285	-0.054993997	-0.1694589999	-0.1410204461	0.0156735542	0.0024358027	-0.0886701795	0.0518261538	0.004697442	-0.0320423091	-0.0237647812	0.1241014424	0.1244604437	-0.0953652603	-0.0756444112	-0.0395744134	0.0635682511	-0.0311787787	-0.1048954355	0.1175755261	-0.1193423258	0.1111986913	-0.0019150382	-0.0057537703	-0.0434280777	0.0991492676	0.0984569704	0.0553631524	-0.064472804	-0.0233235569	-0.0363720695	0.0641830794	0.0351901485	-0.0291429254	0.1264292297	-0.0900592543	-0.0329304722	0.0896268707	0.0713216788	0.0262438805	0.0445821097	-0.1055151677	0.0957526415	-0.0987339265	-0.0013221317	-0.1668077959	0.0087545113	0.069289278	-0.0595147073	-0.125329678	-0.0034108178	-0.1615816163	-0.0040191413	-0.0288993861	-0.0984787963	0.0701866013	0.1613161015	-0.0026311299	0.0464398129	-0.1240650928	0.1065125119	-0.0234635127	0.1754295617	-0.0364820645	0.0048053062	0.0110994825	0.0341629177	0.0096261421	-0.0996880408	-0.175431571	0.184301098	-0.1365432308	0.0229412811	-0.1570828634	-0.0525105925	0.0746217578	-0.1501917332	-0.0728169268	0.108516713	0.0661668753	0.1080491273	0.0127152031	-0.1257629996	0.0022174242	0.0171328892	0.1773924376	0.1181077725	-0.1115490134	-0.0343556533	0.0629884974	0.0089154893	-0.1098518631	-0.0659153168	0.0173475267	-0.080749232	0.0520969323	0.0170825462	-0.0800724245	-0.0777722175	0.0591685304	-0.0946785621	0.1533524554	-0.0336658901	0.1679716547	0.0888414296	0.0504922236	-0.062180658	-0.0166221169	-0.044166784	0.0414451312	-0.0263034711	0.0572296212	-0.0564316031	0.0053839459	-0.0030814242	0.0450392056	-0.2014746535	-0.0285971925	-0.1612656563	0.1182410268	0.1049972826	-0.0196669093	0.0504923736	0.0076135655	0.061818062	-0.1062335099	-0.0506343638	0.1120709955	-0.1368182004	0.0868457298	0.0281967663	0.047162714	0.1786234506	0.2734214606	-0.002310474	0.0878819516	-0.0176675678	-0.0942181307	-0.0905676646	0.0063821858	0.023731196	0.096962813	0.2116767054	-0.0526220865	0.1019756293	0.1394910748	-0.0203884578	-0.0589651953	-0.0814346264	-0.0198551082	0.0552610474	0.1109121962	-0.0037340718	-0.0142837789	0.1768956524	0.1107388881	-0.0051439767	-0.0760246419	0.0482488106	-0.0903339284	0.0777685384	-0.05436364	-0.0403617196	0.0367087663	-0.0178236187	-0.0364988622	0.1111286812	-0.0965299373	0.085346555	-0.0115805883	0.1042816913	0.0565805963	0.0650387186	-0.0584746481	0.0029291673	-0.1098938456	0.0848412804	-0.0472291519	-0.00300655	-0.00751482	5.64725196324e-05	9.039342902500002e-06	0.0303682	-0.0153406999999999	0.0002353370764899	0.00092222757124	-0.00613638	-0.03052678	3.76551595044e-05	0.0009318842971684	-0.00126184	0.00048419	1.5922401856e-06	2.3443995610000002e-07	-0.00108536	0.0	0.0	1.1780063296000002e-06	0.000428811	-0.00011966	1.43185156e-08	1.8387887372100002e-07	0.0	0.0	0.0	0.0	0.0	0.0	0.0	0.0	0.0	0.0	0.0	0.0	0.0	0.0	0.0	0.0	0.0	0.0	0.0	0.0	0.0	0.0	0.0	0.0	0.0	0.0	0.0	0.0	0.0	0.0
568.3136993120154	-1.7603534513522163	3.09884427368766	322980.4608257078	829.6620886478639	1.215410773782196	1.4772233490258364	688339.181339536	533.5055660719713	-0.6162631647351873	0.3797802882094285	284628.18902977457	564.8299648886835	612.0713974537174	1.350107	57.454624	0.06076806	0.0353683	-0.0842006548	0.1039987689	0.0250165407	0.0967351796	0.1129792393	-0.0574016021	-0.1254304745	-0.113450964	-0.0264006857	-0.077505757	-0.1352105733	-0.1393738668	-0.106866513	-0.0215681944	0.0567845892	0.0408291607	-0.063515338	-0.0896799033	0.0650262509	-0.19791786	0.0065201819	-0.0447542142	-0.0190601596	0.0741426247	-0.1199851711	0.0506924377	0.135254336	-0.0292734239	0.0567608385	0.0109156112	0.0110766251	0.0211543748	0.0775972162	0.0455808855	-0.0263884194	0.0717118253	-4.74752e-05	0.1144909693	0.0337219977	-0.0846376674	0.1108865565	0.2036839361	0.0848759807	-0.1240153788	0.0609550432	0.1053563639	-0.1296576246	-0.0037336822	0.0721965143	-0.0811093501	0.100644287	-0.0320980515	0.0016444232	-0.2502586152	0.095714569	-0.0192744373	0.004979616	-0.1076372982	0.0325880502	0.0428408815	0.0116464344	0.1031700218	0.0313198686	-0.0587649413	0.0105290091	0.0832174914	0.1595369488	0.0050890379	0.0613162435	-0.0772895402	0.0191948376	-0.0123170366	0.0104084286	-0.0631270714	0.0081691982	0.0001976195	0.025601168	0.0134854885	-0.0486862923	0.0019320572	0.0272847713	0.0419626689	-0.0134084208	-0.0239810217	0.2080977444	0.0952138414	-0.0605323109	0.0483841359	0.0133157969	-0.0551937227	-0.012648613	-0.0227735039	-0.1477577117	0.130519365	0.2585143803	0.1658371396	0.0891485629	-0.0353045585	-0.0596943326	0.0066686734	-0.0083683553	0.0187221536	-0.047479298	0.2187372765	-0.0467675784	0.032814393	0.0099174144	-0.0120044784	-0.0438213829	-0.060287362	-0.0639696639	-0.0662005935	0.0004180208	0.0521225958	-0.0848303119	-0.1331842394	-0.1728990174	0.0247427742	0.0424199171	-0.0729593119	-0.1096938735	-0.0783773294	0.1088422885	-0.0327903659	0.0244638491	0.0415386968	0.130719539	0.11792834	0.0398456255	-0.1054286941	-0.0295415518	-0.0405359	0.0296507666	-0.0315801154	0.0031018118	0.0864126897	-0.0920417147	0.0931511034	-0.0077371518	0.0985717423	-0.0490182598	-0.0124375872	-0.1107214597	-0.0356203093	0.0062035947	-0.0175165734	0.0161880277	0.1977236071	0.0214582128	0.1074502774	0.0789142556	0.0079286336	0.0063154235	-0.0215572114	0.0209418101	-0.0905004872	0.0556598477	-0.1604429156	-0.0064742454	0.0836485555	-0.1890994926	-0.0085085816	-0.079659753	-0.0571615043	0.0418881052	0.0913059238	-0.1184746078	-0.084147034	0.0354497202	0.0565364701	0.0236262683	0.1607510088	-0.1186334547	-0.0127797693	-0.0300959754	0.0350537865	-0.1108120712	-0.1274747008	-0.0017210236	0.1407623913	0.1346822531	-0.01876449	-0.0099180423	-0.1890220102	-0.0884234808	0.0421811174	0.0263183313	-0.0558695556	-0.0614927561	0.1120296476	-0.0790308302	-0.0750674222	0.0713770713	0.1728224251	0.0299063	0.0913043916	0.0905595006	-0.0080092686	-0.0266152403	-0.1108582214	0.0884289321	-0.0543461203	-0.00637473	-0.00336818	1.13446365124e-05	4.0637182572900006e-05	0.0442423	0.0138740999999999	0.0001924906508099	0.00195738110929	0.0166769	0.02281328	0.00027811899361	0.0005204457443584	-0.00167609	-0.00041425	2.8092776881e-06	1.716030625000001e-07	-0.00108536	0.0	0.0	1.1780063296000002e-06	0.000428811	0.0	0.0	1.8387887372100002e-07	0.0	0.0	0.0	0.0	0.0	0.0	0.0	0.0	0.0	0.0	0.0	0.0	0.0	0.0	0.0	0.0	0.0	0.0	0.0	0.0	0.0	0.0	0.0	0.0	0.0	0.0	0.0	0.0	0.0	0.0
567.7349625370216	-0.5787367749937857	0.3349362547302077	322322.98768691334	830.0326861411371	0.3705974932731806	0.1373425020203651	688954.2600626714	532.7874520700392	-0.7181140019321219	0.5156877197709676	283862.4690832843	564.1968173804639	620.1021573624819	1.314591	55.943233	0.0632186	0.0326715	0.0266006986	0.1086730538	-0.0075006096	0.0199405696	0.1144251723	-0.1037088827	-0.0392899611	-0.1026177698	-0.082092125	-0.0349436913	-0.0585677992	-0.0051064513	0.0401816774	-0.1147081668	0.027113474	0.0378392609	0.0095684604	0.0259005026	-0.0131024056	0.0931866833	-0.0805146346	-0.0642123549	0.0844429771	0.0150297905	0.0458938276	0.1157553071	-0.0211358236	-0.011513317	-0.0384425115	0.0156326886	-0.02377345	-0.1150223623	-0.0898322406	-0.0416939682	0.0660375564	0.0535331824	-0.0979865792	-0.0198953229	0.0020553645	-0.055366959	0.0559789145	0.1102204918	0.0954856724	0.0459003834	0.0590688597	-0.033317108	0.0013180168	0.0089599163	-0.0942424428	-0.0501248377	0.0154782093	-0.075295778	0.059898419	-0.0904492774	-0.1013618961	-0.0997124454	0.0548427735	0.1343352575	0.0556611744	0.1173645084	-0.0243360466	-0.1033741473	0.3107996139	0.0003670212	0.0147722553	-0.0489954462	0.0768741435	0.0346855091	-0.0874726578	0.1013040021	-0.007160543	0.0460186985	0.0909929069	0.0630999855	0.0288917479	0.1088474978	-0.0425703645	-0.0329610887	0.1467263659	0.0143318322	0.1228326731	0.0016461924	0.0972593474	-0.065078221	0.0128735454	-0.1339798131	-0.0433493745	0.0670097575	-0.0834509805	0.0500621553	0.0221829439	-0.0350976854	-0.0343041093	-0.0585734255	-0.0666007956	0.1467716299	0.023883741	0.1102191559	-0.1257310278	0.0645721436	-0.0442714958	0.1648586258	-0.0580114361	-0.0625693895	0.0317041714	-0.0776989097	0.0804388793	0.0038085491	-0.1689334837	0.0487846267	-0.0198274874	0.0150870119	0.0234906081	-0.027766759	-0.0941460172	-0.0278516074	-0.1453166932	-0.0152411721	-0.0206549225	-0.0213970281	0.0465114044	-0.0301154492	-0.1614010889	0.1655089024	0.1841947815	-0.0040479993	-0.1039356384	0.0217410669	0.0964875253	5.93065e-05	0.0075903914	0.0537750377	0.120053545	-0.1266767055	-0.0105416988	0.0611158986	0.0198309788	-0.1604283549	-0.0317612223	-0.1420601013	0.0800114777	0.0715196013	0.1173616978	-0.0557599315	0.0007047532	0.1804658404	0.1017470327	-0.0012678365	-0.0105780819	-0.068108705	-0.0727300633	0.0627935341	0.0110230186	-0.1011901988	-0.0756846913	0.0338421627	0.0930282078	-0.0644864161	0.0627450609	0.0141611992	0.0633523204	0.0475970825	0.0741112622	-0.1319353709	0.051788058	0.1131297596	-0.0699325436	-0.017932303	0.0178364659	0.0128927502	-0.0932412309	0.0052372935	0.0421591337	0.0358376686	0.1357075655	-0.0481695513	-0.0751970935	-0.0270658221	0.1748108019	0.1197682817	0.1103408613	0.0501465443	-0.0397630675	-0.1447317936	0.0853228519	0.0714517895	0.009996601	-0.0790650298	-0.0485524803	-0.0289152935	-0.094178358	0.0717652106	0.0782408888	-0.1508080783	0.0898642788	0.1515780211	0.0929180684	0.0955754051	0.0989450416	-0.111768338	0.0918434799	-0.0612237711	-0.00638259	-7.859999999999291e-06	6.177959999998885e-11	4.07374551081e-05	0.0259833	-0.0182589999999999	0.0003333910809999	0.00067513187889	0.00210226	-0.01457464	4.4194971076e-06	0.0002124201311296	-0.00131855	0.00035754	1.7385741024999998e-06	1.2783485160000012e-07	-0.000835358	0.000250002	6.250100000400002e-08	6.978229881640001e-07	0.000428811	0.0	0.0	1.8387887372100002e-07	0.0	0.0	0.0	0.0	0.0	0.0	0.0	0.0	0.0	0.0	0.0	0.0	0.0	0.0	0.0	0.0	0.0	0.0	0.0	0.0	0.0	0.0	0.0	0.0	0.0	0.0	0.0	0.0	0.0	0.0
566.8609354491757	-0.8740270878458887	0.7639233502883648	321331.32013831456	829.3666375737647	-0.6660485673723997	0.443620694098826	687849.0195204124	531.7906647178099	-0.996787352229262	0.993585025564223	282801.3110810101	563.3677873913562	588.0383422950881	1.37693	58.596085	0.10580129	0.0560116	0.1205312758	0.0174065323	0.0336852681	0.0981672769	-0.0084605195	-0.0854547955	0.10651157	-0.0067201941	-0.2116034746	0.0358906103	0.022873985	-0.0213558484	-0.0630397087	-0.1588988123	0.0496947425	-0.0655567859	-0.1209850744	0.0380639492	0.110513698	0.0108467091	-0.0539573388	0.0554933291	-0.1064698959	-0.078096544	0.0326378467	-0.1100137948	-0.0025214851	0.0751431927	-0.0542655231	-0.0173011062	0.0803085639	0.0161232276	-0.0259992463	0.1215766408	-0.1299233493	0.0386851159	-0.0327838357	-0.0190577444	-0.0454213889	-0.1581799057	-0.0744325668	0.1323044111	-0.0748986468	0.0058393559	-0.0724949349	-0.2436467951	-0.1434765723	-0.1079584825	0.1598323967	0.0225476731	-0.1474665082	-0.0186529924	0.0929413885	-0.1586047745	0.2761950687	-0.0311107401	0.0974886965	0.0704594148	-0.072901019	0.0380520266	-0.143199873	0.0142193619	0.1046139856	-0.010888461	-0.0901690112	-0.0928267632	0.032457601	0.055068167	-0.0829000893	0.0356337407	0.0100756956	0.0451779256	-0.027802279	-0.0394625877	0.0593252092	0.0164020483	-0.0380474804	-0.0044403123	0.0930693974	0.072805008	-0.0611406154	-0.1058657715	0.0784292679	0.0763229523	-0.0848772138	-0.1314422045	-0.0770538669	-0.0932200677	0.0157501812	-0.0609857514	0.0587346804	-0.0805179025	0.1546942802	0.1023027702	-0.062654263	0.0831182974	-0.0663980773	-0.0863452482	0.1020906585	-0.1235239501	-0.1472881566	-0.0639701079	-0.0066707038	-0.1062027242	-0.019302662	0.0599133405	-0.0525245854	-0.0212865477	-0.1058348782	-0.0689009586	0.0086554045	0.0391856679	-0.0256809196	-0.1609657509	-0.0232113654	0.0674195561	-0.1307542861	0.2580498906	-0.0972806005	-0.0902962416	-0.0076249722	0.0089861694	0.1228702294	0.1315728377	0.0507739501	0.1170113306	-0.0348256396	-0.0238457203	0.0396007152	0.0091514686	0.1374867211	-0.0174722387	0.1471880386	-0.0056072955	-0.1206457198	0.0581784408	0.0192936736	0.0021145074	-0.0523089559	-0.0065946447	0.1144448997	-0.0697181941	0.1339154991	-0.0033392555	-0.05086978	-0.0639060963	0.1735455467	-0.0859037846	0.0327888346	0.0592140281	-0.1057720938	-0.0264245634	-0.0761484062	-0.0901087295	0.1321766621	-0.0234136159	-0.0638077167	-0.0235502649	0.0477642954	-0.0366249308	-0.017041651	-0.0109010436	0.0464459158	0.1263723726	-0.1154124436	-0.0571542565	0.0353674106	-0.0117871887	0.0705856151	-0.0801022371	-0.0083070971	0.138094668	0.017335448	-0.0964438286	-0.0699952988	-0.1265030689	0.0265047259	-0.1969071455	0.0548392511	0.0428210341	0.1127560923	0.0821856392	0.1736560544	-0.0586959319	0.0529740981	0.0965223798	-0.1195425704	-0.1211692478	-0.0499494234	-0.0274003443	-0.0526852356	0.1850925728	0.0213047846	-0.0852716989	0.1206892462	-0.0114822708	-0.08750208	0.0164763091	0.1274778895	-0.11262375	0.0950782398	-0.067831818	-0.00333099	0.0030516	9.31226256e-06	1.1095494380099998e-05	0.0536089	0.0276256	0.00076317377536	0.00287391415921	0.0281365	0.02603424	0.0007916626322499	0.0006777816523776	-0.00206641	-0.0007478599999999	4.270050288099999e-06	5.592945795999999e-07	-0.000869007	-3.364899999999996e-05	1.1322552009999974e-09	7.55173166049e-07	0.000629099	0.000200288	4.011528294400001e-08	3.957655518010001e-07	0.0	0.0	0.0	0.0	0.0	0.0	0.0	0.0	0.0	0.0	0.0	0.0	0.0	0.0	0.0	0.0	0.0	0.0	0.0	0.0	0.0	0.0	0.0	0.0	0.0	0.0	0.0	0.0	0.0	0.0
569.50869533072	2.647759881544289	7.010632390315426	324340.15405729885	826.2236969853365	-3.142940588428246	9.87807554238969	682645.5974601171	533.0565090065767	1.2658442887667434	1.6023617634033824	284149.2417942785	563.8865971943178	603.7164625169655	1.301048	55.366871	0.07897798	0.0396424	0.1120880289	-0.0023642849	0.0053934989	-0.037893038	-0.0971338181	-0.0230883504	0.1208729875	0.132881087	0.0077346206	0.0796497651	-0.1135550841	-0.0038307112	0.0006538679	-0.1102742132	0.0016990266	-0.0633130564	0.0127149576	0.0367573011	0.0806758539	0.0231867791	-0.0523817467	0.0909452645	-0.0339023391	0.0573679205	0.0237401562	0.0112573786	-0.0391165896	-0.0451883409	-0.1982021365	-0.1169048616	-0.1461821034	-0.1785424173	-0.0458719982	-0.0581076299	0.067362347	-0.0310237629	0.0056423615	0.0910194976	-0.0458067971	0.1787026163	0.1205248889	0.2191620688	0.0592531877	0.0545879881	-0.0060257403	-0.041882754	-0.0455910597	-0.1060426546	0.0437831148	0.0193198099	-0.0979508633	-0.0215970927	0.085271905	0.1209448139	-0.0728874943	-0.088844815	0.2207246424	0.1475327833	0.0046736896	0.1106001249	-0.1033531495	0.0077092768	0.0632418555	0.0742175963	-0.0874404137	0.0096669029	0.1197177102	-0.0528315222	-0.1397534674	0.1633055852	0.0463086935	-0.1964190056	0.0439475646	0.0683544552	-0.0167816059	-0.0161466766	0.0018247213	-0.005299043	-0.1474817987	-0.0065287599	-0.0871613116	0.0643224756	0.0530602547	-0.1835469573	-0.0312429497	0.0254920177	-0.0692540635	-0.0407015238	0.0038000159	-0.0796606676	-0.0922333431	-0.0509019813	-0.0048298638	-0.1038019562	0.0464224174	0.0294984501	0.024857251	0.033386562	-0.038914652	-0.0283733229	0.0594466106	-0.2270506364	0.1389536696	-0.0184075049	-0.1571654434	-0.1129101707	-0.0320857396	-0.0215594544	0.1144244331	-0.0239162535	0.00514288	0.0597722514	-0.075624113	-0.0792745133	0.0168003503	0.1524745867	0.0544366109	-0.086988188	-0.1234204139	-0.0519544737	0.0220249405	-0.0973228827	-0.0631852698	0.0401220034	0.2012306537	-0.1415914312	-0.0093093954	0.084047707	0.1157462857	-0.0818256259	0.0436947508	0.1712701176	0.0697927659	0.0512053159	-0.1917837365	-0.0056287971	0.0929355368	0.0043930283	0.0086324989	0.0280459869	0.1078187963	-0.1295879684	-0.0961118235	0.1804782435	0.1190753249	0.0193845801	-0.0144942414	0.1061375764	-0.0619383743	-0.0542272272	-0.0929588134	-0.0319577982	-0.0153312974	-0.06424669	-0.0140127017	0.0032509851	-0.0674897842	0.0196054536	0.0297463564	-0.1605216943	0.0623544581	0.0070925705	-0.1434325626	-0.0497214327	-0.1596725491	0.0714310414	0.0757457143	0.0253514611	-0.0184167847	-0.0828635635	-0.0867728497	0.0234055369	0.0458404517	-0.0046280478	-0.05500404	-0.0910558425	0.0087110885	-0.0208624116	0.159532193	-0.0392905667	0.029631817	0.1356972414	0.1139247616	-0.0699654727	0.0426686283	-0.0086246551	-0.0501133498	0.1210323819	-0.0031659328	-0.0371774842	-0.0723991887	0.0040336	0.0288480417	0.1072989825	0.0714255517	-0.0200848563	0.1342956184	0.1376100905	-0.0103047041	-0.1134240387	0.0981268796	-0.0741411618	-0.00637156	-0.00304057	9.245065924900002e-06	4.05967768336e-05	0.0259606	-0.0276483	0.00076442849289	0.00067395275236	0.0086441899999999	-0.01949231	7.472202075609828e-05	0.0003799501491361	-0.00173017	0.0003362399999999	2.9934882289000003e-06	1.1305733759999989e-07	-0.000695063	0.000173944	3.025651513599999e-08	4.83112573969e-07	0.000563347	-6.575200000000008e-05	4.323325504000011e-09	3.17359842409e-07	0.0	0.0	0.0	0.0	0.0	0.0	0.0	0.0	0.0	0.0	0.0	0.0	0.0	0.0	0.0	0.0	0.0	0.0	0.0	0.0	0.0	0.0	0.0	0.0	0.0	0.0	0.0	0.0	0.0	0.0
570.5309985605131	1.022303229793124	1.045103893645453	325505.6203184562	824.9103260482958	-1.313370937040645	1.724943218263022	680477.0460211057	533.2369102545827	0.1804012480059782	0.0325446102821144	284341.60245785385	564.1209988542962	597.9858272578359	1.236629	52.625481	0.05243959	0.0306945	0.1090201564	-0.0736770119	0.0341806327	0.0196719137	-0.0978661251	0.0466836884	0.1398717427	0.1258572	0.0166354952	0.1090388535	0.0715329129	0.0166428348	0.0522047198	0.0822482921	-0.112200993	-0.165628726	-0.1507375659	-0.1012559317	0.0079946402	0.2249316402	0.1463825341	-0.0297190132	0.0262455514	0.0577899213	-0.0827573289	0.0877143343	-0.0057061745	-0.0389891206	-0.1187552157	-0.0988122976	-0.0202704105	-0.0005275495	-0.0181301172	-0.0594120721	0.0780854907	0.0554889313	0.0126278919	-0.0627793569	-0.0269176308	-0.0684229189	0.0921479788	0.0124763979	0.1224290625	0.0256594064	0.2041183107	-0.02270222	-0.0988286908	0.0489946176	-0.0955288513	-0.0794638898	-0.1036241845	0.0381377438	-0.0112143336	0.0502705786	0.035255238	-0.1608216608	-0.0652555418	0.0100794307	-0.0481820216	-0.0674988738	0.1305330445	0.0366061307	0.0450953416	0.1073835182	0.0556168127	0.0677925457	-0.0262913427	0.1459539291	-0.0177844465	0.0780962634	0.0401799708	0.0190093683	0.1185356688	0.0886736794	-0.0388584594	-0.0276391165	-0.0367549021	0.0334258792	-0.0621482218	-0.0026105071	-0.0251619674	-0.1401817696	0.0531746679	0.1366129372	0.0112321647	-0.0405117431	0.0796407031	0.0423523945	-0.0954409533	0.1413095932	-0.1281438031	-0.0587525394	-0.0100358507	0.1412034766	0.0208179073	0.0515593505	-0.0305329764	0.1562100035	-0.1175067947	-0.0454371759	0.1301827158	-0.0553695876	-0.0252109622	-0.0338582532	-0.0016593959	-0.0939964353	0.0831028658	-0.1531292849	0.0023146908	0.061291442	0.0296785201	-0.0245002468	-0.1602685495	-0.0888468755	0.0781630224	0.06326875	0.0889418286	0.0636410817	0.0223912464	0.0262604469	-0.1158738107	0.1917877133	-0.0191868514	-0.0872338066	0.049604369	-0.1228759108	-0.0827542364	-0.0239685186	-0.0022743032	-0.1673617589	-0.0057132763	-0.0878732767	-0.0663460785	-0.1296836697	-0.00618744	0.0293305828	0.0487101128	-0.0235251925	-0.0554057571	-0.0353411904	0.0210307266	0.0608369446	0.0351812907	-0.020515906	-0.0371844852	0.1313114666	0.0300289386	-0.0171888113	-0.0068079036	-0.0231348575	-0.0924966439	-0.0049924238	-0.0105335505	-0.1782788103	0.0518150149	-0.0891924893	-0.0065107253	-0.1147085489	0.0319749154	-0.1106424614	0.0456076126	0.0391988291	-0.0695600438	0.1137910844	0.0856797271	0.1303468449	-0.0211574898	0.2081538498	0.0719017188	0.1937081312	-0.0124081174	-0.1437082666	0.0932052494	-0.0628961144	0.0254532392	-0.0857324412	0.0822118009	-0.1217912305	-0.0262455741	-0.1247970625	0.0607349519	0.0265409089	0.1164228958	-0.1380023406	-0.0911161187	0.0255851032	0.0184830603	0.0164648428	0.121989785	-0.0581750452	-0.0520256184	0.0391263591	-0.0345054658	-0.0142082097	0.0183501736	0.1066315591	-0.0741690164	-0.0440687794	-0.0619478498	-0.1141688124	0.1009834314	-0.080124019	-0.00266258	0.00370898	1.3756532640400002e-05	7.0893322564e-06	0.0526486	0.0266879999999999	0.0007122493439999	0.0027718750819599	0.0212784	0.01263421	0.0004527703065599	0.0001596232623241	-0.00187874	-0.00014857	3.5296639876e-06	2.20730449e-08	-0.000671386	2.3676999999999943e-05	5.606003289999973e-10	4.507591609960001e-07	0.000579268	1.5921000000000012e-05	2.5347824100000036e-10	3.35551415824e-07	0.0	0.0	0.0	0.0	0.0	0.0	0.0	0.0	0.0	0.0	0.0	0.0	0.0	0.0	0.0	0.0	0.0	0.0	0.0	0.0	0.0	0.0	0.0	0.0	0.0	0.0	0.0	0.0	0.0	0.0
571.9327065910448	1.4017080305317222	1.9647854028571197	327107.0208685582	826.0283404583201	1.1180144100243297	1.2499562210220498	682322.8192403264	534.8200794841244	1.5831692295417952	2.506424809367961	286032.5174194052	565.5108897031996	616.8118413143308	1.295019	55.110313	0.0971094199999999	0.0472012	0.1050804839	-0.0338852807	-0.0026146774	-0.0433394851	-0.0981026584	0.0186881238	0.109391967	0.0662255082	0.1768138114	0.1329853435	-0.0358264912	-0.0732751682	0.0285844307	-0.0059913659	0.0614217613	-0.0463893196	0.0102880608	0.0264311004	0.1638928882	-0.0252117247	-0.1845136876	0.0561681005	0.1544472291	-0.032095281	0.1298793514	-0.0182506956	0.1928543807	-0.0307437557	-0.0439789571	0.0787927067	0.1319942465	-0.0678730744	-0.1154192037	-0.0104205505	-0.0686659821	-0.0314287748	0.037068706	-0.0922024767	0.0147769108	0.0070508844	0.0686336049	0.0684026447	0.0879246229	-0.0997642285	-0.0180140753	0.0428754594	-0.036923419	-0.0114468635	0.0486858493	-0.0073216683	-0.0968637379	-0.0467058351	-0.1772668576	0.1107936524	0.0494614295	0.0872336145	-0.0524062978	-0.1055524313	-0.0280937584	-0.0479160476	0.0340631698	-0.1172753123	0.0533247391	0.0310929003	-0.0957561001	0.126344302	0.1170280511	-0.0238391808	-0.0544268989	0.0219832504	0.0752253446	-0.0258505358	-0.0240753151	0.0479974801	-0.2087712703	0.0483762793	0.1327797249	-0.0404051298	0.0219439112	-0.1393466179	0.1520927755	-0.0340728173	0.0703984235	0.0081175777	-0.0664224645	-0.0549692197	-0.0609262098	0.1606036774	0.1528052144	0.023903225	-0.0007438296	0.2012663271	0.0234263476	0.0942569182	0.0047806983	-0.082408609	-0.0569940788	-0.1261773206	0.0331327441	-0.0997724034	0.056317883	-0.0150654638	-0.1069575919	0.0374240281	-0.0378100323	-0.011651072	-0.0360678291	-0.0236356445	-0.0023922685	-0.0214773915	-0.0427370043	0.0610637077	0.0045910534	-0.0729125387	0.0043447288	-0.0157017514	0.2371365211	0.0189189583	0.0464313764	0.0809966589	-0.0504221395	-0.1518620719	0.0263073769	-0.0865774412	-0.0932737561	-0.0564640761	0.1198341812	0.027320125	0.0402310742	0.0344534306	-0.1010515465	0.0890950463	0.0249176459	-0.0636299235	-0.0468371756	-0.0895845805	-0.1418768476	-0.0980873725	0.0406147758	-0.073804125	0.1520665149	-0.0258647723	0.1370738346	-0.0354742403	0.1126155531	-0.0113027119	0.0083517046	-0.0792952038	-0.0464365955	0.0223510992	0.0821313447	-0.006367217	-0.0050681297	0.01476265	-0.0478637054	0.0690398174	0.1491256589	-0.0885359865	-0.1271462615	-0.0730623741	-0.0429609975	0.0610821857	0.0169020465	0.0430236378	-0.0264696163	-0.0335033861	-0.0540995155	0.0821492315	0.2225024526	-0.0504089078	0.0507489566	-0.0275041461	-0.0040924082	-0.0214840133	-0.0486119768	-0.0787919394	0.0399778382	0.0551015525	0.1749466684	-0.1152762937	-0.1273398011	-0.0119535413	0.0744624904	0.043068274	0.0057291349	-0.0929807654	-0.0934137877	0.0512795179	0.0376244175	0.0017460155	-0.0237999431	-0.0547953958	-0.0419655144	0.0886495427	0.0812830386	-0.0935385515	0.1004361334	0.088736268	-0.048944188	-0.1148577065	0.1036423034	-0.0857540434	-0.0136149	-0.01095232	0.0001199533133824	0.0001853655020099	0.0259283	-0.0267202999999999	0.0007139744320899	0.00067227674089	-0.0118998	-0.0331782	0.00014160524004	0.00110079295524	-0.00167613	0.0002026099999999	2.8094117769e-06	4.10508121e-08	-0.0008844439999999	-0.0002130579999998	4.539371136395737e-08	7.822411891358231e-07	0.000469764	-0.0001095039999999	1.1991126015999993e-08	2.20678215696e-07	0.0	0.0	0.0	0.0	0.0	0.0	0.0	0.0	0.0	0.0	0.0	0.0	0.0	0.0	0.0	0.0	0.0	0.0	0.0	0.0	0.0	0.0	0.0	0.0	0.0	0.0	0.0	0.0	0.0	0.0
572.2778906429196	0.3451840518747531	0.1191520296686722	327501.98411870946	827.178612254067	1.150271795746903	1.323125204090805	684224.4565705642	534.6125713561418	-0.2075081279826918	0.0430596231788812	285810.60145202576	565.6122965261693	619.5108927379624	1.123947	47.830265	0.10029918	0.0514931	0.1251617838	-0.0277419753	0.0024694192	0.0234113889	0.0163878764	-0.0195613552	0.1295880641	-0.0306499231	0.1945680726	0.1222197684	0.0422497133	0.0063345284	-0.1186239043	-0.0368947117	0.0010111178	-0.0201241633	0.0169923333	0.0309969708	-0.071452194	0.0299854245	0.033946911	-0.0830257887	0.0169887301	-0.0196147018	0.0917742597	0.0174188632	0.151868033	0.0916681952	0.0332757686	-0.0521173329	-0.108487744	-0.0217385663	0.1071301422	-0.00412041	0.0687797583	-0.105312949	0.0829467116	-0.0072733974	0.0626710403	-0.0124984741	0.1271895226	-0.0914152756	-0.0455050627	0.1211195019	-0.0112515917	0.0248175567	-0.0187404369	-0.0381580347	0.0664937959	0.0331139357	-0.1123269377	-0.0887612979	-0.161500465	0.0479359584	-0.0706525912	-0.0330335133	0.0568693931	0.1814189418	-0.0060626934	-0.0484341945	-4.6168e-05	-0.0326942437	-0.0867166041	0.0743683516	-0.0689696735	-0.0616648731	-0.0096776515	0.1762465258	-0.1684230344	-0.036646651	0.0326412655	0.0385339467	-0.1444777099	-0.0191446157	-0.0948392796	-0.0246425137	-0.1498012626	-0.0856963744	0.0945263269	0.0213220387	-0.1084313129	0.0907846014	-0.0169360214	0.1059127856	-0.0296232578	0.0439120831	0.0901108654	0.0507394933	-0.038650498	0.0662460082	-0.1382776691	0.0041219535	-0.0905266901	0.0521872724	-0.0335185642	0.0645092824	0.1371413681	0.0834500663	0.1067618407	-0.0594868982	-0.0534982931	0.0662435611	0.0769898566	0.0977574298	0.0175501448	-0.0602146557	-0.0182669713	0.0729193509	0.0273499874	-0.0651498145	0.1775230775	-0.0429034106	0.0528635573	-0.1222512604	-0.0323140006	-0.0962578667	0.1822792545	-0.0632366357	-0.1266740147	-0.020290929	-0.0377097289	0.0167671576	-0.021661842	-0.1367252173	0.1016732984	0.0495781588	-0.1031653425	-0.1582655856	0.081517333	0.0571358982	-0.0006933094	-0.0102937825	0.0430993346	0.0587144499	-0.0748105797	-0.0642273511	-0.000366066	0.0280665145	0.2114089573	-0.0620620867	-0.0377233043	-0.0661855489	-0.0503192927	-0.1059393261	-0.168932453	0.0050507232	-0.0487134658	-0.064497425	-0.0537138392	-0.1616378687	-0.0491398016	0.1185681327	0.0278312344	0.1062280873	-0.0289627958	-0.1359810007	-0.0259799477	-0.0881956845	-0.0238134809	0.1049918146	0.0699353391	0.0139460418	0.116886474	0.0611106259	-0.0394020626	0.0175455114	0.0075861721	-0.0028909401	-0.0347439095	-0.181324865	0.002499799	0.067862379	0.0495519688	0.100405869	-0.0530805371	-0.1299635602	0.0678044528	-0.0906069468	-0.0601832652	-0.0008026548	-0.2249529537	-0.0490811736	0.1264967883	-0.0676599113	-0.0257565819	-0.0296821063	0.0891805691	-0.0389909223	0.1842557397	0.1238003657	-0.0976759587	0.1246470088	-0.0504481129	-0.0133203419	0.0923625521	-0.0527419589	0.005510946	0.0508499953	-0.0474153763	-0.115490384	0.1060982907	-0.0910064429	-0.00640372	0.0072111799999999	5.200111699239999e-05	4.10076298384e-05	0.0535666	0.0276382999999999	0.0007638756268899	0.00286938063556	0.0094329	0.0213327	8.897960240999999e-05	0.00045508408929	-0.00235583	-0.0006797	5.549934988900001e-06	4.619920900000002e-07	-0.00108536	-0.0002009160000001	4.03672390560402e-08	1.1780063296000002e-06	0.000471488	1.7239999999999855e-06	2.97217599999995e-12	2.22300934144e-07	0.0	0.0	0.0	0.0	0.0	0.0	0.0	0.0	0.0	0.0	0.0	0.0	0.0	0.0	0.0	0.0	0.0	0.0	0.0	0.0	0.0	0.0	0.0	0.0	0.0	0.0	0.0	0.0	0.0	0.0
571.2192909181231	-1.0585997247965224	1.120633377339273	326291.47831700335	825.830567647729	-1.3480446063380214	1.817224260677031	681996.1264613704	533.6304332094923	-0.982138146649504	0.9645953391041228	284761.4392473504	564.7618747275646	637.7722485985796	1.229772	52.333675	0.13542098	0.0599958	0.0502253678	-0.0932827063	0.0004301309	-0.0097886523	0.1314621072	0.0038801924	0.0947973435	-0.0654588578	0.025423075	-0.0373309273	0.0760381612	-0.110463364	-0.157222421	0.1136492669	0.1239415066	0.1481999359	0.0397695933	-0.0555812101	-0.0307181314	0.0545076656	-0.0182256381	0.010806777	-0.0146020916	-0.0288768226	0.1315017616	-0.1082019506	-0.0254313908	0.1019577121	0.0154027546	-0.039532347	-0.0949356501	-0.0117495623	-0.0069973114	-0.122708095	0.0628755031	-0.1165175085	-0.1399873381	-0.1074055448	-0.0653615324	-0.0819308302	-0.1456707479	-0.0591146802	-0.1612239165	0.0050696882	0.0349791897	0.1310643852	-0.019748019	-0.0576547812	-0.1894980887	-0.0299000459	-0.0992823128	0.0204268985	-0.1092665813	-0.0977786054	-0.0187700516	-0.0228840355	-0.1290469711	0.0507177448	0.0814906327	-0.0239703682	0.156924135	0.0019250275	0.0347700262	0.1097477169	-0.0110713685	-0.0707852483	-0.0209131383	0.0745347128	-0.0001265917	-0.08407729	0.1135131589	0.0316993568	0.048389299	0.0076576055	-0.0178075748	0.0233416885	-0.0519212316	0.0256520466	0.0891781072	0.0249515989	-0.1706319088	-0.0393925815	-0.0302688541	0.0307797792	0.1104571938	0.1695216006	-0.0354479907	0.0129650691	0.0165824017	0.0530637939	-0.0712773363	0.0465080187	0.0296470946	-0.0850719668	0.1227054778	-0.0341881713	-0.1144784045	-0.0735135821	-0.0581915595	0.0690131385	-0.0429337985	0.1176249455	0.0001548081	-0.014138242	0.002254767	-0.0698539148	0.0801519087	-0.1421205738	0.0926508946	0.1150133006	0.0545620975	0.0538894986	0.0068455303	-0.1058210712	0.0344914175	-0.1235101412	0.0124935918	0.0164130705	0.0850857407	0.0393420318	-0.1376963519	0.0556527326	0.0137617031	-0.1022127887	0.0608863123	0.027395419	-0.1458375962	-0.0304189607	0.0392472063	0.0620053049	-0.1191368848	-0.0968331161	-0.0388162845	-0.0527334545	-0.0040004822	-0.0482719598	0.1562103738	0.0187633047	0.0380834645	-0.0396457795	0.0589854661	0.0070134861	-0.146743886	-0.0017250074	-0.0562181968	-0.0728000494	0.0173871274	-0.0472036998	-0.0803845854	0.0237609224	-0.0108683588	-0.0785373663	-0.0469531504	0.0690991	0.0095121362	0.0359980806	0.1023848151	-0.1337626156	-0.048104086	-0.0191766396	0.05010653	-0.0467602096	-0.0769961808	-0.0612176417	0.2176911717	-0.005349788	-0.0488234947	0.0155914905	-0.0317006036	0.1347316705	-0.001646607	-0.0553159636	-0.0628196751	0.0029617327	0.0072409784	-0.0386794803	0.1073773208	0.0677544072	0.0245768903	-0.0024194979	0.0044060893	-0.1210122085	-0.0378986605	-0.0207376042	-0.0418385467	-0.1136930503	-0.0289433737	0.030313141	0.1274412508	-0.0076340227	-0.0640429167	0.0401199006	-0.0172282467	0.1072233916	0.1302552336	0.025731111	-0.0981839401	-0.1085831405	-0.090744052	-0.116066535	0.1083465856	-0.0958580879	-0.0252628	-0.01885908	0.0003556648984464	0.00063820906384	0.0270724	-0.0264942	0.00070194263364	0.00073291484176	-0.0148498	-0.0242826999999999	0.00022051656004	0.0005896495192899	-0.00171886	0.00063697	2.9544796996e-06	4.057307809000002e-07	-0.000621002	0.000464358	2.156283521640001e-07	3.8564348400400005e-07	0.000257116	-0.000214372	4.5955354384e-08	6.6108637456e-08	0.0	0.0	0.0	0.0	0.0	0.0	0.0	0.0	0.0	0.0	0.0	0.0	0.0	0.0	0.0	0.0	0.0	0.0	0.0	0.0	0.0	0.0	0.0	0.0	0.0	0.0	0.0	0.0	0.0	0.0
569.2849186788015	-1.934372239321533	3.7417959602578015	324085.31863512966	826.6603596986819	0.8297920509528467	0.6885548478245317	683367.350297154	532.5546483657359	-1.0757848437563098	1.157313030055788	283614.45349595265	563.5123921784328	643.8174917834098	1.250325	53.208344	0.06905219	0.0360826	-0.0824506621	-0.1142850465	0.0178987956	-0.0034043739	0.137128136	0.0888526727	0.0271946439	-0.0826561559	-0.017342159	-0.1723158801	-0.0118851925	0.0995365277	0.0365893029	0.0657567891	-0.0433637971	-0.1939720648	0.0309372099	-0.0605644813	0.0213710919	-0.029971293	-0.1516019927	0.1263146687	0.1500745629	0.0555388562	0.0563486586	-0.1547804293	-0.0230246134	0.0734094312	-0.0617825313	0.046403382	-0.0951475192	0.0011110877	0.0112041387	0.1487792069	-0.001531661	-0.0864203469	-0.038576255	-0.0089061049	-0.1453987378	0.0205506768	0.0990906964	-0.1223299588	-0.1025805652	-0.0206236261	-0.1433536323	0.0133993473	-0.0031514617	0.0891411729	-0.0683155753	0.017954996	0.0209059282	0.1127286241	0.0368268578	-0.0921079737	0.0298001772	-0.0399145744	-0.0453321315	0.0503441197	0.0207990454	0.0081670629	0.1161660885	-0.0989971787	0.0566152203	-0.0822160687	-0.0037700709	-0.2199786944	-0.1488502891	-0.1045478804	0.0644403846	0.0503016564	-0.0378984734	0.0721114633	-0.1145140911	-0.0328695129	0.002985431	0.069263	0.0426065231	0.0344606566	-0.0314568754	-0.0170551789	0.035857697	0.0955480134	0.0331886403	0.0812084862	0.0349919699	-0.0446159034	-0.0016868363	-0.2569645785	0.0090981109	-0.0269004696	-0.0159758488	0.1308709235	0.0624241762	0.0600662793	0.0167575338	-0.0156629962	0.0840019625	0.0310484855	0.0448599211	0.1618582619	-0.0404821265	-0.0650175341	-0.0289256967	-0.1448900617	-0.1724681613	-0.0935692122	-0.0933520157	0.0257145845	0.1353102163	-0.0818855738	0.1637871736	-0.1799201923	0.0218714263	0.0264770651	0.0906702792	-0.0473715646	-0.1095017821	-0.0338284506	0.0296639475	-0.1539301173	0.0158008977	0.0292089074	0.0375057843	0.1071947544	-0.0617273179	-0.056289071	-0.0929449598	-0.0552189708	-0.1481041395	0.1711175413	0.0276384329	-0.0866150377	0.0747549329	-0.0565169322	-0.058663688	-0.0449186686	0.0498653722	-0.1434328013	0.042792456	0.0348616348	-0.0435073414	-0.0248235215	-0.0009914037	-0.0469937245	0.0220087205	0.1227358623	-0.0831608822	-0.1550506719	0.0453580105	-0.0363478248	0.0107219949	-0.0741524593	-0.1017369135	0.0231892251	-0.1398722002	0.05898385	-0.2261589143	0.0980577821	-0.038402444	-0.0208429315	-0.0264270374	-0.1611220903	-0.166017032	-0.0429907888	-0.0939414832	0.0569802995	-0.0396069885	-0.0956804804	-0.0083308577	0.0322665847	0.1139161745	-0.1103663837	-0.2871823067	-0.0084145671	-0.0902448656	0.0941777224	0.0863312584	-0.0912179906	-0.0640860618	0.124756663	0.024697187	-0.0274837947	-0.037925616	-0.0354728455	0.1647289494	-0.0469261801	-0.0674870933	0.1954928103	0.1177841218	0.0827545339	0.1305508872	0.1217254695	0.0040319319	0.1261227136	-0.1707184	0.0072193321	-0.2191970866	0.1228300346	0.0136636886	-0.1165858777	0.110382787	-0.100287614	-0.0252633	-5.000000000005e-07	2.500000000005001e-13	0.00063823432689	0.0440532	0.0169808	0.00028834756864	0.00194068443024	0.00466659	0.01951639	2.17770622281e-05	0.0003808894786321	-0.00182743	-0.0001085699999999	3.3395004049e-06	1.1787444899999976e-08	-0.00108536	-0.000464358	2.156283521640001e-07	1.1780063296000002e-06	0.000335278	7.8162e-05	6.109298244e-09	1.12411337284e-07	0.0	0.0	0.0	0.0	0.0	0.0	0.0	0.0	0.0	0.0	0.0	0.0	0.0	0.0	0.0	0.0	0.0	0.0	0.0	0.0	0.0	0.0	0.0	0.0	0.0	0.0	0.0	0.0	0.0	0.0
569.9116675960153	0.6267489172137175	0.3928142052285673	324799.308862071	824.8879351538367	-1.772424544845194	3.1414887671696925	680440.1055623603	532.6372726428999	0.0826242771639726	0.0068267711768689	283702.4642084669	563.1894847449248	622.9996321103345	1.198663	51.009811	0.09042764	0.0439496	-0.0886943402	-0.0823884099	0.0182841815	-0.0605919033	-0.0577204601	0.1374810815	-0.0101493352	0.0516618655	-0.1948293568	-0.1214315315	-0.0226121532	-0.1140799015	0.06131043	0.1445546889	0.0034291896	0.002989472	0.0754302729	-0.0020476405	0.0193535428	-0.1146105124	-0.1011039596	-0.007162622	0.0604284073	-0.0317544702	-0.0242887891	0.048869507	0.0594209815	0.007298819	-0.0285237466	0.0677073077	0.0589688205	0.0832866135	-0.0491930581	0.0710140185	0.0287402791	0.0063383589	-0.1161121513	0.0315494106	-2.35709e-05	0.0936841085	0.037563404	0.0725507598	-0.0874017911	0.0446256302	0.1362517908	-0.0717094056	0.1680135579	0.0377144919	0.0321169118	0.0856269851	0.0332838511	0.146274399	0.1132175425	0.0511021629	-0.0660328115	0.0520027843	-0.0247240704	-0.0518982528	0.007549391	-0.0439156303	-0.0686652967	0.1947098867	0.0050331089	-0.0511520559	-0.0159999502	0.001848383	-0.1250042115	-0.0229068691	-0.0826372441	0.014917216	0.0193970663	-0.0213445259	0.1465731183	0.0160128127	0.0751586993	-0.073431933	-0.0645049935	-0.0831406983	0.0347555818	0.0346375663	-0.0374281744	0.0455904553	-0.1888171571	-0.0223580051	-0.0068270206	-0.1390031979	0.0208234894	0.0229072335	0.079158569	-0.0079355213	-0.0717952307	0.0129674115	-0.0911437426	0.1246596078	-0.0867552219	0.0567103249	0.0646723377	-0.0522503892	-0.0402531164	-0.1036615297	-0.0270874485	-0.0564127842	-0.0432119629	-0.0105185876	-0.016201343	0.1160727932	0.0344233794	0.0666064898	0.0178649376	0.0787406483	0.0039714232	0.0633340614	-0.0913558131	0.0820921113	0.1268356635	0.1053994226	-0.0825626494	-0.0167609658	0.0802002869	0.1363233087	0.0219885507	-0.0769055094	-0.0234331512	0.0099425675	0.0315654199	0.0641616939	-0.0700194604	0.0307529125	-0.0435469892	-0.033646974	0.1951645665	-0.0789759415	0.0667316405	0.1286654561	0.0594332006	-0.0199697981	-0.0098339937	0.0487384258	-0.0523135357	-0.076818988	0.0313412932	0.0334802137	-0.0501041014	0.007647995	0.0461291359	-0.0678671968	-0.0944697128	0.0086241787	-0.0196515103	0.0314443822	0.1469492423	0.1071408068	-0.0323487253	0.0861753861	0.0568750734	-0.0791416532	-0.1310148469	-0.053723205	0.1658864992	-0.030961071	0.0196462467	-0.1188974332	0.0119423472	0.059817122	-0.0487182713	-0.0375040899	-0.0325118568	-0.0589834739	0.1552869325	0.0521405638	0.0192950871	-0.0040390083	-0.0255363636	-0.0196110167	0.0412780133	0.0923733967	0.0414948383	0.0917618518	0.0342301936	0.0012649045	0.1092352131	0.1453413063	0.0677262596	0.0777724982	0.0928192355	0.0401272562	-0.0610159742	0.0432908357	-0.0204321076	0.1033607362	0.0462387418	-0.0617964694	0.0480323	0.029309192	0.0425141941	-0.0565702476	-0.1506391769	0.0223327177	-0.0991576925	-0.1170481578	0.1122029089	-0.1042755153	-0.0292544	-0.0039911	1.5928879210000008e-05	0.00085581991936	0.0201834	-0.0238698	0.00056976735204	0.00040736963556	-0.0220001	-0.02666669	0.00048400440001	0.0007111123555561	-0.00159885	0.0002285799999999	2.5563213225e-06	5.2248816399999975e-08	-0.000691519	0.000393841	1.5511073328100006e-07	4.78198527361e-07	0.000239698	-9.558e-05	9.1355364e-09	5.7455131204e-08	0.0	0.0	0.0	0.0	0.0	0.0	0.0	0.0	0.0	0.0	0.0	0.0	0.0	0.0	0.0	0.0	0.0	0.0	0.0	0.0	0.0	0.0	0.0	0.0	0.0	0.0	0.0	0.0	0.0	0.0
572.0654025390829	2.1537349430676613	4.638574204990662	327258.824782203	827.0254400111261	2.1375048572894	4.568927014935779	683971.0784255967	533.2397306235976	0.6024579806976362	0.3629556185062734	284344.6103155269	563.5299604112264	629.2015633343134	1.149278	48.908222	0.101889	0.0547814	-0.1190055061	-0.0488796236	0.0206632426	-0.0320204388	-0.0613888943	0.1404500942	-0.0527371799	0.0667749776	-0.1266003877	0.08311126	-0.0236852001	0.0301941112	0.0705618073	0.0889967042	0.1275963305	-0.0817525317	0.0408351891	0.0684667746	-0.2020694993	-0.031930393	-0.0240082627	-0.0044747869	-0.1510269268	0.0662045249	0.0762553383	0.0765466579	-0.0880388798	0.0793333995	0.1156100275	0.0361976633	0.0252737071	-0.103441956	0.1393182374	0.00750533	-0.003428334	0.0168821102	0.0043443603	0.1129809208	0.0290491201	-0.1718968235	0.058256641	0.0698479677	-0.0465043406	-0.0047025339	0.030326255	0.1339858675	0.0239402426	0.1680774548	0.0353218796	0.0501370481	0.0734377926	0.0940347568	0.1414376533	0.103383531	-0.0249899072	0.030794222	0.0434429248	0.1548020192	-0.0263633841	-0.1065405538	-0.1068182242	0.0054959386	-0.1004875072	-0.099262953	-0.0113829394	0.098589396	-0.0158759852	-0.2049785408	0.0612110441	0.0559548654	-0.0117717797	0.0472509964	-0.0475242338	-0.0001774237	-0.0173720706	0.1341781057	0.1447104479	0.0988151183	0.1193539284	-0.0245698486	-0.1616963685	-0.051204545	-0.0235156891	0.051321844	-0.0840818591	0.0746353691	-0.0453765157	0.0770804777	-0.0905544362	-0.0297835196	0.0094593263	0.0761344821	-0.1211470954	0.1060647332	-0.0497562122	-0.0085214181	0.0426203172	-0.0845504011	0.0025760713	0.0560628527	0.0052084445	-0.0285979011	0.0178934108	-0.0145369447	-0.0106780247	0.0364673622	-0.0389094329	-0.183879899	0.0148891726	0.0753889907	-0.1068315323	0.0654803002	0.1415222117	0.1216849903	0.1028486463	0.1555492087	-0.0213984374	0.0227069437	-0.0746960658	-0.035689135	0.1523360536	-0.0173732979	-0.0249629891	-0.1259557251	0.0332886022	0.0503980694	0.0037777115	0.0634542506	-0.0087067064	0.0717946926	0.0968286707	0.0821095222	-0.0568887765	0.0619074722	0.0900758708	-0.0719898907	0.0640366201	0.0232569473	0.0142736289	0.146225235	0.0668103485	0.105727044	0.1450069133	-0.0407832531	-0.1405217047	0.0481865219	-0.0700361429	0.0798653345	-0.0613707218	0.0834457468	-0.0358302348	-0.0139086569	0.1342879962	0.0953311482	-0.2218884315	-0.0235168211	-0.0006178708	-0.070272415	0.0094431985	0.0220228427	0.0319763041	-0.1692804987	-0.0022411202	0.0438163263	-0.0418866492	-0.0187462627	0.0334322728	0.0109602397	0.0023468844	0.0687323604	0.1349589339	0.0119670606	0.0133400474	-0.1176935105	0.1199144925	0.1156104501	0.0191486375	-0.0230955745	-0.1442641111	0.0183428699	-0.0484741488	0.1164139432	0.0757133187	0.1273690152	0.1365423417	0.0062281797	0.0594056969	0.054034638	-0.0219353345	-0.050733157	0.0017863133	0.0760974055	0.0141706604	-0.0533514573	-0.146626912	0.0001137171	0.0702781728	-0.0536465608	-0.0097766889	-0.117453149	0.1138033884	-0.1078042307	-0.0295283	-0.0002739	7.502121000000029e-08	0.00087192050089	0.0530059	0.0328225	0.00107731650625	0.00280962543481	0.0109214	0.0329215	0.0001192769779599	0.00108382516225	-0.00210853	-0.00050968	4.445898760899999e-06	2.597737024e-07	-0.000528564	0.000162955	2.6554332025e-08	2.793799020960001e-07	0.000284485	4.478700000000002e-05	2.005875369000001e-09	8.093171522500002e-08	0.0	0.0	0.0	0.0	0.0	0.0	0.0	0.0	0.0	0.0	0.0	0.0	0.0	0.0	0.0	0.0	0.0	0.0	0.0	0.0	0.0	0.0	0.0	0.0	0.0	0.0	0.0	0.0	0.0	0.0
572.379588043515	0.3141855044320891	0.0987125311952463	327618.39280886395	825.5327808328409	-1.49265917828518	2.228031422518989	681504.3722296034	534.152443820073	0.9127131964754652	0.8330453790204614	285318.8332389563	564.4953762377482	636.1641050072527	1.165168	49.584438	0.1142505	0.0586164	-0.1257260134	-8.17002e-05	0.0107862254	-0.0250603927	0.0231036541	0.0911571244	-0.0849618518	-0.0167919803	-0.0815280805	0.1149121331	0.0281309168	-0.0866989139	0.0277622656	0.0210684313	0.0036165889	-0.0489085709	0.0204673069	-0.0177453791	-0.0094540485	-0.032775095	-0.0035331604	0.0657497243	-0.0974818012	-0.1141040007	0.1029918683	-0.0678209524	-0.0924104485	0.0355486898	0.065356048	-0.2182710046	0.0987905422	0.0061693883	-0.0885348954	-0.0682902607	-0.0881050807	0.0042414229	0.0498797129	-0.0046426891	0.1145475444	0.1079176065	-0.0427112384	-0.0843475101	0.1398521194	0.0627524171	0.0459015685	0.0103328508	0.0826880985	-0.0301037918	0.0198601734	-0.1297782973	0.1039527082	0.0589674265	-0.0057300572	-0.0119125377	0.0085930397	0.0623816199	0.0791419407	0.0221216587	-0.0835430465	-0.0482955787	0.0696891693	0.1064786674	-0.0411292518	0.1042518575	0.1472059413	0.0040766314	-0.1033585683	0.1048370124	0.1257614249	0.0462798384	-0.0258723955	-0.0279933307	0.1018249784	-0.0240770764	-0.0981036553	-0.0274853739	-0.0578144385	-0.002246194	-0.0231372234	-0.1436298787	0.035054957	-0.121172679	0.0643245581	0.0106201367	-0.0912019803	-0.0467492428	0.0476432072	-0.1293429997	0.1202268948	-0.124815935	0.077308897	-0.1581739877	0.0521440312	-0.040350077	-0.0867239417	0.0939390542	0.1673413954	-0.0801782903	-0.1323334045	0.1151868337	0.1011467017	0.0443656091	0.0998010861	0.128708948	0.0693503621	0.0817251792	-0.0945864771	0.1200669297	-0.0184184629	-0.1232637106	-0.0895849458	0.0353140672	0.0517704515	0.1128398007	0.0549088876	0.0108134426	-0.0086315559	0.1338934225	-0.0473069382	0.1200454664	0.0638482038	0.0363382095	-0.0046688132	-0.1092881887	0.0504089549	-0.1114149067	-0.0439780752	-0.0207644119	-0.0954094794	-0.1214889248	-0.0570227437	-0.0483450295	-0.0943134086	0.035886218	-0.0395019143	-0.003533202	-0.0539947085	0.1066070021	-0.1344946536	-0.0708090141	-0.0161678926	0.0291036514	0.0895275438	-0.0283783672	0.0246156051	-0.0744915916	0.0161056768	-0.0903221825	-0.0074902837	0.0297918907	-0.0982701703	0.0323770292	0.0129709232	0.0357007614	0.08319302	0.0040611233	0.0139765397	0.1369370994	-0.077754059	-0.0348549487	-0.2071577537	-0.1123993223	0.1781297604	-0.0750475437	0.0258379322	-0.0926805402	-0.0633743028	0.0311108447	-0.2078578106	-0.0925128696	-0.08800861	0.1473726914	-0.0381555665	0.0019304327	0.0538352975	0.1109525327	-0.0325972925	0.103386761	-0.0073203174	-0.0361522593	0.0162745524	-0.0854036648	0.0088811921	0.1555647655	-0.0216463188	-0.1126285655	0.0417312075	-0.0121351758	-0.0396437361	0.1105255936	0.0905776023	-0.1339325237	0.1027389944	-0.0910346757	-0.0357981689	0.017278072	-0.0566706793	0.1964368659	0.1675507946	-0.1178006533	0.1151810923	-0.1108582214	-0.0315326	-0.0020043	4.017218490000002e-06	0.00099430486276	0.028684	-0.0243219	0.00059155481961	0.000822771856	-0.0278933	-0.0388147	0.00077803618489	0.00150658093609	-0.00150025	0.0006082799999999	2.2507500625e-06	3.700045583999999e-07	-0.000720027	-0.000191463	3.6658080369e-08	5.184388807290001e-07	0.000102036	-0.000182449	3.3287637601e-08	1.0411345296e-08	0.0	0.0	0.0	0.0	0.0	0.0	0.0	0.0	0.0	0.0	0.0	0.0	0.0	0.0	0.0	0.0	0.0	0.0	0.0	0.0	0.0	0.0	0.0	0.0	0.0	0.0	0.0	0.0	0.0	0.0
571.1608975369288	-1.2186905065861993	1.485206550843327	326224.7708751901	831.2744746772767	5.741693844435758	32.96704820323148	691017.2522499823	534.1018380432962	-0.0506057767768197	0.0025609446431853	285264.77340122743	565.2312200109294	634.9814356079104	1.217771	51.822964	0.11039119	0.0557583	-0.0123330637	0.1355732326	0.0042312272	0.0338607238	0.1025216856	-0.1160270756	-0.090317309	-0.1430199528	0.1121811617	-0.1038100765	0.0370024655	-0.1417597023	0.0351183866	-0.0543849926	0.064198759	0.0532128662	-0.0773641841	0.0049478372	-0.1583924383	0.0466464569	-0.030369125	0.044555415	-0.0645659884	0.0402120836	0.1123526253	0.0903910134	-0.0848622451	0.0202794208	-0.0259472319	0.0413007496	-0.0427581402	0.0834554334	0.0301773911	-0.0033215413	-0.2042517508	0.0570304091	-0.086621669	0.0040063457	-0.0257732223	0.1822392842	-0.0235446164	0.0649041875	0.067907031	0.0114416633	0.0010204754	-0.0650260345	0.0885437478	-0.0570800879	0.0625255164	0.0635876442	0.0567894243	-0.1165687126	-0.030530169	-0.0223088562	-0.0506465407	-0.0559952383	-0.0055751239	-0.0278411993	0.0201949791	-0.0648822109	-0.0338170248	0.0157265588	-0.0006316208	-0.0114012068	0.027947201	-0.0604352192	-0.0163022613	0.0261988886	0.0249954604	-0.1398022122	-0.0983608325	0.0404726248	0.127177533	-0.0386342105	0.083060733	-0.0538702551	0.2442258971	-0.0278689296	0.0221308601	-0.1186874147	-0.0699903478	0.1172163596	-0.076526272	-0.1127900848	0.1279504479	0.0757095529	0.0120830285	0.0709088982	-0.1293199096	0.0055899037	0.0264913206	-0.0418052696	0.1103172594	-0.0045824703	-0.1587411157	-0.0094111694	0.0954764189	-0.0378047157	-0.1548484698	-0.1218301752	0.1450934135	-0.0913128912	0.0694391268	-0.0964123835	-0.0569705147	0.0495610573	0.0116243286	0.0373009959	0.1072277157	-0.0217101446	0.2073800174	-0.0757536583	0.0196775593	0.0349536788	-0.1302503992	-0.0608772785	-0.0060761411	-0.0583835071	0.0170028195	-0.0317542911	0.0286391717	-0.0143749372	-0.071151086	-0.0801574554	0.0336185708	0.0432950063	-0.0376975478	-0.0126643073	0.0960935767	-0.0820177096	-0.0486495447	-0.0640124474	0.089753803	0.1544213988	0.187151684	0.1194307904	-0.0526604246	-0.0893336613	-0.0619614176	0.0483981521	-0.052650768	0.1422814361	-0.1693597402	0.0543089445	0.0259749995	-0.0547824712	-0.0942219415	0.0269788248	-0.0957415273	0.1750104936	-0.051886524	-0.0771227204	-0.0496597169	-0.1742793711	-0.0718941408	0.0572982075	-0.0608699661	0.0599202716	-0.1011415292	-0.1605015263	0.0762081436	-0.0954874304	0.0525548481	-0.0757853546	-0.1184613165	-0.0974783933	-0.0012228477	0.0758182767	-0.0499400919	-0.1196544938	0.0267589275	-0.1585844278	-0.0163924642	0.1370471681	-0.0726557164	-0.0465798322	-0.1172166279	0.0085221188	-0.1423129256	0.1595292938	-0.0612511441	-0.0156523321	-0.1453495888	0.0576796174	0.0284282449	0.0256009707	0.1912516689	-0.134101888	0.0173433846	0.035000911	0.0390104832	-0.1830652122	-0.0094352055	-0.1558917484	-0.0189982531	-0.0502637806	-0.087948945	0.0070464753	-0.0233811082	-0.1180905004	0.1163333239	-0.1134240387	-0.0366974	-0.0051647999999999	2.667515903999997e-05	0.00134669916676	0.058998	0.030314	0.000918938596	0.003480764004	0.00368559	0.03157889	1.35835736481e-05	0.0009972262936321	-0.00208533	-0.0005850799999999	4.348601208899999e-06	3.423186063999997e-07	-0.00046508	0.000254947	6.499797280900003e-08	2.162994064e-07	0.000128679	2.664300000000001e-05	7.098494490000005e-10	1.6558285041e-08	0.0	0.0	0.0	0.0	0.0	0.0	0.0	0.0	0.0	0.0	0.0	0.0	0.0	0.0	0.0	0.0	0.0	0.0	0.0	0.0	0.0	0.0	0.0	0.0	0.0	0.0	0.0	0.0	0.0	0.0
569.3931342470265	-1.767763289902291	3.1249870491261715	324208.54132765235	831.5603411598629	0.2858664825862433	0.0817196458662309	691492.6009899076	533.1937147362473	-0.908123307048868	0.8246879408053724	284295.5374342387	564.7491145554629	621.593695901419	1.195018	50.854702	0.04055711	0.0191294	0.1170796006	0.0358214936	0.0020819207	0.0106353127	0.063435815	-0.130566499	0.0703395638	-0.018003076	-0.0890854343	-0.0390744456	-0.0137962094	0.0668146388	0.0874895845	0.0519227253	0.1004721893	0.1202302571	0.0060933619	-0.0150905314	-0.0478012895	0.1143952105	0.0053713078	0.0342669519	-0.058025814	0.1089716692	0.2022653466	0.047912315	-0.0436252615	-0.030640167	0.0990473549	0.0327562233	-0.0466222736	0.0219518822	0.0399497054	0.1743006388	0.329381512	0.1093478565	-0.0437914791	-0.0524217632	0.0978150159	0.1209050281	0.0271032332	0.0408780254	0.043983037	-0.1409194122	0.0328022905	-0.0830070661	0.0358538914	-0.0901883368	-0.086625209	0.1152838382	-0.0901620532	-0.0937123142	-0.0310619376	-0.0634478218	0.0834638779	0.149454972	0.1331082297	-0.0001984247	0.036992744	0.1324165667	-0.0348547135	0.0563942425	-0.0316329906	-0.0910305535	0.1640016046	0.0256568845	-0.0292033301	0.0023259695	0.0719409749	-0.1190047237	0.0722386879	-0.0942508357	1.75999e-05	-0.0543044823	0.0067021956	-0.0950162606	0.1536737696	0.0328577392	0.0801470954	0.0051024933	-0.0480514975	0.0544568891	-0.1049491678	-0.0063850939	0.026654389	-0.0116779775	-0.0244099006	-0.0198188689	0.0573501817	-0.0165374567	0.0863513727	-0.1059230702	0.043231856	0.0058307345	-0.0835519792	-0.1901367555	-0.0464228653	0.1363854829	0.0202947768	-0.073999401	-0.0254531413	0.0328760571	-0.0118723558	0.0666731073	-0.144353473	0.0286905002	0.1526169745	0.0450011232	-0.0907291789	-0.1350124011	-0.0455898962	0.096061122	0.0455516987	-0.1098661814	-0.0831097941	-0.0433511705	-0.0330480243	0.0895655617	0.056877814	-0.0203522877	0.0898787302	-0.1424201288	-0.03574259	0.0713125368	0.0777823376	0.0489576855	0.1022665882	0.1046923951	-0.1315082875	0.0053579736	-0.1737783412	-0.0621897471	-0.0190881881	0.1621501847	0.1526534766	-0.0161870119	0.0544353601	0.0988422211	0.003126457	0.1294815123	0.00996645	-0.0156745445	-0.0603075896	-0.0832941884	0.0070916068	-0.0576791634	-0.0196886317	-0.0325870257	-0.0523443437	-0.0286381895	0.0910475337	-0.0013482746	0.112194474	-0.1057377873	0.0972552379	-0.1645497686	-0.156424673	0.0148571733	0.0038778451	-0.0876281475	0.0568189909	0.1256538306	0.0664324254	-0.0946742258	-0.0173797841	0.0044156914	-0.0124633706	-0.0434768793	0.0070881312	-0.0163506798	0.0554408805	0.0286786535	0.0317019211	0.0093100894	-0.138797942	-0.1280750899	0.0179937889	0.0821229981	-0.0106293308	-0.013691804	0.165986562	-0.074665984	-0.0405698556	0.2637671084	-0.012527555	-0.0243159311	0.0061821615	-0.146035767	-0.0040451092	0.0172078118	0.0682569918	-0.0179458646	-0.1245254979	0.0350711601	-0.0298090668	-0.0326033965	0.1336810232	0.136938342	-0.1020350845	-0.1183225485	0.1172578276	-0.115490384	-0.04237	-0.0056726	3.217839076e-05	0.0017952168999999	0.0522915	-0.0067065	4.4977142250000055e-05	0.00273440097225	-0.00743377	-0.01111936	5.52609364129e-05	0.0001236401668096	-0.00186225	0.0002230799999999	3.4679750625e-06	4.9764686399999936e-08	-0.000551807	-8.672699999999998e-05	7.521572528999997e-09	3.04490965249e-07	0.000160045	3.1365999999999984e-05	9.83825955999999e-10	2.5614402025e-08	0.0	0.0	0.0	0.0	0.0	0.0	0.0	0.0	0.0	0.0	0.0	0.0	0.0	0.0	0.0	0.0	0.0	0.0	0.0	0.0	0.0	0.0	0.0	0.0	0.0	0.0	0.0	0.0	0.0	0.0
569.6662574494156	0.2731232023891152	0.0745962836832856	324519.6448764239	826.631706602625	-4.928634557237956	24.29143859880018	683319.9783607682	532.3870933763023	-0.8066213599449839	0.6506380183194952	283436.01719366765	563.6672362619433	616.651988828859	1.060515	45.130844	0.0136941399999999	0.00766189	0.1142751969	-0.0314764419	0.0077112759	-0.0022391006	0.0049049688	-0.0207052146	0.113014551	0.0010800291	0.0973117256	0.0424835284	-0.1641855087	0.1127926154	-0.0112751386	-0.0408029326	0.0928127152	-0.035928577	0.0089180117	-0.0962296005	-0.072651463	0.0930664342	0.0598609981	-0.0066960018	-0.0678558422	0.0197747297	-0.12135542	0.0998478865	0.0949654354	0.2170013651	-0.089926294	0.075106199	0.0672941668	0.0986763655	-0.0754064934	-0.0521204395	0.0759264407	-0.1401057142	0.0826063681	0.0383140578	-0.0554642949	-0.0339443285	-0.0432634755	-0.0964909229	-0.057940929	-0.1025433561	-0.0486794496	0.0731258703	0.0997071961	0.0024541866	-0.0460158903	-0.0199084364	-0.1364376636	-0.0059028474	0.0360874484	-0.0481602893	-0.0892224005	0.1146614749	0.0240318864	-0.0740629669	0.0487267667	-0.0026239428	0.0867073367	0.0960618736	-0.1198999769	-0.0729466308	-0.2219294067	0.0438754185	-0.0067955763	0.0749077288	0.1131800144	-0.0822828026	-0.0412238151	0.0364608698	0.0703947145	-0.0964665902	-0.0195984495	-0.0105415977	-0.0161219004	0.0796517292	-0.1094150076	0.1001865927	0.1813986392	-0.0016787776	0.0790717485	-0.0097415171	0.0353751701	-0.0339351979	-0.0655537209	0.0152300113	-0.0031535382	-0.0631462602	-0.0980605825	-0.0635532436	0.1329236874	-0.0782252736	0.1462484598	-0.0564154928	-0.0392529545	0.0447423477	0.0107247196	0.0784064795	0.0056851854	-0.1008330641	0.0636895177	-0.0316511979	-0.0570247067	0.0322136106	0.0764951194	0.001266612	0.0891987224	-0.1375215098	-0.0975107967	0.0723523718	0.0868015769	-0.1301639482	0.0297943624	0.0358098082	-0.0249432734	-0.1581361544	-0.1199778557	0.0167650396	-0.1326447564	-0.0932333112	0.1264569303	-0.0284551845	-0.0154302065	0.0439443241	0.0948403194	-0.1313547616	-0.0386058697	0.0230546817	-0.062669769	-0.0507059753	-0.0211773386	-0.1051176969	0.1543187455	-0.0129989345	-0.0565513772	0.052419884	-0.143692005	0.0864168563	-0.0721342172	-0.033247554	0.0335085882	0.1016543979	0.1136779075	0.1069383954	-0.0001426502	0.0208128572	0.0311602764	0.0133290851	0.0308407329	0.0592453606	0.0603051499	0.0187970423	0.1546424094	-0.0188175479	-0.0153888113	0.0237346892	-0.1000438303	0.0193745855	0.0312153853	0.1852333488	-0.185421984	-0.1085073598	-0.0246942846	-0.0217343696	0.1217208655	-0.0270134554	-0.0549851465	0.0617127609	-0.0220260366	0.1051461017	-0.0710424256	0.0644834912	0.0274049241	-0.109851256	0.0681395251	0.052282291	-0.0345408126	0.1255129935	-0.0816697125	0.1044130471	0.0482127743	0.1568780596	-0.097891965	-0.1502860016	0.0979109121	-0.0880054814	0.0030436156	0.1179686992	-0.1137325895	0.0358335203	0.04742468	0.0010914573	-0.0739196889	-0.0776726001	0.0183116661	0.0847473406	-0.1435667679	-0.118496684	0.1179527935	-0.1170481578	-0.0423399	3.0099999999998184e-05	9.060099999998908e-10	0.00179266713201	0.0532673	0.0009757999999999	9.521856399999978e-07	0.0028374052492899	-0.00509958	0.00233419	2.6005716176400003e-05	5.4484429561e-06	-0.00179695	6.52999999999999e-05	3.2290293025000003e-06	4.2640899999999875e-09	-0.000678948	-0.000127141	1.6164833881e-08	4.6097038670400005e-07	0.000174685	1.4640000000000007e-05	2.1432960000000023e-10	3.0514849225e-08	0.0	0.0	0.0	0.0	0.0	0.0	0.0	0.0	0.0	0.0	0.0	0.0	0.0	0.0	0.0	0.0	0.0	0.0	0.0	0.0	0.0	0.0	0.0	0.0	0.0	0.0	0.0	0.0	0.0	0.0
570.8041332702694	1.1378758208537647	1.294761383683629	325817.35855842347	827.0640602769288	0.4323536743038403	0.1869296996840312	684034.9598017593	532.2993631866402	-0.0877301896621247	0.0076965861781523	283342.6120489027	563.3778162004726	618.1594602443878	1.045433	44.48904	0.0251274065	0.0172196	0.0997622152	-0.089241157	0.0196639186	-0.0409923568	-0.0494091824	0.0299608598	0.1040474068	0.0946021848	-0.0869834673	0.0223385578	0.0812267363	0.032465363	-0.0529739437	-0.0112813806	-0.0833212106	0.0406261176	-0.0776162479	-0.1290006879	-0.1612738346	0.0541033547	0.019989845	0.0072420325	-0.0386218964	0.0072643379	0.0126587353	-0.1350881542	-0.0009833637	-0.0918711394	-0.1048790736	0.0086969401	0.1510634121	-0.0054525238	0.0567678826	-0.0927631588	-0.0953431567	-0.0336630469	0.1527836293	-0.0069114268	-0.002282697	0.0119843564	-0.0908409754	-0.1877359678	0.1340623536	-0.0265358523	-0.0104482475	0.0485185983	0.0053506084	0.029747325	-0.0060249595	0.0054345718	-0.1463020771	0.087170053	0.1102379849	0.1067620871	0.0343531601	-0.0413942069	-0.1137166115	-0.0488336649	-0.0463043003	-0.1443249123	0.0650925564	-0.0659483886	-0.0792557903	-0.0754876116	0.0265298015	-0.0234093482	-0.0194482098	0.116541412	0.0845414863	-0.1731130661	-0.0055827025	-0.017958747	-0.0169164094	-0.0149487896	0.0347379852	0.1576410178	-0.0088311805	0.0380267935	-0.0174232821	0.0854065428	-0.0261610948	0.0589000828	0.0154897567	0.1151355732	-0.044040995	0.0789884514	0.0754181343	0.0276487213	0.0333191327	-0.1287355364	0.1490249686	0.0097290728	0.0276553529	-0.1469690655	-0.068198483	-0.0078000894	-0.0157215856	0.1560164444	0.130290813	0.0337692764	-0.0421862711	-0.0075310984	-0.0271611211	-0.0063801398	0.141021753	0.1195352529	-0.0617591008	0.0440516974	-0.1146063445	0.1015175504	-0.0161060976	-0.1236997281	0.0541680962	-0.1061408118	0.0934726189	0.12664502	-0.0002288614	0.0467061924	0.0583964618	-0.0042664357	-0.1011236249	0.1429148581	-0.0154018197	-0.0178759253	-0.1065405292	-0.0081563971	0.0445947617	-0.1246889012	-0.0384740135	0.1624026976	-0.0736126461	-0.1050085212	-0.0654067436	-0.0482987496	0.1352777209	0.0598168376	0.0081072196	0.0813604941	-0.0370859871	0.055874659	0.0877178453	0.0111363319	-0.0970905831	0.0224583079	-0.146911316	0.0017498712	-0.0099812761	-0.0480137035	0.0880021142	-0.0313936983	0.0246405985	-0.0557042735	0.084403119	-0.0035632099	0.0471884581	0.0991989399	0.0520290057	0.1336017645	0.0229661217	0.1290685917	-0.0473730372	0.0751296844	0.0892961253	0.1205189344	-0.0927779832	-0.0052574732	0.0431045706	-0.1279999801	-0.0388458795	-0.003218602	-0.0946379179	-0.0065166172	0.0873406965	0.0945900701	0.164580346	-0.069099504	0.1035429036	0.0922287618	-0.0948107603	-0.0927914171	0.1189753256	0.0533787061	-0.050096178	0.1775227265	-0.1675753797	-0.0500167736	0.0727792996	0.009257375	0.1000193635	-0.0386065467	-0.0255297701	-0.0064953035	-0.019209503	0.0078978805	-0.0420096782	0.0361810682	-0.0278192305	-0.1074205813	0.0665705914	-0.1186128217	0.1184168613	-0.1180905004	-0.0423518	-1.1900000000002188e-05	1.4161000000005202e-10	0.00179367496324	0.0384789	-0.0147883999999999	0.0002186967745599	0.00148062574521	-0.00506401	3.557000000000039e-05	2.56441972801e-05	1.265224900000028e-09	-0.00176022	3.673000000000001e-05	3.0983744484e-06	1.3490929000000007e-09	-0.000678948	0.0	0.0	4.6097038670400005e-07	5.58427e-06	-0.00016910073	2.85950568865329e-08	3.11840714329e-11	0.0	0.0	0.0	0.0	0.0	0.0	0.0	0.0	0.0	0.0	0.0	0.0	0.0	0.0	0.0	0.0	0.0	0.0	0.0	0.0	0.0	0.0	0.0	0.0	0.0	0.0	0.0	0.0	0.0	0.0
571.5837599356569	0.7796266653874682	0.6078177373831832	326707.9946221826	825.7600524387401	-1.3040078381886815	1.7004364420575184	681879.6642036308	533.1840043101871	0.884641123546885	0.7825899174702949	284285.1824522456	563.8300506880486	624.4059518885011	0.984275	41.886398	0.0323426034999999	0.0149032	0.0527458525	-0.105054943	0.0182917315	-0.0474674666	-0.0330601928	0.0705873157	0.0838283472	0.0420603344	0.0442052607	0.0415675731	-0.0528278775	0.1064083763	-0.0210902885	0.0796151771	-0.0427708773	0.1312481053	0.0160101268	-0.0348076401	-0.0145510664	-0.0839498049	0.0095795504	-0.0598439757	0.0054324392	-0.1692408637	0.0794230496	-0.0197590714	-0.0860496439	0.0597735826	-0.0317408358	0.0908957301	0.0059456304	-0.0224691897	-0.0096226577	-0.0601873558	-0.0418683866	0.1232559263	0.0016490317	0.0638857006	-0.007953945	0.0574574925	-0.1247521229	-0.0749265018	-0.0243161446	0.0242072536	0.0088139338	0.0004968246	0.0755480369	0.0429131957	0.1147716425	-0.0734280992	-0.0680276379	0.0878989202	0.0237366291	0.1183926413	-0.0515354645	-0.0589458513	-0.0347798714	-0.0399351791	0.0709248986	-0.0297573862	-0.0528715248	0.0152313311	0.0120110285	0.0537980557	0.0931538359	0.020131612	-0.0451981807	0.0656281888	-0.0594081683	-0.079050522	0.0668405478	-0.1510874388	-0.0741283813	0.0078607449	-0.0638140181	0.0730882746	-0.0883112435	0.055056912	0.0118921193	-0.0355466612	-0.0253281973	0.0080292518	-0.0795584434	0.0756644915	-0.0208750678	0.0382232301	-0.0593342081	-0.0441742246	0.1493360429	0.0075876316	0.0491039272	0.0761788079	-0.0876132255	-0.1598726211	-0.0769975429	-0.1771333346	-0.0815826165	0.0175883135	0.0499292844	-0.082982892	-0.0343816672	0.1379933327	0.1033463482	-0.0225774468	0.0007374861	0.0466520367	-0.0461532836	0.0601804014	-0.107505149	0.0380026492	-0.095046921	-0.0277925183	-0.0044230461	-0.0437156099	0.103804928	0.0829163876	0.0434422093	-0.084539374	-0.0109675293	-0.017421249	-0.0214499986	0.0344466301	-0.1272274971	-0.0471120409	-0.0493681609	-0.0062376218	0.0317613639	0.0558114515	-0.0114375976	0.0636580619	-0.0380098838	-0.1195071356	-0.0833914405	0.0506403608	-0.0553286119	0.022718741	0.0476581598	0.1438986954	0.0306563478	-0.0723501247	0.0916831936	-0.0484132675	-0.0211727255	-0.0506872014	-0.0407078996	-0.0194266802	-0.0525987151	-0.0948171803	-0.0043694474	-0.0261115414	0.0938405298	-0.0790294295	-0.052132284	0.0713754875	0.0116421193	0.0284188667	0.1258908934	0.0973113087	0.0677652021	0.02017607	0.04392114	0.0966021264	0.1481219601	0.0275714561	0.0013826089	-0.0653253196	0.0756734824	-0.1224389065	0.0022602635	-0.0707270245	-0.1349665062	0.0215089349	-0.0092254102	-0.0777552619	-0.0104108536	-0.0150482664	0.1200254748	0.1350894871	-0.0684995861	0.0500636742	-0.1108457586	0.0836221323	-0.136771913	0.1663336914	-0.1307546496	-0.1361535736	0.1047458912	0.037922294	-0.0177737565	-0.1110102474	0.0408769253	-0.0725741555	-0.0298872988	0.0311485243	0.0129905812	0.0597973527	-0.0053377846	-0.049617083	0.1268848645	-0.1186709048	0.1186491225	-0.1186128217	-0.0509595	-0.0086076999999999	7.409249928999992e-05	0.00259687064025	0.0455223	0.0070433999999999	4.960948355999998e-05	0.00207227979729	-0.0134015	-0.00833749	0.00017960020225	6.951373950009999e-05	-0.00183655	-7.632999999999989e-05	3.3729159025e-06	5.8262688999999835e-09	-0.000593782	8.516600000000002e-05	7.253247556000003e-09	3.525770635239999e-07	0.0	-5.58427e-06	3.11840714329e-11	0.0	0.0	0.0	0.0	0.0	0.0	0.0	0.0	0.0	0.0	0.0	0.0	0.0	0.0	0.0	0.0	0.0	0.0	0.0	0.0	0.0	0.0	0.0	0.0	0.0	0.0	0.0	0.0	0.0	0.0	0.0
