global_signal	global_signal_derivative1	global_signal_power2	global_signal_derivative1_power2	csf	csf_derivative1	csf_power2	csf_derivative1_power2	white_matter	white_matter_derivative1	white_matter_power2	white_matter_derivative1_power2	csf_wm	tcompcor	std_dvars	dvars	framewise_displacement	rmsd	t_comp_cor_00	t_comp_cor_01	t_comp_cor_02	c_comp_cor_00	c_comp_cor_01	c_comp_cor_02	c_comp_cor_03	c_comp_cor_04	c_comp_cor_05	c_comp_cor_06	c_comp_cor_07	c_comp_cor_08	c_comp_cor_09	c_comp_cor_10	c_comp_cor_11	c_comp_cor_12	c_comp_cor_13	c_comp_cor_14	c_comp_cor_15	w_comp_cor_00	w_comp_cor_01	w_comp_cor_02	w_comp_cor_03	w_comp_cor_04	w_comp_cor_05	w_comp_cor_06	w_comp_cor_07	w_comp_cor_08	w_comp_cor_09	w_comp_cor_10	w_comp_cor_11	w_comp_cor_12	w_comp_cor_13	w_comp_cor_14	w_comp_cor_15	w_comp_cor_16	w_comp_cor_17	w_comp_cor_18	w_comp_cor_19	w_comp_cor_20	w_comp_cor_21	w_comp_cor_22	w_comp_cor_23	w_comp_cor_24	w_comp_cor_25	w_comp_cor_26	w_comp_cor_27	w_comp_cor_28	w_comp_cor_29	w_comp_cor_30	w_comp_cor_31	w_comp_cor_32	w_comp_cor_33	w_comp_cor_34	w_comp_cor_35	w_comp_cor_36	w_comp_cor_37	w_comp_cor_38	w_comp_cor_39	w_comp_cor_40	w_comp_cor_41	w_comp_cor_42	w_comp_cor_43	w_comp_cor_44	w_comp_cor_45	w_comp_cor_46	w_comp_cor_47	w_comp_cor_48	w_comp_cor_49	w_comp_cor_50	w_comp_cor_51	w_comp_cor_52	w_comp_cor_53	a_comp_cor_00	a_comp_cor_01	a_comp_cor_02	a_comp_cor_03	a_comp_cor_04	a_comp_cor_05	a_comp_cor_06	a_comp_cor_07	a_comp_cor_08	a_comp_cor_09	a_comp_cor_10	a_comp_cor_11	a_comp_cor_12	a_comp_cor_13	a_comp_cor_14	a_comp_cor_15	a_comp_cor_16	a_comp_cor_17	a_comp_cor_18	a_comp_cor_19	a_comp_cor_20	a_comp_cor_21	a_comp_cor_22	a_comp_cor_23	a_comp_cor_24	a_comp_cor_25	a_comp_cor_26	a_comp_cor_27	a_comp_cor_28	a_comp_cor_29	a_comp_cor_30	a_comp_cor_31	a_comp_cor_32	a_comp_cor_33	a_comp_cor_34	a_comp_cor_35	a_comp_cor_36	a_comp_cor_37	a_comp_cor_38	a_comp_cor_39	a_comp_cor_40	a_comp_cor_41	a_comp_cor_42	a_comp_cor_43	a_comp_cor_44	a_comp_cor_45	a_comp_cor_46	a_comp_cor_47	a_comp_cor_48	a_comp_cor_49	a_comp_cor_50	a_comp_cor_51	edge_comp_00	edge_comp_01	edge_comp_02	edge_comp_03	edge_comp_04	edge_comp_05	edge_comp_06	edge_comp_07	edge_comp_08	edge_comp_09	edge_comp_10	edge_comp_11	edge_comp_12	edge_comp_13	edge_comp_14	edge_comp_15	edge_comp_16	edge_comp_17	edge_comp_18	edge_comp_19	edge_comp_20	edge_comp_21	edge_comp_22	edge_comp_23	cosine00	cosine01	cosine02	trans_x	trans_x_derivative1	trans_x_power2	trans_x_derivative1_power2	trans_y	trans_y_derivative1	trans_y_power2	trans_y_derivative1_power2	trans_z	trans_z_derivative1	trans_z_power2	trans_z_derivative1_power2	rot_x	rot_x_derivative1	rot_x_derivative1_power2	rot_x_power2	rot_y	rot_y_derivative1	rot_y_derivative1_power2	rot_y_power2	rot_z	rot_z_derivative1	rot_z_power2	rot_z_derivative1_power2	motion_outlier00	motion_outlier01	motion_outlier02	motion_outlier03	motion_outlier04	motion_outlier05	motion_outlier06	motion_outlier07	motion_outlier08	motion_outlier09	motion_outlier10	motion_outlier11	motion_outlier12	motion_outlier13	motion_outlier14	motion_outlier15	motion_outlier16	motion_outlier17	motion_outlier18
628.281120771937	n/a	394737.1667184413	n/a	887.1817313780784	n/a	787091.4244910049	n/a	599.9005491615497	n/a	359880.668884329	n/a	620.9453083865583	629.2429016727735	n/a	n/a	n/a	n/a	-0.0964089525	-0.0006742906	-0.1881987105	0.1401979163	-0.0488324256	0.0298207261	-0.0209772398	0.0961649418	-0.0894387887	0.1263613733	-0.1254911316	-0.1696967215	0.019453051	-0.0270391983	0.090154244	-0.0553217703	0.0604380263	-0.0179138756	0.0658193327	-0.0156279292	0.1081342224	-0.0055140612	0.0847012686	-0.010093231	0.059122796	-0.1393446579	0.1098694478	-0.0817884022	0.0916645572	-0.0645714438	-0.1121133542	0.0076484462	-0.017474437	0.0334725593	-0.0067898805	0.158566319	-0.0384238536	0.0105463834	-0.140029431	0.0900387645	-0.0294319723	0.0553520323	-0.0117259106	-0.0092589394	0.0436375456	-0.0766074731	-0.0362210308	0.0370959732	0.0458013356	-0.015483255	-0.0021681486	-0.058865191	-0.1030564872	0.0352039361	0.0896841865	-0.0526262049	-0.0452992301	-0.0403842289	-0.1096280296	0.048338649	0.0704493102	0.0915384498	-0.0860636547	-0.0646215295	-0.1083258913	0.0108409123	0.1892875099	-0.0826176489	-0.0795692917	-0.0171651149	-0.0043975429	0.1630472668	0.0264829084	-0.0215499587	0.0942773417	-0.0064975762	0.0693172116	-0.1053669234	0.0389320603	0.2023407386	-0.032792162	0.0424850686	-0.1125987267	0.0785789471	-0.1024348277	0.0299619645	0.0195006763	-0.050573673	0.0451684029	-0.0384351271	0.0313799893	-0.0634990632	0.0543270513	-0.13658355	0.0261443169	-0.1581526299	0.1034706086	-0.0644023933	0.0538685703	-0.0251483104	-0.1378586237	0.0539461435	-0.0066003036	-0.0300276389	-0.0298631103	0.0203316182	0.0554113187	0.0177109484	-0.1106936716	-0.0535028856	0.0346521127	0.0309096581	0.0028114023	0.0354776411	-0.0682637126	-0.0683344685	-0.09897646	0.1071648012	0.1373769268	0.0879282577	-0.0385025013	-0.0197542165	-0.0460464194	-0.0474635409	0.0069244693	-0.118152804	-0.0414783489	0.0849757096	-0.0236434752	0.1133427067	-0.247770576	0.0354825546	-0.052176769	0.0291574902	-0.0121147077	0.0471617043	-0.1346385582	0.049095876	-0.0025142633	0.0099249163	-0.0229604906	0.0332888575	-0.0556898903	0.0011178759	0.0548135089	-0.0017918847	-0.0155060183	0.0359548448	0.0312015411	0.1186709048	0.1186491225	0.1186128217	0.00979693	n/a	9.59798374249e-05	n/a	-0.0824315999999999	n/a	0.0067949686785599	n/a	-0.277334	n/a	0.076914147556	n/a	-0.00677366	n/a	n/a	4.58824697956e-05	-0.00202413	n/a	n/a	4.0971022569e-06	0.00125377	n/a	1.5719392129e-06	n/a	0.0	0.0	0.0	0.0	0.0	0.0	0.0	0.0	0.0	0.0	0.0	0.0	0.0	0.0	0.0	0.0	0.0	0.0	0.0
626.2143091510213	-2.0668116209157006	392144.3609854909	4.271710276352185	867.4773158866961	-19.70441549138229	752516.8935779869	388.2639898570264	600.2494595834628	0.3489104219130468	360299.4137302392	0.1217384825195403	620.4453252403267	623.0755598111188	0.960821	45.559437	0.08212821	0.0421535	-0.099248765	-0.0025078027	-0.1954706651	0.0941676376	-0.0844634561	0.01292301	-0.0430537223	0.1234367648	-0.0675988484	-0.0325731043	-0.0674530094	-0.1383586241	0.1361296079	0.0166449198	-0.0630111848	0.1159562316	0.1127198609	0.0558922422	-0.0110040046	0.0016220097	0.1190705648	-0.0203922026	0.1309098512	0.0253618291	0.0252316018	-0.1518690504	0.1603083885	-0.0818328579	0.0993860618	0.0332875541	-0.1325373253	0.0277375876	-0.0132128896	0.033903461	-0.1547828508	0.1024478242	-0.0439725758	0.0167590676	0.0398847407	0.0560530065	0.0612145663	0.0836000839	-0.0199784599	-0.1162275813	0.0440834341	-0.0742673067	0.0630172676	0.0994301244	-0.0134236327	0.0152866433	0.0626938645	-0.0568418948	0.0078710165	0.0510809932	-0.06515855	-0.1230099325	-0.1865137401	0.007885526	-0.1910489943	-0.036968992	0.245836079	-0.07264951	-0.0987741577	0.0256501413	0.0660835256	0.0677544708	0.1467289244	-0.1610912259	0.0566220198	-0.0640728216	-0.0351685179	0.0448982549	0.0162041027	-0.0106365195	0.1072140826	0.0112856993	0.0904280041	-0.1148493824	0.061006529	0.2350731903	-0.0706722602	0.0439626769	-0.1021093902	0.0067864846	-0.0301901593	0.0341319198	-0.0034165978	-0.0563356581	0.0945858897	-0.1272427686	0.0143289831	-0.1149802795	0.0065167049	-0.0681201535	0.0945530753	-0.1892448944	0.0389394898	0.0973860849	0.024946033	0.0116662003	-0.1062767692	0.135184187	-0.0495805552	-0.0085496595	-0.0998541267	0.1759154268	-0.0860721669	-0.1425979652	-0.0302878952	-0.0454839784	0.0638592102	0.047302857	0.0047782505	0.018499497	0.0054260772	0.0732154798	-0.0318639546	-0.0102916244	0.1824841518	0.1136467573	0.0284389477	0.0917657628	0.0004629123	-0.0755938383	-0.0289569264	-0.1220887463	-0.0379620321	0.1057618811	-0.0531013912	0.0609793416	-0.255663385	0.0585810126	-0.0157397933	-0.0493745653	-0.0418621335	0.0363347966	-0.1698417968	0.0145217639	0.0177219943	0.0083481845	0.006573385	0.0506804765	0.033455955	0.0135088152	0.0687854839	0.0243690271	-0.0253801025	0.0035211308	-0.0417168401	0.1186128217	0.1184168613	0.1180905004	0.00217222	-0.00762471	4.718539728399999e-06	5.813620258410001e-05	-0.0569068	0.0255247999999998	0.00323838388624	0.0006515154150399	-0.269111	0.008223	0.072420730321	6.761772900000058e-05	-0.00714916	-0.0003754999999999	1.4100025e-07	5.11104887056e-05	-0.00202413	0.0	0.0	4.0971022569e-06	0.000814156	-0.0004396139999999	6.62849992336e-07	1.9326046899600002e-07	0.0	0.0	0.0	0.0	0.0	0.0	0.0	0.0	0.0	0.0	0.0	0.0	0.0	0.0	0.0	0.0	0.0	0.0	0.0
626.4102115752163	0.1959024241949691	392389.7531657072	0.0383777598054656	872.7920679606199	5.314752073923728	761765.9938949753	28.24658960727657	601.3599555869429	1.1104960034800797	361633.7961835299	1.2332013737452292	621.3149402505998	620.2645900490529	0.993482	47.10812	0.1219418999999999	0.0530934	-0.0948832159	-0.0030864816	-0.2005879246	0.0923001615	-0.1166252364	0.0252899936	-0.0427221712	0.0134580257	-0.0458703363	0.0781287797	-0.1069615354	-0.1309870474	0.0732090432	0.017646584	0.0596734565	0.0163304463	0.0102841063	-0.0269330949	-0.0224556416	0.0284331479	0.1056250639	0.0132685763	0.0991998964	0.000650822	-0.0018199457	-0.144355423	0.1376069341	-0.1528983776	0.1190446218	0.049154678	0.0407230434	-0.0862437831	-0.0483912942	-0.0859087572	-0.0027354132	-0.0695490361	-0.0123648494	-0.0431720956	-0.0526957064	0.0526413495	0.0657708732	-0.023813895	-0.0647980237	-0.0277684592	-0.1185522048	-0.0067594622	-0.0909616389	-0.1401088844	-0.1085470829	0.0174123376	-0.0389781034	0.0235400918	-0.0317845886	0.051658902	0.025554485	0.0158058359	-0.0070727187	0.1583924216	0.0467131048	-0.1000376576	-0.1184433068	-0.1604668251	0.020717737	0.1208005659	0.2320768744	-0.2267432198	-0.0719509367	0.0759064555	-0.0721769993	0.0156899708	0.009368869	-0.0303808464	-0.0870492644	0.0086501844	0.1003260665	-0.0162040608	0.0597135695	-0.1304366177	0.0572721729	0.1967055872	0.0486877078	0.0287419498	-0.0696983473	0.0032501685	-0.0357146026	0.0058668259	0.01187612	0.0574998168	0.0576479026	-0.0678215312	0.0453896282	-0.0185437287	0.0564563985	0.1191816519	-0.0100653492	0.0531547503	-0.0912504046	-0.0583938468	0.0495397928	0.0499690692	-0.0051431912	-0.0720953796	-0.0006412075	-0.1235967491	0.1304092356	-0.0457970148	0.1792362254	0.01009721	0.0418781731	0.0549753043	-0.0023325536	-0.026099685	-0.0083029441	-0.1482225285	-0.0783972207	0.123969375	0.1428391315	-0.1078085069	-0.0944544225	-0.0274139676	-0.1787389191	0.1181273483	0.1043300719	-0.0441882611	-0.0752403161	-0.1079938021	-0.0486710834	0.0932710666	-0.0252711983	0.0666019987	-0.2551504908	0.0528819741	0.000620237	0.0053573867	0.0052565072	0.0544706865	-0.0772443527	-0.0703835069	0.0091903288	-0.014946167	-0.0256696062	-0.0074595847	0.0373090639	0.0233621103	0.0258244873	0.0194503576	-0.0230234349	0.0153603232	0.0368695401	0.118496684	0.1179527935	0.1170481578	-0.00956808	-0.0117402999999999	9.15481548864e-05	0.0001378346440899	-0.0691812	-0.0122743999999999	0.0047860384334399	0.0001506608953599	-0.239543	0.0295679999999999	0.057380848849	0.0008742666239999	-0.00634504	0.00080412	6.466089744000003e-07	4.02595326016e-05	-0.00176852	0.0002556099999999	6.533647209999993e-08	3.1276629904e-06	0.000506702	-0.000307454	2.56746916804e-07	9.4527962116e-08	0.0	0.0	0.0	0.0	0.0	0.0	0.0	0.0	0.0	0.0	0.0	0.0	0.0	0.0	0.0	0.0	0.0	0.0	0.0
626.5274380249103	0.1172264496940442	392536.6305980579	0.0137420405078702	871.4733497393926	-1.3187182212273	759465.7993059977	1.7390177469968944	601.5365888520244	0.1766332650814774	361846.2677277294	0.0311993103333434	621.4148245976761	622.6545830938746	0.940186	44.580978	0.07869567	0.0378329	-0.0963416722	-0.0124033332	-0.1815247877	0.0723867606	-0.1001753183	0.0128079477	0.0316485637	-0.0322990796	0.050616984	0.0387808525	-0.0137232039	-0.147983693	0.0475434093	0.2031798788	-0.0236973995	0.0453292524	0.0818401885	-0.0340144632	-0.1381956011	0.0262623953	0.1049961902	0.0076732879	0.0888822158	-0.0145034401	0.0626467372	-0.1341956242	0.1677726016	-0.1680613064	0.0921062627	0.0142578478	-0.0733544821	-0.0250131256	-0.0743681328	-0.0774131886	0.0355696967	-0.0238980703	-0.0889542967	-0.1212042508	0.098306812	0.0294048582	0.0580969423	-0.1156263962	-0.0895524065	0.0521869237	-0.0090406685	-0.0792222894	-0.0419397949	0.0383341483	0.1503075088	-0.0277528309	0.0820506909	0.0544920368	-0.0484318921	0.0157372539	0.0297602435	0.0036462654	0.1653965883	-0.0422600794	0.1510613166	-0.1201436351	-0.1365610969	0.0583264665	0.0873714855	-0.0024624436	-0.1994210342	0.1998278882	-0.1295251672	0.078087542	0.0244619973	0.067407177	-0.090026954	-0.0316132247	-0.0178893992	0.0033849264	0.0965234628	-0.0108234205	0.0760355155	-0.1284607227	0.0106348986	0.1487643573	0.0377694634	0.0452982168	-0.0808492361	0.0079815185	-0.1087365487	-0.0642934827	0.0012513993	0.0328417091	0.0739395497	0.019871464	0.1246438007	-0.1182148037	0.0541776926	0.1815608264	0.0477923186	0.154365369	-0.0283562874	-0.0553278996	0.0397331936	0.0228654712	-0.0591434356	-0.05995115	0.0562100219	0.0557035405	0.047656432	-0.0110609085	-0.0989058339	0.1164205759	-0.015948465	-0.0747393073	-0.0408578019	-0.0159366905	-0.0062044742	0.0067771815	0.1381183547	-0.0038300798	0.0245782312	0.0650107072	-0.0083197627	-0.127023643	-0.1218032881	-0.1805407174	0.1068348285	-0.0778904954	-0.0964215133	-0.1052868892	-0.0601104269	0.1034223119	-0.0369025206	0.0539373411	-0.2471972838	0.0516445349	0.0129354383	-0.0278280173	-0.046690448	0.036263406	-0.0544216761	-0.0747746275	-0.0257445286	-0.0234050515	-0.0095401182	0.0108462484	0.0842319925	0.0292635516	0.0559056616	-0.0017242272	-0.0420015462	-0.0265974029	0.0005948102	0.1183225485	0.1172578276	0.115490384	-0.0243163	-0.01474822	0.0005912824456899	0.0002175099931683	-0.0449312	0.02425	0.0020188127334399	0.0005880625	-0.236283	0.00326	0.055829656089	1.0627600000000084e-05	-0.00680822	-0.00046318	2.145357124000005e-07	4.63518595684e-05	-0.00161789	0.0001506299999999	2.268939689999997e-08	2.6175680521e-06	0.000621641	0.0001149389999999	3.8643753288100003e-07	1.3210973720999998e-08	0.0	0.0	0.0	0.0	0.0	0.0	0.0	0.0	0.0	0.0	0.0	0.0	0.0	0.0	0.0	0.0	0.0	0.0	0.0
626.7221713100568	0.1947332851464125	392780.6800115921	0.037921052343914	879.4700545597871	7.996704820394484	773467.5768673948	63.94728798452038	601.0129619785589	-0.5236268734654459	361216.5804662407	0.2741851026151981	621.3935559634807	625.3597836091238	0.955651	45.314293	0.0990425	0.0439199	-0.0876340217	-0.0202757463	-0.2011730113	0.0599029403	-0.1193190679	0.0323443705	0.0326035059	-0.0313738635	-0.0273156309	0.0828563734	-0.1224412242	-0.0705757509	0.0001303515	-0.0259894044	0.0358172419	-0.0051451369	-0.0573362802	-0.0208247406	-0.0976089642	0.0168154886	0.089383623	0.0118287981	0.0890623172	-0.0476779184	0.0397043625	-0.1115532042	0.0838874465	-0.1380362088	0.0736737687	0.0250047932	0.0056682361	-0.0398786078	-0.0701455242	-0.1276857953	0.0269326011	-0.0220671912	-0.0961387496	-0.0081440916	0.0302519789	-0.0369546929	-0.0953442869	0.054567577	-0.0669082986	0.1045584949	0.0405329318	0.0958794752	0.0739787415	0.013900974	0.0765077173	-0.0166302947	0.0611565755	0.0625316652	0.0024564376	-0.157307009	0.1616538586	-0.0560608764	-0.0520434175	0.0011018392	0.0499918049	-0.0290478882	0.0218728369	-0.1600926273	0.1413837263	-0.1925536584	-0.0887442094	-0.0138640381	-0.1214669393	0.031375929	0.1565610455	-0.0023043012	0.0258649485	-0.0908225966	0.0296074383	-0.003998716	0.0896016936	-0.027689799	0.063609119	-0.1397879291	0.0269876909	0.1101997198	0.0655282896	0.0276298152	-0.0365271788	-0.0093843472	-0.0800275965	-0.0712962816	0.0009123405	0.0488921461	0.0529217298	-0.0694255564	0.0293973427	-0.1235204972	-0.0082055555	0.1067368624	-0.1426365869	0.0629425333	0.0343112321	-0.1139898487	-0.0787488977	0.0191202403	0.0352055093	-0.0464691706	-0.1347347612	0.0282057173	0.1370005754	0.0421273648	-0.0214543775	0.075043032	-0.1396854782	0.0524122166	0.0645710654	0.1423323517	0.0357443511	-0.0252007662	0.0740154263	-0.0544995749	-0.0243518548	-0.1501338629	-0.0669950786	-0.0402115045	-0.0201813938	-0.0674134604	0.0199089434	0.0403105521	0.1463917393	-0.0990625846	-0.0602788801	0.0927231163	-0.0279587851	0.0626481011	-0.2444388794	0.0848624434	0.002934021	0.0119950676	-0.016078419	0.0226800999	-0.0160944436	-0.097751536	-0.0046160634	-0.024857188	0.0244481397	0.0047404211	0.0816854607	0.0009071479	0.0339554533	0.0183556389	-0.0143675619	0.0205549525	0.04617108	0.1180905004	0.1163333239	0.1134240387	-0.0312498	-0.0069335	0.00097655000004	4.807342225000003e-05	-0.0649724	-0.0200412	0.00422141276176	0.00040164969744	-0.213097	0.0231859999999999	0.045410331409	0.0005375905959999	-0.00613471	0.00067351	4.536157201000006e-07	3.76346667841e-05	-0.00171941	-0.0001015199999999	1.030631039999998e-08	2.9563707481e-06	0.000419035	-0.000202606	1.75590331225e-07	4.104919123600001e-08	0.0	0.0	0.0	0.0	0.0	0.0	0.0	0.0	0.0	0.0	0.0	0.0	0.0	0.0	0.0	0.0	0.0	0.0	0.0
625.4160926867827	-1.306078623274061	391145.2889916024	1.705841370173467	870.9539542165796	-8.516100343207427	758560.7903654958	72.52396505557765	600.9987133499121	-0.0142486286467828	361199.4534482498	0.0002030234183139	620.9735946563796	621.2352926722344	0.976403	46.298279	0.0879424499999999	0.0500045	-0.0983891544	-0.0156888755	-0.1474737481	0.0516665943	-0.0847049409	-0.0018183963	0.0621974361	0.0070058885	0.0145805939	-0.0047690913	-0.0527272808	-0.0656347156	0.1533104156	0.1466095124	-0.134750826	0.070614484	0.0905430145	-0.0774504495	-0.1732420457	0.0213151957	0.0986249195	0.0112377098	0.114475097	-0.0163046743	0.023790252	-0.1404925859	0.0406831596	-0.1490954294	0.0514279384	-0.1251577527	-0.0079445908	0.0271567988	-0.0954668481	-0.053659992	0.0117559019	-0.0397098363	0.0674325655	-0.0333741595	-0.1177993825	0.019229618	0.0023437171	0.035159852	-0.0410466152	-0.12303714	0.0682928118	-0.0005712669	-0.0280565783	-0.04859244	-0.1858242932	0.2174230059	0.1041388107	-0.0624998478	-0.0079513354	-0.0123210627	-0.0066888118	0.0400429771	-0.0320059592	-0.1022594124	0.053578028	0.0656883868	-0.1818815578	0.0390212243	-0.0385870885	0.0844078886	-0.1348621494	-0.0590525003	-0.0952727654	0.0684856543	-0.1538880692	-0.014839595	0.2025493917	0.1489295876	0.0380364369	-0.0001730917	0.0912463732	-0.0099705134	0.0922980386	-0.103561978	0.0237559216	0.1060365459	0.0642746532	0.0058758227	-0.0550317305	-0.0120882434	-0.1781438753	0.0169376327	0.0043563183	-0.0784040566	0.0903572235	0.0317064017	-0.0077716858	0.0444746872	0.0713460608	0.0912363644	0.133974749	0.0318249506	0.013119063	-0.0158230255	-0.0553781282	0.0874303737	-0.023076842	-0.0926389779	0.025456086	0.0826547267	-0.0531667517	-0.0223592793	0.0419431099	-0.0567001455	-0.0573041139	0.1979674172	-0.1707219658	0.0874442173	-0.1841325812	0.0996955371	-0.0480493839	-0.0033533056	0.0167194818	0.0922899921	-0.2316445183	-0.0281065923	0.0321784138	-0.0771536485	-0.2179974161	0.2052003715	-0.1062143734	-0.1029339771	-0.0420445836	0.1021813201	-0.026412666	0.0475654702	-0.2285581537	0.0676930486	0.035594894	-0.0047555172	-0.032540089	0.0437359853	-0.0619626732	-0.0544790307	0.021970156	-0.0083443204	0.042517778	-0.0485852823	0.06923982	0.0622550499	0.0424855225	0.0019198586	-0.0371016876	0.0092748509	-0.0400607744	0.1178006533	0.1151810923	0.1108582214	-0.0171737	0.0140761	0.00029493597169	0.00019813659121	-0.0217346	0.0432378	0.00047239283716	0.00186950734884	-0.213087	1.000000000001e-05	0.045406069569	1.000000000002e-10	-0.006258	-0.0001232899999999	1.5200424099999965e-08	3.9162564e-05	-0.00196438	-0.0002449699999999	6.001030089999999e-08	3.8587887844e-06	0.000663146	0.0002441109999999	4.39762617316e-07	5.9590180320999994e-08	0.0	0.0	0.0	0.0	0.0	0.0	0.0	0.0	0.0	0.0	0.0	0.0	0.0	0.0	0.0	0.0	0.0	0.0	0.0
625.3118786440781	-0.1042140427045978	391014.9455733863	0.0108605666968357	879.4660743694106	8.512120152831017	773460.5759667418	72.45618949623193	601.0429920571801	0.0442787072679493	361252.6783010474	0.0019606039173207	620.8694685384361	630.1032917872071	1.107974	52.537006	0.3056597999999999	0.181624	-0.054611766	-0.0330897867	-0.1018488869	0.0286169323	-0.0972297448	-0.0114310075	0.0560913515	-0.0510879715	0.0002201151	0.0772632232	-0.1255762536	0.0103269919	-0.0390440462	-0.1522114534	0.0097349256	-0.0871598352	-0.1358698683	-0.1579058037	0.0471743914	0.0130973131	0.0610241127	0.0205873311	0.0781330578	-0.0264157271	0.0265828955	-0.0365261842	-0.0170895918	-0.0592873335	0.0899577732	-0.0113180569	-0.0304110941	0.1364410493	0.0909780823	0.3332516992	-0.0653720699	-0.0104586537	0.0054651717	0.1564076179	0.271369349	0.0248013522	-0.0161665231	0.0903882064	0.1500275177	0.1177745854	-0.005588881	0.1393938682	0.0273519989	-0.0629544102	0.052530127	0.2394896368	-0.2308195556	-0.0761638529	0.0446188543	-0.1297268882	-0.124109696	0.0515042693	0.0367632832	-0.0990741076	-0.06379495	-0.0611159722	0.1235842201	-0.1712909182	0.1392914677	0.1910302835	0.1139409174	-0.0170912758	-0.0420576594	-0.0847748127	0.0290406912	-0.00274617	-0.1433352839	0.0385417422	-0.01917574	-0.0023798672	0.0575326956	-0.0210153007	0.0561384661	-0.0718582924	0.010149098	0.0339884374	0.0771074717	0.0226669656	0.0093057902	-0.0466957672	-0.0014700969	0.012893312	-0.060681976	-0.1923061657	-0.1903428849	0.0135958301	0.0816097458	-0.1950762145	-0.2228018113	-0.1403458999	-0.2690150272	-0.005826732	0.0313861394	0.1637612128	-0.2028238091	-0.0398723273	0.1662287048	0.1812909223	0.168434681	0.1485752772	0.1539696241	-0.0880947253	-0.0218735954	-0.0836615243	0.1207178634	0.155569187	0.0110257297	-0.0186762977	0.0166409504	-0.0605212713	0.1058481876	-0.0068612524	0.1107080424	-0.1051139842	0.1038342759	0.0067739168	0.1332362741	0.01716337	-0.003634378	-0.001117457	-0.1996314168	-0.0493786709	-0.0083951362	0.0682480623	0.0249123471	0.0304004241	-0.0667904413	0.047124832	0.0426403346	0.012264228	0.0110270426	-0.0002379951	0.0664203114	-0.0946092816	0.0290878892	-0.0118760054	-0.0045796679	-0.0918167934	-0.0526550994	-0.0144000167	0.0047721123	-0.0785957185	0.0313348853	-0.0074752094	0.0214142656	0.117453149	0.1138033884	0.1078042307	-0.0173563	-0.0001826	0.00030124114969	3.3342760000000555e-08	0.0103132	0.0320478	0.00010636209424	0.00102706148484	-0.150535	0.062552	0.022660786225	0.0039127527039999	-0.00285264	0.0034053599999999	1.1596476729599995e-05	8.1375549696e-06	-0.00136789	0.0005964899999999	3.5580032009999986e-07	1.8711230521e-06	0.000447448	-0.000215698	2.00209712704e-07	4.6525627204000003e-08	0.0	0.0	0.0	0.0	0.0	0.0	0.0	0.0	0.0	0.0	0.0	0.0	0.0	0.0	0.0	0.0	0.0	0.0	0.0
624.4560711386712	-0.855807505406915	389945.3847819452	0.7324064863108068	871.1063607296347	-8.359713639775919	758826.2917036285	69.88481213905554	599.682274774976	-1.3607172822040638	359618.8306792898	1.851551522088814	619.7417318942182	634.1087352011134	1.209794	57.364998	0.37604455	0.194377	-0.0121393244	-0.0274062438	0.0219098194	-0.0080751399	-0.0254228525	-0.035897427	0.010399285	-0.0087768493	0.019973882	-0.0107680442	0.0120073588	0.0872238145	-0.050534392	-0.1545500297	-0.1941870374	0.0880612311	0.1979623181	0.015235794	-0.0171418758	-0.0218645687	-0.0010157388	0.0102027088	-0.0090409078	-0.0270286472	0.0251144807	0.0909988803	-0.1026806676	0.0748373676	0.019631034	-0.0129585087	0.0078233307	0.2879578486	0.002817995	0.1716712958	0.1041396779	-0.0814929495	0.0325832155	-0.0519019598	-0.1086428054	0.0486595753	-0.0603930684	-0.0436763035	-0.0866951987	0.0042606114	0.0332496639	0.0089135005	-0.2713165049	-0.1931297335	0.2476039835	-0.0964462955	-0.0216510358	0.1251673423	-0.0351522312	0.0206072692	-0.0091592498	-0.2742734221	-0.0994034773	-0.0852032866	0.1725929076	0.179250523	0.1118643258	0.1598956658	0.0293530528	-0.0084443059	0.1091312767	-0.0600180575	-0.0253071661	0.0231021978	-0.0463941968	0.0699530683	-0.1630362253	0.0410118667	0.038368476	-0.020860621	-0.0028034269	-0.0124604135	-0.0080481264	0.0132265737	-0.0301229815	-0.0744921202	0.0430996815	0.0061143226	0.0829966607	0.018165786	-0.007257225	-0.089230642	-0.0488952118	-0.2665109903	-0.0861197725	0.2425160599	-0.1297737904	0.0036377619	-0.1162748145	-0.0760663292	0.0680397422	-0.0765098916	0.0629480604	-0.0155500305	-0.2517880948	-0.0065830588	-0.3548421434	-0.1787270998	0.1001212232	-0.0327092584	-0.0286414167	0.0087752556	0.1526326112	0.0657406142	0.0319444805	-0.1668484464	0.1280773632	-0.0320654039	0.2369901462	-0.0363189871	-0.1825192051	0.0830179335	0.023560094	0.0072421337	-0.0680206149	-0.0383131382	0.1005080617	-0.0556987275	0.1546676761	0.0310270381	0.0107017557	0.0048932721	0.0532340154	0.0028494002	0.0252229104	-0.0288345722	0.1492946462	-0.0133744084	-0.0202713334	-0.0311106058	0.0375417112	-0.040111273	0.0907994673	-0.0752578718	-0.0466547325	0.0563597767	-0.1202038901	0.0252381904	-0.1057920088	-0.0190762664	0.0120251814	-0.1159404482	-0.0498556773	-0.0512948892	-0.1519703577	0.1170481578	0.1122029089	0.1042755153	-0.00384635	0.01350995	1.47944083225e-05	0.0001825187490025	0.0700971	0.0597838999999999	0.0049136034284099	0.0035741146992099	-0.0730568999999999	0.0774781000000001	0.0053373106376099	0.00600285597961	0.000496388	0.003349028	1.1215988544784e-05	2.46401046544e-07	-0.000357749	0.001010141	1.020384839881e-06	1.2798434700099998e-07	0.000593731	0.000146283	3.525165003610001e-07	2.1398716089000012e-08	0.0	0.0	0.0	0.0	0.0	0.0	0.0	0.0	0.0	0.0	0.0	0.0	0.0	0.0	0.0	0.0	0.0	0.0	0.0
626.4335662309638	1.9774950922926564	392419.01290084334	3.910486840041542	880.456021137019	9.349660407384247	775202.8051564308	87.4161497334086	600.2958282154979	0.613553440521855	360355.0813729305	0.3764478243762055	620.1401568573206	642.5055005098967	1.090809	51.723091	0.1276735	0.0723473	-0.0220325229	-0.0510529386	0.0621408383	-0.0114271846	0.0222531618	-0.0453316019	0.0677522351	-0.0284762743	0.0200739142	-0.011340453	0.0058764912	-0.0037626885	-0.1898295466	0.0451026016	0.0466152931	-0.0735895355	-0.0106635471	0.0318236534	0.1998659247	-0.0147758314	0.0006280775	-0.0050505283	0.0307047015	0.0131967016	-0.0096622858	0.0118552406	-0.1246025866	0.0681626302	0.0490867111	0.0690220101	0.0481564477	0.0077392152	-0.0398309244	-0.1021410938	-0.0861556581	-0.2210443703	0.1714567237	-0.147537939	0.0493315719	-0.1894182692	-0.1015577586	-0.0486687995	-0.1253847783	0.0202372282	0.0795423958	-0.1727684855	0.2394709691	0.1396359781	0.2107830576	-0.151776635	0.0218587114	0.0577126201	0.0190681913	-0.110237614	-0.1792006548	0.107299188	-0.1003961665	0.0582648515	-0.1184095925	0.2390303013	-0.023416511	0.0867263896	0.0956877206	0.0784140234	-0.1184725711	0.0337021921	0.0149688629	-0.1313109788	0.0289030421	-0.118567389	-0.080112674	0.1401673837	-0.0867728836	-0.0145322792	-0.0009088843	0.0062573405	0.0241709384	0.0352377987	0.0120024704	-0.0880500278	0.0131633723	-0.0602005982	0.0348943569	0.0703381889	0.0579518651	0.0642219985	-0.043954023	-0.0259316937	-0.0298004684	-0.1909887716	-0.1014419811	0.1282700893	-0.18235351	0.2302452798	-0.0527087339	0.0559261481	-0.0970404379	-0.0353456065	0.0021884071	0.0331005519	-0.1376113159	-0.0546631303	-0.1292102018	0.1036241944	-0.1397975079	0.1554016258	-0.1752566999	0.0837198104	0.0214631709	-0.1244562242	0.09817002	-0.1085824021	-0.0182573021	-0.1387942657	0.1659691265	-0.2251657398	0.1753342107	0.154301809	0.2591946526	0.0053626426	0.0169609923	0.085205191	-0.0581750542	0.020552766	0.0943799253	-0.0043344694	0.0267640644	0.0175505801	0.037376984	-0.0213294904	0.0971654304	0.0116258271	0.0388221954	0.0475592794	0.0281506526	-0.0291783542	0.1163991802	-0.0271498902	-0.040366001	0.0641595243	-0.0284631141	-0.02693724	-0.0409009605	0.0092988888	0.0281464854	-0.0690469164	-0.085716859	-0.0833768981	-0.0226536048	0.1165858777	0.110382787	0.100287614	-0.0137775	-0.00993115	0.00018981950625	9.86277403225e-05	0.0247515	-0.0453456	0.00061263675225	0.00205622343936	-0.0787053	-0.0056484000000001	0.00619452424809	3.190442256000123e-05	-0.00045	-0.0009463879999999	8.956502465439999e-07	2.025e-07	-0.000357749	0.0	0.0	1.2798434700099998e-07	0.000205152	-0.000388579	4.2087343104e-08	1.50993639241e-07	0.0	0.0	0.0	0.0	0.0	0.0	0.0	0.0	0.0	0.0	0.0	0.0	0.0	0.0	0.0	0.0	0.0	0.0	0.0
624.9916869468327	-1.4418792841311188	390614.60875264776	2.079015870006468	880.6042156039476	0.1481944669286576	775463.7845394439	0.021961600028269	600.4433441703053	0.1475159548074316	360532.2095584197	0.0217609569227482	620.3629667884452	644.6210436255616	1.024983	48.601807	0.06958936	0.0350493	-0.0278562509	-0.0545915251	0.0774445281	-0.0410417381	0.0402650658	-0.0285411204	0.1022916374	-0.0300263867	-0.0149908941	-0.0755062429	-0.0490197697	0.0791898321	0.0748348579	0.0553130837	-0.0319743495	-0.0063052917	-0.0897979655	0.1011049627	0.0896207232	0.002490484	0.0247161519	0.0008278881	0.0312557089	0.0172273177	-0.058619625	0.0380726614	-0.1945079828	0.0138356616	0.0321200654	-0.1738613503	0.0836013748	-0.0647800212	0.2265555394	0.0019448414	0.0401006286	0.021117099	-0.1008978371	0.0238195326	-0.2658485509	0.0067408919	-0.0464771098	0.0522901841	-0.1688804284	-0.016619193	-0.1680244596	-0.2086636501	0.1061586066	-0.0894825584	-0.1421237407	0.2166606784	-0.1077671238	-0.0062461732	-0.0686270924	-0.1276569802	-0.1579148123	0.009459561	0.0750730724	0.180044321	0.0070068342	0.1682685298	-0.1553316514	0.0722282836	0.0029616995	0.0137179966	0.1811846221	0.070085466	0.051790717	-0.0263366055	0.2634129105	0.0398505002	-0.0080976381	-0.1053601791	0.013335492	-0.0074581563	0.0239779088	0.0093518808	0.0413351006	0.0413906749	0.0406600988	-0.1004431622	0.0734748698	-0.0231752828	0.0903431226	-0.014938739	-0.0347983337	0.1264255508	-0.2055558653	-0.0027925298	-0.0861407261	-0.080092107	-0.0485733358	0.1197538585	0.128050646	-0.1573688792	0.0952331643	0.0276192966	0.0833982367	-0.2176622472	0.1712909568	0.2033647128	-0.0410436181	0.007391331	-0.0169720814	0.1283218046	-0.0047767472	-0.0230213515	0.1981160622	0.044449041	0.165000601	0.1759537885	-0.0929299368	-0.0278586134	-0.048388875	0.0190501653	0.0383357573	-0.1254513164	0.1404288281	-0.0895400954	0.0580701142	0.0104283141	0.1090946825	0.2373913318	0.1142551071	0.076258015	0.1140706289	-0.0105000511	0.0570646407	0.0240426963	0.0319910948	-0.027140562	0.0970969261	0.0061327096	0.0722533495	0.0032641623	0.0298400898	0.0033405449	0.0897379333	-0.0093391046	0.0033298759	0.0388165769	0.0123132435	-0.0459847099	-0.0438444906	0.0221791054	-0.004971794	-0.0560562893	0.0132081009	-0.0361451381	-0.1140356669	0.116066535	0.1083465856	0.0958580879	-0.00037864	0.01339886	1.4336824960000004e-07	0.0001795294492996	0.038604	0.0138525	0.0014902688159999	0.00019189175625	-0.0596128	0.0190925	0.00355368592384	0.00036452355625	-0.00059211	-0.0001421099999999	2.0195252099999996e-08	3.505942521e-07	-0.000357749	0.0	0.0	1.2798434700099998e-07	0.000527952	0.0003228	2.787333143040001e-07	1.0419984000000004e-07	0.0	0.0	0.0	0.0	0.0	0.0	0.0	0.0	0.0	0.0	0.0	0.0	0.0	0.0	0.0	0.0	0.0	0.0	0.0
624.4204068602263	-0.5712800866064072	389900.84450349055	0.326360937353024	884.6357620290319	4.03154642508423	782580.4314606859	16.253366577609434	600.5867589625046	0.1434147921993371	360704.45504108566	0.020567802621579	620.4962368872309	640.221241560929	0.995405	47.19931	0.037756547	0.0219188	-0.0299952469	-0.0435720424	0.0507252246	0.0154587093	-0.0144453077	-0.0155047859	0.0591656211	-0.0585529618	-0.0186967766	0.0089922112	-0.0558025402	0.0870526478	0.0054752555	-0.011193457	-0.0385160477	-0.057977558	-0.1233518582	-0.0321505023	0.170093331	0.0046435562	0.0135918385	0.0120517858	0.0254837779	0.0012188465	-0.0362492884	0.0453213584	-0.077598053	-0.0354985513	0.0097215496	0.0207181369	0.1708376781	0.0972610192	-0.0337173848	0.0026008877	-0.0793194386	-0.1002370321	-0.0271315454	0.1323338163	0.026305633	-0.0494993641	0.1533210478	-0.0590478921	-0.2175448529	0.0665084466	0.0568094651	0.1985390086	0.1134921683	0.0219314001	-0.1124442973	-0.0325434381	-0.0863981524	-0.0322265811	0.0175698191	0.1005976911	0.1033887855	0.105060329	0.0888497131	-0.3367353835	-0.1241695385	-0.1303650291	-0.0622916513	0.3390206635	-0.0743303774	-0.1310863447	0.1274393471	0.0154682904	-0.0777415063	-0.0683005275	0.160809824	-0.2367177761	-0.0024856549	-0.2356359509	0.0832700391	-0.0022960733	0.015882026	-0.0134700714	0.0087558906	0.0074509336	0.0175053774	-0.0713749574	0.0692943149	-0.0155262804	0.0728027759	-0.08195697	0.0106707561	0.0567515357	0.0172982848	-0.0224407641	-0.0169410084	-0.1465962595	-0.0928317903	-0.07767674	-0.0836880267	-0.0327016768	0.0145387679	0.1547909583	-0.1921187559	-0.1122950444	-0.0896860561	-0.0022555956	0.1908451245	0.1174413588	0.0077444907	-0.1052816442	-0.1396006852	-0.1276252298	-0.0205085797	-0.1849994402	-0.0885114104	0.166831794	-0.0007127969	-0.1623385782	0.1031872013	-0.0247707379	-0.0138369859	0.1759058678	-0.2523834386	0.2713949724	0.0500033047	-0.0265582983	-0.057377467	0.022936478	0.0598616539	0.0261940386	0.1241022194	-0.0086688558	0.0351689187	0.0080295237	0.0367510532	-0.0238966387	0.0924420264	-0.0092720706	0.0550212993	0.0338308958	0.0512403856	-0.0067921313	0.081945652	-0.034631783	-0.0036286576	0.0254874627	0.0192922013	-0.0569891184	-0.0438263374	-0.0243034722	-0.0481695728	-0.037433303	0.0284412068	-0.0171009866	-0.026835051	0.115490384	0.1060982907	0.0910064429	0.000288557	0.000667197	8.3265142249e-08	4.4515183680900003e-07	0.0220965	-0.0165074999999999	0.00048825531225	0.0002724975562499	-0.0595976	1.5199999999999936e-05	0.00355187392576	2.3103999999999802e-10	-0.000335367	0.000256743	6.591696804899999e-08	1.12471024689e-07	-0.000500009	-0.00014226	2.0237907600000022e-08	2.5000900008100004e-07	0.000540282	1.2329999999999958e-05	2.91904639524e-07	1.5202889999999894e-10	0.0	0.0	0.0	0.0	0.0	0.0	0.0	0.0	0.0	0.0	0.0	0.0	0.0	0.0	0.0	0.0	0.0	0.0	0.0
622.9805596385469	-1.439847221679429	388104.777687557	2.0731600217779707	874.6366736656626	-9.99908836336931	764989.3109209347	99.98176809846755	600.0941662128422	-0.4925927496624354	360113.0083226863	0.2426476170199987	619.8836128918296	631.0297305605867	1.004262	47.61927	0.038859813	0.0248759	-0.0323432685	-0.0333837245	0.0576377742	-0.0108598734	0.0054572315	-0.0337248588	0.0552148362	-0.0065674388	0.0479961378	-0.0215120068	-0.0244950934	0.0923754133	0.0147282355	-0.0296887721	-0.1259433256	0.0631414647	0.0087616185	-0.0639076231	0.0121589726	-0.0025813922	0.0203668642	-0.0054096579	-0.0058206517	0.0163368662	-0.0293205975	0.0720705725	-0.0782535897	0.0107879839	-0.1075046266	-0.0085822128	0.0568848823	-0.1880822243	0.044065572	-0.0839257345	-0.1828351389	-0.0842605254	0.2590820902	0.2339189978	0.0035905366	0.0574410052	-0.0387106312	0.0058812969	0.2251968763	0.0422814116	-0.1462986096	0.0440556873	-0.1393144136	-0.1148014322	0.0922304541	-0.1752990014	0.0890176808	0.0385933548	-0.2042611579	-0.0755707365	0.0262534861	-0.0164291892	-0.1601349227	-0.0183183522	-0.3138081783	0.0378850939	-0.2159629475	-0.0430051587	-0.224328625	-0.0987826235	0.1215482038	0.1920320657	-0.034046275	0.0077769206	-0.0928350459	0.0688328579	0.0341856111	0.0648986342	-0.0661503405	-0.0088897672	0.0190103242	0.0083420175	0.0008076214	0.0349774731	0.0168342791	-0.0840569692	0.044820952	-0.0040100631	-0.003800022	-0.0625340308	0.0683732075	0.0922628741	-0.066270061	0.0215854916	-0.0140161993	0.0710620589	-0.0963868659	0.1470513442	0.1534199227	-0.0323858253	-0.2016329819	-0.0892810479	-0.204717077	0.3719410718	-0.1717471132	0.0324393735	0.0187877864	-0.0932889186	-0.0725425748	-0.1268827139	0.006327727	-0.0362934854	0.078318926	0.1016126477	0.0369250661	-0.0268645027	0.0555170235	0.0771203911	-0.0703761785	0.1773114666	-0.019120779	-0.1295796134	-0.162383741	0.0963776418	-0.0546539046	0.1129690866	-0.3651503222	0.2479195028	-0.0058631624	0.1817182374	0.0188889349	-0.0089910182	0.055715622	0.0044004898	0.0148532602	-0.0230049056	0.1129934572	-0.0233809533	0.0641577523	0.0130425451	0.0648595345	0.0240555005	0.0661382994	-0.0175388899	0.0193257889	0.0305810152	-0.0251337701	-0.0139800804	-0.0494277488	0.0383300103	-0.0448566565	-0.0182324383	0.0179533311	-0.0892692917	-0.1155969983	0.1148577065	0.1036423034	0.0857540434	0.00399057	0.0037020129999999	1.5924648924899996e-05	1.3704900252168998e-05	0.0221077	1.1199999999999403e-05	0.00048875039929	1.2543999999998667e-10	-0.0368047	0.0227928999999999	0.00135458594209	0.0005195162904099	-0.000346617	-1.125000000000003e-05	1.2656250000000067e-10	1.2014334468900002e-07	-0.000357749	0.00014226	2.0237907600000022e-08	1.2798434700099998e-07	0.000633846	9.356399999999996e-05	4.01760751716e-07	8.754222095999994e-09	0.0	0.0	0.0	0.0	0.0	0.0	0.0	0.0	0.0	0.0	0.0	0.0	0.0	0.0	0.0	0.0	0.0	0.0	0.0
624.5632334298006	1.5826737912536828	390079.2325522875	2.504856329521306	883.7604292872151	9.123755621552505	781032.4963739227	83.24291664181094	600.6185327434166	0.5243665305744116	360742.6218748546	0.2749602583866453	620.3760897670657	637.9916599344681	1.00555	47.680351	0.05867434	0.0349563	-0.027471945	-0.0474037096	0.1032959371	0.0041810034	0.0586676953	-0.0490689045	0.055039637	-0.0475191605	0.0175455204	-0.0071594119	-0.0002818839	0.023117414	-0.1360810229	0.0256078527	0.103589357	-0.0687090061	0.0286565816	0.0357754771	0.2073143389	0.0061481523	0.0024454632	0.0036150576	-5.7713e-06	0.0179332214	-0.0364510293	0.0500382906	-0.158246896	0.0908688116	-0.1074016729	0.1012662068	0.1103535713	-0.0865278393	-0.0962889949	-0.0788568102	-0.1277221382	-0.0984300919	0.1461104846	0.1959172355	0.2403506867	0.3094815354	-0.0614479463	0.0220154511	-0.0377488106	-0.0784452576	0.2008127681	0.020548425	0.117455829	-0.0592292592	-0.0956770881	0.0250935185	0.0586915437	-0.1157822498	0.1300059146	0.2484693701	0.048112859	-0.239130538	-0.0232930994	0.2750239545	0.1703642008	0.0906102881	0.0512669739	0.0668323885	0.0042752207	0.0666096851	-0.071503681	-0.0651362403	0.0261568434	-0.0647029463	0.0184627049	0.2013354313	0.1525558939	-0.0556322779	0.0253431553	0.0037770753	0.0038026999	0.0028635195	0.0140602898	0.0687121067	0.0020848525	-0.1180736194	0.0269994495	-0.0929954823	0.041045291	-0.0076725205	0.0932128905	0.0917945904	0.0414806273	0.0988543849	0.1216095646	-0.0685563587	-0.1171625309	0.062369696	-0.1521607564	-0.0306523674	-0.1871988293	-0.0379079042	-0.2285334798	0.0929181754	-0.0160763279	0.1545897782	-0.1756676034	0.007320152	-0.058460325	-0.06572462	0.0654076185	0.0495820388	-0.170014049	-0.1519176818	-0.1497568049	-0.23944904	-0.2527503142	0.0136750356	-0.2029196042	-0.0219043182	-0.1865501476	0.1778068553	0.1315874308	-0.0717401	-0.0400935889	0.0755445326	0.2293806367	-0.0886537734	-0.1198990397	0.0738637687	0.0134749112	-0.0002066241	0.0336827773	0.0007703416	0.0223938833	-0.0275898393	0.1359526392	-0.0323346524	0.0444980712	0.034936624	0.0232197147	0.0068824551	0.0765956875	-0.0079110238	-0.0219589154	0.0591490669	-0.0001921204	0.0278608561	-0.0515787553	-0.0261045534	-0.0083160656	-0.035484948	-0.0387896975	-0.0172455379	0.0227992208	0.1141688124	0.1009834314	0.080124019	-0.00345253	-0.0074430999999999	1.19199634009e-05	5.539973760999999e-05	0.0220802	-2.7499999999999747e-05	0.00048753523204	7.56249999999986e-10	-0.0515583	-0.0147535999999999	0.00265825829889	0.0002176687129599	8.76008e-05	0.0004342178	1.8854509783684002e-07	7.673900160640001e-09	-0.000357749	0.0	0.0	1.2798434700099998e-07	0.000339061	-0.000294785	1.1496236172099998e-07	8.6898196225e-08	0.0	0.0	0.0	0.0	0.0	0.0	0.0	0.0	0.0	0.0	0.0	0.0	0.0	0.0	0.0	0.0	0.0	0.0	0.0
622.7500188110165	-1.813214618784059	387817.5859291214	3.2877472537722205	877.9608281972409	-5.799601089974203	770815.2158487851	33.63537280282996	599.4096403121139	-1.2088924313027292	359291.91689909773	1.4614209104610238	619.2074169150297	632.4073319404441	1.003539	47.584995	0.0510862039999999	0.0328798	-0.0311426738	-0.0477685867	0.0544798071	-0.0347666606	0.0155965954	-0.0468898848	0.0799493181	-0.0346891997	0.0214899418	-0.0587522175	-0.0135343874	0.1048910832	0.0733510872	0.1117802112	-0.0574973698	-0.0275121262	-0.0972032956	0.0004649609	0.027672607	-0.0113549638	0.0156505924	0.0309909467	0.0192518806	-0.0137646133	-0.0674490175	0.0891086965	-0.1624902885	0.0006267846	0.044727137	-0.1183045278	0.0760230933	-0.0180581459	0.1380692493	0.1886943272	-0.0614789075	0.2051838565	0.0116865697	-0.0378791729	-0.0935882884	0.0341729998	-0.0336068878	-0.2019183813	0.1569469353	0.0963436362	0.006731286	0.0889159912	0.1655309952	0.1696200908	0.1343895284	-0.0475911901	-0.0663275303	0.0817050037	0.1019562929	0.0512871912	0.2834108228	-0.0722411286	0.0609337263	0.1607134396	0.0545302552	-0.0851350898	-0.0642058678	-0.1760893746	-0.0721751497	-0.0143521598	-0.1158971263	0.038813092	0.0866768817	-0.1063948197	-0.0368765336	-0.0691456337	-0.0292400558	-0.1713948705	0.097167052	-0.0173571171	0.0125162495	-0.0240202323	0.0171049487	0.0311578768	0.0358482378	-0.1285151551	0.0869197136	-0.0011133177	0.0435666757	-0.0111657975	0.0286218196	0.179063764	-0.0192157222	-0.1122796313	-0.1309193771	0.0639643487	0.0651169701	0.0898994998	0.0716900848	-0.126580306	-0.0285373992	0.1861942749	0.2016474459	0.0325710341	0.0562801982	-0.0224826989	0.0502907626	0.2563484972	-0.1244476275	0.0684190041	0.0547148842	-0.0781039544	-0.0192860531	0.228136452	-0.1451320032	-0.1413912765	0.0310329607	-0.0350393147	-0.1397540956	0.0314068065	-0.1091420468	-0.0089976396	-0.2239610292	-0.1994459633	0.0487083421	0.1244539541	-0.0065198523	-0.1007941089	-0.029079165	-0.0962223506	0.079071591	-0.0071729737	0.0541152871	0.0081730742	0.0281007102	-0.0219787484	0.1030988947	-0.0139556969	0.0639289888	0.0154489273	0.0532560646	0.0272607979	0.0848186613	-0.0239214536	0.0100412392	-0.0007298705	0.0029679396	-0.0264488833	-0.0492687611	-0.0215512869	-0.0375351479	-0.0637482119	0.0371710684	-0.0361430615	-0.0378651501	0.1134240387	0.0981268796	0.0741411618	0.000212784	0.003665314	4.5277030656e-08	1.3434526718596002e-05	0.0275116	0.0054313999999999	0.00075688813456	2.9500105959999996e-05	-0.0397078	0.0118505	0.00157670938084	0.00014043435025	-0.000436114	-0.0005237147999999	2.742771917390399e-07	1.9019542099600003e-07	-0.000357749	0.0	0.0	1.2798434700099998e-07	0.000418126	7.906500000000002e-05	1.74829351876e-07	6.2512742250000035e-09	0.0	0.0	0.0	0.0	0.0	0.0	0.0	0.0	0.0	0.0	0.0	0.0	0.0	0.0	0.0	0.0	0.0	0.0	0.0
624.33912858009	1.5891097690735023	389799.3474761462	2.52526985816484	879.5670861911973	1.606257993956433	773638.2591108731	2.5800647431489443	600.6891684235777	1.2795281114638328	360827.4770614093	1.6371921880262026	620.1043773121254	637.2205005388926	1.035629	49.106606	0.055433646	0.029124	-0.0337760859	-0.0520905135	0.110611042	0.0082360476	0.0406374807	-0.0366871045	0.0807028747	-0.0242509818	0.0455729511	0.0287356594	-0.0139083665	0.0509102276	-0.152063064	0.0222472434	-0.0189396953	-0.0801161101	0.0911396502	0.0178983331	0.192658786	0.0125269087	0.0021074762	0.0065419903	0.0176992074	-0.0359201759	-0.0593037225	0.0572332506	-0.2036433136	-0.0175591274	-0.1046328604	-0.0092618922	-0.0280000203	-0.0870212437	0.0590144681	0.0122489861	0.1711811731	0.0970333812	-0.1918001654	-0.0340111327	0.1288625694	0.0477786364	-0.0248194855	-0.117201506	-0.1145872669	0.20207977	-0.1539306428	-0.0941146934	-0.0504071476	0.1011921698	-0.0778863677	0.0971280944	0.0964454813	0.1259830877	0.2345691185	0.0068562733	-0.1829779113	-0.1084154218	-0.2026331797	-0.1601582837	0.0885006155	-0.1087710526	0.0135938509	-0.0254762417	-0.3140124636	-0.0550380572	-0.0966088564	0.0523752033	0.0869812372	0.2361456694	-0.1202587627	0.0730767266	-0.0145022968	-0.077866438	-0.0486106333	0.0056013103	0.0063815395	-0.0009841838	0.007923955	0.044328797	0.0226368447	-0.1712362122	0.0705015184	-0.0716651407	-0.0268779747	0.0211962197	0.0553909836	0.0476046316	-0.0453825189	0.1231107838	-0.0507294277	0.0507308985	0.0255203778	-0.0865077228	-0.0393954998	-0.1076340184	-0.0503266179	0.1406421143	-0.0197305315	-0.0614626851	0.2391567903	0.0253422544	-0.121740767	0.0963392694	0.2051311044	0.1162745549	-0.2898997741	0.1555235486	-0.0888143163	-0.0812738044	0.2669275858	0.0305673761	0.0546357681	0.2286995632	-0.0007620951	0.153499622	-0.027448036	0.1147841754	-0.1357380047	-0.0770293279	-0.251535728	0.0595402727	-0.1106924286	-0.1321270673	0.196181947	-0.0393387324	-0.006890036	-0.0025325982	0.0424867191	-0.0013598773	0.0278296122	-0.0311330671	0.1145451495	-0.0299192812	0.0652415099	0.0702520677	0.0439017634	0.0038736371	0.0880936056	0.0245477333	-0.0099420064	0.019003663	0.0296176336	0.0094777426	-0.0203513978	-0.0061185895	-0.1185447193	-0.031760739	0.011930427	0.0130635326	-0.0092576183	0.11262375	0.0950782398	0.067831818	0.0100927	0.0098799159999999	0.00010186259329	9.761274016705598e-05	0.00225077	-0.02526083	5.0659655929e-06	0.0006381095322889	-0.0363093	0.0033984999999999	0.00131836526649	1.1549802249999992e-05	-0.000203026	0.0002330879999999	5.4330015744e-08	4.1219556676e-08	-0.000357749	0.0	0.0	1.2798434700099998e-07	0.000313326	-0.0001048	9.8173182276e-08	1.098304e-08	0.0	0.0	0.0	0.0	0.0	0.0	0.0	0.0	0.0	0.0	0.0	0.0	0.0	0.0	0.0	0.0	0.0	0.0	0.0
623.5954121720293	-0.7437164080606635	388871.2380820032	0.5531140956186554	880.1887300997972	0.6216439085999355	774732.2005946937	0.3864411490994049	599.9245077569238	-0.7646606666538673	359909.4150073874	0.5847059351275369	619.8038431677567	634.1596601583502	1.04711	49.650997	0.0647454	0.0397887	-0.0325694132	-0.0548108072	0.0844382981	-0.0399414456	0.0394225114	-0.0470601301	0.0457972547	-0.0285251702	-0.0318348677	0.0215454326	-0.0431014922	0.079005903	-0.0317847331	0.0067163404	-0.0264137192	0.1010274899	-0.078705645	0.0359094101	0.0534782724	-0.0016782303	0.0147487937	0.0050939533	-0.0001891546	0.0322218127	-0.0835523926	-0.0022856545	-0.0393801613	0.0439156439	-0.0592633932	-0.1272654624	-0.0495559652	0.0228414407	0.084459935	0.1521495744	-0.1076682359	0.1145646911	-0.1619842644	-0.0194901362	0.001805764	-0.0139368795	0.0579421624	0.274465564	0.1304058577	0.0188143123	0.0182745576	0.0533043037	-0.2366925738	0.0763838559	-0.0977516115	-0.2576117729	0.0210200132	-0.0976455846	0.2715132188	0.1598796427	-0.0695106203	0.2100178652	-0.1658106596	0.1633999005	0.0760830311	0.0840210842	-0.1299328055	-0.0296300095	0.1008859922	-0.0729390316	-0.081326131	-0.1044182769	-0.1450027423	0.0023495343	0.0532034771	-0.1717057684	0.0157145782	0.0816065597	0.0186558453	-0.0080709459	0.011185519	0.0025115223	0.0122246543	0.0597128198	0.0511840423	-0.0524223484	0.0291660187	-0.0631327533	-0.0114231828	-0.0393295276	0.0280404375	0.0988786331	-0.0951227814	-0.0678647246	-0.0813086447	0.0706517772	0.0750761209	-0.0978898641	0.1043168776	-0.0822619719	0.0251685589	-0.2490367401	0.1133906264	-0.0439821595	0.1113524802	-0.1218004854	0.2128364613	-0.0229702514	0.0835347215	-0.1688493519	0.010116662	-0.1628429563	-0.1117756498	-0.0567594316	0.0341647381	-0.214400134	0.1590661882	0.1063947058	-0.099001271	-0.0624336592	0.0626463475	0.1178014416	0.2595019192	0.0596164821	-0.0707022793	0.1232866914	-0.0067080246	-0.0131142072	-0.2160231817	-0.1661708373	0.1632886375	-0.0068851784	0.0552236915	0.0178746579	0.0322172354	-0.0266713507	0.0951025709	-0.008372239	0.0793543433	0.03157402	0.0434136374	0.0210486109	0.0384370981	0.0286109368	0.0312434246	0.0159431023	0.0011043904	-0.0007263375	0.0116822003	0.0418930288	-0.0379223979	-0.0169509064	0.0136522367	-0.0379704124	-0.0168529953	0.111768338	0.0918434799	0.0612237711	0.00472303	-0.00536967	2.23070123809e-05	2.88333559089e-05	0.025805	0.02355423	0.000665898025	0.0005548017508929	-0.0355855	0.0007238	0.00126632781025	5.238864400000052e-07	-0.0008233799999999	-0.0006203539999999	3.848390853158759e-07	6.779546243998353e-07	-0.000357749	0.0	0.0	1.2798434700099998e-07	0.000231726	-8.16e-05	5.3696939076e-08	6.6585600000000015e-09	0.0	0.0	0.0	0.0	0.0	0.0	0.0	0.0	0.0	0.0	0.0	0.0	0.0	0.0	0.0	0.0	0.0	0.0	0.0
625.5351694383352	1.939757266305833	391294.2482042467	3.762658252186277	881.5392898440361	1.3505597442389217	777111.5195387276	1.824011622758701	601.0852437892219	1.1607360322980185	361303.4703011483	1.3473081366749466	620.9034468904873	641.7957937848919	1.059936	50.259171	0.05200963	0.0319017	-0.0260710264	-0.0651812728	0.1157244714	-0.0233569091	0.0794544095	-0.0296617457	0.0187843406	0.0133875468	-0.0062747189	-0.0251147229	0.0335585215	-0.0190286973	-0.1616020003	0.0536139865	0.0184666029	0.0381222106	0.071711321	0.0173861067	-0.0808046437	0.0254737797	-0.0004322611	0.0132012128	-0.0133089174	-0.0268921623	-0.0474784104	0.0887540989	-0.058263593	0.0713183682	-0.0900101255	-0.0455788229	-0.1577568003	-0.0852571612	-0.0782389273	-0.1373331138	-0.0374179699	-0.0825864292	0.0996801292	-0.1202747616	-0.0248404568	0.0217800364	0.2054206916	-0.0757959126	0.2136126796	-0.2666661868	-0.3032831077	0.1566350372	-0.0518205748	-0.1992606365	-0.0390523756	0.0557258992	-0.124014535	0.1908573955	0.0344718736	-0.0143502374	0.066917918	0.1469118151	-0.0009925123	-0.1455816451	0.0341251967	-0.018983155	0.1554934203	0.0735628644	-0.0466835909	0.1657193414	-0.0699749591	0.0370876067	0.0493656829	0.0428453074	0.097778391	0.0082707046	-0.0850115226	0.1101917899	-0.0504196078	0.0231810508	0.0023922235	0.0028604358	0.0026422092	0.0800999127	0.0418240362	-0.1411501427	-0.0524092794	-0.039938802	-0.0726159799	0.100491849	0.0005319102	-0.0178678293	0.0165040899	0.0846823017	0.1075225203	0.197424556	0.0315105263	0.0856712938	0.0603063452	0.2039387478	0.0812985844	-0.0203400641	-0.0942306253	0.2083670879	0.0114511128	-0.0146485367	0.0878671731	0.1484782364	-0.1323374245	-0.116389082	0.0004794126	-0.1121317717	0.0997826902	-0.0316537192	0.2371815509	0.1338347054	-0.0366345249	0.0870034701	0.0625820089	0.0580305015	-0.1205547489	0.0594520719	0.1092882622	0.0921495476	0.281376945	-0.1340216249	0.0393685549	-0.1757895013	0.2085761915	-0.1279392593	-0.1006112508	0.0015679949	0.0475231371	0.0011744585	0.027788868	-0.0224304791	0.1048851248	-0.0058183773	0.0631566932	0.0760067258	-0.0137261638	-0.0126365677	0.0063733558	0.1083958586	0.0049014284	-0.0019076251	0.0373420074	0.1019466053	0.0488374865	-0.0171755005	-0.0956497205	0.0305763217	-0.0255574448	0.0475595198	0.0933796161	0.1108582214	0.0884289321	0.0543461203	0.00359757	-0.0011254599999999	1.29425099049e-05	1.266660211599999e-06	0.0117146	-0.0140904	0.00013723185316	0.00019853937216	-0.0389135	-0.0033279999999999	0.0015142604822499	1.1075583999999984e-05	-0.000298368	0.0005250119999999	2.756376001438951e-07	8.9023463424e-08	-0.000357749	0.0	0.0	1.2798434700099998e-07	8.74226e-05	-0.0001443034	7.64271099076e-09	2.0823471251560006e-08	0.0	0.0	0.0	0.0	0.0	0.0	0.0	0.0	0.0	0.0	0.0	0.0	0.0	0.0	0.0	0.0	0.0	0.0	0.0
623.5200215995513	-2.0151478387838324	388777.21733550495	4.060820812155151	878.6038028348486	-2.935487009187568	771944.6423558575	8.617083981108975	599.4545107450689	-1.6307330441529757	359345.7104526099	2.659290261292431	619.6458995819348	643.647001660922	0.997524	47.299774	0.100896485	0.0550071	-0.0255054786	-0.0753166803	0.1192832722	-0.0620645913	0.0688832271	-0.0255525987	0.0343501552	0.0168188477	-0.091332539	-0.0788051315	0.0241347535	0.0549872762	0.1301865015	0.0662732435	0.0558165745	0.0636970204	-0.0400468897	0.0741327107	-0.0856582481	-0.0074147292	0.0046182177	0.0017639611	0.0321871509	0.0590989678	-0.0842191886	0.0363214779	0.0058816371	0.1237357198	-0.1104102379	-0.1043026116	0.1249115498	-0.1899045558	0.0127343397	-0.1497292755	0.022259999	0.0095763608	0.1425761291	-0.0561604287	0.0909822835	-0.2715072973	-0.0698726612	0.0844761528	-0.1442854438	-0.0591324808	0.1113800564	-0.0415947306	-0.2768165538	0.2471470618	-0.1114468036	-0.120839772	-0.1139598062	0.102735078	0.0824913108	-0.067904921	0.1632315068	0.0001483858	0.1032633998	-0.1989769639	0.0604476216	-0.1558617943	0.0195988176	-0.0991794221	0.1463090571	0.0513894251	0.0462652518	-0.218242864	0.1243177926	-0.146810123	-0.0072360312	0.1535221729	-0.0661843613	-0.0287738013	-0.1095542026	-0.0072897221	-0.0027123145	0.0186336537	0.034242164	0.0893597434	0.0721692411	-0.0583680865	-0.0623123805	-0.0541330946	0.0136601218	-0.0791443193	-0.0519284793	0.0966875163	0.0566846791	0.2327879545	0.0087010469	-0.1341262093	-0.0101554871	0.1765783726	-0.0083959569	0.1160521283	0.0887722361	-0.0591583706	0.0275254634	0.0545808677	-0.0022229225	0.0824300282	0.193968043	-0.2264671137	0.030705925	0.0590099275	-0.0187287809	-0.2636087293	0.0241818979	0.0398182439	-0.0751881659	-0.0521420387	0.2833337478	-0.0665113399	0.1714779366	-0.0688921492	0.1741464244	0.0756945388	-0.0481559098	-0.0766600085	-0.0451135129	0.1173737449	0.0042909556	-0.1768889094	0.0621675549	0.1166968534	-0.1815352866	0.0022818028	0.0653220383	0.012212043	0.0355376791	-0.0258285995	0.1101467268	0.0121831932	0.0936978269	0.0136207936	0.0066974045	0.0157083964	0.0348120338	0.0719092176	0.0559427347	-0.0057630458	0.0438497027	0.0333791958	0.0434800194	0.0199473246	-0.0349499339	0.0537892872	0.0448535058	0.0206151485	-0.049705347	0.1098938456	0.0848412804	0.0472291519	0.00137556	-0.00222201	1.8921653136e-06	4.9373284401e-06	0.0393112	0.0275966	0.00154537044544	0.0007615723315599	-0.00072875	0.0381847499999999	5.310765625e-07	0.0014580751325624	-0.000662343	-0.000363975	1.3247780062500006e-07	4.38698249649e-07	-0.000107749	0.00025	6.25e-08	1.1609847001e-08	4.35351e-05	-4.38875e-05	1.89530493201e-09	1.92611265625e-09	0.0	0.0	0.0	0.0	0.0	0.0	0.0	0.0	0.0	0.0	0.0	0.0	0.0	0.0	0.0	0.0	0.0	0.0	0.0
624.2090043345487	0.688982734997353	389636.88109232864	0.4746972091244327	877.1581822330753	-1.4456206017732711	769406.476658433	2.0898189242713143	600.5507360875629	1.0962253424939945	360661.1866153136	1.2017100015260755	620.3311924938054	634.7887657258441	1.031207	48.896919	0.0690572389999999	0.0385236	-0.0313107265	-0.0603557198	0.1238786169	-0.006843317	0.0647838887	-0.0248056134	0.0308251084	-0.006516712	0.0064410817	-0.0490155855	0.0054254414	0.0717927532	-0.0089592828	0.0615465401	-0.0157719261	0.0779494109	0.1122590909	-0.109105176	0.1283659483	0.0119384067	-0.0072957218	-0.0107927622	0.0031817681	0.0237030859	-0.0686511886	0.0987530029	-0.139545264	0.0635681584	-0.0474197838	-0.0001232119	0.0009794474	-0.0157244441	-0.0704575074	-0.0643495967	-0.1151231328	-0.1015945332	-0.1526937878	0.0746336382	-0.2276465158	-0.1493473464	0.1067000614	-0.0454161167	0.1356121483	0.0817404828	-0.0473633207	0.0781000563	-0.1844832525	0.1593089017	-0.0297910124	0.0956367397	0.1287085443	-0.0922485653	-0.1215585108	-0.0453620449	-0.2628494531	-0.1909580024	0.2953321448	0.1749281147	-0.0317364887	-0.1325013936	0.1409727425	0.1160321717	0.1951980638	0.0342393272	-0.193661247	0.0306620959	0.061639036	-0.1135923681	-0.0139791179	0.0793414232	0.0020380572	0.092964136	0.1077470872	0.0139759302	-0.0065033039	0.0228146382	-0.004553521	0.0776594574	0.0322793869	-0.1083032842	0.0101503378	-0.0200968126	0.0229263113	0.0237758995	0.0575327178	0.0890109174	-0.0308129439	0.000207253	0.1303575974	0.0674584387	-0.1064267413	-0.0348650761	0.1088504469	-0.0238533259	0.1399591309	-0.0359291627	-0.124104848	0.0204044662	0.0025581256	-0.2359618151	0.0710223875	-0.0147290059	0.0411541758	0.0443699905	-0.2027121512	0.0580011665	0.2093054312	0.177210239	-0.0977938293	0.0190568251	-0.1997887833	0.0638825853	0.1436903594	-0.2557419654	0.2425411257	-0.1060250066	-0.1003466415	-0.1206781768	-0.0252338627	-0.0274620571	0.3235063706	0.0032291393	-0.153067063	-0.0165637535	-0.1522309445	0.0071271435	0.0448945141	-0.0158999161	0.0299069655	-0.0276008644	0.1124243871	-0.0156596284	0.071564905	0.0691381318	0.0275374164	-0.0063935231	0.0499343034	0.0435445638	-0.0056246848	0.0108299773	0.046024787	0.0713139742	0.0046148489	-0.007766579	-0.0621086635	-0.025318575	-0.0172067241	0.0365930694	0.0757499639	0.1088756826	0.081087548	0.039904206	-0.00673609	-0.00811165	4.5374908488100005e-05	6.579886572249999e-05	0.0193075	-0.0200037	0.0003727795562499	0.0004001480136899	-0.00733229	-0.00660354	5.37624766441e-05	4.36067405316e-05	-7.649429999999998e-05	0.0005858487	3.4321869929169005e-07	5.851377932489997e-09	-0.000169691	-6.1942e-05	3.836811364e-09	2.8795035481e-08	4.55882e-06	-3.897628e-05	2.07828397924e-11	1.5191504026384e-09	0.0	0.0	0.0	0.0	0.0	0.0	0.0	0.0	0.0	0.0	0.0	0.0	0.0	0.0	0.0	0.0	0.0	0.0	0.0
622.8950878565012	-1.3139164780475312	387998.2904757583	1.7263765112848286	880.9716683252057	3.813486092130347	776111.0803916962	14.542676174871586	599.6345904975301	-0.9161455900327836	359561.6421211406	0.8393227421365175	619.4749967623237	635.9385712918113	1.015229	48.139271	0.039401474	0.0232293	-0.0286316734	-0.0683994949	0.1064507543	-0.0355763945	0.0508966328	-0.038745786	0.0365134498	-0.0114095017	-0.0340302185	0.0276402749	-0.056709045	0.0807581205	-0.0042959519	0.0038315876	0.0257528056	0.0392190529	-0.0479021527	-0.0236269325	0.1526068602	-0.0070409139	-0.0012915505	0.0013841187	0.03529899	0.025879276	-0.0869468908	-0.0053751333	-0.0278138673	0.0982713925	-0.0841958034	0.1658065933	0.0210844372	-0.0446594423	0.040734127	-0.0834333376	0.1119165471	-0.0166619719	-0.1679026687	-0.1403965002	-0.0945737495	-0.0337011879	-0.0640223644	0.0451745759	0.0591415534	0.1859537867	0.0759277345	0.146270554	0.0669610645	-0.0218501576	0.0410658528	0.1487259497	-0.1724530966	0.158702573	-0.2241902139	0.3665825852	0.0914349823	0.2374448596	0.0804679839	0.0011320305	-0.2046519355	0.1299140057	0.1386068781	-0.0785579579	0.0433932243	-0.0527051787	0.0082817437	-0.0444697337	0.1726077038	0.1702057462	-0.0615076437	0.1365929713	0.155279482	-0.0530256314	-0.1382164549	-0.0091807166	-0.0071573702	0.0022180101	0.0104367004	0.0502006299	0.0724691313	-0.0593650453	0.0086479936	-0.0796357258	0.0434504057	-0.0360318242	0.1551083621	0.0110303506	-0.0063084783	0.1054505256	-0.0259872449	-0.0053348606	0.0765462015	-0.0473106709	0.0472544889	0.068907192	-0.1124820941	-0.0937728304	-0.0262887027	-0.2520569963	0.062175866	-0.2428840183	-0.0395012502	0.1014377981	-0.0607466564	-0.1390925397	-0.0859405866	-0.0203610193	0.0389857726	0.2055754082	-0.1045184635	0.1416467879	0.090305994	-0.307235335	0.1301147993	0.2417480287	-0.2541190603	-0.0772492616	0.0870708444	0.015108347	-0.0995954484	-0.1507126082	0.0415802983	0.0435045985	-0.0590493725	0.0070857942	-0.1654675514	0.004689098	0.0627307105	0.0070775978	0.023374021	-0.0311813015	0.0993433789	-0.041130738	0.0679802356	0.0193703299	0.0476130803	0.0337679736	0.0423849293	0.013650914	0.006879103	-0.0005148738	0.021567982	0.0386252898	0.0402901292	0.0149201142	-0.0058799436	0.0058753383	0.008013833	0.0056612501	0.0234019543	0.1078042307	0.077175083	0.0324035386	0.00378698	0.01052307	1.43412175204e-05	0.0001107350022249	0.0191098	-0.0001976999999999	0.00036518445604	3.908528999999943e-08	-0.00111023	0.00622206	1.2326106529e-06	3.87140306436e-05	-0.000390799	-0.0003143047	9.878744444209003e-08	1.52723858401e-07	-0.000162876	6.814999999999995e-06	4.644422499999993e-11	2.6528591376e-08	0.000132612	0.00012805318	1.7585942544e-08	1.63976169081124e-08	0.0	0.0	0.0	0.0	0.0	0.0	0.0	0.0	0.0	0.0	0.0	0.0	0.0	0.0	0.0	0.0	0.0	0.0	0.0
626.106613707161	3.211525850659882	392009.4917278482	10.31389828945668	881.5750729147991	0.6034045895934241	777174.6091847334	0.3640970987424086	600.9657089054701	1.331118407940039	361159.7832802543	1.7718762159568244	620.7733633181006	641.4138697872268	1.099578	52.138859	0.057372755	0.0289554	-0.0247212441	-0.074438472	0.1231281096	-0.0231712205	0.0853550894	-0.0149638147	-0.0058113034	0.051252163	0.048543738	-0.04111099	0.0748967464	-0.014012734	-0.1591631165	0.0279116729	0.0712970953	0.0192075353	0.1564313163	-0.0205364838	-0.120543649	0.0236814944	-0.0116515869	-0.0137107109	0.0029718999	-0.0094229112	-0.0662703887	0.0465133366	-0.0589038105	0.0941847492	-0.119678184	0.0512460446	-0.1921078757	-0.1510771351	-0.008056577	0.0565541121	0.1980171744	0.1009851538	-0.1077145223	0.0221843037	0.181549866	-0.1936727792	0.1155648577	-0.1996494781	0.0804354623	0.0334924975	0.288969097	-0.0729361825	-0.0490495746	-0.2074821034	0.0357843209	-0.1161726573	0.0184673476	-0.0736275266	0.0644472484	-0.1156281692	0.0103066245	0.0700421349	0.0558287561	0.0062007326	-0.14029341	0.0794853976	-0.112530736	-0.1014683563	0.0293224437	0.2008243936	0.0381031802	0.075841215	-0.1230888467	0.1370997054	0.064677977	0.0198123345	0.0490143905	0.0176472637	0.2093723757	0.0244930807	-0.0139257347	0.0245478502	-0.0118882886	0.0790485455	0.0446750329	-0.1229774401	-0.071647277	-0.0586467381	-0.1364711583	0.1186404262	0.0250028248	0.0058694934	0.0815069384	0.1441297181	-0.0050296619	0.2223219193	0.1100739005	-0.1099993021	-0.0201768189	-0.0663228057	0.0685040201	0.1780217319	0.0008250143	0.0748984174	-0.0538751897	-0.1642245425	-0.0687183227	-0.2227009351	-0.0099726084	-0.0035845342	0.0883070699	-0.0403095075	-0.2571538086	-0.1433332112	0.068234622	-0.0140739806	0.1875876162	-0.1370254633	-0.1261775681	0.0886752374	0.1273107167	-0.257157081	0.0232896044	-0.119098987	-0.0549132827	-0.123773568	0.0391034379	0.1162345808	-0.0237511073	-0.0485409299	-0.0533080297	0.0108186583	0.0514017745	-0.0155578054	0.0283005528	-0.0227725891	0.0931072423	-0.0195859662	0.0614082495	0.1084487942	0.0114370888	-0.021682653	-0.0245980941	0.128869691	0.0200374903	-0.0214549648	0.0393845482	0.136406714	0.0578151797	0.0038542956	-0.0999576673	0.0698164982	-0.0421790233	0.0118120275	0.1727589182	0.1066800145	0.073111544	0.0247601796	0.00533347	0.0015464899999999	2.84459022409e-05	2.3916313200999992e-06	0.00218499	-0.01692481	4.774181300099999e-06	0.000286449193536	-0.00732977	-0.00621954	5.3725528252900005e-05	3.86826778116e-05	-2.31597e-05	0.0003676393	1.3515865490449e-07	5.3637170409e-10	4.56015e-05	0.0002084775	4.346286800625e-08	2.07949680225e-09	5.50905e-05	-7.75215e-05	3.0349631902499996e-09	6.00958296225e-09	0.0	0.0	0.0	0.0	0.0	0.0	0.0	0.0	0.0	0.0	0.0	0.0	0.0	0.0	0.0	0.0	0.0	0.0	0.0
623.1953662204152	-2.911247486745878	388372.4644785974	8.475361929084194	876.2933216426372	-5.281751272161841	767889.9855554865	27.896896500983228	599.1116843963111	-1.8540245091589893	358934.81038018514	3.437406880562232	619.1017729084915	625.7776055274641	1.194609	56.644989	0.097927775	0.0538283	-0.0167066587	-0.0752701182	0.0995131238	-0.0787376982	0.0771963589	-0.021934563	0.0152834726	0.0422104714	-0.1186739553	-0.0369851221	-0.0184210119	0.037471495	0.0831086186	0.0480680419	0.0792606534	0.1040437319	-0.0640874822	0.0433890334	-0.0304353516	2.85385e-05	-0.0051792009	0.0158699991	0.0051371572	0.027397477	-0.1267100545	0.0154108114	-0.0021692969	0.0834822036	-0.1360103698	-0.1002152066	-0.1733006106	-0.038236322	-0.0661523073	0.0906026227	-0.0332382133	0.0908845364	0.0207407059	-0.1003923953	0.1926774311	0.2446916063	0.0661447427	0.0549143057	0.1053642522	-0.1066987349	-0.0158496118	-0.1099362138	0.2605505311	0.0987647821	0.0384026989	-0.0825223963	-0.0314108346	-0.1545893517	-0.0734910592	-0.1507273949	-0.0009961304	0.0359239256	0.2424382342	-0.1074377202	0.0205537375	0.0356354573	0.0064807294	0.2329710997	0.1157287205	-0.1705784145	0.1445852673	-0.2016043997	0.021615179	0.1505221902	-0.0636676419	0.0120349143	0.0467440164	0.0323017065	-0.0242273359	-5.13972e-05	-0.0105402177	0.0065353323	0.0041556262	0.0905037407	0.1112565947	-0.0515861038	-0.0844351827	-0.0517931164	-0.031720323	-0.0156197674	-0.0036338816	-0.0047345813	-0.0016557689	0.0577420684	0.1341254034	0.0775244743	0.1459290367	-0.0081513731	-0.0466637272	0.0369289739	0.03307649	-0.125068046	0.1555280235	0.114586177	0.1536140447	0.1299141286	0.1459613481	0.1532919354	0.0897439442	0.0762066752	0.2198951677	0.0123252574	-0.1115450966	-0.1164735837	-0.0044220368	-0.1439764466	-0.1910828164	-0.1072949965	0.1752094197	-0.1132711623	-0.0421729898	-0.1517287253	-0.198296095	0.2051893666	-0.0919994281	-0.1313791178	0.0922062618	0.1216328145	0.0119911032	0.1511670805	0.1275395607	0.0027761178	0.0808719472	0.014967063	0.0174923009	-0.0294503717	0.0702968089	-0.0202707217	0.0880698235	0.0181421923	0.0390809811	0.0188035355	-0.0574512658	0.1145547488	0.0508977624	-0.0647919666	0.079728965	0.0335271372	0.0648999686	0.0256459005	-0.0572695762	0.1142631866	0.0454000844	0.0221175181	-0.0492567351	0.1055035841	0.0689048858	0.0170077871	0.0107691	0.00543563	0.00011597351481	2.9546073496900004e-05	0.0232389	0.02105391	0.00054004647321	0.000443267126288	0.00912945	0.01645922	8.334685730250001e-05	0.0002709059230084	-0.000838197	-0.0008150373	6.6428580039129e-07	7.025742108090001e-07	-0.000108158	-0.0001537595	2.364198384025e-08	1.1698152964e-08	0.000185874	0.0001307835	3.4549143875999995e-08	1.7104323872249997e-08	0.0	0.0	0.0	0.0	0.0	0.0	0.0	0.0	0.0	0.0	0.0	0.0	0.0	0.0	0.0	0.0	0.0	0.0	0.0
623.527185498679	0.3318192782638789	388786.1510559041	0.1101040334275615	880.90102960668	4.607707964042788	775986.623962109	21.23097268190334	601.4439208324494	2.33223643613826	361734.7899063097	5.439326794050891	621.0735257876934	492.9467924964779	1.837	87.105362	0.114897886	0.0619625	0.0984274039	0.1267834163	0.0535001717	-0.0134578043	0.1104212881	-0.0049885689	-0.0309102086	0.0570767786	0.001351737	-0.0499108036	0.0361668303	0.0569341409	-0.0578700831	0.0576104719	0.089810138	0.0800480367	0.1834457152	-0.0641377958	-0.1879899478	0.0547689953	-0.0154150427	-0.0144936372	-0.0428099609	-0.0760994643	-0.040033015	0.105476375	-0.0122466213	0.1029587238	-0.1254500806	0.0009130133	-0.1876960888	-0.0500427474	-0.1568732116	0.1502043109	0.2456236128	0.0080611616	0.107757246	-0.0192832776	-0.123875806	-0.0773474696	0.1010810614	-0.1659050978	-0.0225896124	-0.2283401017	0.0699544761	0.0332483567	0.1386863815	0.0726680077	-0.1111556433	0.0070506428	0.1579087446	-0.035099764	-0.2687656933	0.0058137652	0.007688741	-0.0327751463	-0.1633268796	0.1079027843	0.1882273512	-0.1055227611	-0.0517210002	-0.129293177	-0.0138084197	-0.1527020323	0.0686666355	0.0790105348	-0.1136835208	-0.1938782612	-0.0153829965	-0.16038762	0.027379125	-0.1544575448	-0.2125253038	0.0554106442	-0.0104979996	0.0237235963	-0.050243137	0.0495749512	0.035642465	-0.1425027558	-0.0774509113	-0.0281547628	-0.1328505297	0.1236848501	-0.0130545337	-0.0322756904	0.1756458642	0.0559737412	0.0788356446	0.2577990447	0.0875617032	0.0481480053	-0.050956874	-0.0198311283	0.2008340531	0.0594698821	0.0671879067	-0.0175877961	-0.0705844625	-0.0105304965	0.1578855605	-0.0710234705	-0.1243219928	0.0369394446	0.0995062005	0.3221945696	0.1503227482	-0.1030005238	-0.0839320083	0.0911816438	-0.1000762661	-0.0927338943	-0.0363753129	-0.0136033858	-0.012559583	0.1604562536	0.0378409787	-0.1286684534	0.0508555011	0.110952598	-0.1583464141	0.0396219508	-0.0883685305	0.0743212223	0.1863957518	0.015705491	0.0436397776	-0.0470431677	0.0331780981	-0.0152963623	0.0456430623	-0.0135098957	0.072096913	0.1419257851	0.036037	-0.0706344122	-0.0534147641	0.1723726868	-0.0079195056	-0.0963207073	0.045302471	0.1260404866	0.025994977	-0.0220820138	-0.1277985105	0.0474835956	-0.0017128458	0.1442069928	0.3042208823	0.1042755153	0.0645633431	0.0091804995	-0.00207827	-0.01284737	4.3192061929e-06	0.0001650549159169	0.00496341	-0.01827549	2.46354388281e-05	0.00033399353474	0.000514504	-0.008614946	2.647143660160001e-07	7.4217294582916e-05	0.000143418	0.000981615	9.635680082250005e-07	2.0568722724e-08	4.56016e-05	0.0001537596	2.364201459216e-08	2.07950592256e-09	-0.000181953	-0.000367827	3.3106894209e-08	1.3529670192899998e-07	1.0	0.0	0.0	0.0	0.0	0.0	0.0	0.0	0.0	0.0	0.0	0.0	0.0	0.0	0.0	0.0	0.0	0.0	0.0
618.7300567687845	-4.797128729894553	382826.88314910326	23.012444051179724	874.4439628947179	-6.45706671196217	764652.2442430187	41.69371052272995	595.5037125585654	-5.940208273883968	354624.67167103454	35.28607433711955	615.7482709666547	646.9941817837603	2.190743	103.878853	0.372518714	0.186414	-0.0130962657	-0.1287660936	0.0672786517	-0.1259860358	0.0084811517	-0.030947227	0.0548694513	0.0237302972	-0.1578993778	0.0309170731	-0.013378682	-0.1339778262	0.0394019377	-0.0777996917	0.1864566493	0.0311134426	-0.2800349339	0.0583790289	-0.0452187081	-0.091313705	-0.0039556911	0.0704496024	0.0971066275	0.2370104949	-0.1195904198	0.2186897514	0.2634373764	-0.0159335284	-0.1812573601	0.3561963671	0.2211208042	0.3125067471	0.0394161871	0.057786856	0.0342023181	-0.0976942562	-0.1158666174	-0.05596765	0.0738466445	-0.0984155207	-0.1651787954	-0.1231074076	0.0956397715	-0.1189179504	-0.1254207194	-0.1031479496	0.0386981004	0.0118280059	-0.1598319726	0.0349173018	0.0060254929	-0.2640895017	-0.0042536696	-0.0943906553	0.0926981772	0.0920676076	-0.1146236754	0.0770654534	-0.0174459275	-0.0217220859	-0.0345236245	0.0011405842	-0.0658402052	-0.0794581618	-0.0512779194	-0.011507019	0.0784720139	0.0740246631	-0.0420509517	0.0488128385	-0.086820288	0.0329470696	-0.0708571864	-0.0877490226	-0.0315285481	-0.0483014338	0.1253457745	0.1512771123	0.1380923928	0.0508797989	-0.1176941415	0.1230362096	0.1063652608	-0.3162788981	0.3614744561	-0.3508303705	0.0639024296	-0.0333883104	0.0901919477	-0.1465148971	-0.1259500127	0.0785345761	-0.2715843223	0.0121608974	0.1512229283	0.1606840624	0.1194609053	-0.008040813	0.1258544475	-0.100399133	0.0326758937	0.017661568	0.1199967527	-0.1358579549	0.1657773577	0.017340698	0.1481491314	-0.0653899432	-0.0103479814	0.0520666378	0.0340495987	0.0920000025	-0.1838837866	0.0348169351	-0.0228571379	-0.1282362007	-0.0138826486	0.0108044981	-0.0392434811	0.0527253315	-0.0382569742	0.0558550649	0.0162788035	-0.0363511692	-0.0283262853	0.0189193906	0.1249232545	0.1025797619	-0.0620754643	-0.0584564577	0.2329908799	-0.1362489447	-0.1544902744	-0.1826521265	-0.0215214404	0.0268791948	-0.2787312341	-0.1597499544	-0.0679455953	0.2292064707	0.0159654527	0.1140551478	0.1810599144	-0.0642988264	0.0116798514	0.3193919214	0.0402818834	0.163390749	-0.2769244617	0.1029964092	0.0600954145	0.0013127847	0.0463193	0.04839757	0.00214547755249	0.0023423247819049	0.0764388	0.07147539	0.00584289014544	0.0051087313756521	-0.0943945	-0.094909004	0.00891032163025	0.009007719040272	0.00172631	0.001582892	2.505547083664e-06	2.9801462161e-06	-9.35684e-05	-0.0001391699999999	1.93682889e-08	8.755045478559999e-09	0.00125072	0.001432673	1.5643005184000005e-06	2.0525519249290005e-06	0.0	1.0	0.0	0.0	0.0	0.0	0.0	0.0	0.0	0.0	0.0	0.0	0.0	0.0	0.0	0.0	0.0	0.0	0.0
622.0199571244839	3.2899003556993875	386908.8270611448	10.823444350430956	865.8740333748658	-8.569929519852053	749737.8416728582	73.44369197523164	596.7543059134246	1.2505933548591202	356115.7016262131	1.563983739217789	616.5645623426676	514.6002952193512	2.081534	98.70047	0.38356843	0.217941	0.1005400043	0.0822912447	-0.0798760789	-0.0740819775	-0.0021094618	0.0253873983	-0.2906770287	-0.0374131124	0.1834773773	-0.1810037569	-0.0806101031	-0.1526959911	0.0791276428	-0.3039406287	-0.0378461169	-0.1512444364	0.2162707691	0.0708383261	-0.0576045533	-0.1063494571	-0.0458971458	-0.149360113	-0.0486893077	-0.0097983186	0.1370203211	0.147111056	-0.0113518788	-0.0233011968	0.1148786508	0.3412472848	0.1334833574	-0.184958672	0.1876517668	-0.0222633284	0.1002538669	0.1774762289	0.1316153755	0.0043947407	0.1125114013	-0.2244283635	0.1623647818	0.3420531707	-0.0448531104	-0.0450364042	-0.0962952236	-0.0655123367	0.035535392	-0.203736082	0.1288356707	0.0963684015	0.1606569758	-0.0455279101	0.0513055222	0.0197976249	-0.0114006126	-0.0497933978	0.1596906987	-0.0432946909	0.0825742892	-0.0080094137	-0.0252259708	-0.095352726	-0.0918368568	-0.166136901	-0.0328686715	-0.0548710397	0.0562703695	-0.1156520525	-0.1005533018	-0.1196465833	0.0142072984	0.0983275757	0.0407875269	-0.0945670081	-0.0628783295	0.143406327	-0.0349457952	-0.094163545	-0.1455002849	-0.0183448248	-0.0206306666	0.1684387962	0.0594585178	0.1159989286	0.3618850273	-0.0556377394	0.1868475404	0.2610559168	-0.440109391	-0.1835510488	0.0849708723	-0.0763540256	0.1882503663	0.0701813558	0.1908764769	-0.119751244	0.0312855597	0.057046249	-0.1470973887	0.1416885091	-0.0313442382	-0.0550405342	0.1028868403	0.0417247932	0.0211673469	0.0103518391	-0.0993096309	-0.0609883755	-0.083414173	0.1191748094	-0.0497453637	0.1166288672	0.1329332982	-0.0442793542	-0.0998924761	-0.0333039215	0.0055955974	-0.1012359558	0.0133761782	0.0713276231	-0.0156954802	-0.0805547661	-0.0978244874	0.0167451071	0.0454701565	0.0461279074	0.0068811495	-0.0164939606	-0.1171430716	-0.0059157491	0.0813205875	-0.1630334766	-0.3037744468	-0.027307693	0.0133949782	0.0822594963	-0.0198406761	-0.0424442821	-0.1373480898	-0.1716304534	-0.0997030502	0.1634447104	-0.1464253748	-0.1658652869	0.0834807168	-0.0742264915	-0.0895050977	0.1195546373	0.0150426449	0.1016668918	0.0555098464	-0.006560711	-0.0311266	-0.0774459	0.00096886522756	0.0059978674268099	-0.118241	-0.1946798	0.013980934081	0.03790022452804	-0.0328873	0.0615072	0.00108157450129	0.00378313565184	0.00263358	0.00090727	8.231388528999999e-07	6.9357436164e-06	-5.99078e-05	3.3660599999999994e-05	1.1330359923599994e-09	3.5889445008400003e-09	0.0013085	5.77799999999999e-05	1.71217225e-06	3.338528399999988e-09	0.0	0.0	1.0	0.0	0.0	0.0	0.0	0.0	0.0	0.0	0.0	0.0	0.0	0.0	0.0	0.0	0.0	0.0	0.0
623.9396224609836	1.9196653364997476	389300.6524767548	3.685115004158688	870.2660768487057	4.392043473839863	757363.0445136373	19.290045876099327	599.1933142138397	2.4390083004151397	359032.62779856526	5.948761489493946	618.644399806131	573.3325536956681	1.680074	79.66434499999998	0.16584384	0.0868175	0.0603167462	-0.0192833406	-0.0912676817	0.0117020484	-0.0981858556	0.0713158571	0.0865405021	-0.0014022735	0.3598700014	-0.1995012459	0.0803846771	-0.1077000432	-0.1755309098	-0.0082857454	-0.1479379041	-0.3974959808	-0.2024718253	0.0913453439	-0.2441193292	-0.0348932318	-0.0659022989	0.0219786829	-0.0794879306	-0.1915277495	0.2820511149	0.3163686729	-0.0190392217	-0.127947322	0.1210650683	0.0717302878	-0.0220864115	0.1321388371	-0.420531925	0.074347386	0.0207777366	0.0342934761	0.0559875254	-0.0195850601	-0.1537557495	-0.0299510462	0.0083283978	0.1000401684	0.0607223371	0.2843052486	-0.1572253978	-0.1174605834	0.0448833565	0.0681169131	-0.1855263642	-0.2062265972	-0.1116034415	-0.0702087988	0.0642716487	0.0594566107	0.1431873271	0.0155463196	0.1006816832	-0.0345223285	0.0757324487	0.0957878072	-0.0252118779	-0.0436156657	-0.014705041	0.0836813931	0.0892506467	0.1155581217	0.0028296987	-0.0056907253	-0.0301692106	0.1133619162	0.0592282279	0.0213547342	0.0500198935	-0.0221054568	-0.0593112013	-0.0406531273	-0.0355580992	-0.1494851178	-0.2175384111	-0.2010768765	0.0343143258	0.3409949911	0.0012123858	0.2162728604	0.0697200436	-0.1227897775	0.2912856396	-0.2475900502	-0.0178206364	0.0844502163	-0.3229269227	-0.0903099565	0.190036536	0.09406202	-0.1295333984	0.0475857776	-0.0481342859	-0.1289932154	0.196186296	0.0252388663	0.1792769443	0.035374471	-0.0478837434	0.1344195386	0.0286651024	-0.0208086988	0.0995337335	-0.0941678677	-0.0594741418	-0.2070401201	0.1032435879	-0.0645763391	-0.0975724101	0.0778702812	0.0831474017	0.0537608069	0.0259484766	0.1047234596	-0.0266132012	-0.0571284536	0.0359858289	0.027339311	0.0768416322	-0.0004273635	-0.0399030204	0.0635261798	-0.048470174	-0.0103119025	-0.0458860471	0.0377637541	0.0759092824	-0.0488497937	-0.3464858787	0.103364045	-0.0690433551	-0.1458763823	0.0857765813	-0.1736200136	-0.2218786558	-0.147436195	-0.1337752055	0.0301267271	0.0439440806	-0.1314355768	0.1450315682	-0.0061495453	-0.1687043674	-0.2466038582	0.397498554	0.100287614	0.0508156151	-0.0144053161	-0.093767	-0.0626404	0.008792250289	0.00392381971216	-0.103958	0.014283	0.0108072657639999	0.000204004089	-0.0581704	-0.0252830999999999	0.00338379543616	0.0006392351456099	0.00228262	-0.00035096	1.231729216e-07	5.2103540644e-06	0.000139639	0.0001995468	3.981892539024e-08	1.9499050321e-08	0.00058626	-0.00072224	3.437007876e-07	5.216306175999999e-07	0.0	0.0	0.0	1.0	0.0	0.0	0.0	0.0	0.0	0.0	0.0	0.0	0.0	0.0	0.0	0.0	0.0	0.0	0.0
627.1325537095544	3.192931248570744	393295.2399222671	10.194809958099531	875.2563081577619	4.990231309056185	766073.6049699549	24.9024085178846	600.0060557400489	0.8127415262091517	360007.2669247306	0.6605487884247813	620.372302842952	659.7083992392701	1.694073	80.32817799999998	0.22955799	0.119154	0.0024709524	-0.1560880909	0.0584745218	-0.087142721	0.023657683	0.0631706717	0.0502746801	0.047857339	-0.0776852958	0.0429260961	0.0237237765	-0.0297298528	-0.1463893254	-0.3038738679	0.0116211052	-0.0429169456	0.1360613844	0.2064486012	-0.1967922198	-0.0058697784	-0.0810066629	0.0326387438	-0.0007987089	0.0579165187	0.0734994702	0.1717239158	0.1588107313	0.1020035598	0.2157916465	-0.1361030053	-0.0575634525	0.2057184466	0.0857159762	-0.2072387595	0.126208003	0.0264440849	-0.014766266	0.0147126942	0.0697060901	-0.020007056	-0.1673475785	-0.0238890042	0.0617231138	-0.141140779	-0.003608448	0.0277522009	0.046178862	-0.202869221	0.0922901662	-0.1020869547	-0.0563647214	0.0964929882	-0.015831103	0.142452779	-0.1917207291	0.0144243116	0.2266986105	0.0918900728	-0.0386849676	-0.0878813549	-0.153863205	0.0539388614	-0.0255065192	0.0426166441	-0.0590280403	-0.0689707121	-0.0996935575	-0.0977352926	-0.1264185696	-0.0152565744	-0.0477309825	-0.155048597	0.0701112179	0.0064374767	-0.0724779412	-0.0212868461	0.0456376116	0.0649002121	-0.0201254919	-0.0039468817	-0.0988422696	0.1346518253	0.1873102059	0.12661674	-0.2068291493	-0.3502975049	-0.0332867405	0.0097715704	-0.205771427	0.0085131996	-0.089514012	-0.0103263087	-0.0327253713	-0.0381039439	-0.0007024252	-0.0079462923	-0.0424452835	0.1170675537	0.1573563565	-0.0504608518	-0.2182341795	0.0157382101	-0.185133858	-0.0764153127	0.006464794	-0.22384475	-0.1226150917	0.077378743	0.1827357855	0.0825053789	-0.2523712465	-0.1962389959	0.0423543608	-0.210662587	0.0199625088	0.0161159247	-0.0246447387	-0.0112920592	-0.0302028507	0.0164690716	-0.139827244	-0.0440725026	-0.0944137767	-0.0921030839	0.0924917855	0.0723933497	-0.0374245497	0.0323718749	-0.0263277798	0.0185067917	0.1111244557	0.0662695872	-0.2293611032	-0.1124979584	-0.2625749137	-0.0604122438	0.1159991398	0.0519471693	-0.0419842742	-0.1350023751	-0.0297619617	0.0703567612	0.0341878442	0.002484083	0.2346834264	0.1025389784	-0.0282438209	-0.2272262572	-0.230418014	0.0988592507	0.0460219099	-0.0221864862	-0.13556	-0.041793	0.0183765136	0.001746654849	-0.0402092	0.0637488	0.00161677976464	0.0040639095014399	-0.0467298	0.0114405999999999	0.00218367420804	0.0001308873283599	0.00066915	-0.00161347	2.6032854409000003e-06	4.477617225e-07	4.56016e-05	-9.40374e-05	8.843032598759999e-09	2.07950592256e-09	4.22556e-05	-0.0005440044	1.78553573136e-09	2.9594078721936e-07	0.0	0.0	0.0	0.0	1.0	0.0	0.0	0.0	0.0	0.0	0.0	0.0	0.0	0.0	0.0	0.0	0.0	0.0	0.0
622.8099461966782	-4.322607512876175	387892.2290815092	18.68493571037355	883.8124036178589	8.556095460097026	781124.3647887771	73.20676952229294	600.7718620883522	0.7658063483033857	360926.8302771061	0.5864593631017665	621.36019360389	520.9435149229624	2.000239	94.845688	0.109374695	0.0587576	0.1093734854	0.0578204467	0.0488021797	-0.074438537	0.0316895062	0.04805454	0.0105567528	-0.0726406574	-0.2034526301	-0.0676636842	0.0153042482	0.0647417622	0.1611530712	-0.0008185951	0.2296763097	-0.2821122793	0.1409274779	0.1388811405	-0.1647018501	0.0326788974	-0.0549843521	-0.0063634539	-0.0743299224	0.0236444777	0.1033114353	0.1411020364	0.0745882882	0.1945384834	0.1656506415	-0.015024326	0.0214268901	-0.1180712649	0.047136395	-0.1486348234	0.2973400201	0.1998076779	0.0199972605	0.344686716	-0.0457329394	0.190230453	-0.1824576914	-0.0446602888	-0.1305715582	0.0840833126	0.0084612755	0.1118058676	0.001114999	0.1042084305	-0.0115782183	0.0304935361	0.1068293137	0.0168269304	-0.1295431782	-0.1532887682	-0.0404236884	0.1638287789	-0.1362642983	-0.0130284989	0.0093824855	-0.0267536967	0.218347259	0.049302153	0.1564731473	-0.038481992	0.0264875422	-0.0540018132	-0.013807379	0.1140397805	0.0423397861	-0.038104449	-0.0766886037	0.1800673954	0.0868871302	0.0407675739	-0.0321792393	0.0077943673	-0.0102300708	0.0186180672	-0.0705656958	0.0031848813	-0.1269439884	0.0788114333	0.2888569408	0.0879781764	-0.1802848598	-0.0534896478	0.1492934944	0.3252388569	0.106692427	-0.0024643255	0.0983897737	0.0887420423	-0.0209669365	-0.4122712016	-0.2717028611	0.0727756782	0.0812728034	-0.1240471555	-0.0222553419	0.0977918108	0.0244460031	-0.1620635166	-0.0006685989	-0.1099586776	-0.0217772661	0.1711483439	0.0745982762	0.079652798	-0.078816483	0.0555383565	-0.0494391631	0.1013312666	0.1199176552	0.0815642481	0.1275713439	0.0250187161	0.0097470166	0.1214416045	0.0893399427	0.00400399	0.051180085	0.0526800543	0.0796687857	-0.1024285992	0.008558576	0.0577485079	-0.0278762347	-0.0252104022	0.0062285618	0.0399965034	0.0672190872	0.1248042888	-0.1147337182	-0.0353020318	-0.1892617617	-0.0782345625	0.1192178671	0.1135583216	0.0179703402	-0.2104473599	0.0808586743	-0.0627581371	-0.0275393342	-0.013828163	0.0848685771	0.1666392762	0.1868614891	0.1326708529	-0.0486919938	0.0973825011	0.0411381146	-0.0298699563	-0.113657	0.021903	0.012917913649	0.000479741409	-0.0268254	0.0133838	0.00071960208516	0.00017912610244	-0.00155209	0.04517771	2.4089833681e-06	0.0020410254808441	0.000298098	-0.0003710519999999	1.3767958670399998e-07	8.8862417604e-08	4.56015e-05	-1.0000000000021927e-10	1.0000000000043852e-20	2.07949680225e-09	-0.000164896	-0.0002071516	2.7190690815999995e-08	4.291178538256e-08	0.0	0.0	0.0	0.0	0.0	1.0	0.0	0.0	0.0	0.0	0.0	0.0	0.0	0.0	0.0	0.0	0.0	0.0	0.0
616.7871294147077	-6.022816781970505	380426.3630116354	36.27432198918555	877.9521336066127	-5.860270011246143	770799.9489044036	34.34276460471087	599.459993650106	-1.3118684382462789	359352.2839869851	1.7209987992667308	619.8770994863189	495.4283098604749	1.161028	55.052666	0.055302485	0.0310885	0.0961079233	0.1036094782	0.0885200748	-0.0589394074	0.0617753526	-0.0092559301	-0.027648216	0.0233121885	-0.0719861844	-0.0256044535	0.0725014198	0.0660396602	0.1213301064	-0.0159323535	-0.0450676828	-0.1030948739	0.0228526622	-0.2130874264	-0.0047441436	0.0162850736	-0.0632489686	0.0023468242	-0.0837692545	0.0848088119	0.1017931364	0.0252521236	0.1795656539	0.1891028651	0.0092542047	-0.1438830412	-0.0138855214	0.0755096003	0.02966135	-0.2831869886	-0.0356859203	0.1141821246	-0.1325729241	-0.1223535138	-0.0378811816	0.0801797103	0.0587663996	0.1096999913	0.0838304852	-0.1039935262	0.2080743364	-0.0048736106	-0.0185310288	-0.0110675731	0.047239105	0.0305125581	-0.1344123183	-0.0738055421	0.0775317402	0.0133958031	0.1588245755	-0.017228426	-0.0262017853	0.0658000592	0.0809823857	0.042264253	0.0831902934	-0.0091543783	-0.1328322036	0.04234713	0.1383524409	0.2439998008	0.0564900403	0.0340089957	0.1028930428	-0.1210426591	0.0114843578	0.0564871315	-0.0084648402	0.0286045322	-0.044606282	0.010469958	-0.005872782	0.0926559859	-0.1113312311	0.077669724	-0.1573023871	0.020538049	0.2013523968	-0.070701883	-0.2422601199	-0.1190517768	0.0217124692	0.0310572415	0.1351115115	-0.0217405098	0.0401606514	0.007916151	0.2056376076	0.0568642785	0.0750875088	-0.1886830642	0.0636835263	-0.0848386707	-0.0600758955	-0.1554692099	-0.0295151458	0.0363564256	0.0629033895	-0.0387914094	0.0381968413	-0.0999677447	-0.1341259378	-0.0153507555	0.0411281839	-0.0782948892	0.0354339237	-0.0401859112	-0.187598955	0.2001862389	-0.1301033851	-0.0037389823	-0.0502448955	-0.1020281587	0.1343225175	0.0408975715	0.1444381496	0.0797851072	0.0518798152	0.0080477357	0.0298607417	0.0623447381	-0.0777991345	-0.0414223925	-0.0011494238	0.0127663233	0.0804764991	0.1050860588	-0.110553251	-0.100170864	-0.2461185353	-0.0434073481	0.0249231627	0.0967641207	0.0855812102	-0.1299495422	0.0107261788	-0.1667556338	-0.0404716864	0.0353365031	0.0524591676	0.1372036341	0.1993793374	0.0743379196	-0.0419661984	0.0958580879	0.0361737896	-0.0374218916	-0.132892	-0.019235	0.017660283664	0.000369985225	-0.0475495	-0.0207241	0.00226095495025	0.00042948832081	-0.00170082	-0.00014873	2.8927886724e-06	2.212061290000004e-08	0.000474544	0.0001764459999999	3.113319091599999e-08	2.25192007936e-07	4.56016e-05	1.0000000000021927e-10	1.0000000000043852e-20	2.07950592256e-09	-0.000292343	-0.000127447	8.546442964899999e-08	1.6242737808999997e-08	0.0	0.0	0.0	0.0	0.0	0.0	0.0	0.0	0.0	0.0	0.0	0.0	0.0	0.0	0.0	0.0	0.0	0.0	0.0
614.6220252092496	-2.1651042054580785	377760.23387231946	4.687676220492257	880.6020516169468	2.6499180103340905	775459.9733119758	7.022065461492985	599.284137811858	-0.1758558382479123	359141.47783290205	0.0309252758458758	619.3478813898943	476.9854433457641	1.101038	52.208115	0.105486475	0.0612425	0.0714579967	0.1522897558	0.0587433191	-0.0257885864	0.0383247677	-0.0360799419	-0.0844601665	0.0020954292	-0.0871244285	0.0251158764	0.0688476958	0.0215909005	0.04412624	-0.0163081739	0.0625751122	-0.1782509599	-0.1394272875	-0.2302423441	0.0567805084	0.0177664544	-0.0441998615	0.0002941566	-0.1088525801	0.0278756545	0.0471523332	-0.0314426669	0.186917174	0.1283807843	-0.0133703705	-0.1749617967	0.0333533851	0.1075027137	-0.0850037699	-0.0325449725	0.1376411748	-0.2016496352	0.1056945698	0.0125667969	2.1491e-06	0.0626863408	0.2145349264	0.0993663699	0.0603888642	0.1181888581	0.0626207566	0.1391312116	-0.0014589813	0.1760231579	0.1647310054	0.1146095262	0.1526583528	-0.132630794	0.0566843011	-0.0176222915	-0.1954071843	0.0396711245	0.0009850988	-0.0546789221	0.094012582	0.054376883	-0.0541924736	-0.0884957502	-0.1223836999	0.0743653264	-0.0387706359	-0.010363747	0.014923443	0.0612474422	-0.0874142568	0.0643198339	-0.0583753835	-0.1198807566	-0.2509701797	0.0258528666	-0.0279389315	0.0039325227	-0.0622200032	0.0504342216	-0.074651531	0.0926649988	-0.1246237021	-0.0206375392	0.12260432	-0.0622374415	-0.2109210149	-0.0564220511	0.0992095618	-0.055686645	-0.0484599425	0.0790759796	0.0268690468	0.0985989231	-0.0305851724	0.0840322133	-0.017843684	-0.1389335647	-0.1673399162	-0.1119964593	-0.142103585	-0.0587460574	0.2279482118	0.111542517	0.2593892894	0.0499186686	-0.0533260327	0.227956174	-0.0962144679	0.0560707762	0.0440073655	-0.0689174878	-0.0881483276	2.89008e-05	-0.0459390906	-0.1980460391	-0.0857324268	-0.0718111066	0.0476868213	-0.1150553388	-0.1615109848	-0.0668039726	-0.1216183177	-0.0069047274	0.0423183276	0.0752523633	-0.0674671484	0.0365911684	-0.0696805949	-0.088339007	0.0080091614	-0.0015214728	0.0137255084	0.0783167077	-0.0029665616	-0.0464001426	-0.1240784399	-0.0221505832	-0.0284660074	0.1144954283	0.121272213	-0.1673323997	-0.0462207447	-0.2230901113	-0.0557159403	0.0711071433	-0.0892912822	0.0676925798	0.1694614411	0.0790639362	0.1183707713	0.0942867573	0.0311386526	-0.0448090364	-0.114838	0.018054	0.0131877662439999	0.000325946916	-0.0426439	0.0049056	0.0018185022072099	2.4064911360000028e-05	0.0285829	0.03028372	0.00081698217241	0.0009171036970384	-0.000301829	-0.0007763729999999	6.027550351289999e-07	9.1100745241e-08	4.56016e-05	0.0	0.0	2.07950592256e-09	-2.38529e-05	0.0002684900999999	5.6896083841e-10	7.208693379800997e-08	0.0	0.0	0.0	0.0	0.0	0.0	0.0	0.0	0.0	0.0	0.0	0.0	0.0	0.0	0.0	0.0	0.0	0.0	0.0
613.0841536493696	-1.5378715598800454	375872.1794559638	2.365048934687884	867.5998516506155	-13.002199966331318	752729.5025841701	169.05720396446614	597.8815024301805	-1.4026353816775554	357462.29094816995	1.9673860139337416	617.9828109079305	468.54510841869256	1.064656	50.482986	0.219676975	0.0941678	0.0765354279	0.1728433382	0.0804375282	-0.0286279323	0.0586236707	-0.0442354114	-0.1670414275	0.0367351612	-0.0027496604	0.0638089818	0.1521796034	-0.0398963315	0.0694445429	-0.0196165691	-0.0467632331	0.0497905512	-0.0696455595	-0.1754925872	0.0129201519	-0.0227152042	-0.0737992148	-0.0044825305	-0.1954289163	0.0643757156	0.1275914786	-0.022670444	0.2442685564	0.1303793648	0.0877860537	-0.059268122	0.0037814212	0.1251776727	0.0397327838	-0.0267209426	-0.204179703	0.1064048679	0.0862391521	-0.1078399405	0.1042899094	-0.1071019237	0.0296533136	-0.2776127701	0.0202379028	0.2016005378	-0.1306459137	-0.131617839	-0.1153735443	0.0180851604	-0.0270863535	0.1171385839	0.0380021443	0.204186555	0.0636321407	-0.0524391312	-0.0242957341	0.027742471	-0.1746662247	0.1388236387	-0.0519645008	-0.0169161646	0.0871874567	0.158285662	-0.0503721332	-0.0597074746	-0.0188065542	-0.1984838397	-0.0548495168	-0.0738677158	0.0256813597	0.0005737965	0.208993932	-0.0651070558	0.037696675	-0.0015170944	-0.0641949766	0.0011619417	-0.1019445827	0.0858905993	-0.165069678	0.1508944365	-0.1836659722	0.0348664676	0.1113563078	-0.0856548882	-0.0915392188	-0.0321138527	0.030774202	-0.180467709	-0.0316455451	-0.0967220112	0.1901095869	0.0526956121	0.0218371315	0.0718265135	-0.0089428817	0.1915880631	-0.0400664626	0.2522598274	0.1818394296	-0.0833288089	-0.1020275538	0.0028624379	0.0463955335	0.0016180393	-0.047690137	0.1323592971	0.0555234323	0.1682331953	0.0901925402	0.0476079424	0.2846480482	0.0581288749	0.0372738334	-0.0403043801	0.0753465124	0.1297758093	-0.0470646244	0.1001112433	-0.0043641886	0.0786023074	0.1224964296	-0.1431001375	-0.1492405376	0.2016494374	0.1416989307	0.0562332057	-0.1376291554	-0.1260403956	-0.0460611882	-0.0059046229	0.0264221131	0.0166539252	-0.0743182091	-0.123921334	-0.1351231128	0.0044799868	-0.0462624276	0.0844312828	0.1191487953	-0.0315705322	-0.1065945455	-0.2213987177	-0.0709362414	0.0519138201	-0.0433328559	-0.0432366822	0.078726287	0.0188485767	0.0432359656	0.0926692784	0.0260425603	-0.051998861	-0.15104	-0.036202	0.0228130816	0.001310584804	-0.095215	-0.0525710999999999	0.0090658962249999	0.0027637205552099	0.0792539	0.050671	0.00628118066521	0.002567550241	0.000800889	0.001102718	1.2159869875239998e-06	6.41423190321e-07	0.000339751	0.0002941494	8.652386952036e-08	1.15430742001e-07	-0.000231643	-0.0002077901	5.3658479449e-08	4.317672565801e-08	0.0	0.0	0.0	0.0	0.0	0.0	0.0	0.0	0.0	0.0	0.0	0.0	0.0	0.0	0.0	0.0	0.0	0.0	0.0
612.1851885472421	-0.8989651021274767	374770.7050766224	0.8081382548430647	869.4765693770448	1.87671772642932	755989.504695675	3.5220694246940343	596.7107070612014	-1.170795368979043	356063.667921479	1.3707617960227731	616.5266411190444	462.56409302266206	1.039749	49.301952	0.1505032999999999	0.0803991	0.0751308989	0.1736533102	0.0721680588	-0.0228488942	0.043641447	-0.0441135351	-0.1351403352	0.0222974863	-0.0009588203	0.0153387167	0.1717930944	-0.027164379	0.0806641189	-0.0058142817	-0.0052332527	-0.1123366825	-0.1318561757	0.0357638385	0.0217048085	-0.0380645568	-0.0623759395	-0.0067055606	-0.1622680567	0.0494203302	0.0998768401	-0.1091074035	0.048951388	0.0924866982	0.0784489511	-0.0787236454	0.1351440645	-0.0375309523	0.0560262939	0.2221860004	-0.0021190834	0.1309648923	0.0689055796	0.012424869	0.112419358	-0.0743019459	-0.1238330903	-0.135988766	-0.1360482074	-0.0691761684	-0.0669765922	0.1697206591	0.0898891119	-0.0300919275	-0.2096653316	-0.0456232241	0.0469015053	-0.0592515565	-0.0536156636	-0.0482347042	0.0855846993	-0.0665729169	0.1013298815	-0.0480181306	-0.0999464922	0.057036115	0.0607864378	-0.010192155	0.0461546644	0.2804043716	-0.0494954848	0.1033722497	-0.0861470832	0.0693170342	-0.1039530167	-0.0659471038	0.1433000558	-0.0014383852	-0.0907303834	-0.0156387589	-0.0622048724	-0.0007114611	-0.099139237	0.0851072019	-0.1576424147	0.1331135978	-0.1015085659	-0.0271419876	0.0202535737	0.0076158508	-0.0410134812	0.1394861418	0.0254820037	-0.0468320949	-0.15380995	-0.0511984531	0.0472889984	0.0020402347	-0.148367169	-0.0357146149	-0.1032463025	0.1638517338	0.1792727368	0.047385905	-0.0375141113	0.1036121837	0.0763247841	-0.1277076914	-0.1180525371	-0.0785314276	-0.1211892874	0.0289529832	0.1734573332	-0.1908689273	0.0454968623	0.0047611082	-0.0188364841	-0.076858144	-0.2002635793	-0.036417096	-0.0685797181	-0.0048843604	-0.0472039165	-0.0187328986	0.0395311102	-0.2392128159	-0.0237604017	0.0185309646	-0.1866127929	-0.1736031968	-0.2619261991	0.0591039518	-0.153346744	-0.1400718653	-0.0550451983	0.0142806836	0.0359402324	0.0256055913	-0.0732159187	-0.0228153459	-0.0559474904	0.0334868396	-0.040464684	0.037751375	0.1114427327	0.1146842173	-0.10134048	-0.1802886806	-0.0794283793	0.1015632015	-0.0319677972	-0.1360191453	-0.0230841135	0.1097008113	0.168789717	0.0910064429	0.0208954884	-0.0589597043	-0.166051	-0.0150109999999999	0.027572934601	0.0002253301209999	-0.141194	-0.0459789999999999	0.0199357456359999	0.0021140684409999	0.0779812	-0.0012727	0.00608106755344	1.619765290000004e-06	0.00186351	0.001062621	1.1291633896410002e-06	3.4726695201000005e-06	0.000264437	-7.531399999999999e-05	5.6721985959999985e-09	6.992692696900001e-08	-0.00085852	-0.000626877	7.370565904e-07	3.9297477312900005e-07	0.0	0.0	0.0	0.0	0.0	0.0	0.0	0.0	0.0	0.0	0.0	0.0	0.0	0.0	0.0	0.0	0.0	0.0	0.0
612.5546846544152	0.3694961071730631	375223.24169207	0.1365273732160477	865.3916574868163	-4.084911890228568	748902.7208477791	16.686505150930735	597.3889254179034	0.6782183567019047	356873.5282119573	0.459980139367432	617.0041392409055	461.3293100043255	1.021515	48.437347	0.2140864	0.0995562	0.0704643617	0.1774691388	0.0694217013	-0.0150070691	0.0786359155	-0.0366809337	-0.1043056869	0.06724247	0.1083054031	0.0167366389	0.1966498777	-0.0531279951	0.0398706621	0.1001770493	-0.1236850942	0.0110647644	-0.0493426179	0.0274276732	0.0071537965	-0.0171127727	-0.0534375397	0.004624249	-0.1520555976	0.0487641773	0.0574595385	-0.1776888391	0.0307283635	0.0333440294	-0.0080921499	-0.0425804301	0.0025690751	-0.0766231654	0.1649502997	0.0951885064	-0.1881657026	-0.0460106791	0.0379407676	-0.0917313193	-0.0315192242	-0.1208317539	0.0257424083	0.0632273209	0.0286351797	0.0692938094	0.0324308192	0.1274915065	0.0367252363	-0.1718684858	-0.1158209849	-0.21437209	-0.1462280499	-0.1107031032	-0.2091465184	-0.0699137565	-0.1210530826	-0.0330419881	-0.1025517838	0.0521242901	0.283759479	-0.1198652189	0.0998753916	0.1185256243	0.069998949	-0.1641304441	-0.0598870132	0.0879901984	0.1183082113	0.2125936663	-0.1663606061	0.0391048565	0.044322826	-0.0146303409	0.1563414706	-0.0017363917	-0.050473264	-0.005408502	-0.1089130185	0.0851348927	-0.1311736585	0.1050185412	-0.0759622761	-0.0624893841	-0.0858242947	-0.0184032765	0.0119793533	0.1232221925	-0.1386806298	-0.1256334496	-0.1236468583	-0.1174778811	0.0782023187	-0.0162428318	0.0909280823	0.1108319105	0.0264903871	0.0689037166	0.0320110433	0.0030990678	-0.0903484118	-0.1222446493	0.0504477774	-0.1906055447	0.0092357259	-0.0390786334	0.0909750555	-0.0701284186	0.2039455803	-0.0920435996	0.1158011239	-0.1755439602	-0.3296376997	0.0311082244	0.154949077	0.2529561548	0.0416218335	-0.0152959068	-0.0479514437	0.0968399821	-0.074789293	0.0415170216	0.1281952326	0.0421523025	-0.0113779898	-0.0734900855	0.1216359778	0.0503043995	-0.1389233461	-0.1322404454	-0.0516742787	-0.0164077629	0.0029005203	-0.0313416858	0.0147143226	-0.0835708771	0.0005463726	0.0018833627	-0.0491139634	0.0587208168	0.0954551377	0.0993232573	-0.1259690002	-0.083649872	-0.0035142466	0.0172452309	-0.065572709	-0.1455628748	-0.0704501152	-0.0004297955	0.0225609365	0.0892990645	0.0157075127	-0.0656609137	-0.140319	0.025732	0.019689421761	0.000662135824	-0.106793	0.0344009999999999	0.011404744849	0.0011834288009999	0.124372	0.0463907999999999	0.0154683943839999	0.0021521063246399	0.000775549	-0.001087961	1.1836591375210003e-06	6.014762514010001e-07	0.000864456	0.000600019	3.6002280036100005e-07	7.47284175936e-07	-0.000395248	0.000463272	1.56220981504e-07	2.14620945984e-07	0.0	0.0	0.0	0.0	0.0	0.0	0.0	0.0	0.0	0.0	0.0	0.0	0.0	0.0	0.0	0.0	0.0	0.0	0.0
614.9161706469187	2.3614859925035034	378121.8969230704	5.576616092790257	869.6493405534824	4.257683066666118	756289.9755251068	18.1278650961754	598.3428973872328	0.9539719693294728	358014.22285374865	0.9100625182663526	617.7926121894723	464.1644284777781	0.979832	46.460846	0.14135535	0.0665987	0.0822655463	0.1542464286	0.012288799	0.0228427936	0.0292021974	-0.0032856678	-0.146984145	0.0494642817	0.0264241527	0.0610510574	0.1427539646	-0.0571847772	-0.0518283373	-0.0435470932	-0.0207005559	0.0078926154	-0.1195707256	0.1071472961	0.0072714844	-0.0047259709	-0.0670310594	-0.0273898703	-0.1471236301	0.0478463503	0.0719522964	-0.153898155	-0.014491531	0.0170385558	-0.0206413994	-0.0155271126	-0.0362455744	-0.0601490387	0.0842191621	0.1221181569	-0.1081008692	-0.1197382411	-0.0700760245	-0.1462985514	-0.0069294326	-0.0182583828	0.0150218748	-0.0044108111	-0.0491218037	-0.0209938544	-0.0292079646	-0.2047535861	0.1075593659	-0.1222813065	0.0016313142	-0.0137760428	0.0548880336	0.0950124769	-0.0475030301	0.0359800119	-0.0053204481	-0.0049274636	0.0895374233	-0.1202623172	0.0052467307	0.057674569	0.1453059046	-0.1180169422	-0.0160593722	-0.2518001457	-0.0015501814	-0.0804679517	-0.2260052574	-0.0698464485	0.0788183782	0.2249945298	0.1138349129	-0.025585211	-0.0496856281	0.0123482865	-0.0598655699	0.0158073821	-0.1005988201	0.0584930166	-0.1148196093	0.1275812597	-0.0587153686	-0.051519446	-0.0626683309	0.0296860309	0.0498661028	0.1073588279	-0.1736541162	-0.0818219803	-0.0704042752	-0.00755443	0.0429560407	-0.0285817127	-0.074305343	0.0678583358	0.0313433393	0.0339831401	0.0219213013	-0.0469074384	0.1166472999	0.0285778246	-0.0367722094	0.0052010974	-0.0765637653	0.0713490296	0.0409342302	0.0717377634	-0.0546368343	-0.098856801	-0.0591518189	0.0832439447	0.0031380572	-0.021088317	0.1495103115	0.0220884705	0.0089342731	0.0311185461	0.019753307	0.0340706927	0.0629725196	-0.2548134958	-0.1082220048	-0.0685562255	0.0830863473	0.1294596237	0.1732539131	0.0639925605	-0.1496576695	-0.1337315799	-0.042740919	-0.0048995199	-0.0213221418	-0.0034339316	-0.0054875911	-0.0955183318	0.041997064	-0.0002836161	-0.019212473	0.0447194873	0.0823243308	0.1442643219	-0.0984859997	-0.0649235517	-0.0764299134	-0.0081401441	0.0030654498	-0.1495875106	-0.0817764644	-0.0392852714	0.0165150424	0.087547979	0.0104887887	-0.0720729799	-0.166142	-0.025823	0.027603164164	0.000666827329	-0.13238	-0.025587	0.0175244644	0.0006546945689999	0.11492	-0.009452	0.0132066064	8.934030400000004e-05	0.00114288	0.0003673309999999	1.3493206356099998e-07	1.3061746944e-06	0.00139891	0.000534454	2.85641078116e-07	1.9569491881e-06	-0.00110333	-0.000708082	1.2173370889e-06	5.013801187240001e-07	0.0	0.0	0.0	0.0	0.0	0.0	0.0	0.0	0.0	0.0	0.0	0.0	0.0	0.0	0.0	0.0	0.0	0.0	0.0
615.7220372286806	0.8058665817619612	379113.6271290368	0.6494209476007078	859.9227213390867	-9.726619214395669	739467.0866752205	94.607121341851	598.6703483105566	0.327450923323795	358406.1859462832	0.1072241071856058	618.0025824465256	469.8070104047656	0.984886	46.700523	0.04634085	0.022683	0.0923409976	0.1391003594	-0.0206178939	0.0193660021	0.0119003507	0.0300714416	-0.1316971092	0.0359910658	0.0271051561	0.0188823391	0.1521447469	-0.0396972609	0.0806653447	0.0160658089	-0.0993022138	0.1098454929	-0.0353962989	0.0926464377	0.0281241336	0.0077766252	-0.0704636236	-0.0052117225	-0.133033615	0.0509591465	0.0619226107	-0.1228714964	0.0364488869	-0.0433637958	-0.0435163698	0.0850287784	0.0077147233	-0.0996672979	-0.0205684711	0.1300482632	0.0082569038	-0.2506984834	-0.1699520528	0.1131957932	-0.1292395709	-0.0340410411	-0.0488948446	-0.0350087549	0.0687851758	-0.0811969219	0.0180639703	0.0148416521	-0.0602007779	0.0507839455	-0.0579230128	-0.0569655359	0.0706829319	0.1809144521	0.0571331788	0.0878402142	0.0344113073	-0.1420997971	-0.0335538747	-0.1130264184	0.0041051308	0.2342570243	-0.0739981615	-0.0285748612	0.0564817793	0.0578936244	0.0255051686	-0.1068842287	0.0947066098	0.2284207555	-0.1010693614	-0.3140981991	-0.1393975745	0.0258055622	0.0325611983	0.0233464368	-0.0579373043	-0.0113411875	-0.1063039421	0.0357481387	-0.114291148	0.1600920293	-0.0274718723	-0.0227376944	-0.0747879964	-0.0089202417	0.0862791903	0.0820650623	-0.1248286462	0.0104505807	0.0459501676	0.0785101366	-0.2173025366	0.0091278213	-0.0733803155	-0.0758301098	0.0860033893	0.0354652234	-0.0549263152	-0.0184256474	-0.02568784	-0.0977477966	-0.0058986887	-0.0799289312	-0.0719109495	0.0942616671	0.0188693257	-0.0012572739	0.0075322063	0.0123569258	0.0027226175	-0.066623019	0.0759056373	0.1922122391	0.0907849833	-0.0078845865	-0.1998126952	0.0093296079	0.0728978618	0.0635711948	-0.1438744886	-0.0785091752	-0.0767944027	0.005938853	-0.0053629088	-0.1904850598	0.0839261934	0.0694937693	-0.1478545895	-0.1257518677	-0.0445258412	-0.003243396	-0.0384871935	-0.012505752	-0.0114739437	-0.0976157697	0.0621941353	-0.0529489441	-0.035016862	-0.0040212167	0.0263888498	0.1799578113	-0.0348673568	0.0573904607	0.0262037183	-0.1114432029	-0.0471872181	-0.0497311726	-0.0030954597	-0.0408467546	-0.0503494899	0.0857540434	0.0052495325	-0.0781676667	-0.173772	-0.0076299999999999	0.030196707984	5.821689999999997e-05	-0.134357	-0.001977	0.018051803449	3.9085290000000255e-06	0.111277	-0.0036429999999999	0.012382570729	1.3271448999999951e-05	0.00104768	-9.519999999999992e-05	9.063039999999986e-09	1.0976333824e-06	0.00176054	0.00036163	1.3077625690000012e-07	3.0995010916000004e-06	-0.000898343	0.000204987	8.07020145649e-07	4.2019670169e-08	0.0	0.0	0.0	0.0	0.0	0.0	0.0	0.0	0.0	0.0	0.0	0.0	0.0	0.0	0.0	0.0	0.0	0.0	0.0
616.0761404626454	0.3541032339647927	379549.8108473492	0.1253891003043247	865.2154471167524	5.292725777665737	748597.7699294419	28.01294615756738	598.9435115495646	0.2731632390079994	358733.33002732345	0.0746181551453414	618.3048086208174	466.25291413989135	0.948588	44.979359	0.0704073499999999	0.0368701	0.0905461371	0.1365144952	-0.0623572244	0.0692903852	-0.0514080599	0.0432892139	-0.1324796001	0.0206433515	0.0255341473	0.0432917792	0.1076693963	-0.0344831293	0.0363316788	-0.0352325493	-0.0367470354	0.0439605341	-0.027763075	0.1362784763	0.0743356055	0.0142088829	-0.0731533392	-0.0139587055	-0.1200131949	0.0542792435	0.0881789635	-0.1564167605	0.0207456941	-0.0606993247	-0.0019766615	0.0811788068	0.0438427388	-0.0648710077	-0.0646763738	0.0085706547	-0.0357779978	-0.0403599051	0.0142550574	0.0859970929	-0.1845978108	0.0397224579	-0.1408064645	0.0278223021	0.1132720967	0.0433671289	0.1053808959	0.05966087	0.1027200207	-0.0226468686	0.1823919025	-0.1122663768	0.1147892879	-0.1122443472	0.0123878139	-0.069307017	-0.0265779435	0.026592052	0.0648266994	-0.0518154767	0.0236944443	-0.1697960024	-0.0675380384	-0.0036576385	-0.1886002234	0.1267828669	0.077727267	-0.1977849299	0.1712360552	0.091677864	0.229904702	0.1011398045	0.0405290179	-0.103635268	0.1069562651	0.0272265591	-0.0526772902	-0.0052552996	-0.1210137205	-0.0141488665	-0.1207434064	0.1690439428	0.0427478212	-0.0199250317	-0.0603696009	0.0233339326	0.0969906948	0.0421836839	-0.0270324022	0.0337392715	0.044472894	-0.011535775	-0.1764297521	0.0787412521	0.0180279466	-0.0429302774	-0.087640111	-0.0250208613	0.0486693379	-0.0213343387	-0.0561239028	-0.1396949207	0.0302365917	-0.0065393936	0.0341626201	-0.0093797509	-0.0493897589	0.0709442842	-0.1875519989	0.0155439545	-0.0663563455	-0.0161046148	-0.1474583994	0.0094156909	-0.0101095195	-0.1379546917	-0.0096194199	-0.1902535399	-0.0847140716	0.0509001087	-0.0061921861	0.1058272719	-0.0814771865	0.0041119313	0.205575115	-0.0094930684	-0.0782810255	0.0726309962	-0.1556767826	-0.1295321501	-0.0487474392	0.0220168399	-0.0556870281	0.0030500569	-0.0083164148	-0.0970577547	0.0915695727	-0.028369414	0.0116949253	-0.0288953384	0.0153188047	0.1820716224	0.0011242588	0.0277978574	-0.0548734574	-0.08531018	0.0063695021	-0.080028915	-0.0108856264	-0.0302860691	-0.0549448665	0.0839181358	0.0	-0.0839181358	-0.202684	-0.0289119999999999	0.041080803856	0.0008359037439999	-0.138561	-0.0042039999999999	0.0191991507209999	1.7673615999999878e-05	0.124815	0.0135379999999999	0.015578784225	0.0001832774439999	0.0011969	0.00014922	2.226660840000001e-08	1.43256961e-06	0.0018814	0.0001208599999999	1.4607139599999996e-08	3.5396659600000004e-06	-0.00110333	-0.000204987	1.2173370889e-06	4.2019670169e-08	0.0	0.0	0.0	0.0	0.0	0.0	0.0	0.0	0.0	0.0	0.0	0.0	0.0	0.0	0.0	0.0	0.0	0.0	0.0
615.9443789653913	-0.1317614972541605	379387.4779790615	0.0173610921586581	863.5350339253943	-1.680413191358184	745692.7548165318	2.8237884936905973	598.6028003053906	-0.340711244174031	358325.3125334553	0.1160841519066161	618.0000820889433	464.8787751298617	0.975879	46.273411	0.12784645	0.0664185	0.0822407099	0.1325191694	-0.0803298775	0.0845660464	-0.082793903	0.0594546858	-0.0804986416	0.0071726375	0.0515712234	0.0592591727	0.1048366369	0.0199410414	0.0942878102	0.0765632235	-0.096994169	0.0436966864	-0.015014261	0.0822036377	0.0316947901	0.0088028239	-0.0533335946	0.0039807602	-0.1112606325	0.0074577693	0.0743389348	-0.1475561922	-0.0241284747	-0.0505548597	0.006556408	0.0389115522	0.045588759	-0.0426111601	-0.0600732094	0.0115757498	0.0305359058	-0.0145409553	-0.0760751901	0.1007833061	-0.0522339855	0.007274912	-0.0898701479	0.0168965201	0.0466530273	-0.2340177222	0.0233177433	-0.0857828693	-0.0514862949	0.0669863028	-0.0340739479	0.048568576	0.0126532677	0.0105672913	0.2889343991	-0.0543163594	-0.1003972497	0.1510800554	0.0021016378	-0.0534711945	-0.1128046427	-0.0361966852	0.0978172134	0.0149976328	0.1089462771	-0.0303173379	0.1095242666	0.2735126843	-0.0703742212	-0.0718228205	-0.1631602069	0.3500184263	-0.0453122466	-0.2236782767	-0.0252421381	0.0198222139	-0.0365195259	-0.0291376796	-0.1082022777	-0.0451203094	-0.1218821922	0.1292633969	0.0955788014	-0.0214086997	-0.0156116665	-0.0303795104	0.0261108178	0.0291323125	-0.0440620758	0.0773557771	0.1123039355	0.048470507	-0.1632338756	0.0690065071	-0.0388188892	-0.0476707583	0.0786676272	-0.0056738051	0.0900778375	0.0302778236	0.0122011125	0.0716557639	0.049357524	0.029267872	-0.0145186962	0.0285818795	-0.0706693922	-0.0959496117	-0.2186985713	-0.0223262187	0.138025938	0.1050872449	0.0413139457	0.0491558541	-0.0741640131	0.009566414	0.1400679627	0.0187608798	0.1582757788	0.0318069939	-0.1187886876	-0.0318119877	0.0804868227	0.0371747998	0.1106684905	-0.0334892674	-0.028145989	0.0619111194	-0.1392784426	-0.1191415965	-0.0294174462	0.0015364112	-0.0654500332	-0.0004299332	0.038394062	-0.0785249052	0.0946920324	-0.0542785507	0.0337065196	-0.0689710526	0.0060534202	0.1042088617	0.0447507119	0.0260019382	0.0475529319	-0.033768463	-0.0690721352	0.0170417594	0.0247636409	0.0044878638	-0.0719549835	0.0820411548	-0.0052495325	-0.0892990645	-0.173034	0.02965	0.029940765156	0.0008791225	-0.103236	0.0353249999999999	0.010657671696	0.0012478556249999	0.13189	0.007075	0.0173949721	5.005562500000017e-05	0.000325721	-0.000871179	7.589528500410002e-07	1.0609416984100001e-07	0.00163665	-0.00024475	5.990256250000008e-08	2.6786232225e-06	-0.00110333	0.0	1.2173370889e-06	0.0	0.0	0.0	0.0	0.0	0.0	0.0	0.0	0.0	0.0	0.0	0.0	0.0	0.0	0.0	0.0	0.0	0.0	0.0	0.0
616.1144323595837	0.1700533941924504	379596.99376177206	0.0289181568763729	867.7654352988004	4.230401373406153	753016.8506993166	17.896295780116663	598.6954274077639	0.0926271023732852	358436.2147989651	0.008579780094071	618.2261539210718	465.9012111824225	0.99585	47.220383	0.11105295	0.0603074	0.0798383312	0.1336917832	-0.0502979295	0.0827707928	-0.0758068632	0.0327664176	-0.042352171	-0.0619882045	0.0758667935	0.0717323242	0.0337318796	0.0925205776	0.0507882409	-0.017889409	-0.0620315312	0.100058378	-0.0369536867	-0.0722742911	-0.082135211	0.0004514973	-0.0623753682	-0.0122424377	-0.1309501083	-0.0158479667	0.1018408972	-0.0725581173	-0.0979006022	-0.1074783673	0.0177970497	0.08006223	0.1318979632	-0.0215095442	0.0929476957	-0.0481407661	-0.0330087015	-0.0967952314	0.0233667122	-0.0712354471	0.0356875088	0.0441506314	-0.0183883802	0.0059898368	-0.0325101051	-0.0778725049	-0.000268395	-0.0457540959	0.1237355571	0.1278043123	0.0517659824	-0.0428705029	-0.0611681961	0.2080512439	0.1067498469	0.0374930287	0.0050287981	0.0012807473	-0.0277427121	0.2080342293	-0.0911225716	-0.2447897609	-0.1523067594	0.064172436	0.1744354564	0.086510893	0.0892754437	0.1609277849	0.0016470814	0.1704635566	-0.0291666501	-0.1194337962	-0.018242059	0.2172071168	-0.0410470447	0.0119906713	-0.0399900302	-0.0107473604	-0.1135052353	-0.0480785467	-0.1529895513	0.0344592746	0.1478169715	-0.0036640312	0.0423838441	-0.0454259297	0.0716312223	0.0193235832	-0.074608989	0.0376544896	0.0615746357	-0.011859145	0.0515242218	0.0878589139	-0.0908830515	0.1582964327	0.0225384101	0.0023622701	0.0320305867	-0.0204214242	-0.0764671946	0.0815450929	-0.0339637507	0.1142489614	-0.1831056163	-0.0885710364	0.1014410285	-0.0587129073	-0.0882683475	0.2274715515	0.0134884462	-0.0078743616	-0.0420219096	0.047730417	0.0184197204	0.0944380467	0.2453883607	0.0817461838	-0.0529872097	-0.0499389827	-0.193322768	0.0626630016	0.0764985842	0.0952441221	-0.0888853639	-0.2102019438	-0.0292525796	0.0621602178	-0.1390378637	-0.1272364775	-0.0500296801	0.0084911002	-0.0607266272	-0.0317380884	0.0094610034	-0.0580545409	0.1294728475	-0.0268980248	0.0704577707	-0.0955088513	-0.0168534671	0.1115117105	0.1296951019	-0.0065819461	0.0472817273	-0.0287233854	0.0461270617	-0.0045724031	0.0164369422	0.0668600611	0.0072954229	0.080124019	-0.0104887887	-0.0942867573	-0.175273	-0.002239	0.030720624529	5.013121000000084e-06	-0.148511	-0.045275	0.022055517121	0.002049825625	0.156855	0.0249649999999999	0.0246034910249999	0.0006232512249999	0.00109463	0.000768909	5.912210502810002e-07	1.1982148369e-06	0.00163922	2.570000000000133e-06	6.604900000000683e-12	2.6870422084e-06	-0.00110333	0.0	1.2173370889e-06	0.0	0.0	0.0	0.0	0.0	0.0	0.0	0.0	0.0	0.0	0.0	0.0	0.0	0.0	0.0	0.0	0.0	0.0	0.0	0.0
616.5642269271912	0.449794567607455	380151.4459263249	0.2023151530491774	877.8278975671927	10.062462268392323	770581.8177472379	101.25314690281918	598.5909752340795	-0.1044521736844217	358311.1556316863	0.0109102565874006	618.1917675065046	473.7335399073713	0.986289	46.767025	0.0663867	0.0356573	0.0897381428	0.117359217	0.0040173902	0.0642737812	-0.0165307762	0.0166735567	-0.0465518711	-0.1334657498	0.0633488848	0.0629206953	0.0585371857	0.1098951849	0.0317810984	-0.0846691341	0.0088339813	0.0078455466	-0.0535168582	-0.0130266313	-0.0113989111	0.0024342164	-0.0641414199	0.0074698203	-0.1248535325	-0.0035081786	0.087796172	-0.0786231959	-0.1583867311	-0.0805182993	-0.0970586523	0.0115048817	0.154111566	0.0762885548	-0.0159841211	0.0783891697	-0.0194925706	-0.1195231275	0.0053184245	0.0292208453	-0.0493659219	0.1396128895	0.0158794774	-0.0318338337	-0.1879292108	-0.1357970436	0.0274627179	0.0058010354	-0.1562060247	0.0796606667	0.2079687527	0.0668256486	-0.2093904846	-0.1451306621	-0.1014619052	-0.0081079298	0.1637060619	0.1066282917	0.123846009	0.0676283303	-0.0122187083	0.0224204819	0.190364394	-0.1665334958	-0.1780209489	-0.023000414	-0.1796968635	0.0118542119	-0.1721674071	-0.0054647043	-0.0536912279	-0.0742316817	-0.0778744378	0.0907689953	-0.0447218765	0.0142379672	-0.0460227594	-0.0194603428	-0.0920415105	-0.0174544999	-0.1617942885	-0.0158836151	0.1635672494	-0.0649389566	0.0189925231	-0.0695257658	0.0378721474	0.0514545879	-0.0812488884	-0.0352922686	0.1092055446	0.0268882823	-0.0864791407	0.0717088106	-0.1320477867	-0.0206895706	0.0332589664	-0.0724750267	0.0281865831	-0.1414690269	-0.1329493576	0.1052097225	-0.0079053701	0.0487585644	0.1823421166	-0.0964288886	0.1253315314	-0.1029102526	0.0440598606	0.0662107366	-0.1013503887	0.0256990156	-0.0164597661	-0.1066623792	-0.0779885727	-0.0466255616	-0.0012199945	0.0193385058	-0.164359316	-0.1747372656	0.2953761863	-0.1002237392	-0.1355952507	-0.2400272869	0.0211770357	-0.0092560359	0.0910984957	0.0710669605	-0.1329968733	-0.122929547	-0.0499119462	-0.0130960748	-0.0504446467	-0.0426369512	0.0129596039	-0.037112742	0.0830189362	-0.0726262567	0.0607360225	-0.0608233593	-0.0386629077	0.0945928464	0.1154974612	0.0059841405	0.1208810541	-0.0072828075	-0.0407458493	0.0256590055	-0.0126490283	0.044036989	-0.0647800451	0.0781676667	-0.0157075127	-0.0988592507	-0.172393	0.00288	0.0297193464489999	8.294400000000123e-06	-0.135701	0.01281	0.0184147614009999	0.0001640961	0.155921	-0.0009339999999999	0.024311358241	8.723559999999821e-07	0.00136432	0.0002696899999999	7.273269609999997e-08	1.8613690624e-06	0.00183777	0.00019855	3.9422102500000015e-08	3.3773985729000004e-06	-0.000576316	0.000527014	3.32140131856e-07	2.77743756196e-07	0.0	0.0	0.0	0.0	0.0	0.0	0.0	0.0	0.0	0.0	0.0	0.0	0.0	0.0	0.0	0.0	0.0	0.0	0.0
617.1020036474463	0.537776720255124	380814.8829056928	0.2892038008483579	875.7103590016762	-2.1175385655164973	766868.6328628447	4.483969576449665	598.0742759576211	-0.5166992764583256	357692.8395622327	0.2669781422925572	617.4846445495887	476.1481737770578	0.987901	46.843475	0.1078165999999999	0.0581329	0.0826351479	0.1071608313	0.0693849784	0.0243995179	0.0483238849	-0.006066768	0.0154822636	-0.1176201614	0.0919666532	0.0197086636	0.075867369	0.1232370123	-0.0009367915	-0.0369435343	-0.0480959707	0.0454290158	-0.0158720705	0.0177640929	-0.0037048224	-0.0089762549	-0.0568743444	-0.0081986856	-0.1040117624	-0.0122674486	0.0636664318	-0.0400806819	-0.1479755924	0.0146151572	-0.1118397408	-0.0590387807	0.0008914644	0.060012801	-0.0395763095	-0.0680795211	0.1063163827	-0.0128110486	-0.1203572949	-0.0347623132	-0.0444847576	0.0008392931	0.0110945295	0.1767179999	0.0144130712	-0.0971388515	-0.0537135731	0.0497094966	0.1913895501	-0.069688373	-0.0577030189	0.0759942041	0.0445207516	-0.0147064125	0.1497714304	0.0509123625	-0.0353461246	0.0746700657	0.0129793188	0.0074217961	-0.077820113	-0.0992129253	0.0554847959	-0.0157952362	-0.1054660611	-0.092326305	-0.127110013	-0.0619866355	-0.1258061104	-0.0308414766	0.0199465436	-0.0804179577	-0.1420230622	0.0631385186	0.1079906605	0.0022326464	-0.0439725431	0.0007758931	-0.0636717653	0.0383698158	-0.1340509411	-0.0803014099	0.0853378	-0.0904555948	-0.0095495196	-0.0003109312	-0.0542366967	-0.0265251173	-0.0396358362	0.0350803818	-0.001269108	0.0050224464	-0.063973797	-0.0464548615	0.0181340882	0.0306240568	0.049028747	-0.1240687524	0.0385610998	-0.1602176356	0.032431715	0.0004123189	0.0765107403	0.1242714943	-0.1225363937	-0.116026845	-0.0087044669	0.0252396159	-0.1418462403	-0.1071104316	0.0664861763	0.2329794094	0.0080723508	0.0618724978	0.0111818226	-0.0089099266	-0.0484238697	0.0308568322	-0.0764209231	-0.0429465386	-0.0169718723	0.0312204748	0.0178689169	-0.0560622122	-0.0854416631	0.0249105855	0.0121850895	0.0615607458	-0.1004616071	-0.1045481158	-0.029678804	-0.0243973336	-0.04428744	-0.0387934647	0.0371200982	-0.0153848058	0.1024932867	-0.0252729151	0.0375523712	0.0063713309	-0.0302164468	0.0744632741	0.1353947162	-0.0117381979	0.0761868887	0.0676621635	0.0832455492	0.0295332776	-0.0483601396	-0.0052776441	-0.044780337	0.0761730556	-0.0208954884	-0.1029964092	-0.155149	0.0172439999999999	0.024071212201	0.0002973555359999	-0.10723	0.0284709999999999	0.0114982729	0.0008105978409999	0.161687	0.0057659999999999	0.026142685969	3.324675599999993e-05	0.000467296	-0.000897024	8.046520565759999e-07	2.1836555161600002e-07	0.00167454	-0.00016323	2.6644032900000032e-08	2.8040842116e-06	-0.000642774	-6.645800000000003e-05	4.1315841507600003e-07	4.416665764000005e-09	0.0	0.0	0.0	0.0	0.0	0.0	0.0	0.0	0.0	0.0	0.0	0.0	0.0	0.0	0.0	0.0	0.0	0.0	0.0
618.6179586400813	1.5159549926349882	382688.1787520213	2.298119539694947	880.70750734061	4.997148338933812	775645.7134861107	24.971491521308955	599.1690062485121	1.0947302908909933	359003.4980488296	1.1984344097942787	618.5801832419048	485.3839925659054	1.026888	48.692127	0.09532135	0.0472514	0.0909139194	0.1047520261	0.1132727476	0.0078462254	0.1224268606	-0.0259871921	-0.0290352926	-0.0418551135	0.0512814731	0.0270010918	0.1175648129	0.0285499118	-0.0892760959	-0.0060975277	-0.023913541	0.0741589534	0.09846952	0.012007695	-0.020545115	0.0068751254	-0.0806484885	-0.015019919	-0.1542672982	0.0102283008	0.1088460288	-0.0254575224	-0.1266946917	-0.0599599699	-0.0716465433	0.0200762726	-0.1213686763	0.2008037214	-0.0920429056	-0.0016536962	0.0229022041	0.1113844093	-0.0019702473	0.1164326991	-0.0107308484	-0.0466659002	-0.0142460105	-0.0206486436	0.001397627	-0.2352240648	-0.0574486264	-0.0844660395	-0.157537038	0.1154086767	0.0647987126	0.0390951058	0.0280433724	0.0155874965	-0.0045508151	0.0524022264	0.0607627853	-0.0821567428	-0.1179095508	-0.058852879	-0.1277878587	-0.0779871972	-0.1130917555	-0.0791387757	0.1422942771	-0.1219679889	0.1561441801	-0.1519705919	0.0636327826	-0.0182862934	0.2519239068	0.0510647562	0.1482303107	0.0596463827	0.0971545735	0.0201424464	-0.0677019206	0.0219273168	-0.0832954777	0.0911372027	-0.1622922005	-0.0501258979	0.0589962086	-0.0670990294	-0.0930310068	0.0975681983	-0.0371899799	-0.139005208	0.034636669	-0.0136424303	0.195527335	0.0234435762	-0.0800267749	-0.0712805542	-0.0858901407	-0.1223697608	0.1676672759	-0.0701914991	0.143511216	0.1335300061	-0.0550770837	0.1102030732	-0.0264559487	0.1036472911	0.0477008902	-0.049422935	-0.0516515794	-0.0698002612	0.0504044239	0.0556820203	-0.1714091884	0.0052906135	0.1193722172	0.0873997931	0.0524298573	0.027285737	0.1461674976	0.0776258386	0.165271493	0.0445471731	-0.0090425983	0.0391298056	-0.0617669954	0.0807556434	0.0351440206	0.1345575626	-0.0140185024	0.0714406368	-0.1288603081	-0.1187070027	-0.0595503275	-0.0125754134	-0.0570922285	-0.0534727938	0.0279288208	0.0091264796	0.0579206893	-0.1035836057	0.00194656	0.0890226946	-0.0527182	0.0807115828	0.1577171558	0.0908975846	0.151748457	-0.0007474172	0.0138951683	0.0874692645	-0.0932347326	0.0692772285	0.0182012097	0.0741411618	-0.0260425603	-0.1066800145	-0.15986	-0.0047109999999999	0.0255552196	2.2193520999999933e-05	-0.140411	-0.033181	0.019715248921	0.001100978761	0.170904	0.009217	0.029208177216	8.495308900000005e-05	0.00107596	0.0006086639999999	3.704718648959998e-07	1.1576899216e-06	0.00197963	0.00030509	9.307990810000004e-08	3.9189349369e-06	-0.000693267	-5.049299999999998e-05	4.80619133289e-07	2.5495430489999974e-09	0.0	0.0	0.0	0.0	0.0	0.0	0.0	0.0	0.0	0.0	0.0	0.0	0.0	0.0	0.0	0.0	0.0	0.0	0.0
616.4365562740427	-2.181402366038583	379994.027911001	4.758516282558728	870.468796059529	-10.23871128108101	757715.9249133259	104.83120869733553	596.393233640155	-2.775772608357101	355684.8891317605	7.704913573305586	615.9567987097183	523.3571294147303	1.482814	70.310837	0.60569245	0.300398	0.0695298406	0.0019888491	0.058481878	-0.0636929005	0.0408051509	0.0030006805	-0.0023589305	0.0291748457	0.0117761636	-0.062466683	0.0382405232	-0.0709000914	-0.1091853044	-0.0412320784	0.0707536949	0.0870485263	-0.2923112639	-0.0776314309	-0.0104653711	-0.0477293625	-0.0532937861	0.0009299189	0.0352897579	-0.0373652836	-0.0617866554	0.0931727691	0.1072217215	0.0031367784	-0.2326370235	0.4064414113	-0.3055531108	0.0649668565	0.0541312078	-0.0232345385	-0.2421922423	0.2223655365	0.0306846527	-0.0088948355	-0.1620064065	0.1170559192	0.009823698	0.0981145013	-0.2904013102	-0.0106670839	0.0979757292	0.1472859359	-0.0642903441	-0.0139541628	0.0079753216	-0.0137900636	-0.1398089825	0.1539925176	-0.0263576736	-0.1375582587	-0.1547935916	-0.063842988	-0.006819924	-0.0065899998	0.015332672	0.0206244919	-0.0683192388	-0.0433053367	0.0711212416	0.1228353257	-0.076096895	0.0889607191	-0.103362415	0.0070781237	-0.0081550569	-0.0413517253	-0.01519335	-0.1850706914	-0.058447572	-0.0285228879	-0.0690780511	-0.0027219569	0.0233845053	0.0394163732	0.0605863905	-0.0703555399	-0.161628656	0.002765079	-0.1490371773	-0.1061577987	0.3151479516	-0.1626301034	0.0667802247	-0.2061754938	0.3335778974	-0.113548233	0.2398155933	-0.1498765539	0.1696709412	-0.1174979351	-0.1457625345	-0.0478043645	0.0293996224	-0.1071895355	-0.2400326555	0.1299203902	-0.0552318582	-0.1087945598	-0.1393728505	0.0866940714	-0.2145811182	-0.0894615421	-0.0344342561	0.0174322377	0.2319475321	-0.0084535298	-0.0837106269	-0.0531622238	0.025993706	-0.0384090487	0.0695819757	0.0678034853	0.0206850073	-0.1268022612	0.089026226	-0.0380766281	-0.0686534147	-0.0374712501	-0.005754761	0.0247481948	0.0640140858	0.0440865428	0.120819789	0.0216372927	0.0311346755	-0.0555000693	0.0515052101	-0.1389492596	-0.1023611555	0.0290973115	0.0867912579	0.12710053	-0.3154837788	-0.0238526223	-0.0902412003	0.1605648585	0.0646712281	-0.0858717024	0.0104087419	-0.1406344834	0.1727291889	0.1411031528	0.0961848423	0.1221377178	0.2940286394	0.0720729799	-0.0311386526	-0.1098938456	0.0261543	0.1860143	0.0006840474084899	0.03460131980449	-0.0030646	0.1373464	9.39177316e-06	0.01886403359296	0.0157788	-0.1551252	0.00024897052944	0.0240638276750399	0.000324377	-0.0007515829999999	5.648770058889998e-07	1.05220438129e-07	0.00180162	-0.0001780099999999	3.168756009999997e-08	3.2458346244000004e-06	0.000921271	0.001614538	8.48740255441e-07	2.606732953444e-06	0.0	0.0	0.0	0.0	0.0	0.0	1.0	0.0	0.0	0.0	0.0	0.0	0.0	0.0	0.0	0.0	0.0	0.0	0.0
622.4826023778072	6.046046103764525	387484.59026304726	36.55467348884619	867.5975330931147	-2.8712629664142924	752725.4794292584	8.244151022302201	599.007084291205	2.613850651050029	358809.48703105084	6.832215225994662	618.741757804382	554.7350317327415	1.428481	67.734512	0.2134942	0.104094	0.0356023782	-0.0581629172	-0.0055727053	-0.0299953939	0.0281342778	0.0553292405	-0.0221463144	0.12345657	-0.0392420107	0.0198433853	-0.0113134082	-0.0493835613	-0.0886171145	-0.007563346	-0.0100488345	0.1652037558	-0.0833425651	-0.0870316891	0.0671113426	0.0121572848	-0.0417122598	0.0186453331	0.0740973718	-0.0031648429	-0.1864877246	0.0347302729	0.1581688703	-0.0064085217	-0.0353155108	0.0357415681	-0.1203911836	0.0009104783	0.1766290942	0.1518242899	0.0623339487	-0.3015054798	0.2294761184	0.0627353056	-0.0988402386	-0.0162809406	0.062501958	0.0364179887	0.0192270119	0.2208407428	0.0752505249	-0.1606609981	-0.0984492571	0.0769124628	0.0397963559	0.1529077709	0.1503753733	-0.0159146262	0.1039073082	0.1154053238	0.089349038	0.127865866	0.0848115194	0.0741344422	0.0308668833	-0.079612726	0.0930270397	0.0321347919	0.0584657008	0.0259420795	0.1489422284	0.1357681934	-0.0967708803	0.0398700647	0.1005756813	-0.1124740295	0.1355258578	-0.0091927545	0.1291251492	0.026617613	-0.0580179754	-0.0173811518	0.0145311085	-0.001534878	0.1907423272	0.0345728513	-0.0896088521	0.0191246063	-0.0824201069	-0.0513920727	0.1230108506	-0.0413615167	-0.0837228466	-0.131076979	-0.1739234785	0.1104013538	0.0911132224	0.1755206253	0.0187414394	-0.0417532012	0.0311079275	-0.0958918287	-0.2790450562	-0.0971591173	-0.0169422486	-0.0322207032	0.0848850417	-0.145265555	0.1645472192	0.1693639198	0.043487183	0.1263682174	-0.1159885235	0.2274110423	-0.1337172911	0.1315469063	0.03010072	-0.0085149685	-0.1929706038	0.0775626043	0.0787716465	0.2455491592	0.0019437608	0.1152243649	0.0765993762	-0.1519091347	0.038564154	0.1113424558	0.0313163663	-0.1817221616	0.0308350135	0.0270634562	0.1861542042	0.061058267	0.0473998908	-0.0700904434	0.0105283115	-0.1397663412	-0.0202027055	-0.012043568	0.0992501695	0.1756137823	-0.33101335	-0.0191518576	0.0318076742	-0.0480772253	-0.0247905655	-0.2002751888	-0.2436819541	-0.0032132618	0.1076450121	-0.179010935	0.12103023	-0.148798415	-0.0395876585	0.0699695221	-0.0361737896	-0.11262375	0.0574021	0.0312478	0.00329500108441	0.00097642500484	0.0451537	0.0482183	0.0020388566236899	0.0023250044548899	0.0116383	-0.0041404999999999	0.00013545002689	1.7143740249999985e-05	-0.000782826	-0.001107203	1.225898483209e-06	6.12816546276e-07	0.00141182	-0.0003898	1.5194404000000004e-07	1.9932357124e-06	0.00202202	0.0011007489999999	4.088564880399999e-06	1.2116483610009997e-06	0.0	0.0	0.0	0.0	0.0	0.0	0.0	0.0	0.0	0.0	0.0	0.0	0.0	0.0	0.0	0.0	0.0	0.0	0.0
622.1184181100462	-0.3641842677610611	387031.3261517462	0.1326301808846603	869.8453745901784	2.247841497063632	756630.9756959277	5.052791395921271	600.4613414441294	1.454257152924356	360553.82256888336	2.1148638668316537	619.2410079975593	479.273481023224	1.618087	76.725128	0.26215144	0.135012	0.090689357	0.0713354159	-0.1430423493	0.0315896083	-0.0912568709	0.0873405197	-0.077130174	-0.0067944595	-0.0002647822	0.1168912064	-0.0227545743	0.0301679007	-0.041000993	0.0347595447	0.1178016246	0.0229147417	0.0224771706	0.1037381958	0.0142104706	0.0409998674	-0.037489635	0.0073926285	-0.0190224784	-0.1251882869	-0.1523276454	-0.0492782434	0.0151944367	-0.2333115204	0.0348101518	0.0615099863	-0.0748962974	0.0629487497	0.1185553471	-0.0090840183	0.0487530238	0.0363883642	0.1321468577	-0.0491719995	0.1038622685	0.1011789221	-0.0826831898	-0.0677725169	0.16885679	-0.0999379575	-0.0102148045	0.2145485615	-0.02229997	0.1176726848	-0.0761712557	-0.0370921337	0.1169342788	0.2169347879	0.1181626486	-0.0966551479	0.0020368515	0.0895184105	0.1328787185	0.0203546527	0.0717968734	0.2416243486	0.0535749735	0.0934006621	-0.1422639776	-0.0801338638	-0.1188663627	-0.0978700459	0.1142601377	-0.1401111262	0.113127741	-0.0169591734	0.0267315307	-0.0081369968	0.0094236139	0.0401004839	-0.0287991009	-0.0215342751	-0.1085794615	-0.1184831388	0.1212320198	0.0238064831	0.1710004668	0.0027918885	-0.0993293648	0.0314684925	0.0241857752	-0.1769504239	0.0020572538	0.0821644024	0.0153581222	-0.0003060038	0.1621263337	0.1389068545	-0.0819432042	-0.0661896579	-0.0627421172	0.047277047	0.0192166679	0.1504392696	0.129717525	-0.0206298901	0.1433656055	0.023050537	-0.051844124	0.0812104884	-0.1452351013	-0.0170833636	-0.0228536328	0.119708008	0.0188320386	-0.133107418	-0.0181127311	0.1141765824	0.0185419385	-0.0207446598	-0.3587727013	-0.0445047753	0.0592294211	0.1178871045	0.1118662158	-0.0892841411	0.0325988114	-0.1463697412	-0.0919650508	0.0320689247	-0.0263223079	0.0289053897	0.1099240403	-0.0243298536	0.0394672813	-0.0550789359	-0.109135038	-0.1161049381	0.0413945993	0.0879151338	0.2452259264	0.027919715	-0.1323849071	-0.0414695769	-0.0186552186	-0.2286062883	0.0344583132	-0.0759397855	-0.0948747628	0.0297813825	-0.0249755065	0.0124224297	0.1011089809	0.0296734038	0.0082264613	0.067831818	-0.0411381146	-0.1148577065	0.00940872	-0.0479933799999999	8.852401203840002e-05	0.0023033645238243	-0.00320406	-0.04835776	1.02660004836e-05	0.0023384729522175	0.111313	0.0996746999999999	0.0123905839689999	0.0099350458200899	-0.000959778	-0.0001769519999999	3.131201030399999e-08	9.21173809284e-07	0.00174256	0.0003307399999999	1.0938894759999996e-07	3.0365153536e-06	0.0012072	-0.0008148199999999	1.45733184e-06	6.639316323999995e-07	0.0	0.0	0.0	0.0	0.0	0.0	0.0	1.0	0.0	0.0	0.0	0.0	0.0	0.0	0.0	0.0	0.0	0.0	0.0
623.0620441132683	0.9436260032221072	388206.3108146042	0.8904300339569281	875.7520543940664	5.906679803887982	766941.6607754278	34.888866305658176	600.5673767987746	0.1060353546452006	360681.1740749613	0.0112434964347334	620.1688745817767	509.6470851854367	1.248056	59.179306	0.0830444199999999	0.0571965	0.0808585989	-0.0030512549	-0.0436178637	0.0223915863	-0.0257080846	0.0700973705	0.057199492	-0.0917120502	0.0952000221	0.0143861949	-0.0430267994	0.0739453632	-0.069035404	-0.0806030461	0.0137956167	0.1311996447	-0.0062260912	0.0309811207	-0.0394988819	0.053092503	-0.0581433442	0.0070932132	0.0693737085	-0.0888267471	-0.0683505356	0.0554468025	-0.0798086134	-0.1007513387	-0.1154029496	-0.0469768391	0.1454693325	0.024877973	0.1498164721	0.0328481604	0.1065975882	-0.0128087134	0.011696054	-0.2140314346	-0.0118404444	0.3039675271	-0.0858905506	0.0888912664	0.058046411	0.0236537983	-0.0221045615	-0.21826864	-0.0953316254	-0.1065075015	-0.0091801796	-0.1236798718	0.0836689144	0.0013571623	-0.1566747132	-0.0743152342	-0.0110000009	0.1457195402	-0.1039642829	-0.1522244003	0.0622398547	-0.3060391806	0.0626137032	0.0104455064	0.0716116497	0.229729758	-0.0643452697	0.0603160984	0.1195911459	-0.2176851874	-0.0615064315	-0.1089946228	0.1403434142	-0.0363421609	0.0040030821	0.0566692713	-0.0476050154	-0.0104967513	-0.0004190926	-0.0802168083	0.055260979	-0.1376070313	0.1316910172	-0.0012810494	-0.0002486627	-0.1496024339	0.0216887077	-0.071128435	-0.0969680967	0.0058035717	-0.0784476786	0.1621618689	0.1139284314	0.146678891	0.03186551	0.0599929481	-0.0314231957	-0.1189851845	0.081579127	-0.1049746121	0.1253618921	0.061301986	-0.1603920598	-0.0578080918	0.066564851	0.0962145917	0.2073442912	0.0724320948	0.0168344912	-0.1609546506	0.043397786	-0.05160988	-0.0914643588	0.0571529359	0.1057788057	0.0555233782	0.1650113852	0.0562806248	-0.0736324519	0.2247536439	0.1940205549	0.2007980815	-0.1339523481	-0.0415282947	-0.1426739491	-0.0790361739	-0.3027758026	0.0459764171	0.10936338	0.0137790884	0.0509652748	-0.0732026755	-0.0668888842	-0.1020370314	0.0278883734	0.0570107184	0.0725611064	-0.0017041507	-0.0751405151	-0.0390343494	-0.0991009105	-0.1737096431	0.0819623948	-0.1628896387	-0.0098641912	0.0351891097	0.0396426958	-0.0254392537	0.0563145915	-0.1247724545	-0.1198541485	0.0656609137	-0.0460219099	-0.1165858777	-0.021852	-0.03126072	0.000477509904	0.0009772326149184	-0.00323256	-2.8500000000000317e-05	1.0449444153600002e-05	8.122500000000177e-10	0.0636018	-0.0477111999999999	0.00404518896324	0.0022763586054399	-0.000959778	0.0	0.0	9.21173809284e-07	0.00168604	-5.652000000000001e-05	3.194510400000001e-09	2.8427308816e-06	0.00118284	-2.4359999999999963e-05	1.3991104656000005e-06	5.934095999999981e-10	0.0	0.0	0.0	0.0	0.0	0.0	0.0	0.0	0.0	0.0	0.0	0.0	0.0	0.0	0.0	0.0	0.0	0.0	0.0
622.5144755238013	-0.547568589467005	387524.2722366733	0.2998313601708855	876.1711723049681	0.4191179109017184	767675.9231782621	0.1756598232386208	599.7209855953262	-0.8463912034484338	359665.26056342945	0.716378069274888	619.0695645600927	495.9289562347181	1.228315	58.24324	0.12593709	0.0668757	0.1071736366	0.0332401037	0.0140584654	-0.0435410743	0.0657174606	0.0573094096	-0.004642818	-0.0306358046	-0.0706934495	0.0773528554	0.0078019529	0.0634980271	-0.074728509	-0.0316947157	0.1155625426	0.0872962332	0.0478224268	0.0947931433	-0.0380745732	0.0275790632	-0.0713999723	-0.036188828	0.0133373598	-0.0935970994	-0.0453842203	-0.0297163065	-0.0618866303	-0.0632037608	-0.0425933635	-0.0741180198	-0.1192012416	0.0938966346	-0.0695936882	-0.269023844	0.1033424256	-0.2112647076	0.0751884055	-0.1964459545	0.2518206477	0.0328152978	-0.1049557096	-0.010398422	-0.0145323759	0.1416480805	0.0153349786	0.0094608583	-0.0812206336	-0.0551823503	-0.1703182691	0.0531922288	-0.0954841386	-0.1258462327	-0.0988489821	-0.0837344318	-0.0327560788	-0.25510269	-0.0226616758	0.0394077872	-0.193198368	0.0031986003	0.0705579482	-0.204729434	0.0189555209	-0.1279139902	0.0029531979	0.0221873038	0.0568612141	0.0557204691	0.0532875139	-0.119161139	-0.0785388904	-0.0458620895	0.2262765873	0.0364673354	-0.0675634338	0.0304790906	-0.03145262	-0.0156388443	0.0615378061	-0.0759892862	0.0296425214	-0.0943213753	-0.0651596295	0.0769464657	-0.1733694438	-0.2165939276	-0.0404096879	0.0591605005	0.0679581602	-0.0436540917	0.0386691375	-0.0312705473	-0.1779296162	0.2343044147	-0.1122480219	-0.0947217962	-0.2458366043	-0.0299282508	0.050111724	-0.0309728514	-0.1459222457	0.0234927986	0.0402550168	0.1539326356	-0.051625207	-0.0490559423	0.2156181157	-0.2003708241	-0.1006262362	0.0094976174	0.0996471239	0.1354006928	0.0163190609	0.1044655499	0.0280398155	-0.1083686782	-0.195835863	-0.2568040535	0.0087410252	0.0548721864	0.0604667082	0.0816998598	-0.0499558446	-0.1821371411	0.0985186684	0.0592307032	0.0749357058	-0.0249640964	0.0569498611	-0.0415477543	-0.0761964153	-0.0199513968	0.0250075673	0.0797215116	0.0124679318	-0.0375103459	-0.0373973199	0.1035133625	-0.0432859933	-0.1578095148	-0.0029243203	-0.0262490384	0.0031379742	0.0715484315	0.0672540292	0.030207842	-0.0191867638	-0.073252022	-0.0111629836	0.063457872	-0.0508156151	-0.1178006533	-0.0611365	-0.0392845	0.00373767163225	0.00154327194025	-0.0102116	-0.0069790399999999	0.0001042767745599	4.870699932159998e-05	0.0680582	0.0044563999999999	0.00463191858724	1.9859500959999992e-05	-0.000498899	0.000460879	2.1240945264100002e-07	2.48900212201e-07	0.00138809	-0.0002979499999999	8.877420249999996e-08	1.9267938481e-06	0.000437326	-0.000745514	1.9125403027600002e-07	5.557911241960001e-07	0.0	0.0	0.0	0.0	0.0	0.0	0.0	0.0	0.0	0.0	0.0	0.0	0.0	0.0	0.0	0.0	0.0	0.0	0.0
623.1396936852914	0.6252181614901247	388303.0778461988	0.3908977494570916	878.4025134011507	2.231341096182632	771590.9755494588	4.97888308751351	599.4255035964919	-0.2954819988342478	359310.93436190794	0.0873096116350824	619.0684469366411	506.7363306279568	1.119994	53.106937	0.0657001999999999	0.0385539	0.1014713492	0.0207007494	-0.0547543556	-0.0093069777	0.041224504	0.1048594349	-0.0479312139	0.0514566733	-0.0435006918	-0.0497288513	0.0260815788	0.0202011417	0.0379772454	0.0297819188	0.0574380504	0.0115956532	-0.0322549826	0.0600691048	-0.0951389806	0.0335943372	-0.0563752405	-0.0154210394	0.0011916364	-0.0640676995	-0.0752686801	-0.0152423363	0.0232644832	-0.0598809055	-0.0576264297	0.0096453271	-0.155995652	-0.0429297087	-0.0640567362	-0.0799742791	-0.0437343121	-0.0261998026	-0.0145521489	0.0797604655	-0.0755305491	0.0042554233	-0.3004989089	0.0543251218	0.07229063	0.0980273924	0.0413114334	-0.0697424069	0.1346486834	0.0784920766	0.1095118455	0.1674956572	-0.2228942856	0.0403812447	0.0528248164	-0.0024959216	-0.0912734593	-0.053385384	-0.0047714611	-0.1653061073	0.1915791382	0.0388788318	-0.140277518	-0.011444116	-0.0608729681	-0.0165785427	0.1268442688	-0.024689727	0.0331083189	-0.1509769728	-0.2352959798	-0.0673261107	0.153885604	0.0663347871	0.0637698235	0.0466220032	-0.0554032396	0.0176270653	-0.0400933031	-0.0254751406	0.0796654894	-0.0057873312	-0.0581688571	-0.0020417124	-0.1074756637	0.0249627971	-0.0246399018	-0.0863023903	-0.0972851169	0.0197133531	0.0785966505	-0.0991848618	-0.1738594642	0.0218368155	0.1021510427	-0.0584373706	-0.1196482534	0.0687047768	0.0761068627	-0.0467593184	-0.0236922431	-0.04699906	-0.0384903036	0.0629101435	-0.0203259871	0.3764088663	0.1065955179	-0.0815656308	-0.0396860693	0.124923743	-0.0024601425	0.0507341609	-0.0457844658	-0.0017701045	0.125628695	0.0496297846	-0.1209182586	0.0461959663	0.0822808065	-0.0210126379	-0.0447760146	0.0974785221	-0.0951314024	0.1125693315	-0.1738362351	0.18314582	-0.0960497442	0.061770484	0.0558271824	-0.0209990688	0.0490193055	-0.0274793914	-0.1017766132	-0.0015719942	0.0382055925	0.0159720621	-0.0096102618	-0.0586835584	-0.1120101975	0.068274825	-0.0069009634	-0.1469751283	-0.0383933036	0.0712528448	0.032796508	-0.0564622416	-0.0755200013	-0.0131465147	0.0688376284	-0.1151691567	-0.1150608206	0.0612237711	-0.0555098464	-0.118496684	-0.0938155	-0.0326789999999999	0.00880134804025	0.0010679170409999	-0.0148273	-0.0046157	0.00021984882529	2.1304686490000003e-05	0.0636584	-0.0043997999999999	0.00405239189056	1.935824003999996e-05	-0.000879026	-0.0003801269999999	1.4449653612899998e-07	7.726867086759999e-07	0.00130477	-8.332000000000001e-05	6.9422224000000025e-09	1.7024247529e-06	0.000420659	-1.6666999999999995e-05	1.76953994281e-07	2.7778888899999985e-10	0.0	0.0	0.0	0.0	0.0	0.0	0.0	0.0	0.0	0.0	0.0	0.0	0.0	0.0	0.0	0.0	0.0	0.0	0.0
621.993959205499	-1.1457344797923952	386876.4852881319	1.3127074981851503	865.6989822835525	-12.703531117598232	749434.7279267785	161.37970285578658	598.7768526392836	-0.6486509572083605	358533.7192566063	0.4207480642873223	617.8797920169412	484.1119407393476	1.113185	52.784073	0.0871499199999999	0.0454132	0.1047694826	0.0503781677	-0.1273398594	-0.0031072881	-0.0393578381	0.1248694804	-0.0824976429	0.0546425054	-0.0440756827	0.0598721796	0.0134441807	0.0427085963	0.0342109646	0.0616834977	0.0384164466	0.0021267899	0.1104017073	0.0541663439	0.1469182873	0.0128070841	-0.0664899027	-0.0300036899	-0.0208728031	-0.0601995898	-0.0854219561	-0.1609083172	0.0066944846	-0.0873643583	0.0721931873	0.0603689838	0.0177060937	-0.0257819482	0.0344551487	-0.0861629754	0.0287122922	0.1719761996	0.209791012	0.1783278362	0.07070638	-0.1254689888	0.0407528422	-0.1185879759	0.1444738327	-0.0059711118	-0.0406074721	-0.1619069824	-0.0756577246	0.0624086971	-0.058779546	0.1155514924	-0.2716582962	-0.1486676526	-0.1266295183	0.3801092824	-0.1015417747	-0.0212204397	-0.0949656384	-0.0995115695	0.1242930828	-0.0063604127	-0.0767171056	0.102578804	0.0005231786	0.0385959514	-0.1962971432	0.0742210708	-0.0943598274	0.00622373	0.1898870382	-0.0039481539	-0.1677175086	-0.0154419562	-0.0090313709	0.0238545456	-0.0630686839	0.0124520486	-0.0827476601	-0.0854645458	0.071133127	0.0965909082	0.0638781754	-0.0717944497	-0.092544421	0.0706377304	-0.0202038878	-0.0161095685	0.0791757669	0.0836567105	-0.02353605	-0.177616287	-0.0835413438	0.0829846569	0.07113972	-0.0960957946	-7.80572e-05	-0.0357950633	-0.0553771266	0.2448827415	0.006183922	-0.0670918398	-0.1147163129	0.170205264	0.2307622366	0.0292715403	-0.0426157121	-0.0577829136	0.1075086625	-0.0602963885	-0.0416374914	0.0754269606	-0.0360074333	-0.3230050944	-0.0724802193	0.2225998793	0.1298140906	0.1331031517	0.1357028432	-0.0429424186	-0.0334690923	-0.0245002029	0.053335782	-0.0774393102	0.0438585006	0.0590425651	0.0052024702	0.0590691116	0.0372649569	-0.0431409292	0.0547479199	-0.0132917589	-0.1473674217	0.0062991778	0.0671935751	0.0131993666	0.0772255792	-0.0482326697	0.0083826065	0.0475151784	-0.0134548567	-0.1496446222	-0.0470583648	0.0931859569	-0.0286520199	-0.0095274235	0.0043450663	0.0902353153	0.0366244815	-0.0187439494	-0.102435144	0.0589597043	-0.0600954145	-0.1186709048	-0.0869215	0.0068939999999999	0.0075553471622499	4.7527235999999966e-05	-0.0130472	0.0017800999999999	0.00017022942784	3.168756009999999e-06	0.0980589	0.0344005	0.00961554786921	0.00118339440025	-0.00110956	-0.000230534	5.314592515600005e-08	1.2311233936000002e-06	0.0016222	0.00031743	1.0076180490000005e-07	2.6315328400000003e-06	8.71166e-05	-0.0003335423999999	7.58930199556e-09	1.1125053259775997e-07	0.0	0.0	0.0	0.0	0.0	0.0	0.0	0.0	0.0	0.0	0.0	0.0	0.0	0.0	0.0	0.0	0.0	0.0	0.0
622.8588746047482	0.8649153992491847	387953.1776738934	0.7480786478583765	872.7804365304908	7.081454246938279	761745.690390354	50.14699425148018	599.0415900822043	0.2647374429207048	358850.82664821565	0.0700859136841934	618.5669874878037	484.5980609782478	1.04399	49.503044	0.12467423	0.0574885	0.1083385983	0.0549365049	-0.1504097027	0.0915990859	-0.0669945489	0.1169167119	-0.0737190447	0.0124559654	0.061121561	0.0309013109	-0.0209030692	0.0596462215	0.0135293675	-0.0334393205	0.0651819657	0.122173662	0.0192373446	-0.038645061	-0.0015534072	0.0270103191	-0.0588895736	-0.004509382	0.0024920646	-0.1054589481	-0.05916492	-0.1593307067	-0.0128494145	-0.1500604751	-0.0681327202	0.0377243426	0.0304086816	-0.0272978288	0.0027086973	0.0155455823	0.1160306544	0.2902712916	0.035597355	-0.2198304972	0.04414964	0.0351198422	-0.0139631421	-0.0776148127	-0.0177111971	0.0901497003	-0.0928224564	0.0203169064	-0.0496998949	0.0767274366	0.0010285021	-0.1876647215	0.1744253005	-0.1308422098	-0.0668263129	0.1753341551	-0.1268760413	-0.0771848383	0.1512679913	0.0477314815	-0.15899348	0.1560479591	0.0438583062	0.0840459882	-0.0211014682	0.0571053159	0.1908492899	-0.0068654948	-0.050884449	0.0108288999	0.0213213345	0.020119885	-0.1603391098	0.0335461397	-0.1292994972	0.0389191272	-0.0484700519	-0.0121578267	-0.0847309587	-0.1416959032	0.0190331673	0.0348616891	0.1480652542	-0.055422922	-0.1437033088	-0.0379238646	0.0399300259	-0.0485905022	0.0287428314	0.0940086077	-0.0267256645	0.0310253217	0.1307142495	0.0088184409	0.1050105313	0.0893385	-0.0842158269	0.0087987874	0.227001459	0.0297017156	0.0942626526	0.0494691368	-0.1153751566	0.0218918042	0.117999039	-0.1159200449	-0.1874911739	0.0586977216	0.0532786487	-0.0412258293	-0.0676316143	-0.1792396657	0.0858021425	-0.2487442511	-0.0321906679	-0.1921501907	-0.0168971225	0.0589425467	-0.1413300567	-0.0207229168	-0.1320623425	-0.0740369586	0.0180535582	0.2480028943	0.0293213773	-0.0117805474	-0.0175947297	0.0618821924	0.0117940808	-0.0536964633	0.0238505455	-0.0201188662	-0.1445483135	-0.0299627039	0.064599195	0.026583605	0.1036806177	-0.0770162143	0.0239159454	-0.0735128494	-0.0760070842	-0.1270616466	0.0438499825	0.0600811505	0.0786215983	0.0099228331	-0.1049059029	0.0799896744	0.0620842403	-0.0126444602	-0.0908894851	0.05666678	-0.0645633431	-0.1183225485	-0.109928	-0.0230065	0.012084165184	0.0005292990422499	-0.0535114	-0.0404642	0.00286346992996	0.0016373514816399	0.113568	0.0155090999999999	0.012897690624	0.0002405321828099	-0.000709778	0.000399782	1.598256475240001e-07	5.03784809284e-07	0.0017387	0.0001164999999999	1.3572249999999965e-08	3.02307769e-06	-0.00031049	-0.0003976066	9.640404010000003e-08	1.5809100836356e-07	0.0	0.0	0.0	0.0	0.0	0.0	0.0	0.0	0.0	0.0	0.0	0.0	0.0	0.0	0.0	0.0	0.0	0.0	0.0
622.4031158634866	-0.4557587412615476	387385.6386365768	0.2077160302363102	879.3840360765059	6.603599546015175	773316.2829062055	43.60752696413183	598.3614800917899	-0.6801099904143939	358036.46085763746	0.462549599061467	617.7649523086087	496.35817585271946	1.110731	52.667702	0.073944935	0.0354189	0.1034089017	0.0303358569	-0.0633432877	0.015802085	-0.0364324381	0.0867360177	0.0429994503	-0.1390090108	0.0647396626	0.0791774953	-0.0285950361	0.1288576641	-0.0654257279	-0.0486391958	0.0834551486	0.0251385761	0.0374017697	0.0363245142	0.0190292717	0.0012510823	-0.0810941883	-0.0173303045	0.0031717934	-0.1026389241	-0.0527844932	-0.0788307228	-0.1415945017	-0.0885671933	0.0256481629	-0.0798249176	-0.0276968559	0.133444114	-0.0915409183	-0.0021525959	-0.1782963449	0.0873962101	0.0042204598	0.0433937671	0.0028193682	-0.2910826255	-0.1429512254	0.0212392456	0.1164089064	0.061883865	0.2057724971	0.063845753	0.0259290946	-0.1942059563	-0.0860108502	0.2090573662	0.2726860186	0.0026593225	-0.0943485723	-0.0863548719	0.134826049	0.1070253844	-0.0353788492	0.0307683867	0.0831637189	-0.033626542	-0.0187562604	0.0195886351	0.0618992308	0.01367479	0.0270126851	0.007056604	0.1699433758	0.0331167245	0.0015761478	0.0423580812	-0.1850884724	-0.0276619395	-0.1938333072	0.0137521785	-0.0760230269	-0.003838433	-0.0429038453	-0.0878897322	0.0063118325	-0.0913217624	0.1849357368	-0.0956383484	-0.0290934245	0.0093247427	-0.0948466547	-0.0392320023	-0.003528945	-0.1348328594	-0.0290625298	-0.1458559187	0.0314320645	-0.1071833352	-0.0218738281	-0.0299308808	-0.0314382471	-0.0032132623	0.0784422443	0.2011511679	0.054494084	-0.237481479	0.1036368423	-0.2699115554	-0.1267250938	0.0071766747	0.0203438565	0.0831819834	-0.0324309782	-0.0558902474	-0.1892173662	0.2459926097	0.0025494381	0.045316517	-0.0509743371	-0.0605354987	-0.1233605481	-0.1014843387	0.0423825628	0.0045542671	0.0755952396	0.1935102283	0.0992744378	0.0317865668	0.2549277407	-0.0414911691	-0.0308545191	0.0712566727	0.0289128774	-0.044686165	0.0472222479	-0.0171008963	-0.1334214415	-0.00346481	0.0660180393	0.0466089739	0.0483649174	-0.0673249927	0.1376645268	-0.0082954136	-0.1013035037	-0.1271898613	0.0450804358	-0.0521952069	-0.0157206088	0.098986043	0.0728424086	0.011154503	-0.0553895653	-0.053498242	-0.1486278195	0.0543461203	-0.0689048858	-0.117453149	-0.118493	-0.008565	0.014040591049	7.335922500000005e-05	-0.0428157	0.0106957	0.0018331841664899	0.00011439799849	0.0834831	-0.0300848999999999	0.00696942798561	0.0009051012080099	-0.0007874699999999	-7.769199999990001e-05	6.036046863984463e-09	6.201090008998425e-07	0.00187143	0.00013273	1.7617252900000047e-08	3.5022502449000003e-06	-2.89253e-05	0.0002815647	8.366729800899998e-10	7.927868028609e-08	0.0	0.0	0.0	0.0	0.0	0.0	0.0	0.0	0.0	0.0	0.0	0.0	0.0	0.0	0.0	0.0	0.0	0.0	0.0
624.9264565109239	2.523340647437294	390533.07604729966	6.367248023009263	882.3179387380679	2.9339026615620014	778484.945018993	8.607784827520597	599.7146182492356	1.3531381574457555	359657.62334182643	1.8309828731356943	619.6411951669411	543.3785993018571	1.351517	64.085098	0.173968515	0.0904095	0.0885292213	-0.0437325938	0.0244861402	-0.0071089317	0.0886838276	0.08322382	0.0454298101	-0.04145053	0.0496042166	-0.0585527585	0.0038358814	0.060214657	-0.020761465	-0.0682383917	0.0564452188	0.1296424901	-0.0711837366	0.0444423252	-0.1191466298	0.0230548504	-0.0930605157	-0.0012756425	0.0009043558	-0.1031902466	-0.0036965621	0.0457854224	0.0074921608	-0.0394241588	-0.0382537129	-0.1802397287	-0.1822782513	0.1475409224	0.3155346349	-0.1279925063	-0.0684876662	-0.0921665212	-0.0656650832	0.1521921874	0.0145154516	-0.0523651595	0.221864998	0.1566873452	-0.1889723608	0.068182729	-0.0840101006	-0.0367457979	0.1691660964	0.1244375504	-0.1129613503	-0.0650475459	0.1047433388	0.015757143	-0.1406591513	-0.0107957336	0.2500812429	0.0571087254	-0.1110053049	0.0021103577	-0.0389461305	0.1662600415	-0.0875201748	-0.0310129941	-0.0337808744	0.1927684831	-0.0692462894	-0.081532643	-0.0255850706	-0.0616654289	-0.1650322676	0.2234807356	-0.1580925294	-0.0264907646	0.1216530762	0.044200087	-0.0816263695	0.0038914922	-0.012550995	-0.0132600903	0.002502457	-0.1162591123	-0.0471793271	-0.0110089205	-0.0601521518	-0.0400827898	-0.1399822237	-0.1095852371	-0.2584223062	-0.0646005982	-0.0866722531	-0.1762358009	0.0892961828	-0.0792459875	0.1256180374	-0.1746850801	0.1751141449	-0.0853309113	-0.2404289808	-0.057299086	-0.0489453477	0.2682800817	0.1256395478	0.040076516	-0.2530341084	-0.0257277795	0.0796780228	0.1735821802	0.0823670126	-0.0253700946	0.022810119	-0.0823256585	0.1819539224	-0.1633360862	-0.1249992804	-0.0421214967	-0.0449198663	-0.2135383509	0.0144002379	0.0841952145	-0.1807544158	0.0965991699	0.0293836488	-0.19221867	0.0960248116	-0.0366529313	-0.1008019219	0.0813379868	0.0842961094	-0.0011109842	0.0595694834	-0.0438511378	-0.0660926511	-0.0059384516	0.0165269403	0.0068770103	-0.0780814555	-0.0871052139	-0.0204270574	0.0224014085	-0.1484175059	-0.0216585044	-0.0275351617	0.0879243615	0.00652502	0.0234236884	0.040524178	-0.0535566154	-0.0662128553	-0.1439406649	-0.0424432235	0.051998861	-0.073111544	-0.116066535	-0.10018	0.0183129999999999	0.0100360324	0.0003353659689999	0.0058322	0.0486479	3.401455684e-05	0.00236661817441	0.0275932	-0.0558899	0.0007613846862399	0.00312368092201	-0.00025645	0.0005310199999998	2.819822403998937e-07	6.576660250000001e-08	0.00191318	4.1749999999999904e-05	1.7430624999999919e-09	3.6602577124e-06	0.000420659	0.0004495843	1.76953994281e-07	2.0212604280649e-07	0.0	0.0	0.0	0.0	0.0	0.0	0.0	0.0	0.0	0.0	0.0	0.0	0.0	0.0	0.0	0.0	0.0	0.0	0.0
623.6402636229135	-1.2861928880104188	388927.17841165705	1.6542921451685817	873.1898164998889	-9.128122238179005	762460.4556391097	83.32261559513805	599.5832582941727	-0.131359955062976	359500.08362665656	0.017255437794147	618.6604623943416	501.66392367946753	1.344762	63.764801	0.0900538999999999	0.0526456	0.114465074	0.0184846726	-0.1242196435	-0.0341218144	-0.0440517766	0.114063501	-0.0502485936	0.0315214846	0.0820109557	0.0594585076	-0.0080603918	0.0085367419	-0.0831754524	0.1714614515	0.0437706681	-0.057398501	0.1122834048	-0.092282749	0.0240381535	0.0380460061	-0.0771860881	-0.004019559	-0.0089752946	-0.0833977886	-0.0585409681	-0.1408970213	-0.0161355651	-0.0922143878	0.0734381211	0.0765376911	-0.0025089485	-0.0531252577	0.0994285544	-0.0892802272	0.1798633862	-0.0478693706	-0.0922349811	0.0385231232	-0.0675301188	0.0458190116	0.1947984624	-0.2300618389	-0.0652456199	0.1513234096	-0.0981937231	0.2246239514	-0.0297811461	-0.1326746123	0.0531242495	-0.0273673847	-0.2021633106	-0.2648608669	0.2246449314	-0.218030577	0.1021172525	-0.0191799777	-0.0627323974	0.1126090577	0.0012312598	0.032665599	-0.1371931184	0.1108685063	0.1113552993	-0.1387068315	0.0106649898	-0.0424024092	0.0807726032	-0.2247569458	-0.0874502661	0.0468766374	0.11247524	0.165419884	-0.1840552912	0.0421462382	-0.0708637498	0.0021683078	-0.0714125577	-0.0805890253	0.0694485604	0.0520671977	0.1157748321	-0.0670839901	-0.0934423423	0.1216132303	-0.0268821979	-0.0330144291	0.0376653701	0.1109998517	-0.0675566782	0.010343597	0.0991073988	-0.0152711671	0.1042199979	-0.0528063536	-0.0696721993	0.3394007135	-0.1325610709	-0.2232208124	-0.1778216434	-0.0543868589	-0.0202743884	0.1726878998	0.1621606083	-0.1875086333	0.1371949038	-0.1405250738	0.1471586979	-0.0153296275	0.1367394717	-0.0945867455	0.0810225215	0.1797938851	-0.0833718159	-0.1648979384	-0.0024155544	-0.1347273205	0.0873006812	0.1437665713	0.0863160543	0.0900174046	0.1179454445	0.0148978795	-0.0914694949	0.175619672	0.0755004175	0.080973938	0.0515954375	-0.0353246431	0.0734198938	0.0105859492	-0.1284438749	0.0268746816	0.053697106	0.0228146861	0.0465771519	-0.030053303	0.0974304306	0.0154947132	-0.0463349187	-0.0259966617	-0.1131556225	0.2187360712	-0.1207965842	0.0042310897	0.0739903113	-0.0208414163	-0.1132515742	0.0576245625	0.0312995169	0.0496261511	-0.077175083	-0.1141688124	-0.11379	-0.0136099999999999	0.0129481641	0.0001852320999999	0.010952	0.0051198	0.000119946304	2.621235204e-05	0.0606223	0.0330291	0.0036750632572899	0.00109092144681	-0.000206572	4.9878000000000026e-05	2.4878148840000032e-09	4.2671991184e-08	0.00188551	-2.767000000000004e-05	7.65628900000002e-10	3.5551479601e-06	-0.000267693	-0.0006883519999999	7.1659542249e-08	4.738284759039999e-07	0.0	0.0	0.0	0.0	0.0	0.0	0.0	0.0	0.0	0.0	0.0	0.0	0.0	0.0	0.0	0.0	0.0	0.0	0.0
627.2595699190286	3.6193062961151554	393454.5680550048	13.099378065098804	877.5692238353491	4.379407335460201	770127.7426229771	19.17920860988261	599.5729093896023	-0.0103489045703781	359487.67367391224	0.0001070998258067	619.6808993898383	654.339511495741	2.148173	101.860291	0.53065435	0.270322	-0.0095229136	-0.2452020894	-0.0499181459	-7.52696e-05	-0.0414915811	0.1602182197	0.0286799109	-0.2056695846	-0.0622871226	-0.0990235111	-0.1326024493	0.0167799566	0.0022034278	-0.018165823	0.0920272728	-0.0515021483	-0.0508175758	0.1104605847	0.0641251745	0.0270839355	-0.0389066624	-0.0557656665	0.2507888453	-0.1436670034	-0.0420442423	0.1213089338	0.072066149	-0.0218100873	0.0315939202	-0.100300075	0.3338102841	0.0298258506	0.1354469547	-0.0046216294	-0.0012916071	0.0339101384	-0.0594758531	-0.16626311	-0.118093674	-0.0190424915	-0.0522949368	0.0582630348	0.0702001576	-0.0747130072	0.1952305432	0.1943629454	-0.0385929173	0.01814465	0.0273284608	-0.0357032775	-0.0011541137	0.0153585415	-0.0244552295	0.0224689204	-0.018704048	-0.225022139	-0.1160558553	-0.0946475056	-0.0402554849	0.0460256661	-0.0621216038	0.0309133809	0.0308807382	-0.0646307052	0.0402603721	0.075780964	-0.1737795161	0.0175119546	0.1058655141	0.1222210103	0.0780045638	0.04037651	-0.0183225383	0.0374627096	-0.0467546792	0.0432373868	0.1459735715	-0.2166974358	0.1103515531	-0.111955324	0.0041460159	0.0514159626	0.1507606794	-0.2764630767	-0.0786983723	0.0598584729	-0.0270164734	0.0815674563	-0.1234403971	-0.010149815	0.0198645927	0.0583538744	-0.0914596992	0.0411987477	0.0202822664	-0.0730259339	0.1473677499	-0.0938646418	-0.1489699914	-0.2371365689	-0.086176942	-0.0214410333	-0.1984588876	0.0075298643	-0.162958305	-0.0751091632	0.0928206307	-0.1192464926	-0.06312688	-0.1510463635	-0.0239375123	0.1024607242	-0.0944636379	-0.0104459227	0.0649585556	0.0708547003	0.0982919049	0.0665080145	-0.0582357545	-0.1218984726	-0.0757520802	-0.0911711614	0.1057472416	0.2133037159	0.0679281092	0.0502742525	0.1790038806	0.1751356931	0.1223558867	-0.0373721257	-0.0072751093	0.0096490189	-0.0194248235	0.0120534402	-0.1679003379	0.0122477353	0.0380418479	-0.2517803151	-0.0522334623	0.1258316341	-0.0097034019	-0.20273391	0.0173488443	-0.028644113	-0.0705813342	-0.2208389049	-0.0640963155	0.0607790801	0.0115706558	0.0472291519	-0.081087548	-0.111768338	-0.0140464	0.0997436	0.00019730135296	0.00994878574096	0.0911914	0.0802394	0.00831587143396	0.00643836131236	-0.172537	-0.2331592999999999	0.029769016369	0.0543632591764899	-0.00102526	-0.000818688	6.702500413440001e-07	1.0511580676e-06	0.00113994	-0.0007455699999999	5.558746248999998e-07	1.2994632036000005e-06	0.00051829	0.000785983	2.6862452410000005e-07	6.177692762890001e-07	0.0	0.0	0.0	0.0	0.0	0.0	0.0	0.0	1.0	0.0	0.0	0.0	0.0	0.0	0.0	0.0	0.0	0.0	0.0
626.9919845574425	-0.267585361586157	393118.9486992802	0.0716019257351943	877.2581507039865	-0.3110731313626047	769581.8629765783	0.0967664930557363	600.9151981936252	1.3422888040229282	361099.0754200839	1.8017392334053028	620.6157836096814	643.2820292150273	1.16077	55.04044	0.1677145	0.113089	0.0009014579	-0.2195690943	0.0126915018	-0.0669141694	0.0321150408	0.1133244919	0.1348504633	-0.1188761913	-0.0217799215	-0.1152547745	-0.0574290624	0.1104361488	0.0880755191	0.1504310407	-0.1086973695	0.0007677751	0.0328854676	-0.0945571012	0.0109607903	0.0557999867	-0.0744757061	-0.0128001067	0.1813675159	-0.0422734007	-0.1252231065	0.0494458676	-0.0446014596	0.0100892033	0.0934887494	-0.0123543216	0.1807957835	-0.0616964008	-0.0866541678	-0.1909831209	-0.2779039328	0.1058288215	-0.0501038076	0.0572281286	-0.1229964658	-0.0185814432	0.1806793873	-0.2965506964	-0.0592021403	-0.0468310051	0.0595680231	-0.188632741	0.1040531878	-0.0661114229	0.0581032419	-0.0335178464	0.049473209	-0.0598581241	0.1036926394	-0.0170998641	-0.058764896	0.0427052601	0.000221296	-0.0638349438	0.1219186687	0.0652957035	0.2183118111	-0.199870974	-0.010648098	0.0821029882	0.1238475448	-0.0670739877	0.021814333	0.0712776495	-0.0710452414	-0.1701984633	-0.0566148843	0.00933995	0.0228184637	0.0653056795	-0.0716206755	0.0076363988	0.1111094752	-0.0783187053	0.1585922247	-0.0980845396	0.0369362204	-0.0332051147	0.1532231314	-0.0865407539	-0.0591855486	0.2175393604	0.077046994	-0.0812078703	0.1054944731	-0.1862923308	-0.0928590935	0.0831760516	0.3211312655	0.0159704413	0.1530678341	0.2836384967	0.0007611875	0.1049426257	-0.0151713059	-0.0641504884	-0.1379616761	0.0417826803	0.0121287609	-0.0207556482	0.1324817209	0.1529100204	-0.1111924013	-0.110648748	-0.028841847	-0.0407408659	0.0042109457	0.0448758328	0.085440274	-0.0978510914	-0.0448601893	0.1194558127	0.0458119326	-0.1442801081	0.1091898644	-0.1099577806	-0.0433115369	0.0297501689	0.016842665	-0.1869428951	-0.0094009509	0.0643233382	0.1578667092	0.1152442553	0.131511436	-0.0221248245	-0.0238773183	0.0723884815	0.0239126906	-0.0456010016	-0.1436445351	0.0922259674	0.1154956804	-0.1453710514	-0.010513719	0.1395560841	-0.0068386931	-0.0668709121	0.0979502414	0.0092509204	0.0636779332	-0.019508769	-0.0673430312	0.0540432345	-0.0510584583	0.0448090364	-0.0848412804	-0.1088756826	-0.0443807	-0.0303343	0.00196964653249	0.00092016975649	0.0890735	-0.0021179	0.00793408840225	4.485500410000025e-06	-0.0671788	0.1053582	0.0045129911694399	0.01110035030724	-0.00107303	-4.776999999999993e-05	2.281972899999993e-09	1.1513933809e-06	0.000934693	-0.000205247	4.212633100900004e-08	8.73651004249e-07	0.000173225	-0.000345065	3.0006900624999995e-08	1.1906985422500003e-07	0.0	0.0	0.0	0.0	0.0	0.0	0.0	0.0	0.0	0.0	0.0	0.0	0.0	0.0	0.0	0.0	0.0	0.0	0.0
626.5241085010846	-0.4678760563579089	392532.4585330788	0.2189080041130292	880.1279452506502	2.869794546663684	774625.2000111316	8.235720740060618	600.2666951678386	-0.6485030257865674	360320.1053277189	0.4205561744543333	620.4122253922908	642.2274476070614	1.141525	54.127895	0.12158865	0.0577544	-0.0003687777	-0.2051585529	0.0517738752	-0.0294973267	0.0518698451	0.1021633639	0.0573003303	0.0283669804	0.0102033737	-0.0327060335	-0.0142954075	-0.0147576231	-0.100993169	-0.0630617545	0.00177015	-0.0212129982	0.160174882	-0.2213114878	0.065054378	0.0577092905	-0.0742484823	0.0233192119	0.1558673465	-0.0191351099	-0.1351147758	0.0109662782	0.0844550612	0.0437235114	-0.1035016697	-0.165418294	0.1244308482	-0.1177450387	-0.2471627547	0.0380387134	-0.0888297606	0.0966816637	0.0302139166	-0.0532488997	0.0302241676	-0.0733683413	-0.0736967118	0.16856991	-0.1438756022	-0.0307031445	-0.3872520635	0.1188258998	0.0151496139	-0.0350069072	0.2837049802	0.0953466617	0.0852618548	-0.1399049267	0.0283750895	0.0521878663	0.0015653442	0.0461486817	-0.1190646453	0.0045170244	-0.0351104254	0.1006878507	-0.0138912642	-0.0074521275	0.1708114542	0.0454487507	-0.1066964732	0.0132241123	0.0581210109	0.1388695314	0.0482039195	-0.003842537	0.0982752748	-0.1536274245	0.1428769756	0.0763941591	-0.078107591	-0.0116659251	0.0797954244	-0.0174268395	0.1646410123	-0.0520965246	-0.1041939778	-0.008657259	-0.0497530349	-0.1315620079	-0.1013019441	0.089114973	0.0926668099	-0.0267858367	-0.1015801724	0.1007207304	-0.2094470582	-0.1307666759	0.0701176937	0.2749564328	-0.1191309328	-0.065293457	0.1672754711	0.0749535097	-0.0348674098	0.2748853709	-0.0107995925	0.0551449971	0.1549416685	-0.1793600858	-0.2298295197	0.0648894868	0.0445653697	0.1108065267	-0.0115311442	0.1482706004	-0.0445393509	0.10020515	-0.0279055612	0.0334880933	-0.0053407836	-0.2429455696	0.1418070617	0.0797348359	0.0767060913	-0.0098897645	-0.003606233	0.0151910255	-0.0296048085	-0.1329790867	0.1207432644	0.070034061	0.131160832	0.0967880875	0.1337192436	-0.0360883099	-0.0173440002	0.0980337374	0.063280286	0.0073273832	-0.2534982069	-0.0122918663	-0.0077513969	-0.0315973016	0.0314358656	0.1423679129	-0.0322923653	-0.030980402	0.096540076	0.0232076799	-0.0949708836	-0.1089362768	-0.0759353269	-0.0476763344	0.0628528105	0.0423669894	-0.0884289321	-0.1055035841	-0.0747492	-0.0303685	0.00558744290064	0.00092224579225	0.0616934	-0.0273800999999999	0.00380607560356	0.0007496698760099	-0.0840204999999999	-0.0168416999999999	0.0070594444202499	0.0002836428588899	-0.000769922	0.0003031079999999	9.187445966399997e-08	5.927798860840001e-07	0.0010942	0.000159507	2.5442483049000008e-08	1.19727364e-06	-0.000304127	-0.000477352	9.249323212900001e-08	2.27864931904e-07	0.0	0.0	0.0	0.0	0.0	0.0	0.0	0.0	0.0	0.0	0.0	0.0	0.0	0.0	0.0	0.0	0.0	0.0	0.0
625.789551315818	-0.7345571852665671	391612.5625360528	0.5395742584267418	879.6279483255943	-0.4999969250559388	773745.3274754944	0.2499969250653941	599.4931712057862	-0.7735239620524226	359392.0623223701	0.5983393198692777	619.3970854121296	635.790752705844	1.082663	51.336815	0.1069873499999999	0.0667808	0.0067686141	-0.1754101129	0.0428932692	-0.0957873896	0.0825040464	0.1195852856	-0.0029802838	0.0107559613	-0.1178154126	0.0070942125	-0.0726853399	0.0658285586	0.0933253753	0.0917018901	0.0347929652	-0.042035621	-0.0134417592	-0.0512562382	-0.0242351902	0.0393191654	-0.0816453378	-0.0449523417	0.1570797922	0.0056201771	-0.1249117878	-0.0567509296	-0.0033620598	0.1341455454	0.0801414624	-0.0391740279	0.0303809948	-0.0332237232	-0.3007502816	0.1715136492	-0.0171574869	-0.0174121261	0.0215136158	-0.041580619	0.1460468441	0.0256030102	0.0400345769	0.0217535988	-0.2299818968	0.016205337	0.0718325272	0.0996210097	-0.0980698262	-0.0795456223	-0.0137190512	0.0304075828	-0.0249986226	0.1748722036	-0.0048124271	0.0817515848	-0.0298430018	0.2117919574	-0.0204337918	0.2159654781	0.008237028	-0.1046758414	-0.0876234022	0.0562987299	-0.1718086778	-0.117630435	0.1954714502	0.0173320695	0.0632770615	-0.1215547052	-0.1696659889	0.047892686	-0.180509462	0.1535982433	0.1585665207	0.0554464328	-0.0899021604	0.053743987	0.0592483585	-0.0242158002	0.1659206038	0.0248094473	-0.0397040094	-0.0944624965	0.0518001945	0.0400537535	-0.0674835354	0.1796539126	0.2196415122	-0.1138147482	0.0678099762	0.0181377862	-0.0037878893	-0.0997625676	-0.189291428	0.1102749397	-0.0636816612	0.0301756883	-0.00776388	-0.0692866014	0.0374054789	0.1219121581	0.0762944326	-0.1499447084	0.0543362791	-0.0350418481	0.0948973172	-0.0761999732	-0.0433145255	0.0916627714	0.1223845854	0.061900072	0.0190055058	-0.1857281895	0.1255183595	-0.0639745902	-0.1508186302	0.140030058	0.0393073105	0.0272144285	-0.1571280569	0.344864634	-0.001865887	0.0154257769	0.0325302825	-0.1160865831	0.1117789082	0.0752253629	0.1050298544	0.0342242386	0.147639785	0.0058443472	-0.0696838373	0.1306813584	0.0735837245	0.0149430973	-0.124095676	0.0837212035	0.0919084086	0.0496790504	0.0815147332	0.129836199	-0.0636594282	0.0843769136	0.0029684112	0.0197981355	0.0612866464	0.1067459693	-0.0570825293	0.0515897791	0.0647489338	0.039904206	-0.0918434799	-0.1016668918	-0.0865639	-0.0118146999999999	0.00749330878321	0.0001395871360899	0.044288	-0.0174054	0.001961426944	0.00030294794916	-0.0245892	0.0594312999999999	0.00060462875664	0.0035320794196899	-0.000962895	-0.0001929729999999	3.7238578728999976e-08	9.27166781025e-07	0.0011322	3.8000000000000056e-05	1.4440000000000043e-09	1.2818768400000002e-06	-0.000439873	-0.000135746	1.9348825612900002e-07	1.8426976516000003e-08	0.0	0.0	0.0	0.0	0.0	0.0	0.0	0.0	0.0	0.0	0.0	0.0	0.0	0.0	0.0	0.0	0.0	0.0	0.0
627.0920168757325	1.3024655599144808	393244.397629274	1.696416534763342	878.8789383249482	-0.7490100006460807	772428.1882311881	0.5610159810678418	600.537755892171	1.0445846863848374	360645.5962520049	1.091157167029709	620.9033013395261	639.3150409543339	1.135576	53.845821	0.0988233	0.0520673	0.0116276857	-0.1769632801	0.0050325418	0.0387312642	0.031844551	0.1204504061	0.0267756033	0.1286653674	0.0128396138	-0.0774915512	0.0245694408	-0.0443844335	-0.0911998805	-0.0173896604	-0.0110352819	0.0716272433	0.0703293573	-0.1614394946	0.0813157787	0.058651177	-0.0820625645	0.0484929459	0.0983303132	-0.0734766354	-0.1374558185	0.0273953022	0.2133552331	0.0091727178	-0.1026337719	-0.1204099657	-0.0268381768	0.0097207895	-0.064537817	0.072623029	-0.0433938617	-0.0614745163	-0.2851226085	0.3438721378	0.1736683138	-0.0405705179	-0.0653930486	0.0543503277	-0.0731913264	0.0181709317	-0.1135579339	-0.1366588626	0.0118763142	-0.147302537	0.0295798438	-0.1625098927	0.0035723074	0.17686906	-0.040321362	-0.005892086	0.0835779964	-0.153111069	0.1993514028	0.0872633183	0.0502866766	-0.078173685	0.0406498431	0.0183135478	-0.0886203475	-0.0178291377	-0.0733935451	0.0933407223	0.0216795277	-0.0092936663	0.1810954712	-0.0365107223	0.1136378988	0.133853587	-0.2584918924	0.0859908016	-0.079905642	-0.0445391191	0.0197537361	-0.0426928641	0.1622351681	-0.0018765008	-0.1733223029	0.0432793943	-0.1342972916	-0.173098728	-0.0649116838	-0.0048499302	-0.0781945354	0.0109472196	-0.1129511081	0.0599033012	-0.1953171215	-0.3180289354	-0.0293760245	-0.1242440288	0.012967396	0.0779076653	-0.1022021741	0.0178503333	0.2078531772	0.1386673913	0.0539750917	-0.1414160009	-0.0144908398	-0.2112982731	0.0824266306	-0.068235051	-0.1541955545	0.1406498171	-0.08317086	-0.1112544837	-0.0725435056	0.1080509664	0.0868310871	0.0853728276	0.0330504314	0.0725008596	-0.1347631836	-0.1834191969	0.1021224196	-0.1410457598	0.0787906627	0.0106144685	-0.0117173931	0.2241396716	-0.1396563653	0.0764461156	0.0977940148	0.0410344128	0.087010508	-0.0453034473	-0.0827324969	0.0781608043	0.0897954291	-0.0113575537	-0.2556032825	-0.0595454205	-0.0819190283	-0.0133158734	0.0111080521	0.0917332838	-0.0649065668	0.1087842632	0.165244038	-0.15072283	-0.255009221	-0.0732081932	0.0587857538	-0.1359769803	0.1105147918	0.0374218916	-0.0950782398	-0.0973825011	-0.0896659	-0.003102	0.00803997362281	9.622404000000046e-06	0.0040679	-0.0402201	1.654781041e-05	0.00161765644401	-0.0365712	-0.011982	0.0013374526694399	0.0001435683239999	-0.000440659	0.0005222359999999	2.727304396959999e-07	1.9418035428100003e-07	0.000917636	-0.000214564	4.6037710096000046e-08	8.42055828496e-07	-0.000573457	-0.0001335839999999	3.28852930849e-07	1.7844685055999993e-08	0.0	0.0	0.0	0.0	0.0	0.0	0.0	0.0	0.0	0.0	0.0	0.0	0.0	0.0	0.0	0.0	0.0	0.0	0.0
623.670719422917	-3.421297452815452	388965.1662654989	11.7052762606415	867.6577769455115	-11.221161379436694	752830.0178940269	125.9144627033616	598.2726740265665	-2.265081865604543	357930.19248689833	5.130595857890557	617.3049852801909	617.3126912897123	1.373236	65.11496	0.07845625	0.0408537	0.0229262854	-0.1436248341	-0.0903605379	-0.1100156573	-0.0200346531	0.1407422795	-0.0962013177	0.030581645	-0.1238553139	0.1368881284	-0.1316971782	0.0385772043	0.0313302729	0.2260738998	0.029006869	-0.1085968431	0.0639626311	0.0853606841	0.0854508191	0.0044391932	-0.0714438138	-0.1548508777	0.118239142	0.0114642129	-0.2044383115	-0.1446141161	-0.032554275	0.1915445459	0.268049511	0.1185440989	0.1122169719	0.0761762187	-0.1674131176	0.1306698266	0.2088307702	0.0167917273	0.0120977203	0.0296075773	-0.0662477446	-0.0255729942	0.2513579207	0.1642556417	0.1777772409	-0.0435076537	0.0368674645	-0.135984062	0.0976095679	0.0967644904	-0.0193339208	-0.0611063667	-0.1857491564	0.1753521443	-0.0599966161	-0.211548563	0.0135732826	-0.1667229039	-0.0828432902	0.0483168137	-0.162897806	-0.0299014297	-0.0078309257	0.0304013141	-0.0637870148	0.0921237126	-0.1756250875	-0.1061965714	-0.0487845447	0.0928294514	-0.0364968263	0.0638337692	0.1187459873	-0.1224351705	0.0100382727	0.0128328611	-0.0878575937	0.1252659333	-0.0073942359	-0.07708874	0.2230466943	0.1572932632	0.0299686563	-0.1626280246	0.1341338414	0.1691776726	0.0639804359	0.199867988	0.3832450101	-0.0803324296	-0.0707446334	0.0021210671	-0.0629622335	-0.0146033751	-0.1736461625	-0.1054356238	0.1398305187	-0.1914575946	-0.0395050075	-0.0559719206	0.0243371177	-0.0822029735	-0.0473201737	0.1086940662	-0.2029368371	0.0443668865	0.0966200135	0.0279757081	0.0630023335	0.0847950925	0.2695406738	-0.062832431	0.0339724337	0.0716025811	-0.0618588693	0.044240693	0.1290759028	-0.1130301854	-0.1200640747	-0.0203896708	-0.0128756273	-0.1058784813	-0.1011988139	-0.025696776	-0.0131376902	0.1366465943	-0.0673598042	0.0724682781	0.1199933632	0.0083363125	0.166261805	0.0806213162	-0.1017481164	0.102919651	0.0230905965	0.0395654501	0.0315584043	0.2515774582	0.2182165526	0.0511457509	0.165672042	0.1487997178	-0.1788833866	0.1667611796	-0.2320343786	0.0828083777	0.2661867516	0.2131098123	-0.0488700908	0.2430761126	0.0753960367	0.0349212611	-0.0981268796	-0.0926692784	-0.0816966999999999	0.0079692000000001	0.0066743507908899	6.35081486400017e-05	0.0262778	0.0222099	0.00069052277284	0.00049327965801	-0.0190708	0.0175004	0.0003636954126399	0.00030626400016	-0.00048171	-4.105100000000001e-05	1.685184601000001e-09	2.320445241e-07	0.000988119	7.048299999999998e-05	4.967853288999997e-09	9.76379158161e-07	-6.9456e-05	0.000504001	4.824135935999999e-09	2.54017008001e-07	0.0	0.0	0.0	0.0	0.0	0.0	0.0	0.0	0.0	0.0	0.0	0.0	0.0	0.0	0.0	0.0	0.0	0.0	0.0
596.2468042706903	-27.423915152226755	355510.25160301087	752.0711222765322	821.8225614950459	-45.835215450465626	675392.3225822784	2100.866975390603	575.8783275386842	-22.39434648788233	331635.848128752	501.5067546193277	593.8085688668074	604.4038781045991	2.410478	114.298042	1.99057815	1.28751	-0.1081890804	-0.0883537679	-0.1059451787	-0.2621747358	-0.4680256979	-0.0895246868	0.4198069546	0.0222792475	-0.0643499902	-0.0181477429	0.3849000615	-0.1676677303	0.0320161087	-0.0292484653	-0.0703516524	0.0574825325	0.0340563184	-0.0093783934	0.0852035967	-0.5331952983	0.088079214	0.6411329518	0.0237973709	-0.0115213464	-0.0256664111	-0.0261904532	-0.00830281	0.025320839	-0.0145633153	-0.0657128154	0.0605394634	-0.0316292619	-0.0439513576	0.00470843	0.0170875221	0.0654538861	0.1065612345	0.0091538693	-0.067524346	0.0745041588	0.0796533466	-0.0154492819	-0.0099433924	0.0174371882	0.100788328	-0.0679997829	-0.0445973382	-0.0629885124	-0.0381200171	0.0406778039	-0.0023418632	0.0779397221	0.0411902441	-0.0851576888	-0.0314642155	-0.0027429101	0.0879021605	-0.029753306	-0.0690419644	0.0424169616	-0.0336309455	-0.0702422327	-0.0124593092	-0.0734586971	-0.0824359449	-0.0202098191	0.023803701	0.0190313498	0.0185231428	0.014967143	-0.0070442406	0.0447964438	0.0352047658	-0.5274142236	-0.0123706196	-0.6530668025	0.0588454717	0.042183899	0.0205275127	-0.0149073625	0.0136077636	0.0076520678	-0.039503612	-0.0012482348	-0.0800876187	0.1060159696	0.134623195	-0.0341590128	0.0184673063	0.0343329295	0.0532010913	0.1278045267	0.0500413891	-0.0583995655	0.0088766637	-0.0397766644	-0.0285387433	-0.0204369995	0.0002659623	0.0384554834	-0.0599907892	-0.0459713039	0.0308845154	0.0476858513	-0.0094851932	-0.0806587289	-0.0562950989	-0.0813764563	-0.0180304627	0.0570991052	0.0465885415	0.0246354454	0.0888954689	-0.0123257249	-0.0218953051	-0.1241658368	-0.0200371824	-0.0275989772	-0.0269955363	-0.0366222444	0.0174934469	-0.0686759054	-0.0401528219	0.0315764988	0.0222036059	-0.0806281891	0.0809355635	0.0742156475	-0.19292826	0.5131638779	0.0371793388	-0.470451338	0.1606720257	-0.165418038	-0.1857857756	0.0139618839	0.0804907833	0.017485582	0.1241467526	-0.097621929	0.1377738531	0.1142217242	-0.1746866005	0.1229563788	-0.1234238296	-0.0019148704	-0.1411417609	-0.0991086076	0.0224190941	0.0324035386	-0.1009834314	-0.087547979	0.0112672	0.0929638999999999	0.00012694979584	0.0086422867032099	-0.178641	-0.2049187999999999	0.031912606881	0.0419917145934399	-1.15508	-1.1360092000000002	1.3342098064000003	1.2905169024846403	0.00595025	0.00643196	4.13701094416e-05	3.54054750625e-05	-0.00233618	-0.003324299	1.1050963841401002e-05	5.457736992400001e-06	0.00130801	0.001377466	1.7108901601000002e-06	1.8974125811560004e-06	0.0	0.0	0.0	0.0	0.0	0.0	0.0	0.0	0.0	1.0	0.0	0.0	0.0	0.0	0.0	0.0	0.0	0.0	0.0
615.2298657209096	18.98306145021934	378507.7876749685	360.3566220228036	866.8345344622135	45.0119729671676	751402.1101363223	2026.0777103970263	589.6729137347339	13.79458619604975	347714.145192411	190.2906083202463	609.8864503247786	612.7335841642583	2.49735	118.417305	0.3161488999999999	0.178182	-0.1377653438	-0.0725125131	0.0002814936	-0.1189953151	0.0100111975	-0.1584792623	0.0101925831	0.2310914627	0.4248366211	-0.270226822	-0.2717588424	-0.1569840603	0.2151120583	-0.088759053	0.2844197563	0.1130939069	-0.1119715354	-0.0475661926	0.0963503769	-0.2342216689	0.1196688181	-0.4378228732	-0.0383574603	0.1392301531	0.0790816775	0.2668693497	0.1631833403	-0.2819492946	-0.151633369	-0.2163996788	0.0560435078	-0.1715852455	-0.0522233864	0.1101896113	0.0023198579	-0.0073722408	0.0764640979	0.0348716247	-0.002210158	0.0933372888	0.0773539024	-0.0788112751	0.0268657452	0.0629897742	0.1288808027	-0.0484001263	0.0064133137	-0.037300999	-0.0139129488	0.0706748813	-0.1028284769	0.0784767365	0.009831206	-0.0421207615	-0.0407794579	0.00336992	0.0222288659	0.0395880322	-0.0964575773	0.100533289	0.0209803415	-0.0102544133	0.0992311923	-0.0703306403	-0.0935275321	-0.1045003239	0.0197178299	0.0205446104	0.001845984	-0.0465399835	-0.0890308405	-0.0328662109	-0.0194631952	-0.2352107722	0.0579702477	0.4320231541	-0.0017824334	0.0750997601	-0.0402763639	-0.0414406151	0.001987673	0.4781130771	-0.2537361695	-0.1731690474	-0.1227437429	0.2172673348	0.0428278422	0.0028112672	0.0532480545	0.047683702	0.0601857647	0.1451286391	-0.1066843949	-0.0798229804	-0.097370914	-0.0538078139	-0.0871480773	0.0116507133	0.0272150544	-0.0086832804	-0.079310466	0.0588082227	0.0055430174	0.0196415749	0.0679490272	-0.0446350711	-0.0038162541	-0.0325218002	-0.0228081686	0.0796111382	0.0883989081	-0.0296616929	0.0999664266	-0.04947502	-0.0421696591	-0.1300781954	0.0166846809	-0.07571065	-0.0299498927	-0.0648859837	0.0610432663	-0.0088245855	-0.0231321551	-0.0581211408	0.1295742896	-0.1231999285	0.0975373434	0.0328073405	-0.4043845362	-0.2467572471	-0.0481679529	0.1232019485	-0.1916877496	0.3016531933	-0.0806385294	-0.0798841342	-0.0088149961	-0.0235450542	0.1640582729	0.1009403069	0.1785936699	0.1772768056	-0.3935114319	0.0478130535	-0.1608209438	-0.0156446914	-0.0589394604	0.0539106712	-0.0955992595	0.0298699563	-0.1036423034	-0.0820411548	-0.0206872	-0.0319544	0.0004279602438399	0.00102108367936	-0.161387	0.0172539999999999	0.026045763769	0.0002977005159999	-1.19243	-0.0373499999999999	1.4218893049000003	0.0013950224999999	0.00256783	-0.0033824199999999	1.14407650564e-05	6.593750908900001e-06	-0.00276359	-0.0004274099999999	1.8267930809999965e-07	7.637429688099998e-06	0.00208999	0.0007819799999999	4.3680582001e-06	6.114927203999997e-07	0.0	0.0	0.0	0.0	0.0	0.0	0.0	0.0	0.0	0.0	1.0	0.0	0.0	0.0	0.0	0.0	0.0	0.0	0.0
621.2072275857026	5.977361864793011	385898.41960471496	35.72885486268178	871.7690431059997	4.9345086437862165	759981.2645179504	24.349375555600886	594.8049380291903	5.132024294456414	353792.91430390894	26.337673358890857	613.9455755288068	609.6519959279719	1.774355	84.13490299999998	0.4920465999999999	0.27034	-0.1302768812	-0.065224769	-0.114815213	-0.0219694584	-0.0834984755	-0.0582532205	-0.0432920356	0.1893290677	-0.0303675142	-0.1223454726	-0.2994067855	0.0308154737	-0.2617510622	0.1564123804	-0.3825082101	-0.0043416409	-0.0939143651	0.1398361332	0.0489186598	-0.113199127	0.1433199146	-0.0935338466	0.0048847219	0.0099813654	-0.1014554513	0.1047982719	-0.1247650431	0.066414395	0.33110077	0.0940069187	-0.2083565615	-0.0406269311	0.0560279995	0.0266956757	-0.0961849088	-0.0597624005	0.0379135365	-0.0487132262	-0.0386806141	0.0519418782	-0.0692081295	0.0141513231	-0.1334935097	-0.0924747846	-0.0617473041	-0.043520964	-0.0558344405	-8.41886e-05	-0.0084043538	-0.0506715055	0.0491441089	-0.1629033225	0.0560621209	0.0124518172	0.0872173332	0.0206074496	0.0009335401	0.0632840474	-0.0356258606	-0.0903491514	0.0785537392	0.0359213464	-0.0101060799	-0.0461422795	-0.0277125535	-0.0369214308	0.0205744122	0.2155219556	0.0151239164	0.0244299518	-0.0759356854	-0.1169463824	-0.1110980467	-0.1402173923	0.1127118724	0.086596679	-0.0217773536	-0.0378874379	0.1569460052	-0.0001425132	-0.0565379832	0.0785513347	0.1606106857	0.3576417206	0.1593963816	0.055339888	-0.2016608563	-0.1248455883	0.0929291975	-0.098178195	0.0870170805	0.0249240919	-0.028756589	0.0388629545	0.0666386822	-0.0507336022	0.0099783684	0.0068114721	0.0434262923	0.1130044372	-0.039059859	-0.0696611461	0.1017090342	-0.1987901815	-0.0155569237	-0.0262206722	-0.0249684668	-0.0338781553	-0.0450160669	0.0118891912	-0.0210984256	0.0960126807	-0.0708678452	-0.0188318711	0.00963385	-0.0090870733	-0.0627732808	-0.0271141417	-0.101274904	-0.0704262068	0.0438807151	0.0052255779	0.0975403129	0.0186435859	-0.0217882013	-0.1353326898	0.1713053724	0.0274861412	-0.1408304664	0.1967014718	0.0391404223	0.0896734054	-0.2608023614	-0.0330664101	0.2802071655	0.1049883224	0.1000674245	0.0845086137	0.0500509162	0.2375328713	-0.1000351782	0.032572759	0.0965176533	0.3065361759	-0.0312535935	0.0509444321	0.3164806294	-0.2943461835	0.1027632691	0.0273217542	-0.1060982907	-0.0761730556	0.0216747	0.0423619	0.00046979262009	0.00179453057161	0.0216887	0.1830757	0.00047039970769	0.03351671193049	-1.2003	-0.0078699999999998	1.44072009	6.193689999999719e-05	0.00504335	0.00247552	6.1281992704e-06	2.5435379222500003e-05	-0.00523348	-0.00246989	6.100356612100003e-06	2.7389312910400005e-05	0.00231936	0.00022937	5.3794308096e-06	5.2610596900000006e-08	0.0	0.0	0.0	0.0	0.0	0.0	0.0	0.0	0.0	0.0	0.0	1.0	0.0	0.0	0.0	0.0	0.0	0.0	0.0
626.8077671955849	5.600539609882276	392887.9770167146	31.366043921860317	878.5268653684457	6.757822262445984	771809.453174107	45.66816173081056	602.5247864868949	7.719848457704529	363036.1183310783	59.596060209923	622.0135770666568	600.2565654051655	1.291596	61.243839	0.3669706999999999	0.185559	-0.153506947	-0.0373248754	-0.1749827701	0.1646547527	-0.1861117102	-0.0157672299	0.1586924146	0.086872073	-0.1637825046	0.0198935367	-0.0826328298	0.0699134562	-0.0837696745	-0.0355574186	0.0613679661	0.1050933422	-0.0135911524	-0.0368070202	-0.0057799664	0.0895695746	0.1760672271	0.1064603511	-0.0072483761	-0.0905426193	-0.0254119676	0.1723292607	-0.0127831579	-0.0145372284	0.1157593441	0.0402798545	-0.0502510321	-0.0941039253	0.0430091893	0.029835785	0.0131997641	-0.0731959728	-0.0678880022	-0.0577416209	-0.0493722614	-0.0498538579	0.0096990954	-0.0147571227	0.0790454063	-0.0471871332	0.0400492229	0.0725777173	0.0216800196	0.0142982813	-0.0087229149	-0.0267173598	-0.0021133313	0.0104939706	-0.0190191102	0.0488198532	-0.1069718903	0.0124847137	-0.0844202709	-0.0185097457	-0.0435401404	-0.0728969534	0.048317231	-0.0290942411	-0.0279451804	-0.055996387	0.0392038316	-0.0820304802	-0.0692396931	-0.0406648555	0.0147327276	0.019214348	-0.0443101479	0.0566624166	0.0350422284	0.0450100719	0.198775915	-0.1184252328	-0.0255392483	-0.0892196193	0.0943990599	-0.0615575066	0.0034151031	0.1509641936	0.075340496	0.0907676757	0.0538613078	-0.0280257079	-0.1281771537	0.0495097388	0.0173751184	0.083318678	0.0250533831	0.0157314959	-0.0695916202	0.0371848281	0.0686716637	0.0167493313	0.0191038522	0.0214032328	-0.0640173568	-0.1439935977	0.0543202457	0.0467829085	-0.0332257559	-0.0248486598	-0.0785444164	0.0209709348	0.0060140367	-0.0134067971	0.0082603558	0.0072941959	-0.0211949651	-0.0528917257	0.1199484352	-0.0075464337	0.0578433276	-0.0082093022	0.0625305912	-0.0446269678	0.0018305204	0.1016531009	-0.0049022405	-0.0046003064	-0.0195111874	-0.0083776132	0.0773528219	-0.1699060477	0.1099591092	0.0226195827	-0.0513688349	0.1499446581	0.0522951292	0.0845533416	-0.0899684108	-0.093089542	0.0786009396	-0.1768808613	0.0086397064	-0.1319585672	0.0075505978	-0.0435300966	0.0120967493	0.0707344412	0.1785957786	0.0921125092	-0.0229753925	-0.1761595252	0.1685926321	0.1426457051	0.0599883248	0.0247601796	-0.1083465856	-0.0699695221	-0.018812	-0.0404867	0.0003538913439999	0.00163917287689	0.0883768999999999	0.0666881999999998	0.0078104764536099	0.0044473160192399	-1.15418	0.0461199999999999	1.3321314724	0.0021270543999999	0.00250622	-0.00253713	6.437028636900002e-06	6.2811386884e-06	-0.00551085	-0.0002773699999999	7.693411689999993e-08	3.0369467722500003e-05	0.0008603439999999	-0.001459016	7.401917983358279e-07	2.128727688256291e-06	0.0	0.0	0.0	0.0	0.0	0.0	0.0	0.0	0.0	0.0	0.0	0.0	0.0	0.0	0.0	0.0	0.0	0.0	0.0
619.8977385780137	-6.910028617571243	384273.20629413537	47.748495495653536	863.8197141438723	-14.707151224573408	746184.4985436011	216.3002971424711	599.1310760024725	-3.3937104844223995	358958.04623188043	11.517270852078518	618.5615605162529	593.926808520275	1.13996	54.053661	0.2528634499999999	0.124268	-0.1699481492	-0.0099544792	-0.1193487007	-0.0170295419	-0.1823304149	-0.0622082548	-0.0285833836	0.0540209616	-0.0361844477	-0.001591724	-0.2172795068	0.1563220313	0.0008079945	-0.0418612411	-0.0135593281	-0.0975191145	-0.0124165155	0.0082815165	-0.1706733155	0.0152070626	0.1925873125	-0.0591057154	-0.0301525875	0.0009577558	-0.0774922477	0.0904278178	-0.011504293	0.0391114955	0.1720477571	0.0492060451	-0.0333126414	0.0375691818	-0.009708716	0.0038464951	-0.0855409893	-0.0055984066	-0.0971821443	-0.0665519907	0.0203110464	0.0847266846	-0.1350884274	-0.0173712461	0.0642439048	9.99486e-05	0.0202895566	0.0072109129	0.0290578191	0.0211272883	0.0197378678	0.0602441787	0.1438306327	-0.0079524987	-0.0475018812	0.0566164412	0.0413116919	0.040630927	-0.0307487194	-0.1575861921	-0.0742004327	0.0262539219	-0.0855725824	0.0561134664	0.0374988815	-0.0072739913	0.0056038959	0.0014200269	-0.1514848109	-0.0035171116	-0.0501555941	-0.0194949696	0.0457654548	0.0670998529	-0.0078456349	-0.0316367461	0.18564348	0.0426321121	-0.0592463605	-0.0343726847	0.1252334511	0.0099360198	0.0231868955	0.0963568466	0.2297848431	0.0371550245	0.031146352	-0.0247801785	-0.0662494398	-0.0580965569	0.0739264659	0.0777264503	0.0247734203	-0.0980604288	0.0081223178	0.0240965582	-0.0644597824	-0.0005359434	0.0740332214	0.0299074421	-0.0359467687	0.0034146832	-0.0138813608	0.0444329181	-0.0740637257	0.0507556921	0.0048327846	0.0363839173	-0.0566772785	-0.0253518866	-0.1270303271	0.0932865348	0.0240775852	-0.0216825005	0.0178977487	0.0290591147	0.0066955053	-0.0221146615	-0.0042188643	0.1491610925	-0.1261023499	-0.0477759591	-0.0650596483	0.0041961001	-0.1035047713	-0.011326301	-0.024529365	-0.1793849834	0.0957487307	-0.0312598461	0.0096685522	0.1045170947	0.0637993266	0.1707863113	-0.1576442483	-0.0619060188	0.0808625582	-0.0322536976	0.0418568538	-0.1033858413	0.0872816457	-0.0763989276	0.1191792493	0.0428136534	0.0944960748	0.0221006492	-0.0479338878	-0.0680948864	0.0354707782	0.0873692739	0.0179334552	0.0221864862	-0.110382787	-0.063457872	-0.0414974	-0.0226853999999999	0.0017220342067599	0.0005146273731599	0.0563799	-0.0319969999999999	0.0031786931240099	0.0010238080089999	-1.20315	-0.0489699999999999	1.4475699224999998	0.0023980608999999	0.000492407	-0.0020138129999999	4.055442798968999e-06	2.4246465364900004e-07	-0.00461046	0.00090039	8.107021521000001e-07	2.12563414116e-05	0.000790326	-7.001799999989996e-05	6.246151862760001e-07	4.902520323985991e-09	0.0	0.0	0.0	0.0	0.0	0.0	0.0	0.0	0.0	0.0	0.0	0.0	0.0	0.0	0.0	0.0	0.0	0.0	0.0
616.9464304561684	-2.9513081218452726	380622.89805260784	8.71021963006987	877.72344655178	13.903732407907684	770398.4486267352	193.3137748707024	600.7147983292701	1.5837223267976697	360858.2689317757	2.508176408397425	620.8562935773293	590.2029858319198	1.076762	51.057022	0.1987064499999999	0.0967052	-0.1825008572	0.0360357976	-0.0349696772	0.1253250327	-0.1348663838	-0.1097879063	0.0535860031	0.0691432943	-0.0578831872	-0.064864666	-0.0105686016	0.1232641522	0.1008631417	-0.0566830047	-0.0050587001	-0.1424011667	0.0900877701	-0.2056546638	-0.1165350158	0.0692280386	0.1905331998	0.0458462013	-0.0695882601	-0.0233517739	0.0060634292	0.0832255459	0.0389512557	0.064916674	0.0720642064	0.0445913572	0.04321492	-0.0303561335	0.0189079634	0.0154430063	-0.0755889477	-0.0020835422	-0.0561447403	-0.0053918839	0.0334135211	0.0561331631	0.0068615912	-0.0007825743	0.0629277681	0.0378736196	-0.0246094522	0.059948241	-0.017103825	-0.0003642663	0.1089074605	0.0510465506	0.0328533739	0.0044626255	0.0349292714	-0.0535702588	-0.0020700579	-0.0060618302	0.0285340125	-0.0618531077	0.0373766329	-0.0037752069	-0.0308105019	0.0035712265	-0.0290110893	0.0310352779	0.0808573678	0.0615613564	-0.0979756311	-0.0017943314	0.0921435292	0.0169093268	-0.0276808092	0.037506269	0.0122190483	0.0310360398	0.2070919878	-0.054031063	-0.0647470259	-0.0203290897	0.0038764262	-0.0106801302	-0.0311993534	0.0933181566	0.1489732987	-0.0670473657	0.0276357298	0.0055405444	-0.016552909	0.0212414367	0.0172380595	0.1201420202	0.01595855	-0.0911693344	0.0655303417	0.0151902852	-0.0815443309	0.0389140793	0.0195067555	0.0774849363	-0.0801303492	-0.0087157699	0.0199076723	0.0430846409	0.0034509193	0.0564905321	0.0156420374	-0.0253551515	-0.0601519851	0.0521657553	0.0055426396	0.0118683723	-0.0181975432	0.0129251503	-0.01466794	-0.002114151	0.0254379638	-0.0032925812	-0.0046679935	-0.0098619796	0.0365081562	-0.0049379529	0.0200615538	-0.019708505	0.1257156631	-0.0352850611	0.0239049775	-0.1722676915	0.0031692028	-0.0346273611	-0.021086047	0.0681567905	0.0778834351	0.1246623058	-0.0316681522	-0.0139636296	-0.0414520981	-0.0295540424	-0.0065156497	-0.1317795009	0.0304935896	-0.1503683289	0.0696756513	0.0272419859	0.0726501744	-0.0491138205	-0.1567506037	-0.046710495	0.0401956745	0.1366189791	0.0337953978	0.0196019337	-0.1122029089	-0.05666678	-0.0839643999999999	-0.0424669999999999	0.0070500204673599	0.0018034460889999	-0.012911	-0.0692909	0.000166693921	0.00480122882281	-1.16706	0.0360899999999999	1.3620290436	0.0013024880999999	0.0007242909999999	0.0002318839999998	5.37701894559536e-08	5.245974526808551e-07	-0.00438188	0.0002285799999999	5.2248816399999975e-08	1.9200872334400003e-05	0.000233619	-0.000556707	5.4577837161e-08	3.09922683849e-07	0.0	0.0	0.0	0.0	0.0	0.0	0.0	0.0	0.0	0.0	0.0	0.0	0.0	0.0	0.0	0.0	0.0	0.0	0.0
612.1283414237571	-4.818089032411308	374701.1063741997	23.21398192424213	875.7847074122031	-1.9387391395767963	766998.8537370783	3.7587094513269768	598.3403164560443	-2.374481873225818	358011.1342967193	5.63816416627799	617.8451638838135	576.6162160288761	1.015035	48.1301	0.1020305	0.0602836	-0.1949423005	0.0688593415	0.0477126956	0.0327726535	-0.0591647145	-0.198428709	-0.0634162258	-0.0655153081	0.0190364953	0.0318571806	-0.0746101128	0.0799493984	-0.0181176788	0.0256293904	0.0550137893	-0.1560359059	-0.0393704432	-0.1455839487	0.0888791092	0.0192981686	0.1746679411	-0.0483000902	-0.0586030332	0.0331604369	-0.0205577541	0.0082612558	0.0110257822	0.1108416279	0.0664487424	0.0131736473	0.017945575	-0.0373855411	-0.0484114091	0.010995584	-0.0843935612	0.0386485714	0.0046855159	-0.0403359292	0.008993943	0.0187135987	0.0375524634	0.0005038042	0.0421835289	0.0366265072	-0.0033267291	0.0298615548	-0.0551147254	0.0340306343	-0.0188198915	0.0695231409	0.008287137	0.0477181167	-0.0327862228	-0.0161994979	-0.0205534684	0.0092250878	0.0173723644	0.0052724444	0.0166342043	0.0197431412	-0.0860657187	-0.0043998723	0.0086862711	-0.0070848392	0.0136016717	0.0518473655	0.0786444496	-0.0731478658	-0.0171926365	-0.0379497345	0.0352227645	-0.0300293232	0.0586177393	-0.0196258411	0.1791511259	0.0422259261	-0.0493551509	0.0265413893	-0.0054248853	0.0175599897	-0.0031310532	-0.0235378311	0.1492447212	-0.030248622	0.0242651054	0.0783892585	0.0658600145	-0.0481121083	0.0238496623	0.0472368455	0.0673331177	-0.0555928263	0.0615292156	0.0427796943	-0.0379584903	0.0061430552	-0.0339482905	0.0584522281	0.029996212	-0.0387971638	0.0224333079	-0.0059344718	-0.0221944593	0.0631708128	-0.0247289858	-0.0542493313	0.0269358526	0.0389131134	0.0078977747	0.0578388087	-0.0114503201	0.0067766131	-0.0411792821	0.0033462001	0.0134941755	0.0364526694	-0.0059394689	0.0202815078	0.0531142215	0.0773031837	-0.0280174616	0.0370761476	-0.0400753437	0.004116964	0.0176479529	-0.1704660769	-0.0330661325	-0.0532987766	-0.0134830866	0.0333647197	0.0848311864	0.0806270815	0.0075767551	0.0207071483	-0.0299199358	0.1188980607	0.0036012979	-0.0976559709	0.0684669402	-0.1025916663	-0.0018782536	-0.0970462861	0.0356085244	0.0209980544	-0.0998333792	0.0690776855	-0.0727866142	-0.0013503063	-0.0155394746	0.0170077871	-0.1138033884	-0.0496261511	-0.106417	-0.0224526000000001	0.011324577889	0.00050411924676	-0.064396	-0.0514849999999999	0.0041468448159999	0.0026507052249999	-1.14452	0.02254	1.3099260304	0.0005080516	0.000752211	2.7920000000100035e-05	7.795264000055858e-10	5.65821388521e-07	-0.00433844	4.344000000000049e-05	1.8870336000000428e-09	1.88220616336e-05	0.000273317	3.969800000000004e-05	7.470218248900001e-08	1.575931204000003e-09	0.0	0.0	0.0	0.0	0.0	0.0	0.0	0.0	0.0	0.0	0.0	0.0	0.0	0.0	0.0	0.0	0.0	0.0	0.0
612.783130313059	0.6547888893019262	375503.1647962715	0.4287484895532502	877.5735518093506	1.7888443971475	770135.338835279	3.199964277206002	599.7794122119749	1.4390957559305662	359735.3433133421	2.070996594737368	619.5252950158917	577.6379226989606	0.942078	44.670696	0.1840684499999999	0.113731	-0.197256264	0.0842474157	0.1116133402	0.1015299884	0.0108442285	-0.2372877447	-0.0132128079	-0.0229560923	-0.0348084344	0.0088717018	0.0544788831	0.0262736424	0.0353742098	-0.0110523587	-0.0051122027	-0.0435589767	0.0189899702	-0.0720714827	0.0200632824	0.0590686542	0.1774852132	0.0208733319	-0.061164107	0.0237482848	0.0593727996	0.0315478064	0.0469077854	0.0760157859	-0.0430350288	-0.0031053144	0.0930961356	-0.0321880053	-0.0215584557	-0.0186484524	-0.0031240528	0.0058050651	-0.0277736585	-0.0015602424	0.0360255125	0.0308501752	0.0241052336	-0.0023490825	-0.0348320854	0.0200644557	-0.0335266636	-0.0373026902	-0.0117729051	-0.0237553263	-0.0393802885	-0.0049293011	0.0305985108	-0.0142766755	-0.0001270854	0.0081241633	0.0324969841	-0.0337798618	-0.01692768	-0.1038749209	0.051096054	-0.0331539464	-0.064147675	0.0074887607	0.0653285232	-0.008505948	-0.013439631	0.0318560749	0.0336362466	-0.0808331245	-0.0229043	0.0142141379	-0.0111531971	0.0213994931	0.0371758505	0.0231345414	0.1913468855	-0.0079575513	-0.0141080762	0.0645762955	-0.0767588223	-0.0076732519	-0.0525718402	0.0002957726	0.0637069093	-0.1006095977	-0.0151814797	0.025092723	0.0453457695	0.0148953778	-0.0326916603	0.0409229722	-0.0269897352	-0.0419602961	0.0509242098	0.0453910393	0.0046173742	0.0428886388	-0.0386824224	-0.0009377202	0.0421544668	0.0268189055	-0.0220387322	0.0199099979	0.0059880654	0.0175846507	0.0011415405	-0.0038334859	0.0252201384	-0.0816254907	-0.0475570741	0.0001332309	-0.007570234	0.0332914676	-0.0101896987	0.0097216464	0.0312027394	0.0624232352	0.0079046284	0.0510300447	-0.017387687	0.0380043266	-0.0200170378	-0.001398939	0.0057624793	0.0221985417	-0.037834851	-0.171481807	-0.0880116542	-0.0403269297	-0.0066532484	-0.0283970762	0.0806925176	-0.0018264336	0.034021319	0.0445867564	-0.1051669662	0.1022740431	-0.0698082362	-0.081575636	0.0285918912	-0.0584980248	-0.0359275859	-0.0430512788	0.0377468922	0.0141277887	-0.0821122913	0.0642001624	-0.1088418943	-0.0062705943	-0.0128174083	0.0144053161	-0.1151810923	-0.0423669894	-0.117033	-0.010616	0.013696723089	0.000112699456	-0.10216	-0.037764	0.0104366656	0.001426119696	-1.07729	0.0672299999999999	1.1605537441000002	0.0045198728999999	-0.000524316	-0.001276527	1.629521181729e-06	2.749072678560001e-07	-0.00425876	7.967999999999951e-05	6.348902399999921e-09	1.81370367376e-05	0.000286279	1.2961999999999989e-05	8.1955665841e-08	1.6801344399999968e-10	0.0	0.0	0.0	0.0	0.0	0.0	0.0	0.0	0.0	0.0	0.0	0.0	0.0	0.0	0.0	0.0	0.0	0.0	0.0
612.3316972632703	-0.4514330497887613	374950.1074733173	0.2037917984415822	877.7505736745397	0.17702186518909	770446.0695859836	0.0313367407550243	598.0413092829037	-1.7381029290711467	357653.4076088097	3.0210017920457	617.4272065015523	577.7577962695676	0.888854	42.146961	0.15997025	0.0751647	-0.1808738966	0.0766227212	0.1135944122	0.0390163259	0.0470991027	-0.2385242828	-0.0736494062	-0.0205454407	-0.0166475326	0.0285002019	-0.0073822691	-0.0312583175	-0.0023937171	0.0357210238	0.0033832011	-0.0639820873	0.0125961393	-0.0045714493	0.0228929964	0.008027316	0.1629119058	-0.0113581999	-0.0679725881	0.0652071001	0.0439220227	0.0098003646	0.0095089924	0.0709078864	-0.0500841034	0.0228760912	0.0151538146	-0.0260597965	0.0121867074	-0.0395350596	0.0203328489	0.0033313075	0.0182862752	-0.0340650353	0.0740461067	0.0329258963	0.0489274444	0.0639705971	0.0156619166	0.0491229284	-0.04003388	-0.0305559122	-0.0051254214	0.0651575366	-0.0581158217	0.0401637096	0.0292696075	-0.0226303856	-0.0172005392	-0.0235615819	-0.0055583635	-0.0446891485	0.032108866	0.0004068155	0.0702194231	0.0467551933	-0.0293447356	-0.0035509583	0.0230508808	0.0671716292	0.0034591816	0.0817376344	0.0839423582	-0.0457452081	0.1083331373	-0.0288747498	0.0105986184	0.0078935853	-0.0036664431	-0.0275268193	0.1668068767	0.0317379844	0.0014628005	0.1042507867	-0.0741900909	0.0132938047	-0.0425118918	-0.0493014855	0.0369912758	-0.0312112018	0.0368818828	0.0052269084	0.0620424741	0.0453153246	-0.023166702	0.0174265018	0.047979245	-0.0366397075	0.0040371434	0.0587612462	-0.0250550513	-0.060624995	-0.0713666227	0.025949571	0.0634165946	0.0361772722	-0.0044230436	0.0032966021	0.00021515	0.069826437	-0.0164870818	0.0142201806	0.0560919056	-5.58803e-05	-0.0201361038	-0.0565331738	-0.0266044872	0.0571206545	-0.0760568703	0.006972151	0.0320691304	0.0143936218	0.0229632129	-0.0204031719	0.0385516927	0.0170149331	0.044663339	0.0363679955	0.0151260499	0.0547825993	-0.067415797	-0.1571284289	-0.1020404639	-0.0246683057	-0.0328538403	-0.0377163303	0.0812280086	-0.0084309491	0.0412996166	0.0496114308	-0.0398042057	0.1932276178	-0.0328755845	-0.0189992519	0.0282224878	-0.0300715462	-0.0384369813	-0.0557413662	0.0510123906	0.0546597213	-0.018505266	0.1064294153	-0.1222266919	-0.0666473382	-0.0001225098	0.0117957945	-0.1163333239	-0.0349212611	-0.116305	0.0007279999999999	0.013526853025	5.299839999999892e-07	-0.143176	-0.041016	0.020499366976	0.0016823122559999	-1.03302	0.04427	1.0671303204	0.0019598329	0.000569968	0.001094284	1.1974574726560002e-06	3.24863521024e-07	-0.00395063	0.00030813	9.494409690000012e-08	1.56074773969e-05	0.000209568	-7.6711e-05	4.3918746624e-08	5.884577521000001e-09	0.0	0.0	0.0	0.0	0.0	0.0	0.0	0.0	0.0	0.0	0.0	0.0	0.0	0.0	0.0	0.0	0.0	0.0	0.0
613.646561744188	1.3148644809177767	376562.1027404636	1.7288686031791745	878.2060542955796	0.4554806210398965	771245.8738014105	0.2074625961428898	597.9200464342466	-0.1212628486571247	357508.3819279316	0.0147046784644407	617.3771655612904	580.8337515640785	0.898792	42.618191	0.1692381400000001	0.0856843999999999	-0.1789457772	0.0772409741	0.1141940749	0.0882476732	0.0457378925	-0.1974957746	0.0221787577	-0.0312884282	-0.0552416486	0.0103183708	0.0558098066	-0.0280579132	0.0564914073	0.006126485	-0.0104426214	-0.0574928324	-0.0173177188	0.0675451027	0.060056471	0.0062067867	0.1585836454	0.0277050161	-0.0258580979	0.0329719996	0.0981704586	-0.0266366832	-0.0388810968	0.0804720036	-0.0476176017	0.0195885725	0.0445296778	0.0188203944	-0.0074373238	0.0279077352	0.0305645324	-0.0127466407	-0.0483733256	0.0064057397	0.0404288411	0.0430385553	0.0681671137	-0.0215334989	-0.0010618821	0.0406121272	-0.0210671823	-0.0075138847	-0.0374348608	-0.0362842819	-0.0257402571	0.0493218783	-0.000364991	0.0143281698	-0.0402583046	0.0461313467	0.0053835035	-0.0122356335	-0.0130348938	-0.0282399242	0.025753273	0.0370862124	-0.0174683269	0.012271203	-0.0180134398	-0.0159542887	-0.0806437079	0.0028522777	0.0785852374	-0.0512807573	0.0601706233	-0.0498393235	0.0036970692	-0.0433578561	-0.002247016	-0.021250037	0.1648945876	-0.015814123	0.0325148664	0.0631045886	-0.1098890478	-0.0044644932	-0.0381685276	-0.0707381979	0.0164296039	-0.0297004135	0.0281385279	0.0376379069	0.0315841794	0.0201657879	-0.0375042629	0.0334276789	0.009353872	-0.0687100365	-0.0178532706	-0.017390721	0.0266360489	0.0057778886	-0.068447031	-0.0378922345	0.0703538638	-0.0155602688	-0.0153837355	0.042008356	0.0297936727	-0.0048378705	-0.0159586045	-0.0129611011	0.0498461349	-0.0130723427	-0.0493646044	-0.0023184633	-0.0054954636	0.0210137891	0.0412845557	0.032111127	-0.0705166035	-0.0025122632	0.0368511066	-0.0039302874	0.0669725933	-0.0043291206	-0.022090676	-0.0165941799	0.002759657	0.0246267308	-0.0561734544	-0.16181388	-0.1280989636	-0.0215355888	-0.0124049388	-0.0510050062	0.0689160632	-0.039830936	0.0335683988	0.049167142	-0.0812085044	0.1470748039	-0.0527131936	-0.0598156525	-0.0651853019	0.0100701199	-0.004522917	0.037495127	0.0496854107	0.0142167102	-0.0081391006	0.0586806653	-0.037660097	-0.0742165579	0.0376100931	0.0091804995	-0.1172578276	-0.0273217542	-0.144499	-0.0281939999999999	0.0208799610009999	0.0007949016359999	-0.160933	-0.0177569999999999	0.0258994304889999	0.0003153110489999	-1.00643	0.0265900000000001	1.0129013449	0.0007070281	-0.000599867	-0.001169835	1.3685139272250002e-06	3.59840417689e-07	-0.00441842	-0.00046779	2.1882748410000006e-07	1.95224352964e-05	-8.674979999999998e-05	-0.0002963178	7.525527800039997e-09	8.780423859684e-08	0.0	0.0	0.0	0.0	0.0	0.0	0.0	0.0	0.0	0.0	0.0	0.0	0.0	0.0	0.0	0.0	0.0	0.0	0.0
613.7270168280676	0.0804550838795421	376660.8511846792	0.0064730205220641	876.3056872826418	-1.9003670129378636	767911.6575639031	3.6113947838623774	597.3300361221269	-0.5900103121197162	356803.17205366143	0.3481121684076049	616.3189918799961	582.4173200099784	0.844967	40.065941	0.0942911749999999	0.049604	-0.1709833383	0.0737661367	0.1142579697	0.033408935	0.0440970154	-0.2164434299	-0.02284772	-0.0568414916	-0.0323557203	0.0275415503	-0.0002951966	-0.0686422648	0.0058867222	0.0481650059	-0.0423090416	-0.0296569805	0.0117136625	0.0813087729	0.0040491431	-0.0126526293	0.1583347962	-0.0090965567	-0.0337120397	0.0691634112	0.0696666709	-0.0576210397	-0.0690516511	0.0446916458	-0.0501853411	0.0343163212	0.0199540006	0.0181840715	-0.0610446519	-0.057886914	0.0166827878	0.0062079306	-0.0765262512	-0.0213204874	0.0164473093	0.0341535058	0.0387865096	0.0147471148	0.0114624323	0.0696537053	-0.0040228175	-0.0597486875	0.012420056	-0.1032522558	-0.0035794587	-0.0317045877	-0.0372608251	-0.0127677715	-0.0414559852	0.0677026521	-0.0173797573	0.0024699623	-0.028682333	-0.015906297	0.0234444658	0.0169606711	-0.1149264021	-0.0196607267	0.0299090608	0.0361646912	0.0281050367	-0.0044131492	0.0224862257	-0.0462250853	-0.0278832459	-0.0175222028	0.0372455862	0.0215306808	-0.0489492348	-0.0449781881	0.1505910171	0.0325037402	0.0342409641	0.0885061394	-0.0975040589	0.0229419867	0.0068584899	-0.0963710245	-0.0023244576	0.0075460687	0.0306772367	0.013892345	0.0452605604	0.0070396853	-0.0083324881	-0.0020447555	-0.0160458703	-0.0775451413	0.0393162653	0.0340387227	0.0025650618	0.0115429861	-0.0601279399	-0.0446014647	0.0718360535	-0.0423379097	-0.0940036173	0.0055867123	0.0163718788	-0.0112870991	0.0751330883	-0.0420661556	0.0295842183	-0.0275246122	-0.0094931283	-0.0298322824	-0.0292692245	-0.033657435	0.0018272982	0.0257492909	-0.0312835697	0.0133833722	0.0739332287	0.0072166899	0.0014995261	0.0118717273	-0.0914091039	0.0838088234	-0.0075748445	0.0554160084	-0.0432855405	-0.1517953197	-0.1194611337	-0.0169585571	-0.0070143685	-0.0463124584	0.0745621378	-0.0128225396	0.0534805721	0.0459604783	-0.0378030023	0.1472843321	-0.0161497867	-0.0035837278	-0.04929678	0.0046519297	-0.0419379886	0.016092068	0.0060379497	0.0547628413	0.0491118251	0.0281025988	-0.0626602515	-0.0709790848	-0.0190399842	0.006560711	-0.1179527935	-0.0196019337	-0.155326	-0.010827	0.0241261662759999	0.000117223929	-0.137616	0.023317	0.0189381634559999	0.000543682489	-0.996479	0.0099509999999999	0.992970397441	9.902240099999864e-05	0.000194332	0.000794199	6.30752051601e-07	3.7764926224e-08	-0.00433844	7.998000000000033e-05	6.396800400000052e-09	1.88220616336e-05	4.29947e-05	0.0001297444999999	1.8485442280899998e-09	1.6833635280249992e-08	0.0	0.0	0.0	0.0	0.0	0.0	0.0	0.0	0.0	0.0	0.0	0.0	0.0	0.0	0.0	0.0	0.0	0.0	0.0
616.1818273990734	2.4548105710058508	379680.0444168615	6.026094939522071	881.1238043398857	4.818117057243967	776379.1585743933	23.214251977305263	598.8259879036538	1.4959517815268557	358592.5637887869	2.237871732653373	618.1559619700662	587.6274396426537	0.832627	39.480808	0.1392094849999999	0.0759943	-0.1596525156	0.0593561348	0.1055182848	0.0683598156	0.0657515807	-0.1861314682	0.0141935637	-0.0697170092	-0.0255410073	0.0112616058	0.0283190319	-0.0802612405	-0.0003378172	0.021141175	-0.0295042527	-0.0252737381	0.0468185065	0.0592131856	-0.0190299847	0.0285159577	0.1400947313	0.0183159633	-0.0137100029	0.0346831603	0.0934139958	-0.030846912	-0.0334549213	0.0315038116	-0.0556439332	-0.0386726965	-0.0122403244	-0.0160343546	-0.0068244186	0.037872928	0.0092880491	0.0259634565	-0.0059977319	-0.000905228	0.0335024266	-0.0799288709	-0.0325375759	-0.0148801083	-0.009271351	-0.0360018554	-0.0225068095	-0.0007023365	-0.0094215262	0.0031725108	0.043165812	0.0108151221	0.0017751648	-0.039863246	-0.0063661532	-0.0044273498	-0.059538702	-0.0404868077	0.0137280236	0.0143374306	-0.0017163635	-0.0288687101	-0.0520086215	0.0125577927	-0.0262041146	0.0154225593	0.0668408683	-0.0061160259	-0.0334365459	-0.0308076319	-0.0331431408	-0.0140067662	0.0370776878	0.0032752692	-0.0761432488	-0.0021063707	0.1448446607	0.003564768	0.0601002333	0.0693971934	-0.1128326167	-0.0154082683	-0.0188086762	-0.0642561023	-0.0522985425	0.013209932	-0.0247610471	-0.0034463614	-0.012716639	0.0394624248	-0.0571514762	0.0002923108	-0.0294657135	-0.0563815305	-0.0036184787	0.0023517221	0.0075061479	0.0331596412	0.0513188629	0.0347090752	0.0126332845	0.0032425759	0.010346842	-0.0340383174	0.0181748826	0.0214483547	-0.0139551577	-0.0133203458	0.0116259521	0.015544044	0.01300399	-0.0150427201	-0.0374217755	-0.0248752941	-0.0416504055	-0.0765059253	0.0135268691	0.0346606244	0.0096550318	-0.0188388204	0.0289100458	0.0135165044	-0.1009305744	0.0517291297	-0.0130101407	0.0540610785	0.0089114115	-0.1424604989	-0.1307280625	0.0128337027	0.0012645999	-0.0559187429	0.0752446408	-0.0102357138	0.0750647795	0.0252550419	-0.0379102091	0.0712430806	-0.0269487295	0.0242447125	-0.0788565551	-0.0156164058	-0.029001758	0.0378236171	0.0046353852	0.026498449	0.0585808253	-0.0554143866	-0.0403890032	-0.0239272217	-0.0736239142	0.0039377115	-0.1184168613	-0.0117957945	-0.165632	-0.010306	0.027433959424	0.000106213636	-0.0857128999999999	0.0519031	0.0073467012264099	0.00269393178961	-0.945246	0.0512329999999999	0.893490000516	0.0026248202889999	0.000361786	0.000167454	2.804084211600001e-08	1.30889109796e-07	-0.00433844	0.0	0.0	1.88220616336e-05	-0.000304899	-0.0003478937	9.296340020100001e-08	1.2103002649969002e-07	0.0	0.0	0.0	0.0	0.0	0.0	0.0	0.0	0.0	0.0	0.0	0.0	0.0	0.0	0.0	0.0	0.0	0.0	0.0
617.1512166497179	0.96938925064444	380875.624212227	0.9397155192649888	880.5860922128161	-0.5377121270696534	775431.8657986382	0.2891343315977711	599.2167629179303	0.390775014276528	359060.72896184307	0.1527051117828207	618.2157470273509	596.4098461634096	0.8325639999999999	39.477856	0.08033988	0.037637	-0.1416355896	0.0434546255	0.0879913964	0.021763386	0.0534969621	-0.1778536325	-0.0232797524	-0.0364026245	-0.052485239	0.0216379111	-0.0196831847	-0.0737132496	-0.0218595036	0.0019841161	-0.0106031993	-0.0272488294	-0.0019383947	0.0577732812	-0.0297963456	0.0276618798	0.1447691105	-0.0032559627	0.0036043229	0.0549541092	0.0882480118	-0.0329487397	-0.0487054287	0.0419962111	-0.0320430859	-0.0191869836	-0.0481038101	-0.0033438315	-0.0191722935	0.0184351387	0.0214256797	0.0055569059	0.0020725246	0.0347658159	-0.0163542273	0.0156903438	-0.0038323033	-0.0451063395	-0.0103307073	-0.014068655	-0.0048884349	-0.0016524778	0.0198954473	-0.0466667119	-0.0166160125	-0.0068615089	0.0003885513	-0.0195638608	-0.0193775034	-0.0161667971	0.0259095221	-0.0534016215	0.0204182535	0.0282624994	-0.0544967436	0.0699982476	-0.0098574995	-0.0162703154	0.0396159313	-0.0023067961	-0.0034538864	0.0686101489	0.0984893051	-0.0175299741	-0.0059483316	-0.0262188402	-0.0597097383	-0.01998688	-0.0357372606	-0.0065943262	0.1448273474	0.0228126303	0.0734645633	0.0702198902	-0.0794535372	0.0031353985	-0.0175831055	-0.0705480127	-0.0215761208	0.050050313	-0.0062295453	0.0004956763	0.0091350888	0.0046537788	-0.0005702009	0.0139217262	-0.0156299219	0.0056883602	-0.0253558838	-0.0383653304	-0.0117768626	0.0265525221	-0.0106927474	-0.0086011466	0.0204155463	0.0228084724	-0.0246010925	-0.0015662013	-0.0296399228	0.0046013224	0.0016759882	-0.0113142911	0.0301615712	-0.0040098267	-0.0041829523	-0.0381090727	0.0321975206	-0.0034720432	-0.0154064273	-0.0238927848	-0.0394625272	-0.0299761397	0.0252455177	-0.0312045653	0.0605662383	-0.0083634727	-0.0025742521	0.0781973418	0.0259732376	-0.0007774098	-0.0077161453	-0.1355010212	-0.1099094448	0.0270677053	0.0138607987	-0.0391227306	0.0810872998	0.0089543947	0.0426613618	0.0001499332	0.0030823105	0.060201748	0.0059442457	0.0514284963	-0.0742096003	0.0030700122	-0.0106021645	0.0515466647	-0.0036293207	0.0247094503	0.1005639532	-0.0362613351	0.006348353	-0.0330191768	-0.0227221635	0.0013127847	-0.1186491225	-0.0039377115	-0.158826	0.006806	0.025225698276	4.632163600000009e-05	-0.0859686999999999	-0.0002558	0.0073906173796899	6.543364000000024e-08	-0.91875	0.026496	0.8441015624999999	0.000702038016	0.000840915	0.000479129	2.2956459864100002e-07	7.07138037225e-07	-0.00452075	-0.0001823099999999	3.3236936099999923e-08	2.04371805625e-05	-3.06964e-05	0.0002742026	9.4226897296e-10	7.518706584676001e-08	0.0	0.0	0.0	0.0	0.0	0.0	0.0	0.0	0.0	0.0	0.0	0.0	0.0	0.0	0.0	0.0	0.0	0.0	0.0
618.3456162132243	1.1943995635064084	382351.3010901121	1.4265903173042989	881.9849165956974	1.3988243828813438	777897.3931023193	1.9567096541433724	599.3238841521608	0.1071212342304761	359189.1181152326	0.0114749588230605	618.5468390761841	597.7531402036548	0.849341	40.273354	0.0787991799999999	0.0382057	-0.1349844367	0.0382745692	0.0774765557	0.0809122812	0.0622272787	-0.1359475282	0.0695479771	-0.0525479103	-0.0260809904	-0.0165012382	0.001622968	-0.0493435248	0.0652998671	0.0370363451	-0.0405762453	-0.0144539364	0.024352248	0.051438772	0.0738533548	0.0303828128	0.1211952582	0.0134139161	0.001664651	0.0405266213	0.1055054394	0.0139169562	-0.0628313979	0.037707436	0.0169150648	-0.0095338011	-0.0066329533	0.0008153116	0.017701753	-0.0404362938	-0.0048990443	-0.0522095984	-0.0543918326	0.0105268958	0.036310916	0.0116883385	0.0063602698	0.0323599862	0.0213012186	-0.0137965977	0.0218690272	0.0503937702	-0.0042083772	0.0372990012	-0.0291724108	-0.0288644239	0.0118589537	0.0102969902	0.0046286114	-0.0050389591	0.0072177811	-0.0458823198	-0.0064909765	0.0319606751	-0.014469986	-0.0331040973	0.0292148976	-0.0169302182	0.003083255	0.0557565974	-0.048856859	0.0193782753	0.0008273967	-0.005105694	0.0025545733	-0.0193919668	-0.049147537	-0.0020243269	-0.082260266	0.0048712884	0.1307665748	0.001366955	0.0750323137	0.051548652	-0.1038387615	-0.0259554926	0.0042243027	-0.0297375227	0.0276660934	0.0276242489	-0.0079134719	0.0190578508	-0.043074163	0.0446909936	0.0121180063	-0.0395568022	-0.004289285	-0.0352085517	-0.011988262	-0.0114758508	0.014901487	0.0028311114	-0.0554335926	-0.0271657489	0.0150617521	-0.0279039797	0.0222608015	0.0163743012	-0.0328744074	0.001945194	-0.0255897318	0.0015898592	0.0005742251	0.0084438349	0.0001201065	-0.0735076037	-0.0024295601	0.0470568315	-0.0020734179	-0.0342166783	-0.0111082878	0.0122267229	0.0518823087	-0.0287497299	0.0703781611	-0.0028957589	-0.029493384	-0.0091921072	-0.0074598237	-0.0370465066	-0.0949314197	-0.125178109	-0.1313328055	0.0385733113	-0.0006496065	-0.0417143268	0.0804579785	0.0168625118	0.0827116998	0.0017383911	-0.0013165048	0.0229744219	0.0007261981	0.0122317526	-0.1345559535	-0.0039557523	0.0200022839	0.0716688435	-0.0164929416	-0.0070491844	0.0942626267	-0.0944816608	0.0251788051	-0.0111601143	-0.0279335754	-0.0013127847	-0.1186491225	0.0039377115	-0.172969	-0.014143	0.029918274961	0.000200024449	-0.0862975	-0.0003288000000001	0.00744725850625	1.0810944000006657e-07	-0.892518	0.0262319999999999	0.796588380324	0.0006881178239999	0.00121409	0.0003731749999999	1.392595806249999e-07	1.4740145280999998e-06	-0.00446638	5.4369999999999766e-05	2.956096899999974e-09	1.99485503044e-05	-0.000365059	-0.0003343626	1.33268073481e-07	1.1179834827875998e-07	0.0	0.0	0.0	0.0	0.0	0.0	0.0	0.0	0.0	0.0	0.0	0.0	0.0	0.0	0.0	0.0	0.0	0.0	0.0
618.7483518350815	0.4027356218572322	382849.5228986298	0.1621959811127315	880.2401634336909	-1.744753162006532	774822.7453217709	3.044163596331792	598.7810356362952	-0.5428485158655576	358538.72863767424	0.2946845111774385	617.8673240176457	603.5754490030163	0.841982	39.924408	0.1669058	0.0924403	-0.1271822133	0.0302596965	0.0866420001	0.0342110825	0.0641275597	-0.149023061	0.0225843419	-0.0813422668	-0.0389147466	0.0378276606	-0.0456844018	-0.0695390128	0.0212112004	-0.0067694496	-0.0584728087	-0.0065211951	0.040896477	0.0577881731	0.0402484403	0.017311458	0.1132043112	-0.0004253437	0.0531277149	0.0716761476	0.0600418668	-0.0360350965	-0.056778117	0.0527508812	-0.0358757326	-0.0164298217	-0.0170523986	0.0561473155	0.0598606538	-0.0141987512	0.0067062154	-0.0227007063	-0.0225568745	0.0228480283	0.0013525047	-0.0153993152	-0.0127925962	0.0317666612	0.0226550849	-0.0076016622	0.020299132	-0.0012613146	-0.0009221414	0.0397206308	-0.0065684214	-0.0209382993	-0.0113100534	-0.006622354	-0.0328560206	0.012710141	0.0216377451	-0.0049043135	0.0396143122	0.0479575544	0.0158671498	-0.0230779029	-0.0304175028	-0.0517200823	-0.0219092457	0.0023736018	-0.0072762337	-0.0665583063	-0.0288099985	0.0112459451	-0.0287543295	-0.0137241152	0.0267622542	0.0720040047	-0.0479153421	-0.0107409297	0.1137995583	0.0286355869	0.1140118149	0.0655588196	-0.0608952429	0.0048773617	0.0101975301	-0.0843485337	0.0068789301	0.0215641839	0.0047031598	-0.0219929892	-0.0342727317	0.0030785531	-0.0175899512	-0.0382661716	-0.010958164	-0.0171395516	-0.0092676451	-0.0410574748	0.0384521263	-0.0401851547	-0.0147377649	-0.0227138075	0.0197872115	-0.0503769033	0.0309910307	-0.004909093	0.0067140329	0.012401089	0.0325853792	0.0180232616	0.0300055909	0.0284883254	-0.0141472604	-0.0490975562	-0.0353294952	-0.0168431056	-0.0195687636	-0.0133477795	-0.0068951198	-0.0077847275	0.0190513223	-0.0455105754	-0.0038703005	-0.0242949973	-0.078399159	-0.0424551111	-0.038745493	-0.0215721492	-0.045155387	-0.122071329	-0.1001173744	0.0606582577	0.0300627048	-0.0419135487	0.0642525667	-0.0178518474	0.0220771095	0.0115663863	0.0133501061	0.0305845571	0.0175332393	0.0963238714	-0.059322778	0.0092786551	-0.0352848915	0.01826867	-0.0157509729	0.0214811789	0.1392425703	-0.0729525019	0.0375160943	0.0541325986	-0.0683898105	-0.0039377115	-0.1184168613	0.0117957945	-0.135975	0.036994	0.018489200625	0.001368556036	-0.0837475	0.0025499999999999	0.00701364375625	6.502499999999983e-06	-0.828208	0.0643099999999999	0.6859284912640001	0.0041357760999999	0.000620984	-0.0005931059999999	3.517747272359999e-07	3.85621128256e-07	-0.00465814	-0.00019176	3.6771897600000014e-08	2.16982682596e-05	0.000111111	0.00047617	1.2345654321e-08	2.267378689e-07	0.0	0.0	0.0	0.0	0.0	0.0	0.0	0.0	0.0	0.0	0.0	0.0	0.0	0.0	0.0	0.0	0.0	0.0	0.0
620.7276671701321	1.9793153350506143	385302.8367904743	3.9176891955665263	883.5250184156299	3.28485498193902	780616.4581663392	10.7902722523696	599.5159746770796	0.7349390407844112	359419.4038930088	0.5401353936691105	618.8468300035729	603.9958369416349	0.831051	39.406101	0.06940795	0.0377286	-0.1128787124	0.0226563824	0.0776176656	0.0535125969	0.083924634	-0.1219243905	0.0506155476	-0.038184932	-0.0441204056	-0.0051046605	0.0104047134	-0.0951694713	0.0079528701	0.0175795859	-0.0450535497	0.052938084	0.0105877606	0.0452257398	-0.0415623725	0.0345969179	0.1126045607	0.0145727189	0.0525385194	0.0536470989	0.078817503	-0.0079037459	-0.0062178408	0.0545852953	-0.0471277862	-0.0369574796	-0.0220130585	0.0145058242	0.0107091684	-0.0319730163	-0.0005429777	0.0171441286	-0.006798857	0.0230962381	0.0135226983	-0.0701423116	-0.0149886209	-0.040664473	0.0185396736	-0.0069288132	-0.0069638117	-0.0486768864	0.0101226647	-0.0024289877	0.0325839181	-0.0095146488	-0.0288298078	-0.0017301578	0.0330657008	0.0145269188	0.0422558045	0.0445175362	0.0329048151	0.0076599381	0.0213552419	0.0180677588	-0.0386627614	-0.0387353515	-0.0724347718	-0.0404772019	-0.0447057632	-0.0490846814	0.0015419982	0.0355487126	0.0083588856	-0.0240067479	-0.0241737846	-0.0134190707	0.0339055431	0.0102026693	0.1125147723	0.0092209181	0.1247021147	0.0580122309	-0.0638908365	-0.0234209828	-0.0322419882	-0.0563003214	-0.0351170152	0.0393216061	-0.0116732286	-0.0264358686	-0.0007953533	0.0247652775	-0.0293293779	-0.0224670971	-0.0317083432	0.0244137886	0.0126695659	-0.0219568224	0.0467188386	0.0387015939	-0.0136776327	0.0208109954	0.0518295676	-0.0257373672	0.0169559655	-0.0144109903	0.0411033045	1.15525e-05	0.0132009617	-0.0228721213	-0.0254233605	0.0235618721	-0.0434831719	0.0167308422	0.0377462533	-0.0429126182	-0.004753062	0.0265893147	-0.0407208543	-0.060330947	0.0069936668	-0.0209383723	-0.0112104702	0.0095924884	-0.0435850418	-0.0637401055	-0.0129628096	-0.018839335	0.0415954803	-0.1132673492	-0.0762639599	0.0761928563	0.0245218627	-0.0548898158	0.0514586286	-0.0369279122	0.0250138668	0.0042027199	-0.00333394	-0.039768231	-0.004019103	0.1125013615	-0.0585251408	-0.010566305	-0.0469170067	0.0147751717	0.0416336276	0.0007388587	0.1000397683	-0.1333646103	0.0226214346	0.1108098788	-0.0492836375	-0.006560711	-0.1179527935	0.0196019337	-0.120119	0.015856	0.014428574161	0.000251412736	-0.0657991	0.0179484	0.00432952156081	0.00032214506256	-0.798509	0.029699	0.6376166230810001	0.000882030601	0.0007269349999999	0.0001059509999999	1.1225614400978811e-08	5.284344942248546e-07	-0.004646	1.2139999999999894e-05	1.4737959999999743e-10	2.1585316e-05	0.000111111	0.0	1.2345654321e-08	0.0	0.0	0.0	0.0	0.0	0.0	0.0	0.0	0.0	0.0	0.0	0.0	0.0	0.0	0.0	0.0	0.0	0.0	0.0	0.0
621.7346434241034	1.0069762539712883	386553.966833697	1.0140011760620486	881.8275638266405	-1.6974545889894443	777619.8523244277	2.881352081681324	598.5864145398208	-0.929560137258818	358305.6956716382	0.8640820487806327	617.8583206510501	616.8067019691362	0.866553	41.08952	0.1601315	0.0708073	-0.0863361122	-0.0014831649	0.072480716	0.0217801202	0.0781738882	-0.0999745275	0.0341212842	-0.0596900094	-0.0464377042	0.0490431279	-0.0431058164	-0.1007509392	-0.0038986694	0.0095236221	-0.0155848472	-0.0716017551	0.0248596551	0.0929950818	0.06243827	0.0031550431	0.0906450114	0.0013423706	0.0659122028	0.0654396002	0.063642084	-0.0159928754	-0.0578102147	0.0179440841	-0.0644319974	0.0048988663	-0.0247251212	0.0630743489	0.0278974915	-0.0078078003	0.022314357	0.004399442	0.011485892	0.0572466138	-0.0296652982	0.003137946	0.0181494669	0.0182277067	-0.027687784	0.0557106976	-0.000302459	0.0139958137	0.0034759863	0.0349297883	0.0342189904	-0.0705780682	-0.037139085	0.0432505313	0.0016332408	0.0306889687	-0.0280261587	0.0257923924	-0.0151973077	-0.0010525376	-0.0515663721	-0.0632125454	-0.0213404704	0.0344193835	0.0192205773	0.0034844671	-0.0314852449	-0.0151569117	0.0269751086	0.0301054225	-0.0169969148	0.075315116	-0.0190821093	-0.0106570311	-0.1212330922	-0.0149280618	0.0855645103	0.0228950187	0.1301647556	0.0606072502	-0.0565699588	-0.0244976211	0.015072563	-0.0647023075	-0.0376384605	0.0212938392	0.0281945162	-0.0139270111	0.0036785893	-0.0133031981	-0.0159617567	-0.0423597618	0.0060651477	0.0205903312	-0.0131389487	-0.0808916262	-0.021168195	-0.0196987408	-0.0445612219	-0.0446124914	0.0254068462	-0.0165069809	0.0094293752	0.0251293893	0.0088380558	-0.038006324	-0.0474922989	0.0143260888	-0.0064682068	0.0393415979	0.0111809106	-0.0520102938	-0.0092324691	0.0002711007	0.0470059115	-0.0189408296	0.0440651136	-0.0143850469	0.0170271013	0.0392730857	0.0006711981	-0.0039083235	-0.0766413303	-0.0143820332	0.0645542217	-0.0166074418	-0.0503275027	-0.0898203083	-0.0753077621	0.0939167366	0.0115422597	-0.0548030638	0.0444531295	-0.0280241719	0.0223174773	0.0073025151	0.0442980187	-0.032845578	0.0496167309	0.1007818237	-0.0483461079	0.0112629309	-0.0142253041	0.0033677065	0.0439584057	-0.0140818838	0.1218334603	-0.0542431206	0.0713827285	0.0626023602	-0.0214586172	-0.0091804995	-0.1172578276	0.0273217542	-0.120379	-0.0002599999999999	0.014491103641	6.75999999999981e-08	-0.107331	-0.0415319	0.011519943561	0.0017248987176099	-0.7546009999999999	0.0439080000000001	0.5694226692009998	0.001927912464	0.00153671	0.0008097750000001	6.557355506251619e-07	2.3614776241e-06	-0.00419675	0.00044925	2.018255625e-07	1.76127105625e-05	-0.000118496	-0.000229607	1.4041302016e-08	5.2719374449e-08	0.0	0.0	0.0	0.0	0.0	0.0	0.0	0.0	0.0	0.0	0.0	0.0	0.0	0.0	0.0	0.0	0.0	0.0	0.0
624.0919503289362	2.35730690483274	389490.7624653753	5.556895843572112	883.1802875578801	1.352723731239621	780007.4203308198	1.8298614930588424	599.020442183844	0.4340276440232173	358825.490154128	0.1883799957763446	618.7596475769797	617.7541258672582	0.8814389999999999	41.795361	0.1477968	0.0734403	-0.0623197019	-0.0182260295	0.0430641345	0.0334686772	0.0861320895	-0.0710065849	0.0446605274	-0.0385352942	0.005679536	0.0024197828	-0.0295366899	-0.1420647005	-0.0087257493	-0.0123910768	-0.0402061891	0.0622493222	0.0440995034	0.0439615446	-0.0829817732	0.0092832035	0.0487627056	0.0181597975	0.0889911055	0.0549072265	0.1081634834	-0.0083041514	-0.0217127165	0.0290524078	-0.0392128874	-0.0063430515	-0.0274637377	0.0337658612	0.0315909006	0.001350015	-0.0137944616	0.0096237509	0.0463796578	-0.0158183942	-0.0224856107	-0.0194691094	-0.0373615733	-0.0214702532	-0.0306173799	0.0394256873	0.0343066558	0.0062493684	0.0217463202	0.0225601957	-0.0050199517	-0.0177527723	-0.0159926054	-0.0546685842	-0.0139249559	0.0541031136	-0.0062869339	-0.0126870612	-0.0283844614	-0.0166636885	-0.0334219734	-0.0206461297	-0.0529273329	-0.0044105138	0.0041404031	0.0493541729	-0.0036624598	-0.0904816791	-0.0469117343	0.0016737602	0.000142909	0.0385821688	-0.051112945	-0.0510119457	-0.0600186586	0.0016640681	0.0478105542	0.00776126	0.1503672404	0.0394304867	-0.073281244	-0.014475977	-0.0237045492	-0.0321758231	-0.0636486467	0.0314936309	0.0074073844	-0.0273286964	-0.0146139813	-0.0296762877	-0.0249749028	-0.0298900742	0.010367869	0.0388469734	-0.0138409193	0.0065108464	-0.0242677455	0.0086149772	0.0147126658	0.0026796206	-0.0184690401	-0.0162342252	-0.0428545133	0.0109077465	0.0022295303	-0.0138965964	-0.0155665812	-0.0127404905	0.021059256	-0.0250239362	-0.0684753724	-0.0315367716	-0.0107739881	-0.0656063885	-0.0080831015	-0.0661871084	0.0127745086	-0.0144316379	0.0567379791	0.0038600337	-0.0756687068	0.0422546217	-0.0471064964	-0.0247394407	0.0347672898	-0.022598503	-0.0140804664	-0.0629022241	-0.0789071747	0.1149737043	-0.0117232184	-0.0519231752	0.0216435762	-0.0532957448	-0.0010674663	0.0136013695	0.0033744082	-0.0545925813	0.0214526067	0.1141950462	-0.0454942469	-0.0027980934	0.0013738192	-0.0109686532	0.0511989479	-0.0532041908	0.0687364073	-0.0683506887	0.0326854212	0.0767955017	-0.0447942025	-0.0117957945	-0.1163333239	0.0349212611	-0.135809	-0.01543	0.018444084481	0.0002380849	-0.126844	-0.019513	0.016089400336	0.000380757169	-0.687784	0.0668169999999999	0.4730468306559999	0.0044645114889999	0.00174729	0.00021058	4.434393640000006e-08	3.0530223441000003e-06	-0.00389443	0.00030232	9.139738240000001e-08	1.51665850249e-05	0.00028934	0.000407836	8.37176356e-08	1.66330202896e-07	0.0	0.0	0.0	0.0	0.0	0.0	0.0	0.0	0.0	0.0	0.0	0.0	0.0	0.0	0.0	0.0	0.0	0.0	0.0
626.1662471820526	2.0742968531164934	392084.1691100554	4.302707434848987	884.4475338025887	1.2672462447086446	782247.4400494813	1.6059130447281618	599.5580218231125	0.5375796392685288	359469.82153244386	0.2889918685560815	619.344913189937	627.304607286611	0.98667	46.785126	0.2954024499999998	0.158216	-0.0066172998	-0.0517327778	-0.0185737954	-0.0076928407	0.0721117616	-0.0054724242	-0.0197839975	0.0268970645	-0.0246581411	0.0595934526	-0.0559997255	-0.1713889626	-0.0438811844	-0.0667477897	0.0252683065	-0.0661624531	0.0162179334	-0.0219053832	-0.090251344	0.0140538194	0.0132141307	-0.0078420335	0.0901118511	0.097027016	0.0560401174	-0.0043719992	0.0025383075	-0.015529655	0.0084585741	-0.0388012732	-0.0631323006	-0.0346492075	0.0470651191	0.0947726238	0.0368785238	-0.0552526575	0.0728884564	-0.0538377797	-0.0544813837	0.015735367	-0.0212976219	0.031027763	-0.0586005195	0.0138068654	-0.0958621912	0.0436042483	0.0256624136	-0.0516423147	-0.0371212738	-0.0198245056	0.0452414678	0.0210712191	0.1047848665	0.056702717	0.0228412265	-0.1045279312	0.0343010222	0.0056374277	-0.0665566865	-0.0408207533	0.0352372907	-0.0214636869	0.0105629601	-0.0135487213	-0.0193434552	-0.0350020647	-0.0109885861	-0.0237923892	0.0401227212	0.0134608182	-0.0244160787	-0.0829787916	0.0113324332	0.0088321067	0.0033649836	0.0230466229	0.1270459813	0.0420735989	-0.0020108202	0.0614141035	-0.0180072522	0.0270347733	-0.0693699939	0.0886164996	0.0302455609	-0.0064181891	-0.0723240462	-0.0302319857	-0.0970012389	0.0782657919	0.0447257248	0.0840973728	-0.0292734957	0.0319270224	-0.0296333995	0.0091255591	0.0149618993	-0.0435558441	0.0012230801	0.0610297957	0.0006780708	0.042915316	-0.0743263034	-0.0396083084	-0.0681790394	-0.0287781999	-0.0013127422	-0.0158539376	-0.0341538401	0.0322745141	0.0144724924	0.081495268	-0.0009063909	-0.0404286816	-0.0025130437	0.0773811066	-0.06274319	-0.0538309041	-0.0155966794	0.0173587892	0.0110025477	0.0615743188	0.0395970565	0.0415476068	-0.0234478902	-0.0094817155	-0.0482304403	0.1151840918	-0.0328462364	0.0161360304	0.0088562914	-0.0092292285	0.0094385936	0.0260092949	0.0979031991	-0.0312313125	-0.0506423753	0.1540414469	0.0760958175	-0.019594448	-0.0937989305	-0.0843668997	0.027790309	-0.1166662912	0.0290186328	-0.0033267451	-0.1051903612	0.0161085805	-0.0742850132	-0.0144053161	-0.1151810923	0.0423669894	-0.140553	-0.0047439999999999	0.019755145809	2.250553599999998e-05	-0.168173	-0.0413289999999999	0.0282821579289999	0.0017080862409999	-0.605208	0.0825759999999999	0.3662767232639999	0.0068187957759999	0.00464225	0.0028949599999999	8.380793401599996e-06	2.15504850625e-05	-0.00363255	0.0002618799999999	6.858113439999996e-08	1.31954195025e-05	0.000111111	-0.000178229	1.2345654321e-08	3.1765576441000006e-08	0.0	0.0	0.0	0.0	0.0	0.0	0.0	0.0	0.0	0.0	0.0	0.0	0.0	0.0	0.0	0.0	0.0	0.0	0.0
627.6321157019688	1.465868519916171	393922.0726605296	2.1487705176812257	872.6289574404359	-11.81857636215284	761481.2973635821	139.67874722803785	600.7754533596767	1.2174315365641633	360931.14535952505	1.4821395462209797	620.1569160108451	631.7079244475154	0.962253	45.627338	0.2978615	0.143664	0.002254226	-0.0562505389	-0.1065736696	0.041843149	-0.0388111738	0.0525319319	0.0309228913	0.1038300509	-0.0621628213	-0.042489863	-0.0162516831	-0.1812800404	-0.0314772885	0.0454735432	-0.0277818269	0.0319606962	-0.0004430608	0.0542817598	0.0240122399	0.0371410879	0.0225466146	0.0135443116	0.0708181412	0.0125826362	0.0155925017	0.0365200003	0.0652936926	-0.0650135823	0.0592540193	-0.0160219223	-0.0545142983	-0.049190261	0.0870923305	0.0287174432	0.0407046824	-0.0786762746	0.0897208671	0.0252617335	0.0195631171	0.0233347962	-0.0066557348	-0.0302224314	0.0033017608	-0.0814999915	0.0362640932	0.0569532381	0.068715661	-0.0314179434	-0.1269589881	-0.0563911612	-0.040362224	0.060148106	0.0980357655	0.0427803532	-0.0214549898	-0.0009885554	-0.0349774023	-0.0431384027	0.0295684165	0.0253754508	-0.0125432706	-0.0113670137	0.1329133381	-0.0451871441	0.0430360669	0.0610831346	0.1125297594	0.0630058017	-0.016629897	0.0883954168	0.0317857114	0.0083212236	0.015696485	0.030809953	0.0243265094	-0.0134999349	0.0826742899	-0.0469136456	0.0502452483	0.0719528103	-0.0348710134	0.1016616653	-0.0575430906	0.0663919144	0.0057288321	-0.0148255534	-0.0625377765	0.0469177435	-0.0227428535	0.0480032105	0.0470972989	0.1267578957	-0.0694565784	-0.0399279466	0.0067509097	0.0701848327	-0.054407843	0.0175887724	-0.0334327687	0.0247421482	0.0655518699	0.0412204368	-0.0880131857	-0.021031456	-0.0230034852	-0.0697253767	-0.0278122874	-0.0923266087	0.0137099872	-0.052390169	-0.0454242265	0.0133860463	0.011281152	0.0482057703	0.0075906452	0.0481546094	0.0943919293	0.0064731525	-0.0592729119	-0.0061084404	0.1214686255	0.0769916993	0.0356256987	-0.01426165	-0.01088156	-0.0223684716	0.0322949205	0.1229103472	-0.0211607611	-0.0075353158	0.0050449649	-0.0374235612	-0.0405022072	-0.0504828353	0.1395010584	-0.0778599364	-0.0117983817	0.096928251	0.0986411424	-0.0507331999	-0.1410208412	-0.0423469348	0.0748588253	-0.1801786764	-0.0720138093	0.0138347134	-0.1085502411	0.1555829575	-0.0312072538	-0.0170077871	-0.1138033884	0.0496261511	-0.0493892	0.0911638	0.00243929307664	0.00831083843044	-0.0842307	0.0839422999999999	0.00709481082249	0.0070463097292899	-0.612557	-0.007349	0.375226078249	5.4007801000000736e-05	0.00363914	-0.0010031099999999	1.0062296720999995e-06	1.32433399396e-05	-0.00241839	0.00121416	1.4741845056000005e-06	5.848610192099999e-06	0.000201969	9.0858e-05	4.0791476961000003e-08	8.255176164000001e-09	0.0	0.0	0.0	0.0	0.0	0.0	0.0	0.0	0.0	0.0	0.0	0.0	0.0	0.0	0.0	0.0	0.0	0.0	0.0
627.2772289989534	-0.3548867030153815	393476.7220206055	0.1259445719771275	876.3602893117865	3.7313318713505614	768007.356682638	13.92283753415649	600.8335085740324	0.0580552143557042	361000.9050253819	0.0033704079138867	620.197917196771	633.5041210668928	1.022159	48.467873	0.1987971	0.0806261	0.0088435289	-0.0666085731	-0.1321969708	0.0456038107	-0.0856858191	0.0744279595	0.0353925752	-0.033730844	-0.0056060045	0.0861272173	-0.1293290809	-0.0553218546	0.0235522402	-0.0957312723	-4.86481e-05	0.0259396493	-0.0276057406	-0.006118305	0.0328787272	0.0280575499	0.0067521172	0.016896318	0.0871130294	0.0251828825	0.038541023	0.077887803	0.0090858172	-0.1002758421	0.067591501	-0.0101388972	0.0037760435	0.0339006482	0.0860792067	-0.086626672	0.0146943494	-0.0035631046	0.0423146668	0.015983289	-0.0010303025	-0.0159858648	0.0587820869	0.0276731147	0.0265746139	-0.0658382339	0.019377496	0.0248029942	-0.0127125942	0.0397725647	-0.1033369244	-0.0512465925	-0.0209800184	-0.0232102415	0.0209133723	0.0287818327	-0.0862536482	0.016626449	0.0120404638	0.0601728887	0.0478248242	0.0082880171	0.0706212894	-0.0069669508	-0.0930700831	0.027523431	0.0898786553	-0.0556489257	-0.0166854466	0.0944852419	0.0086940784	0.0614792518	0.0212001657	-0.0377478486	-0.0784436306	0.0229831215	0.0099718862	-0.0203424828	0.0902042615	-0.0753650438	0.0181796642	0.0167218758	0.1023092266	0.1123260748	0.0596717946	-0.0255602594	-0.00275117	-0.0818908914	-0.0506105103	0.0280816058	0.0049765147	-0.0172562079	0.0475021889	0.0731759363	-0.0075192489	-0.0365001637	0.0457995461	-0.0543500614	-0.0505927751	0.073492607	-0.0208645175	-0.0118938929	0.0932057287	-0.0067020552	-0.0268617593	-0.0479979343	-0.0391166256	-0.0192414163	0.0135990164	-0.0673226668	0.1374585639	-0.0244470661	-0.0124711131	-0.0598318657	-0.0226216957	-0.043901912	0.0130273083	0.0744178462	-0.0167052185	-0.0958953069	-0.0274049837	-0.0128376873	0.0279743564	0.0830565251	0.0591507795	0.0312102115	0.0615222376	-0.0029500552	0.0155176623	0.1202234004	-0.037929492	-0.0128339825	-0.0019576107	-0.0377104064	-0.0220954619	-0.0105842174	0.1389093509	-0.0913127539	0.0818081853	-0.0358082896	0.0440911348	-0.0639325336	-0.1022501038	-0.1879546086	0.0529982368	-0.1009400272	-0.0300749368	0.0515438972	-0.0916560758	0.1453111996	-0.0221000601	-0.0196019337	-0.1122029089	0.05666678	-0.0837747999999999	-0.0343855999999999	0.0070182171150399	0.0011823694873599	-0.134211	-0.0499802999999999	0.0180125925209999	0.0024980303880899	-0.566945	0.0456119999999999	0.321426633025	0.0020804545439999	0.00443516	0.0007960199999999	6.336478403999995e-07	1.96706442256e-05	-0.00272777	-0.00030938	9.57159844000001e-08	7.4407291729e-06	0.000472953	0.000270984	2.23684540209e-07	7.343232825600004e-08	0.0	0.0	0.0	0.0	0.0	0.0	0.0	0.0	0.0	0.0	0.0	0.0	0.0	0.0	0.0	0.0	0.0	0.0	0.0
627.4758773442617	0.1986483453082428	393725.97664895095	0.0394611650937028	882.0060154689551	5.64572615716861	777934.6113234226	31.874223841737845	600.3804953483885	-0.4530132256438719	360456.7391947764	0.2052209826082656	620.3987827213806	638.4445097871563	1.002494	47.535427	0.1362087	0.0742818999999999	0.013114344	-0.06059137	-0.01364256	0.0136788065	0.0205814677	0.0374859277	0.0876136952	-0.0553369824	0.0482476513	-0.0310310442	-0.0702273578	0.0055469798	-0.0014812427	-0.0875922089	-0.0700027051	0.0510069681	0.0800560491	-0.106899965	-0.0474456865	0.02709844	-0.0111388209	0.0170541436	0.0831612454	0.0260643529	0.0451011046	0.0433735373	-0.0184083329	-0.0318392946	-0.0536878643	-0.0525012784	-0.0138276809	0.010907572	-0.0138290774	-0.0052778715	0.0059028213	-0.0501228001	0.0728890318	0.0421834673	-0.0283872249	-0.0514010786	0.0391076101	-0.0122608961	-0.0268271527	-0.0359254324	-0.0333521391	0.0558179888	0.0328548779	0.0040023648	-0.0050282378	-0.1024710798	0.0288473618	-0.044751603	0.0180489535	0.0414902353	-0.0658911966	0.038443683	-0.0042784544	-0.0623436335	0.0103358865	-0.0252199947	0.1552837534	0.0606590666	-0.0462179616	-0.0222835019	-0.0425136181	0.0358510193	-0.0191284763	-0.0052237761	0.0143055129	-0.0334142573	0.0538758732	0.0405132897	0.0199183999	0.0293258716	-0.0125628567	-0.0063980349	0.092649168	-0.0166570406	-0.0167333448	-0.0433530536	0.0411693771	0.0498991918	-0.019550371	-0.0029303921	-0.0458789248	-0.0267655976	-0.0507801255	-0.0210187526	0.0011743898	0.0285817542	-0.0634969024	0.0883347111	0.0275129278	0.0420344003	0.0124421584	-0.0453644012	-0.0221257863	0.0143890458	-0.0594794628	0.0087235169	0.0703681884	-0.0341792509	0.0810061581	-0.1354794886	-0.0498609921	0.1357003384	-0.0488996666	-0.057820347	0.0758130386	-0.002515859	0.0001186102	-0.0283333172	0.0413116263	0.0206737933	0.0311542738	0.0532011911	-0.0892475789	0.0328170767	0.0351108079	0.0045086668	0.0722125858	-0.035210337	-0.0729303163	0.0389544706	0.0060261805	0.0121692836	-0.0122045562	0.1136561453	-0.0135989453	-0.0071893771	0.0053698888	-0.0388859606	-0.0224646491	0.0266699492	0.0268738715	-0.1148926623	0.0331657586	0.0477695156	0.0187742804	-0.0161135562	-0.0173078333	-0.1202341816	0.052946625	-0.0715445826	-0.04139734	-0.0072777261	-0.0867816533	0.0821837888	-0.0084432507	-0.0221864862	-0.110382787	0.063457872	-0.101342	-0.0175672000000001	0.010270200964	0.00030860651584	-0.12342	0.0107909999999999	0.0152324964	0.0001164456809999	-0.529866	0.037079	0.2807579779559999	0.001374852241	0.00348331	-0.0009518499999999	9.060184224999996e-07	1.21334485561e-05	-0.00285383	-0.0001260599999999	1.5891123599999973e-08	8.1443456689e-06	0.000135433	-0.00033752	1.8342097489e-08	1.139197504e-07	0.0	0.0	0.0	0.0	0.0	0.0	0.0	0.0	0.0	0.0	0.0	0.0	0.0	0.0	0.0	0.0	0.0	0.0	0.0
626.6286419432269	-0.8472354010348226	392663.4549036128	0.7178078247666367	881.3807391536037	-0.625276315351357	776832.0073509528	0.3909704705393696	599.4469316203105	-0.9335637280780702	359336.6238290052	0.871541234383025	619.2583987382902	645.2850189480712	0.953869	45.229763	0.1149439499999999	0.0554526	0.0261298572	-0.0681604974	0.0321728076	-0.0448315383	0.0796754929	0.032700053	0.0692204635	0.0146852	-0.0388153049	-0.0042192986	-0.0414964095	-0.0426559571	-0.0263916694	-0.062697749	-0.0130368132	-0.0084350387	0.0119348463	-0.008543175	-0.0294434493	0.002987738	-0.0204815202	-0.0055207699	0.0794828061	0.0752428301	0.031635949	-0.0009683212	-0.0542991772	0.0092759053	-0.0132410865	-0.0351999581	-0.0664104088	-0.0292426328	0.0382590422	0.0416293903	0.0034037328	0.0374510016	0.062040549	-0.026531651	-0.0003429079	-0.0342390588	-0.0439145782	-0.0644319607	-0.0400870057	0.0187987441	0.0245818171	0.0213335749	-0.0220887756	0.0746615379	-0.0400246842	0.0034365154	-0.0630626202	-0.0338576935	0.0454133179	-0.0004845289	0.0085973511	-0.0365763658	-0.0387565711	-0.0419601356	0.0734354654	-0.0120910451	0.035794589	0.083831815	0.0120537288	-0.0549368684	0.0477402366	0.0066723859	-0.0282803226	0.0887207675	0.0128946798	0.0226216933	-0.0123187344	0.0084505415	0.0158279724	0.0051287436	-0.0223930319	0.021159743	0.1008227432	0.0576092927	0.0046507585	-0.019095298	0.0006965253	-0.0060914741	-0.0143816904	0.0613117394	-0.028834017	0.0118182338	-0.024546473	0.024802353	0.0273726484	-0.0475812657	0.0128754795	0.0443148414	-0.0514377964	0.0112140863	-0.0491714737	0.0112651968	0.0901666385	0.0202547357	-0.0518409847	-0.0172081891	0.0342382856	-0.0034287663	0.0560883525	0.0398681884	-0.0465006465	0.0253563116	0.0146347144	-0.0391796012	0.0653017788	-0.0365560089	0.0427179363	-0.0204273579	-0.0211887214	0.0513210973	0.0335787725	0.060816041	-0.0328754218	0.0828236165	-0.0610513154	-0.0242949665	0.0669426156	-0.0328761319	0.0308628469	-0.0256881904	0.0677051924	0.023057144	-0.0204716153	0.1015497457	-0.0085311754	0.0102226559	0.0267722347	0.0147637362	0.0050813452	0.0210112828	0.0276345844	-0.1009260937	0.0149656695	0.0859156637	0.0157428232	0.0045807233	0.0196139708	-0.0977857701	0.0171752204	-0.0441363228	0.0543425594	0.0950731176	-0.0885614523	0.0163390351	0.0044654357	-0.0247601796	-0.1083465856	0.0699695221	-0.132452	-0.0311099999999999	0.0175435323039999	0.0009678320999999	-0.143381	-0.019961	0.020558111161	0.000398441521	-0.52067	0.0091959999999999	0.2710972489	8.456641599999967e-05	0.00403644	0.0005531299999999	3.059527968999998e-07	1.6292847873599996e-05	-0.00278849	6.53400000000001e-05	4.269315600000014e-09	7.7756764801e-06	-0.000339636	-0.0004750689999999	1.15352612496e-07	2.2569055476099997e-07	0.0	0.0	0.0	0.0	0.0	0.0	0.0	0.0	0.0	0.0	0.0	0.0	0.0	0.0	0.0	0.0	0.0	0.0	0.0
625.1498304510073	-1.4788114922195064	390812.3105129232	2.186883429520483	880.2361446006894	-1.144594552914327	774815.6702614857	1.3100966905611489	599.1155715304792	-0.3313600898312643	358939.46805029275	0.1097995091329835	618.5916661730884	638.4464430901057	0.921832	43.710678	0.08129905	0.0458872	0.018449749	-0.0477662523	0.0242504041	-0.0255661345	0.0547236598	0.0092554564	0.1038238682	0.0246512278	0.0030710716	-0.0754359255	0.0083809288	0.0198041246	0.1270826714	0.033306813	-0.0300902881	-0.0236306997	0.0089406486	-0.0537453076	-0.0114208467	-0.0011686161	-0.0146058385	0.0044946928	0.0639602106	0.0237208537	0.0509463889	-0.0322583298	-0.0207484782	0.0081389843	-0.0239905873	-0.0247525078	-0.0177908036	0.0366855894	-0.0346905127	0.0609523026	-0.0065604161	0.0555962058	0.0926738836	-0.052562202	-0.0297934517	-0.0876612618	-0.0122546175	0.0649738435	-0.0526812456	-0.0281548785	0.0439532395	0.0577814198	0.0829357295	0.0007298408	-0.054522363	0.0566336813	-0.024389597	0.0527830365	0.0073308974	0.0098848481	-0.0788130657	-0.0235214527	0.0358784063	0.005247197	0.0334644842	0.0108352052	0.0994311334	0.0237960237	-0.1129678336	0.0570439511	0.081330906	0.0322166755	-0.0546103286	0.0252024033	0.0025194734	0.0412440924	0.1497780556	0.1006418384	0.0136656061	0.0001865041	-0.0150620161	0.0040639474	0.0907043615	0.0220548012	-0.0293020749	-0.0061087494	-0.0011427571	-0.0057921124	-0.0407478406	0.0279878021	-0.038248277	0.0229971599	0.0484464575	-0.0541122893	-0.0495539874	-0.0445384337	-0.0331539614	0.0137764889	0.0171436433	0.0172709304	-0.0004934505	-0.0141816237	0.103697288	-0.0373948663	-0.1069105932	0.0170175832	0.0703396453	-0.0307363266	-0.0469719504	0.0837108618	-0.0915110051	0.0300109051	-0.0398681514	0.0024643355	0.066627601	0.0394398292	-0.0340495946	-0.0762430388	-0.0150877497	0.0103796006	-0.0768711719	0.0920057477	-0.0349173932	0.0244591307	0.0202898929	-0.0405183925	0.0939664175	0.009121237	-0.0483863399	0.0744778115	-0.0280897637	0.0186154726	-0.0282222437	0.0948832742	0.0063941449	0.0138489151	0.0187575962	0.0083068572	0.0272643693	0.010293821	0.016255458	-0.1272700278	0.013554086	0.0573329533	0.0138582337	0.0152251445	0.0118432644	-0.0756179445	-0.0277630613	-0.0388592741	-0.0372178959	0.0139970447	-0.0665345496	0.017665086	0.0377067852	-0.0273217542	-0.1060982907	0.0761730556	-0.132764	-0.000312	0.017626279696	9.73440000000042e-08	-0.101454	0.041927	0.010292914116	0.001757873329	-0.532161	-0.011491	0.283195329921	0.000132043081	0.00368663	-0.0003498099999999	1.2236703609999962e-07	1.35912407569e-05	-0.00282316	-3.46700000000001e-05	1.202008900000007e-09	7.970232385599999e-06	-0.000172735	0.0001669009999999	2.9837380225e-08	2.7855943800999992e-08	0.0	0.0	0.0	0.0	0.0	0.0	0.0	0.0	0.0	0.0	0.0	0.0	0.0	0.0	0.0	0.0	0.0	0.0	0.0
625.9286067923048	0.77877634129743	391786.6208009557	0.6064925897646112	880.0035159981052	-0.2326286025842137	774406.1881690273	0.054116066740284	598.4874263863111	-0.6281451441681156	358187.19954251015	0.3945663221419828	618.4383958127685	638.1492153371082	1.009144	47.850758	0.1040354	0.0477833	0.0386829959	-0.0398350202	-0.017088785	-0.037767278	0.0308747127	0.0466796437	-0.0205713166	0.1059927139	0.0233630739	0.0500743737	0.0185926694	-0.125650753	-0.0468601553	0.0616341631	0.0282164566	-0.1012377211	0.0533848098	-0.1930921769	-0.0668527544	-0.0160961584	-0.0366104108	0.0191749218	0.0806139857	0.0555810976	0.0305477432	-0.0285343033	-0.0223657413	0.0299121504	-0.0041190023	-0.0108065929	-0.0862721375	0.0636456126	0.0461247338	0.0617044871	0.010421686	-0.0302074127	0.0051963151	-0.0366164941	0.034941529	-0.1072235265	-0.0304496534	-0.0580785755	-0.0531281508	-0.0320487561	-0.0789854568	0.0050850232	0.0048904932	0.0967951801	0.0076037781	0.0139800902	-0.0259316866	-0.0589219928	-0.0416311633	-0.005527161	0.0491724235	-0.0403097844	0.0659239801	0.058278531	-0.0707074108	-0.0741754184	0.0221856765	0.0169643879	-0.1500927607	-0.0108890348	0.0993943324	0.0553445093	0.0523974588	0.0059271295	-0.0275339565	0.0184288414	-0.025503425	0.0329043414	0.1245788879	-0.0059420386	-0.0428205296	-0.0067661985	0.0786232448	0.0362812991	0.01717375	0.0554968643	-0.0600346684	-0.0140365215	-0.0636736777	0.0685031048	0.0062958994	-0.037460433	-0.0392120644	-0.0390544305	-0.0609963774	0.0329188781	-0.0210637848	-0.0228348765	-0.0709453437	0.0212879324	0.0553475814	0.0791457195	0.0515949749	0.0029978466	-0.0200547219	0.039896939	0.0310257252	0.0494371832	0.0231507237	0.0241571357	-0.0708541759	-0.0184111055	0.035019146	0.0661393967	-0.0241165962	-0.0231549275	0.0076601745	-0.0694448909	-0.059564666	0.0187900191	0.0397375686	0.0139510872	-0.2204586521	-0.0007022795	0.0338168911	0.1326585006	0.0826442986	0.085822866	0.0879711505	-0.0116159671	0.0024665886	0.03109978	-0.0302702611	0.0802148035	-0.002537754	-0.005109303	0.0023459931	0.0422842572	-0.0062323077	-0.0506401453	0.0495247348	-0.0231421873	-0.0418876323	0.0908496841	0.0429727157	0.0093054445	-0.0489340356	0.0335134425	-0.0746142183	-0.1235582839	0.0032040346	0.0231321208	-0.0597446397	-0.0697594636	0.0325218596	-0.0298699563	-0.1036423034	0.0820411548	-0.153143	-0.020379	0.023452778449	0.000415303641	-0.124083	-0.0226289999999999	0.015396590889	0.0005120716409999	-0.495411	0.03675	0.2454320589209999	0.0013505625	0.00406892	0.00038229	1.461456441e-07	1.6556109966400002e-05	-0.00291295	-8.979000000000018e-05	8.062244100000033e-09	8.4852777025e-06	-0.000159267	1.3468000000000014e-05	2.5365977289e-08	1.8138702400000038e-10	0.0	0.0	0.0	0.0	0.0	0.0	0.0	0.0	0.0	0.0	0.0	0.0	0.0	0.0	0.0	0.0	0.0	0.0	0.0
627.1400431605364	1.2114363682316025	393304.63373539946	1.4675780742741749	874.6125220250289	-5.39099397307632	764947.0636829815	29.06281601774521	599.5397129490597	1.0522865627485771	359447.8674030409	1.1073070101412152	618.8084305410773	637.3974329097306	0.9702	46.004139	0.0344865999999999	0.0229116	0.0385200511	-0.0395914169	-0.1090157056	0.0362832565	-0.0138494915	0.082828162	-0.0128622212	0.0430079779	-0.055161306	0.0090428843	-0.0143103536	-0.1174911127	0.0324652963	0.0688809918	-0.0090134575	-0.0406827985	-0.0306037149	0.0776351835	0.0551553374	0.0071696904	-0.0247492297	0.0344139198	0.0737229505	0.0231112223	0.0412423627	-0.0286867856	0.0061356527	-0.0388322084	0.012376653	0.0679842793	-0.0495926472	-0.0662739647	-0.0571280542	0.0721733412	0.0712322332	-0.0961835067	-0.0409788787	-0.015242163	-0.0154989349	-0.0649097649	-0.0988563312	-0.0222833808	-0.0309771404	-0.0601621842	-0.0347135516	-0.0321309002	-0.0229603499	0.0365415218	-0.02616282	-0.0179781432	-0.0206963869	0.0567019852	0.0022990989	0.0402535663	-0.0404222025	0.0285240135	0.054653816	0.0289563793	0.0112763142	0.0262908698	0.0492853531	0.1266431415	0.0371821532	0.109376238	-0.0425116139	-0.0337213044	0.1129083498	-0.1226436832	-0.0271379755	-0.0887323113	0.0560055548	0.0385281331	0.0175015768	0.0152942889	-0.0285941449	-0.0343470587	0.0609620425	-0.0475041135	0.0016996836	0.0939598415	-0.0065210011	0.0231404815	-0.0704241972	0.0778453441	0.0827223331	0.0224023442	-0.0147139043	0.0655019927	0.0141789339	0.052446134	-0.0936412294	0.0171679113	-0.0911908539	0.0056226337	0.0398307156	0.0213610667	-0.0016993509	-0.0382113222	0.0778343046	-0.0050525165	0.0027306118	-0.0330955376	-0.0386589869	0.0617632324	-0.0719127068	0.0053193462	0.0229176299	0.0736906337	0.0262939501	-0.0061186115	0.0176618962	-0.0377092151	0.0514736552	-0.0581561378	-0.0083411031	0.0522060941	-0.0028324407	0.0748901033	0.0833473614	0.0797744867	0.0906079652	-0.0158740023	-0.1332258754	-0.0029375138	-0.0761308246	0.0332130604	-0.0369498038	0.0774377056	0.0116677907	0.0328387936	-0.028597517	0.0245611044	0.0073425203	-0.0314923235	0.0515881397	-0.0787835542	0.0129701685	0.0028104123	0.0018419949	0.0070863314	-0.0738070377	0.0407128026	-0.1421573728	-0.1409533274	-0.07827395	0.0320571286	0.0084708465	-0.0661912524	0.0671733059	-0.0324035386	-0.1009834314	0.087547979	-0.173165	-0.020022	0.029986117225	0.000400880484	-0.12305	0.0010329999999999	0.0151413025	1.067088999999984e-06	-0.495352	5.899999999997574e-05	0.245373603904	3.480999999997137e-09	0.00392395	-0.00014497	2.10163009000001e-08	1.53973836025e-05	-0.00287094	4.200999999999988e-05	1.7648400999999896e-09	8.242296483600002e-06	-0.000239739	-8.0472e-05	5.7474788121e-08	6.4757427839999996e-09	0.0	0.0	0.0	0.0	0.0	0.0	0.0	0.0	0.0	0.0	0.0	0.0	0.0	0.0	0.0	0.0	0.0	0.0	0.0
627.4301478525433	0.2901046920069348	393668.5904342644	0.0841607323244384	872.1449972047607	-2.467524820268181	760636.896149292	6.088678738639521	600.7211184632049	1.18140551414524	360865.86216768384	1.3957189888527788	620.232735065973	633.897363674553	0.978112	46.379299	0.07674255	0.0412231	0.0424133519	-0.0375782724	-0.1551451046	0.053727476	-0.0929193599	0.1065889371	0.0112896591	0.0040586268	0.0327841557	0.071909347	-0.0112787653	-0.0556305715	0.020286597	0.0705747478	-0.0162273551	0.0069299918	0.0223274926	0.0731386367	-0.0519672461	0.0283685412	-0.0343866984	0.0140348551	0.0557968522	0.0058655786	0.0327553965	-0.0033535735	-0.0133661746	-0.0444837974	0.0592634956	0.09418534	0.0187769665	-0.033640763	0.0003461628	0.0227615402	0.032159518	-0.0541801793	0.0011404747	0.0420190311	-0.0022358756	0.0151257814	0.013422509	-0.0780093522	0.0493900172	-0.0208985514	0.0057757623	0.025433088	-0.0149828012	0.0290800229	-0.0264696158	-0.049145271	0.0698200651	-0.0166307848	-0.1193169614	0.012817061	0.0095868063	0.0525005507	0.0834032296	-0.0952032143	0.1286360336	0.0023767861	0.0048927426	-0.1034984003	0.0484586972	-0.040823322	-0.0243071822	0.0216435444	-0.0077049421	0.0463852571	0.0418002848	0.0706680454	-0.0129501846	0.067017275	0.1471314678	0.0290323867	-0.0282243349	-0.0242824885	0.0322820318	-0.0848339909	0.0035221791	0.0802920176	0.0802930553	0.0491130716	0.0442017695	0.0246711889	0.0574644276	-0.0268282136	-0.0088876549	0.0510562888	0.0376421799	0.0822412814	-0.0085995784	0.0329838744	-0.0183370171	-0.0010276636	0.0406945419	0.0712072346	-0.0018853469	0.0253013277	-0.0668921806	0.0057524914	0.064533692	-0.0513736473	0.026636085	0.0303937832	0.0252955261	0.0544431022	0.0178053625	-0.0283561666	-0.0460345059	-0.0487212146	-0.0576464382	-0.0831328013	0.0861012087	0.1018079741	0.0116751436	-0.0543105587	-0.0151150976	-0.0040377488	-0.0462335116	-0.0150466819	0.0070076375	-0.0672313409	0.0577432907	-0.0095675979	-0.0057772398	0.0431852197	-0.0351847231	0.0674633045	0.001949101	0.0058212904	-0.0359926899	0.0403073154	-0.0243882536	-0.0782410019	0.0529586862	-0.0242276911	0.0907353503	-0.0770006121	-0.0207986813	-0.0142390523	0.0326476404	0.0439575943	-0.12321705	-0.1380930805	-0.0741625582	0.080028182	0.0974038791	0.0123425376	0.0170323934	-0.0349212611	-0.0981268796	0.0926692784	-0.171769	0.001396	0.029504589361	1.948816000000023e-06	-0.116706	0.006344	0.013620290436	4.0246336000000034e-05	-0.4751	0.0202519999999999	0.22572001	0.0004101435039999	0.00346757	-0.0004563799999999	2.0828270439999974e-07	1.20240417049e-05	-0.0024495	0.00042144	1.776116736000003e-07	6.000050249999999e-06	-0.000142548	9.7191e-05	2.0319932304e-08	9.446090481e-09	0.0	0.0	0.0	0.0	0.0	0.0	0.0	0.0	0.0	0.0	0.0	0.0	0.0	0.0	0.0	0.0	0.0	0.0	0.0
627.2518547614139	-0.178293091129376	393444.8893016339	0.031788426344468	877.5450721947153	5.400074989954646	770085.3537332282	29.160809897133674	601.9416754444887	1.2205569812838348	362333.7806369182	1.4897593445607076	621.6727175086819	640.6517793400322	0.934026	44.288895	0.1279979499999999	0.0681948	0.0485214122	-0.0382629259	-0.1263282341	0.0607164302	-0.084674787	0.1028964966	0.0356085382	-0.0367772374	0.0456237549	0.0043082738	-0.0702947719	0.0574981466	0.0692722083	-0.075568986	-0.0847391629	-0.0091282177	-0.0046355915	-0.0533854355	-0.0929966846	0.0498817002	-0.0364662836	0.0274210344	0.0427782555	-0.0288801507	0.069599381	0.0305504794	-0.0585114197	-0.11495818	0.054853806	0.0882065092	-0.0113107071	-0.0333847461	0.0372249863	-0.035680515	0.0578029178	-0.0481914805	-0.0370709487	0.0622351008	0.1163430867	-0.0234387221	-0.0174203904	-0.0028162233	0.0292618262	-0.0198202313	-0.0414213024	0.0443017492	-0.0557049309	-0.0165336998	0.0331490876	-0.022010737	0.0646851715	0.0861502006	-0.0068490391	0.0112317013	0.0726329117	0.0341618046	-0.0302366221	0.0925613057	0.1010717786	0.1161050267	0.1360328339	0.0187334915	-0.0080281908	0.0491873871	0.0245121274	0.1014715623	-0.0618410163	-0.0232793171	-0.0063515817	0.0583444185	0.0679605948	-0.0447306261	0.0893245835	0.0540759114	-0.0231260805	-0.0413333497	0.0279701903	-0.1054581802	-0.0290827414	0.0127561725	0.1016339093	0.0803518121	0.0468554622	0.0135958914	0.0461792838	-0.0560732473	-0.0564670159	0.0830962639	0.0223045229	0.0657689609	-0.0229144939	-0.0699075428	-0.009347089	0.0162632885	-0.0181145318	0.0162931165	-0.021842113	0.0595802086	-0.1077574779	0.09856753	0.0169981511	-0.0786763337	-0.0278831713	-0.0100464975	0.0442394183	0.0740156123	-0.0096075169	0.0758830092	0.0745195632	-0.0238157565	0.0868292637	-0.0068087089	-0.0466586791	0.0972483222	-0.0764409516	0.0401846581	-0.0506177346	-0.0290460453	0.0237884292	-0.0485645789	0.1470332573	-0.0271715796	-0.071102314	-0.0048521135	0.0479923883	0.0511874567	-0.0376036427	0.0574311286	0.0032926429	0.0332034368	-0.0192314339	0.0378650078	0.0140110094	-0.0296446943	0.0572908526	-0.0730670356	0.0648931741	-0.1347329932	-0.0249801018	-9.3861e-05	0.0193541236	-0.0196867449	-0.1221912754	-0.1269824011	-0.0837122561	0.0702580322	0.0503202378	-0.0495932847	0.053716333	-0.0374218916	-0.0950782398	0.0973825011	-0.185134	-0.0133649999999999	0.034274597956	0.0001786232249999	-0.155916	-0.0392099999999999	0.024309799056	0.0015374240999999	-0.465689	0.009411	0.216866244721	8.856692100000005e-05	0.00454292	0.0010753499999999	1.1563776224999993e-06	2.06381221264e-05	-0.00245733	-7.830000000000337e-06	6.130890000000528e-11	6.038470728900001e-06	-0.000379607	-0.000237059	1.4410147444900004e-07	5.619696948100002e-08	0.0	0.0	0.0	0.0	0.0	0.0	0.0	0.0	0.0	0.0	0.0	0.0	0.0	0.0	0.0	0.0	0.0	0.0	0.0
625.923662341339	-1.32819242007497	391780.4310787945	1.7640951047446054	875.3602954616746	-2.184776733040735	766255.6468707502	4.773249373236148	601.1428363244498	-0.798839120038906	361372.7096642043	0.6381439397045336	621.1020173883348	634.3640102801078	0.928737	44.038071	0.08543705	0.0420515	0.0457896756	-0.0264890586	-0.0739117771	0.0326145848	-0.055374557	0.0998018763	0.0784576123	-0.0722651307	0.0753829114	0.0333924897	0.0049386754	0.0396287887	0.1021150223	0.0498406992	-0.0829975359	-0.0337705915	-0.0562518868	-0.0688674125	-0.142981869	0.0392209648	-0.0434551614	0.0146369776	0.0292256607	0.0473256321	0.0695872102	-0.014994768	-0.052136325	-0.0719834049	0.0166420204	-0.0146419189	0.0352212333	-0.0172999103	-0.0216737445	-0.051253941	0.0072031686	0.0324627069	0.0121023862	-0.0093967709	0.0277214048	-0.0364548315	-0.0398330591	-0.0474427674	0.0192167276	-0.071106187	0.0302890289	-0.0130017024	-0.0200011695	-0.0316448858	0.0737851465	-0.0814393652	0.003412478	-0.0174359002	0.0280195953	-0.1144080434	-0.0186583984	0.100627205	0.0217452221	0.0203831911	0.0027825082	0.1443709994	-0.0395143726	-0.0065955985	-0.0598409075	0.0097433841	-0.1241259011	0.094512056	-0.02551458	0.0216512107	-0.0173821931	0.0083841922	0.0915139116	-0.161448957	0.0891175516	0.0452180658	-0.0332823798	-0.0170201756	0.0388837288	-0.0367384824	-0.0585997374	0.0191741083	0.1236034968	0.0515622689	0.0552570379	-0.0242871207	-0.0382151537	0.0023665972	0.0007987131	0.0026326549	0.0638593589	0.0144303724	-0.0528300916	0.0317453589	0.0552220701	0.0514866058	0.0464849848	0.0816057982	0.0386096795	0.039916349	-0.0486267704	0.0360060945	0.0243784359	-0.1063012538	0.0243538835	0.0239684009	-0.0083119702	-0.0114260989	-0.1344698186	0.0454858789	0.1163618502	0.0071611998	-0.0102188572	-0.0315667971	-0.0728079986	0.136809236	-0.0297317883	-0.1480767363	-0.1221639597	-0.0471891267	-0.0090203659	-0.0581278389	-0.0065959146	-0.0168551858	-0.120855605	-0.0171315282	0.0628465295	0.0562670536	-0.0461004579	0.0456724432	0.0050055319	-0.0034373366	-0.008643213	0.0386808185	0.0336080631	-0.0427395534	0.0281497858	-0.0403558751	0.0821490679	-0.1080491296	-0.0242055612	0.0354062347	0.0767402481	-0.0374900678	-0.0981009888	-0.0765375988	-0.0370399006	0.0732331362	0.0922102148	-0.0285038246	0.0174773271	-0.039904206	-0.0918434799	0.1016668918	-0.173838	0.011296	0.0302196502439999	0.000127599616	-0.13466	0.0212559999999999	0.0181333156	0.0004518175359999	-0.450418	0.015271	0.202876374724	0.000233203441	0.00403368	-0.0005092399999999	2.5932537759999933e-07	1.6270574342400003e-05	-0.00221429	0.00024304	5.906844160000018e-08	4.903080204099999e-06	-0.000379606	1.000000000015745e-09	1.44100715236e-07	1.0000000000314906e-18	0.0	0.0	0.0	0.0	0.0	0.0	0.0	0.0	0.0	0.0	0.0	0.0	0.0	0.0	0.0	0.0	0.0	0.0	0.0
626.8569953152958	0.9333329739567944	392949.6925757207	0.8711104402750343	886.0491933241685	10.688897862493944	785083.1729904098	114.25253751482764	600.7426503537664	-0.4001859706834239	360891.73195406765	0.1601488111318341	620.8113521189558	646.4415207724361	1.008803	47.834599	0.1594881499999999	0.0774862	0.0604776852	-0.0343616297	0.0614877105	0.0120674435	0.0645730929	0.043939251	0.0446117984	-0.0660436883	0.0172302131	-0.0062528781	-0.006386752	0.0516782404	-0.0441548807	-0.1054746719	-0.0342327218	-0.0034883862	0.1015975397	0.0319731976	0.0795361957	0.0338368805	-0.0580024384	0.0277215367	0.0134963031	0.0312185666	-0.0060196921	-0.0118155564	-0.0247881749	0.0338218089	-0.0256455498	0.0384083143	0.0348807967	-0.0444210281	0.0204972916	0.0111911593	0.0238780798	-0.0195205121	-0.033270436	-0.013004963	-0.0255349071	-0.0383782645	-5.45489e-05	0.005020942	0.0160183778	0.1089449726	0.0347478767	0.0140398061	0.0732375789	-0.0055099159	0.0006403684	0.0110441002	0.011153726	-0.0111256385	-0.0187239429	-0.0400822865	-0.0430425584	0.0127820796	-0.0780462681	-0.0089410165	0.0649279104	0.0097348562	0.0855085428	0.0349435807	-0.1207055086	-0.0115827096	-0.0291480122	-0.0662801932	-0.1150714296	0.011653611	0.0578956319	-0.0529648884	0.0469220963	0.0855423274	0.0062727269	0.04543397	-0.051511635	-0.0207202854	0.0224980637	0.0273549013	-0.0100743314	-0.0380202609	0.0227466544	-0.0264682933	0.0162557083	-0.008563461	0.0230478561	0.0156735815	-0.0264536118	0.0530489486	-0.0382947387	-0.044034833	-0.0424067213	-0.0385320604	-0.0077414213	0.0340807315	-0.0600985166	-0.0156536644	-0.0003021254	-0.0501868556	-0.0166100107	-0.0979545032	-0.027738396	-0.0305476984	0.0476373065	0.0036902244	0.0468573346	0.1560529172	-0.0250910463	-0.0363535801	0.0680453262	0.0168722996	-0.0190544423	-0.0105857117	-0.0275820305	0.0576391922	0.007709396	0.0065522954	-0.0633747968	0.0120263104	-0.0162268197	-0.0069156616	0.0387758853	-0.0951897411	-0.0757021997	0.0704969077	0.1217010411	0.0678890848	-0.0443395448	0.0245478647	0.0100515695	0.0299791338	0.0139450637	0.0135501375	0.0555926548	0.0435221587	0.0231919716	-0.0351612779	0.0207116239	-0.0391553049	-0.0160212217	0.0532103189	0.0958398183	-0.1002549949	-0.0289383776	0.0081684108	0.0644622558	0.0724092853	0.0226457285	-0.1322013046	0.0640506738	-0.0423669894	-0.0884289321	0.1055035841	-0.186108	-0.01227	0.034636187664	0.0001505529	-0.192327	-0.0576669999999999	0.036989674929	0.0033254828889999	-0.420564	0.0298539999999999	0.176874078096	0.0008912613159999	0.00501799	0.0009843099999999	9.68866176099999e-07	2.51802236401e-05	-0.00231796	-0.00010367	1.074746890000003e-08	5.3729385616e-06	-0.000485569	-0.0001059629999999	2.35777253761e-07	1.1228157368999996e-08	0.0	0.0	0.0	0.0	0.0	0.0	0.0	0.0	0.0	0.0	0.0	0.0	0.0	0.0	0.0	0.0	0.0	0.0	0.0
625.7279778892259	-1.1290174260698222	391535.5023133396	1.2746803483693263	883.5075519491236	-2.5416413750449465	780585.5943511333	6.459940879340366	599.4842575507547	-1.2583928030117022	359381.3750511796	1.5835524466716486	619.6114014050224	649.6415501775987	0.971028	46.043411	0.1267236	0.0587473	0.0539810804	-0.0267575452	0.0624869967	-0.0475632371	0.0832092609	0.0401670823	0.0545680329	-0.0302916754	-0.0193778271	0.0034699187	0.0169827547	0.0206100089	0.0455527992	0.0219551518	-0.0327893524	0.012997867	-0.0662544869	0.0877930381	-0.084501588	-0.0063614459	-0.0554279332	-0.0057508325	-0.0133491779	0.0736935748	0.0535054287	0.0183701813	-0.048025222	-0.0442418174	-0.0134102074	0.0537204107	-0.0154411112	0.023435153	-0.0647471676	-0.0703241502	0.0493203176	-0.0112468325	0.0137084106	-0.0009328522	0.0666517232	0.0104734802	0.0099533735	0.0038909026	-0.0952584762	-0.0761971587	-0.0428658403	0.0631418295	-0.020481185	0.0548639504	0.0806068317	0.0360262286	-0.0444871678	0.0113304233	-0.0315177165	0.0026783019	0.0762128622	0.0702974952	-0.1005112744	0.0230976507	0.0124590845	0.0812453682	0.0221787524	0.0508311532	0.1218245005	0.0236973189	-0.0099406284	-0.0342851862	-0.0046979463	-0.0275591074	0.009521642	-0.0211815322	0.1786620726	-0.0362879815	0.0058603455	0.0051643649	-0.053715082	0.0179149957	0.0438099224	0.068471097	-0.0461403393	-0.0177518244	0.0279508537	5.97328e-05	0.0246348655	0.0255381476	-0.0049441008	-0.0360566929	0.0211284515	0.0826262748	0.1011974268	-0.072994787	-0.0356550032	-0.0279639004	-0.0483077559	0.0393033792	0.0281024128	0.0114097179	0.0377515727	-0.043741715	-0.120393099	0.1353908664	0.0035654542	0.0200656501	0.0122535492	-0.0117067923	0.0724117315	0.0339899996	0.0214670174	0.1234837682	-0.0031963325	0.0143867907	0.1120120639	-0.0076696081	0.020407461	0.0443856322	-0.0688671712	0.0403029262	0.0392827988	0.0926252413	0.0028219693	-0.0520210344	0.0276764673	0.000981787	-0.150314525	-0.0444381469	-0.0392379629	0.0560994785	-0.0486080806	0.0329713555	-0.0070421161	-0.0005961868	0.0103293479	0.0281958431	0.0275132986	-0.0053932741	-0.0031724018	-0.0223056853	0.0223394433	-0.0117371455	-0.0418475361	0.0590488628	0.1943311875	0.0316335467	-0.0387114955	-0.0231833576	0.0886780104	0.1361371465	0.0896423937	-0.1446666605	0.1648227494	-0.0448090364	-0.0848412804	0.1088756826	-0.174698	0.01141	0.0305193912039999	0.0001301881	-0.172682	0.0196449999999999	0.029819073124	0.0003859260249999	-0.44621	-0.025646	0.1991033640999999	0.000657717316	0.00401786	-0.00100013	1.0002600169000002e-06	1.61431989796e-05	-0.00261232	-0.00029436	8.664780960000001e-08	6.8242157824e-06	-0.000379607	0.0001059619999999	1.4410147444900004e-07	1.1227945443999994e-08	0.0	0.0	0.0	0.0	0.0	0.0	0.0	0.0	0.0	0.0	0.0	0.0	0.0	0.0	0.0	0.0	0.0	0.0	0.0
624.9637708733654	-0.7642070158605065	390579.7149042564	0.5840123630904205	881.6256947535674	-1.881857195556222	777263.8656497103	3.5413865044667285	599.2639813687714	-0.2202761819833085	359117.3193659512	0.0485215963491436	619.1680583756653	641.9239541949595	0.970024	45.995804	0.1212715	0.0616792	0.0653471784	-0.0155939753	0.09117818	-0.0131182792	0.1213178697	0.0310350716	0.0466495997	-0.0234562891	-0.0095587689	-0.0570888586	0.0386445548	0.0465391396	0.099913839	0.0831455289	-0.078005875	0.0158592004	0.0917848017	0.0269646057	0.0435972893	-0.0057141888	-0.064048116	0.0265461858	0.0206706073	0.0416821596	0.019731071	0.0072022647	-0.0110140541	-0.0453057678	-0.0820001143	0.0924067072	-0.0118522501	0.0193666322	-0.0233639647	-0.0637606043	-0.0619691935	0.0246318711	-0.0653738231	-0.0175603045	0.0411341996	-0.0174585869	0.1027212717	-0.0139931429	0.0606840494	0.0186558779	-0.0048303391	0.0932106799	-0.0463321742	0.0857541466	0.1329532356	0.0299822571	0.0277311174	-0.0163805107	-0.0407706603	-0.0909841895	-0.0126302443	0.0642478275	-0.0436380007	0.053884096	0.0605212699	-0.0009458036	0.000495689	-0.0693745189	-0.0340907701	0.0453938591	0.0888566155	-0.0393815436	-0.0353196948	0.0433329414	0.0527270024	0.0705148394	0.0538107442	-0.0137421532	0.0216242876	0.0137047922	-0.0691997462	-0.0123069238	0.0350739507	0.0503336568	-0.0321680598	-0.0388772458	0.016775905	-0.0030290521	-0.0235037059	-0.0426586388	0.0249637317	-0.0006077546	0.0426366839	0.0383771184	0.0966037787	-0.0828344546	0.0045234319	-0.0987346495	0.0569559106	0.0200857431	0.0376695485	-0.0027141858	0.0072101578	0.052453591	-0.0946596993	-0.0695433837	0.0134739601	-0.0018539423	0.1150260877	0.03254781	0.0395783599	0.0939381204	0.0105923184	0.0948147291	0.0579551999	-0.0534270135	-0.0035146701	0.000249384	0.0045044923	0.0055406519	-0.0550955935	-0.0893673092	0.0147989788	0.0288472586	-0.0225630809	0.0048036486	-0.0532686852	-0.0850366199	0.0127324841	-0.0900716312	0.0181707306	0.0718081752	-0.0399625774	0.0035982405	-0.0012936545	0.0287046118	0.0062751047	0.0115684184	0.039584484	0.050697443	0.0018665909	0.0138050476	0.0035128112	-0.0010433519	-0.0135536794	0.036223218	0.1303764373	-0.0702654184	-0.0102568249	0.003666726	0.0597181727	0.0466611778	0.0475392736	-0.0615422876	0.0484487959	-0.0472291519	-0.081087548	0.111768338	-0.174311	0.0003869999999999	0.0303843247209999	1.497689999999988e-07	-0.201544	-0.028862	0.040619983936	0.0008330150439999	-0.402762	0.0434479999999999	0.162217228644	0.0018877287039999	0.00491176	0.0008939	7.990572100000007e-07	2.41253862976e-05	-0.00253473	7.759000000000021e-05	6.020208100000033e-09	6.424856172899999e-06	-0.000379607	0.0	1.4410147444900004e-07	0.0	0.0	0.0	0.0	0.0	0.0	0.0	0.0	0.0	0.0	0.0	0.0	0.0	0.0	0.0	0.0	0.0	0.0	0.0	0.0
624.701017461004	-0.2627534123614623	390251.3612168136	0.0690393557075926	880.4913018536568	-1.1343928999106083	775264.9326399473	1.2868472513675997	598.946300214239	-0.3176811545323517	358736.67054032534	0.1009213159450079	618.9014402043645	642.0369293891332	0.960492	45.543835	0.12107565	0.0568084	0.057307811	-0.0064727899	0.0803160482	-0.045106244	0.0910705445	0.0184784982	-0.0009953028	-0.0181941807	-0.010528663	0.0452126985	0.0338331259	-0.0334682777	-0.0727810771	-0.0213477694	0.0300124394	0.0226125651	0.0258889353	-0.0168474731	-0.0483957778	-0.0190740579	-0.0693313935	0.008641232	0.0167348678	0.064526913	0.0238142634	-0.0288113095	-0.0492027977	0.0147338611	0.0067602271	-0.0125710281	-0.0658622993	0.0004177567	0.0403059693	0.0122077248	-0.011078198	0.1029826019	-0.0263125516	0.041340216	-0.0203467748	-0.048220183	-0.0563598324	-0.0050667612	0.0499445029	-0.0012527089	-0.0162329146	0.0436956567	-0.0250223883	0.0467090584	0.0705391177	0.1044413173	0.0372848495	-0.0065143051	0.0041725077	0.002002545	0.1256053712	-0.0808702241	0.0323490746	-0.0226344533	-0.0753785895	-0.1081918521	-0.0262698333	0.0624710107	0.0191777339	-0.0193131588	-0.0530828563	0.0518113174	0.0810445657	-0.0185129134	-0.2060194708	-0.1160072948	0.038538442	-0.0495967466	-0.0406797838	-0.0019053211	-0.0733898113	0.0087922627	0.0381438363	0.0732077342	-0.0110785431	-0.0073291129	-0.0202181546	-0.0434541413	-0.0398000932	0.063567119	0.0032192901	0.0011219293	-0.0014163777	0.0145086231	-0.0151226593	-0.035592139	0.0281201803	-0.0645144513	0.0059339894	-0.03616128	0.0046384717	-0.0082249039	0.1028644739	0.0475011972	-0.0250581091	-0.0291753011	0.0001254743	0.0458369911	-0.0230804205	0.0676156536	-0.0325038667	-0.03402519	0.0465512861	0.0864416247	-0.0979712376	0.0839445216	0.0012486486	0.0765978426	-0.0582724287	-0.0183601195	-0.0363607689	0.0317960318	-0.1107522217	0.0805736743	-0.0008227382	0.0028841962	-0.063989635	0.0315331598	-0.0299519502	-0.1421162768	-0.0332124254	0.0611557411	-0.0196402895	0.0044845332	-0.0195642218	-0.008527107	-0.012003202	-0.0037713203	0.02595628	0.0320445259	-0.037523146	0.0203805397	-0.0630569251	0.0706401581	0.0137881697	0.0258253437	0.0780687486	-0.0016134898	0.0077790144	0.0156126153	0.0327319856	-0.0092680403	0.0193287491	-0.0890428935	0.0848097434	-0.0496261511	-0.077175083	0.1141688124	-0.162584	0.0117269999999999	0.026433557056	0.0001375225289999	-0.217651	-0.016107	0.047371957801	0.000259435449	-0.410518	-0.0077559999999999	0.168525028324	6.015553599999977e-05	0.00434466	-0.0005671	3.216024100000001e-07	1.88760705156e-05	-0.00315884	-0.00062411	3.8951329210000026e-07	9.9782701456e-06	0.000138896	0.000518503	1.9292098816e-08	2.68845361009e-07	0.0	0.0	0.0	0.0	0.0	0.0	0.0	0.0	0.0	0.0	0.0	0.0	0.0	0.0	0.0	0.0	0.0	0.0	0.0
624.5698578480229	-0.1311596129810368	390087.5073322996	0.0172028440773353	879.0307651986282	-1.4605366550285908	772695.0861656858	2.1331673206821047	599.4527733377323	0.5064731234932651	359343.62746229867	0.2565150248210242	619.1160498983039	643.3428140173064	0.949686	45.031406	0.105709865	0.0558542	0.0646897575	-0.0099347002	0.0887443809	-0.0319077601	0.0918129817	0.0338562558	0.0319250598	-0.0341265825	-0.055931744	-0.0791798563	0.0692228684	0.0372657636	0.0699608362	0.018736871	-0.0278021332	-0.048460029	0.0474486304	0.1002139946	0.0117821539	0.0053709588	-0.0755460163	0.0071212336	-0.0049407182	0.0298216737	-0.0023103504	-0.0203946425	-0.0190586973	-0.041221427	-0.0549881322	-0.0134343293	0.0274819265	0.0683964308	0.0297478487	-0.0309615641	-0.0813279126	0.0339307838	-0.0670350407	0.0488208811	0.017665947	-0.0295876362	-0.0098113897	-0.0315947995	0.0943085411	-0.0453627046	0.000553633	-0.057583065	0.0106904547	-0.0387854453	0.0821920399	0.0337036243	-0.005987674	-0.0109840334	-0.0454686065	0.0093068572	-0.015536576	-0.0296121549	0.0462191641	-0.0229409092	0.0217459004	0.0225807217	-0.0469334014	0.0075356677	0.0171772661	-0.0283248518	0.0491005932	-0.1384788443	-0.0718117813	-0.0776398604	-0.1907491571	-0.0259171605	-0.1207737971	-0.0671720408	0.0633196872	0.0213176039	-0.0733608106	-0.0016040223	0.0089399181	0.0489289257	-0.0272907607	-0.0396165807	0.0067031251	-0.0313494259	-0.0271957492	-0.0354149075	-0.0144256645	0.0003546747	4.70994e-05	0.0251847413	0.0469707761	-0.0830401105	-0.038355097	-0.0415954897	0.0012382036	-0.0767483558	0.0765223245	0.0229094609	0.0525969004	0.0889222022	0.0161609507	-0.0497451103	-0.0475239796	-0.001351662	0.0472533588	0.0631446177	0.1085760115	0.0014398463	0.0203297324	0.0326387292	-0.0066531581	0.0318961346	-0.0682454029	-0.0197379116	0.0291923748	-0.1334581515	-0.057093883	0.0090736096	0.0273618133	0.0320583475	-0.065628166	-0.0838948011	-0.0281232245	0.0417229566	0.0228359374	-0.0398570031	-0.0309482464	0.0754829289	-0.0216270451	-0.0049052413	-0.0001355281	0.00419209	0.0035976692	-0.0020172131	0.0244032242	0.0295000278	-0.0221778942	0.0468883611	0.0101086426	0.0355403802	-0.0130470997	0.0231244079	0.1389365377	-0.0521482573	0.0381280752	0.0199660303	0.0250884688	0.0140827699	0.0640876149	0.0180489893	0.0146144478	-0.051998861	-0.073111544	0.116066535	-0.163578	-0.0009939999999999	0.026757762084	9.8803599999999e-07	-0.18003	0.037621	0.0324108009	0.001415339641	-0.372599	0.0379189999999999	0.138830014801	0.0014378505609999	0.00450002	0.00015536	2.4136729600000072e-08	2.0250180000400003e-05	-0.00283703	0.00032181	1.0356167610000005e-07	8.048739220899999e-06	3.25487e-05	-0.0001063473	1.0594178716900002e-09	1.1309748217290005e-08	0.0	0.0	0.0	0.0	0.0	0.0	0.0	0.0	0.0	0.0	0.0	0.0	0.0	0.0	0.0	0.0	0.0	0.0	0.0
624.7883398965088	0.2184820484858392	390360.46967063536	0.0477344055105685	880.947709897697	1.916944699068836	776068.8675739969	3.674676979288109	598.8916222427678	-0.5611510949645435	358671.17519257404	0.3148905513799061	619.1329208141736	638.3996747342103	1.04458	49.531021	0.115013224	0.0628539	0.0790292768	0.0018858222	0.0399258466	-0.0373772278	0.0701076356	0.0203982177	-0.0550086197	0.0346938635	0.0196282033	0.0675676383	0.0145212188	-0.0142018199	-0.0387005973	-0.052048619	0.0557697041	0.041013711	0.0252813155	-0.0675618531	-0.0690429755	-0.0130841701	-0.0768453077	-0.0016311846	-0.0394685103	0.0411460951	-0.0285873246	-0.0054416247	-0.0207258377	-0.0145587967	0.0104274137	0.0042384057	-0.0460878013	0.0095045614	-0.0502532585	0.0398242785	0.0445152643	0.0174212089	-0.0073651936	-0.0483526473	-0.017179138	-0.0618530625	0.0091984381	0.104052777	0.0884676157	-0.0029604788	0.0420634474	0.0012173917	0.078060128	-0.0726299597	0.0289765514	0.0801440128	0.0089596279	0.0586422683	0.0550178399	-0.0880386088	0.0795461832	-0.0283360674	-0.1067894207	-0.0073205235	0.043383275	0.0229975688	-0.0369086113	0.070468261	0.0384627316	-0.0979197132	-0.0216029976	0.1258972017	0.0582437774	-0.0466330483	0.1642528045	0.0985238961	-0.117522126	0.0641296837	-0.0403701101	0.0055648391	-0.0762721396	0.0046118815	-0.0249489123	0.0655683783	0.0072661309	0.0127176114	-0.0128428536	-0.0030166559	-0.0445104461	0.0566530233	0.0078804706	-0.0180779037	0.0296648698	-0.0311211364	-0.0667556283	0.0124676786	0.0236000548	-0.0728628006	-0.0366400872	0.0771209888	-0.0071009518	-0.0468450424	0.1036049328	-0.0274246891	-0.023018971	-0.060104252	0.0010649673	0.0342698677	-0.0907702963	-0.0120621462	0.0448364655	0.0129403922	-0.0395313737	0.021344433	-0.0651171946	0.0362715996	-0.0381006273	0.1340544804	-0.0095288053	0.1285778602	0.0036086729	-0.0263538892	0.0427037127	0.0130185684	0.0160894874	0.1083188186	0.1142082928	-0.0414204239	0.1510194687	0.1677438676	0.0859519973	0.078047637	-0.0088850203	-0.0119996598	-0.0234786157	0.0141077062	-0.0008271384	0.0093041677	0.0230485285	0.0299244389	-0.0043701765	-0.0131700171	-0.1121392562	0.046987144	0.0328796763	0.0326133908	-0.021977781	0.0131528643	0.0210012651	0.0062323181	-0.0146690313	0.0121937318	-0.0209502387	-0.1491347073	0.044556908	-0.0543461203	-0.0689048858	0.117453149	-0.180759	-0.017181	0.032673816081	0.000295186761	-0.201473	-0.021443	0.040591369729	0.000459802249	-0.39315	-0.0205509999999999	0.1545669225	0.0004223436009999	0.005436	0.0009359799999999	8.76058560399999e-07	2.9550096e-05	-0.00299019	-0.00015316	2.3457985600000085e-08	8.9412362361e-06	4.92422e-06	-2.762448e-05	2.4247942608399998e-11	7.631118952704e-10	0.0	0.0	0.0	0.0	0.0	0.0	0.0	0.0	0.0	0.0	0.0	0.0	0.0	0.0	0.0	0.0	0.0	0.0	0.0
627.0338568219175	2.245516925408765	393171.457600969	5.042346262297233	878.3823805935184	-2.56532930417859	771555.6065371366	6.580914438877409	600.4092003391679	1.5175780964001433	360491.2078519191	2.3030432786734827	620.1616958004437	639.4239562123138	1.010055	47.893948	0.139772339	0.0718951	0.0778046446	-0.003594728	-0.0451189323	-0.0042399265	0.0025421822	0.0975729056	-0.0768743581	0.0728208998	-0.0345337894	0.0071717471	0.0541568286	-0.1024717777	-0.0882469693	-0.0140679625	0.0327547257	-0.0316605983	-0.0695856568	0.0050996323	-0.0023683288	0.0266337659	-0.071220641	0.0090433922	-0.0346295195	-0.0240984355	-0.021594769	-0.0128962018	0.115608491	-0.0144739003	0.0135740288	-0.0436112044	0.0033553539	-0.0935857333	9.00903e-05	-0.0297821336	0.0037220665	-0.0489619841	-0.004059592	0.0809783833	-0.1048238127	0.0676796663	-0.0071515837	-0.0330742615	0.038864158	-0.0108607787	0.0370954052	-0.0469415068	-0.0555604608	0.0171256096	0.0135049791	-0.039499019	-0.0518178843	-0.0230805862	0.017684625	0.068777329	-0.0925174606	0.0772581041	0.0145866271	0.0902410775	-0.1238858228	-0.0229402688	-0.0075190227	-0.0353567712	0.0177495527	-0.2320028576	0.0027147931	0.0426764025	0.0189930121	-0.0362465826	-0.0546825212	0.0094615525	-0.0745410982	-0.1788650838	-0.0364925083	0.0408558285	-0.0701162014	-0.0156272191	-0.0448545041	-0.0254807087	0.0336311803	0.063984939	-0.0604404459	0.0467441774	-0.0587550791	0.0256291029	9.4977e-05	0.0213499943	-0.037355426	0.0218377159	0.0179278554	0.034213206	-0.0122525673	0.0895936829	0.0361843824	-0.061041021	-0.0275269045	0.0051074816	-0.0950568035	-0.0326940675	0.0781189551	-0.0899325967	0.0200566655	0.0284992432	0.0331550063	-0.0616816899	0.0118047629	-0.1017466726	-0.0120148294	0.0286994792	-0.0660986493	0.022371059	-0.0635322391	0.0271689219	0.0053357287	-0.0197514004	0.0650756294	0.0125062753	0.0884932713	-0.0252391791	0.0004216378	0.0021762641	-0.1208185605	0.0291644012	-0.0245252438	-0.0672757638	0.1884998646	0.0811949743	-0.000378293	-0.0144522941	-0.0091340206	0.0221596992	-0.0291237182	0.0144978223	-0.0162599114	-0.0042151441	-0.0198447611	0.0189574359	-0.060978339	0.0484427887	0.0240178618	-0.0029243976	-0.0705722842	0.0885305402	-0.0096060914	-0.0721846893	-0.0939689265	-0.0508317173	0.0626296403	-0.027151136	-0.073247333	-0.05666678	-0.0645633431	0.1183225485	-0.167855	0.0129039999999999	0.028175301025	0.0001665132159999	-0.167155	0.034318	0.027940794025	0.001177725124	-0.372904	0.0202459999999999	0.139057393216	0.0004099005159999	0.00442241	-0.00101359	1.0273646881e-06	1.95577102081e-05	-0.00284767	0.00014252	2.031195040000004e-08	8.1092244289e-06	0.000294901	0.00028997678	8.6966599801e-08	8.40865329391684e-08	0.0	0.0	0.0	0.0	0.0	0.0	0.0	0.0	0.0	0.0	0.0	0.0	0.0	0.0	0.0	0.0	0.0	0.0	0.0
626.2276026365209	-0.8062541853965968	392161.0103038844	0.6500458114695298	870.2306415615678	-8.15173903195057	757301.369512658	66.4508492450264	600.542964966704	0.1337646275360384	360651.85277099983	0.0178929755798551	620.1005825906387	639.1679429631023	0.966553	45.831226	0.0923690999999999	0.0454394	0.0813799307	-0.0046016963	-0.1071874579	0.0030591888	-0.0808517624	0.1157005831	-0.0348719251	0.0691491233	0.0414353674	0.0660023747	-0.0182728518	-0.0348588391	0.0157447086	0.026375253	0.0233624973	0.0079929558	-0.0366223708	0.0775246174	0.0048342571	0.0289003831	-0.0681700254	0.0033082267	-0.0366426157	0.0193068681	-0.0179290228	-0.0044483258	0.0556027529	-0.027360942	0.0431121256	0.0334923345	-0.0050826205	-0.0938996894	0.0300157348	0.001664503	0.0237902089	-0.0254610287	0.0038075145	-0.0240091416	-0.0528576381	0.0370387915	-0.0247505295	0.0428662405	0.0463684808	-0.0233989089	-0.014255847	-0.0450026244	-0.0161461122	-0.0024094064	-0.0504538224	-0.0178707412	-0.0387506417	0.0215449546	-0.0235131563	-0.0367916737	0.025985988	0.0321472235	-0.0175762287	0.0041368841	0.1149073435	-0.0146735855	0.0300486087	-0.0969928104	-0.0476966586	0.0840847918	-0.0111129629	-0.1151282909	-0.0359876286	-0.0273660523	0.0310508808	-0.0461354455	-0.0794580843	-0.054536331	0.0800125215	0.0394421199	-0.0582746503	-0.0209283579	-0.0484970745	-0.0340364449	0.0329695685	0.1079362069	0.0089523443	0.0619981413	0.0169551881	0.0144788775	0.0293297061	0.0084312111	-0.0500680618	0.0631296812	0.0073294286	0.0395202161	-0.0246695468	0.0439386107	0.0566142683	0.0017231171	-0.0141133148	-0.0620175595	0.015051815	-0.005559903	0.0320631361	-0.0315726036	-0.0120683865	-0.0374018615	-0.0228019382	0.0550316086	0.0801847764	0.0270746046	0.0455743954	-0.033419617	0.1016131351	0.0254471804	0.0087694561	-0.053004761	0.0097393742	-0.0169060285	-0.0068861602	0.005496831	0.0004685313	-0.0634577361	0.0327024069	0.072467205	0.0021353852	-0.1558972651	0.0196854626	-0.0531091832	-0.01909057	0.0825204949	0.0024956877	-0.0149904483	0.0001389276	0.0447576517	-0.0293215267	0.0457109239	-0.0064707572	-0.01589329	0.0216854739	-0.0081605717	-0.0476533056	-0.0263586714	0.0434211657	-0.0024645643	-0.0992901883	0.0320236148	-0.0845508498	-0.0679532159	-0.0561794018	0.008823443	0.1146729151	-0.0524713184	-0.0790304427	-0.0589597043	-0.0600954145	0.1186709048	-0.182692	-0.0148369999999999	0.0333763668639999	0.0002201365689999	-0.176131	-0.008976	0.031022129161	8.056857600000021e-05	-0.392945	-0.0200409999999999	0.154405773025	0.0004016416809999	0.00494963	0.00052722	2.779609284000001e-07	2.44988371369e-05	-0.00252306	0.0003246099999999	1.0537165209999996e-07	6.365831763600001e-06	0.000176429	-0.0001184719999999	3.1127192041e-08	1.4035614783999993e-08	0.0	0.0	0.0	0.0	0.0	0.0	0.0	0.0	0.0	0.0	0.0	0.0	0.0	0.0	0.0	0.0	0.0	0.0	0.0
624.5507035498066	-1.676899086714343	390063.5813045584	2.811990547023397	865.4965722137292	-4.734069347838613	749084.316513715	22.41141259014511	600.4237763054286	-0.1191886612753023	360508.7111528714	0.0142059369765987	620.2601480300275	634.635841462542	0.963531	45.687916	0.1130419999999999	0.0607113	0.0794299521	0.0104185484	-0.0262444909	-0.0172132041	-0.00754051	0.0936797539	-0.0863832447	0.1154890408	-0.0446899772	-0.0460979393	0.0920482877	0.0147596905	0.1241356779	-0.1010405067	-0.14107495	0.0495504381	0.0448302478	0.0432285019	0.0259367723	0.0362367877	-0.0786815077	0.0273907488	-0.0413683561	0.0074271741	-0.0255607044	-0.0543019625	0.1530239035	0.0310098952	-0.0082397023	-0.0058568365	0.0049032874	-0.1037215519	0.007628502	0.0443636976	0.0423380673	-0.0174906621	0.0268960816	-0.0161590066	-0.0628821137	0.0279851322	-0.0201861383	-0.0131959515	0.0396397829	-0.0466010598	-0.026675378	-0.0994973071	-0.0262727017	0.0132617936	0.0328369372	-0.1101931671	-0.1002721571	-0.1042128333	-0.0201689033	-0.036462504	0.0518416328	0.020325696	-0.0213193993	-0.0389230085	-0.0353041706	0.045218196	-0.0227155624	0.0231320185	0.0174777178	0.012945393	0.029126322	0.0413586842	0.0943617977	-0.0386588082	-0.0286527622	0.0171988431	-0.1223567539	-0.078984169	0.1405827395	0.054079816	-0.0639914914	-0.0292608207	-0.0621227637	-0.0012580028	0.0230058655	0.1260073163	-0.1146600046	0.0330743319	-0.0204922652	-0.0158402221	0.00112897	0.0202178973	-0.0139354474	0.0516671623	0.0032685216	0.0680454588	-0.097856694	0.0960921693	0.0842807289	-0.0182405026	0.0262466656	-0.0378378701	0.0384241753	-0.011771978	-0.0376130365	0.0310418744	-0.0433149011	-0.0035285543	0.0158128209	0.0422516961	0.1110298542	-0.0599041877	0.055556311	-0.0984073989	0.0419299599	-0.0334558145	0.0825004247	-0.0865797611	-0.023477494	-0.0047393319	0.0083398349	-0.083354347	-0.0762496414	0.0613021273	0.0549895003	0.0420286665	0.0208152495	0.0173245051	0.065064302	-0.0852245942	-0.0307497221	0.0886086694	-0.0073212545	-0.0255233011	0.0111494701	0.0393142408	-0.0031386269	0.0470285808	0.0038385768	-0.0174857839	-0.0428267397	-0.0007506312	-0.0707355699	0.027910591	0.0614689102	0.0105205673	-0.0695366582	0.0533058151	-0.0554708264	-0.0514153204	-0.0866544415	-0.0310345349	0.1016443875	-0.0412700645	-0.0968714523	-0.0612237711	-0.0555098464	0.118496684	-0.17305	0.0096419999999999	0.0299463025	9.296816399999968e-05	-0.133857	0.042274	0.017917696449	0.001787091076	-0.367705	0.0252399999999999	0.135206967025	0.0006370575999999	0.00436365	-0.0005859799999999	3.433725603999999e-07	1.90414413225e-05	-0.00239132	0.0001317399999999	1.7355427599999996e-08	5.718411342400001e-06	0.000176429	0.0	3.1127192041e-08	0.0	0.0	0.0	0.0	0.0	0.0	0.0	0.0	0.0	0.0	0.0	0.0	0.0	0.0	0.0	0.0	0.0	0.0	0.0	0.0
624.7889887150935	0.2382851652869249	390361.2804196293	0.0567798199958171	873.4531273467342	7.95655513300494	762920.3656717902	63.30676958454726	599.501886569763	-0.9218897356656726	359402.51200070494	0.8498806847257236	619.4733281245193	629.7275543589802	1.058602	50.195927	0.0686449999999999	0.0324565	0.0790835606	0.0122224214	-0.0957713122	0.0141465898	-0.0832214379	0.0813817049	-0.0920728691	-0.0164538375	0.0567221495	0.1306364814	-0.0346128945	-0.0003806688	-0.0457117892	-0.0153147795	0.0620008815	-0.0435742822	0.0145879797	-0.0691497256	0.1161404435	-0.0020411435	-0.0921515296	-0.0024880661	-0.0111082138	0.0017976199	-0.0177254278	-0.0676192187	0.0002124806	-0.0070350825	0.0380434532	0.0641260619	0.0334554373	-0.0493927393	-0.0401805993	-0.044040714	0.041710952	0.0305533508	-0.1158798036	-0.0186607873	-0.0014495163	0.0705660889	-0.0116413275	0.1209295993	0.0478700891	0.1164118031	0.0380666532	-0.1027912153	-0.0697488821	0.0120817855	-0.046888819	-0.0874210022	0.042421592	-0.0087759549	-0.0547319119	-0.0695242988	0.0279539678	0.0859500866	0.0610753058	0.0574495403	0.0431251055	0.0782012787	0.0627093833	0.1096481566	-0.0071417779	0.0019275196	0.0782236304	-0.0386895517	0.0413144236	-0.0418082161	0.0663823015	-0.0654203006	-0.1421804717	-0.0762319152	-0.1502643265	0.0167119938	-0.0847205162	-0.0169792263	-0.0535427231	-0.0725187568	-0.0010164219	0.1009118455	0.0749939439	-0.015009359	0.0673056165	-0.0279766076	0.088436895	-0.0025369628	0.0161846449	0.0648831749	0.0055259678	0.0001032197	0.0347747402	-0.0801063252	0.0493363452	-0.0234923225	-0.0660594679	-0.1200107105	-0.0519950703	-0.0644835713	0.1834556124	-0.049736656	0.0307394291	-0.115767561	0.0371462902	-0.009807938	0.0433930689	0.0244314331	0.0186330456	-0.0139792014	0.0073963876	-0.0605350323	0.0183251752	-0.0129633753	0.0440794713	-0.0642880282	-0.0053002749	-0.075774286	0.0062441549	-0.0048620533	0.076191179	-0.0194115897	0.0641565232	0.0242416541	0.1357556738	0.0570017385	0.0924155774	0.088818062	0.000170469	-0.0221320703	0.0123295575	0.0104604463	-0.0266093948	0.0087366282	0.0044292462	-0.0251574217	0.0602128519	0.0733164021	0.0571584634	-0.1085979074	0.0088831078	-0.0137462457	-0.054459996	0.0006129931	-0.0492598316	-0.009547703	-0.0024021427	0.0050618201	0.1351687945	0.0119128707	-0.0022152171	-0.063457872	-0.0508156151	0.1178006533	-0.183879	-0.0108289999999999	0.033811486641	0.0001172672409999	-0.158426	-0.024569	0.025098797476	0.000603635761	-0.359082	0.0086229999999999	0.128939882724	7.435612899999985e-05	0.00472439	0.00036074	1.301333476e-07	2.2319860872100003e-05	-0.00252306	-0.0001317399999999	1.7355427599999996e-08	6.365831763600001e-06	0.000176429	0.0	3.1127192041e-08	0.0	0.0	0.0	0.0	0.0	0.0	0.0	0.0	0.0	0.0	0.0	0.0	0.0	0.0	0.0	0.0	0.0	0.0	0.0	0.0
627.0066547828426	2.2176660677490645	393137.3451419707	4.918042788045598	877.1102267354329	3.657099388698725	769322.3498438825	13.37437593882059	600.4628427906866	0.9609562209236628	360555.62557227287	0.9234368585318876	620.1661351047582	645.0864599474213	1.055425	50.045288	0.0840483499999999	0.0378109	0.0880740024	-0.0108475386	0.0466681075	0.0028079865	0.0417360538	0.0568654455	-0.0169944712	-0.0887502541	0.0575199794	-0.0159898571	0.0275978156	0.041789001	-0.0713130145	-0.0552852188	0.0562280693	0.0782659226	-0.0190307131	0.0930594769	0.0958227269	0.0148847694	-0.095095828	0.020549073	-0.0207597304	-0.0157039756	0.0266028665	0.0186996231	-0.0735683173	-0.0233202908	-0.0089518421	-0.0893788508	-0.012437811	-0.0032384587	-0.0030755699	0.0569399531	0.0411158406	0.0656539673	-0.0315342152	0.0380891439	0.0388087885	0.0006589327	-0.0767464361	0.0178091579	-0.0018382329	0.0396199691	0.043102685	-0.1774566731	-0.1102675087	-0.1195985883	0.0103738669	0.0650006753	-0.0531812639	-0.0505713479	-0.0335349192	-0.0087243973	-0.0023691614	0.1151535299	-0.0545738807	-0.0028635185	0.0052377549	0.0985280829	0.0580140071	-0.0002794278	0.0606798553	-0.0125333466	-0.0534717236	0.0192991201	-0.0857516669	-0.024373005	-0.0140273562	-0.0902623179	0.0884771923	-0.0328477201	-0.1314116823	0.0336740081	-0.0856132052	-0.0183669783	-0.0219592381	-0.0019319398	-0.0533939432	-0.077974354	0.0525623315	-0.0076950597	-0.0027216242	-0.00468588	-0.0393517929	0.0488463797	-0.0556681769	-0.0165159773	-0.0020290784	0.000260915	-0.00413092	-0.0232938377	-0.0251361612	-0.0601678166	-0.0387860627	-0.0819927127	0.0565254307	-0.0009674864	0.1546118135	0.0130855071	-0.0905683722	-0.1099535449	0.1210767201	0.0085074312	0.0913500326	0.0282151849	0.0131188686	-0.0190416534	0.0156347676	0.1088401139	0.0443079605	-0.0335621682	-0.0706132107	0.035250176	0.0671522839	0.0381869989	0.1320501108	-0.023133467	0.0666842293	-0.1229202257	-0.0270134927	-0.0250313185	-0.0771278294	0.1068611682	0.0751166639	0.1010881241	-0.0124756088	-0.0369807768	0.0076134399	0.0277804104	0.00921482	0.0177155404	0.0145071345	0.059067692	-0.0166525229	0.0233908459	0.0210132598	-0.0357422269	-0.0370549546	0.0118576308	0.0718475689	-0.0376445257	0.0036361447	0.0959085929	0.0423680799	-0.0428415426	0.012339281	-0.054315047	0.0064714496	-0.0656609137	-0.0460219099	0.1165858777	-0.203473	-0.019594	0.0414012617289999	0.000383924836	-0.174931	-0.0165049999999999	0.030600854761	0.0002724150249999	-0.335201	0.0238809999999999	0.112359710401	0.0005703021609999	0.005071	0.0003466099999999	1.2013849209999986e-07	2.5715041e-05	-0.00252306	0.0	0.0	6.365831763600001e-06	4.1672e-05	-0.000134757	1.7365555839999996e-09	1.8159449049e-08	0.0	0.0	0.0	0.0	0.0	0.0	0.0	0.0	0.0	0.0	0.0	0.0	0.0	0.0	0.0	0.0	0.0	0.0	0.0
625.4257439288383	-1.580910854004287	391157.3611689408	2.499279128308564	882.0463197268447	4.936092991411783	778005.7101436711	24.365014019864528	599.6180756854009	-0.8447671052857686	359541.8366886631	0.7136314621728969	619.3955311357946	648.849730803686	1.019674	48.35006	0.066954755	0.0313856	0.0914083006	-0.0096710482	0.0327130826	-0.0544143921	0.0065674078	0.0435960485	0.0418379095	-0.0426300671	0.0386870727	0.0903401411	-0.0465659827	0.1237185534	0.0110309463	-0.1210897914	-9.09106e-05	-0.1317075797	-0.2149624698	0.0436651256	0.0509964489	-0.0121025806	-0.1045765624	-0.0072864255	-0.0454369274	0.0098658212	-0.0290552928	-0.0323326163	-0.1200557931	0.0088439856	-0.0043168303	0.0679458619	0.0636404942	0.0259368561	-0.0973137489	-0.0971628822	-0.1075193331	0.0011598212	-0.0751171992	0.0281473553	0.1197844388	0.0597169343	0.0214064342	0.0609190112	0.0403238895	0.1016468918	0.1044645936	-0.0533684519	0.0404245245	0.043345782	-0.1220665788	-0.0273870713	-0.0057091718	0.036364584	-0.0408136379	-0.0623365036	-0.0560750409	0.0247159647	-0.1137748773	-0.0754627886	-0.0359825491	-0.089698386	-0.0621264976	0.0917136908	0.0120387251	-0.0198211237	-0.0826287474	-0.019567216	-0.1248456432	0.0086860134	0.0206434726	-0.0092975968	-0.0336304765	0.0412921811	-0.0157243952	0.007314908	-0.0984458412	-0.0008144125	-0.0489351732	0.025831202	-0.0102881855	-0.0327779785	0.0895696255	-0.0378315417	0.0814408772	-0.0645732332	0.0309350113	0.0431816212	0.0062494514	-0.0199432587	0.1120990964	-0.1256262365	0.0035292494	-0.1699661008	-0.0206706902	-0.0039932163	-0.147363633	-0.0528810124	-0.0927229267	0.002022874	0.010844414	-0.054718963	0.0035158444	0.0461802922	-0.0314075111	0.0335898536	0.0709985907	-0.0319750486	-0.0036579671	-0.1205403124	0.0008648419	0.0127901365	0.0166597396	0.0103934559	0.0974321392	0.0593067563	0.1126233776	-0.053247646	-0.0087234936	0.0884934522	-0.063711745	-0.0389346392	-0.0614581159	-0.0553049422	-0.0414476704	-0.0923864129	0.0284171667	0.1060774	-0.000886996	-0.0488825167	-0.0048712869	0.0056595315	0.0083325487	0.0255827428	0.0023307047	-0.0159377274	-0.0241456653	0.0470396592	0.0365686881	-0.0950153516	-0.038641211	0.0018995132	0.1280300998	0.0055504428	0.0185393808	0.042403128	0.0451429689	0.0518543983	0.1579372856	-0.005107477	-0.0172998555	-0.067831818	-0.0411381146	0.1148577065	-0.186283	0.0171899999999999	0.034701356089	0.0002954960999999	-0.186294	-0.0113629999999999	0.034705454436	0.0001291177689999	-0.318638	0.016563	0.1015301750439999	0.000274332969	0.00487578	-0.00019522	3.8110848400000113e-08	2.37732306084e-05	-0.00230534	0.00021772	4.74019984000001e-08	5.3145925156e-06	1.78369e-05	-2.38351e-05	3.1815500160999997e-10	5.681119920099999e-10	0.0	0.0	0.0	0.0	0.0	0.0	0.0	0.0	0.0	0.0	0.0	0.0	0.0	0.0	0.0	0.0	0.0	0.0	0.0
624.3464178131846	-1.079326115653657	389808.4494361557	1.164944863932012	876.731992721796	-5.3143270050486535	768658.9870619314	28.24207151658939	600.3230696294447	0.7049939440438493	360387.7879293192	0.4970164611385021	620.0706926611207	635.6260880209944	1.017643	48.253757	0.092396105	0.0482143	0.0943623031	0.0111276533	0.0491162691	-0.0175725886	0.0295346386	0.0427993315	-0.0219402898	-0.0106891917	0.1157944562	-0.0272068743	0.0242764406	0.159811581	0.0306031707	-0.2442565439	-0.1363652426	0.0238194757	0.0853261168	-0.0704264356	0.1618703175	0.0064341247	-0.1139986737	0.022263996	-0.0467428877	-0.0661396442	-0.0029718325	0.0823691683	-0.0362719876	-0.033583254	-0.0280026554	0.0118283077	0.003707976	-0.023518924	0.0319272633	-0.0464722159	-0.0394887743	-0.0146394543	-0.1122566308	-0.0004833605	0.0150714006	0.1045781515	0.0477277056	-0.079582123	0.1099177096	-0.0234548474	-0.0998049467	0.0095239341	0.0226420675	0.012179772	0.0358388762	0.08693011	0.0510869006	0.0034168287	-0.0572368677	0.0316551886	0.02853063	-0.115360009	0.0074122571	0.0294626564	-0.0586546252	-0.12090923	-0.0342143049	-0.0145515909	0.0672050506	0.0930765968	0.0609425282	-0.1979686139	-0.1028122008	0.045708376	-0.0382962772	-0.0511093937	0.0349623751	-0.0374314646	0.0112925876	0.0284787172	-0.1037112592	-0.0227086923	-0.0667225621	-0.0255825645	-0.0398187262	-0.0858168443	0.0339065136	0.0282543984	0.0567359096	-0.0581295669	0.0332158025	0.0011090369	-0.0803530604	-0.0141018642	0.0502292736	0.1072651332	0.0228931954	-0.1047367349	0.0844370606	-0.023722417	-0.0242252536	-0.0792441943	-0.037114115	0.1238398996	-0.0056574955	-0.0203984206	-0.1328343976	0.1167769713	-0.0042383636	-0.0964310047	0.1026911763	0.1034922287	0.1158863264	0.0133442295	0.0497493272	0.1177864439	0.0877675696	0.0409271805	-0.035375963	-0.2134584773	-0.0017273502	0.0129872697	-0.0613925073	-0.027087192	-0.1338711503	-0.0710251637	-0.024671325	0.0077838308	-0.0805346043	0.0328988365	-0.0588283709	0.1115225025	0.0065603248	-0.0642978418	-0.0009004866	0.0262731503	0.0156269666	-0.0141459673	-0.0054297026	0.0541378212	-0.014248422	0.0593020238	-0.001568714	-0.0639427933	-0.0060885862	-0.0202015585	0.0668598025	-0.0416138633	0.0560880734	0.1046250309	0.0024399929	-0.070222897	0.0160123619	0.0036661805	0.0168962043	-0.0699695221	-0.0361737896	0.11262375	-0.158276	0.028007	0.025051292176	0.000784392049	-0.186404	-0.0001099999999999	0.0347464512159999	1.2099999999999776e-08	-0.315254	0.0033839999999999	0.0993850845159999	1.1451455999999986e-05	0.00543754	0.00056176	3.1557429760000064e-07	2.95668412516e-05	-0.00180779	0.0004975499999999	2.475560024999998e-07	3.2681046841000004e-06	0.000176429	0.0001585921	3.1127192041e-08	2.515145418241e-08	0.0	0.0	0.0	0.0	0.0	0.0	0.0	0.0	0.0	0.0	0.0	0.0	0.0	0.0	0.0	0.0	0.0	0.0	0.0
625.3486573927878	1.002239579603156	391060.9433029623	1.0044841749231108	884.7894051060875	8.057412384291524	782852.2913879843	64.92189433053443	599.2894885228586	-1.033581106586098	359147.8910539895	1.0682899038917428	619.2356667971108	649.4335707189406	1.049745	49.775955	0.0790151	0.046502	0.0984158359	-0.0079731212	0.1222422924	-0.0712359751	0.072091112	-0.0012328641	0.0081870682	-0.0344194227	0.0435553436	0.0330768357	0.0530462582	0.0095596944	-0.1963058838	0.0386148901	0.1358854356	-0.0681705908	0.009337578	0.0013418366	-0.0183857449	-0.0037664923	-0.1066095589	-0.0089526336	-0.0518208188	0.0108688652	-0.0569470831	0.0330982258	0.0119867159	0.0135772828	-0.009635233	0.0280661397	0.0189415851	-0.013501355	0.0042935867	-0.0267146047	-0.1181546032	0.110107754	0.0899548265	-0.0345977622	-0.0399953499	0.0597118824	0.0659012333	0.0128655888	0.0393900724	0.0770222919	-0.0666776332	-0.0143741699	0.0079424216	0.1541080371	-0.027198382	0.1089942927	-0.0318660868	0.0733371375	-0.0551326093	-0.0140407265	0.0945116368	-0.0349181117	0.0778216402	0.0073787761	0.0474360197	-0.0258492453	-0.0203149984	0.0008606308	0.0322940279	-0.0731759092	0.059609387	0.0393919155	-0.2133578464	0.0742473883	-0.0674974175	0.0922274402	-0.0442620201	0.2636112115	-0.0722379458	0.0151913383	-0.1084043631	0.0071197592	-0.0439087937	0.0760069622	0.0186840462	-0.0531842414	-0.0204798566	-0.0202587241	0.0134990263	-0.0111308394	0.0467086238	0.016471761	0.0763414064	-0.0023359402	0.0398615732	-0.0477015706	0.1115506995	0.0003581779	0.0569424398	0.0265054499	-0.0746091919	-0.0433257741	0.0255807396	0.0744828491	0.0781107854	0.0411218856	0.0160112634	0.0791504793	-0.0612799381	0.0263217029	0.0166276427	-0.0245459315	0.1378170462	0.0859393243	-0.1562782289	-0.0307079868	-0.0867678777	0.0008853471	-0.1032459718	0.0055017299	0.1324521349	0.0263775611	0.0647582215	0.0529571442	-0.0898649485	-0.1626085488	-0.0166532533	-0.1588265132	0.1023346754	-0.0151258841	0.0874857197	0.1034371114	0.040096484	-0.050210467	-0.0303854808	-0.0155331595	0.0327747326	-0.0330229333	-0.0083967409	0.0308891089	-0.0177106883	0.0659206962	-0.0600170515	0.040004435	0.0198601579	-0.0295722504	0.0176220307	-0.0348125126	0.1388813621	0.0986492927	0.0617346639	0.000120514	-0.0606398242	0.0605323128	-0.0022578162	-0.0720729799	-0.0311386526	0.1098938456	-0.128017	0.030259	0.016388352289	0.000915607081	-0.186405	-1.000000000001e-06	0.034746824025	1.0000000000020005e-12	-0.318116	-0.002862	0.101197789456	8.191044000000178e-06	0.00556393	0.0001263899999999	1.5974432099999916e-08	3.09573170449e-05	-0.0022389	-0.0004311099999999	1.8585583209999978e-07	5.01267321e-06	0.000536791	0.000360362	2.88144577681e-07	1.2986077104400004e-07	0.0	0.0	0.0	0.0	0.0	0.0	0.0	0.0	0.0	0.0	0.0	0.0	0.0	0.0	0.0	0.0	0.0	0.0	0.0
624.9578494151798	-0.3908079776080058	390572.31354564655	0.1527308753620595	871.3664255959789	-13.42297951010869	759279.4476559126	180.1763789287977	600.2183436252562	0.9288551023976196	360262.06002424617	0.8627718012500926	619.5944291233048	636.8211504514603	1.056761	50.108608	0.1110096	0.0532214	0.1038211723	0.0043019925	0.0900027869	-0.0751540751	0.0387247946	0.0559203892	0.0599930708	0.0098731852	0.0480358076	-0.1176033256	0.1383238702	0.0952045073	0.1577211586	0.0261225178	-0.0406077834	0.0063532119	-0.1038822017	0.0861210367	0.0593888097	0.018168302	-0.1158906023	0.0186287739	-0.0712466247	-0.0053858702	-0.0449293591	0.0621923564	0.039016775	-0.0165852636	-0.0004398645	-0.0009857215	0.0286578413	-0.0406373924	-0.0334521605	-0.0345782201	-0.0325096623	-0.0032687585	0.0359310873	-0.0616163765	-0.0264614624	0.0640593499	0.024383602	0.0855491191	0.0169593494	-0.0015889119	0.0626512572	-0.0388998146	-0.1013371856	-0.1347388998	-0.0079701764	0.1708978539	0.0790581619	-0.0059279937	0.0954865476	-0.0600857391	0.1881983858	-0.1278742793	-0.0010411711	0.0016102724	-0.0823271564	0.0091937534	0.0483571161	0.219190603	0.0468215761	0.0176980979	0.0047506779	0.0353721056	-0.0274059761	0.0325553966	-0.1109120279	-0.0747352145	-0.094076962	-0.1884687821	-0.0224279851	0.0381182115	-0.1063588114	-0.0284153845	-0.0768482628	0.0534922686	-0.0042068236	-0.0616136153	-0.0272837289	0.0491807125	0.0231803784	-0.0476433449	-0.0062879776	0.0616528107	0.0758688294	0.0199782227	0.032492532	-0.0273613405	0.0621843718	0.0089335414	0.0366909602	0.0536289575	0.0116886737	-0.0780875124	-0.0337846385	-0.0592993782	-0.0051480978	0.0382405038	-0.0943015335	-0.0483005192	-0.0153243771	0.1119719291	0.0606223891	-0.1538326487	-0.0385661736	0.0090200245	-0.0108871814	0.1275399664	0.0550162031	0.1308795246	-0.0800123017	-0.2036101918	-0.1780489593	0.0893132836	-0.0578863605	0.1690674334	0.0215656182	-0.0474725442	0.1256990005	0.186494796	0.118239764	0.0224553627	-0.124979189	0.1146610216	0.0155489724	-0.0799668981	0.002294425	0.046928397	0.0230137086	-0.0045914327	-0.0284209277	0.0936826192	-0.0152895836	0.0918203092	-0.0351766775	-0.0008720371	0.0004845663	-0.0363825023	0.0683719705	-0.0042842199	0.0632898654	0.1163090666	0.0535752867	-0.0994197945	-0.052454685	0.0856507939	0.0313362609	-0.0741411618	-0.0260425603	0.1066800145	-0.161208	-0.033191	0.0259880192639999	0.001101642481	-0.194752	-0.008347	0.037928341504	6.967240900000035e-05	-0.286117	0.031999	0.081862937689	0.001023936001	0.0057507	0.00018677	3.488303290000006e-08	3.307055049e-05	-0.00244122	-0.00020232	4.093338240000008e-08	5.9595550884000005e-06	0.000176429	-0.000360362	3.1127192041e-08	1.2986077104400004e-07	0.0	0.0	0.0	0.0	0.0	0.0	0.0	0.0	0.0	0.0	0.0	0.0	0.0	0.0	0.0	0.0	0.0	0.0	0.0
625.466888975123	0.5090395599431758	391208.8292042188	0.2591212735871421	880.7365279519955	9.370102356016671	775696.8316689362	87.79881816222921	599.6683471889893	-0.5499964362669516	359602.1266203742	0.3024960799063469	619.7127126713427	630.1352264368359	1.140796	54.093311	0.0562813	0.0271553	0.1161106395	0.0217792446	0.0838912734	-0.0847498217	0.1012986482	0.0459789952	-0.0129730666	0.1249577059	0.1165805793	0.0475466915	0.0802123195	0.0349842723	-0.1500225762	0.1162823775	0.0315533711	-0.0175922914	-0.00057732	-0.2494277345	-0.0204756309	-0.0069162436	-0.1339493015	-0.0146019469	-0.0566364776	0.0274385549	-0.0737429179	0.0100671733	0.057505131	0.0175935986	0.045315082	-0.0139394129	-0.0083741276	0.0103599722	0.0525304923	0.1207329336	0.0040465893	-0.0058490479	0.1502269526	-0.0380839042	-0.0467983563	0.1072403387	-0.0578870242	-0.0707138799	-0.1272000779	0.0034833957	0.0323135507	-0.0017089232	0.0717926286	-0.1151078408	0.1281325338	0.019294772	0.0002372073	-0.012534162	-0.0069218579	0.0588569899	-0.0310168531	0.0280256106	-0.0632259431	-0.0366936215	0.0268801273	-0.0926183418	-0.1625823893	-0.0587835845	-0.0120740401	0.0835577862	-0.107713094	-0.1189701139	0.0664506442	0.0475070653	0.1951948267	0.1882698766	-0.1257089465	0.1338549529	-0.0541937151	0.0197902869	-0.1335260783	0.0105398558	-0.0752063976	0.0804066102	0.0533623323	0.0120435194	-0.0397418848	0.031570983	-0.023792178	0.0273501433	0.0073274893	0.0106260931	0.0128956334	-0.145187089	-0.0822911278	0.0733595819	0.1247939769	0.1137820209	-0.0241333417	0.0064492969	-0.0692261229	0.0818157514	0.017635796	-0.0215000243	-0.052151193	0.0740890114	-0.1198441135	0.0618670006	0.0388497424	-0.0910028855	-0.0157901351	0.0099350688	-0.0582838733	0.0209038214	-0.1230875193	-0.0008553861	-0.1713876578	-0.0541962449	-0.0154987344	0.0464143055	0.0788259173	-0.0936570568	0.1646636056	-0.0813544172	-0.0382598697	0.1605882475	-0.050555388	-0.1167124282	0.190427821	0.0821293129	-0.1309379067	0.1178989489	0.0477827687	-0.0918359661	-0.0419483932	0.0147447616	0.0030940706	-0.0158641724	-0.0417323944	0.040090213	-0.0391936819	0.0974125426	-0.114627503	0.0927226726	0.039362376	-0.0544706342	-0.0538194051	0.0806175287	0.1298809164	0.1122485445	-0.026048324	-0.1037894228	-0.1055858382	0.0999848455	-0.0768644898	-0.0761730556	-0.0208954884	0.1029964092	-0.144785	0.0164229999999999	0.020962696225	0.0002697149289999	-0.19572	-0.0009679999999999	0.0383063184	9.370239999999934e-07	-0.273528	0.012589	0.0748175667839999	0.000158482921	0.00588137	0.00013067	1.707464890000007e-08	3.45905130769e-05	-0.00266188	-0.00022066	4.8690835600000056e-08	7.085605134400001e-06	0.000351125	0.0001746959999999	1.23288765625e-07	3.0518692415999994e-08	0.0	0.0	0.0	0.0	0.0	0.0	0.0	0.0	0.0	0.0	0.0	0.0	0.0	0.0	0.0	0.0	0.0	0.0	0.0
626.6693737214383	1.2024847463153492	392714.5039604197	1.4459695651210898	874.5778982330163	-6.158629718979228	764886.5000776802	37.92872001549416	600.2693012788435	0.6009540898542127	360323.234057791	0.3611458181125052	620.0010933104569	644.8585762561244	1.055155	50.032486	0.1172901849999999	0.0627867	0.1171304852	-0.0152893953	0.041917711	-0.0293262219	0.0347758572	0.0916543352	-0.02881617	0.0597913475	-0.008403341	-0.0524048784	0.1184196852	0.0268582547	-0.0711193541	-0.0234461678	-0.0356364624	0.0398719636	-0.1134013934	0.0590259163	0.0526440832	0.0280450959	-0.1103704473	0.0219497072	-0.076496444	-0.0251390368	-0.0142789738	0.0162282978	0.1246095748	0.0718185977	-0.0722356082	-0.0293999298	-0.0575818005	-0.133257136	-0.0067952007	0.0427794745	0.0231532409	-0.0047348456	0.0193985888	-0.2200600464	-0.0582034189	-0.0181803423	-0.079885471	0.0093351295	-0.029307192	-0.0154269776	0.04064694	0.034069909	0.0074776812	0.0659068773	-0.0332067977	0.1342574263	0.0267098529	-0.064864663	0.0459147897	-0.0173742736	0.1074252068	-0.0755129931	0.0616608992	0.0517179579	-0.0702899263	-0.0404709352	-0.1038121535	0.0005679443	-0.0948995119	0.0543162863	-0.0329215444	0.0749370054	-0.1022722326	0.0044466608	0.0697756784	-0.0261353572	-0.0253347448	0.1328657711	0.0967457055	0.0508746153	-0.1043201563	-0.0341929981	-0.0800634647	0.0375801404	0.0075268864	-0.0019376247	-0.1315153916	0.0133630974	-0.0678983384	-0.0116403218	0.0083145417	0.0255777861	-0.0341993568	0.0423019158	0.0050829307	0.0856658467	0.0632761699	0.0494314817	-0.0044951837	0.1416250394	-0.048011533	0.021534283	0.0655239078	-0.1027425876	0.0158369372	-0.046539933	-0.0197371653	-0.0058662415	-0.0925372164	0.101021381	-0.0631832133	-0.1273427842	-0.0273104672	-0.036329508	-0.060553912	0.0412485332	0.002850555	0.0675364096	-0.2251542246	-0.1109331327	0.0264829676	0.0452269261	-0.0511793752	-0.0432694399	0.0126253967	0.050427597	-0.087230364	-0.0593007835	0.0279164501	0.0653021293	0.0202261437	0.1242168251	0.0210817293	-0.0674171819	-0.0120268736	0.0602631394	0.006631434	0.0154975477	-0.0313818043	0.0813452565	-0.026011514	0.0389293422	-0.1076742379	0.0370025665	0.0176035888	-0.0452188931	-0.0266109904	0.0235509729	0.0898420736	0.0885995734	-0.0354865406	-0.0870232694	-0.0764596994	0.006119465	-0.0497578193	-0.0781676667	-0.0157075127	0.0988592507	-0.184203	-0.039418	0.033930745209	0.001553778724	-0.202678	-0.0069579999999999	0.041078371684	4.841376399999989e-05	-0.310637	-0.037109	0.096495345769	0.001377077881	0.00610403	0.0002226599999999	4.9577475599999795e-08	3.72591822409e-05	-0.00251476	0.00014712	2.1644294400000046e-08	6.3240178576e-06	4.48013e-05	-0.0003063236999999	2.0071564816900003e-09	9.383420918168999e-08	0.0	0.0	0.0	0.0	0.0	0.0	0.0	0.0	0.0	0.0	0.0	0.0	0.0	0.0	0.0	0.0	0.0	0.0	0.0
625.8208333003595	-0.8485404210788374	391651.71539275633	0.7200208462046507	873.9834973750512	-0.5944008579650699	763847.1536839262	0.3533123799496112	599.3796480032174	-0.889653275626074	359255.9624404608	0.7914829508322032	619.2427754020874	646.0125735743958	1.02791	48.740585	0.1091383849999999	0.0651336	0.1174838373	-0.0124621021	0.0308889708	-0.0729512607	0.053480072	0.0697397618	-0.0240521467	0.0953085065	0.0296799979	0.0556168523	0.0933028724	0.001292806	-0.022902637	0.038512572	-0.0082113847	0.0264266792	-0.0722299489	-0.0761426856	-0.0175424141	-0.0101874498	-0.131398911	-0.0042492193	-0.0759065157	0.0155169027	-0.091224797	0.0157164052	0.0684052186	0.0960911227	0.013269746	-0.0059198589	-0.0117601465	0.0640766047	-0.070752638	0.035227106	-0.0345177329	0.021407606	-0.0403148042	-0.0153336867	-0.0648533065	0.1173131254	0.0401303762	-0.0713687074	-0.0159335135	0.0714914633	-0.0360370624	0.0487630448	0.1594260811	-0.1412941621	-0.085957335	-0.0821523999	0.11046695	0.0443392283	0.0910932537	0.1844959141	-0.0507961242	-0.0084294412	-0.0588094918	-0.1044676015	-0.0890967394	-0.0738728887	-0.0070343872	-0.2080738529	0.2510636847	-0.0675925214	-0.1398190156	0.0588266366	0.0370795891	-0.1272168396	-0.0317539264	0.0578279351	-0.1198073943	0.0873444068	0.0466222423	0.0185893421	-0.1281881204	0.0009591979	-0.0793813603	0.0631789476	0.0590785336	0.0375244263	-0.0783290065	0.0180800496	0.0115275246	-0.0207566939	0.0044239484	0.015497067	0.0368555631	-0.1416038204	0.0185539486	0.0821332088	0.0406416469	0.065920542	0.0664939295	0.0134913437	-0.0407078872	0.0850732761	-0.0024703945	-0.0632634331	0.0274603288	-0.0267783135	-0.0215425673	0.1262560983	-0.0986537242	-0.1836539059	-0.0048883371	0.1084297213	-0.1003312413	-0.1560489706	-0.1382801908	0.0464085226	0.04836479	0.0145666276	0.2205382109	0.0628726871	0.0323119577	-0.0302159266	0.1195430412	-0.0433407903	-0.0804629554	0.0605588112	-0.0144142808	-0.0394249823	-0.0934055699	-0.0259070279	-0.206980036	0.1266544839	0.0313356358	-0.0711135698	-0.0463575826	0.00411779	-0.0012329089	0.0163472358	-0.0480627221	-0.0149038818	-0.074998421	0.0324677727	-0.1212889277	0.0036575445	0.0187404745	0.0073660489	-0.0370372837	0.1679022012	0.1274805741	0.0154995459	-0.0609458408	-0.0240691401	0.0465638359	-0.0896293975	-0.0068738861	-0.080124019	-0.0104887887	0.0942867573	-0.178449	0.005754	0.031844045601	3.31085160000001e-05	-0.191282	0.0113959999999999	0.036588803524	0.0001298688159999	-0.292561	0.0180759999999999	0.085591938721	0.0003267417759999	0.00503327	-0.0010707599999999	1.146526977599999e-06	2.5333806892900003e-05	-0.0022389	0.00027586	7.60987396000001e-08	5.01267321e-06	0.000176429	0.0001316277	3.1127192041e-08	1.7325851407290004e-08	0.0	0.0	0.0	0.0	0.0	0.0	0.0	0.0	0.0	0.0	0.0	0.0	0.0	0.0	0.0	0.0	0.0	0.0	0.0
626.9112656218329	1.0904323214733722	393017.7349635683	1.189042647713808	872.4472984602452	-1.5361989148060502	761164.2885905801	2.359907105851286	600.8631389230671	1.4834909198497144	361036.51171648107	2.200745309276552	620.8545807544117	639.56412946389	1.055142	50.031864	0.057655	0.0493152	0.1220546916	-0.0083616529	-0.0207877181	0.0152498124	0.0125785832	0.1237691544	-0.129715558	0.090226328	-0.0789964715	-0.023633759	0.0641896206	0.0215282061	0.0250196585	-0.1571237355	-0.0366945732	0.0148833872	-0.0225604041	0.0713810102	0.1360468997	0.0372401865	-0.1167055947	0.0318709002	-0.0906582077	-0.0674007472	-0.0196229276	-0.0205021822	0.0991709887	0.0868059439	-0.0044525961	0.0475684374	-0.0376422169	-0.1025564985	0.0199232394	-0.0204038212	-0.0139667799	-0.0550212379	-0.0043961323	0.0240739748	-0.0985350029	-0.0595735165	-0.0154266847	0.0272796315	-0.0709264355	0.0666905695	0.0612839501	0.0607047861	-0.0284763942	-0.1086458782	-0.0991600503	-0.041795859	0.0243976102	-0.1233547149	0.1254617231	0.0736298571	-0.0674292704	-0.1222750396	0.0425508825	-0.128674709	-0.1797238012	-0.0012465155	0.0438038438	0.0107225171	-0.1249353568	0.1141814756	-0.0303653847	-0.0866635035	0.0080649259	-0.138376986	0.0316877309	-0.0232685056	0.1016271902	0.0531306208	-0.1092370367	0.067144257	-0.1067161229	-0.0464092794	-0.1025764847	-0.0279079123	0.0146489585	0.0682236917	-0.1412311175	0.0058929742	-0.0333976115	0.0201948011	0.0356100129	0.0256820972	-0.0449812088	0.0433218926	-0.0472309947	0.0335389022	-0.0610419317	0.0138923039	0.0617409126	-0.0462192882	-0.0600368926	-0.0041182493	-0.1094088793	-0.0263305418	-0.0619577987	-0.1064352689	-0.0368902785	-0.0137475395	-0.0486169097	-0.0706413991	-0.1583528707	-0.0757663057	-0.0404078738	-0.1596850753	-0.0314237228	0.0529074817	0.0593802584	-0.0051253376	0.0099423521	-0.1002684011	0.042602496	0.0820796001	-0.0939242099	-0.0354501666	0.0511733041	0.0404655441	-0.0557744095	0.0642082365	-0.0890459894	0.0494977202	-0.0119936784	0.1335185231	0.016994309	-0.0758725944	0.0002853815	0.0913504529	-0.0110423377	0.0344838274	-0.066631697	0.0506123012	-0.0012335966	0.119980825	-0.0846913211	0.0057528786	0.0369746412	-0.0450371589	-0.0409231741	0.0972828866	0.0183337951	-0.0027260345	-0.0277864656	-0.0913046812	0.0066778094	0.055655524	-0.1067869705	-0.0820411548	-0.0052495325	0.0892990645	-0.184172	-0.005723	0.033919325584	3.275272900000007e-05	-0.192619	-0.001337	0.037102079161	1.787569000000013e-06	-0.292051	0.00051	0.085293786601	2.6010000000001065e-07	0.00597529	0.00094202	8.874016804e-07	3.5704090584100004e-05	-0.00229858	-5.968000000000032e-05	3.5617024000000382e-09	5.283470016400001e-06	0.000176429	0.0	3.1127192041e-08	0.0	0.0	0.0	0.0	0.0	0.0	0.0	0.0	0.0	0.0	0.0	0.0	0.0	0.0	0.0	0.0	0.0	0.0	0.0	0.0
624.5472274221677	-2.364038199665174	390059.23928071687	5.588676609476157	870.8213327275316	-1.6259657327135528	758329.7935333543	2.6437645639587206	598.4580730152576	-2.4050659078095578	358152.06515713537	5.784342020907812	618.2817154013593	636.9420082490234	1.135147	53.825478	0.0559603	0.0254676	0.1125428118	-0.0062836242	-0.0487713899	-0.0611611644	-0.0274106578	0.0841381585	-0.0459953153	0.0401800886	0.0799993628	0.1239336673	-0.0007236988	0.0442668255	0.0530000454	0.0864302501	0.0429758986	-0.0730502693	-0.0607509722	-0.0144499872	0.0365993617	-0.0459816988	-0.1504671795	-0.034535227	-0.0835423445	0.0245598036	-0.0670702606	0.0264827227	-0.0214122206	-0.0315681271	0.1671211551	-0.0643832893	0.0608186474	0.0287133274	-0.0560126293	-0.000242137	-0.1025076843	-0.0058253425	0.021127755	0.0068105816	0.0881307845	0.0799924494	-0.1083809207	0.0846634614	-0.0501867836	-0.0367682972	-0.0653772511	0.1256954182	-0.1204257589	0.0951571021	-0.1784706041	-0.0144054327	-0.0614451674	0.0530818205	-0.1086951783	-0.1213123474	-0.1579499303	0.0191290437	0.1353392826	0.0020442389	0.0461351573	0.0425463157	-0.1178148288	-0.2266962224	-0.0836379752	-0.0861740127	-0.014640379	0.0601483479	0.0450188686	0.0653258491	0.0846481043	-0.1514547703	0.0214683648	-0.0605662502	-0.1047810992	-0.0154631254	-0.1455475711	0.0172849402	-0.1027240983	0.0012304694	0.0323734553	0.0618056059	0.0926899711	0.0875993778	0.1425392983	0.0175060851	-0.0473590511	0.0281147101	-0.0021478271	-0.0680599921	0.0578449941	-0.0689457952	0.0370552498	0.0111657014	-0.0414062637	0.0063618642	-0.0419071946	-0.0462849233	-0.0257283551	0.0547482476	0.1604035146	0.0870697506	0.1861676988	-0.1105951865	0.0429024156	0.0604945501	-0.1707785467	-0.1133137805	0.1161093919	-0.0225335879	0.0043621316	-0.1271472807	-0.0839092582	0.0742675209	0.0972402561	0.0507625123	-0.0981510893	-0.062519655	0.0888227301	-0.2313399038	0.0542041421	-0.0026216553	-0.1688361953	0.0180317393	-0.0725792872	-0.0361411399	-0.0724127559	0.1270625189	0.0418699506	-0.0733577052	-0.0842665207	0.0067088681	0.0022413013	0.004322522	-0.0524487128	-0.0089603753	0.0057825706	0.0510050091	0.0088596795	-0.1616347334	-0.0519768652	-0.0754001126	-0.0802307949	0.0443362388	0.0353289258	0.1126638449	-0.0281974846	-0.0711284104	-0.0468529636	0.0407940157	-0.0532129081	-0.0839181358	-0.0	0.0839181358	-0.172601	0.0115709999999999	0.029791105201	0.0001338880409999	-0.186109	0.00651	0.034636559881	4.238010000000021e-05	-0.304066	-0.0120149999999999	0.092456132356	0.0001443602249999	0.00608091	0.0001056199999999	1.1155584399999968e-08	3.69774664281e-05	-0.00201561	0.00028297	8.00720209e-08	4.062683672100001e-06	0.000305125	0.000128696	9.3101265625e-08	1.6562660416e-08	0.0	0.0	0.0	0.0	0.0	0.0	0.0	0.0	0.0	0.0	0.0	0.0	0.0	0.0	0.0	0.0	0.0	0.0	0.0
628.0979069606615	3.550679538493796	394506.9807283637	12.607325185078516	877.8575751032034	7.036242375671804	770633.9221660765	49.5087067691996	602.6626743093783	4.204601294120721	363202.29900573177	17.67867204252164	623.1366196923781	621.0616820673732	1.310853	62.156933	0.1451845899999999	0.0731235999999999	0.1489459539	0.0223966492	-0.0533305854	0.0762169134	-0.0656795893	0.156985839	-0.0362685453	-0.1030812109	0.0487062654	-0.1363398136	0.1212975691	0.1347922541	0.0545879695	0.2467042984	0.1246711404	-0.1677563545	0.0299640944	0.0730955484	-0.0350563282	0.0435280041	-0.1450224531	0.0613379547	-0.1223398532	-0.2148243788	0.0737682635	0.1817259109	0.005585001	-0.0387767185	0.1626266574	-0.0238449758	0.0430526193	0.0512346786	0.0950113192	0.1339250013	-0.0724219237	-0.0562417908	-0.139916489	-0.0860282375	0.1754609416	0.0191463913	0.2354012339	-0.0639766725	-0.1197898015	-0.1387626553	0.1493434905	-0.043266313	-0.0709048695	0.0968345608	0.0799466141	0.0772780306	0.0247058375	-0.0426997786	-0.0892496833	0.0882667966	-0.1339310233	0.0475707455	-0.0090141345	-0.0737081574	-0.0425385457	0.0593833535	-0.1196659908	-0.0797436083	0.0316301803	-0.0433042317	0.0059100427	0.0638382914	0.3390417177	0.0544979991	0.0102475759	0.0339904742	0.1882557149	0.0156776713	-0.006406542	0.08174908	-0.1176947775	-0.096833845	-0.1430338664	-0.1636227924	-0.0937005153	-0.130353661	-0.031645068	0.1410749649	0.1673948886	-0.0434467151	-0.0635606935	0.1095402436	-0.0240961662	-0.0276399904	0.0443121932	-0.0078780611	0.2329610787	-0.150822216	-0.2206836856	-0.0178396803	0.3597276008	0.1032764317	-0.1249709204	-0.0104177089	-0.0350857584	0.0512217578	-0.0236620131	0.0944796253	0.1161996972	0.0862370526	-0.1499336332	-0.0846995647	-0.0702553033	0.0239521368	-0.0816663376	-0.0870624825	-0.0210709938	-0.0404931259	0.0194276927	0.1329538433	-0.0595388404	-0.0861609295	0.1046738894	0.0179068499	0.0945840497	0.0689918056	-0.1333092546	0.229228034	-0.0607856956	0.018989719	-0.0341868401	0.1482154127	0.0126679688	-0.1177480553	0.0239436204	0.0800316662	-0.0088804844	0.0163214292	-0.1345155235	0.0159104462	0.0636411816	0.180887353	0.0859722534	-0.1386216857	-0.0740427557	-0.1206842779	0.0781522276	0.0226823009	-0.0240135865	0.082039048	-0.0145103812	-0.0896888583	-0.1506452274	0.2499144392	-0.0154043653	-0.0857540434	0.0052495325	0.0781676667	-0.179424	-0.0068229999999999	0.032192971776	4.655332899999994e-05	-0.178042	0.0080669999999999	0.031698953764	6.507648899999985e-05	-0.236845	0.067221	0.056095554025	0.004518662841	0.00665537	0.0005744599999999	3.300042915999997e-07	4.42939498369e-05	-0.00158738	0.00042823	1.8338093290000013e-07	2.5197752644e-06	4.63432e-05	-0.0002587818	2.14769218624e-09	6.696802001123998e-08	0.0	0.0	0.0	0.0	0.0	0.0	0.0	0.0	0.0	0.0	0.0	0.0	0.0	0.0	0.0	0.0	0.0	0.0	0.0
612.7059829557605	-15.391924004900943	375408.62154978473	236.9113245726459	849.1668558074434	-28.690719295760005	721084.3490018994	823.1573737080954	588.7412636727079	-13.92141063667043	346616.27555093693	193.80567411480055	606.9007530625962	626.926708074177	1.958669	92.87455	0.88751654	0.565065	0.0431625208	0.0266853611	0.0454553129	-0.3144395303	-0.0613335932	-0.0968437636	0.0447714906	0.040455371	0.0906286497	0.2295038695	-0.0469647452	0.0461344886	0.1265036168	-0.0441886435	0.1139352949	0.1600685877	-0.0597402957	-0.01351887	-0.0324239738	-0.2468406488	-0.0145670281	-0.1010192633	-0.0826921232	0.3125703912	-0.1908051623	-0.0154275397	-0.0214937359	-0.1494983845	-0.0178514121	-0.0975332983	-0.0168969529	0.151514213	-0.0195319973	-0.0830181814	0.0636271784	0.0086137778	-0.0104516199	-0.003472327	-0.0776293512	-0.0722969717	-0.0168472072	-0.0318437788	-0.0078929626	0.0568949082	-0.0826163402	0.1111845568	0.1167501598	0.0083756673	0.0119498407	-0.1130729393	0.024383449	-0.0032435027	0.0663252026	0.0277327192	-0.1218223544	-0.0043481189	-0.0471922233	-0.0270834648	0.0736257832	-0.0219488728	0.0856491139	-0.1268816019	-0.0194046891	0.082077558	0.1428816556	0.1013510762	-0.0057875044	-0.0647216464	0.0132059314	0.0022002732	0.1059387338	0.0709667193	0.018233234	-0.2575049927	-0.0747438141	0.1182926194	-0.0239546302	0.2511089212	0.1260118302	0.1052412743	0.2568248879	0.0288629241	-6.45255e-05	-0.0599951643	-0.0828675407	-0.188832414	-0.0473587883	-0.0495295504	-0.0336979321	-0.0366323171	-0.0869329399	0.0713288042	0.0861661315	0.0564502472	-0.0039324614	0.073452138	0.068849283	-0.0703244548	-0.0141282775	-0.0273195566	0.1619001533	0.0473294544	-0.0354484927	-0.03268187	-0.0677712264	0.1699168219	-0.0696702467	-0.0437205339	0.1036366679	-0.0748430242	0.0418172307	0.0214436561	0.0724514236	0.0272493295	0.0282658458	0.1034934699	0.0611113879	-0.1084845576	0.0802846614	0.0144023895	-0.0330838749	0.1328407637	-0.016997611	0.07865757	-0.0239582529	0.0154934055	0.1512039439	-0.0442654254	-0.3489204757	-0.1615938763	0.0090253896	-0.0222031326	0.2811154386	-0.0756393193	-0.0678395767	-0.3881248083	-0.1025307151	-0.167226833	-0.0873297399	0.0385799816	-0.3929224525	-0.0287877899	-0.0544968652	0.3178786142	0.1424279969	0.1736188609	0.0241960582	0.1309357985	0.0804439278	-0.087547979	0.0104887887	0.0720729799	-0.080182	0.099242	0.006429153124	0.009848974564	-0.0703303	0.1077117	0.0049463510980899	0.01160181031689	-0.7637819999999998	-0.5269369999999999	0.5833629435239998	0.2776626019689999	0.0071025	0.00044713	1.999252369000004e-07	5.0445506250000006e-05	-0.00276143	-0.00117405	1.3783934025000002e-06	7.6254956449e-06	0.00149768	0.0014513368	2.2430453824e-06	2.10637850703424e-06	0.0	0.0	0.0	0.0	0.0	0.0	0.0	0.0	0.0	0.0	0.0	0.0	1.0	0.0	0.0	0.0	0.0	0.0	0.0
600.0966937582726	-12.609289197487897	360116.04185961006	158.99417406588498	837.8893148381114	-11.277540969331994	702058.5039198798	127.18293031496162	576.7429048645802	-11.998358808127705	332632.3783116342	143.96061408857568	595.186424441232	626.5079634430654	1.959394	92.908928	0.8122756399999999	0.551071	0.0161626566	0.0054937892	-0.080526652	-0.3530891499	-0.2915763573	-0.0391032783	-0.3799088994	-0.4456137727	-0.1777282184	-0.3333405254	-0.033148647	-0.1404633529	-0.0590338725	-0.0057981203	-0.0056610271	0.1511500402	0.0427174283	-0.1273837129	0.0600085676	-0.5823459115	-0.0212481205	-0.3199622623	0.1727025079	-0.4195232495	0.1257316564	-0.1760463754	0.0473424806	0.2686283007	-0.0832590937	0.035913283	0.0173411056	-0.0160456599	0.0684111495	-0.0309268456	-0.0009880244	-0.1070128654	-0.1170135101	0.0197252257	0.0555993576	0.0210143567	-0.0823869782	-0.0760945937	0.0827264253	-0.063664471	-0.1090165538	0.040633782	0.0045742945	0.0791723367	0.0054542979	0.0019715202	0.036820687	-0.022669664	-0.0049884385	0.0319222934	0.0035092179	0.0456939167	-0.0292869522	-0.0189014517	0.0972592412	0.006503802	-0.006140821	0.0242546613	0.0130568464	0.0391516611	0.0937443584	0.0467476437	-0.033614296	-0.0519922197	0.0324674743	0.0003145386	-0.0044506236	-0.0298552657	0.0374472068	-0.5693831645	-0.133988857	0.2723697605	0.0043815692	-0.4325272882	-0.0954639488	-0.0701076082	-0.2750781402	-0.3204013377	0.0768825256	-0.0968062166	-0.012186906	-0.0640398863	-0.1287232367	0.1006261032	0.0245932566	0.1330756808	-0.0792458737	-0.0372662625	-0.0081648652	0.0240707928	-0.0256499925	0.0778576395	0.0136619808	0.0503649039	0.0052517289	-0.0030468296	0.0705064579	0.0590658521	-0.0216249544	0.0479090912	0.0166829693	0.0373531124	0.0209479235	0.0450918383	0.0239535568	-0.0327792672	-0.0270152882	-0.0439062823	-0.0132478773	0.0204705329	0.0075283644	0.0566370225	0.0327286789	0.0187334692	0.0233915508	0.0336617182	0.0253753735	0.0310163023	0.0218555442	-0.0457683775	-0.0124095339	-0.0242716457	0.2101223704	0.0287572153	-0.2054021799	-0.3550547059	-0.1677048184	-0.0412299143	-0.0136669295	-0.5894853002	-0.0369330851	0.2494262454	0.1972212088	0.2301733892	-0.2214562307	-0.0492454331	0.158556959	-0.0467066608	-0.0288285022	0.0172070243	-0.1559405814	-0.0139363976	-0.110143953	0.002929199	0.1425806478	-0.0892990645	0.0157075127	0.0656609137	0.00350704	0.08368904	1.2299329561599998e-05	0.0070038554161216	-0.0197148	0.0506154999999999	0.00038867333904	0.0025619288402499	-0.500742	0.2630399999999998	0.250742550564	0.0691900415999999	-0.000965372	-0.008067872	6.5090558608384e-05	9.31943098384e-07	-0.00272836	3.307000000000006e-05	1.093624900000004e-09	7.4439482896e-06	0.00169536	0.00019768	2.8742455296e-06	3.90773824e-08	0.0	0.0	0.0	0.0	0.0	0.0	0.0	0.0	0.0	0.0	0.0	0.0	0.0	1.0	0.0	0.0	0.0	0.0	0.0
630.0019271739588	29.90523341568621	396902.42824290216	894.3229856466752	895.8035193006992	57.91420446258781	802463.9451915182	3354.0550785344253	601.8405910712577	25.09768620667751	362212.0970610008	629.8938529288505	622.936047868815	622.5033109258203	2.342186	111.059868	1.15709074	0.54574	-0.0775787698	0.0749722282	-0.0551311031	0.3121743187	0.0369236325	0.0323761407	0.066103969	-0.0279482925	0.0162455603	-0.4349771152	0.046914631	-0.0063932418	-0.0098297159	0.1252406546	0.3055986906	0.1511702817	-0.0226988534	-0.0288446753	0.0248770577	0.0572803926	0.1116086129	-0.0114758802	-0.0395243547	-0.362858846	0.1492837398	0.1220714994	0.0663827377	-0.1320189445	-0.123396695	-0.081349358	-0.0266445847	0.0126952033	-0.0238645354	0.0056180312	-0.040830078	0.0077229669	0.1097919076	-0.0009642312	-0.0281049307	-0.1243682534	-0.0343152153	0.0390511703	0.0077881009	0.009386549	0.0583686439	-0.0264860501	0.0996333856	-0.0486560921	0.0490035254	-0.0527812464	-0.1282192882	-0.0078181864	0.0869393082	-0.0535151087	-0.0632659437	0.046598087	-0.0596691119	0.1430054265	-0.1007547709	-0.1968223856	0.1332418365	0.0751747429	-0.0629482452	-0.0142634761	-0.071646099	-0.0669732533	0.0429411509	0.1741218693	0.009492799	-0.0061196224	-0.0010473593	-0.0111855658	-0.1367171039	0.0637387216	0.1382523398	-0.022422711	-0.0915932944	-0.2385826166	-0.1390260534	-0.2956363895	-0.1809205475	0.1059392462	-0.2464198366	0.0640154163	-0.0844451066	0.0413992671	0.0852832052	-0.1028210763	0.0383352911	-0.3187624651	0.0230587868	0.1958479672	-0.1290744687	0.0202669004	-0.0162395064	-0.0832089306	0.0917326236	-0.062286015	0.0415287099	-0.1596064123	0.021882163	-0.0104730049	0.0866724658	-0.2087480084	0.0716085852	0.0519014947	-0.0642988684	0.1384967861	0.1917575474	0.0052572239	-0.0705036077	0.0925772639	0.0070136974	0.069207148	-0.0130332181	0.0284081738	-0.0936218738	-0.0093752145	-0.0288906034	-0.0354065417	-0.0352876236	0.0460535573	0.0212425792	0.0129415073	-0.1388655959	-0.132737122	0.0557085472	-0.1166777035	0.1524176189	0.179060133	-0.1783224693	-0.2254717158	-0.2577788441	0.2412277362	-0.1330436818	-0.0963409704	0.066020923	0.2170618692	-0.4089971834	0.2755750968	-0.0809234633	-0.2424954861	-0.0911938423	0.0677833313	-0.293421346	0.1771226245	0.0011933576	0.1048468821	-0.1552515129	-0.0910064429	0.0208954884	0.0589597043	-0.0639196	-0.06742664	0.0040857152641599	0.0045463517816896	-0.198354	-0.1786392	0.039344309316	0.03191196377664	-0.975901	-0.475159	0.952382761801	0.225776075281	-0.00619437	-0.005228998	2.7342420084004004e-05	3.83702196969e-05	-0.00502607	-0.0022977099999999	5.279471244099999e-06	2.52613796449e-05	0.00288597	0.00119061	8.3288228409e-06	1.4175521720999998e-06	0.0	0.0	0.0	0.0	0.0	0.0	0.0	0.0	0.0	0.0	0.0	0.0	0.0	0.0	1.0	0.0	0.0	0.0	0.0
622.1690236727995	-7.832903501159308	387094.29401796457	61.35437725847374	870.8820016488036	-24.92151765189567	758435.4607958267	621.0820420737474	598.0163655272102	-3.824225544047522	357623.5734383738	14.624701011745564	617.2353937269	615.2597959773506	1.599316	75.83504499999998	0.9308605	0.474244	-0.0661058093	0.0957797896	0.0313798678	-0.1784379356	-0.0124095839	-0.1134441982	0.0456687105	0.1274869036	-0.1063960403	0.032998082	-0.0605123735	0.2152693079	-0.0893132757	-0.0750082551	0.1008122296	0.0774164223	0.0183160222	0.0947336786	-0.193314399	-0.046958996	0.1124197732	0.0001106858	-0.1318547253	-0.0193475818	-0.2757607282	-0.0150650022	-0.0690676354	-0.0230728841	0.079757456	-0.082372153	-0.043059315	0.1430791214	0.0490499759	-0.1006102322	0.0600466697	-0.0109047429	0.1012505372	0.0529140467	0.0545152769	-0.1277903939	0.0299450495	0.0562965807	-0.0086176786	-0.0299715534	-0.0499848273	-0.0289680024	0.0338593339	-0.0106598253	0.1558932497	-0.1027185512	-0.0287595138	-0.0253280518	0.0400974618	0.0357258994	0.0489486661	-0.1131141791	0.0492091264	-0.1077265151	0.0702498586	-0.0015704058	0.0573580405	-0.0702582159	0.079392721	-0.0668265266	0.1241255092	0.0913553769	-0.0065913897	0.092717261	-0.0874230472	-0.0563337467	0.0911954826	0.0005843396	-0.1194935627	-0.0751795048	0.089268421	0.0146206385	-0.1781596673	0.1347211423	0.229139519	-0.1029230558	0.0560925238	-0.0762354634	-0.01739073	0.1037470548	-0.1882952922	-0.144738282	0.0201647277	0.0035661181	-0.1737495415	-0.1466927277	-0.0390424571	-0.0253465133	-0.0150445387	0.0313562457	0.0508229079	-0.0016490119	0.0689587566	0.0495458899	-0.1762339373	0.0253902988	0.0232593705	0.0144850488	-0.0137894405	0.0363756839	0.0640765603	-0.0210833913	-0.0416126806	0.0241492073	-0.0554252784	-0.1326419013	0.0162218486	0.0993067072	0.0981071073	0.0253200875	0.0500229204	0.1006449765	-0.0119608159	0.0192388552	0.0123371288	-0.2408942212	-0.0596917925	0.1123532841	0.0537552947	-0.0630968322	0.0260305915	-0.1428392747	0.2214501205	-0.1808384005	0.0291541871	0.059599746	-0.0154232896	0.0005801212	-0.0020405352	-0.0526454317	-0.0125475494	-0.2830053257	-0.0282382189	0.0902237994	0.0687262602	0.0726391204	0.1849687755	-0.0209194489	0.001077997	0.0841026526	0.2336141099	-0.1283026155	-0.1133014815	-0.0613998946	0.0248126312	-0.0926692784	0.0260425603	0.051998861	0.0131849	0.0771044999999999	0.0001738415880099	0.0059451039202499	0.11255	0.310904	0.0126675024999999	0.096661297216	-1.20485	-0.2289489999999999	1.4516635225	0.0524176446009999	-0.00261172	0.00358265	1.28353810225e-05	6.8210813584e-06	-0.00344921	0.0015768599999999	2.4864874595999998e-06	1.1897049624099998e-05	0.00176742	-0.0011185499999999	3.1237734564e-06	1.2511541024999997e-06	0.0	0.0	0.0	0.0	0.0	0.0	0.0	0.0	0.0	0.0	0.0	0.0	0.0	0.0	0.0	1.0	0.0	0.0	0.0
623.4915804594182	1.322556786618634	388741.75090378313	1.7491564538310065	882.5068238891363	11.62482224033272	778818.294210891	135.1364921193342	600.9087080959292	2.892342568719073	361091.2754655187	8.365645534824445	620.51762248202	603.6777910309679	1.134222	53.781605	0.2129616999999999	0.0976808	-0.0795072007	0.1195465608	-0.0370393317	0.0213603396	-0.0652084462	-0.07661831	-0.0161680145	0.1504550985	-0.1806739596	-0.1415635845	-0.0147824807	0.1613509355	-0.1463285803	-0.0296837055	0.0534038116	0.0086275979	0.0104435349	-0.0645290669	-0.052483084	0.0692003634	0.1521183632	-0.0142269619	-0.1279461657	-0.2277936986	-0.185324042	0.0285292229	0.0775146506	0.0341518377	-0.0495771198	-0.0225867183	0.0275915104	0.003641863	0.0133345912	0.0203080351	0.0276711775	0.0344812969	-0.020741531	0.0556796421	-0.0455325082	-0.0932191528	-0.1234955163	0.0083767346	-0.0766482089	-0.1208716026	-0.0032659688	-0.0533240604	-0.0517074806	0.0335231254	0.0047982624	0.0122814254	-0.0512915927	-0.0621777733	0.0760481561	-0.0156352326	-0.0020976516	-0.0324712736	0.0315420298	0.0445866279	-0.0316016766	-0.0073107849	0.0627693787	-0.0373847539	-0.0245910848	-0.0524490872	-0.0248510958	-0.0674984206	-0.0349056521	0.0692650543	-0.1345486967	0.0427995535	0.0322410162	0.0687001905	0.1095534185	0.0341243434	0.1654741178	0.0007955427	-0.222797669	-0.0463813614	0.167302318	-0.1067216868	-0.1269032747	-0.0316019679	-0.0698222715	-0.0087527326	-0.0595126977	-0.0459641189	0.0095141815	0.0204184728	-0.0282627507	-0.0417336112	-0.1290717989	-0.001520913	-0.0073094679	-0.1009258357	0.0284258789	-0.0001171835	0.1083297132	-0.0531587606	-0.058642682	0.0143551361	-0.023732354	-0.0347586519	0.0462943306	0.0432732655	-0.0215668624	-0.0915941901	0.0483737067	-0.0345647335	-0.0177882347	0.023422649	0.0082223991	0.0325671872	-0.0286227979	-0.0843569166	0.0165900903	0.0015148174	-0.0022713194	0.0092137686	-0.0685465699	-0.0223390483	0.0184231734	-0.1101679963	-0.1127217093	-0.142534294	0.0904794878	-0.1492615837	0.1968186007	-0.2020083405	0.1138835506	0.026917863	-0.0221893126	0.0644990126	-0.0874810464	-0.0747051117	0.0389204764	-0.1316127954	-0.0412578841	0.0620713148	0.1071116171	0.0681590178	0.1631357817	-0.0597405737	-0.0238760705	-0.1737603831	0.1547438527	-0.0618426175	-0.1022265557	0.0008360109	-0.0464629711	-0.0942867573	0.0311386526	0.0448090364	-0.0163578	-0.0295426999999999	0.00026757762084	0.0008727711232899	0.151307	0.038757	0.022893808249	0.001502105049	-1.18547	0.0193799999999999	1.4053391209	0.0003755843999999	-0.00403984	-0.00142812	2.0395267344000006e-06	1.63203072256e-05	-0.00394297	-0.0004937599999999	2.4379893759999977e-07	1.5547012420899997e-05	0.00235118	0.00058376	5.5280473924000005e-06	3.407757376000001e-07	0.0	0.0	0.0	0.0	0.0	0.0	0.0	0.0	0.0	0.0	0.0	0.0	0.0	0.0	0.0	0.0	0.0	0.0	0.0
618.5741803502304	-4.917400109187724	382634.0165959594	24.180823833839444	864.4977762849927	-18.009047604143575	747356.4052016973	324.3257956083094	599.5331567543454	-1.3755513415837868	359440.00604783057	1.892141493332956	618.8679322938126	589.8989827308585	1.023643	48.53825	0.2178286999999999	0.0968667	-0.0937238073	0.1468695336	-0.0596951631	-0.0248869894	-0.1308746685	-0.1023088508	-0.1020047865	0.1718988715	-0.0483396717	-0.0085805225	-0.0239916747	0.1485960367	-0.0269493631	0.0251715111	0.0899614597	-0.045267164	-0.0066703009	0.0390617765	-0.0410292397	0.0277817252	0.1488856199	-0.048064567	-0.1453412554	-0.0497089734	-0.2023469576	-0.0317029218	0.0466552793	0.0293854198	0.0238350077	0.0110462175	0.0568447054	0.0934447869	0.0154385736	-0.0054760189	0.030451645	0.0378227349	0.0523962649	0.0610752248	-0.0532669688	-0.0011941566	-0.0976666872	0.0371346153	0.0012529382	0.0165254557	0.0514001874	-0.0369205238	-0.0153175144	0.0108287055	-0.0110669542	-0.0441054683	0.0115980518	-0.0231880165	0.0235862877	0.0120637757	0.0261723219	0.0692243614	0.0073559996	-0.0257106868	-0.0237499297	0.0265781982	0.0426718001	0.0059367625	-0.0395003819	0.0206535327	-0.0834469059	0.0751632503	-0.0457081583	0.0396854746	-0.0256565338	0.0044150181	0.0474473324	0.0115468258	0.0242001935	-0.0083761048	0.1560806635	0.0303118034	-0.2238625517	0.0187183754	0.1591918377	0.0444479768	-0.0092465837	-0.0272773882	0.0421805269	-0.0202392959	-0.0231401081	-0.0703945848	0.0372933182	-0.0288405737	-0.0348982038	-0.0417236966	-0.089469732	0.0795926133	0.0080841555	-0.076436079	-0.0188360376	-0.0369473871	0.0421372868	-0.0279032099	-0.0360540482	0.010138907	0.0044126646	-0.0349014589	0.0201256908	0.0258742702	-0.056293922	0.0229375965	-0.0581066626	-0.0579252368	-0.035879237	0.011810721	0.0245747259	-0.0345188689	-0.0559808913	0.063726931	0.0272449125	-0.0387945976	-0.0304728353	0.0446888363	-0.0220858854	-0.0115148857	0.0268603785	-0.1074323146	-0.0542199064	-0.0580336827	0.0088000111	-0.1495207391	0.1400095784	-0.1976996685	0.097752183	0.0078390048	-0.0136334135	0.0481201991	-0.0216476629	-0.0723476467	0.0060621871	-0.1162652613	-0.0419082477	0.0096227859	0.1378424741	-0.0195453562	0.0423516285	-0.0456043562	-0.055208838	-0.1202717437	0.0755542227	-0.0359762276	-0.0852513279	-0.0005386735	-0.0442764509	-0.0958580879	0.0361737896	0.0374218916	-0.0479989	-0.0316411	0.0023038944012099	0.00100115920921	0.0901899	-0.0611170999999999	0.00813421806201	0.0037352999124099	-1.153	0.03247	1.329409	0.0010543008999999	-0.00302511	0.00101473	1.0296769729000002e-06	9.1512905121e-06	-0.00384144	0.0001015299999999	1.030834089999997e-08	1.4756661273599998e-05	0.00161543	-0.00073575	2.6096140849e-06	5.413280625000001e-07	0.0	0.0	0.0	0.0	0.0	0.0	0.0	0.0	0.0	0.0	0.0	0.0	0.0	0.0	0.0	0.0	0.0	0.0	0.0
616.693395259574	-1.8807850906564452	380310.7437567812	3.537352557235573	864.3940208368301	-0.1037554481625875	747177.0232584623	0.0107651930234193	600.3445480128962	0.8113912585507705	360413.5763288086	0.6583557744526034	619.543002849788	582.2206415858338	0.971223	46.052658	0.1194992999999999	0.0617309	-0.0905598209	0.1655375227	-0.0171789674	0.0889948995	-0.0731599231	-0.1019834593	-0.115136489	0.1394863758	-0.073031486	-0.1028139087	0.0787112555	0.1431080886	0.0272238672	0.0179895496	-0.0635939211	0.0722798033	0.0562678505	-0.0252565992	0.040127308	0.0504119824	0.1459107752	0.002640665	-0.1276026104	-0.1465004287	-0.1269134422	-0.000609355	0.0681049728	0.0127912849	-0.0257763831	0.0599877703	0.08142219	0.0595606592	-0.0343530654	0.0292849712	0.0067908747	0.003719882	-0.0166614675	0.0424684222	-0.0385697346	0.0178910633	0.0263350616	-0.0112277476	-0.0558548316	-0.0735619557	-0.0488872854	-0.0378444214	0.0334817377	0.0067001476	-0.0538624976	0.041560314	-0.0189210377	0.0019407866	0.0105668223	-0.0997125443	-0.0173801606	-0.0134657498	0.0148748806	0.0121445261	0.0346609377	0.0453264719	-0.1078011063	0.0259639641	-0.0445813912	0.0721574195	-0.0064782796	-0.0184027629	0.0809727984	0.0511677173	0.0373666391	0.0520471026	-0.0972761149	0.0405770129	0.1144524763	0.0228532625	0.1601370085	-0.0191584334	-0.2108366602	-0.046022708	0.0776636312	0.0017580373	-0.0793207709	-0.0309506163	-0.0062557604	-0.1161270236	0.0268360235	-0.0114175745	0.0649791443	-0.0338872008	0.0108989566	0.0137399467	-0.1075293507	0.0155032992	0.0279134827	-0.0487498226	0.0976236167	0.0202584673	-0.0303992898	0.0011746272	0.0029319474	0.0939325925	-0.0357680916	0.0306154472	-0.0243888881	0.0744027023	-0.0185239986	-0.0063213268	0.0502544675	-0.0392036705	0.0709107037	0.0173156203	-0.0175940493	-0.0133846253	-0.0431480076	-0.0307587107	-0.0251664384	-0.0722795163	-0.0097150666	-0.0027241007	-0.0426300586	0.0956558003	0.0566237474	-0.047620514	0.0576539451	-0.0661257369	-0.0050594094	-0.1396374504	0.0999645507	-0.2028889878	0.1217998259	-0.0116840347	-0.0095293409	0.0047673922	-0.0245477601	-0.0716544272	-0.0028231008	-0.0356458186	-0.0470742573	-0.0328508548	0.14248356	-0.0037352345	0.0060044024	-0.0427491439	-0.0214497783	-0.1487816786	0.0313214676	0.104144857	-0.0612614703	-0.0651132959	0.0140644373	-0.0973825011	0.0411381146	0.0298699563	-0.0610048	-0.0130059	0.0037215856230399	0.00016915343481	0.0448075	-0.0453824	0.00200771205625	0.00205956222976	-1.13691	0.0160899999999999	1.2925643481000002	0.0002588880999999	-0.00338404	-0.0003589299999999	1.2883074489999998e-07	1.14517267216e-05	-0.00334321	0.0004982299999999	2.482331328999997e-07	1.11770531041e-05	0.00157217	-4.326000000000004e-05	2.4717185089e-06	1.8714276000000042e-09	0.0	0.0	0.0	0.0	0.0	0.0	0.0	0.0	0.0	0.0	0.0	0.0	0.0	0.0	0.0	0.0	0.0	0.0	0.0
616.1508706147977	-0.5425246447763357	379641.8953593731	0.2943329901896891	868.5278156477015	4.133794810871336	754340.5665537677	17.088259538386787	599.3284228140801	-1.0161251988160984	359194.5583928128	1.0325104196690555	618.4421775386336	571.5974846004564	0.975242	46.243233	0.2270817000000001	0.102718	-0.0992626229	0.1759191696	-0.0294146626	0.0657703091	-0.0903889035	-0.1509168416	-0.1400256457	0.0561461478	0.054715407	0.0928477752	0.0379582587	0.0598334992	-0.0836030157	0.0472501652	0.0491531017	-0.0512905558	0.0081798868	0.0097465107	0.0416003987	0.018798033	0.1273461956	-0.031118891	-0.1230684152	-0.0132044414	-0.1035228014	-0.0560633957	0.0180584744	-0.0128460717	-0.017044362	0.0660516349	0.021525867	0.0552499762	0.0004002741	-0.0636334859	0.0142622372	0.0429004263	0.0579177226	0.0164101059	0.0175389903	0.026621322	0.0285328337	0.0055105788	0.0115550607	0.021831261	0.0037046219	-6.72914e-05	0.0142654289	-0.0181725841	-0.0417169124	0.0235132447	0.0459284077	0.0363353525	-0.0114597114	0.0638535918	0.0340602439	0.0537161599	0.0801957436	0.0915685976	0.0111053127	0.0373142991	-0.0102407757	0.0111983415	0.0938350546	0.0132941114	-0.0282770974	0.0361610796	0.0885167209	0.0358510398	-0.0213173383	0.0110043094	0.0551518427	-0.0217227827	0.0562948559	-0.0122591076	0.1332883662	0.0160123938	-0.1586538315	0.0063357341	0.029957633	0.0535346332	0.0452340268	-0.0674764277	4.89139e-05	-0.0397357409	0.0641441135	-0.058027235	0.081012305	-0.0287381076	-0.0355093376	-0.0086102896	0.0376141094	0.0380034275	0.0490580949	-0.0106475153	0.0138368043	0.0030729889	-0.0809825457	0.033955011	0.0822391862	0.0367719303	-0.0268640439	-0.0212799956	-0.0250822141	-0.0430741204	-0.0212907566	-0.0220872448	-0.0152652201	0.0310547575	-0.0293873814	0.0163845715	-0.0588550271	-0.0262686166	-0.0553559429	0.0264025598	0.0062734016	-0.0587648108	0.0372007118	0.0092391559	-0.0252719045	-0.0068975902	0.1259739616	-0.0150211324	-0.0301081038	0.0047983637	0.0203927325	-0.130905445	0.0211615642	-0.1774877125	0.0794608072	-0.0729059156	-0.0146974476	-0.0355179264	0.0512105576	-0.0190987321	0.0107479767	0.0365072482	0.0165017633	-0.0938365757	0.0906698129	-0.055478221	-0.1127430119	0.0032544776	-0.0142955932	-0.039016886	-0.0046679002	0.1029261573	-0.0640678412	-0.0696219627	0.0255045575	-0.0988592507	0.0460219099	0.0221864862	-0.110184	-0.0491792	0.012140513856	0.00241859371264	-0.019777	-0.0645845	0.000391129729	0.00417115764025	-1.09252	0.0443900000000001	1.1935999504	0.0019704721	-0.00251222	0.00087182	7.600701124000002e-07	6.3112493284e-06	-0.00334321	0.0	0.0	1.11770531041e-05	0.00106543	-0.0005067399999999	1.1351410849e-06	2.5678542759999986e-07	0.0	0.0	0.0	0.0	0.0	0.0	0.0	0.0	0.0	0.0	0.0	0.0	0.0	0.0	0.0	0.0	0.0	0.0	0.0
618.2340524677236	2.083181852925918	382213.343630664	4.3396466323598615	869.4066262257695	0.8788105780680553	755867.8817252748	0.7723080321243095	599.7628501876898	0.4344273736096511	359715.4764652612	0.1887271429413794	619.3646171513001	574.134206551401	0.926371	43.9259	0.1497168499999999	0.0892731999999999	-0.0950185593	0.1579832846	-0.0560673077	0.1315079695	-0.1117689177	-0.0682091899	-0.0960006231	-0.0071947298	0.047651548	0.0516184848	0.0687940562	0.0782814795	-0.0479883744	0.0779241668	0.0793586979	0.029170522	-0.0154903489	0.1196351872	-0.0386033605	0.0331461093	0.1182466236	-0.0020627104	-0.1045568666	-0.0942137749	-0.050871371	-0.0490837089	0.0331851937	0.00692452	-0.0460533327	0.0108855173	0.1186936272	0.0231467627	0.0029682984	-0.0393025997	0.0144325457	0.0008080313	0.0425414719	0.001476814	-0.0190052185	0.0279321496	-0.0046836707	-0.0208335625	-0.0698492367	0.0352132082	0.0269554772	0.0048259757	0.0333363837	-0.0244167671	-0.0415122271	-0.0302949278	0.0220054815	0.0747061671	-0.0207451935	-0.0023315051	0.0461166566	0.0016750306	0.039571508	0.0068547086	-0.0050154643	0.0081218843	0.0569299429	-0.0121406194	-0.0698215334	-0.0371233665	0.057456184	-0.0404368905	-0.0051418255	-0.0368444833	-0.0039747556	0.0120996429	-0.0989885348	0.02026342	0.0914005515	0.0120099311	0.1321676906	-0.0225257605	-0.1529012685	-0.0538983562	-0.0125264111	0.0102551669	0.0226989302	-0.0521491988	-0.0027262203	-0.1042786357	0.0117927706	-0.0251327703	0.0722871362	-0.0116959262	-0.0137004389	-0.0011382747	0.0074664726	0.0790063111	-0.0136077578	0.0029509621	0.0020874077	0.0302753953	-0.0421676398	-0.0380472768	0.0356176474	0.0728153604	-0.0137009942	-0.0263459534	-0.0691659544	-0.0178424279	-0.0068300353	-0.0105720059	-0.0080078547	-0.0130811943	-0.0358853063	-0.002507147	0.0291354841	-0.0315440481	0.0639625469	-0.015192112	-0.035937763	-0.009462635	-0.0519951528	-0.0062105535	-0.0201248196	0.0518564033	0.0578951506	-0.0098225096	0.0572270988	0.0503674126	0.0358290012	-0.1253305954	0.0024774973	-0.1705915712	0.1215187998	-0.0637230928	-0.0241640659	-0.0747846897	-0.0054298142	-0.0043943407	-0.0257985948	0.0605336482	0.0207525492	-0.1032423158	0.042041315	-0.0209230692	-0.0655662832	0.0202757015	0.0343918832	-0.064271145	-0.0344347391	0.1638460324	-0.0136493083	-0.0717828426	0.0114054843	-0.100287614	0.0508156151	0.0144053161	-0.116264	-0.00608	0.013517317696	3.6966400000000026e-05	-0.0597206	-0.0399435999999999	0.00356655006436	0.0015954911809599	-1.0749	0.0176199999999999	1.15541001	0.0003104643999999	-0.0038331	-0.00132088	1.7447239744e-06	1.469265561e-05	-0.00301157	0.00033164	1.0998508960000016e-07	9.0695538649e-06	0.000996485	-6.894499999999994e-05	9.929823552250002e-07	4.753413024999992e-09	0.0	0.0	0.0	0.0	0.0	0.0	0.0	0.0	0.0	0.0	0.0	0.0	0.0	0.0	0.0	0.0	0.0	0.0	0.0
617.2175255201411	-1.0165269475825198	380957.473809206	1.033327035161435	868.297466959993	-1.1091592657764977	753940.4911291401	1.2302342768578596	599.4127437244942	-0.3501064631955159	359295.6373393262	0.1225745355712731	618.6502322410735	575.8023306381176	0.8882729999999999	42.119411	0.1432755	0.0713211	-0.0921349067	0.1524394312	-0.0259578206	0.0714547528	-0.0739816241	-0.10955857	-0.0987170674	-0.0198551239	0.0733629084	0.0871696692	0.0071365171	0.10914483	0.0193921959	-0.0054253732	-0.0324626389	0.0742548032	-0.0424939718	0.0221655523	-0.1000897336	0.0161016615	0.102168939	-0.0294358734	-0.1106616723	-0.027749049	-0.0501584697	-0.0988120368	-0.0402294028	-0.014399923	-0.0414217629	0.0120413878	0.0474136571	0.0711298167	-0.0347164673	-0.0196238653	0.0602215232	0.0093989527	0.0494778817	0.0213423182	0.0007205073	0.0182866698	0.0410894574	0.0338698188	-0.0546181704	0.0593711144	-0.0555665527	-0.0050869173	0.0060240679	-0.0786291452	0.0197079926	0.0313173366	0.0288265676	0.0371917345	-0.0372021395	0.0157248451	-0.0237297481	-0.0136240125	-0.0354569125	0.0669841534	-0.0510374721	0.0266970403	0.0590199518	-0.0565221139	0.0605523147	0.0001211242	0.0008866873	0.0135184146	-0.0379550125	-0.0684223971	-0.0226246673	-0.0962837864	-0.0015826671	-0.0751003653	0.0059320094	-0.0088279204	0.1119463736	0.0202942199	-0.1235316388	-0.0088963045	-0.0291629026	0.0217019275	0.1017911186	-0.0940927847	-0.021226698	-0.0523332409	0.0151785302	-0.046547643	0.0656313254	-0.0412153444	-0.0417574792	0.0427030017	0.0175185138	0.0127106343	0.0103616458	0.0219429787	-0.0191462565	-0.0009139469	-0.0548935626	-0.0253906341	0.0403919004	0.0981271943	-0.0347413505	-0.0176677787	-0.0343530857	-0.0747865144	0.0089528785	0.0549903453	-0.0050925047	0.0361320877	0.0080234058	0.0784081609	0.0249411535	0.006242176	0.0339829564	0.0105525156	0.0161136461	0.0101772465	-0.0042736483	-0.0664386037	0.0624492855	-0.0215175934	-0.0110822232	0.1144570848	-0.0451050336	0.0219417568	0.0478733774	-0.1121009691	-0.040957094	-0.1389900367	0.0742605617	-0.0844730197	-0.0180246723	-0.0553986926	0.0514970305	0.0138474777	-0.0397725662	0.024990996	0.0275941975	-0.1128527889	0.0108569625	-0.03905136	-0.0703850268	0.0786973516	-0.016228083	-0.0059817441	-0.0534575058	0.089696177	0.0440470746	-0.0424985063	0.0128528415	-0.1016668918	0.0555098464	0.006560711	-0.148431	-0.032167	0.022031761761	0.001034715889	-0.0668554	-0.0071347999999999	0.00446964450916	5.090537103999996e-05	-1.05096	0.02394	1.1045169215999997	0.0005731236	-0.00282353	0.00100957	1.0192315849e-06	7.972321660899999e-06	-0.00298315	2.841999999999992e-05	8.076963999999956e-10	8.8991839225e-06	0.000433801	-0.000562684	1.88183307601e-07	3.1661328385600014e-07	0.0	0.0	0.0	0.0	0.0	0.0	0.0	0.0	0.0	0.0	0.0	0.0	0.0	0.0	0.0	0.0	0.0	0.0	0.0
618.0713503583636	0.853824838222522	382012.1941338111	0.7290168543657158	874.3797002093196	6.082233249326578	764539.8601381396	36.99356129921374	599.7753393766603	0.3625956521660782	359730.45772438805	0.1314756069697436	619.3646275477973	574.8520946629784	0.844203	40.029739	0.1012929999999999	0.0600341	-0.0936148938	0.1390588659	-0.0309030434	0.1337029552	-0.0917047982	-0.0839131496	-0.0638844088	-0.05589144	0.0614444851	0.0311369539	0.0709632397	0.0591145892	-0.0493421542	0.0294028979	0.0486808456	0.0571056619	-0.0617265205	-0.0200264448	-0.0968401019	0.0364694731	0.0982682919	0.0057826739	-0.0736236281	-0.085283365	0.010631538	-0.033663425	-0.005585126	0.021377843	-0.0652013596	-0.0046772798	0.0742690936	0.0795386782	-0.0183067113	-0.0209947611	0.0218486106	0.0581633292	-0.0047014328	-0.0415516994	-0.0346787697	-0.0004909407	0.0764233185	-0.01232789	0.0281231074	0.0100444294	0.0197934776	0.023144791	0.0258983824	-0.0705693346	-0.0480147799	0.019227919	0.0099276015	0.0542164841	0.0105481044	-0.0274194345	0.0313583612	0.0546131775	-0.0047841627	0.0272333429	0.0185189841	0.0457089795	0.030284156	0.0041855938	0.0585702275	0.0073618469	0.0545774485	-0.0279846515	0.0331604957	-0.0105471249	0.0518859496	-0.0107531858	0.0234246723	-0.0100612828	-0.005423411	0.016880923	0.1151148965	-0.0166729417	-0.083061932	-0.0522924677	-0.0654508529	-0.0352797525	0.04314551	-0.0586151597	-0.0093926885	-0.0909339182	-0.0010770202	-0.0343245492	0.0819304563	-0.0492257556	0.0053311339	0.0447189711	0.0599051411	0.0192183981	0.0052651988	0.01493795	0.0203770178	0.0311299639	0.0014127406	-0.0093281627	0.0369924354	-0.0068796268	0.0072707925	-0.021851557	-0.0811556456	-0.0714121209	0.0274317369	-0.0294707024	0.004543653	-0.0089282016	0.0139678171	0.0443801271	0.0251725709	0.0080549042	0.0262171286	0.0243559375	-0.0203428594	-0.0074198131	0.0325744104	-0.0145926132	0.0332082185	-0.0341920946	0.0789483023	0.0669284732	0.0157754656	0.0360953363	0.0313785229	-0.1066651752	-0.0384742701	-0.1176457457	0.1061123636	-0.0891530973	-0.0202494687	-0.0794822302	0.006466817	0.0047225024	-0.0317807707	0.0535569272	0.0469987692	-0.0867864971	0.0023026758	-0.0322845089	-0.0552828711	0.0300028441	-0.0086142868	0.0033396877	-0.0576429132	0.0779052161	0.0311539368	-0.0045682188	-0.0216456342	-0.1029964092	0.0600954145	-0.0013127847	-0.139032	0.009399	0.019329897024	8.834120100000035e-05	-0.0641174	0.0027379999999999	0.00411104098276	7.496643999999947e-06	-1.00603	0.0449299999999999	1.0120963609	0.0020187048999999	-0.00332823	-0.0005047	2.547220900000003e-07	1.1077114932900002e-05	-0.00312766	-0.00014451	2.088314010000001e-08	9.7822570756e-06	0.000669111	0.00023531	4.47709530321e-07	5.5370796100000016e-08	0.0	0.0	0.0	0.0	0.0	0.0	0.0	0.0	0.0	0.0	0.0	0.0	0.0	0.0	0.0	0.0	0.0	0.0	0.0
617.9168455819621	-0.1545047764014953	381821.2280539624	0.023871725930876	871.6899802952211	-2.689719914098532	759843.4217470828	7.234593216298215	598.8781888106794	-0.8971505659809509	358655.08503315976	0.8048791380399405	618.4103096755188	577.6612365749829	0.836605	39.669434	0.1245332999999999	0.0564819	-0.0850697945	0.1242794544	-0.0286820929	0.0748939739	-0.0691637282	-0.0903107113	-0.0485888357	-0.0698486696	0.0826738847	0.0715086617	0.0332620506	0.0850977615	-0.0081086895	-0.0062580227	0.0407816431	0.0677589593	-0.0506804123	0.0087776427	-0.1408843833	0.0117949292	0.0889146232	-0.0257895792	-0.0604374895	0.0072801668	0.0085622019	-0.0670838982	-0.0443935136	0.0230441191	-0.046409254	-0.0064819046	0.0492286642	0.0640826272	-0.0321820908	-0.0127886716	0.045011121	0.0407132519	0.0164065471	-0.050774441	-0.0054811393	-0.0104712435	0.028087664	0.0178252268	0.0198323617	0.0156559235	0.004424782	-0.0162967172	-0.0056330916	-0.0571435966	0.0217444028	-0.0312059896	-0.0263445816	0.0630403032	0.0034551358	0.0410523652	0.0389525567	-0.022205649	-0.0077135557	0.0536252406	0.0644780326	-0.0648547134	0.0016399663	0.0045169472	0.0182779066	0.0863149562	0.0531796862	-0.025458677	0.00825702	-0.0025981471	0.0566704615	-0.0027700571	-0.0134348868	-0.0286116618	-0.0212895948	-0.0071233471	0.095027711	0.0158350277	-0.056567268	-0.0106146877	-0.0652846988	0.0139891452	0.0945202687	-0.0814120041	0.0114766122	-0.051899172	0.0259194904	-0.0390462983	0.0532197516	-0.0454546765	-0.0356949658	0.052396958	0.0216219569	0.0329398821	0.0262826261	0.0399472478	0.0113324562	-0.0196460227	0.0188067562	-0.006211762	0.0324596432	0.0018401864	-0.0245698437	-0.036887308	-0.053657393	-0.0671811736	0.0663848299	-0.0190583944	-0.0335883313	0.0414227793	0.0200609936	-0.0098961025	0.0232919183	-0.0402294513	0.0297725189	0.0090082992	0.0076878113	0.063213748	-0.0008842004	-0.0805416271	0.0363734129	0.0099908482	0.0342600426	0.0218296277	0.0751562236	0.0477623875	-0.0283199564	-0.0951845123	-0.058768622	-0.0953293067	0.070350017	-0.07983139	-0.0200210779	-0.078387172	0.0392562295	0.0074128212	-0.0171635708	0.0169173794	0.0287226804	-0.1181215168	-0.014353605	-0.0245228363	-0.0748660788	0.0705991711	-0.0260571419	0.0218607884	-0.031644179	0.034501544	0.0626375663	-0.0662060232	0.0434379389	-0.1042755153	0.0645633431	-0.0091804995	-0.162737	-0.023705	0.0264833311689999	0.000561927025	-0.0813225999999999	-0.0172051999999998	0.0066133652707599	0.0002960189070399	-0.994178	0.0118519999999999	0.988389895684	0.0001404699039999	-0.00260938	0.00071885	5.167453225000001e-07	6.8088639844e-06	-0.00289055	0.00023711	5.6221152100000015e-08	8.3552793025e-06	0.000189649	-0.000479462	3.5966743201000006e-08	2.29883809444e-07	0.0	0.0	0.0	0.0	0.0	0.0	0.0	0.0	0.0	0.0	0.0	0.0	0.0	0.0	0.0	0.0	0.0	0.0	0.0
620.7920942733764	2.875248691414299	385382.82431232464	8.26705503747964	875.9364956432581	4.2465153480370645	767264.7443997916	18.03289260111435	599.7124339001566	0.8342450894772355	359655.00337444973	0.6959648693168807	619.284623902537	594.2520779537804	0.972223	46.10009	0.40163485	0.199122	-0.0411416486	0.0543059879	-0.0225740045	0.1030909991	-0.0314279096	-0.0345324273	-0.0066666004	-0.1259593249	0.073030748	0.0559780981	0.0401351197	-0.0159370377	0.0035154969	-0.0072099875	0.0263305963	0.0590321852	-0.0140507774	-0.0560741784	-0.0483110744	0.0277610647	0.0438840926	0.0049104204	0.0160229954	-0.0555152907	0.0390766178	-0.023244734	0.0106101426	-0.02195269	-0.0901365444	0.0574937407	0.0404363918	0.0872648341	-0.0043564602	0.0075469685	0.0008693393	0.0248560341	0.057786413	0.0305799494	-0.037410846	0.0047296524	0.045779408	-0.002153777	-0.024409124	0.0161234785	0.0352875203	0.0431503727	-0.0240824095	-0.0297919684	0.0131539585	0.0155704937	0.06502656	-0.0132585685	0.0427264589	-0.0400586313	-0.0880378184	0.0231363164	0.0151515524	0.0187884305	-0.0289010986	-0.014560232	-0.0247964723	0.0410057601	0.0167308275	0.0041895996	0.0262618831	-0.0753672947	-0.0457637721	0.019664181	-0.0047599708	-0.0459231601	0.013037077	-0.0611123459	0.0196953772	0.0192955678	0.0539662385	-0.0127903378	0.0287747778	-0.06707614	-0.0763087211	-0.0200272034	0.0528979333	-0.0538696655	-0.0276513095	-0.10325275	0.0346029031	-0.0635126739	0.0760397805	-0.0679456089	0.0016082063	0.0206065649	0.0447840445	0.0382073614	0.0050987421	-0.0595251706	0.0030114266	0.0173755101	-0.0327791858	-0.0014942488	-0.0308823391	-0.0038474763	0.0094588724	-0.0512219404	0.019047459	-0.0214527572	-0.0330547876	-0.0052825296	-0.0554705653	0.0019265168	0.0337231103	0.0352211267	-0.0362367135	0.0445395366	0.0056241273	-0.0812808038	0.0067861393	-0.0014321221	-0.0053004313	0.0106176415	-0.0239589833	0.0023319935	0.0108282119	0.058154821	-0.0135157985	0.0212688569	0.0670445361	-0.0574831938	-0.0201209549	0.0122570705	0.047471668	-0.1089316472	-0.0183798593	-0.1414856426	-0.0122379656	-0.0246947678	0.0421586356	0.0067052781	0.0585502072	-0.0738198201	0.0483684775	-0.0260514901	-0.0306919172	-0.027999424	0.0744210823	0.0355859559	0.0019814991	-0.0607121191	0.0746623747	0.064049161	0.1462840683	-0.1055035841	0.0689048858	-0.0170077871	-0.0848962	0.0778407999999999	0.00720736477444	0.0060591901446399	-0.0621301	0.0191924999999998	0.00386014932601	0.0003683520562499	-0.8196	0.174578	0.67174416	0.030477478084	-0.000875005	0.001734375	3.008056640625001e-06	7.65633750025e-07	-0.00246754	0.00042301	1.789374601000001e-07	6.088753651599999e-06	0.000632735	0.000443086	4.0035358022500003e-07	1.9632520339600005e-07	0.0	0.0	0.0	0.0	0.0	0.0	0.0	0.0	0.0	0.0	0.0	0.0	0.0	0.0	0.0	0.0	0.0	0.0	0.0
622.1051110891694	1.3130168157930484	387014.76924326783	1.724013158555316	876.7475270570517	0.8110314137935575	768686.2262006556	0.6577719541599767	599.6648975541325	-0.0475363460241169	359597.9893586082	0.0022597041933245	618.64554601995	606.98828233647	0.91636	43.451195	0.1803808499999999	0.0893067	-0.0302740786	0.0177262076	0.056768441	0.0180494905	0.0405585958	-0.0763454702	0.0569645595	-0.1613396357	0.0793681366	0.0567150866	-0.0069936921	-0.0473640559	-0.002552194	-0.0209330717	0.0053990485	-0.0056754248	0.0059254932	0.0331926946	0.0326421354	0.0206539341	0.0116980615	-0.003064568	0.0495734573	0.0209153125	0.0588370678	-0.0325048873	-0.0452792439	0.0102709626	-0.0843361603	-0.0168080237	-0.010592045	0.0703184968	0.0514015887	-0.0141895162	-0.027996263	0.0611457478	0.0139791769	0.0610338986	0.0206948253	-0.0009888902	0.0200231808	-0.0085907752	-0.0261444209	0.0347877095	0.0192146165	0.0036213244	-0.0451899072	0.064690689	0.050462144	-0.0627762374	0.0894469572	0.025141621	-0.0329226808	0.0177876766	-0.0273005495	0.0765323211	0.0601375876	0.0318026969	-0.015877099	-0.0469832493	-0.0550635109	0.0323304385	-0.0213562612	0.0064866681	0.0079152715	0.0064694143	-0.0005884822	0.066599334	-0.0236978996	-0.016664978	0.0003583761	-0.0299233789	0.0303713107	0.0111208887	0.0154208118	0.0151879295	0.0906987038	0.0122392857	-0.0852485924	-0.0491550264	0.0670099801	-0.0807067251	-0.0204804255	-0.0376157247	0.0073556512	-0.0365932841	0.003570305	-0.046641482	-0.0329896909	-0.0175020004	0.0508118906	-0.0103586438	0.0262163325	-0.0844875502	-0.007633733	0.0028722297	-0.0330271549	0.0327463592	0.0581736375	0.0132163467	0.0217645404	-0.0633823581	0.0355432892	-0.0102279	-0.0472112436	-0.0003727358	-0.0610441633	0.0755494845	-0.0061812575	-0.0518625155	-0.0288509207	-0.0051317359	-0.0018044224	-0.0698694652	0.0489858139	-0.0210745205	-0.013793832	0.058868047	-0.0180386341	0.0087455347	-0.0828964371	-0.0159107113	0.0169448713	-0.0796613588	0.0277659596	-0.0302162351	-0.0688166576	0.051977606	0.0581180394	-0.0816082126	0.0096959881	-0.1023876646	0.0201348324	0.0199738916	0.0173485782	-0.0182325133	0.0600880294	-0.0111005292	0.005477715	-0.0024206546	-0.0196268572	-0.0221908668	0.027835863	0.1117935509	0.0569874828	-0.072064783	0.0550015417	0.0262127416	0.0179300303	-0.1066800145	0.073111544	-0.0247601796	-0.144109	-0.0592127999999999	0.0207674038809999	0.0035061556838399	-0.0713871	-0.0092569999999999	0.0050961180464099	8.569204899999989e-05	-0.778549	0.0410509999999999	0.6061385454010001	0.0016851846009999	-0.000517037	0.0003579679999999	1.2814108902399998e-07	2.67327259369e-07	-0.00276542	-0.00029788	8.873249440000021e-08	7.647547776400001e-06	-0.000128618	-0.000761353	1.6542589923999998e-08	5.796583906089999e-07	0.0	0.0	0.0	0.0	0.0	0.0	0.0	0.0	0.0	0.0	0.0	0.0	0.0	0.0	0.0	0.0	0.0	0.0	0.0
624.0084647297192	1.903353640549767	389386.5640543412	3.622755080994052	881.8212264361382	5.07369937908652	777608.6753933349	25.742425389342937	599.7399522920846	0.0750547379520867	359688.0103753119	0.0056332136890564	619.461200610508	617.9376314681242	0.934533	44.312912	0.1363970499999998	0.071572	-0.0356062669	0.0073084807	0.0933119275	0.0295362851	0.0973182217	-0.062153871	0.0397975032	-0.1006391932	-0.0169079892	-0.0097671741	0.0286059631	-0.083369625	-0.0877002875	0.0001834815	0.023452127	0.0574314351	0.030754537	0.0560534734	-0.050018292	0.0330608972	0.0305948319	-0.0048086582	0.0565707267	0.0217091992	0.0561252195	-0.0240909138	0.0128692849	0.0202890584	-0.0888724276	0.0038458654	0.0168728024	0.0249543542	-0.0002151039	-0.0198104613	0.0611089394	0.0195196812	0.0503795085	0.0031899556	0.0314594525	-0.017263482	-0.0114947984	-0.0319025884	-0.0170030437	0.0407130336	0.0240116068	0.0208100937	0.021747871	-0.0015525276	0.0531478218	0.0045719676	0.0067386312	0.0385499541	0.0220048156	-0.0024527053	-0.0143347316	-0.0171985545	0.0428713408	-0.0021851971	0.0355890265	7.95256e-05	-0.0330252412	-0.0226157428	-0.0025307918	-0.0038967317	-0.0089169399	-0.083011053	0.0875755794	-0.0016954793	-0.0374609101	-0.0083968596	-0.0009844758	0.0391341448	-0.0236571111	0.0262989737	0.0329863123	0.0155682648	0.0841791374	0.0345513912	-0.0483494385	-0.0403977406	-0.0060815242	-0.059718099	-0.0707444897	-0.0227404211	-0.0261820159	-0.0542740008	0.0709223068	0.0273689774	-0.0527375071	-0.0092093185	-0.0029649104	0.0059591707	-0.0170524709	-0.0066949657	-0.0351225287	0.0445003215	-0.0094445334	-0.0201472573	-0.0148534232	-0.0228397494	-0.0478912227	-0.0152135855	0.0193551603	0.0277404451	0.0107899609	0.0124850746	-0.0287515522	0.0127062908	-0.016553076	-0.0457245547	-0.0099384099	0.0169691148	0.0561697056	-0.0434711265	-0.0393584914	-0.0423798592	0.0423500516	0.0312834907	-0.0047350264	0.0278336063	-0.024740527	-0.0703511298	-0.01685017	-0.0610137313	0.0100274214	-0.0449091249	-0.0511694454	0.0412664854	0.0806950637	-0.0741779719	-0.0022788891	-0.0728674043	-0.0292730311	0.0105031309	-0.0525349199	-0.0464235331	0.012568507	0.0745704531	-0.0161310272	0.0421479237	0.0342977753	0.0747690496	0.0198614295	0.0537867909	0.0878859674	-0.0593317552	0.0715185752	0.0118480782	0.0350107116	-0.1078042307	0.077175083	-0.0324035386	-0.146447	-0.002338	0.021446723809	5.466244000000031e-06	-0.0625624	0.0088246999999999	0.00391405389376	7.787533008999984e-05	-0.8100039999999998	-0.0314549999999997	0.6561064800159997	0.0009894170249999	-0.00180251	-0.001285473	1.6524408337290002e-06	3.2490423001e-06	-0.00324303	-0.0004776099999999	2.2811131209999985e-07	1.05172435809e-05	-1.6114e-05	0.0001125039999999	2.5966099599999994e-10	1.2657150015999998e-08	0.0	0.0	0.0	0.0	0.0	0.0	0.0	0.0	0.0	0.0	0.0	0.0	0.0	0.0	0.0	0.0	0.0	0.0	0.0
623.9018406890484	-0.1066240406707947	389253.50681518274	0.0113686860489673	877.1233652279377	-4.697861208200493	769345.3978287822	22.069899931515	599.6844119118991	-0.0555403801854481	359621.3938901203	0.0030847338311441	618.9621557481506	617.9949539005756	0.876854	41.577946	0.1072536999999998	0.0531105	-0.0213825474	-0.0050053477	0.0561762253	-0.035876114	0.0913395341	-0.0322327904	-0.0006797372	-0.0224433102	-0.0438576452	0.019574481	-0.0078013664	-0.0949894701	0.0096457547	-0.0143030026	-0.0305612214	0.0351573904	-0.0377712046	0.0111642202	-0.1107594795	0.0319140022	0.0158827181	-0.0046689643	0.0503395733	0.0421060024	0.0319441062	-0.0252994752	-0.0186239813	0.0342091566	-0.0514424696	0.0170334823	-0.064057105	0.0195965287	0.0105777082	-0.034286697	0.0333242143	0.032405239	-0.0132464156	-0.022356871	0.0177608836	0.0365916236	0.0078936617	0.012248666	-0.0245334109	0.0477381961	-0.0157433032	0.0085819097	0.0238089239	0.0398185884	0.03839563	0.009570045	-0.0630297015	-0.018723411	0.0257492306	0.0059212397	-0.0637496235	0.0281059829	0.0519304364	0.0206525682	-0.0204786708	-0.0280842808	-0.0640659863	-0.0027399669	-0.0269051421	0.0133680076	-0.0026179464	0.0319236089	0.013293562	0.007020114	-0.0051758144	-0.0279069557	-0.0150575766	-0.0062176241	0.0268253666	0.0233597572	0.0169032198	0.0246646364	0.0829700847	0.0586862303	-0.0144397522	0.0017873747	-0.026491605	-0.0659128463	-0.0354709746	0.0388200209	-0.0005730752	-0.0526392292	0.0237100166	-0.0091714725	-0.0009133851	-0.0056594574	0.0266893131	-0.0186740108	0.0219747181	0.0110929998	-0.0379880453	0.019581891	-0.0081494908	-0.0567437412	-0.0085171996	0.001790089	-0.0238217019	0.0612524911	0.0369187654	0.0553719428	-0.0344987591	-0.0648216239	-0.0344348496	0.0088749199	0.0294633508	-0.0092632444	-0.0325450627	-0.0194611974	0.006519075	0.0013222875	0.0164652358	-0.0482502959	-0.007124207	-0.0043129063	0.003430309	0.0138152117	-0.0306820578	0.0008717492	-0.0201064341	-0.0468841081	0.0327505648	-0.0308506081	-0.0617277218	0.0572790234	0.0691743474	-0.0332470952	0.0066301186	-0.0411358205	-0.0157368078	0.0196318308	-0.0292770875	-0.0433494935	-0.0330598675	0.1178289	0.0126302301	0.0218352008	-0.004323119	0.0576685293	-0.0054920808	0.0594195342	0.0734431331	-0.0446216761	0.0478052597	0.0087150635	-0.0127094226	-0.1088756826	0.081087548	-0.039904206	-0.164721	-0.018274	0.027133007841	0.000333939076	-0.0727067	-0.0101442999999999	0.00528626422489	0.0001029068224899	-0.798031	0.0119729999999997	0.636853476961	0.0001433527289999	-0.000901075	0.000901435	8.125850592250001e-07	8.11936155625e-07	-0.00340786	-0.0001648299999999	2.7168928899999976e-08	1.16135097796e-05	-0.000287097	-0.000270983	8.2424687409e-08	7.3431786289e-08	0.0	0.0	0.0	0.0	0.0	0.0	0.0	0.0	0.0	0.0	0.0	0.0	0.0	0.0	0.0	0.0	0.0	0.0	0.0
624.483493435052	0.5816527460035559	389979.6335728466	0.338319916933477	877.7704359837969	0.6470707558592039	770480.9382871849	0.4187005630882014	600.4351449925663	0.7507330806671462	360522.36334224406	0.5636001584079838	620.0117393236139	615.8327390941627	0.868785	41.195351	0.11173345	0.0667094	-0.0211297522	-0.0089723931	0.0040539056	0.0279419366	0.043905172	0.0232771401	0.0250454708	0.031740552	-0.0755822042	-0.0379225537	-0.00022256	-0.1079854139	0.0003984056	0.0116892578	-0.0159655611	0.0065269823	-0.0363006601	-0.0204042332	-0.0225670983	0.0563866462	0.0227070624	-0.0027260462	0.0708632543	0.0072967564	0.0307542545	-0.0393648221	0.0404991802	0.033250732	-0.0467034594	-0.0119014325	-0.0278799091	-0.0140404443	0.0109423103	0.0130554509	-0.0177691424	0.0041520097	0.0033339126	0.086547847	-0.0367898204	-0.004399267	0.0503249508	-0.0557678326	-0.0049236054	0.0195902322	0.0357421298	-0.0113336992	0.0340192841	-0.061393037	0.0103504233	-0.0260321479	-0.0679429261	0.0910127196	-0.0112672454	0.0162418368	0.0007712766	0.0289339173	-0.0495384503	-0.0506109801	0.0020016157	0.0017251644	-0.0017156619	-0.0552774318	-0.0159179298	-0.0571687212	-0.0268504241	0.0419978477	0.0464912619	-0.0183017483	0.0052068504	-0.0114974958	0.0648407158	-0.0264474234	0.0179277568	0.0523713545	0.0277265599	0.0108125178	0.0780844705	-0.0062525347	0.0126161776	0.0279216914	-0.0658088728	-0.0208343026	-0.0645695266	-0.0044512328	-0.0186145135	0.0222818717	0.0104979894	-0.0207168108	-0.0017745633	0.0107304724	-0.0290774686	0.0217867801	0.021144332	-0.0694444695	0.0034087258	0.0712119589	-0.0356904229	0.0072361204	-0.0294833496	-0.0024922197	0.0007124187	0.0261012218	-0.0297017402	0.0061324367	0.0143149886	-0.02474327	-0.0447361842	-0.0088851778	-0.003594786	0.0139867801	0.0345689319	-0.0141546779	0.0922129206	0.1145360029	-0.0261359841	-0.0018681978	-0.0161389256	0.0037537485	0.0155889857	0.0309421017	-0.0113361405	-0.0107954246	-0.0272761731	0.0275814608	0.0282277861	-0.0268139293	-0.0427020849	0.066544562	0.0772497616	-0.0503206078	-0.024459456	-0.051172102	-0.05552936	-0.0273189686	-0.0708796679	-0.0512676009	-0.0528282324	0.0965470243	0.038793397	0.0417817935	-0.0186842074	0.126300975	-0.0203642895	-0.0191378813	-0.0096999967	-0.08287398	0.1053885192	-0.0115214815	-0.0048319502	-0.1098938456	0.0848412804	-0.0472291519	-0.15547	0.009251	0.0241709209	8.558100100000016e-05	-0.0601095	0.0125971999999999	0.00361315199025	0.0001586894478399	-0.763078	0.034953	0.5822880340840001	0.001221712209	-0.00180947	-0.000908395	8.251814760250002e-07	3.2741816809000004e-06	-0.00324303	0.0001648299999999	2.7168928899999976e-08	1.05172435809e-05	-0.000261677	2.542000000000001e-05	6.8474852329e-08	6.461764000000004e-10	0.0	0.0	0.0	0.0	0.0	0.0	0.0	0.0	0.0	0.0	0.0	0.0	0.0	0.0	0.0	0.0	0.0	0.0	0.0
624.0857374209884	-0.3977560140635887	389483.0076522989	0.1582098467237538	869.3894689002633	-8.38096708353362	755838.0486346819	70.24060925527402	599.7846118440766	-0.6505331484896715	359741.5806049496	0.4231933772838849	619.1042420765822	612.2768061914865	0.858058	40.686691	0.0808846	0.0404251	-0.017832271	-0.0123927885	-0.0418318589	0.0227389234	0.0203781955	0.0257999167	-0.0362815223	0.0522393924	-0.0693100508	0.0434930242	-0.0191578361	-0.0802104419	0.0668662765	-0.0139887469	-0.072803662	0.0303220182	0.0125757254	-0.0316574281	0.0258753577	0.0352133139	0.0205262959	0.0023550463	0.0540441875	0.0347555774	0.0451251313	-0.0735537929	0.0480619265	0.0549733141	0.006189123	0.0232316735	-0.008013816	0.0302374793	0.0198657717	0.0320190532	-0.0175693257	-0.0244166911	0.0080337553	0.0409742019	-0.0316034041	0.0018105184	0.0387099482	0.0088028197	-0.0208454208	0.0081457704	-0.0476168145	0.0086968687	-0.0509534906	0.0283300509	0.0461883041	-0.0300337685	0.0137562688	-0.0057761812	-0.0634403182	-0.0053750544	0.0155967625	0.0314001098	0.035523923	-0.0291534946	0.0133996328	-0.0134977657	-0.0457975335	0.0020887157	-0.0463571353	-0.0741019421	-0.0373779694	0.0180869332	0.0271754959	0.0044296858	0.0951817637	-0.0074568363	0.0101097778	-0.0034076144	0.0582308684	0.0318487366	0.0215301561	0.0043237157	0.0750561215	-0.0128644514	-0.0068961022	0.1102752726	-0.048254864	-0.0299048478	-0.0050212293	-0.0006901149	0.0212056097	-0.014696476	-0.0069146443	-0.0439488388	-0.0285854214	0.0580736988	-0.0319941982	0.003704704	0.0330586253	-0.051825524	0.0286560374	-0.0174506301	-0.0497758089	-0.0020653746	-0.0110999961	0.0081405383	0.0347865337	0.0239767537	0.0329387872	-0.02685174	-0.0616384389	-0.0198460454	0.0168791319	0.0072851838	-0.0483603717	-0.0012214505	-0.0182908787	-0.0124154671	0.0433930303	0.0473313733	0.0392085961	-0.0572390189	-0.0424505198	0.0108096898	0.0492822432	0.0260814506	-0.0307506565	-0.0738508611	0.013518592	-0.0127031415	0.0477042931	-0.0164860109	-0.0680840522	0.0743041066	0.0706071051	-0.0514091272	-0.013403595	-0.0189578677	-0.0512915427	-0.0604571595	-0.0190715124	0.0053475316	0.0036356214	0.0530462397	0.039927614	0.0115435313	-0.0116737519	0.1492975298	-0.0585988075	-0.0365343634	0.0150849104	-0.0611255633	0.1291199688	0.019430904	-0.0414253698	-0.1108582214	0.0884289321	-0.0543461203	-0.178097	-0.022627	0.031718541409	0.000511981129	-0.0435894	0.0165201	0.00190003579236	0.00027291370401	-0.763112	-3.399999999997849e-05	0.582339924544	1.1559999999985375e-09	-0.00147376	0.00033571	1.1270120410000008e-07	2.1719685376e-06	-0.00291351	0.00032952	1.0858343040000016e-07	8.4885405201e-06	-0.000430517	-0.00016884	1.85344887289e-07	2.8506945600000004e-08	0.0	0.0	0.0	0.0	0.0	0.0	0.0	0.0	0.0	0.0	0.0	0.0	0.0	0.0	0.0	0.0	0.0	0.0	0.0
624.8157657085494	0.7300282875610264	390394.7410779609	0.5329413006392847	872.891920503656	3.5024516033927284	761940.304880561	12.267167234108294	600.021767945528	0.2371561014514327	360026.1220084771	0.0562430164556422	619.425228730114	608.935056892388	0.909364	43.119453	0.0684844	0.043985	-0.0210784502	-0.0188990146	-0.0980251907	0.1077722955	-0.0496167499	0.0368988661	-0.0323468284	-0.0102243384	-0.0025249086	0.054049424	-0.06334745	-0.0994276039	0.0538563815	0.0116595281	0.0298592597	-0.0018017203	0.0465491533	0.0297006178	0.1107867103	0.0436599992	0.0054919684	-0.0053733231	0.0880991465	0.0155046513	0.0305971574	-0.0380181573	0.0379896848	-0.001521017	-0.0421651118	-0.0029485368	0.059099209	0.0138877946	-0.0002816912	0.0459933073	0.0562130451	0.007568238	0.0386271826	0.041716094	-0.0184446884	-0.0462188409	-0.0237526026	-0.0235556723	0.0248190689	-0.0509862108	-0.0106324979	0.007889673	0.0012695466	0.0304120812	-0.0766118166	-0.0266070105	0.0073533028	0.0385229405	-0.0473053143	0.012184913	-0.0005113303	0.02239668	0.0169277695	0.0490573346	0.0337414191	0.0459039681	0.0077189794	0.0164395633	-0.0530517432	0.0091743868	-0.0479078546	0.0160465041	0.0067527659	-0.0211185105	-0.0023949857	0.0131423892	0.0137635163	-0.0029976915	0.058258813	0.0429980709	0.0151929196	-0.0012150343	0.0728500881	-0.0747112061	-0.0092222242	0.0874608919	0.0275703793	0.0015967805	-0.0323577148	-0.0534879162	0.0286431234	-0.0060089521	0.0421388586	0.0331323862	0.0012082154	0.0608406649	-0.0537342755	0.0355125503	-0.043003563	-0.0500889005	0.0485483572	-0.0148150219	-0.0114474249	0.0443268652	0.0447622219	0.0123767846	0.0307144464	-0.0519480974	-0.0353996502	-0.0141856336	-0.0526599462	0.0088166679	0.0609079453	-0.0127530754	0.0260671053	0.0088787807	0.0208257314	-0.107744454	-0.0319544909	0.0194313319	-0.0207612395	-0.0373051213	0.0091392577	-0.0164476892	0.0298147441	0.0162598249	0.0238800039	-0.0573695249	-0.046284132	-0.0035711619	0.0456699377	-0.0143694929	-0.0589047208	0.0864163008	0.0623015589	-0.0345096934	-0.0348510982	-0.04548035	-0.0342868819	-0.0127661077	0.0090528065	-0.0409534777	0.020876973	-0.018177774	0.0440085131	-0.0084788802	-0.0615341936	0.0533757475	-0.0691296029	0.0207028505	-0.064283033	-0.0600481115	0.1124774986	0.0146280113	-0.0107907858	-0.111768338	0.0918434799	-0.0612237711	-0.175953	0.002144	0.030959458209	4.59673600000003e-06	-0.0611409	-0.0175514999999999	0.00373820965281	0.0003080551522499	-0.7629559999999999	0.0001560000000001	0.5821018579359998	2.4336000000048675e-08	-0.000691057	0.0007827029999999	6.126239862089999e-07	4.77559777249e-07	-0.00305928	-0.00014577	2.1248892900000104e-08	9.3591941184e-06	-0.000474702	-4.4185000000000025e-05	2.25341988804e-07	1.952314225000002e-09	0.0	0.0	0.0	0.0	0.0	0.0	0.0	0.0	0.0	0.0	0.0	0.0	0.0	0.0	0.0	0.0	0.0	0.0	0.0
624.8085054798005	-0.0072602287489189	390385.66851990187	5.2710921486629394e-05	870.7343095360001	-2.1576109676559554	758178.2378031348	4.655285087749268	599.7953699206647	-0.2263980248633288	359754.48577826703	0.0512560656620164	619.030154038242	610.8884222538155	0.936098	44.387138	0.1069999	0.062108	-0.0198924147	-0.0288526789	-0.0656024817	0.0653175037	-0.019243764	0.0437929165	0.0464902302	-0.0774716771	0.0478551468	0.0745485098	-0.0501475671	-0.027358829	0.0698297703	-0.0010130394	-0.0622241676	0.0718242062	-0.0066885632	-0.061198266	-0.0339637378	0.0241254081	0.0018551899	0.0023735432	0.1096368797	0.0214822393	0.0708273698	-0.0424685672	-0.0564486853	-0.0163477934	0.0090717828	0.0296874712	0.0154747035	0.0830057601	0.0040500921	-0.0125718865	-0.0353637984	0.0003907836	0.052498744	-0.0279555156	-0.0118794085	0.0493503772	0.025006736	-0.0007685041	0.0141595113	0.0233582312	-0.0022447614	0.0150115545	0.011701194	-0.0104926347	-0.0245291531	-0.0508207543	0.0896968281	0.0322350746	-0.0051976186	-0.0814949775	-0.0182886416	0.0218468976	0.0629439409	0.006631693	-0.0392623782	-0.0724212411	0.0712801189	-0.0586945825	0.0279827781	-0.0229678013	0.0142661728	0.0135803363	-0.0190606819	-0.0267279061	-0.0338706502	0.0251511875	0.0480640756	-0.0072992952	0.0620474192	0.023290773	0.008473469	-0.0015109082	0.1084933494	-0.0607841556	-0.0473320113	0.0233989362	0.0920407114	-0.0204820136	0.0264958659	-0.0195740233	0.0163444373	-0.0228854221	0.0323446494	-0.0793656855	0.0258330757	0.0132546485	0.0505369692	0.0320164955	0.010994826	0.0303496073	0.0063062514	0.0002787897	-0.0141670317	0.0167100238	-0.0066768436	0.0329993952	0.0280226065	-0.0228708887	-0.0421246059	0.0072588903	-0.0164251601	0.0318638738	-0.0336992044	-0.0303185453	0.017719125	0.0026551054	-0.0345161781	0.0141582613	0.0713034501	-0.0211417645	0.0585046739	-0.0292405884	-0.0963068117	0.0123493288	-0.0073373548	-0.0298059659	0.0381827674	-0.0193712232	-0.0366927404	0.0019402951	-0.0218519205	-0.0076314951	-0.0714932719	0.0939362662	0.0648494526	-0.0488159759	-0.024639155	-0.0657338592	-0.0604524671	-0.0130928536	-0.0257455292	-0.0162389002	0.0748866984	-0.0592353498	0.0088465372	0.0044101045	0.0462438139	0.0518190226	-0.0190003535	0.041833173	-0.0230038513	-0.0450567896	0.1171920508	0.0490914349	0.0048981913	-0.11262375	0.0950782398	-0.067831818	-0.164	0.0119529999999999	0.026896	0.0001428742089999	-0.0677137	-0.0065728	0.00458514516769	4.320169984000005e-05	-0.7449559999999998	0.018	0.5549594419359998	0.000324	-0.00168101	-0.000989953	9.80006942209e-07	2.8257946201e-06	-0.00276084	0.00029844	8.906643360000004e-08	7.6222375056e-06	-0.000595791	-0.000121089	3.54966915681e-07	1.4662545921000001e-08	0.0	0.0	0.0	0.0	0.0	0.0	0.0	0.0	0.0	0.0	0.0	0.0	0.0	0.0	0.0	0.0	0.0	0.0	0.0
625.8601136304795	1.0516081506790442	391700.8818335568	1.1058797025745994	882.0551688879729	11.320859351972786	778021.3209619903	128.16185646714968	600.0906315961048	0.2952616754400878	360108.766129412	0.0871794569836877	619.291405017851	624.622395500979	0.951546	45.11964	0.1393654499999999	0.105977	-0.0085917576	-0.0578951151	0.0542611293	0.043637292	0.0784841727	-0.0149474963	0.0809512381	-0.1380677143	0.0341950122	0.0280811835	-0.0662894997	-0.0366994576	-0.0324741533	-0.0551687082	0.0157356356	-0.0207624266	0.0941351292	-0.0027825763	0.0951676738	0.0366772359	-0.0135394417	0.0096042262	0.1131847307	0.037083447	0.065054968	0.0058685355	-0.0365374517	-0.0140296078	-0.0308695478	-0.0424977373	0.0106169689	0.0214673665	0.0158209413	0.0375080797	0.0004411481	0.0476641049	-0.0039681207	0.0322421532	0.0073888833	0.014676922	0.0286906945	0.0143554273	0.027258402	0.0187887427	0.0523665811	-0.0392562639	-0.0724917611	0.0091613144	-0.030438288	-0.0037175974	-0.0065557665	-0.0518601241	-0.0981359511	-0.0274328213	0.0148933245	0.0090095057	-0.010417495	-0.0112538588	-0.0697646851	0.061269306	0.0061787555	-0.027146229	0.0192213803	-0.0034972227	0.0197148106	-0.0607794804	-0.0794543642	-0.0344856113	-0.0773093823	0.0503945474	0.0430029734	0.0157372052	-0.0047932765	0.0390944617	-0.0121620381	0.005219584	0.1395040263	0.0008458655	-0.0520757153	-0.0501684581	0.0598194255	-0.0237316506	-0.0209372703	-0.0292802354	-0.0170651524	0.0291464005	0.0073425304	-0.002644423	-0.0202460998	0.0075925959	0.0135132235	-0.0470178895	-0.0172078432	-0.0827456801	-0.0021579716	-0.0691955441	-0.0128822622	0.0292302396	0.0120150555	-0.0349348135	-0.0168727096	-0.0528280758	0.0149816343	0.0268365715	0.0230692752	0.0024667651	0.0799180405	-0.0553581996	-0.0370220473	-0.0066767549	0.0217996535	-0.0446473343	-0.0410517658	-0.0373832382	0.0357584146	-0.0447426986	0.0506904033	0.0439131743	-0.0084273917	-0.0629653377	-0.0669283097	-0.0126326428	-0.0664735166	0.0141272009	0.0028487011	0.0130061757	-0.0623806318	0.1143837266	0.0342998183	-0.0183427969	0.0155856719	-0.0521915844	0.0058564062	0.054862907	0.0147410536	-0.0241222481	0.0573305703	-0.0153542392	0.0332597162	0.0144541582	0.0582158774	-0.0421670409	0.0003477118	0.1189447391	0.0230117909	-0.0176904789	-0.0230860551	0.0304765647	-0.0314038715	-0.1134240387	0.0981268796	-0.0741411618	-0.175936	-0.011936	0.030953476096	0.000142468096	-0.0708453	-0.0031315999999999	0.00501905653209	9.806918559999989e-06	-0.738106	0.0068499999999998	0.5448004672360001	4.692249999999727e-05	0.000344888	0.002025898	4.104262706404e-06	1.1894773254400001e-07	-0.00246031	0.00030053	9.031828090000015e-08	6.053125296099999e-06	-0.00061832	-2.2528999999999974e-05	3.823196224e-07	5.075558409999987e-10	0.0	0.0	0.0	0.0	0.0	0.0	0.0	0.0	0.0	0.0	0.0	0.0	0.0	0.0	0.0	0.0	0.0	0.0	0.0
625.4084395809192	-0.4516740495603244	391135.7162990402	0.2040094470462224	880.3239406447212	-1.7312282432516213	774970.2404722506	2.997151230232095	599.9579497006771	-0.1326818954277087	359949.54140904016	0.0176044853742894	619.7732982589135	628.1756129917853	0.946294	44.870594	0.0925117	0.0566613	0.0005631456	-0.0626884628	0.0737573807	-0.0200699704	0.1196031637	-0.0022163623	0.0751491608	-0.0616078544	-0.0258129355	0.0456837048	-0.0360712852	-0.0479009419	0.009753016	0.0155648955	-0.0450207522	0.0690301039	-0.0682783486	-0.0308661856	-0.090201866	0.0282702059	-0.0256935163	0.0081876782	0.0985451587	0.0445463241	0.0850345042	-0.0123452787	-0.0340019177	0.0227749587	-0.0457466535	-0.0371083996	-0.0160330639	0.0439975275	0.0257283997	0.0041146483	0.0431190416	-0.0241410077	0.0592741435	0.0085960274	-0.0201155155	-0.0348969883	-0.0207126349	0.0231615711	-0.0154344202	-0.0281723991	-0.0486824469	-0.0354765812	-0.0136438297	-0.0037167351	0.0075186287	0.0539776876	0.0101257189	0.0022315058	0.0572417129	-0.0372262371	0.0017633479	-0.0251011072	-0.0025982239	0.0051218357	-0.0011843827	-0.0221975807	-0.0600277392	0.0171212932	0.0257835991	-0.0257111233	-0.0440343267	0.0153628183	0.0419306566	0.0629337472	0.0250638585	-0.040866027	-0.0110279455	0.02015189	-0.033058285	0.0341799591	-0.0269478663	0.0102302979	0.1426159471	0.0399435038	-0.0400307105	-0.0171892036	-0.015413704	-0.0510909353	-0.0339375817	0.0380608327	-0.0313810012	-0.0349073702	0.0033204852	-0.0262240773	-0.0236026734	-0.0068661107	0.0011021865	0.0579994526	-0.0144827936	0.0115642285	0.0157682352	0.010781448	0.0352404505	-0.027469616	-0.0279120787	0.0370603662	0.0132968229	0.0195665423	0.0185682092	0.0007291196	0.0055358748	-0.0308666171	0.0139683598	0.0439347077	-0.0563000616	0.0321869957	0.0020461808	0.0873345036	0.0296253199	0.0399556966	0.005860159	-0.0482164065	0.0453800611	0.0092139619	-0.0427412207	-0.013483751	0.0043683023	0.0187780474	-0.0219889038	0.0021685619	-0.0502565603	0.0184922071	-0.0769675108	0.1192078607	0.0431609305	-0.0306264509	-0.001702304	-0.0400465979	-0.0460445705	0.0171017105	-0.0367764174	-0.0362140871	-0.0235733117	0.0592538287	0.0514389866	0.0361524563	0.0915887205	0.0598407071	-0.0054877329	0.0946736287	-0.0080642166	-0.0453879392	-0.0160851653	-0.0157018362	0.0672498134	-0.1141688124	0.1009834314	-0.080124019	-0.167321	0.008615	0.027996317041	7.42182250000002e-05	-0.0911672	-0.0203219	0.00831145835584	0.00041297961961	-0.720829	0.0172769999999999	0.5195944472410001	0.0002984947289999	-0.000503371	-0.000848259	7.19543331081e-07	2.53382363641e-07	-0.00247825	-1.7940000000000143e-05	3.2184360000000507e-10	6.1417230625e-06	-0.000678077	-5.975700000000002e-05	4.597884179290001e-07	3.570899049000002e-09	0.0	0.0	0.0	0.0	0.0	0.0	0.0	0.0	0.0	0.0	0.0	0.0	0.0	0.0	0.0	0.0	0.0	0.0	0.0
625.9132140948425	0.5047745139232802	391767.35157853615	0.2547973099064838	878.7577164102793	-1.566224234441961	772215.1241506088	2.453058352553307	600.1130888449218	0.1551391442446856	360135.719402993	0.0240681540769733	619.7046735798644	624.7779472987442	0.920622	43.653282	0.05937975	0.0295929	0.0087077792	-0.069969532	-0.0304617026	0.0287332915	0.0495770329	0.0328554822	0.0039673856	0.030611714	-0.0685007967	0.0226128706	-0.0086695131	-0.1513593928	0.0100293952	0.0114422056	0.0082753718	-0.0606161405	-0.0096175682	-0.0622826144	0.0352338254	0.0454158843	-0.0166620168	0.0015960215	0.0928292101	0.0290577085	0.0472898296	-0.0245932577	0.0439870608	0.0081283999	-0.004339184	0.0637416647	-0.0094260521	0.0047616287	0.0199718517	-0.0350097497	-0.0455812177	0.0058834101	0.0269921894	0.0641898425	0.0074583391	0.0432874079	0.0995015992	-0.0177428681	0.049028206	-0.0156802748	-0.0484335648	-0.0334906164	-0.0100447412	0.0041523782	-0.0331724194	-0.0171648834	-0.0078458996	-0.0110856186	0.0604072669	-0.0340905445	-0.0156948494	-0.0043229815	0.0330591419	-0.1202148081	0.0072640305	0.0247733726	0.015116493	-0.020427293	0.0185448019	-0.0900507761	-0.0242811532	0.0562231583	0.0204325068	-0.0075051188	-0.0328092144	0.0186774198	-0.0154508692	0.0119544511	0.065031805	0.0490772817	-0.0139951196	0.0077753935	0.1138302555	-0.014198868	0.0088564691	0.0646752146	-0.0571022423	0.0073395454	-0.0277796474	0.0009885257	0.0451066547	-0.0003625191	0.0249079557	0.0147371715	0.0060433106	-0.0160717274	-0.0115220769	0.0097935123	0.0597713361	-0.0497420634	0.0309923641	0.0212481002	-0.067922424	0.0390354394	-0.0310917019	0.0094522646	0.0285310199	0.1213798671	0.0306222149	0.037554421	-0.0141174136	-0.042566723	-0.0037776879	-0.0713388791	-0.0122833771	-0.0109814727	0.024509721	0.0507615453	0.0726374436	0.0331219576	0.0078894358	-0.0255320386	-0.0154053125	0.0540258864	0.0131353722	-0.0299455329	-0.0002351927	-0.0184447412	0.0195740046	-0.0205711599	0.0275404583	0.0197589013	-0.0455380696	0.1285342544	0.0356853046	-0.0324953896	-0.0150832126	-0.0335835105	-0.0664328024	-0.0243593204	0.0087022589	0.0018570109	-0.0348402723	0.0380974407	0.0973810985	-0.0095649	0.0048494349	0.0802087223	0.0009553796	-0.0074521238	-0.0081021637	-0.0797370932	0.0110023044	6.63663e-05	-0.0091630112	-0.1148577065	0.1036423034	-0.0857540434	-0.167836	-0.000515	0.028168922896	2.652250000000159e-07	-0.0700281	0.0211391	0.0049039347896099	0.00044686154881	-0.703964	0.016865	0.495565313296	0.000284428225	-0.000287019	0.0002163519999999	4.6808187903999984e-08	8.2379906361e-08	-0.00243937	3.887999999999982e-05	1.5116543999999855e-09	5.950525996900001e-06	-0.000516096	0.000161981	2.66355081216e-07	2.6237844361000022e-08	0.0	0.0	0.0	0.0	0.0	0.0	0.0	0.0	0.0	0.0	0.0	0.0	0.0	0.0	0.0	0.0	0.0	0.0	0.0
626.5902545955723	0.677040500729845	392615.34715414414	0.4583838396285192	871.9407709315618	-6.816945478717457	760280.7080127264	46.47074565980638	600.2200023456663	0.1069135007445538	360264.0512158317	0.0114304966414557	619.446562342417	622.7441213836564	0.923881	43.807823	0.0985913499999999	0.063832	0.0110754562	-0.076036341	-0.0922722543	0.0586636305	-0.0202033005	0.063072237	-0.0026134199	-0.0323366027	0.0049856113	0.0725992994	-0.077399738	-0.0755117486	0.0355946143	0.033798125	-0.0095021918	0.0061546705	0.0175030364	0.0105082498	0.0764265232	0.0303562676	-0.027633361	-0.0007139156	0.1014902884	0.0427255317	0.0510612126	-0.0075748669	-0.0173263798	-0.0197965499	0.0427640567	0.0005518537	0.001545623	0.0483532161	0.0136436649	0.0008613168	0.0209903215	-0.0136550174	0.0228890548	0.0155088603	-0.0514512746	0.0310999289	0.0564759227	0.02894078	0.0449398549	-0.0675750894	-0.0388423846	0.0163204485	-0.0204040281	-0.0092264896	-0.0345749678	-0.015890875	0.0244506974	0.0577662282	0.0284474514	0.0064155142	0.0040138398	-0.0021503269	0.0010429074	0.0412299079	-0.0277806407	0.0098968063	0.0309907026	0.0005423511	0.0700486628	-0.0479349183	0.0385273645	-0.0229335863	-0.0069434019	0.0510328528	0.0067608518	-0.0437328015	0.0667692788	0.0045080068	-0.0041565476	0.0346097381	-0.0262043288	-0.0006480298	0.1140511071	-0.057440921	-0.0171042213	0.0696257383	0.0681981915	0.0131119516	0.0258671241	0.0259876886	0.0240917762	-0.0155440638	0.0258438703	-0.0058753173	0.0225646879	0.0544486135	0.0307514847	0.0408164435	-0.0051798711	-0.0391454346	0.045907848	-0.0651533308	-0.0159857068	0.0322137242	0.0281455632	0.0166246695	0.0281588262	0.0144815248	-0.0418686002	-0.0494715408	-0.0093626077	-0.0144571315	0.0428698418	0.03320482	0.0114094911	-0.0040276416	0.0097653981	0.0422037444	0.0483272643	0.0008481078	-0.0201634413	0.0119335847	0.0370493687	-0.0068724941	0.0050771113	-0.0609523018	0.0557120035	0.0252222482	-0.0413511879	-0.0336457054	0.0591639577	0.0255675322	-0.0541125519	0.135106293	0.0214653381	-0.0061958118	-0.0190497064	-0.0525611118	-0.0630793244	0.002663341	0.0699623073	-0.0295744385	0.0333499612	-0.0499667474	0.0733390222	-0.0469411458	-0.0325224549	0.0116884206	-0.0051003862	0.0004163925	-0.0846322327	0.0225320791	0.0300408336	0.0267969263	0.024917308	-0.115490384	0.1060982907	-0.0910064429	-0.162226	0.00561	0.026317275076	3.147210000000004e-05	-0.0828449	-0.0128168	0.00686327745601	0.00016427036224	-0.7206	-0.0166359999999999	0.51926436	0.0002767564959999	0.000799026	0.001086045	1.1794937420249998e-06	6.38442548676e-07	-0.00252427	-8.489999999999973e-05	7.208009999999954e-09	6.3719390329e-06	-0.00041647	9.962599999999996e-05	1.734472609e-07	9.925339875999992e-09	0.0	0.0	0.0	0.0	0.0	0.0	0.0	0.0	0.0	0.0	0.0	0.0	0.0	0.0	0.0	0.0	0.0	0.0	0.0
627.4576756192715	0.8674210236991939	393703.1346935389	0.7524192323553576	882.2780209064285	10.337249974866722	778414.5061745644	106.85873704288204	600.8986802340188	0.6786778883524676	361079.2239069856	0.4606036761385644	620.5167933613665	629.1703940244282	0.926934	43.952572	0.0922000499999999	0.0393733	0.0161479177	-0.1002791146	-0.0400618605	0.0714188376	0.0024326579	0.0805247382	0.1024577299	-0.1417104358	0.0507562037	0.0261221714	-0.0733088082	-0.0361954802	0.0311854345	-0.0421909649	-0.0043511115	-0.0796695908	-0.0189132359	0.0044293559	0.0490316629	0.0617747825	-0.0215521662	0.0152256716	0.1214465638	0.017684638	0.0621706443	0.0325033209	-0.0514567045	-0.0235808157	0.0060585649	-0.0241834043	0.0456654539	-0.0051700906	0.0037605806	0.0149466991	0.0201485781	0.0260575654	0.0011980098	0.0168967607	0.0081413891	0.0214801622	-0.030750411	-0.0563990977	0.06107708	-0.0409737342	0.0520111269	-0.0367567153	-0.0207997416	-0.0223004738	-0.0442153601	0.0867929942	0.0310829121	0.0297127137	0.0109010422	-0.0247338247	-0.0453657885	0.0404493525	0.0794006668	0.0080247758	0.0236889676	0.0278357766	-0.0134716232	0.0596394503	0.0096927503	-0.0701452845	0.0125066234	0.0482332521	-0.0601563754	0.0689553661	-0.0638931925	0.0147151156	-0.0150413756	0.0390794751	-0.027487797	0.0649052077	-0.0215577261	-0.0165436691	0.1354988634	-0.0648127877	-0.0368154057	-0.0358538473	0.0911384845	0.0303446241	0.0410139105	-0.0467900529	-0.0105180006	0.0236408307	0.020253968	0.0215752363	0.005064531	0.0478307701	0.0138035204	0.0113293229	-0.0252342401	-0.0260852676	0.0083852484	0.0059928664	0.0104725871	0.0609443277	0.0479623009	-0.0359774129	0.0022474846	-0.0505098972	0.0163783556	0.069636503	0.0047002852	-0.0410831402	-0.0238029276	-0.0093112171	0.0184196878	0.078596172	-0.0838891925	-0.0143729221	-0.0200725418	-0.0208928837	0.006131801	-0.0136967799	-0.012866352	-0.0012720498	-0.0740595851	-0.0714567195	0.0481117477	0.0001241714	0.0122537314	-0.0056900556	0.072268514	0.0391905357	-0.0481770685	0.1462672201	0.0172537006	-0.0101568184	0.0036226507	-0.0505996234	-0.0263712256	0.0200067956	0.0497620852	-0.0552756073	0.0597155368	-0.1058842123	0.0514984249	-0.0334531871	0.0679327009	-0.0853903149	0.0440755227	0.0431436915	-0.0513611261	0.0051621841	-0.0125811553	0.0240279435	0.0274770518	-0.116066535	0.1083465856	-0.0958580879	-0.169286	-0.0070599999999999	0.028657749796	4.984359999999976e-05	-0.0674146	0.0154302999999999	0.00454472829316	0.0002380941580899	-0.703744	0.0168559999999999	0.495255617536	0.0002841247359999	0.00125692	0.0004578939999999	2.0966691523599998e-07	1.5798478863999998e-06	-0.00221539	0.00030888	9.540685440000006e-08	4.907952852099999e-06	-0.000706771	-0.000290301	4.99525246441e-07	8.427467060100001e-08	0.0	0.0	0.0	0.0	0.0	0.0	0.0	0.0	0.0	0.0	0.0	0.0	0.0	0.0	0.0	0.0	0.0	0.0	0.0
626.6743172935163	-0.7833583257552164	392720.6999552948	0.6136502665300156	878.8301326895555	-3.447888216873025	772342.4021231418	11.887933156051847	600.3145368191374	-0.584143414881396	360377.54311637545	0.3412235291492987	620.1195484006989	636.6143573377939	0.970485	46.017647	0.04418255	0.0226299	0.0229275948	-0.105265686	0.0630359643	-0.0292163362	0.0993916754	0.0348422969	0.1126404697	-0.0963046095	0.0008095788	0.0445000518	-0.0737984914	-0.0024266862	0.0478347644	-0.0066277395	-0.1071364554	0.0678788295	-0.0177999166	-0.0521609773	-0.0890627424	0.0344551066	-0.0438970418	-0.0029305777	0.1216420808	0.0693735861	0.0427617612	0.0336799202	-0.0688133935	0.0494482582	0.0143199508	-0.0006712561	-0.0270138514	-0.0006379838	-0.0012988678	0.0150866062	0.0342125161	0.0184952858	0.0654710159	-0.0389717188	0.0275090139	-0.0205060523	-0.0733153214	0.0528669644	-0.0100096739	0.0448817521	0.0228776951	-0.0013235216	0.0165095273	-0.0619549461	-0.0533636799	-0.0011684177	-0.0666232115	-0.0147554104	0.0360539563	0.0205097137	0.0139484375	-0.0083928453	-0.014234507	-0.0033259582	0.0070189412	0.0370990163	0.0097163085	-0.0439194663	-0.001009545	-0.026923908	-0.0246685028	-0.0242266827	0.025521184	0.0264000949	0.049084733	-0.0006092838	0.0170050262	0.0062273625	0.0374986812	0.0423042265	-0.0416351985	0.0163189885	0.1540078031	0.0282402548	-0.005069915	-0.0415688363	0.0298807434	-0.0191036159	0.0487566425	0.0546936204	-0.0035527393	-0.0019882657	0.0195837723	-0.0377492116	-0.050853847	-0.015291396	0.0015706837	0.0265785009	-0.0143406643	0.0380695858	-0.0500394227	-0.0438055621	0.0299267546	-0.031769869	-0.001259169	0.0073952476	-0.0220165802	-0.0324474562	0.0197504843	0.0056642858	0.0115472438	-0.0305196706	-0.0041266481	-0.061164862	-0.004936091	0.0374786707	0.0293398363	0.0026972345	0.0040784213	0.0811715679	-0.0246338699	-0.003060212	-0.0107984975	-0.0451849378	-0.0499265747	0.00769556	0.0625976328	0.0115266276	-0.0462793354	-0.0215634438	0.0140211015	0.0509721988	-0.0507587411	0.1496593571	0.04523236	0.0196886081	0.0353334773	-0.0125665967	-0.0578413783	0.0222179889	0.0351572222	-0.0574196242	-0.0002504616	0.000225391	0.0871692707	-0.0013065787	0.0405624077	-0.0411977197	0.0061011747	0.0958485981	0.0106210982	0.0636704196	-0.1086813938	-0.0165242994	0.0187159862	-0.1165858777	0.110382787	-0.100287614	-0.171317	-0.002031	0.029349514489	4.124961000000021e-06	-0.0586134	0.0088012	0.00343553065956	7.746112144000003e-05	-0.688254	0.01549	0.473693568516	0.0002399401	0.00106903	-0.00018789	3.5302652100000005e-08	1.1428251408999998e-06	-0.00211288	0.0001025099999999	1.0508300099999932e-08	4.464261894400001e-06	-0.000639964	6.6807e-05	4.095539212960001e-07	4.463175249e-09	0.0	0.0	0.0	0.0	0.0	0.0	0.0	0.0	0.0	0.0	0.0	0.0	0.0	0.0	0.0	0.0	0.0	0.0	0.0
627.5000001758608	0.8256828823444948	393756.2502207053	0.6817522221967129	880.444892061015	1.6147593714595132	775183.2079563324	2.607447827716322	600.215831938563	-0.0987048805743597	360259.04490970133	0.0097426534491986	620.2639999322488	634.9700304528369	0.965844	45.797615	0.25806755	0.12655	0.0491407273	-0.117915941	0.0415320058	0.0126157468	0.0941158319	0.0705002559	0.0770784612	0.0268252195	-0.0310621796	0.0167189531	0.0095684487	-0.1229366511	-0.0100644147	-0.000102903	0.0176978796	-0.0069623298	0.0191134397	-0.1387891153	-0.0218052301	0.0456650055	-0.0665805801	0.0251501126	0.1120000472	0.0536834654	0.116749699	0.0528956423	0.0505284643	0.0255513541	-0.0382953705	-0.012585313	-0.0118917812	-0.0582008782	0.0348497393	6.52668e-05	0.0003317496	0.0200000391	-0.0313638554	-0.0092863672	-0.0003478041	-0.0303346879	0.0175259756	-0.0232762599	0.0231172483	-0.0262283731	-0.0092215673	0.0108793244	0.1109348217	0.0477711969	0.0250531202	0.021997155	-0.0174429558	-0.0096810455	0.0372088562	0.0554265465	0.0152787516	-0.102477816	0.0200416877	-0.032789409	0.0422535971	0.0242417284	-0.0297560388	0.0403788394	0.048539345	-0.0022465613	0.0151184021	-0.0040448171	0.0490939998	0.0176761351	0.0045636403	0.0159258778	-0.1062752482	0.0462668448	-0.0520523136	0.0637477602	-0.0611679811	-0.0063771194	0.1485108296	0.0295295564	-0.0403473675	-0.0027257723	-0.0869179172	0.0627851722	-0.039134455	-0.0264621461	-0.0030801493	0.0085167652	-0.0244488144	0.0669900136	-0.0280353889	0.0158478966	0.0002647859	-0.0160232631	0.0052683457	0.0367011737	0.027835122	0.0456186106	0.029821347	0.0182489861	-0.0343156353	-0.0028581005	-0.0070371928	0.1296337776	-0.0481412563	0.0298505875	-0.0265838292	-0.0239650218	-0.0051654763	0.0103197836	-0.0723198293	-0.0559980479	-0.0212225414	0.0009342524	0.0052119319	-0.0219679239	-0.0070836874	-0.0012876891	0.0286046528	-0.0043771803	-0.0361456213	0.0211755506	0.0819540317	0.0476880987	0.0960415416	-0.023726244	-0.0176604117	0.0821440063	-0.0528476516	0.1454479959	-0.0580588648	-0.0160363017	0.061967513	0.0505367858	0.0244148748	-0.0338921942	0.006799572	-0.0602559755	-0.1202840364	-0.0489650057	0.0822026169	-0.011353751	0.107321122	-0.030100836	0.0275765143	0.0180494945	-0.0335338341	0.0895733611	-0.1687832388	-0.0725797722	-0.021921985	-0.1170481578	0.1122029089	-0.1042755153	-0.225229	-0.053912	0.050728102441	0.002906503744	-0.0929789	-0.0343655	0.00864507584521	0.00118098759025	-0.65978	0.028474	0.4353096484	0.0008107686759999	0.00314366	0.00207463	4.3040896369000006e-06	9.8825981956e-06	-0.00168509	0.00042779	1.8300428410000014e-07	2.8395283081e-06	-0.000963865	-0.0003239009999999	9.29035738225e-07	1.0491185780099997e-07	0.0	0.0	0.0	0.0	0.0	0.0	0.0	0.0	0.0	0.0	0.0	0.0	0.0	0.0	0.0	0.0	0.0	0.0	0.0
626.6370734204589	-0.8629267554018725	392674.0217849576	0.744642585188403	875.7146096904278	-4.730282370587247	766876.0776252582	22.375571305488503	599.4792341773684	-0.7365977611946164	359375.3522098841	0.5425762617969211	618.8776998029542	641.8846642063821	0.959926	45.516968	0.22404725	0.105963	0.0738432965	-0.134798875	0.0567727585	-0.0828695259	0.1064149176	0.0850452276	-0.0014082561	-0.0197841598	-0.1296339296	0.0369324365	-0.0515775596	-0.0503019426	0.0417839059	0.0167872711	-0.1211174231	-0.0662417756	-0.0905926706	-0.0392223061	-0.0102561042	0.0090103242	-0.1007511505	0.0046652022	0.135086115	0.0856602413	0.0449826493	0.000914612	-0.0510735489	0.0607659441	0.0973573833	0.0184085721	-0.0602389113	-0.008923556	0.0293067914	-0.0006863406	-0.0141987976	-0.019845987	0.0964414295	0.0024740048	-0.0492571863	0.0888318314	-0.0126295013	-0.015775926	0.0248142498	0.0257764593	0.0018183142	-0.0822136706	-0.0096084278	-0.0013282591	-0.0364631728	0.0302363903	0.0462195804	-0.0013425614	0.1203928414	0.0360751326	0.0740635864	-0.0780214748	0.0125235368	-0.0478587381	-0.0484841353	0.0086238322	-0.0045014894	-0.0390442013	0.0494584651	-0.0122719372	-0.013840822	0.0368926115	0.0271941814	0.0770177867	0.014470851	-0.0649216951	-0.0257146131	0.0355592126	-0.152299742	0.0291580476	-0.1020998822	-0.0003840506	0.1518477686	0.0147968535	0.0071338773	0.0559776978	-0.0301380372	-0.0283053324	0.0913974169	0.1309729499	0.0287648254	0.0299930723	-0.0043257548	-0.0606828105	0.031100345	-0.0109906386	0.0138718832	0.1300465043	0.0048757801	-0.0215177084	-0.0280651701	-0.0376272714	-0.0092806189	0.0106133882	-0.0226825222	0.0553215128	-0.0420764733	0.0580283709	-0.0242811173	0.0075703528	0.0534321591	-0.0372737822	-0.0583046649	-0.0385089397	-0.0820883422	0.0318634502	0.1061315928	0.1146695798	-0.0050315803	-0.0077210425	-0.020700908	0.0498064422	-0.0619178908	-0.037724944	-0.0632396033	-0.068631384	0.0128624943	0.0735058095	0.0337544769	-0.0074265825	-0.0536727362	0.1165681063	-0.0557112922	0.1380064925	0.0340243525	0.0909389293	0.0834911947	0.0977578995	-0.0477852374	-0.0478050515	0.1103071753	0.0097757158	-0.0833410981	-0.0530021187	0.1505601047	0.0192193319	0.0382784664	-0.0657936585	-0.0802607393	0.0743764341	-0.0492478344	0.2232594054	-0.2704517556	-0.095812959	-0.0615632653	-0.117453149	0.1138033884	-0.1078042307	-0.24436	-0.0191309999999999	0.0597118096	0.0003659951609999	-0.0483148	0.0446641	0.0023343198990399	0.00199488182881	-0.583313	0.076467	0.340254055969	0.005847202089	0.00357391	0.00043025	1.851150625000001e-07	1.27728326881e-05	-0.000642532	0.0010425579999999	1.0869271833639997e-06	4.1284737102400003e-07	-0.00116676	-0.000202895	1.3613288976e-06	4.116638102500001e-08	0.0	0.0	0.0	0.0	0.0	0.0	0.0	0.0	0.0	0.0	0.0	0.0	0.0	0.0	0.0	0.0	0.0	0.0	0.0
615.7413878775916	-10.89568554286734	379137.4567454227	118.71596344904836	859.5972731512189	-16.11733653920885	738907.4720090113	259.7685371181167	592.2436156227802	-7.2356185545882	350752.50024594343	52.35417586750104	611.4516481800492	616.5619546034757	1.641054	77.814125	1.29810835	0.712762	0.0187886064	-0.0564259508	-0.0496803422	-0.0238886009	-0.1953677982	0.0098823964	0.1782939733	0.0636513909	-0.0233845217	0.0047772723	0.2260558857	-0.0852189582	-0.0917869135	-0.0903522944	0.1370402703	-0.1272696083	0.1479061815	0.0178356714	0.091687718	-0.1689361623	-0.0158130508	0.355493627	-0.05938454	-0.0021205857	-0.0235608265	0.0555967633	0.0612073778	-0.1888486587	0.0691654143	-0.0053687111	0.0011581581	-0.1960700755	-0.0273790221	0.0142549628	0.0897007198	-0.0317735554	-0.0655475544	0.0266194664	0.1217442772	-0.0918126576	0.0376796187	0.1146527254	0.0391202114	-0.0186922479	-0.0139076975	0.0489995684	0.1053253979	0.0822324596	0.0856378347	0.0156310622	-0.0373904428	0.0205796565	-0.1331510881	0.0867617287	-0.0121879019	-0.0863427158	-0.2095068218	0.1015677995	0.0223169425	-0.0318401108	0.0766394248	0.1145042005	0.0494130297	0.0733015535	0.0792311551	-0.0432744154	-0.0739595609	-0.0382807532	-0.0413824019	-0.0501053194	-0.0456328064	-0.0992128536	0.0109341873	-0.148616211	-0.041234995	-0.3627581532	-0.0424775547	0.050299934	0.0301126945	0.0220961446	-0.0086460644	0.1559282005	-0.1143606022	0.0034438575	-0.0139716061	0.1086665695	-0.0104482857	0.2073511957	-0.0905200881	-0.0730791301	-0.0178586023	-0.1705695691	-0.1059990386	0.0525448985	-0.0341502452	-0.0989706793	-0.0324215094	0.0412499693	-0.0444589551	-0.052502346	-0.02581898	0.0979176236	-0.1005353814	-0.0283041757	0.0797288535	0.1958747401	0.113800262	0.1339062832	0.0650098225	-0.0394260059	-0.0603357341	-0.0350014573	-0.077607935	0.0062278785	0.0466782743	0.1499636328	0.0475074472	-0.0045028273	-0.0159512665	0.066427184	-0.0203609007	0.0723455383	0.0399622023	-0.055131609	0.026785131	0.0376925924	0.083329588	-0.0112756393	-0.2342997501	0.3011441521	-0.0085987392	-0.2143980642	0.2405874679	0.0392436376	-0.1077867639	0.1174014015	0.130352701	0.0146905867	0.0513361632	0.0260116011	-0.1026473366	-0.064675591	0.1203507817	-0.3605738241	0.1821742787	-0.029064447	0.1746966285	0.0599895267	0.0017723522	-0.1178006533	0.1151810923	-0.1108582214	-0.117987	0.126373	0.0139209321689999	0.015970135129	-0.303239	-0.2549242	0.0919538911209999	0.06498634774564	-1.1203	-0.5369870000000001	1.25507209	0.2883550381690001	0.0085501399999999	0.0049762299999999	2.476286501289901e-05	7.31048940195983e-05	-0.00278254	-0.002140008	4.579634240064001e-06	7.7425288516e-06	-0.000686515	0.000480245	4.7130284522500005e-07	2.30635260025e-07	0.0	0.0	0.0	0.0	0.0	0.0	0.0	0.0	0.0	0.0	0.0	0.0	0.0	0.0	0.0	0.0	1.0	0.0	0.0
615.3054435032979	-0.4359443742937401	378600.78880479006	0.1900474974783605	848.800948791186	-10.79632436003294	720463.0506688176	116.56061968704068	589.6345428419061	-2.6090727808741576	347668.89411238354	6.80726077589841	607.7707371485207	614.91337445203	1.735715	82.30271899999998	0.3724022999999999	0.218057	-0.0148670858	-0.0458941427	0.0446458187	-0.3106508607	-0.014559726	-0.1124197011	0.0480759234	0.1108560544	0.3016658839	0.0868082621	-0.1133567353	0.0290717172	0.1050602827	0.213391637	0.0433607384	0.0016141928	0.2607691522	0.1730515177	0.0869282936	-0.2199479594	0.0037746539	-0.1849072682	-0.0947370032	0.225256088	-0.1294325901	0.0921870785	-0.0352416362	-0.2534776862	0.0415128978	-0.0598478887	-0.0491070348	-0.0659200532	-0.0805240168	-0.0182560466	0.0320822769	0.0317229478	-0.1613006204	0.0050922707	0.0164934032	-0.0225473827	0.0795349564	-0.0023903308	-0.1111335925	-0.050439872	0.1233768963	0.0243717647	-0.0730228643	-0.0250411818	0.0539148769	0.0041795371	0.0240426761	-0.0021009159	-0.0788912359	0.0191230462	0.0332034512	-0.0152877838	-0.0320918185	-0.0136836874	-0.0137491507	-0.0877156644	0.0084055975	0.1418151096	-0.1346213026	0.11195774	-0.0159495269	0.0342544061	0.0148443954	-0.0294262198	0.0020566059	0.1201031085	0.0364356186	0.0676287632	0.0621314344	-0.2324606751	-0.0570128952	0.2085194145	-0.0521101163	0.2132253835	0.0877366695	0.0316678773	0.2427155074	0.1963690259	-0.0692343035	-0.0154343092	-0.1100256277	0.0754701031	0.0291703278	0.0806164301	0.0709616978	0.0338162058	0.0096691532	-0.2236836781	0.0001709073	-0.0103813946	0.1344128374	0.0507287152	-0.0471633359	-0.0620817239	-0.0335697179	-0.0707697811	-0.1130467806	-0.1115766931	0.0175354917	-0.0429912089	-0.0803830135	-0.0312057254	-0.0199005563	0.0753008019	0.0352499756	-0.0160260978	-0.1263888359	-0.0447373294	-0.1636839474	0.0125358422	0.0111137129	0.080700835	-0.0849184726	0.1696377555	0.0509067671	0.1036178556	-0.0213573294	-0.0800976573	0.0413061272	0.0208490058	-0.1137469981	-0.0042929753	0.1003203355	-0.0498839782	-0.4045526222	-0.1716644134	-0.094737099	0.045348044	0.0185175085	0.3653909151	-0.1225671426	0.1339270109	0.1564088577	-0.000782622	0.0814361479	0.0559729693	0.0882863204	-0.1079222873	0.1210618771	-0.2383172817	0.0958663366	-0.0273987937	0.075310135	-0.0459051378	-0.0729747651	-0.1180905004	0.1163333239	-0.1134240387	-0.0964004	0.0215865999999999	0.0092930371201599	0.0004659812995599	-0.372024	-0.068785	0.138401856576	0.004731376225	-1.15607	-0.0357699999999998	1.3364978448999998	0.0012794928999999	0.00480305	-0.0037470899999999	1.4040683468099258e-05	2.30692893025e-05	-0.00281954	-3.700000000000014e-05	1.3690000000000103e-09	7.9498058116e-06	0.000454609	0.0011411239999999	2.0666934288100006e-07	1.3021639833759995e-06	0.0	0.0	0.0	0.0	0.0	0.0	0.0	0.0	0.0	0.0	0.0	0.0	0.0	0.0	0.0	0.0	0.0	1.0	0.0
620.0923737757014	4.786930272403538	384514.5520147842	22.91470143285341	866.0919391373197	17.290990346133754	750115.2470386428	298.97834715009066	594.210628263408	4.576085421501944	353086.2707411941	20.94055778488262	613.2673314420539	621.2511018177165	1.555971	73.779739	0.5978505	0.356637	-0.0094093608	-0.0658586182	-0.0189507263	-0.1138364515	-0.0357875012	-0.0033278477	-0.0569170877	-0.0122624659	-0.0609385074	-0.1206856651	-0.1148330779	-0.0173128532	-0.2645761912	0.1846586506	-0.1934535932	-0.0148795371	-0.09353788	-0.0077535683	-0.0635444174	-0.1319232486	0.0011316355	-0.0067580438	0.0247080315	-0.0449091033	-0.0077125189	0.0477906182	-0.1443191145	0.0694820202	0.1802117198	-0.0150858851	-0.198071774	-0.0386972352	-0.0585988193	-0.030701476	-0.08217723	-0.0926291881	-0.0418285609	-0.0342931492	-0.0433489885	0.0037938882	-0.1158711052	-0.0606181512	-0.0024613842	0.0116474106	0.0086396226	0.0212665622	-0.0883909127	-0.055832269	0.0210709452	-0.0499908077	-0.0040238759	-0.1678532703	0.010617318	0.0130780876	0.0881159687	0.1175228117	-0.0133330197	-0.0015632822	0.0087729331	-0.0340993233	-0.0536088303	0.0189698759	-0.047162768	0.0181462177	-0.1174137585	-0.0998336453	-0.0188986317	-0.0188896469	0.0280671341	-0.0225789281	0.085166034	-0.0027518298	-0.0763044036	-0.1364782844	-0.022428727	0.0270378293	0.0139536586	-0.051295316	0.0476349604	-0.0627690016	-0.0478243893	-0.0166166549	0.08266986	0.3266547579	0.0230757807	0.0182740633	-0.1792056178	-0.0815913563	0.1280673992	-0.000999601	-0.0177073672	-0.0170967906	0.0257314779	0.0458547334	-0.0481242624	0.0516212791	0.0133417357	-0.0080055205	0.0342953699	-0.0670327592	0.0514839369	-0.0998002589	0.1339552487	-0.1074884774	0.052270794	-0.0339187076	0.0027135476	-0.0097462123	-0.0563047059	0.0553717647	-0.002302716	-0.0048797655	-0.1082405149	-0.0491708457	-0.0342458448	-0.0263656391	-0.0141662722	0.0432787276	0.0507701559	0.0298740184	-0.0780128349	-0.0683542153	-0.0717739017	0.0915546162	0.0050548527	-0.0165647215	0.0820130022	0.025566439	-0.1273480115	0.0410165645	0.0195491833	0.1937373727	-0.0499963651	0.0344255721	0.2496497964	0.1260781049	0.1383921784	0.2206034818	-0.0454142044	-0.0688174621	-0.2433625393	-0.1114571899	0.213581095	-0.0345303167	-0.0819472608	0.0495293753	-0.1081630467	-0.1662667631	-0.0118691091	-0.1183225485	0.1172578276	-0.115490384	-0.128984	-0.0325835999999999	0.0166368722559999	0.0010616909889599	-0.054772	0.317252	0.002999971984	0.100648831504	-1.02054	0.1355299999999999	1.0415018916	0.0183683808999999	0.00487484	7.17900000000004e-05	5.153804100000057e-09	2.37640650256e-05	-0.00433887	-0.0015193299999999	2.3083636488999992e-06	1.88257928769e-05	-0.000203969	-0.000658578	4.1603352961e-08	4.337249820840001e-07	0.0	0.0	0.0	0.0	0.0	0.0	0.0	0.0	0.0	0.0	0.0	0.0	0.0	0.0	0.0	0.0	0.0	0.0	1.0
628.1484993396116	8.0561255639102	394570.537222606	64.90115910148744	875.869837115109	9.77789797778928	767147.9715680477	95.60728886405568	602.0202585042241	7.809630240816091	362428.3916494928	60.9903244982692	621.7621637725456	616.7723858417834	1.245195	59.043629	0.49904615	0.212607	-0.0409459139	-0.043971908	-0.0719183101	0.1467977642	-0.0193769971	0.0533309362	0.1069814449	0.2096969499	-0.026824163	-0.173207972	-0.0394786748	0.0378459403	0.0109715635	-0.1382000956	-0.0470411275	0.0442843764	-0.0363124452	0.1594541811	0.1123688858	0.0992334605	0.0637877884	0.0503168675	-0.0402886103	0.0011523448	-0.0358208618	0.1046927587	0.0329226289	-0.0392777072	0.024016433	-0.0132535266	-0.000971412	-0.1409506365	-0.0163065505	0.0372751478	-0.0761236004	-0.062516181	-0.1462920522	-0.0495230338	0.0016240229	-0.0641429786	-0.1086447241	-0.0426997753	0.0115776913	-0.0459215166	-0.0271956376	0.0564451524	0.0543943323	0.0532517893	-0.0053659184	-0.0056909797	-0.0807839016	-0.0121681262	-0.0510603621	-0.0228376513	-0.0460271151	0.0336831454	-0.0463490661	-0.0278344504	-0.0251481065	0.0675188872	0.0374751004	-0.0098288024	-0.0266227585	0.0116820692	-0.0349181413	-0.0299138429	-0.0989063703	-0.1156151376	0.0383705205	0.0741776801	-0.0277955691	0.041330096	-0.0272958911	0.0904940542	0.0827173456	-0.0533727382	-0.050707733	0.004782782	0.0731082167	-0.0416790909	-0.0770036962	0.1479199199	0.0040771007	0.0178080666	0.0633332762	0.0864607737	-0.2082797183	0.0955671009	0.0780398988	-0.0305975931	-0.1009624389	-0.0327703749	-0.0420085196	0.0628594367	-0.0453670643	-0.0012556838	0.119671205	0.0013766976	0.007175522	-0.0415023178	0.0425321558	0.0038825662	0.0032804012	-0.0243472897	-0.0064219432	0.1065691908	0.0239137496	-0.0150344204	0.0857178875	0.0169044405	0.0828989227	-0.1064705223	0.0296851586	-0.0321397131	-0.0096352292	-0.0150822504	0.0441037882	-0.0504759464	0.0454428512	0.0276940676	-0.0420628232	-0.0695620691	-0.0380575213	0.1398392499	-0.0139923859	-0.0363034578	0.0488150318	-0.004416533	-0.0302039802	0.1734273851	0.0766402848	0.2502814956	0.1052213901	-0.0412411558	0.0448605046	-0.051195036	-0.0542057553	0.0320168136	-0.2571481402	-0.0144481673	-0.0857689096	0.0691901175	0.008300718	-0.056655322	-0.0064359418	-0.0949716153	0.0344847962	0.0584085429	-0.0298787496	-0.118496684	0.1179527935	-0.1170481578	-0.217606	-0.088622	0.0473523712359999	0.007853858884	0.0725091	0.1272811	0.00525756958281	0.01620047841721	-1.10833	-0.08779	1.2283953889	0.0077070841	0.00332637	-0.00154847	2.3977593409000005e-06	1.10647373769e-05	-0.00503718	-0.0006983099999999	4.876368560999996e-07	2.53731823524e-05	-0.00186425	-0.001660281	3.4754280625e-06	2.756532998961e-06	0.0	0.0	0.0	0.0	0.0	0.0	0.0	0.0	0.0	0.0	0.0	0.0	0.0	0.0	0.0	0.0	0.0	0.0	0.0
623.1706604892229	-4.977838850388707	388341.6720945743	24.778879620439167	879.8957803595662	4.025943244457153	774216.5842945699	16.208219007590188	600.8885831276132	-1.1316753766109289	361067.0893331105	1.2806891580274873	620.7843342217958	622.1974360359942	1.032272	48.947399	0.2233251399999999	0.107453	-0.0489675429	-0.0209749831	0.0484631122	-0.0251311708	0.0540537048	-0.02108308	-0.0269550488	0.1276826239	-0.07200775	-0.0791184712	-0.0558764956	0.0972108757	0.1122003517	-0.1295785938	-0.0746193633	-0.1596044213	0.0549926258	0.0140226647	-0.0014654152	0.0599463486	0.0439269542	-0.0242190476	-0.068470107	0.0687584248	0.0040472447	0.0035852554	-0.0449174447	0.0808389933	0.0907533509	0.0410995778	-0.0378779906	-0.1320066525	0.0280029336	0.0280179419	-0.0612677393	-0.0606982891	-0.0466659598	-0.1061228299	0.0896951438	0.0165088547	-0.055116675	0.010267898	0.0421760933	0.0607092907	-0.0640632127	-0.0131225457	-0.0581298877	0.0399285327	0.0337380077	0.033390913	-0.034055326	-0.0133742827	0.0041118843	-0.0165433722	0.0386000708	-0.0348538224	-0.0188487899	0.0145651688	0.0465487187	0.0322813409	0.0212078343	0.0047048817	-0.0603881303	0.065503599	0.0509113154	0.0225487179	-0.0347744574	-0.1174777305	0.0466360946	0.0476587095	-0.0701441905	-0.0962296964	-0.0329201365	0.0457195811	0.0575428425	0.0293487631	-0.0510699275	0.0707538422	0.0110881716	0.0277795957	-0.0541507461	0.0265375357	0.1271274517	0.0939009095	0.0436352155	0.070231693	-0.1265622942	0.0726737256	0.0097460023	-0.0152067728	0.0162542658	-0.0361810989	0.0216929703	0.1080394433	-0.0938718108	-0.0091242924	0.0585606075	0.01108344	-0.0240720976	0.0286849738	-0.0062052906	-0.0150009405	0.0611077645	0.1113920423	0.0657251142	0.0490667186	0.0016902953	0.0079349711	0.0758813917	-0.0508522663	0.0872350777	-0.0420493994	-0.0202977588	-0.0271891239	-0.0548793807	0.0494735099	-0.0272309432	-0.040480497	0.0304181048	0.0141729521	0.0223751603	-0.0178963305	0.0589961737	0.0558511326	-0.0819062681	-0.0257860298	-0.021191372	-0.0137740961	-0.0233728124	0.1582195139	0.1091927027	0.2746502119	0.1300368685	-0.0288375891	4.11037e-05	0.0414515343	-0.1181230081	0.0332580092	-0.2873589102	-0.0067195609	0.0830516529	-0.0090648274	-0.1533599322	-0.0448683241	-0.0190022916	-0.0144346162	-0.027796081	0.0644072039	0.0106539502	-0.1186128217	0.1184168613	-0.1180905004	-0.263215	-0.0456089999999999	0.0692821362249999	0.0020801808809999	0.00217596	-0.07033314	4.734801921599999e-06	0.0049467505822596	-1.07515	0.0331799999999999	1.1559475225000002	0.0011009123999999	0.00287157	-0.0004548	2.0684304e-07	8.2459142649e-06	-0.00459445	0.0004427299999999	1.9600985289999973e-07	2.11089708025e-05	-0.00245078	-0.00058653	6.0063226084000006e-06	3.4401744090000005e-07	0.0	0.0	0.0	0.0	0.0	0.0	0.0	0.0	0.0	0.0	0.0	0.0	0.0	0.0	0.0	0.0	0.0	0.0	0.0
618.7995889895201	-4.3710714997027935	382912.931333599	19.106266055514027	879.654689022104	-0.2410913374621941	773792.3719185744	0.0581250329993095	599.6620490873939	-1.226534040219235	359594.57311569207	1.5043857518165202	619.9211286520612	610.836943668916	0.903929	42.861778	0.1719669599999999	0.0787260999999999	-0.0572546816	0.01171261	0.0888769073	0.0094179778	0.0521719977	-0.0761549718	-0.0053216206	0.0809083503	-0.0800717168	-0.0429799833	0.046264227	0.0370543232	0.1353764848	-0.0878109835	-0.0319812051	-0.1902682162	-0.0011766449	-0.0831912081	0.0192819296	0.0483479186	0.0474595661	0.0204227137	-0.0672758568	0.0631077332	0.0328539866	0.014362258	0.0341016557	0.0585154817	0.0080038941	0.0119585211	0.030648639	-0.0854563939	-0.0288160458	0.0456888761	-0.0668037807	-0.0402717204	-0.0460030008	-0.0489779839	0.04447739	0.015491431	0.0135442458	-0.0007894017	0.0017561659	0.0333898566	-0.0426911149	0.022879016	0.003033455	0.0401593357	-0.0252033326	-0.0082450137	-0.0062295834	-0.0310075529	-0.0314710376	-0.05167692	-0.0008965417	-0.0509705858	-0.0579512798	-0.0333046863	0.0709047757	0.0768496723	-0.0221681303	-0.0099001509	-0.0024037252	0.0143488911	0.0372589511	0.0435261586	0.000768517	-0.0488778069	-0.0118959283	0.0077302482	-0.0583309564	-0.0623334524	-0.0237192454	0.0405583218	0.0610276122	-0.0121251156	-0.0370418116	0.0884802462	-0.032248374	0.03532881	-0.0910768852	0.0428613928	0.0735202251	-0.0421717696	0.0203035774	0.08684023	-0.0306280512	0.0493156192	0.0167790934	0.0058416921	-0.0084204242	-0.0710124981	0.0234173336	0.0770372233	-0.0563451304	0.0237657196	0.0119026172	0.0017510692	-0.0274810171	0.0150460353	0.0428630384	0.0087256858	0.0126887292	0.1008573122	0.0428031264	0.0452916824	0.077994972	-0.045824109	0.0302184989	-0.0842307448	0.0246052863	0.000421235	-0.0265803639	0.0014774148	-0.0502927449	-0.0007358384	0.0127416838	-0.026236385	0.0037302338	0.0094838503	-0.0001652486	0.0323174952	0.067456228	0.0001264336	-0.0078547407	-0.017634782	-0.0544216608	-0.0224295467	-0.050242255	0.1277101328	0.1058258695	0.2325818709	0.1790984616	-0.0320300493	-0.0069374705	0.0779145745	-0.1627404156	-0.0222014645	-0.2638719726	0.021306633	0.0807101112	-0.0587737587	-0.2175595314	-0.0313052073	-0.0212629239	0.0156209795	-0.0059980352	0.0268515019	0.0397566756	-0.1186709048	0.1186491225	-0.1186128217	-0.306863	-0.043648	0.094164900769	0.001905147904	-0.046035	-0.04821096	0.002119221225	0.0023242966641215	-1.05323	0.0219199999999999	1.1092934329000002	0.0004804863999999	0.00338013	0.0005085599999999	2.586332735999999e-07	1.14252788169e-05	-0.00441165	0.0001828	3.341584000000012e-08	1.94626557225e-05	-0.00292318	-0.0004724	8.5449813124e-06	2.2316176e-07	0.0	0.0	0.0	0.0	0.0	0.0	0.0	0.0	0.0	0.0	0.0	0.0	0.0	0.0	0.0	0.0	0.0	0.0	0.0
