global_signal	global_signal_derivative1	global_signal_power2	global_signal_derivative1_power2	csf	csf_derivative1	csf_power2	csf_derivative1_power2	white_matter	white_matter_derivative1	white_matter_power2	white_matter_derivative1_power2	csf_wm	tcompcor	std_dvars	dvars	framewise_displacement	rmsd	t_comp_cor_00	t_comp_cor_01	t_comp_cor_02	t_comp_cor_03	t_comp_cor_04	t_comp_cor_05	t_comp_cor_06	t_comp_cor_07	t_comp_cor_08	c_comp_cor_00	c_comp_cor_01	c_comp_cor_02	c_comp_cor_03	c_comp_cor_04	c_comp_cor_05	c_comp_cor_06	c_comp_cor_07	c_comp_cor_08	c_comp_cor_09	c_comp_cor_10	c_comp_cor_11	c_comp_cor_12	c_comp_cor_13	c_comp_cor_14	c_comp_cor_15	c_comp_cor_16	c_comp_cor_17	c_comp_cor_18	c_comp_cor_19	c_comp_cor_20	c_comp_cor_21	c_comp_cor_22	c_comp_cor_23	c_comp_cor_24	w_comp_cor_00	w_comp_cor_01	w_comp_cor_02	w_comp_cor_03	w_comp_cor_04	w_comp_cor_05	w_comp_cor_06	w_comp_cor_07	w_comp_cor_08	w_comp_cor_09	w_comp_cor_10	w_comp_cor_11	w_comp_cor_12	w_comp_cor_13	w_comp_cor_14	w_comp_cor_15	w_comp_cor_16	w_comp_cor_17	w_comp_cor_18	w_comp_cor_19	w_comp_cor_20	w_comp_cor_21	w_comp_cor_22	w_comp_cor_23	w_comp_cor_24	w_comp_cor_25	w_comp_cor_26	w_comp_cor_27	w_comp_cor_28	w_comp_cor_29	w_comp_cor_30	w_comp_cor_31	w_comp_cor_32	w_comp_cor_33	w_comp_cor_34	w_comp_cor_35	w_comp_cor_36	w_comp_cor_37	w_comp_cor_38	w_comp_cor_39	w_comp_cor_40	w_comp_cor_41	w_comp_cor_42	w_comp_cor_43	w_comp_cor_44	w_comp_cor_45	w_comp_cor_46	w_comp_cor_47	w_comp_cor_48	w_comp_cor_49	w_comp_cor_50	w_comp_cor_51	w_comp_cor_52	w_comp_cor_53	w_comp_cor_54	w_comp_cor_55	w_comp_cor_56	w_comp_cor_57	w_comp_cor_58	a_comp_cor_00	a_comp_cor_01	a_comp_cor_02	a_comp_cor_03	a_comp_cor_04	a_comp_cor_05	a_comp_cor_06	a_comp_cor_07	a_comp_cor_08	a_comp_cor_09	a_comp_cor_10	a_comp_cor_11	a_comp_cor_12	a_comp_cor_13	a_comp_cor_14	a_comp_cor_15	a_comp_cor_16	a_comp_cor_17	a_comp_cor_18	a_comp_cor_19	a_comp_cor_20	a_comp_cor_21	a_comp_cor_22	a_comp_cor_23	a_comp_cor_24	a_comp_cor_25	a_comp_cor_26	a_comp_cor_27	a_comp_cor_28	a_comp_cor_29	a_comp_cor_30	a_comp_cor_31	a_comp_cor_32	a_comp_cor_33	a_comp_cor_34	a_comp_cor_35	a_comp_cor_36	a_comp_cor_37	a_comp_cor_38	a_comp_cor_39	a_comp_cor_40	a_comp_cor_41	a_comp_cor_42	a_comp_cor_43	a_comp_cor_44	a_comp_cor_45	a_comp_cor_46	a_comp_cor_47	a_comp_cor_48	a_comp_cor_49	a_comp_cor_50	a_comp_cor_51	a_comp_cor_52	a_comp_cor_53	a_comp_cor_54	a_comp_cor_55	a_comp_cor_56	a_comp_cor_57	edge_comp_00	edge_comp_01	edge_comp_02	edge_comp_03	edge_comp_04	edge_comp_05	edge_comp_06	edge_comp_07	edge_comp_08	edge_comp_09	edge_comp_10	edge_comp_11	edge_comp_12	edge_comp_13	edge_comp_14	edge_comp_15	edge_comp_16	edge_comp_17	edge_comp_18	edge_comp_19	edge_comp_20	edge_comp_21	edge_comp_22	edge_comp_23	cosine00	cosine01	cosine02	trans_x	trans_x_derivative1	trans_x_derivative1_power2	trans_x_power2	trans_y	trans_y_derivative1	trans_y_power2	trans_y_derivative1_power2	trans_z	trans_z_derivative1	trans_z_power2	trans_z_derivative1_power2	rot_x	rot_x_derivative1	rot_x_derivative1_power2	rot_x_power2	rot_y	rot_y_derivative1	rot_y_power2	rot_y_derivative1_power2	rot_z	rot_z_derivative1	rot_z_derivative1_power2	rot_z_power2	motion_outlier00	motion_outlier01	motion_outlier02	motion_outlier03	motion_outlier04	motion_outlier05
628.4443218926315	n/a	394942.2657190894	n/a	890.568728960882	n/a	793112.6610030009	n/a	600.7425177920063	n/a	360891.572683079	n/a	621.649353874282	692.3949385974523	n/a	n/a	n/a	n/a	0.1084200471	-0.0093212531	0.1610786821	-0.0510116204	0.0441533419	-0.0183471618	0.1200746207	-0.0373145371	0.0296986452	0.1224929006	-0.0736916556	0.0466962118	-0.0205627001	0.0243488175	-0.008294833	-0.1787568263	0.0439107046	-0.0126234013	0.0773610225	-0.1634536379	0.005271234	-0.0186333165	0.0109274276	-0.1328869607	0.0069210709	-0.1322997446	0.019098802	-0.0260119979	0.0935166023	-0.0235524462	0.1936694946	-0.0934262873	0.1218960413	-0.2162321932	0.0365764894	-0.0241663556	0.1410691002	-0.1149539589	0.0429053798	-0.0461409097	0.0382688979	-0.0443114584	0.0129580238	-0.1329136734	0.1297751159	-0.0279028876	0.0445454045	-0.0221697051	0.1309658873	-0.0676773742	0.0495505902	-0.0961826265	0.0690928739	-0.1815282793	0.1458325074	-0.0943837821	0.0105194671	0.0167609723	0.0041097996	-0.0082017678	-0.0098350493	-0.0060580521	-0.0320748433	-0.0297137306	0.0850414463	-0.1623345985	-0.0030689009	-0.0403654803	0.0280468464	0.1167710609	0.0440247479	-0.1445391754	-0.0318952092	0.1452135066	0.125169567	-0.0086905599	-0.0759861707	-0.0347475343	-0.0423505826	-0.0346914361	0.1764022684	-0.0240604405	-0.0334235768	-0.0109366121	-0.0200723253	-0.0415159914	-0.0582347088	0.0993883786	0.0733213051	0.0994758133	0.0340581322	-0.1761804076	-0.1110111033	0.030573492	-0.1503919575	0.0021092942	-0.0548540376	0.0667779258	0.0005472781	-0.1077026303	0.0045179469	-0.1047073985	0.170535313	-0.0981198947	0.0490305863	-0.005664757	0.0104710753	-0.0079612521	0.0062255857	-0.0789579623	0.0969698573	-0.0513920934	0.0448352696	-0.0684166197	0.1358057796	-0.106116425	-0.1127761747	0.0176923541	0.2042132119	-0.0798292603	-0.002836053	0.0715885778	0.0455924591	0.0158301859	-0.045146108	-0.0346672839	-0.0954005662	-0.0515548053	0.1019442721	0.1233800058	-0.1298469038	0.0606217224	0.0434953961	0.0660064831	0.0875907856	-0.1104092368	-0.0215751963	0.1670329713	0.010863556	0.0219313463	0.201453365	-0.0024609937	-0.0594252862	-0.1716369567	-0.0335784114	0.1784091085	0.1037877299	-0.0498517344	-0.0803301549	-0.0558271423	-0.0742472016	-0.0464220802	0.011566392	-0.1070466393	0.089295099	-0.0622580907	0.0557034353	-0.2159787719	0.1204238784	-0.1511931173	0.23952997	-0.09385739	0.0742186587	-0.0997420737	0.0729695574	-0.0266757299	0.0901759942	-0.0796229554	0.1690480928	-0.0433852738	0.0734290305	-0.0005479602	0.0794017913	-0.05869163	0.0042522377	0.1186709048	0.1186491225	0.1186128217	-0.000108551	n/a	n/a	1.1783319601e-08	-0.0247024	n/a	0.0006102085657599	n/a	-0.158457	n/a	0.0251086208489999	n/a	-0.00321384	n/a	n/a	1.03287675456e-05	-0.000422695	n/a	1.78671063025e-07	n/a	0.00044284	n/a	n/a	1.961072656e-07	0.0	0.0	0.0	0.0	0.0	0.0
627.5268654304497	-0.9174564621818035	393789.9668369657	0.8417263599991511	871.7868367948902	-18.78189216599185	760012.2888088404	352.759473334946	601.9701584177227	1.22764062571639	362368.0716254582	1.5071015059093291	621.9490690488149	681.0179262662306	1.034197	46.065414	0.1549531009999999	0.0733804	0.1324496308	-0.0658523873	0.0982806104	-0.0891952043	0.0107044496	-0.0612171421	0.0974457593	-0.0201949656	-0.0263837737	0.0389026438	-0.1280209702	0.0305076788	0.0629832524	-0.0038668127	-0.0614993127	-0.0311378292	-0.044030308	-0.0423798894	0.040949806	-0.0898911691	-0.0201058118	0.0707136513	-0.1034948988	-0.114738587	-0.1696698156	-0.1108343966	0.0644991982	0.0276727757	0.187901457	-0.0463307293	0.022305237	-0.0425251698	0.0823098726	-0.0080580256	-0.005759465	-0.0838391016	0.1241272964	-0.1381101724	0.0290878804	-0.1045355555	0.1844232003	-0.0767458775	-0.0156248549	-0.0729564167	0.2060875873	-0.0040139142	0.0518510921	-0.0088010015	0.1291114131	0.1019056909	0.0328553148	-0.1008139053	-0.0500789439	-0.1485232872	-0.1003445288	-0.130368264	-0.0811413326	0.1793583679	0.1082032893	-0.0359514117	0.0710884824	0.0141025015	-0.1235611074	-0.1268526538	0.0350317398	0.0016938027	0.0770007334	0.0103221062	0.0887159556	0.1340109996	-0.0237004931	0.0052488615	-0.0461388098	0.1435781996	-0.1024332726	-0.1131174141	-0.1075986479	-0.1392107101	0.081460262	0.0095475106	-0.1050698353	-0.0214107144	-0.0751544257	0.0127100076	-0.0272649717	0.1560163632	-0.1616052859	0.0319998795	0.1067528136	0.1128117439	0.0066990648	-0.0124618812	0.0620162025	-0.016340772	-0.111155482	0.0662862093	-0.102380331	0.0401860836	0.0342293828	-0.1051597884	0.0171528773	-0.0908833057	0.2051907767	-0.0817173516	-0.0170911569	0.081397295	0.146928551	0.1038357837	0.0153611214	-0.1278098789	0.1163020952	-0.0871775774	0.0048235096	-0.008440072	0.0255980001	-0.1422031932	-0.0700195553	-0.0239757636	0.1733450694	-0.0416787498	0.1695414106	0.1748652362	-0.0785654396	-0.0936509361	0.0708441861	-0.0564980708	-0.0201248905	0.0678026855	0.154043615	0.0217875951	0.0865114851	-0.0514420818	-0.0761667816	-0.1974781233	-0.033818843	-0.0031089259	0.0747940095	0.053518846	0.07546042	0.0307836491	0.1843678229	-0.0115417428	0.0239089052	0.0240916256	-0.0263454429	0.0057235363	-0.0766560331	0.0728092172	-0.0901485833	0.0405594109	0.0932324934	-0.0533481575	0.0172819515	-0.1133627621	0.0875378786	-0.0648496501	0.0413138283	-0.1652162641	0.0792379984	-0.130842628	0.2687351101	-0.0840157632	0.0490793803	-0.0057295544	0.0193996219	0.0149911263	0.1035923846	-0.059967159	0.0131442348	0.0516219379	-0.0040594611	0.0424082074	-0.0666110672	-0.0982608583	0.0514443892	0.1186128217	0.1184168613	0.1180905004	0.0198582	0.0199667509999999	0.000398671145496	0.0003943481072399	-0.0391845	-0.0144820999999999	0.0015354250402499	0.0002097312204099	-0.0929925	0.0654644999999999	0.00864760505625	0.0042856007602499	-0.00249601	0.00071783	5.152799089000001e-07	6.2300659201e-06	-0.000245938	0.000176757	6.048549984400001e-08	3.1243037048999995e-08	0.000649048	0.000206208	4.2521739264000014e-08	4.212633063040001e-07	0.0	0.0	0.0	0.0	0.0	0.0
625.9240969985829	-1.6027684318668207	391780.97520349134	2.568866646188828	866.0308004970946	-5.756036297795617	750009.3474096383	33.13195386154068	601.8062488118145	-0.1639096059082021	362170.7611089476	0.0268663589089821	621.1562959455073	677.4407872656051	1.005049	44.767086	0.1204408	0.0619901	0.1355327603	-0.0636902364	0.0879534629	-0.0898207308	0.00420569	-0.0531480145	0.0493414871	0.0076698404	0.0080956317	0.0146088644	-0.1365529637	0.0107768875	0.0536246056	-0.0110658896	-0.0502246327	0.0337655516	-0.0953738799	0.0082729675	0.0058784914	-0.0776010319	-0.013321665	0.0628460833	-0.0268783863	-0.0158812203	-0.0745546621	-0.0809422376	0.0934229595	0.0906953556	0.0630090617	0.0464270808	-0.0331125641	-0.0854046925	0.1007570895	0.0900125047	-0.001144535	-0.080343501	0.107936685	-0.0630102446	0.0754902035	-0.1492473963	0.0306239425	0.0159442139	-0.1354044144	0.0497078692	0.2011265142	0.0344360305	-0.1452273739	-0.1693780363	-0.0358902338	0.050102749	-0.1085219832	-0.1190259268	0.0554453619	0.1386185235	-0.137633837	0.1421344367	-0.0030491413	0.0378692504	0.0259951386	0.1531322008	0.0048196625	-0.1044091702	-0.0273100265	-0.1691816984	-0.0945401005	0.066126105	0.0936474571	-0.1257955518	-0.0929081767	0.0196391022	-0.0018495021	-0.0543868586	-0.0004018209	-0.1374541325	-0.1436803914	-0.0636287125	0.0553196306	-0.1130948501	-0.1170102169	-0.007160898	-0.1348990974	-0.1580057591	0.0721534788	-0.1137410138	-0.0276939149	-0.1266645648	0.0442969903	-0.1141967044	-0.0385872163	-0.1481600813	-0.0409554911	0.0598135007	0.113819451	-0.0084760338	-0.114771657	0.0734616883	-0.1006409095	0.01257767	-0.0539078371	-0.0708731397	-0.0071439454	0.0533951488	0.1197391665	-0.0090728767	-0.0419018627	0.0067654484	0.2223750542	-0.02727413	-0.1355826733	-0.0690112498	0.113893837	0.0990806358	-0.1177187579	-0.0709359143	-0.2274909298	-0.0275111387	0.0008016047	0.0147034187	0.0300862079	0.023195551	0.1997146406	-0.0919477605	-0.0820570147	-0.2041524257	-0.0099500877	-0.0055331864	0.0758575446	-0.0431153237	-0.1717555099	-0.1183283222	0.0483368038	0.0983268018	0.0430765955	-0.0813527937	-0.0915130101	0.0266227213	0.1055814986	-0.1256074387	-0.0907103093	-0.0808764556	-0.0701796181	0.0348236538	-0.0669739133	0.0425638575	-0.1231547416	-0.1620747014	-0.0381309823	-0.135237467	-0.0311085351	-0.0135080566	-0.1355379283	-0.0473666551	-0.0001951921	-0.0974831917	0.0555364674	-0.0600826486	0.0402484053	-0.0778106882	0.051469729	-0.0809184887	0.2094429609	-0.103187116	0.0715676729	-0.0051433064	0.0792654992	0.028772779	0.1076891995	-0.0013763301	-0.0228748771	0.1175372077	-0.0187515871	0.0211694326	-0.0909251627	-0.130626689	-0.0359536094	0.118496684	0.1179527935	0.1170481578	0.0144539	-0.0054042999999999	2.920645848999999e-05	0.00020891522521	-0.0553608	-0.0161763	0.00306481817664	0.00026167268169	-0.0687925	0.0242	0.00473240805625	0.00058564	-0.00135676	0.0011392499999999	1.2978905624999997e-06	1.8407976976e-06	-6.1623e-05	0.000184315	3.797394129e-09	3.3972019225e-08	0.000479409	-0.000169639	2.8777390321000025e-08	2.29832989281e-07	0.0	0.0	0.0	0.0	0.0	0.0
624.7287314413668	-1.1953655572160642	390285.9878883394	1.4288988153784716	864.931527794849	-1.099272702245571	748106.5477735316	1.20840047390228	600.7809853686531	-1.025263443161407	360937.79238052975	1.0511651278831835	620.0853665493437	673.256121011519	1.020648	45.461918	0.0776522999999999	0.0501138	0.1400576179	-0.066583881	0.059815832	-0.1275187582	0.0130344056	-0.0526629498	0.0515437462	0.0184595054	-0.0610911815	0.0092516416	-0.1375863873	0.0382393602	0.0662952983	0.0639462345	-0.0331441933	-0.0163834073	-0.0904868019	-0.0150942633	0.068015258	0.0075231481	0.0351326917	0.0990393738	-0.0385238954	-0.1323586787	-0.0707947539	-0.013573983	0.0131062898	0.0662875856	0.1455877616	-0.1486830568	0.0101293913	0.1253589828	0.0683054839	-0.0006790853	0.0461348149	-0.0449157488	0.0610325589	-0.079859714	0.0317679516	-0.1020288036	0.0547538497	-0.1826241899	-0.0258794654	-0.0766099322	0.098026432	-0.1129053849	-0.0977235855	0.0223082823	-0.0599901081	-0.06139707	-0.0066175913	-0.1490592336	0.0209026905	0.092511666	0.1494582804	0.1935137654	0.2540082763	-0.087674778	-0.2909780264	0.0919954364	-0.041609517	-0.0611054325	-0.2164198768	0.0781118395	0.1136788535	-0.1882539442	0.0711011828	-0.0243782204	0.1562669089	-0.088759046	0.2359500393	0.1521796536	0.0957532893	-0.1955979251	-0.0051231434	0.055638409	-0.0040085703	0.0275400153	-0.0264099261	0.1121768163	0.1091949317	-0.0277967951	-0.0039594579	-0.1329866217	0.073899632	0.0834073133	0.0301649413	0.0065033936	-0.0175401745	-0.0610345432	0.0809720559	0.0150886307	-0.0394626625	0.026083811	-0.0674539555	0.0807751345	-0.097846215	-0.0274851669	0.0025786316	-0.1059197241	-0.0978274351	-0.0498302138	0.1201898442	-0.0665410881	0.0206683936	0.0229455036	0.0548155079	0.0709363611	0.0309815739	0.1010481271	0.1402938358	0.1260785909	0.1204662402	-0.2227474072	-0.2275613937	0.1772896975	-0.1443654158	0.0845340579	-0.0016263973	-0.0410983091	-0.0526482951	0.2389176024	-0.0111253969	0.0870566171	-0.1045823732	0.0122669804	0.113687984	-0.103352474	-0.1152931469	0.1535257188	-0.1573464842	-0.1251120737	0.2044938279	0.2190799426	0.0658482179	0.1347939002	0.0700233385	-0.1112270981	0.003802846	0.0037487972	-0.1535492596	-0.1218056675	-0.0849649006	-0.0790876788	-0.0373266786	0.0424286545	-0.0054976217	0.063662729	0.0840331491	0.0082587849	0.0447710817	-0.0429657968	0.0025488572	-0.1179504274	0.0601722579	-0.0648134828	-0.0139998604	-0.0860926517	0.0747412281	-0.1093177213	0.2338458584	-0.091605575	0.005793093	0.0295156917	0.0484098967	0.0521699638	0.0547821041	0.0020120194	0.0095443422	0.0139484722	-0.0125865444	-0.0061980975	-0.1078647384	-0.0096872282	-0.0164866546	0.1183225485	0.1172578276	0.115490384	0.0124746	-0.0019793	3.917628489999999e-06	0.00015561564516	-0.0434256	0.0119352	0.00188578273536	0.00014244899904	-0.0446243	0.0241682	0.00199132815049	0.00058410189124	-0.00207416	-0.0007173999999999	5.146627599999996e-07	4.302139705599999e-06	1.2369e-05	7.3992e-05	1.5299216099999998e-10	5.474816064000001e-09	0.000479409	0.0	0.0	2.29832989281e-07	0.0	0.0	0.0	0.0	0.0	0.0
626.4007465180541	1.6720150766873303	392377.89523837547	2.795634416669739	870.0086827083288	5.077154913479831	756915.1079878815	25.777502015472383	600.8587379921256	0.0777526234725201	361031.22302148986	0.0060454704568594	620.484521101743	673.7825621314896	1.122332	49.991112	0.0902566499999999	0.0600615	0.1502390971	0.0417174039	-0.0710220928	-0.0898180129	0.018328101	-0.0139894845	-0.0196648519	0.0266356326	0.0294355661	-0.1052600276	-0.0022292069	0.0341036678	-0.0040777421	0.0470405176	0.0704831699	-0.0946227435	-0.1370138592	0.1194713876	0.0716113291	0.0402871481	0.0250068599	0.0008376712	-0.0279107049	-0.1900622937	0.0335714514	0.0377944183	0.048811822	0.0737981144	0.0776794248	-0.0307960266	0.0194861526	0.0814070444	0.0125925457	-0.0477919867	0.0326437427	-0.0358333429	-0.0227851577	0.080368992	-0.1428773361	-0.1184234793	0.1071149151	-0.0480043578	-0.0421520733	0.0556695925	-0.0441890237	-0.0983464592	-0.0150434846	-0.0662288548	-0.0600580128	-0.0126707887	0.0361429527	0.0169718525	-0.2096609653	-0.100742114	0.0328201964	0.1106637502	-0.1706392103	0.1372376123	-0.119912769	-0.0175334924	-0.1186832707	-0.1614247777	-0.053393732	0.0852791077	-0.0368834407	0.2029350122	-0.0064863232	-0.1263793108	0.0943007244	-0.1010926025	-0.1443375139	0.1477104957	-0.1571600664	0.0083623836	0.0742847054	-0.1329456831	-0.0167657452	-0.0409238044	0.1226598505	-0.0091112866	-0.0718034537	0.0679584052	-0.1940552136	0.2327597988	0.0602624112	0.0761675263	0.0712400348	0.1508140052	-0.0097683769	-0.0933836012	0.0807859828	-0.0068322065	0.0170632397	0.0128096828	0.1091487564	0.0851503327	-0.0111938052	0.0198435483	0.0174124305	-0.097004459	-0.0646686444	0.089351206	0.1255951147	-0.0576645625	-0.0041510484	-0.0514702327	0.001463903	0.0608714736	0.0522096583	0.1607563967	-0.0368514499	-0.0810117829	0.0834646724	0.1294214477	-0.0942891644	-0.0924353822	-0.0638582384	-0.0702625837	-0.2332715451	0.050204867	0.0270987123	0.0740455061	-0.1359244087	0.0834925228	0.1261600137	0.0820062872	0.1196976098	-0.0427803584	0.0331684765	-0.0489500088	0.1679751972	0.091841337	-0.0474827492	0.1199357463	-0.1346799031	0.1103103277	0.0921151229	0.0473797333	0.0564163623	-0.2125253245	0.0850521438	0.2225418633	0.165732647	0.2564361913	-0.0066113442	0.2573438437	0.023556128	0.0807353575	-0.0322549017	-0.0135792402	0.1826106514	-0.0394618755	-0.0061726018	-0.0816831183	0.0249042969	0.0004494358	-0.0796486138	0.0413739432	0.1213049133	-0.0361166429	0.0850286187	-0.035486346	0.0099876762	0.0488687127	-0.0267186379	0.0681126216	0.0511067466	0.0266886834	0.002859794	-0.0408881841	-0.0444677091	-0.0770335688	-0.0146718002	0.002608067	0.1105726435	0.1180905004	0.1163333239	0.1134240387	0.0171153	0.0046406999999999	2.1536096489999996e-05	0.00029293349409	-0.0646489	-0.0212232999999999	0.0041794802712099	0.0004504284628899	-0.0459997	-0.0013753999999999	0.0021159724000899	1.8917251599999969e-06	-0.00100251	0.0010716499999999	1.1484337224999991e-06	1.0050263001e-06	0.000201064	0.000188695	4.0426732096000004e-08	3.5605803025e-08	0.000479409	0.0	0.0	2.29832989281e-07	0.0	0.0	0.0	0.0	0.0	0.0
626.9263360144072	0.5255894963530636	393036.6307884494	0.2762443186766671	875.2822020253151	5.273519316986267	766118.9331822845	27.810005986627303	601.2009927977371	0.3422548056114465	361442.6337409847	0.117138351964129	621.0512706718308	680.691627394975	1.075498	47.905041	0.0702951499999999	0.0357112	0.138567982	0.1407654206	-0.0438575473	-0.0211342666	0.0478350617	-0.005452953	-0.0089271795	-0.0190904925	0.1027953949	-0.0373115162	0.1424748651	0.0071563708	0.0755126258	-0.0149228106	-0.0618374441	-0.1559222052	0.0249528776	-0.0136971278	-0.003943226	-0.1220108354	-0.0012914462	-0.0962279212	-0.1578057905	-0.1588935208	-0.059707033	0.0675741825	-0.0118276403	0.1937148077	0.0055994077	0.0772470773	-0.0132216878	-0.03291239	0.0126326382	-0.0415034463	0.0276041475	-0.0394102663	0.047277204	0.0887472085	-0.1286223683	-0.0327322592	0.0236483097	-0.0534900043	-0.0837482992	-0.0011314996	0.0709378469	0.0387158421	0.0795656584	0.0094814883	-0.0484818749	-0.0131265424	0.2140085217	0.2712770122	-0.0578265232	-0.0160106032	0.1797586332	-0.0882756327	-0.0808849405	-0.1005115197	0.0520576458	0.097543553	-0.0148418786	-0.0537706818	0.0324234213	-0.0271257411	-0.1659269547	-0.0780782132	-0.2382000077	-0.1131967018	0.1158067853	-0.0580694484	-0.1260547639	-0.0236357616	-0.0199534089	0.0391222603	0.0577901772	0.0170510602	0.2796817722	-0.0091397899	-0.232444279	-0.0818403503	0.1246295457	0.0848525636	0.0765537387	0.051723851	-0.2316639489	0.0079953078	0.0370223662	0.0911474906	0.0610082703	0.0610856359	-0.0233087179	-0.1167368494	-0.0385268499	0.0220372078	0.0813612791	0.0570917415	0.0874448181	0.075750069	-0.0150884169	-0.1152575499	-0.0720540335	-0.0052783667	0.127141885	-0.0456049116	-0.0267731374	-0.1072168991	0.0179820555	-0.0029267202	-0.0536346552	-0.0599676571	0.1556132118	-0.0923273144	0.1590164476	0.1628257741	0.0219345316	-0.0658950393	0.041221632	-0.1150763831	-0.0490640634	0.0332090471	-0.050273825	-0.2691397033	0.1138383854	0.1947345875	-0.0495548073	-0.049875988	0.0719722717	-0.0037915985	0.0066214154	-0.0099549595	-0.0084879	0.0435471571	0.0028919886	0.0799559563	0.0553720942	0.0527838033	-0.3694463847	-0.0158960431	0.0424777613	0.0331951628	0.0800147298	-0.0245564162	0.0681816791	-0.0275470936	0.0226043428	0.1043137302	-0.0060733719	-0.2504404555	0.0778205138	-0.0869484986	-0.1043674228	-0.0470764171	0.0064245567	-0.0856166608	0.0356167646	0.0270485793	-0.0892800886	-0.0170183183	0.1411463266	-0.0645128084	0.0208505181	-0.0543785404	-0.0391226317	-0.0098003573	-0.070303357	-0.0062861613	0.0233664696	0.0408637771	0.0125656386	-0.0512800353	0.0423800753	-0.0913385351	0.0243338691	0.0759464935	0.1413303979	0.1178006533	0.1151810923	0.1108582214	0.0273244	0.0102090999999999	0.0001042257228099	0.0007466228353599	-0.0370144	0.0276344999999999	0.00137006580736	0.0007636655902499	-0.0403746	0.0056251	0.0016301083251599	3.164175001000001e-05	-0.0013365	-0.0003339899999999	1.1154932009999997e-07	1.78623225e-06	0.000327478	0.000126414	1.0724184048400003e-07	1.5980499396000005e-08	0.000555534	7.612500000000002e-05	5.795015625000003e-09	3.08618025156e-07	0.0	0.0	0.0	0.0	0.0	0.0
627.0952533078762	0.1689172934690077	393248.4567212694	0.0285330520328948	876.071076386532	0.7888743612169264	767500.5308810568	0.6223227577854138	601.6941241646317	0.4931313668946586	362035.8190542433	0.2431785450153944	621.2458743915906	690.141293413667	1.109736	49.430073	0.0622926499999999	0.0329247	0.1191868831	0.1584776093	0.0207548099	0.0169657137	0.0316345035	-0.0241674439	-0.0211988905	0.0400675892	-0.067461271	0.0243701153	0.1151714367	-0.0563130655	0.0135784202	-0.0975014915	0.0221617384	0.1169508758	-0.046880445	0.0675122207	0.0584948253	-0.1847772034	-0.0834652745	-0.0322683105	0.01022498	-0.0434738872	-0.166011806	0.0188552653	0.0054537897	-0.0034102734	0.0427306752	-0.0211675665	-0.1447839708	-0.1048041837	-0.1301486069	0.1470756547	0.0137341782	-0.0081467703	-0.0029980148	0.1208298523	-0.1735409083	-0.0314892293	-0.0502333824	0.0130622774	-0.0527291434	-0.0343494172	-0.0146136717	-0.0663592617	0.04639831	-0.1335589312	0.1608760735	0.1233177996	-0.1477943541	0.1545921185	-0.1018322029	0.0611683761	0.0578576954	0.1022082393	-0.017152429	0.1278896039	0.1297350056	0.0599043946	0.2310219521	-0.0229473997	-0.0154109262	-0.1148565931	0.1715414538	0.036421681	0.0293774013	0.0480179705	0.000403551	0.0293630646	-0.0157151386	0.1969794307	0.0526309025	0.1986462874	-0.0297545357	-0.080190537	-0.1779540878	0.1872123218	-0.0398020097	-0.0956315648	0.038075825	0.0949188172	0.1199957851	-0.1396590588	-0.028587944	0.1128996672	0.1057333439	-0.1870209185	0.0469802396	0.0259108352	-0.0730050924	0.0936353777	0.1222507188	0.0124410019	0.0625717614	0.0040878665	0.1114690581	0.0534923412	-0.092685971	-0.0518457581	0.0092233635	0.0660562405	0.0273423166	-4.80251e-05	-0.142087825	0.0952634528	-0.1193886653	0.007526516	-0.0294156925	-0.067726196	0.0406590603	0.1038365711	-0.0214463022	0.0404207738	-0.1973716589	-0.1318779394	-0.1345794634	-0.1322058507	-0.0536324128	-0.0680199632	-0.019750656	0.1400278576	0.0207209382	-0.0926277016	-0.1885748955	-0.1324778213	-0.0417826458	0.0371974188	0.1630115838	-0.2804002936	0.0008267811	-0.1276724258	-0.0722400429	-0.1624268228	-0.0522249208	-0.068202548	-0.170665807	0.140541401	-0.1176425034	-0.0425426311	-0.0528006927	-0.1120897212	-0.0412786413	-0.0111269911	0.1587113691	-0.0857302799	-0.125283004	0.2035601214	0.1857021883	0.0692271041	-0.0134961571	-0.0391314854	-0.0024706222	-0.0767531579	0.0202582775	0.019629862	-0.067608396	0.0078697273	0.0927411472	-0.0273774478	-0.0694460707	-0.0658563077	-0.0395770506	-0.0863259256	-0.0262505366	-0.0233700026	-0.0011827369	0.0048356591	-0.0213273074	0.0839656099	-0.188116024	-0.0267928598	-0.0017633907	-0.051837929	0.023719025	0.117453149	0.1138033884	0.1078042307	0.0104717	-0.0168526999999999	0.0002840134972899	0.00010965650089	-0.0363776	0.0006367999999999	0.00132332978176	4.0551423999999996e-07	-0.0251965	0.0151780999999999	0.00063486361225	0.0002303747196099	-0.000825524	0.000510976	2.61096472576e-07	6.81489874576e-07	0.000322078	-5.400000000000023e-06	1.03734238084e-07	2.9160000000000245e-11	0.000479409	-7.612500000000002e-05	5.795015625000003e-09	2.29832989281e-07	0.0	0.0	0.0	0.0	0.0	0.0
626.6229987189491	-0.4722545889270577	392656.3825235281	0.2230243967626642	880.8811008056318	4.810024419099818	775951.5137565417	23.136334912336544	601.0710451134427	-0.6230790511890518	361286.40127376624	0.388227504030649	620.665671498748	678.4865689982307	1.104976	49.218063	0.0418103	0.0194848	0.0906532196	0.142598482	0.0976018525	-0.0140139292	0.092116474	0.0111923599	-0.0376719574	-0.090477733	-0.0302340144	0.0786795766	0.1083555191	-0.0166040182	0.0451882791	0.0011420492	0.0561779444	0.0240735365	-0.043792639	-0.0018332533	0.1831575977	0.1422088698	-0.0202289003	0.1449771469	0.0773247451	-0.0086843033	0.1084390927	-0.035185559	-0.0538325098	0.0527140652	-0.0173035075	-0.0634076034	0.045039422	-0.0581952055	-0.0084227227	0.0132797376	0.0100728084	0.0025102302	0.0060133071	0.0372624616	-0.0622422505	0.1408666025	-0.1344058937	-0.1282862062	-0.1414135501	0.1151734188	-0.0613220084	-0.1370291115	0.1394092336	-0.1105224438	0.0946743685	0.0091726796	-0.0274889169	-0.0640981838	-0.0375139809	0.0295381521	-0.0488465267	-0.0293130867	-0.0849280464	-0.1114451243	-0.1441181002	0.1721451687	-0.0802900943	-0.0446119055	0.1535825369	0.0855711828	0.1451552237	-0.0001313726	0.0034114555	-0.0537753483	-0.1706718227	-0.0025276505	-0.0131726124	0.089848527	-0.0744146517	0.2096278632	-0.0506178605	0.0422405069	0.0179845658	-0.0549208714	-0.0713908022	-0.0399615352	0.0295512064	-0.0549662115	-0.0638283415	0.0467261805	-0.0218877361	-0.2750453502	-0.0517918465	-0.2058947655	0.0347160417	-0.0597872778	0.1160062849	0.0173323374	-0.0706371528	0.0062492542	-0.0108474461	-0.0395103267	0.1517645881	0.0260762227	-0.0366460794	-0.0332596219	-0.1478112995	-0.0018487306	0.0126450539	0.0173123514	-0.0907714959	-0.0318117021	-0.1549049329	0.0811585142	0.0280338327	0.1796107604	-0.0448401758	0.1283420292	-0.1391652197	0.0236463649	0.0301506667	0.0718286121	0.0078925392	-0.0345016569	-0.1204045022	0.1388133114	0.1495406569	0.080696193	0.1108221741	-0.0511156597	-0.0993959197	-0.0267762918	-0.0883621241	-0.1578487527	-0.0375312953	0.0016921452	-0.0210619672	-0.0451957183	-0.1880546497	0.0207037317	-0.0021572097	-0.1395470542	0.0577981348	-0.0154049391	-0.0197235425	-0.0959940804	0.0537785564	0.2491152604	-0.121285404	-0.0336130611	0.0434393902	-0.1563398266	-0.0437195252	-0.1835960209	-0.1208916665	-0.0772521152	-0.1830962329	-0.0375246086	-0.010693761	-0.0652674562	0.0039207935	0.0262763747	-0.0297186707	0.0114637159	0.0662400252	-0.0089935204	-0.0638558887	-0.0992221922	-0.0454073969	-0.0305754825	0.0456140298	-0.0462070807	-0.0193689147	0.0800002059	-0.0715177353	-0.0187868416	0.0233158365	-0.0688503623	0.08157521	0.0339554489	0.0664012309	0.1170481578	0.1122029089	0.1042755153	0.01607	0.0055983	3.134096289000001e-05	0.0002582449	-0.0250408	0.0113368	0.0006270416646399	0.00012852303424	-0.0311024	-0.0059058999999999	0.00096735928576	3.487965480999999e-05	-0.000804007	2.1516999999999977e-05	4.62981288999999e-10	6.464272560490001e-07	0.00057971	0.000257632	3.360636841e-07	6.637424742399999e-08	0.000379172	-0.0001002369999999	1.0047456168999996e-08	1.43771405584e-07	0.0	0.0	0.0	0.0	0.0	0.0
628.1968592907914	1.5738605718422605	394631.2940228144	2.477037099599647	877.0965604907727	-3.784540314859101	769298.3764247438	14.322745394793818	600.968013796745	-0.1030313166976384	361162.5536068047	0.010615452220449	620.7593843695417	680.0849528060484	1.193278	53.151222	0.14376776	0.0975045	0.1311677078	-0.068205704	0.1177232516	-0.0298041969	0.0044818871	-0.0265605673	0.0083287442	-0.1006841526	0.0188798129	0.0388404057	-0.07028804	-0.0617623553	-0.0924008194	0.0375467497	0.1195474688	-0.0167202538	0.117858414	0.155690719	-0.0410649219	-0.0194337966	0.0454857463	0.1018416516	-0.0123793128	0.0755528463	0.0384316614	-0.0099792883	-0.0660180273	0.024575571	0.1281074686	0.0357963626	0.0103787368	-0.0674831502	0.0678804827	-0.0892806188	0.0330523378	-0.0460791541	0.0592615954	-0.0540645232	0.1316471979	0.1075764897	0.0117380319	-0.0364767994	0.1455108936	0.106000939	0.0173132415	0.0276583377	-0.0130641165	0.1752687268	0.0599002566	0.0655455595	0.1737617926	0.0273874739	0.0245431715	0.0220789721	-0.0555187034	0.0878831647	0.1868664682	-0.1199418322	0.0287265522	0.0736635347	0.0218571628	0.0367118255	0.0650774534	-0.0312693671	-0.1164158362	0.0113886027	-0.1338500912	0.1322296883	-0.0529779169	0.1187244488	-0.1261127185	-0.0732810891	0.0087482629	0.0929444107	-0.0245484617	0.0361926514	-0.0322147785	-0.0781440451	0.3013768055	0.0223482512	-0.1283236918	-0.076583956	0.0413049479	0.0260050989	0.1738001252	0.1218775944	-0.073425838	-0.1708692946	0.0916346588	-0.1350224127	-0.0303608642	-0.0538195151	0.0070728039	0.0249674339	-0.1190812768	0.0317594565	-0.0155296113	0.0084893882	0.0039624578	0.114660992	-0.0277697066	-0.0638018578	-0.1206106966	-0.1475508346	-0.0445583891	0.0818950724	0.0030205533	0.0664184857	0.021151072	-0.0847113396	-0.0081972098	-0.1072883435	0.0012562778	0.1717680842	0.0273569368	0.1404242323	0.1332215273	0.093387144	0.1456464235	0.0199440301	0.0151081571	-0.1176862894	0.0642473941	-0.0328374885	-0.0236555176	0.0871882567	0.0072341371	-0.1758206054	-0.1523734429	0.0312087738	0.0932100545	-0.1166492938	-0.0461237673	-0.1183111749	0.0427511328	-0.2376641795	0.085871699	0.0497242516	0.2423208143	0.0205171789	-0.0810332443	-0.0969241437	0.1040051387	0.0280583783	-0.1329084859	-0.0538777251	0.1290409071	0.2435813997	0.0306040347	-0.1007605499	-0.0032283565	-0.0445972674	-0.0191170799	-0.0516207133	-0.0174365179	0.014328505	0.094460336	0.0898531452	-0.0876533262	0.1162818617	0.0283318328	-0.0479503665	0.0830520655	0.0445821039	0.0569181653	0.0512435371	-0.0019004297	-0.0702426543	0.0925882495	0.0986613734	0.0451685847	-0.0566364108	-0.0178962584	0.0042813536	-0.032911447	0.1165858777	0.110382787	0.100287614	0.00462359	-0.01144641	0.0001310203018881	2.1377584488100005e-05	-0.039143	-0.0141021999999999	0.0015321744489999	0.0001988720448399	-0.0664024	-0.0353	0.00440927872576	0.0012460899999999	0.0007684999999999	0.0015725069999999	2.472778265048686e-06	5.905922499998463e-07	0.000528153	-5.155700000000004e-05	2.78945591409e-07	2.6581242490000036e-09	0.000344853	-3.4318999999999994e-05	1.1777937609999994e-09	1.18923591609e-07	0.0	0.0	0.0	0.0	0.0	0.0
628.5156352928325	0.3187760020410906	395031.9038075528	0.1016181394773013	866.4438983739038	-10.652662116868896	750725.0290293678	113.47921017617372	601.559011927936	0.590998131190986	361873.24483171466	0.3492787910712379	620.8458126697541	680.388991850969	1.146968	51.08847	0.121186305	0.060581	0.1650413491	-0.0181040267	-0.0052627264	-0.0271417315	-0.0133454231	-0.0296505788	0.0721687668	-0.0269690641	0.0711220873	-0.0345569877	-0.0803653188	0.0540682723	0.1151885734	-0.0565739656	-0.0787018525	-0.0777436567	-0.0458026995	-0.0685947401	-0.0917704094	0.0647928472	-0.0852585795	-0.039955448	-0.0286532531	-0.0451070009	-0.0213739401	0.0743066519	-0.0537725771	-0.0150691025	-0.0775277162	0.1318606258	0.0697709472	0.0671257157	-0.1829665269	-0.0244170727	0.0147215777	-0.0389782901	0.0593048119	0.0177949438	0.0101605159	0.0719146519	-0.0250455359	-0.0278400725	0.0762804632	0.2080238324	0.0164863795	0.283112585	0.0242392871	-0.0186434036	0.0634920136	-0.0988229562	0.1181998895	-0.2217423799	0.1558924534	0.106124381	0.1824456215	-0.1191958208	0.1028015887	0.1735404727	-0.0066256133	-0.0760250463	-0.0719218374	0.0327672763	0.1517971342	-0.0387794046	-0.0113232327	0.1576731219	-0.0169388834	-0.0095587749	-0.0533962196	-0.1519622654	-0.0681823763	0.0700317225	0.0788086369	-0.0467045526	0.1187823916	0.0481441319	-0.0216629744	0.0177109898	-0.0662545283	0.1182448577	0.1460104396	-0.0254189905	-0.0496976515	0.2844193723	0.0831905624	-0.099568542	0.0625064612	-0.0772577674	0.0212014442	-0.0774833067	-0.0863222021	0.1109153192	0.0686211429	-0.0037223819	0.0040159386	0.0703514509	-0.0299642332	0.0276255699	0.028890659	0.0302094508	-0.1140401139	-0.0257050871	-0.0962510176	0.0500405558	-0.1750343106	-0.2439178774	0.1146126085	-0.0506601428	0.0292571787	-0.0913899108	0.07108203	-0.0880229101	0.0972572267	-0.2379867555	0.2199329166	0.2260089051	0.066303936	0.0028844243	-0.1867432911	-0.0628246524	-0.0905513134	-0.0081103142	-0.0181404591	-0.1797226381	0.0475216834	0.1342293702	-0.0732417534	-0.0211191194	-0.0050439737	-0.0318620767	0.1106144447	0.0567471229	0.0416850368	0.0402296657	-0.12207146	0.0432883828	-0.0080412995	-0.0481398457	-0.0083200806	0.1630078825	0.0426841468	0.2334042676	0.0520038004	-0.0502386656	-0.0927741366	0.0574672669	-0.1192707353	0.0779300542	0.0572386293	0.0813272225	-0.1274603536	-0.0435298749	-0.0169551929	-0.0433320727	-0.0381280148	0.0535537912	-0.0138034997	0.0984094301	-0.0308037626	0.0626746532	0.0230734473	-0.0218063701	0.0360041035	0.0263259963	0.0195112108	0.0393875626	-0.0445323881	0.0320601851	0.0012708976	-0.1699678599	0.0304183084	-0.0998071043	0.037886163	0.1706146791	0.0078578227	0.116066535	0.1083465856	0.0958580879	0.0232477	0.01862411	0.000346857473292	0.00054045555529	-0.0140422	0.0251008	0.00019718338084	0.00063005016064	-0.0412141	0.0251883	0.0016986020388099	0.00063445045689	-1.62219e-05	-0.0007847218999999	6.157884603394532e-07	2.6315003961000005e-10	0.000632019	0.000103866	3.9944801636100004e-07	1.078814595600002e-08	0.000187979	-0.000156874	2.4609451875999995e-08	3.5336104441e-08	0.0	0.0	0.0	0.0	0.0	0.0
628.0523227075888	-0.4633125852436706	394449.7200583973	0.2146585516451735	870.0048060143998	3.560907640495998	756908.3624881535	12.680063224142774	602.2911261905145	0.7321142625785342	362754.60068783833	0.5359912934709109	621.2024754057115	622.945110459702	1.144063	50.959099	0.122116625	0.0550002	-0.0016280744	-0.066207021	-0.1570909007	0.1370316384	0.1162629026	0.2022128058	-0.1049232313	0.0740539591	-0.0493786851	-0.1214898522	0.0583590058	-0.02438119	-0.1824546726	-0.0266856309	0.1475582352	0.1258451307	0.1274740114	-0.0700007313	-0.0345938308	-0.1966360119	0.1405130705	-0.1945291573	0.1090025371	0.164517935	0.0268586731	0.0891107931	-0.0137448204	-0.0744374615	0.2142856834	0.1876339034	-0.1423096939	0.0172997043	-0.0618284012	-0.0409971773	-0.0292514048	-0.0043923302	-0.0163202069	0.0780254201	-0.0537240755	-0.0239016869	-0.1047816406	0.0306830131	0.1585605698	0.0555677485	0.0620197118	0.2318789145	-0.0271411232	0.106283451	-0.1272260226	0.0144736022	-0.0292978374	-0.0666538565	0.0457478917	-0.004877949	-0.3197648454	0.1929840185	0.045312412	-0.1192935516	0.236153996	-0.0035494911	-0.0238916278	0.048463292	-0.1188113891	0.0057697422	0.0229198243	0.0136786317	0.1277669836	-0.061588062	0.0205493337	-0.0460910711	-0.0271101726	0.112743152	0.0260892415	0.0288212477	0.1544719833	-0.0674440502	0.063820852	0.0358932182	-0.245222648	0.1979701519	0.0735438992	0.136082278	-0.1549529247	-0.0495004605	0.0740110414	0.0017511542	0.1137480231	0.0816337845	-0.0830035377	0.1269711518	0.0558740845	-0.0148612711	-0.1886257598	-0.0111527364	0.1140304902	0.0283294787	0.0332816835	0.0218569197	-0.0412887319	0.0373669088	0.0157641943	0.0865634025	-0.3094330511	-0.0313191542	0.0999198285	-0.0733442081	0.1618437334	0.0897520198	-0.0485196421	-0.2162658496	-0.2381511338	0.1038003578	-0.0953079854	0.1160514276	-0.1814394253	0.0684870187	-0.0485776016	0.1410170022	0.0677726318	-0.2699277613	0.0844282697	-0.0056699142	-0.0574613797	0.025310973	-0.0335917534	-0.00230838	0.0979591108	0.0885028123	0.0053620943	0.1693629297	0.0486440469	0.0387685665	-0.015595361	0.1116817431	-0.1275761175	0.2207715973	-0.1126356351	0.102207094	0.0441828595	0.123872619	0.0350820185	0.1029010579	-0.2051596808	-0.063506978	0.1339157657	0.0169935664	-0.0054277138	-0.0322567401	0.0352665332	0.1108258047	0.0333861444	-0.0323009286	-0.0317864876	-0.0166002657	-0.0735326216	0.0620805905	-0.0370454008	0.2097912218	-0.0374752263	0.1554965043	-0.0968755372	0.0368715706	0.067400255	0.0665206683	-0.083823044	0.0408914801	-0.0171547782	-0.0759228323	0.0207862822	-0.0129609692	-0.0075804634	0.0133832781	0.0545222095	0.0710069673	0.0809531441	0.115490384	0.1060982907	0.0910064429	0.00633127	-0.01691643	0.0002861656039449	4.00849798129e-05	-0.0391305	-0.0250883	0.0015311960302499	0.00062942279689	-0.0238782	0.0173358999999999	0.00057016843524	0.0003005334288099	0.000788692	0.0008049139	6.478863864132101e-07	6.220350708640001e-07	0.0007570959999999	0.0001250769999998	5.731943532158486e-07	1.5644255928974974e-08	-0.00013755	-0.000325529	1.0596912984100001e-07	1.89200025e-08	0.0	0.0	0.0	0.0	0.0	0.0
626.5207371169595	-1.5315855906293336	392528.2340375782	2.345754421423405	866.4927184347388	-3.512087579661056	750809.6311004235	12.334759167209455	601.6811321302162	-0.6099940602983907	362020.18476149865	0.3720927535993166	621.3356637545681	620.5398343572044	1.102065	49.088375	0.09760725	0.0520089	0.0324693619	-0.0886404241	-0.159717653	0.0819565369	0.1478890222	0.207448512	-0.034649554	0.0644596468	0.0745909035	-0.1378874837	-0.0130009867	-0.0610552256	-0.103129185	-0.0651221803	0.0545848294	0.2143015682	0.0003302401	-0.2279356962	0.0325386356	-0.0801756278	0.1808926325	-0.1690690981	0.1853472492	-0.1037518171	0.1383119869	0.0015497927	-0.1595790793	0.183035781	-0.1656260876	0.0148823208	0.1115543736	0.0111890624	0.1082930238	-0.1248607138	-0.0096460306	-0.0156426649	-0.0405568705	0.0193411462	-0.0879423721	-0.0824785343	0.0414119496	-0.0159600531	0.1602911679	0.1024109081	-0.1811879289	0.093402397	0.091718682	0.0629765768	-0.1171983669	-0.0184093059	0.1117998229	0.2167290157	0.0796855548	0.0698665873	0.0221092839	0.1741721727	-0.2562978381	-0.1311407108	0.1036077671	0.1095138209	-0.0827514831	-0.0324295573	-0.0347144654	-0.1292916573	0.0890873179	-0.2260615973	0.0200157192	-0.1712834724	-0.0276401624	0.0771049802	0.0555423617	-0.2588798494	0.1397729692	-0.0167030813	-0.0028127438	-0.1191319802	-0.0387137667	-0.017385161	0.1958493176	0.0212155948	-0.0308428753	0.1345486928	0.0016344887	-0.0450768547	-0.0214340281	-0.1173164093	-0.0442561634	-0.1203696337	-0.1437831517	-0.0750374413	0.0124953673	0.0096913879	0.0684382194	-0.0021169525	0.1081167776	0.0721779161	-0.036875224	-0.0018022788	0.0343325594	-0.028684999	0.0178454381	0.1756076302	-0.2914580814	0.0135624893	0.1984945243	-0.0445589222	-0.0347465529	0.1018783148	-0.1135892595	-0.0142276844	0.016217616	-0.1370431878	0.0850446115	0.1816133419	0.1406608573	0.0184104051	-0.2588774139	-0.2286001106	0.034692561	-0.0072515006	0.0113719185	-0.2257197727	-0.0845067318	0.0750662146	-0.1110671589	-0.2552011683	0.0328710322	-0.0924481859	-0.0654430006	0.0401390071	-0.1486915746	0.1547145538	-0.1203666696	-0.0299730201	0.0333571629	-0.0923981304	0.222802079	0.0108935272	0.0266434465	-0.008734539	-0.0678238594	-0.0245431769	0.0757387961	-0.0254583592	0.0339307464	-0.0500064423	-0.046241585	0.0014865263	-0.0967871814	0.1456766618	-0.0978469902	-0.0341898222	-0.0241237168	-0.0230398438	-0.0530797461	0.0644447581	-0.0673983898	0.1636150663	-0.0219579044	0.0947865602	-0.0402283139	0.0003670757	0.0456682093	0.0870593978	-0.0785919498	-0.0113459677	0.0086504569	-0.0035132893	-0.0996480683	-0.1062929891	0.0431230974	-0.0295850165	0.1057666857	0.0428631998	0.0641831909	0.1148577065	0.1036423034	0.0857540434	0.0160925	0.00976123	9.52816111129e-05	0.00025896855625	-0.0179784	0.0211521	0.0003232228665599	0.00044741133441	-0.0075086299999999	0.01636957	5.63795244768985e-05	0.0002679628219849	4.57178e-05	-0.0007429742	5.5201066186564e-07	2.09011723684e-09	0.000698765	-5.833099999990005e-05	4.882725252249999e-07	3.402505560988339e-09	6.76318e-05	0.0002051818	4.209957105124001e-08	4.574060371240001e-09	0.0	0.0	0.0	0.0	0.0	0.0
627.1112818691392	0.5905447521797669	393268.559847555	0.3487431043270623	881.7744816362405	15.28176320150169	777526.2364648606	233.5322865467712	601.7819324915091	0.1008003612929542	362141.4942732152	0.0101607128367901	621.314424650118	585.2427220202585	1.191752	53.083256	0.11511415	0.0637815	-0.2084108477	0.0429998938	-0.0662329821	0.2267244318	0.0210257911	0.062594261	-0.2012276677	0.0483816946	-0.1478969045	0.0234079756	0.1476013054	0.0129390214	0.0307805362	-0.0458982812	0.0571210174	-0.0815231079	0.000272587	-0.0862347602	-0.0045541444	0.1844256981	0.0582316021	0.1274887889	0.0942716529	0.0626672737	-0.00074364	0.120300884	-0.0088248775	-0.0169786835	-0.1887860918	0.0480896297	-0.1892725261	-0.0762079968	-0.0812978913	0.0399577819	-0.0011861343	-0.0172421397	0.0028827887	0.1636972121	-0.0389897001	0.1665992259	-0.1174634574	-0.0129186637	-0.009736052	0.0087774799	-0.0463443014	0.0026703054	-0.0841050681	-0.0377570272	0.1181879185	-0.087350117	0.0367008145	0.0718948895	0.1806674708	-0.0003984673	-0.0002734459	-0.0116560048	0.0649305745	-0.1266733419	-0.1050160079	-0.1304155837	0.1066758841	0.0991115337	0.0489930286	-0.0292529353	-0.1632405066	0.0230097556	0.0042520273	0.2263741763	-0.0214492573	0.0706032948	-0.0070500809	0.0462879483	-0.0238601396	-0.0128343238	-0.1672351812	-0.0369216005	-0.1106730441	0.0119527033	0.002569462	-0.117232045	-0.0901490365	0.3004246706	-0.1277064226	0.000566402	0.0538534779	0.0359827682	-0.0775023696	-0.0364846514	-0.1239076532	0.1178056302	0.1110221742	-0.014565638	0.0266453806	-0.0019391389	0.0539430794	-0.0017696832	0.1694236494	0.0607738931	-0.0825153554	0.0611760236	-0.086578833	-0.016331775	-0.0929825959	0.0737336941	-0.0565784695	-0.0213240272	-0.0334551942	-0.1558324111	-0.0244231343	0.0881317271	-0.0562920733	-0.0709566057	-0.1125198774	-0.0179703473	0.0926367171	0.2117906931	0.0089528091	0.1177697579	0.1600289368	0.1299832059	-0.1053494289	-0.0491102778	0.0265861606	-0.02307831	0.1079263896	0.0502912584	-0.120075651	-0.0055304212	0.0292563806	-0.156106937	-0.138356968	-0.2055444305	-0.0193003751	-0.1137796655	0.0266194383	0.1389168486	-0.0632219535	0.0479680797	0.0927420225	0.0566531033	0.0571848347	0.0406624379	-0.0456170337	0.0453713251	0.2100292155	-0.0006714957	-0.1645890759	0.0978092747	-0.0489918051	0.0639225181	0.1360624964	-0.0246468756	-0.0285437691	-0.0078466352	-0.0654141906	0.0889809665	-0.0112366397	0.169572892	-0.0105195948	0.1101807034	-0.2220121924	-0.0349518335	0.0187699691	-0.0183603925	0.0722127134	0.0304242845	-0.0067919957	0.0844570184	0.078315518	0.1216274972	-0.0501816641	-0.0549249325	-0.0817264822	-0.0344083045	0.0399074442	0.1141688124	0.1009834314	0.080124019	0.0087169199999999	-0.00737558	5.439918033640145e-05	7.598469428639827e-05	-0.0391393	-0.0211609	0.00153188480449	0.00044778368881	-0.0141836	-0.00667497	0.0002011745089599	4.4555224500901325e-05	0.00109974	0.0010540222	1.11096279809284e-06	1.2094280676e-06	0.000463067	-0.0002356979999999	2.14431046489e-07	5.5553547203999984e-08	-0.000240702	-0.0003083338	9.506973222244e-08	5.7937452804e-08	0.0	0.0	0.0	0.0	0.0	0.0
627.2010179643897	0.0897360952504868	393381.1169355667	0.0080525667908044	882.0410207705297	0.2665391342892462	777996.362321918	0.0710431101076608	601.2225559659682	-0.5593765255408698	361468.5618022518	0.3129020973261753	621.1640318328837	606.0142488207885	1.116469	49.729988	0.130289821	0.0681907	-0.0688163875	-0.0523212289	0.019746598	0.1711435289	0.2684106394	0.1848960628	-0.001164574	-0.082392802	-0.1244117219	0.0994089606	0.0828940756	-0.0180574689	-0.0057187018	-0.0288781243	0.0180059582	-0.0551427679	0.1223170942	-0.0349171866	0.0278463084	0.0391618238	-0.1359975603	-0.0529704831	0.0203246696	0.1083838178	0.0814303286	-0.0176600008	0.0414167146	0.1180948778	0.002807536	0.0911987742	0.013373574	0.3075140818	-0.0015429017	0.0989137738	-0.0059682806	-0.0395184194	-0.0148597306	-0.0255581069	-0.0299300987	0.0671127068	-0.1100837676	0.0611182454	0.0360479744	0.0183623325	0.117850707	0.0341976611	0.0628024373	-0.1495443493	0.0597961292	-0.0089023697	-0.2116062767	-0.1590100285	0.109756925	0.0029808733	0.0326540698	0.0053787925	-0.2922893338	-0.1608019896	-0.0932061256	-0.1204333096	0.0023534686	-0.0763908866	-0.1399786789	0.0293824793	-0.1200834306	0.1821148498	0.0605346015	0.1564195805	-0.0705117671	0.0058041722	7.18662e-05	-0.0137002842	0.1231645158	-0.0721775178	0.1704312222	0.087461839	0.1373031728	-0.0148859995	0.1357160502	0.0116890314	-0.1513260585	0.0462593825	0.0716335285	-0.1464397485	-0.276392038	0.1211621546	-0.0192806192	0.023792811	0.0809228266	-0.0122750227	-0.1061373567	-0.0401702173	-0.0387896566	-0.0041672842	-0.0529079365	-0.0351145843	0.131858631	0.0356663512	0.010828884	-0.0157708435	0.0461379716	0.0088333312	-0.0636948899	0.0502096243	-0.0098392647	-0.0372879666	0.1345739814	-0.0061054621	-0.1087350882	0.0592449398	-0.0912242246	-0.0146751894	-0.1722843666	-0.0295991985	0.10245076	-0.2066740882	-0.2426974144	0.2470949619	0.0161053584	0.2165535703	0.0728549796	0.0025601878	-0.014526981	0.0163797106	0.1557434044	-0.0237895262	-0.1356813355	0.0935563442	-0.1309295041	-0.0497476254	0.1083104269	-0.050133302	0.0794765914	0.1506243413	-0.1963218286	-0.0535377358	-0.0435081898	-0.0730944016	-0.0162701863	0.0258879414	-0.0033258621	-0.3071793141	0.2339448834	-0.0652696446	0.0490187338	0.0315997016	0.0284583491	-0.0882327463	0.0432490982	-0.0713873828	-0.1533805534	-0.0293266441	-0.0188145683	-0.018942378	-0.0517494627	0.0796381116	0.0252991067	0.0755618384	-0.0619129027	0.0918868596	-0.129174223	-0.0661270487	0.0013326675	0.0162211938	0.0457053265	-0.0371917183	0.0457491733	0.135547884	-0.0457549664	0.0241767435	0.0715537163	-0.07978675	0.0088767809	-0.0261336001	0.0747977466	0.1134240387	0.0981268796	0.0741411618	0.0243217	0.0156047800000001	0.0002435091588484	0.00059154509089	-0.0204744	0.0186649	0.00041920105536	0.00034837849201	0.000214021	0.014397621	4.5804988441e-08	0.0002072914904596	7.64276e-05	-0.0010233124	1.04716826799376e-06	5.841178041760001e-09	0.000632019	0.000168952	3.9944801636100004e-07	2.8544778304000016e-08	0.000199484	0.0004401859999999	1.9376371459600002e-07	3.9793866256e-08	0.0	0.0	0.0	0.0	0.0	0.0
627.0881759573614	-0.1128420070283482	393239.5804255306	0.0127333185501857	871.9028419327153	-10.138178837814394	760214.5657703455	102.78267014750762	601.3666111623805	0.144055196412296	361641.8010209258	0.0207518996133851	620.9746511411589	593.4361641718651	1.110441	49.461483	0.099899001	0.057478	-0.1371726412	-0.1704535228	0.0536777613	0.1592876331	0.0656457941	0.1208363445	-0.1145325182	-0.0120460751	-0.0166201511	0.069263647	-0.0872687096	0.0084695454	0.0070883396	-0.0146262645	-0.0208922298	-0.0706272353	0.0786944553	-0.0139933503	-0.0250221267	-0.055219195	0.0535548591	0.0615828268	-0.1546870672	0.0814724159	0.0180475451	0.0580294396	-0.0745420791	-0.0162460857	-0.1303212194	-0.0051664626	0.0072163931	0.1165437647	0.0092274124	-0.0766124995	-0.0031671047	-0.0754039361	0.0440872518	0.0352340275	0.1150671154	0.1724592284	0.0203983124	0.0753986408	0.196178742	0.1632379205	-0.114279644	-0.0428966718	0.0285892229	0.0387982253	-0.0556159792	-0.0034600272	-0.0350076252	-0.0657801216	-0.3176572941	0.1088352488	-0.1047937776	-0.0023534739	-0.0346835064	-0.0001001695	-0.1421112336	-0.1359787765	-0.1650271291	0.057416527	-0.0198433586	0.1978283286	0.1004719387	-0.1149376875	-0.0209397962	0.0618302381	0.0020971269	-0.1797151281	-0.0671895544	-0.0666230161	-0.0424655313	-0.1406398192	-0.0386277958	-0.0195497374	0.0009266005	-0.1452802507	0.0284304003	-0.0772990438	0.0194399598	0.0588346771	-0.1389491644	-0.1308745986	-0.0745549694	0.0436006445	-0.1860665865	-0.0658960231	0.0411943161	0.162100591	-0.1282073954	0.0195839122	0.0624348406	-0.0041049294	-0.1204254719	0.044204739	0.0088468223	0.0259753533	0.0063028137	0.1833532531	-0.0054143201	-0.0491495904	-0.1857894822	-0.1157687767	0.0506012	-0.0557490725	0.0482223062	0.0081644519	0.1452389992	0.0934331312	0.0078293466	0.1137454273	-0.0161539511	0.0648661217	0.0823787126	-0.12670659	0.1348357652	-0.005227072	-0.1934446673	0.1191245898	-0.0658517964	0.1849557132	-0.1732613953	0.2299760946	0.0421983245	0.0434739401	0.0319447651	0.0601790126	-0.2205020586	0.0779200983	-0.0886892919	0.022591788	-0.1088199985	-0.1243907155	0.1078019019	0.0295442924	0.0001095111	-0.259815273	0.0971383405	-0.0763744325	0.0942001106	-0.079690526	-0.008020854	-0.153129648	0.1326838057	0.0071931538	-0.1234522336	0.1086540206	0.0290610045	-0.0491553451	0.0001699718	-0.0274731652	-0.0304889692	-0.0001299876	-0.0649202554	0.0628367499	0.1092515308	0.1281359567	-0.1338204891	0.1805902288	-0.1034031803	-0.0604910798	0.1047013823	0.0628227078	0.0827304424	-0.0079612494	0.0364185181	0.0493767424	0.010863735	0.1582712415	0.0947693683	0.0659442749	0.0017270679	-0.0672032919	0.0489092651	0.11262375	0.0950782398	0.067831818	0.0160972	-0.0082245	6.764240025000004e-05	0.0002591198478399	-0.0391532	-0.0186788	0.00153297307024	0.0003488975694399	-0.0149733	-0.015187321	0.00022419971289	0.000230654719157	0.000970572	0.0008941444	7.994942080513599e-07	9.42010007184e-07	0.000632019	0.0	3.9944801636100004e-07	0.0	-6.25392e-05	-0.0002620231999999	6.865615733823999e-08	3.9111515366400005e-09	0.0	0.0	0.0	0.0	0.0	0.0
626.112595112731	-0.9755808446303718	392016.98175879865	0.9517579844097096	872.4881241559821	0.585282223266745	761235.5267932244	0.3425552808720639	601.1786121593269	-0.1879990030536191	361415.7237178144	0.0353436251491547	620.7790676784069	574.4864796527409	1.089764	48.540478	0.10837526	0.0597499	-0.0922426707	-0.1948771763	-0.0444386336	0.1104698148	0.1696252421	0.0763354205	-0.0044043963	0.063800276	-0.0477643618	0.0103158038	-0.1186486504	0.0134843664	0.0427234586	-0.024194834	-0.0526357738	0.0206873957	-0.0017044481	0.0818378337	0.0191331835	0.1538135874	-0.0717525605	-0.1125624493	-0.043960873	0.0728539572	-0.0849509843	-0.0125869572	-0.0558629017	-0.0728083541	-0.0145610571	0.1547314367	-0.0041734632	-0.0650219533	-0.1133910417	0.0785628426	-0.0155385297	-0.0260175857	0.0214835669	0.009429956	0.0918370228	0.0037367576	-0.0091720389	-0.0117558911	0.2042324575	0.0896239827	0.0200147596	-0.2039468112	-0.0732699491	0.00868915	-0.0674749332	0.031525051	-0.0008316081	0.1371440603	0.2970026121	0.0207945058	-0.0431338522	0.0733373148	-0.0444610677	0.1397823588	0.1065351888	-0.137709337	-0.1501354805	0.035632603	-0.0143819189	0.0579872562	-0.1475627791	-0.1222648329	0.0765559804	0.0285456231	-0.0079250709	0.1913515522	0.0976736417	0.118791363	-0.0955680833	0.0089150408	-0.1294189996	0.1382727756	-0.0614191111	-0.0123035071	-0.1213632418	-0.1901657146	0.0941552701	0.0262370851	0.0757348907	0.1532235549	0.0006535555	0.0685672695	0.0328121664	0.0616359701	0.1329852208	-0.1040792249	-0.0061402016	-0.0139237451	-0.0743333551	-0.0175762258	-0.0455188377	0.0602160081	-0.0475681742	0.0029952631	0.0100848844	0.0768484511	0.0300889297	-0.0643165015	-0.1325347868	-0.036649111	-0.0666024825	0.0771536469	0.1357367103	0.092918135	-0.1696785257	0.1843598251	-0.0301557728	-0.051682625	-0.069309988	-0.054396954	0.0730201528	0.0864409728	-0.0675808772	-0.0976167309	0.1376867134	-0.1044562947	-0.1951847669	0.0082827579	0.0203891581	-0.1035002797	0.2000625196	-0.0891671711	0.1485726605	0.0007396875	0.022970505	-0.04406903	0.0327976824	-0.0992410037	0.1367336658	-0.0355386426	0.2288586454	-0.1100965124	-0.1593369265	0.0641771422	-0.045377412	-0.0804115633	-0.1112214452	0.1375749675	-0.0562388747	0.2178903659	0.0053952848	-0.0392029161	-0.0066614736	-0.0293158363	0.0006903188	-0.1611452913	0.0706252975	-0.0304263661	-0.0109249858	-0.0104195755	-0.0424978376	0.0530612562	0.0536838163	0.1043418229	-0.1200257786	0.1008747058	-0.0116058762	-0.024366132	0.0476600683	0.1157803822	-0.0439080443	0.0107715391	0.0479584275	0.0371289712	-0.0836940014	0.0121537991	0.0622051328	-0.0144621071	-0.0165875513	-0.1162934774	-0.00678386	0.111768338	0.0918434799	0.0612237711	0.022446	0.0063488	4.030726144000002e-05	0.000503822916	-0.0229117	0.0162415	0.00052494599689	0.0002637863222499	0.0037142	0.0186875	1.379528164e-05	0.00034922265625	0.000170571	-0.0008000009999999	6.400016000009999e-07	2.9094466041e-08	0.000632019	0.0	3.9944801636100004e-07	0.0	0.000479409	0.0005419482	2.9370785148324e-07	2.29832989281e-07	0.0	0.0	0.0	0.0	0.0	0.0
626.6492526857065	0.5366575729755141	392689.2858915545	0.2880013506319692	871.649476987117	-0.838647168865009	759772.8107319147	0.703329073845295	602.3241148031528	1.145502643825921	362794.33927340165	1.312176307012175	621.681771574123	577.693358511525	1.110648	49.47068	0.05538799	0.0279917	-0.0715779162	-0.2005393558	-0.1404550063	0.1000746482	0.1044735548	0.106127406	-0.0514156446	0.064047815	-0.2320084983	-0.1013062238	-0.0840713394	0.0755152597	-0.0982931318	0.0469111557	0.0386627392	0.0034858644	0.1049885098	-0.0487326957	0.0446701307	0.0718669069	-0.0485411524	0.0080700497	0.0318181754	0.0446968357	-0.0621643073	0.2049006776	-0.0294747866	-0.1569747903	-0.0792445509	-0.0252314769	-0.1098612346	0.1414995912	-0.0425715176	-0.0361764448	-0.0503935009	-0.0068410468	-0.0227582842	0.0895559132	0.0477766201	-0.0103603716	0.0411051075	-0.1227493874	0.1862742297	0.0872026242	-0.2572195263	-0.1512670763	-0.1474470279	0.0755082931	-0.2625876942	0.2492236314	-0.113222757	-0.0342319522	0.0570256238	-0.1065621215	0.1341065319	-0.1792989009	-0.0474107952	0.0736320981	-0.1560346272	-0.1984286224	0.0540670016	0.103813908	0.1520881642	-0.0488598648	0.0869109354	0.0321738859	0.1517001611	-0.0099526285	-0.0176199135	-0.0514350873	-0.0121080792	-0.0204185233	0.0372342005	0.1194888028	0.0721904073	-0.0781592836	0.0790638643	0.1336338577	0.0406534504	0.0665797272	-0.0135710598	-0.1817606498	0.1106073663	-0.1864620125	-0.0455859995	-0.0149787393	0.1059297573	0.1850259152	0.1088916074	-0.0235566616	0.0567441326	-0.0864932377	0.0597994362	-0.0492868602	0.0614697652	0.0946127401	-0.0844694934	-0.0091194519	0.0028754433	0.1034036208	-0.0390331135	-0.0333526084	-0.2135682381	0.1242579596	-0.0093245519	0.2066577062	0.0470260757	0.06350199	0.1240489093	0.3543109335	-0.167455356	0.1135113273	0.2463127266	-0.1011434225	0.0812799369	-0.0042241567	0.0098104122	0.0131703254	-0.0662260224	0.0499732976	-0.0979493485	0.0669064243	0.07595145	-0.0740216046	-0.0243321725	-0.0354340393	0.038497258	0.1883630896	0.1816962127	-0.0430308463	-0.0137128556	0.0952562789	0.0017819751	-0.0971844835	-0.1227148458	-0.0446903173	-0.0327120942	0.0016817126	-0.1355333908	-0.0880013988	0.0320287344	-0.1903592892	-0.0101778728	-0.1253229786	-0.265258774	0.0443198899	0.1771707096	-0.0379822493	-0.0336750171	0.0777601188	0.0598523539	-0.0151437016	-0.0244866156	0.0008445357	-0.0607452538	0.0468390085	0.0235677922	0.1826872594	-0.0775340867	0.1107143349	-0.0088941609	0.0438074327	0.0956983822	0.1340798196	0.0082455163	0.0776196951	0.0219187429	0.1031776883	-0.082041335	-0.0205346477	0.046592342	0.1803176446	-0.0210770713	-0.0543699345	-0.0846081953	0.1108582214	0.0884289321	0.0543461203	0.00867159	-0.01377441	0.0001897343708481	7.51964731281e-05	-0.0334987	-0.010587	0.00112216290169	0.0001120845689999	-0.00252293	-0.00623713	6.3651757849e-06	3.89017906369e-05	0.000414448	0.0002438769999999	5.9475991129e-08	1.71767144704e-07	0.000632019	0.0	3.9944801636100004e-07	0.0	0.000227497	-0.0002519119999999	6.345965574399998e-08	5.175488500900001e-08	0.0	0.0	0.0	0.0	0.0	0.0
628.1519827908047	1.5027301050981805	394574.9134840194	2.2581977687683885	865.0748340568691	-6.574642930247933	748354.4685185197	43.225929660259126	601.86703414455	-0.4570806586028766	362243.92678995687	0.2089227284688394	621.3784299897646	682.9209452295723	1.114494	49.642029	0.137538225	0.0581853	0.23300387	-0.0038809969	-0.0353213329	-0.0455267008	-0.0593697884	0.0067138375	0.0954097449	0.0500995936	0.0151628027	-0.1429351	-0.0475720748	-0.0009238295	-0.0165888111	-0.0791150304	0.004427586	0.1068345184	-0.0295801253	0.0217754715	0.0143595449	0.0111375204	-0.0391620482	0.0332959531	0.1524267182	-0.0127108861	0.1371135435	-0.0152205248	0.0049807656	0.0337282894	-0.029488662	-0.0216870011	0.0534543108	-0.0921055718	-0.0518174966	-0.0068898596	0.003396188	0.0224919328	0.0193250518	0.026729584	0.050996293	-0.053970769	-0.0060567071	0.0078480488	0.0942663331	-0.123957895	-0.1144811563	0.1579403244	-0.046778646	0.0388860026	0.0890794818	0.0699031768	-0.0239160536	-0.0287371467	-0.0040698311	-0.0239260026	-0.0186845953	0.0824818681	0.1455554975	0.0619046048	-0.1725518607	-0.0556314389	0.1248104207	-0.2713847123	0.10962037	-0.2116634968	0.0240275595	-0.1100257564	-0.3122648361	0.0164929985	-0.149258144	0.018051127	-0.0136370723	-0.0347529042	-0.152806136	-0.0027519549	0.0336238215	0.1114867942	-0.0425530347	-0.0512107648	0.0010850642	0.0430972264	-0.1136464318	-0.0499676567	0.1203758787	-0.0699409582	0.0316876128	-0.1063589138	0.0568609619	0.2823342315	-0.2587049973	0.1869074633	-0.0275117289	0.1252027177	-0.0443667485	0.0006839953	0.0534498325	0.0482764648	-0.1008634109	-0.0048567952	-0.0714639018	0.0071712172	0.0497744059	-0.0352989867	-0.0888350158	0.0780919983	0.0316151753	0.0526818853	-0.1248928146	-0.1058559441	0.0841657941	-0.1207435669	0.0037478295	-0.1266633496	0.1452082331	0.0552333976	-0.0155605365	-0.0546262063	0.1528028022	0.0895654802	0.0596241573	0.1031651256	-0.0622864773	0.0493897756	-0.1653667472	-0.1510757808	-0.1272231447	0.1216861119	-0.1322503545	-0.3713383982	-0.0221896701	0.0412576788	-0.1651696663	0.044110419	0.0575587529	-0.0551356838	-0.1779909303	-0.0833236896	-0.0056621783	0.0641718829	-0.1240241339	-0.075394771	-0.1454046234	-0.0297085552	-0.0162569626	0.0278251019	0.0746527379	0.0064784665	0.1918817707	-0.2125950359	0.0775236825	0.090273234	0.2656108054	-0.0210808778	0.0135529112	-0.0232598029	-0.0125505035	-0.0181971652	-0.0415669821	0.0286024355	-0.0056440565	-0.0152348247	0.0670062187	0.0573477539	-0.0328544941	-0.0163485822	-0.1156673831	0.0368350655	-0.0592892499	-0.1266379433	0.0680415353	-0.108461154	-0.0179287424	0.0290401158	0.0208302501	0.1964030948	-0.1643934839	0.1098938456	0.0848412804	0.0472291519	0.0160278	0.0073562099999999	5.411382556409997e-05	0.0002568903728399	0.00482553	0.03832423	2.32857397809e-05	0.0014687466050929	-0.0337825	-0.03125957	0.00114125730625	0.0009771607165849	5.95227e-05	-0.0003549252999999	1.2597196858008996e-07	3.54295181529e-09	0.000216337	-0.000415682	4.6801697569e-08	1.72791525124e-07	-0.00021386	-0.0004413569999999	1.94796001449e-07	4.573609959999999e-08	0.0	0.0	0.0	0.0	0.0	0.0
628.1515662097086	-0.0004165810961467	394574.39013170986	1.7353980966680998e-07	870.8896449770292	5.814810920160085	758448.773728216	33.812026037212966	602.7387772349131	0.8717430903631112	363294.0335826382	0.7599360155958274	622.4831877342442	675.536153521641	1.093129	48.69035	0.0764101849999999	0.0356492	0.2333501322	0.0548443517	-0.0707883156	-0.0627570075	-0.0197675909	0.0275700867	0.0797776407	-0.0032782746	0.0985515708	-0.1291325359	0.011664814	0.0856487443	0.011502488	0.0770486386	-0.0661250716	-0.0404443983	0.0789901159	-0.0529602469	0.119673513	0.0829274102	-0.1355772127	0.0415008362	-0.1117441078	0.0180822136	0.120723464	0.0993831452	0.0381677701	-0.0700447001	-0.0049201366	-0.0017823775	0.0318557783	-0.1655397612	0.147910746	0.0926748948	-0.0274241411	0.0309670206	-0.0226887937	-0.0109161253	-0.1032238624	-0.1118819759	0.1108519538	0.121393198	-0.3616977788	0.1495971274	-0.1541595445	0.1963883462	0.034799993	-0.0198226265	-0.0798315074	-0.0896839949	-0.049923163	-0.0661398386	0.1183379715	0.0394677021	-0.1065113153	0.0142293877	-0.057714727	0.1498102059	-0.0693447482	0.1314914231	-0.1431468596	0.1906299532	-0.0109536764	0.095376344	-0.0464747156	0.0146691016	-0.2195157608	0.1087531791	0.2606222888	-0.0126178183	0.1099860743	0.0114651505	0.0787259196	0.0598716379	-0.1558655367	0.1520538631	-0.1882604308	0.1012709821	0.2251554363	0.0897213404	0.0201762564	-0.0678082951	0.0448870008	0.0040371854	-0.0212507526	-0.0123270596	0.0104274575	0.1254778805	-0.0315552967	0.0177824113	-0.0253416227	-0.1044995078	-0.0494915122	-0.010926933	0.0935957837	0.0131664922	-0.0693987097	0.0131823098	0.0540397069	-0.0929937298	0.0268220317	0.210561211	0.1669221528	0.2211175581	0.0471868679	-0.2095388094	0.0606700474	0.0402246812	0.1480269133	-0.0516527909	0.0158890688	0.0407046578	-0.258749118	-0.1041722661	0.1371179696	-0.0134006456	-0.0063933957	-0.134722364	-0.1830333059	0.0998754216	-0.0806815457	-0.1169672847	-0.0876360572	-0.0196050917	-0.1125873023	0.1897838119	0.1219384456	-0.0129341497	0.0746622964	0.091747788	0.1326809251	-0.1803951953	0.0815120905	-0.0948167537	0.25743751	-0.0354008282	0.1383371836	0.0446207568	-0.0346549607	0.2105657142	-0.0931982926	-0.1824748075	-0.0099463869	0.0537755877	0.0429588431	-0.0460009408	0.1782269233	0.0416921895	0.0432436812	0.1650142735	0.0143868091	-0.0104260373	0.0120548874	-0.0074223429	0.007348975	-0.0171418967	-0.1134495126	-0.0076136466	0.0415347207	-0.042948907	0.0300432704	0.0648445421	-0.060380446	-0.0257927555	-0.1484782705	-0.0504422166	-0.1180732445	-0.1336670514	-0.0934883989	-0.2436644063	-0.0186632201	0.0030715778	0.1499744632	0.189311841	-0.0707204802	0.1088756826	0.081087548	0.039904206	0.0132805	-0.0027472999999999	7.547657289999987e-06	0.00017637168025	0.0239721	0.01914657	0.00057466157841	0.0003665911427649	-0.0233026	0.0104799	0.0005430111667599	0.00010982830401	-0.000286864	-0.0003463867	1.1998374593689e-07	8.2290954496e-08	3.16934e-05	-0.0001846436	1.00447160356e-09	3.409325902096e-08	0.000135838	0.0003496979999999	1.2228869120399998e-07	1.8451962244e-08	0.0	0.0	0.0	0.0	0.0	0.0
627.2178378787887	-0.9337283309198484	393402.2161533425	0.8718485959623657	871.3535341149762	0.4638891379470351	759256.9814146591	0.2151931323052434	602.2686361915454	-0.4701410433676756	362727.51014002407	0.2210326006588466	621.5325966318582	678.5475684680924	1.087982	48.461098	0.078080221	0.0399402	0.2192644491	0.123333613	-0.0585530148	-0.0620811003	-0.000582065	0.0445409163	0.0024233629	-0.0181287225	0.1080356307	-0.1071285444	0.0816832249	0.011235526	0.0035623011	-0.0293653275	-0.0026874689	0.0319814025	-0.0897913729	0.1384749223	0.0299079464	-0.077392324	0.0272639253	0.0849541025	-0.1088918957	0.1285720267	0.0416340625	0.1405558859	-0.096329272	0.042119127	0.0625725892	-0.0472153137	-0.031838304	0.1047060639	0.1005309641	0.0506375853	-0.0275336881	-0.0018756493	-0.0732726931	0.1086754647	-0.1159616405	-0.0823894125	-0.0479001349	-0.0486817437	-0.0872630172	0.0329884285	0.0161549965	0.106007635	-0.0006352689	0.1112835515	0.0222127672	0.065124123	-0.0989518273	-0.0522829482	-0.1543945404	-0.1012342676	0.0052330232	-0.0412742932	0.0565374326	-0.0882841278	0.0433800478	0.0539982801	0.0958008686	-0.112771891	0.0969917576	0.1676205145	-0.0824318375	0.1074350623	-0.1257882756	0.0312660877	-0.1009641041	0.1313474173	0.1206661745	-0.0127982053	0.0962307827	-0.1302524056	0.012046818	0.0364263735	0.0366353446	0.246923521	-0.0962507571	-0.1741117698	-0.0567753664	-0.1600028849	0.0159196704	-0.0054784131	0.1416847507	-0.1829784251	-0.1965087113	0.0464828883	0.2218505581	0.1219732342	0.0165907924	-0.0169254668	0.0383347732	-0.0130872368	0.1413239172	0.0254394504	0.04829968	-0.0254767805	-0.0205252899	-0.0597244708	-0.0371286264	0.07365798	0.0044698404	-0.028465065	-0.0374903577	-0.0060286616	-0.0105715091	0.0299511905	0.1457698401	-0.148662832	-0.0670603789	0.0676338257	-0.0020990288	0.0811994313	-0.0646178671	-0.1728986451	0.2032212895	0.0771791618	-0.0334100322	0.0582244719	-0.0127328281	-0.1449185493	0.1505813084	-0.0832391952	-0.0293286324	0.0088194842	-0.1105533597	-0.0255591346	-0.024491338	-0.0304853658	-0.0032652057	-0.0894319476	0.076276824	0.134626661	0.0603197954	0.0831206453	0.0411528993	-0.0636592661	-0.2986240079	-0.0565108223	-0.0730307975	0.0170647752	0.0292985698	-0.0552468475	-0.1506906438	-0.1076780284	-0.0700484952	0.0541675227	-0.176653056	-0.1988363219	0.0945859933	0.0037027146	0.0048847653	-0.0007028218	0.003800898	-0.0042417682	-0.0847051123	0.0585532956	0.097268988	-0.053834054	-0.0311897324	0.0388709998	-0.0017409327	-0.039915786	-0.1088754437	-0.0289392817	-0.0241046785	-0.0480278746	-0.0398327042	-0.0965880801	0.0985092955	0.0775694414	0.0975146963	0.1793453485	-0.1309195611	0.1078042307	0.077175083	0.0324035386	0.00401403	-0.00926647	8.586746626090002e-05	1.61124368409e-05	-0.000672031	-0.024644131	4.5162566496100003e-07	0.0006073331927451	-0.0206009	0.0027017	0.0004243970808099	7.299182890000007e-06	6.16482e-05	0.0003485122	1.2146075354884e-07	3.80050056324e-09	-1.14368e-05	-4.31302e-05	1.3080039424e-10	1.8602141520399999e-09	-0.000301878	-0.000437716	1.91595296656e-07	9.1130326884e-08	0.0	0.0	0.0	0.0	0.0	0.0
625.5220224375686	-1.6958154412201338	391277.8005543861	2.875790010680637	883.5836492742338	12.230115159257592	780720.0652647723	149.5757168087024	601.8351446055302	-0.4334915860151795	362205.54128235945	0.1879149551459558	621.8260614089681	570.3042582066996	1.128954	50.286102	0.070426681	0.0399919	-0.1437675285	0.1573852759	-0.015197657	0.0035262688	-0.0214007533	-0.2629033071	0.002753014	0.009106651	0.0169892451	0.0420055084	0.1397552853	0.0011097606	0.0343036596	-0.0139416553	0.038375547	-0.0479397294	-0.0282831983	-0.0070336195	-0.0323271379	0.1010409566	-0.1014265675	-0.0292636771	0.0555878791	0.0757927838	-0.1220974365	0.0648916565	0.1249481769	0.0204220777	-0.1116177498	0.0512653233	0.0423918895	-0.0909278175	0.0063433547	-0.0561335706	-0.0260956099	0.0244954252	-0.0952240895	0.0379552827	-0.1312619818	0.0319216813	-0.2005124928	0.0496966736	-0.0555818768	-0.1077777242	0.1229178084	0.0181174201	-0.0099334218	-0.0085224258	0.0892886911	-0.0247654589	-0.0661214817	0.1353156687	0.0935031492	-0.028356011	-0.0196299273	-0.2010814085	0.0151853819	-0.0596173713	-0.0709609882	-0.0860948824	0.0501606927	0.1859329603	-0.0642818457	0.1331115289	0.1282895462	-0.1519973445	-0.1402776395	-0.0944077237	0.1514365524	0.0607461238	-0.0417624366	-0.1656348081	-0.168239838	-0.2753571312	0.0831378113	0.0135628395	-0.1635084834	-0.014702423	-0.1237724256	-0.0237835425	-0.0364582294	-0.1205349829	-0.0103540971	-0.0407376295	-0.0441551901	0.1082875727	-0.1024953861	-0.0439077046	-0.1266817635	-0.2372968624	-0.0258898858	0.0781932907	0.1167727725	-0.0120087684	0.0573031228	-0.067732149	0.1450210065	-0.018099567	-0.0376956231	-0.0833680514	0.0494474924	0.0179304852	0.055446188	0.0764117074	-0.1326303861	0.0050515479	-0.057411828	-0.1377498889	-0.1265317065	-0.080118838	-0.0722216199	0.0261626852	-0.0667699639	-0.128412874	0.1342965275	-0.0262064454	0.1324948019	-0.0417778602	0.1797147743	0.0784541526	-0.0562482857	0.0776773193	0.1529782976	0.2386082778	-0.0847204008	0.0173823973	0.1038991942	-0.0348565531	0.1177521172	0.1547606695	-0.1168947546	0.1621778118	0.2250320232	-0.0990861879	0.1036941389	0.0602131308	0.0503413613	-0.1123838937	-0.1012462014	-0.0705154832	0.1032719842	0.0080722011	0.1388924979	0.0149823681	0.036879118	-0.0521434324	-0.1254465127	0.012164143	-0.0809889566	0.0315020942	0.0950217071	0.0137830112	-0.0018880648	0.0220789193	0.0041943279	-0.0038964526	-0.0725570051	-0.0126932052	0.095743063	-0.0649749402	-0.1606685897	0.0020310099	-0.0767276684	-0.0928457461	-0.0551801487	-0.1365181276	-0.0229221771	0.0060079623	-0.1561419048	0.0789388335	-0.0956648866	0.0837682471	0.0918129111	-0.1037301001	-0.1665134607	0.1066800145	0.073111544	0.0247601796	0.0008341219999999	-0.0031799080000001	1.0111814888464638e-05	6.957595108838332e-07	-0.000249218	0.000422813	6.2109611524e-08	1.78770832969e-07	0.00874622	0.0293471199999999	7.649636428840002e-05	0.0008612534522943	-0.000214349	-0.0002759972	7.617445440784002e-08	4.5945493801e-08	-0.000152098	-0.0001406612	2.3133801604e-08	1.978557318544e-08	3.10004e-05	0.0003328784	1.1080802918656003e-07	9.6102480016e-10	0.0	0.0	0.0	0.0	0.0	0.0
624.5495170481296	-0.972505389438993	390062.0992450519	0.9457667324878876	878.9911468085581	-4.592502465675693	772625.4361678242	21.09107889723732	601.5909670832912	-0.2441775222390561	361911.6916762095	0.0596226623668047	621.229320817284	602.403455981026	1.0684	47.588875	0.079346626	0.04045	-0.111722108	0.1680783565	0.0270334087	-0.0080435862	-0.1842011378	-0.2173382898	-0.0588296533	0.0626458472	-0.0871269204	0.0477276043	0.1217298192	-0.0195970656	0.0040795528	0.0029419462	-0.0506617389	0.0572797037	0.0258763722	-0.0567496305	0.0523647767	-0.1132920147	-0.0472235278	-0.052867573	-0.0358135801	-0.0361280914	-0.1358436972	0.0353244305	0.0481807481	-0.0628428517	0.0022321198	-0.1224246423	-0.0821369819	0.0634460054	-0.0771266802	0.0103807982	-0.0086835839	0.0084324713	-0.0819239831	-0.035660892	-0.1544809697	-0.0451309718	-0.0983966146	-0.049381872	-0.1134435523	-0.1445920905	-0.09943453	0.0174096349	-0.0962501735	0.0817943135	-0.0085605276	-0.0665532603	0.0577823155	0.0456919648	-0.1407723169	0.0469884682	-0.2327119033	0.0266970172	0.1419882045	0.1024612424	0.0236297824	-0.2151029815	0.0353005915	0.2510801968	0.127583531	-0.0531152207	0.0482610719	-0.013580149	0.1492771905	0.0435155237	0.006647314	-0.0162621845	0.0418829675	0.0030841817	-0.0248027854	-0.1208258263	0.0303085809	-0.1713761937	0.1612468516	-0.2295655914	0.0192533313	-0.2619207545	0.0158533023	-0.112441494	0.172792424	0.2327853622	-0.0227731769	-0.0593738721	-0.0175822947	0.0700399999	0.0097693651	-0.0407404949	-0.0530666105	-0.0003248045	-0.0439476771	0.0009918894	0.046436615	-0.0658272457	0.0931851354	-0.0316399595	-0.0088858729	-0.1096097458	0.0356344031	0.0996950574	-0.0114206937	0.0880113305	0.0140307586	0.1827891178	-0.1121932543	-0.0467385168	0.0902630174	-0.1033579426	-0.0678620082	0.0388896858	0.0251669107	0.0525887544	-0.0808315921	0.1234675331	0.2038863025	0.0244548136	0.024774352	-0.1116441325	-0.088494266	0.0900247603	-0.2312947156	-0.0472404323	0.0128325576	-0.0075201856	0.0561771057	0.3010751683	0.0310167566	-0.036919959	-0.033491624	0.068740683	0.1677514734	-0.0470265434	0.2279337825	0.0158937778	0.0437941605	-0.0213261217	0.2256210508	-0.1280126337	0.0897949497	0.0755647661	0.2773713365	0.0292852011	-0.0663452277	-0.1106931572	0.0017472397	-0.1742277274	-0.0166004124	-0.0352720961	-0.0961556053	0.0121858788	0.018982499	0.0261056214	0.0187676003	-0.0112185591	-0.0443139621	-0.0614015045	0.0654868284	-0.0555214272	-0.1373257559	0.0702327107	-0.0792481971	-0.0879840885	-0.0845283005	-0.0762819586	-0.08188693	0.0506573799	-0.0874501992	0.0313215019	0.049428419	0.1541475611	-0.0546526909	-0.0110763296	-0.1890661736	0.1055035841	0.0689048858	0.0170077871	0.0139319	0.0130977780000001	0.0001715517885372	0.00019409783761	0.00481691	0.005066128	2.32026219481e-05	2.5665652912383995e-05	-0.00364792	-0.01239414	1.33073203264e-05	0.0001536147063396	0.000324526	0.000538875	2.90386265625e-07	1.05317124676e-07	-0.000378533	-0.000226435	1.43287232089e-07	5.1272809225e-08	0.000241462	0.0002104616	4.4294085074560006e-08	5.8303897444000014e-08	0.0	0.0	0.0	0.0	0.0	0.0
623.832721509592	-0.7167955385375535	389167.2644260642	0.5137958440673414	878.1063735526055	-0.8847732559526094	771070.803273708	0.7828237144489816	601.5676541461152	-0.0233129371760014	361883.64251486	0.0005434930397721	621.0377470434447	589.8407419308297	1.058402	47.143528	0.05311486	0.0287798	-0.1391128388	0.1785174759	-0.015557563	0.0025438069	-0.1741339471	-0.1657763176	-0.1722542374	0.1062110943	-0.1415331147	-0.0047796455	0.1482491507	-0.0177778826	0.0144836682	0.0129987261	0.0221109161	0.1030948842	-0.0937944139	0.1111203003	0.0469954998	-0.0196374672	-0.0237611457	0.0318849272	0.073849361	0.0272506767	-0.1125651762	-0.022863518	0.0304351175	0.0226204232	-0.0623010525	-0.0313154021	-0.08736229	-0.0480087084	-0.1350334001	-0.0410542291	0.0049812552	0.0170339512	-0.0529740624	-0.0110417854	-0.051772652	-0.1029748542	-0.0426803779	0.0001704737	-0.0282361119	-0.0842936386	0.0449232325	-0.1011809927	0.0064582157	0.0237747377	0.0114447178	0.0703982317	0.2054396605	-0.0611104294	-0.101283616	0.1159752743	0.0697827212	-0.0690368239	0.1647034862	-0.1347347418	0.1412354529	0.0340509628	-0.1563408125	0.1568576759	-0.1224610063	0.0493717147	0.1727424259	0.2458965335	-0.0185471253	0.0641893749	0.0096007348	-0.0012263327	0.1186622424	-0.0452186314	-0.0613138325	0.1316880018	0.0529067233	0.1574252608	0.2343057195	0.0545037953	0.0776746292	0.016663633	-0.1133186753	0.0005210342	0.0970107299	0.0192919976	-0.0375543253	0.1553834927	0.0441904657	-0.0302089914	-0.0457451966	-0.0636655845	-0.105201445	0.0819916497	0.0302722501	0.0134208276	0.0701302427	-0.0567745225	0.0538793114	-0.0366457175	-0.0450053958	-0.0817577517	0.0218239905	0.0321510636	0.0842264308	-0.0566547697	-0.1041572643	0.1704071668	-0.0745063571	-0.0250762122	-0.0253373151	-0.1018351346	-0.0025409683	0.1259100997	0.1079827901	0.0591654246	0.0634495403	0.1665939045	-0.0155690563	-0.0274940754	-0.0416010992	-0.1792364486	0.187679116	0.0231592484	0.0884082969	0.2186066378	0.0740001173	0.1916417512	-0.0127360853	0.0492278189	0.0190704957	-0.0707066563	0.1357614128	-0.0723998806	-0.145305885	0.1732969998	-0.0174216314	-0.139265316	-0.1355657467	-0.0920429036	0.0343233365	0.108720691	-0.1237720456	-0.1067336589	0.1209418081	0.0078518634	-0.1028981482	-0.1134272523	0.0843641694	0.0188640491	-0.0166727538	0.0819521556	-0.0056054718	0.0233807288	0.0147312332	0.0270016694	0.0182503254	-0.0396049433	-0.0639488409	-0.0225306185	0.066408809	-0.0566968047	-0.1607732636	0.0625867106	-0.0923278783	-0.1245808673	-0.051263897	-0.0426444157	-0.1000480186	-0.0381693063	-0.0782347034	0.2064284461	-0.2617739809	0.1577813274	-0.0512914373	-0.0922038901	-0.2074696289	0.1042755153	0.0645633431	0.0091804995	-0.00321747	-0.01714937	0.0002941008913969	1.03521132009e-05	-0.0154393	-0.02025621	0.00023837198449	0.0004103140435641	-0.0052752	-0.00162728	2.782773504e-05	2.6480401984e-06	0.000472067	0.000147541	2.1768346681000002e-08	2.22847252489e-07	-0.000335517	4.3016e-05	1.1257165728900003e-07	1.8503762559999999e-09	0.000150379	-9.108300000000002e-05	8.296112889000005e-09	2.2613843641e-08	0.0	0.0	0.0	0.0	0.0	0.0
623.8298765324233	-0.0028449771687064	389163.7148544585	8.093895090461049e-06	879.7126061194164	1.6062325668108317	773894.2693654154	2.579983058683712	601.250407366345	-0.3172467797701301	361502.0523581958	0.1006455192745174	620.9204454993584	570.7788754326808	1.098497	48.929455	0.08359951	0.0435314	-0.159160668	0.1590109491	0.041772042	-0.0376502624	-0.0662743315	-0.2067061367	-0.0876577686	-0.0625322931	-0.1809876446	0.0862216809	0.1356819461	-0.0282367344	0.0042818937	0.0362435906	0.1203714511	0.0101461856	-0.0409638081	0.0310363008	-0.0165625692	0.1397579111	-0.0953692188	0.1192708932	0.1050494854	0.038658315	0.0187000581	-0.0437655464	0.0154317529	0.0537744854	-0.0208386917	-0.1876827358	-0.1025165025	0.0348118563	-0.028446349	-0.0304210516	0.0009716666	0.0153970045	-0.083393805	-0.0392185245	-0.0861861542	0.0467242034	-0.1450722986	0.0379735695	-0.2038876081	0.0245586683	-0.0858125377	-0.1905795552	-0.2050619888	-0.052228696	-0.0083156046	0.098309088	-0.0339693864	-0.0105583843	-0.0088466449	-0.0024275301	0.0375382461	-0.2084818877	-0.0156439536	0.0317840533	0.2184547739	0.0088666881	0.0114965851	-0.055028113	0.0477861503	-0.1544128643	0.1197979879	0.0467832326	0.0210656406	0.0955194739	-0.0977803397	-0.0150100996	-0.0077154115	-0.1191279307	-0.1221353849	-0.2223926948	-0.1324615317	0.0421810224	0.0664497891	0.0219143559	0.2119891488	0.1502660278	0.287868234	0.1158218787	-0.1178125076	-0.1381061803	0.1539009462	-0.067257636	0.1746059307	-0.0411491265	-0.0636461784	0.0239083196	-0.0759928248	-0.0977631371	0.0033478586	0.006046995	-0.002286882	-0.1053954714	0.1425023525	-0.0586478622	-0.0031008452	-0.0151185671	-0.0185731081	0.1429360867	0.0679833818	0.1023000758	-0.1045955237	0.2000134657	-0.1092900134	-0.042918975	-0.0502505696	0.1517820329	0.0357827142	0.107310844	0.0225062825	-0.0777133191	0.0146424359	-0.0304610155	0.144336803	-0.0395805165	0.0737872248	0.0400427992	0.1083740654	-0.0739449347	-0.046083833	-0.0273742819	0.0343322404	-0.0109814477	-0.2248254484	0.1155002526	-0.0389670694	-0.0114883547	0.1174571327	0.2542672162	-0.0999595023	-0.0125611278	0.1418786885	0.0379048429	0.1041771571	0.1087522128	0.019836397	0.0546647228	-0.2299749689	0.0467121323	-0.2215470511	-0.1015123604	0.0854569726	0.3412937877	0.1068441517	0.1009791657	0.0665071746	0.0599700214	-0.1698279851	0.0263495377	0.0133012695	0.0302516309	0.0257261668	-0.014884098	-0.0224481585	-0.0757206124	0.0509668688	-0.0960745455	-0.1175035776	0.0396421363	-0.1192008773	-0.0752035451	0.0356424488	-0.0658180908	-0.1200074827	0.156777254	-0.1121149862	0.057952951	-0.0727536813	0.0943500585	-0.0554440471	-0.034041732	-0.150348335	0.1029964092	0.0600954145	0.0013127847	0.0283558	0.03157327	0.0009968713784929	0.00080405139364	0.00417808	0.01961738	1.74563524864e-05	0.0003848415980644	0.00337616	0.00865136	1.13984563456e-05	7.48460298496e-05	0.000170571	-0.000301496	9.0899838016e-08	2.9094466041e-08	-0.000380193	-4.4676e-05	1.44546717249e-07	1.995944976e-09	0.000279357	0.000128978	1.6635324484e-08	7.8040333449e-08	0.0	0.0	0.0	0.0	0.0	0.0
626.5846193745996	2.754742842176256	392608.2852368119	7.588608126521318	881.8967946150349	2.184188495618514	777741.956352273	4.770679384392268	601.7021922398758	0.4517848735307552	362045.5281462724	0.2041095719512005	621.6059095299312	643.2954964373816	1.131969	50.420368	0.08487598	0.0474249	0.0004406831	0.1745302995	0.1617654565	-0.0445207374	-0.2040083746	-0.1461561408	0.0477830539	-0.0120736689	0.0474835051	0.1029914926	0.045383184	-0.069495219	-0.0089576599	-0.0321503588	0.0246038202	-0.0627504264	0.0080938313	0.0685404752	-0.0297615644	-0.0037845557	-0.0855160227	0.1081194971	0.0503184097	-0.0637054467	0.1044686634	-0.1228874116	0.0577828694	-0.0570437481	0.0724244074	0.00171648	-0.0372433598	-0.1174889429	-0.0276416333	-0.0276039927	0.0089626205	-0.0059141553	-0.0351433973	-0.1419842295	0.0112648294	0.0253697601	-0.0071703646	0.1320669274	-0.1512829529	-0.2995907715	-0.0081050216	0.0077690585	0.0561917626	0.1701801627	-0.0879603104	-0.038729236	-0.0961502924	0.1010264777	-0.0554917241	0.0469840216	0.0492923068	-0.1133522258	-0.0758647219	0.1183388982	-0.0643406319	-0.1019390361	-0.0790431474	-0.0065916874	-0.0868802003	-0.0448644559	-0.130123393	-0.1304743521	0.0934117674	-0.1288827373	-0.2617110287	-0.0228392865	0.0948618592	-0.0797884456	0.1435636374	0.0908995427	0.026817487	0.101789037	0.0718213298	-0.033591734	-0.0609870987	0.2416897975	-0.1153010409	0.2584309676	-0.0014760506	0.1454698473	0.12597345	-0.101161856	0.0205956595	-0.0335984935	0.0797942349	-0.0293327724	-0.0483502198	0.0168606612	0.1128597432	0.0180320629	-0.0736190015	-0.0826789071	0.0743919602	-0.0180004754	0.0370860464	-0.0194327298	0.1693343563	-0.0243621453	0.1857174439	0.1390069031	0.1721546616	0.0621564734	-0.1395730122	0.0351994188	0.0303185547	-0.1096669756	-0.102883051	-0.0960669352	0.1102027434	-0.1243752003	0.0566449419	-0.042693032	0.0256070502	-0.0316138039	-0.0404667623	0.0353635365	-0.0341056726	-0.0119468925	-0.0377976291	-0.0366360233	0.2349326666	-0.1910084809	0.1804431024	0.0236815287	-0.0491455027	0.0493175242	-0.2456066173	0.0665020134	-0.1062067646	0.1287050642	-0.138331559	-0.0179902491	-0.0572609192	-0.0536749124	0.075079154	0.234981947	-0.1909023445	0.1679653656	-0.0959251417	0.0297608488	-0.0755586286	-0.0097931665	-0.0621721539	0.0937436611	0.0540938565	-0.1045529369	0.002891451	0.0109813628	0.0419993454	0.03159852	0.0546243596	0.0207023168	0.0738363227	-0.2288330768	-0.0344642184	-0.0327595928	-0.1267314713	0.0788746037	-0.1667694991	0.0267940761	-0.1477069461	-0.1334971088	-0.1610732493	0.1833053982	0.0683351876	-0.0317472236	0.1294049285	-0.0208187502	-0.1808834489	0.1020084166	0.1499029519	0.1016668918	0.0555098464	-0.006560711	0.0673762	0.0390204	0.0015225916161599	0.00453955232644	0.0152971	0.01111902	0.0002340012684099	0.0001236326057604	-0.0125694	-0.01594556	0.0001579898163599	0.0002542608837136	0.000398338	0.0002277669999999	5.187780628899999e-08	1.58673162244e-07	-0.000452683	-7.248999999999998e-05	2.04921898489e-07	5.254800099999997e-09	0.00035492	7.556300000000001e-05	5.709766969000001e-09	1.259682064e-07	0.0	0.0	0.0	0.0	0.0	0.0
625.0649757753049	-1.5196435992946815	390706.2239409825	2.3093166688772957	877.5841697390313	-4.3126248760036106	770153.9749765449	18.59873332112516	601.3923819781213	-0.3098102617544782	361672.79710131855	0.0959823982883783	621.1675130955991	605.1793996933725	1.039482	46.300808	0.1005985	0.0555818	-0.0953335974	0.0988933809	0.1326120505	0.0176209238	-0.190824195	-0.1158765539	-0.0155281705	0.0607061667	-0.0625292466	0.1319655639	0.0225670039	-0.0701316437	0.0414955382	0.0139655646	-0.0996597322	0.0191572731	0.0483896001	-0.0785606234	0.0391481155	0.0239064423	-0.0807248642	-0.0119637754	0.0075239758	-0.1001390915	0.1744003765	-0.0141432144	0.0841962615	-0.0420829896	0.0371773829	0.0257707717	-0.0147774701	0.1314375639	-0.0637770112	0.0947793567	0.0185428523	0.0146574136	0.0061201725	-0.0454157659	-0.0330180881	-0.0546704013	0.0325560138	0.1210581172	-0.1933415249	-0.1214665281	-0.0011227972	-0.148937158	0.0354199198	0.2109714346	-0.0231969731	-0.0345923537	0.0487367331	0.1314164236	0.2412348457	-0.3171888311	0.0015358433	0.1403811013	0.0732868511	0.0497993195	0.0483405964	-0.078250092	-0.0576947621	-0.2121986966	0.0898143452	0.1776824775	0.1508299144	0.0109376372	0.1118789727	0.0547496991	-0.0974276794	-0.1135947306	-0.2330940661	0.0599347062	0.1243222139	-0.085052216	0.0700229438	0.0713482862	0.0290988274	0.0289914869	0.0972350577	0.0139972947	-0.0560991385	-0.0555358042	0.0368223278	-0.0424363836	-0.0586386579	0.0794524692	-0.0375250737	-0.0611223706	-0.0428737919	0.0664561552	0.0899415591	0.0194581029	-0.1847484255	0.0270491536	-0.0750040238	-0.0859884196	0.0324390936	0.0105053272	-0.0156534583	-0.0112054275	0.1154873513	0.06819298	0.2235688907	0.0890777464	0.1107776595	0.0191710904	0.0039212113	0.1294694791	0.036605578	0.1249787059	-0.1660002889	-0.1859492582	0.0102659672	0.0870744403	-0.0925201562	0.045229902	0.0568820238	-0.1794683705	0.2093016375	-0.0647404995	-0.3688667721	0.0214784302	0.0675181341	0.0164691416	-0.0493428087	0.0683954101	-0.1688629219	0.0651565319	-0.0965452054	0.0364762524	0.1810889132	0.0503107483	-0.0709512549	0.1322145904	-0.1708136126	0.0046250022	0.0428348613	-0.0666103839	-0.0091792119	-0.0436797767	0.0208759405	-0.1018436603	-0.0648900285	-0.0276577637	0.0619490016	-0.0713293662	-0.0367640099	-0.0282501262	0.1261793234	-0.1120114501	0.0498516219	0.0083940821	0.0522993118	0.0250751848	0.0479883348	0.0145950685	0.0800310797	-0.2256829339	-0.0848929162	-0.0403656422	-0.0960839506	0.1250711983	-0.1564427749	-0.0138737553	-0.0839789833	-0.0260886092	-0.2243953321	0.1851721976	0.0586886976	-0.092384756	0.096414236	-0.0324696042	-0.1962063648	0.0463905848	0.0866686674	0.100287614	0.0508156151	-0.0144053161	0.0732577999999999	0.0058815999999999	3.459321855999887e-05	0.0053667052608399	0.0510388	0.0357417	0.00260495910544	0.00127746911889	-0.0185621	-0.0059927	0.00034455155641	3.591245329000002e-05	0.0010763	0.000677962	4.596324734440001e-07	1.15842169e-06	-0.000551047	-9.836400000000004e-05	3.036527962090001e-07	9.675476496000006e-09	0.000638244	0.000283324	8.027248897600004e-08	4.073554035360001e-07	0.0	0.0	0.0	0.0	0.0	0.0
625.225497299502	0.1605215241970654	390906.9224734096	0.025767159730549	876.2472031335953	-1.3369666054359186	767809.1609994483	1.7874797040508432	601.5376045985014	0.1452226203800819	361847.489746103	0.0210896094700573	621.3637293090337	555.2228334881432	1.149745	51.212185	0.1512136	0.0762180999999999	-0.1761486638	-0.0617428242	0.0738549096	0.0479614122	-0.0945795283	0.0029751956	-0.0797041901	0.032432637	0.110521614	0.0694569329	-0.0488498298	-0.0399436804	-0.0375562631	-0.0016269647	0.0584142055	-0.0357164858	-0.0090678441	0.1190258153	-0.1115318041	0.0722845127	0.1139039129	0.0481026671	-0.0669645755	0.0788730902	0.144555091	-0.0251419296	-0.0779874794	-0.0224333582	0.0484634122	0.1221491858	-0.0547922713	-0.1442495697	-0.0610788802	0.0477211396	0.0179547019	0.0436354053	0.0666946388	0.0627514889	0.1814521814	0.0899121065	-0.0062012378	0.1005596909	0.0419656732	-0.03794432	0.113761804	0.0630700447	0.1083813915	0.0848571246	-0.0344363597	-0.2019528076	0.0439739103	0.1478818094	-0.0693184564	0.1296825044	-0.2034601606	-0.0122951254	-0.11781834	-0.0802205549	-0.1099429008	0.0144968012	0.0480778919	-0.0234380723	0.2901041411	-0.113440084	0.1390727836	0.1674160778	0.1201841129	-0.0211399922	0.0269511699	0.0192702571	0.2103389607	-0.0648530619	-0.1256986182	0.0059178864	-0.0689804457	0.0809004218	0.0455134492	0.2334391621	-0.0139172529	0.0484056814	0.1305680964	-0.0666473498	-0.0185427085	-0.005471527	0.0255770623	0.2875060254	-0.0250305139	0.0729392641	0.0576210146	0.1055219209	0.0758858759	0.0813728464	-0.0959876537	0.0129901365	-0.0857556789	-0.0545727509	-0.0091384932	0.0316125761	-0.0499380151	0.1747256104	-0.0115934063	-0.0816957499	0.0556681535	-0.1233854679	0.1704975339	-0.1373848557	-0.0310473438	-0.0603231031	-0.0894677301	-0.0400374623	-0.1940316213	-0.0964486911	-0.0409198758	0.1519168562	-0.0117289609	0.2518353647	0.0225834641	0.1396866143	-0.1243777556	0.144508235	0.1585252577	0.1109627233	-0.0432049664	-0.0163516534	-0.0880218325	-0.0811042442	-0.053089422	0.1082286776	0.1169119435	-0.079979759	0.0657874026	0.1261511068	-0.0991747956	0.0919979525	0.314540753	0.0181090582	-0.07765294	0.0297058852	-0.2174714103	0.1152765556	0.0530957131	-0.0800396818	-0.0786263577	0.0622329163	-0.1188705296	0.0071781683	-0.003857448	-0.023529936	0.0404334237	-0.1275857327	0.1344916953	0.0252454886	0.0178628781	0.0503909167	-0.0154429937	-0.006060686	0.1366002047	-0.0718892702	-0.1288705459	0.0595328462	-0.0986141872	0.0792736857	-0.01157483	-0.0345814189	0.1127065887	0.0936010081	-0.1019347954	-0.0286027316	0.1342878239	0.0327944889	-0.029889398	-0.0965680931	-0.0768707458	-0.1870412517	-0.0052525452	0.0988592507	0.0460219099	-0.0221864862	0.0251982	-0.0480595999999999	0.0023097251521599	0.00063494928324	0.0106135	-0.0404253	0.00011264638225	0.00163420488009	-0.0150064	0.0035557	0.00022519204096	1.2643002490000011e-05	0.00181182	0.0007355199999999	5.409896703999999e-07	3.2826917124e-06	-0.000328999	0.000222048	1.0824034200100001e-07	4.930531430400002e-08	0.000412352	-0.000225892	5.102719566400002e-08	1.70034171904e-07	0.0	0.0	0.0	0.0	0.0	0.0
625.4789909691962	0.253493669694194	391223.96814384375	0.0642590405750291	876.6414431941736	0.3942400605782268	768500.2199255634	0.1554252253647239	601.4836570347206	-0.0539475637807527	361782.58967986144	0.0029103396378783	621.5061050163662	566.8652584063165	1.10793	49.349617	0.0997086	0.0551676	-0.146098492	-0.0901317271	0.0718058945	0.059522242	-0.1021826235	0.0540840723	0.0121233502	0.0741848987	0.0834326542	0.0845851539	-0.0742938161	-0.0425213301	0.0169035209	-0.0091868044	-0.0346752486	-0.0387518037	0.0808187395	0.0411390962	-0.0878152	0.0895771655	0.0017843339	-0.15231198	-0.0058352728	-0.020309319	-0.0157316044	0.0614434355	0.1141576674	-0.1017243247	0.0046252557	0.0239186049	-0.0670461669	0.0464061889	0.0844464454	0.060378259	0.0144160431	0.0233390403	0.0564135816	-0.0494081345	0.1124311198	0.0735948278	0.0203427775	-0.0200789929	0.000117913	-0.1106042833	-0.0456837796	0.1525681417	0.0714990897	-0.0193955368	-0.1208095201	0.1156985718	0.190734217	-0.0989331085	-0.0656388405	-0.172469044	0.0882039899	-0.2061745486	0.0835923845	-0.0891415303	0.0232868092	0.0589938838	0.1935011792	0.0847226683	-0.0055357925	0.1937464703	-0.1380250326	-0.014302733	0.1036517614	-0.2678602686	-0.0629037592	-0.0385258221	0.0748651336	-0.038335481	0.0387846681	-0.1074422423	-0.0726395514	0.0033392604	-0.1806120681	0.1246384434	0.070515856	-0.1097064985	-0.1759500252	0.0193369323	-0.1179782458	-0.0014050025	-0.0983633822	0.014189331	0.1702192574	-0.1418645733	-0.0362263624	-0.0401152423	0.0522880471	0.0293330086	-0.1749870216	0.016436268	-0.1015479636	-0.0382974519	-0.0261229913	0.0174690144	0.0039691576	0.0667973903	0.0203457707	-0.1184942795	0.0237519887	0.162194497	-0.0024569916	-0.1270964641	-0.0050956087	-0.0500697397	0.1226189922	0.0364265892	0.0379280892	-0.0016381116	0.179382047	0.0711951889	0.0273808507	-0.0108766536	0.0620931573	0.0938767472	0.0448071387	-0.1936754311	0.164514937	-0.0935260902	0.4101954828	-0.0538712918	-0.0194147021	0.0019658893	0.0917236936	0.1439179092	-0.0142460931	0.1172076078	-0.1045053806	0.0826642955	-0.0275711157	-0.0566026289	-0.0852906549	-0.0247368227	0.1881943092	-0.1366518684	-0.1031044972	0.0263499597	0.0826485269	-0.0716308312	0.0312946894	0.260154074	0.2327997769	-0.0618055787	0.0066291257	0.0733830202	-0.023474607	-0.052345605	-0.0711586435	0.025419601	0.0321709732	0.0490564712	-0.0074349044	-0.0173432458	0.1021817285	-0.1025339819	-0.1510998829	0.0225804097	-0.028753521	0.0839309494	-0.0276905	-0.0239415407	0.0888512243	0.0092545011	-0.1447864903	-0.0455711546	0.1156933812	-0.1661178551	0.0150099523	-0.0423689956	-0.0435495089	0.0573030038	0.0064909847	0.0973825011	0.0411381146	-0.0298699563	0.0252238	2.5600000000000626e-05	6.553600000000317e-10	0.00063624008644	0.046103	0.0354895	0.002125486609	0.00125950461025	-0.0128088	0.0021975999999999	0.00016406535744	4.8294457599999965e-06	0.00116946	-0.00064236	4.1262636960000004e-07	1.3676366916e-06	0.000201502	0.000530501	4.0603056004e-08	2.814313110010001e-07	0.000479409	6.705699999999998e-05	4.496641248999997e-09	2.29832989281e-07	0.0	0.0	0.0	0.0	0.0	0.0
625.921049315439	0.4420583462427885	391777.1599761401	0.195415581482909	872.1952037909724	-4.446239403201162	760724.4735159759	19.769044830578625	601.2640282239751	-0.2196288107455757	361518.43163612107	0.0482368145095159	621.1141057629035	555.6375755541352	1.085754	48.361847	0.110790174	0.0588232	-0.1409515302	-0.1313275617	0.0348112237	0.0258811747	-0.1172854815	0.0116121095	-0.0165765778	-0.0104447902	0.0839273678	0.0319779728	-0.1026857688	0.0037954322	-0.0339306982	-0.0189090753	0.0088043992	-0.0067424786	0.1051608931	0.0076639656	-0.1439414619	-0.0621246548	0.115386537	0.0168456013	-0.0138069988	0.0026175471	0.0013665992	-0.0073901857	0.0156936108	-0.1040355754	-0.0604080699	-0.098320123	0.0430026832	-0.1021478667	-0.1031181677	-0.0135893984	0.0203157142	-0.0113571913	0.0469770892	0.0121176646	0.1839378494	0.1182781321	-0.0337246179	0.1016191481	0.109102395	0.0875846283	0.1076307379	0.0885707216	0.0042842866	-0.0328662089	-0.0370458222	-0.032951081	0.0443224656	0.2362004062	0.0261608721	-0.0861612728	0.0932403775	-0.19943658	0.0585465513	-0.0355706956	0.1813454341	0.1009733192	-0.0646987892	-0.1136207954	-0.0941400379	0.087119268	0.0698963765	0.1133063115	0.0579400904	0.0593173374	0.1120909139	0.0328270139	0.0062062866	0.1826022035	0.1448470701	-0.0655526112	-0.1449227376	-0.0818724696	0.0065642446	0.0375874513	-0.0185269483	-0.052595052	-0.0323319748	-0.0611725897	0.0128733736	-0.0280622926	0.1186690075	-0.1826316235	-0.0485989765	0.2766247882	-0.0787823749	-0.0070551921	-0.1116965679	0.0324678001	0.1484186721	0.0142227646	-0.0926857088	-0.0053403279	-0.0740644312	-0.0248430646	-0.0298283815	0.1559742435	-0.0129614813	-0.0887980618	-0.0510227414	-0.0741377763	-0.020494751	-0.1252516172	0.0374777205	-0.1081484771	-0.0832240016	-0.0505058997	0.011226259	-0.0870965069	0.0389573854	-0.008467423	0.0227297071	-0.0922922108	0.1007708799	-0.1681238463	0.0312958564	-0.0993404091	0.019996918	-0.0552280481	0.1853243674	0.1205830928	0.0053249142	-0.1890791983	-0.0567889334	0.019717626	0.0377773741	-0.1813551416	0.2113553838	-0.1430312931	0.0349477451	-0.0059826088	0.0399202358	0.2566317983	0.1411406167	-0.0748554465	0.0249152889	-0.021801356	-0.164144434	0.053900858	-0.0719204329	-0.1202401295	0.03910975	0.0645125259	0.2464919572	-0.0935912233	-0.110892755	0.0286276504	0.1797418781	0.0348329815	0.0114507157	0.0541187091	-0.0261192529	-0.043425896	0.1064168369	-0.0072283928	-0.1549497355	0.0792872046	-0.0064607641	0.0543973896	0.0584533464	-0.0282729103	0.1364650479	0.0772678755	-0.0470722359	-0.181616621	0.1122521117	0.0189374533	-0.0302919211	-0.0262152432	0.0045622037	-0.0574972567	-0.0095007956	0.0958580879	0.0361737896	-0.0374218916	0.000521326	-0.024702474	0.0006102122217206	2.71780798276e-07	0.0106264	-0.0354766	0.0001129203769599	0.0012585891475599	-0.016623	-0.0038141999999999	0.0002763241289999	1.4548121639999988e-05	0.0018695	0.00070004	4.900560016000002e-07	3.49503025e-06	0.000201502	0.0	4.0603056004e-08	0.0	0.000243511	-0.0002358979999999	5.5647866404e-08	5.9297607121e-08	0.0	0.0	0.0	0.0	0.0	0.0
624.4366587401241	-1.4843905753148192	389921.1407785302	2.20341538008346	871.9136835343812	-0.2815202565911932	760233.471534493	0.0792536548711712	601.6446986599677	0.3806704359926698	361976.3434256434	0.1449099808388493	621.7803400693297	553.7771068147605	1.080249	48.116653	0.086389514	0.0534308	-0.1553444829	-0.0854705859	0.0660061522	0.0262654257	-0.0846229147	0.0238177095	0.0773952378	0.1304214525	0.1559150314	0.0500715303	-0.1244289712	-0.0441765859	0.0541169222	-0.0671759235	-0.1074375567	0.0516702403	-0.0418535114	0.0167897813	-0.0531098806	0.1009967972	0.047363379	-0.1199261424	0.0338056999	0.0233552463	-0.0234027256	0.0588644112	-0.1003303934	-0.0224595057	-0.0231702596	-0.0698081648	-0.0320674594	-0.0591537689	0.1924151	-0.0011700094	0.0081406064	0.0170141146	-0.0086998677	-0.0784591399	0.1939894243	0.0823762437	-0.105648647	0.2087403683	-0.0591032165	-0.0052815276	0.0122076524	0.0459336995	0.0927521815	-0.3754796174	-0.0858807227	0.005248987	-0.1778007217	-0.0498908347	-0.240618047	-0.1493219692	0.0945465761	0.1454148315	0.05712955	-0.1613651382	0.1041393744	0.0538762404	-0.0279559749	0.1039340586	0.0690665635	0.0302267677	-0.1170662345	-0.1736237843	0.1984025719	0.042779851	0.010148953	0.0540886655	0.0037118323	-0.0313933321	-0.1132223721	0.1083358117	0.0666480804	-0.0055897919	0.0290628772	-0.0171769174	0.0842010006	0.0342366729	0.0870214838	-0.0972070517	0.0493488441	0.1725212779	0.1119234384	0.0062576109	0.0583908075	0.1437852527	-0.0947344538	0.0258457162	-0.0168561946	-0.1262539847	0.0796650131	0.016547346	-0.1218771493	-0.0609480972	-0.0688733257	-0.0676199786	-0.0444412646	0.0614339443	0.0882902703	-0.1001866267	0.0218003216	0.0811313509	0.0404803492	-0.266281009	-0.0861200022	-0.2667635773	0.0065698944	0.0502484365	-0.0367847047	0.4172842514	-0.0486307134	0.1020213889	-0.1134791622	-0.1380148754	-0.0809702864	0.015496111	0.0692003557	0.0060376437	0.0280791525	-0.0682248633	-0.0008857882	-0.0267500307	0.160454408	-0.0754021298	-0.01429987	0.0504598549	-0.0747334134	0.0604061042	-0.0719949405	-0.0650225169	-0.0185308305	0.0295061647	0.0636031442	-0.0973896368	0.0297696249	0.1316406898	0.0906878745	-0.0738489957	0.0553002685	0.1640371009	0.0784416661	0.017062329	-0.1807992248	0.0685015429	0.1635117051	0.0580957859	0.1179026264	0.1552464777	0.1123659672	0.0446579602	0.0242666818	0.0670821271	-0.003558706	-0.0524920858	0.0707983887	-0.089431627	-0.1401061796	0.0228990967	-0.0456872643	0.0415972838	0.0213437848	-0.0512064841	0.1120043712	-0.0168715804	-0.0553292484	-0.1233215616	6.19664e-05	-0.0959467376	0.0020246248	-0.008460261	0.1687729666	-0.0732433647	0.0189272463	0.0942867573	0.0311386526	-0.0448090364	0.00424673	0.003725404	1.3878634963216e-05	1.80347156929e-05	0.0420035	0.0313771	0.0017642940122499	0.0009845224044099	-0.00533239	0.01129061	2.8434383112100003e-05	0.0001274778741721	0.00109351	-0.00077599	6.021604801000001e-07	1.1957641201e-06	0.000201502	0.0	4.0603056004e-08	0.0	0.000219573	-2.3937999999999987e-05	5.730278439999994e-10	4.8212302329e-08	0.0	0.0	0.0	0.0	0.0	0.0
623.9505730551726	-0.4860856849514903	389314.3176158783	0.2362792931147594	872.3992558756601	0.4855723412788393	761080.4616524054	0.2357804986150136	601.1112296508666	-0.533469009101168	361334.71041237685	0.2845891836713821	621.1214402278038	558.3201940013593	1.048744	46.713364	0.1193191499999999	0.057443	-0.1361035393	-0.0875763447	0.0849965871	-0.0232658472	-0.1049731325	0.0724158294	-0.0318573043	0.0250537728	0.11513841	0.0660882465	-0.1098220146	-0.0370682468	0.0013278694	-0.0041252921	-0.0382854955	0.0337208957	-0.0629028444	0.0113873845	0.0021380097	0.036880242	0.1750815194	0.0762026274	-0.0085974525	0.0259478716	0.0655224858	0.0177636311	-0.0887913313	-0.1033787771	-0.0564090922	-0.0843603175	0.2530174925	0.1213321649	0.0068883624	-0.0084809962	0.0195129095	0.0602649395	-0.0131832528	-0.1354966746	0.1250867331	0.0427036631	-0.1319080783	0.0230410605	-0.0390330614	0.008914214	-0.1580577427	-0.05967311	0.2322210086	0.030111539	0.0063565231	-0.1170378783	0.0531594402	-0.1249859707	-0.1341942309	-0.1960111655	-0.0473877245	0.121382518	0.0196438386	0.142359136	0.0847029672	-0.1711738689	0.0069201315	0.0190813415	-0.2179083184	-0.0841961071	-0.0952606659	0.0253905338	-0.0652837271	-0.0546970904	0.0539617963	-0.0510465588	-0.0232649956	0.0558392978	-0.0622400564	-0.0669580775	-0.0220744541	0.0218132288	-0.0400120035	0.0312749499	-0.0726959191	0.0680476955	0.1918118348	0.050965846	0.1610629057	-0.0818674713	0.0053556757	-0.0572753267	-0.1253786091	-0.1540962476	0.0322796684	0.0394649938	0.1049573909	0.1640257019	0.0631399479	0.0214173682	-0.1325726396	-0.0939405984	-0.0755912482	-0.0752723106	-0.0137283765	0.0495406102	-0.0038796215	-0.0103642543	-0.042814007	-0.0949233302	0.0928256907	-0.1714373788	-0.228631443	0.0747843437	0.1732006092	0.0251093313	0.0358792486	0.0681766698	-0.0016539704	0.0101390681	0.0769271042	-0.1161003463	-0.0329810696	-0.0575888707	0.1278631865	-0.0745988938	-0.0151613926	0.0842072736	-0.145666974	-0.0148697828	0.1328420914	0.2237537335	-0.0004225895	0.0460334404	0.0121972621	0.0754583465	0.0480434818	0.0391337386	0.0213345871	-0.0394493718	-0.0624516319	0.1259672958	-0.0173771913	0.2020806424	-0.0734763592	0.0731803552	-0.1731582768	-0.014897753	-0.0492945379	-0.0334804511	0.0464384335	-0.1327673193	-0.251476847	-0.0841450463	-0.1612710107	-0.0757065777	-0.0479826464	0.0581240285	0.02246354	0.0702681712	0.0185035658	-0.098934868	0.0721781705	-0.0920947192	-0.111826918	0.0388388963	-0.0195077802	0.0322788898	0.0226840473	-0.0344416365	0.070067117	-0.0468971333	-0.0431671127	-0.2280282527	0.1057188591	0.0937506598	-0.0145093188	0.0491591768	0.1414039024	0.0416916441	0.0408826121	0.0926692784	0.0260425603	-0.051998861	-0.0092132	-0.0134599299999999	0.0001811697156048	8.488305423999999e-05	0.00204929	-0.03995421	4.1995895041e-06	0.001596338896724	-0.0178963	-0.01256391	0.00032027755369	0.0001578518344881	0.00157234	0.0004788299999999	2.2927816890000003e-07	2.4722530756e-06	3.5014e-05	-0.000166488	1.225980196e-09	2.7718254144000004e-08	-0.000201931	-0.000421504	1.77665622016e-07	4.0776128761e-08	0.0	0.0	0.0	0.0	0.0	0.0
623.9653994177339	0.0148263625612798	389332.81967053225	0.0002198210267985	872.8564429325772	0.4571870569171778	761878.3699689115	0.2090200050125908	600.936277362508	-0.1749522883585541	361124.4094503092	0.0306083032018946	621.1100938060671	557.9603167480051	1.063166	47.355766	0.13087826	0.0654194	-0.1248022055	-0.0779259724	0.0595344921	-0.0401125773	-0.1349312098	0.0133474677	0.0419693684	0.0622178808	0.0908264367	0.0604822489	-0.1026851316	-0.0373452435	0.0290768046	0.0291826795	-0.0772464348	0.0203064213	0.0030125182	-0.0154976894	-0.0670529146	0.0842294342	-0.0274053649	-0.0648169921	-0.0636416644	0.0351165855	-0.0436497989	-0.0075121938	0.0966027557	-0.0466799192	-0.0464871103	0.0606576317	0.1295688374	-0.0218467936	-0.0515837334	0.0863371716	0.0182666314	0.0266649439	-0.0085437755	-0.0972691711	0.1087817089	-0.0125751858	0.1257778056	0.1322122884	-0.0417222626	-0.0790635081	-0.0669802135	0.1075110124	-0.123234192	0.2005721321	0.0955889832	-0.1727085807	-0.0815096214	-0.1776168754	0.0254553362	0.1278490656	0.1068287987	0.041591085	-0.0830642736	-0.0707378671	0.1578162818	-0.0345373594	0.0608830606	0.0888150255	0.0988051228	0.0448578388	0.0606056078	-0.1151651406	-0.0511755691	-0.1018277896	-0.0288774142	-0.1223083144	-0.2561696201	0.1421857713	-0.0504715697	0.1965196705	-0.0056083683	-0.0241468309	0.0881859966	0.1480594219	-0.0136232466	-0.1494759003	0.0004088562	-0.0137051653	0.0134212453	-0.1292168937	-0.0121186912	0.0843479596	0.1252131796	-0.0172096639	0.0078383489	-0.0999446831	-0.0755569569	0.1838882752	0.1689764546	0.0209698907	-0.0927145455	-0.0434626636	-0.098520928	-0.0584774463	0.049958066	0.0461102755	0.0683710786	0.0274163954	0.0843520154	0.0265105991	0.0864961225	0.0009460015	0.0135325074	-0.1047344238	0.1698016355	-0.1426186082	-0.028790968	-0.0468168475	-0.0871812433	-0.2163373614	0.0417113914	0.1022706341	-0.0702791079	0.158668113	-0.1235089943	-0.1353287792	-0.1490972128	-0.1283521181	-0.0209326583	0.1052921473	-0.1811403929	-0.057033829	0.0196284176	0.1285087095	-0.0310383585	0.0078223488	0.0987693858	-0.0406791257	-0.2185823374	-0.1249706341	-0.1716107888	-0.1867695058	-0.2309965639	0.034417064	-0.0835460574	-0.1980811812	-0.0048732464	0.0332894274	-0.0595550603	0.0441505118	-0.0424922951	0.0084949828	-0.0451281492	0.0175655968	-0.0478010195	0.099936651	0.018030025	0.0481527094	0.0495392092	0.0827332	0.0619743593	-0.062174042	0.0390767044	-0.1408963333	-0.159481847	-0.0163210299	0.0141844317	0.135982933	-0.0392325415	0.0107822665	-0.0047048235	0.0042919072	-0.0811759662	-0.0275913948	-0.0009662267	0.0066303266	-0.0105125626	-0.0736181522	0.1964012469	-0.0263467868	0.0280279178	0.0910064429	0.0208954884	-0.0589597043	0.0249393	0.0341525	0.00116639325625	0.00062196868449	0.0144399	0.01239061	0.00020851071201	0.0001535272161721	-0.0076978999999999	0.0101984000000001	5.925766440999846e-05	0.00010400736256	0.00109351	-0.0004788299999999	2.2927816890000003e-07	1.1957641201e-06	-0.000287551	-0.0003225649999999	8.2685577601e-08	1.0404817922499999e-07	0.000479409	0.00068134	4.642241956e-07	2.29832989281e-07	0.0	0.0	0.0	0.0	0.0	0.0
624.8395583127881	0.8741588950541654	390424.4736325201	0.7641537738023194	871.4485459695757	-1.4078969630015763	759422.5682724876	1.9821738584290616	601.3018751794492	0.3655978169412037	361563.9450943219	0.1336617637521739	621.1394792920639	549.2338838054926	1.164108	51.85191	0.13634779	0.0747694	-0.0818339502	-0.1246152529	-0.0934528207	-0.0553558978	-0.153653844	-0.0032100153	0.0322124971	0.0366216154	-0.1426920785	-0.1153312848	-0.0942203524	-0.0097643311	-0.1363350387	0.127214304	0.0627659551	-0.0073866749	0.0986077112	0.1034091714	-0.0185272921	-0.0537526553	0.0343637931	-0.0135921564	0.1562705555	-0.1098207811	-0.042464385	0.0029338228	0.0364350819	-0.1266276656	-0.0729195562	-0.0723026652	0.1315111176	0.0625439144	-0.0827551157	0.0695087795	0.027330612	0.0777196981	0.0864270809	0.0759802866	0.1454371638	-0.0467235684	0.1873116083	-0.1054595835	-0.0243808956	-0.1873163134	-0.1482449418	0.0731913666	-0.0436699687	0.0185228171	-0.1563054195	-0.024522971	-0.3246419382	0.1069783349	-0.0193651346	0.0394923693	0.0262196196	-0.15523485	0.1588390913	-0.1677910535	0.0063233723	0.0013918942	0.0090218088	0.0434447846	0.079002225	-0.0738687034	-0.0113508703	0.1951150417	-0.1930043355	-0.0330292345	-0.0634282508	0.0617807472	0.0845171988	0.1969892944	0.1480511392	-0.03379864	-0.0161418756	-0.1164515069	0.0072020376	-0.2911506893	-0.0363777757	0.0365916015	0.0975244928	0.0627397811	-0.0908231761	0.0044504089	-0.1107165317	0.0756679936	-0.10528385	-0.2177545176	-0.0781705888	-0.0042372748	0.0518157898	-0.1243121957	-0.0124950195	0.0185722099	0.046442384	0.0222010991	-0.1910432842	0.0276534023	-0.0247759246	0.0875667706	-0.0547872541	-0.0850306887	0.0334152746	0.1508551548	0.1041836316	0.2032107195	-0.1556312337	-0.0232775186	0.0254264199	0.0474014666	-0.2101265847	-0.0584957714	0.1353448348	-0.1169269088	-0.1057699478	-0.143239103	0.1022483873	0.1890009576	-0.0998393599	-0.006903091	0.0952143499	-0.1235023391	-0.0087805796	-0.0095461338	-0.1115092091	-0.0950424621	0.0769815611	-0.1552407338	-0.021565747	-0.0667696364	0.1584834787	-0.2092350244	0.1117548791	-0.0140621378	0.0099170628	0.0413616927	0.0240191149	-0.0354015461	0.2946568238	0.10372264	0.1538876268	0.0276616431	-0.0537117746	-0.1168143101	0.1056159449	0.0694074205	-0.1036441987	-0.078486493	-0.0909756224	-0.0235279433	-0.1116373786	0.0499625843	0.0310446909	0.075836059	-0.0121425527	-0.0771413874	0.0320096272	0.0107300839	-0.1020520088	0.0304135325	0.1049855838	0.1928204465	0.0415960739	0.0324420577	0.0219335657	0.2077452338	-0.0522399622	-0.053580629	0.1193922245	-0.0856112589	-0.1442195867	-0.0998313111	-0.0200709046	-0.0301535371	-0.0440637922	0.0892990645	0.0157075127	-0.0656609137	0.00944353	-0.01549577	0.0002401188878929	8.918025886090001e-05	-0.00924726	-0.02368716	8.55118175076e-05	0.0005610815488656	-0.0210675	-0.0133696000000001	0.0004438395562499	0.00017874620416	0.00225228	0.00115877	1.3427479129000005e-06	5.0727651984e-06	-0.000215477	7.207399999999999e-05	4.6430337529e-08	5.194661475999998e-09	3.43478e-05	-0.0004450612	1.9807947174544003e-07	1.1797713648399996e-09	0.0	0.0	0.0	0.0	0.0	0.0
623.7758129100037	-1.0637454027844342	389096.2647715359	1.1315542819450182	862.642241469748	-8.806304499827661	744151.6367679511	77.55099894368492	601.5119513453616	0.2100761659123691	361816.62761130463	0.0441319954844412	621.220217371981	525.0606480729685	1.103147	49.1366	0.1242764	0.0745051999999999	-0.0886314403	-0.0649172505	-0.1385958605	-0.0517355307	-0.0504115789	-0.0160306975	0.0793990365	0.0447341364	0.0232856313	-0.1223448904	-0.0676533565	0.024438406	0.0174925038	-0.0498822775	-0.0469212871	0.0949549127	-0.0869248571	-0.1668722223	-0.1644598731	-0.0339479301	-0.0264417484	0.0193818919	0.1750814737	-0.0438028062	0.115148005	-0.0697109201	-0.0363916753	-0.0439620113	-0.1626649459	-0.0562656955	0.0498765999	-0.0150150047	-0.033009385	0.0602647832	0.0008724513	0.1031128635	0.0153246533	0.0639521636	0.0799387263	-0.1002608563	0.1213943834	-0.1090361107	0.0774847105	-0.0464175606	0.1657560091	-0.1241954223	0.1421714361	-0.0520348012	-0.2326156823	-0.0987242995	0.0808382414	0.2226917763	-0.0401065216	0.1115529467	0.0143222117	0.0228430463	-0.0504409955	0.0915127727	0.0214244538	-0.0147615563	0.2212851822	0.1214502695	-0.0961566905	-0.0063681888	-0.0297596759	0.128461552	0.0253762862	0.2206876383	-0.1391554494	-0.126214685	-0.0905788413	-0.0654961886	-0.1799837793	-0.007334273	0.0152955015	0.1323024348	-0.2140380635	-0.0504474198	-0.1025453166	0.1426920213	0.0041068019	-0.1755477997	0.0313344809	-0.0192577315	0.0759120646	-0.1643018153	0.0990050788	-0.0469154808	-0.0592166275	-0.0961905617	0.0539486871	-0.0533541605	-0.0354209902	-0.0010906103	0.0993707567	0.0134088018	-0.1589143426	-0.0160600377	0.0149534	-0.0076327547	-0.0387006902	-0.1141463929	0.0105035336	-0.0243612218	0.2101816075	0.0182916681	-0.1066335254	0.0075593759	-0.4727082009	0.0134276142	0.0383152652	-0.0366584475	0.0496158788	0.0746380111	-0.0285620573	-0.0342271843	0.1067600051	-0.0587259318	-0.1737864313	0.038484159	0.0321319356	0.0951622673	0.0902228237	0.0712079174	0.0574752871	0.2388250868	-0.0913780498	0.1569094273	0.0005005203	0.0125494207	-0.060374864	-0.0318883519	0.1852437581	-0.2003203666	-0.0592843475	-0.0574136345	0.0122458508	0.1879186724	-0.0284917153	0.024887455	-0.0247905862	0.0161227516	-0.1204792826	0.0585952814	-0.1148523771	-0.0081134797	-0.0597958368	0.0488577886	-0.0062604508	0.0345371103	-0.1092177785	0.0656387974	0.0212992687	0.0910532785	-0.0139186776	-0.0419305948	-0.0260732143	-0.0242743111	-0.0127742882	-0.0246536711	0.0597635374	0.152847776	0.0156831508	-0.0026244474	0.0740447906	0.0541141992	0.0592434699	-0.0228616887	0.0167246499	-0.1180637047	-0.0855308899	-0.0395654782	0.0221227366	-0.1044790932	-0.037040813	0.087547979	0.0104887887	-0.0720729799	0.00655463	-0.0028889	8.345743210000004e-06	4.29631744369e-05	0.0137724	0.02301966	0.00018967900176	0.0005299047465156	0.0156862	0.0367537	0.00024605687044	0.00135083446369	0.00123762	-0.00101466	1.0295349156000002e-06	1.5317032644000002e-06	-0.000265075	-4.959799999999998e-05	7.0264755625e-08	2.459961603999998e-09	-0.000133677	-0.0001680248	2.823233341504e-08	1.7869540328999997e-08	0.0	0.0	0.0	0.0	0.0	0.0
623.7943480517514	0.0185351417477477	389119.3886613096	0.0003435514796091	880.069426227578	17.42718475782999	774522.1949805383	303.706768583542	602.0191027359268	0.507151390565241	362427.0000589704	0.2572025329522575	621.8334979304301	530.0091885641293	1.145184	51.008999	0.1382417	0.0693615	-0.098779626	0.0436117768	-0.1662558571	-0.0364942758	-0.0039638151	0.0144381437	-0.038934027	-0.036709631	0.0426475972	-0.1045171911	0.119920865	0.0383363872	-0.086441866	0.0696649027	-0.0215591332	0.0147513214	-0.0201797618	-0.0047944692	-0.0100335334	-0.0920975652	0.2425794679	-0.0583606421	-0.0229601205	0.0292532392	0.0205269977	-0.0768591722	-0.0977358298	-0.1227801196	-0.0087460702	0.1203841227	0.0257711128	-0.0649018679	-0.0493776791	0.0896775956	-0.0275579622	0.1046398757	-0.0524903585	0.1074848676	0.0306932473	0.0701957352	0.0499328599	-0.1345261229	0.1164580677	-0.0973832973	-0.1956155787	-0.0581624698	-0.0634604498	0.0947346592	0.0802730077	-0.004745432	0.0346971287	-0.112677988	-0.083480366	-0.0408027599	0.1682018269	0.1987249892	-0.0853448192	0.1013958255	0.0669951948	0.2281114694	0.0354323716	0.0126788178	0.0201441471	0.0764899871	-0.1558913105	0.0750663981	0.1111402708	0.0464215789	0.1937402919	-0.0067443991	0.1040437521	-0.1690423938	-0.1405154874	-0.0530365332	0.0800931773	0.1832957936	0.050527945	-0.0511512221	-0.0996070812	-0.0692830424	-0.0427439972	0.1714841245	0.1067965671	-0.0576090788	0.0605750108	-0.0144820164	-0.0557165384	-0.0702428992	-0.1834391727	-0.0017240842	-0.0773787774	-0.1055692206	-0.0190321618	-0.0219246013	0.1475912125	-0.0555092488	-0.0074109368	-0.0124895454	0.002947777	0.0420404984	-0.1109756182	-0.0893955819	-0.1381669479	-0.1418436654	0.1559214828	0.1203193434	-0.0549003804	-0.0422138263	0.2190783103	-0.0192025557	0.1683745714	-0.0304411627	-0.0234808629	-0.0107864354	-0.1680049422	-0.0390068921	-0.2248588991	-0.0758716685	-0.0862410689	0.0017099417	-0.0508562736	-0.0774878758	0.1724704602	-0.0424423599	0.1815267072	0.2129682326	-0.0406497726	-0.0178786994	0.0342844517	0.0689993768	-0.0509338914	0.1774432596	0.1320954282	0.0331146314	0.1183532625	-0.046932716	-0.1690552396	-0.0451461773	0.0203291602	0.027641285	-0.0245499899	0.0839043902	0.0492024573	-0.1055764881	0.149341618	-0.1002527592	0.1095826188	0.0977330342	0.0933037804	0.043318746	-0.0003785299	0.0786721598	0.0056956218	0.0962227319	-0.0371830883	-0.039756527	-0.0831981429	0.0744535639	0.0597203999	-0.0042240209	-0.019181662	0.0997338452	0.0108643693	-0.0481707092	0.0429266696	0.039385129	0.1358281468	-0.0677839872	0.0470069242	0.1285606463	-0.1410896338	0.0907917196	-0.0204576836	0.063538833	0.0133240666	0.0857540434	0.0052495325	-0.0781676667	-0.00593839	-0.01249302	0.0001560755487204	3.52644757921e-05	-0.0290365	-0.0428089	0.00084311833225	0.0018326019192099	0.0200956	0.0044094	0.00040383313936	1.944280836000001e-05	0.00218625	0.0009486299999999	8.998988768999996e-07	4.779689062499999e-06	3.53906e-05	0.0003004655999999	1.25249456836e-09	9.027957678336e-08	-0.000455189	-0.000321512	1.0336996614400002e-07	2.07197025721e-07	0.0	0.0	0.0	0.0	0.0	0.0
623.0633224955455	-0.7310255562058501	388207.9038391882	0.5343983638260724	874.0900529354649	-5.9793732921131095	764033.4206407238	35.752904966435565	601.32118278615	-0.6979199497768604	361587.1648673344	0.4870922562965354	621.2647752668162	528.9894772382792	1.111317	49.500507	0.0669774479999999	0.0397367	-0.1071023463	0.0735317314	-0.0933677518	-0.0250329141	0.0073236512	0.0302672006	0.011651078	-0.0312768475	0.022980172	-0.0231649341	0.0739208679	-0.039114198	-0.0341708981	-0.0210048764	0.0327731736	0.1090452758	-0.0576545384	-0.0452520223	-0.1215468559	-0.0513327813	-0.0076865505	-0.0293736304	0.1117163131	0.1312988687	0.0211274347	-0.1272026923	0.0656404732	-0.0873109247	-0.0786992191	-0.0348810885	0.033486111	-0.1014280614	0.1177158899	0.1820395745	-0.0051019113	0.0904243504	-0.0215870581	0.0217480149	0.0349695395	0.0238762875	-0.0368952583	-0.0187863623	0.1311941826	-0.1819039583	-0.1263763669	-0.0229546588	0.0323555665	-0.2014449676	0.1400772384	-0.1683314727	-0.0951033381	0.0464814237	0.2081175777	0.1143471732	0.0412280252	0.1170390933	0.0054820474	0.1748811854	0.073856124	0.0292917082	-0.0390978952	0.1638072718	0.0065638436	0.26970211	-0.0692865385	0.0797494025	-0.1328578101	-0.0127323397	0.0067371415	0.0666672855	-0.0373491531	-0.0764452777	-0.0596680614	0.0372162572	-0.1956549182	-0.2530074913	0.1450171746	0.0028561894	-0.07523205	0.2260999122	-0.1741368309	-0.0890790425	0.0358626329	-0.0590726945	0.0130286195	-0.0280250853	0.0437330505	0.0172595112	0.1131263135	0.1118026831	0.0500625779	0.080976658	-0.1187008806	0.0069942441	0.0639131217	-0.0890945748	0.0127010253	-0.0015109016	-0.0074592236	0.0159232994	0.0443523083	-0.050841159	-0.0794123472	-0.003547421	0.0546485028	0.0873186063	-0.2257497813	-0.1773353793	-0.1905682876	-0.0310736489	0.0438895582	-0.0378629912	-0.2965145703	-0.0775317811	0.0694642604	-0.0845940313	-0.146946859	-0.0177733459	-0.0469739324	-0.1341861219	-0.0876140021	0.0144739258	0.078245681	-0.24201522	-0.0200798067	0.1536626648	0.2293012612	-0.1120469213	0.0199716172	-0.0625129072	0.0157036028	0.0954825928	-0.1429296246	0.0337961698	0.0149874735	0.161307119	-0.0255977482	-0.1465915465	0.1879706804	-0.1363532136	0.061564504	-0.2027672277	-0.1006786131	0.1448304242	-0.1727128195	0.0537540453	0.041830788	-0.1073409688	-0.0785754234	-0.108334042	0.0115161637	0.0789886864	0.0153735902	0.1022173121	-0.003135963	-0.0432208271	-0.0531837207	-0.0267254206	0.0331581576	-0.0168380032	-0.0401289637	0.0759934035	-0.0027814013	-0.0503322381	0.093356409	-0.0139663969	0.1072992272	-0.0119683678	0.0042802739	0.0145687699	-0.0637497712	-0.0418705275	0.0389217067	-0.0151494878	0.0783398483	0.0839181358	0.0	-0.0839181358	0.000559573	0.006497963	4.2223523149369e-05	3.131219423289999e-07	0.00309673	0.03213323	9.5897366929e-06	0.0010325444702329	0.0200527	-4.290000000000197e-05	0.00040211077729	1.8404100000001686e-09	0.00174035	-0.0004458999999999	1.9882680999999975e-07	3.0288181225e-06	9.38907e-05	5.8500100000000006e-05	8.815463546490001e-09	3.422261700010001e-09	-0.000393522	6.1667e-05	3.802818889e-09	1.54859564484e-07	0.0	0.0	0.0	0.0	0.0	0.0
623.6487923542238	0.5854698586782661	388937.81620488176	0.3427749554207488	882.0344829561918	7.944430020726941	777984.8291237967	63.11396835422746	601.1401418486662	-0.1810409374837718	361369.4701418345	0.0327758210450029	621.601695727895	538.4960001354235	1.147643	51.118557	0.0645907879999999	0.0326907	-0.1310801115	0.0370717731	0.0860443182	-0.0351296154	0.0353613556	0.0529964599	0.0580176222	-0.0585768337	0.0812209815	0.1264787649	0.046671741	-0.025983354	-0.0322174455	0.0530494191	-0.0206071722	-0.0647352842	0.0370396055	-0.0903877471	0.0123772563	0.0398550906	0.0367348966	0.1254565256	-0.0226321966	-0.028840205	0.0815883531	-0.0305474947	-0.0460296428	-0.0259996492	-0.2169297227	-0.014313984	0.1097800645	-0.0952661887	-0.0519374383	0.1579836263	-0.0080984503	0.0716183565	-0.0725575589	-0.1645416327	-0.0215674756	0.0057306117	-0.057516073	0.1269916527	0.0194266724	-0.0708173317	0.0347549107	-0.1235622845	0.0842191964	-0.0464996068	-0.1753733604	-0.0945081496	0.1334932144	-0.0344489841	-0.0665079424	0.397083665	0.0868861081	-0.114672537	0.0660415911	0.0444390799	0.036752982	-0.1396538586	-0.0948436448	-0.2868157554	-0.0081903265	-0.0371003286	-0.1908563465	0.0127813006	-0.0140595924	0.0668970629	0.1029697615	0.0648097692	0.0043595362	-0.0003253202	0.0763168031	0.0800560611	0.0067512355	-0.1089707381	-0.0835432766	0.0336737794	0.1253995825	-0.1954061683	-0.0921306617	-0.0719709345	0.0066116199	-0.0933699595	-0.0769577314	-0.1513241455	0.0416824135	-0.0150687375	-0.0204714936	0.0363846242	0.1091625095	-0.0365630313	-0.1668098189	-0.0045394262	-0.0773395541	-0.145729639	0.0644906464	-0.0535709392	0.0580915499	-0.0039259965	0.1290592697	0.0105747335	0.0067146942	-0.0343481524	0.0799753215	-0.0081218587	-0.12232522	0.1189837219	-0.1181118816	0.0182321597	0.3069854985	0.0647539966	0.1030053532	-0.0452576498	0.1629776047	0.104558938	0.1131853399	0.1991765022	-0.1765989874	-0.1045551914	-0.0539285753	-0.0349983408	-0.0829257602	0.0739182082	0.2245502749	-0.1592855848	0.0532057552	-0.1852548295	-0.0301452302	-0.2078313941	0.051194084	-0.0687118024	-0.0070101911	0.0162719636	-0.0086814418	0.0617488669	0.1226514697	0.0480401751	-0.1353493105	-0.1135696545	0.0810610926	-0.0875454181	0.0293415242	0.0028769522	0.133144652	-0.1621865202	0.0909619001	-0.0114391137	0.1644766538	0.0194168136	-0.0782421921	0.0853585437	0.0162423729	0.1024408607	0.0107570104	-0.0702300932	0.0228131092	-0.0885364412	-0.0109395202	0.0030631183	-0.0566103121	-0.0123161755	-0.0194470314	-0.0303524404	0.0508852395	-0.1118485089	0.0901594766	-0.0961297627	0.0255943654	0.1007121978	0.1267893037	-0.0146545272	0.0906356254	0.1047583778	0.0413254617	0.0820411548	-0.0052495325	-0.0892990645	-0.0068696	-0.007429173	5.5192611463929e-05	4.719140416e-05	-0.0149138	-0.01801053	0.0002224214304399	0.0003243791908809	0.0156843	-0.0043683999999999	0.00024599726649	1.9082918559999982e-05	0.00218625	0.0004458999999999	1.9882680999999975e-07	4.779689062499999e-06	-0.00013343	-0.0002273207	1.78035649e-08	5.167470064849e-08	-0.000371089	2.243299999999998e-05	5.03239488999999e-10	1.37707045921e-07	0.0	0.0	0.0	0.0	0.0	0.0
623.3548907714154	-0.2939015828084166	388571.3198486432	0.0863781403772925	875.2281254303391	-6.806357525852718	766024.2715443054	46.32650276973193	600.9003442168172	-0.2397976318490009	361081.2236798894	0.0575029042403889	620.9805386708068	532.8786990041211	1.152605	51.339535	0.09154345	0.0494583	-0.0700668312	-0.1182903469	0.0117098369	-0.0658607016	-0.0330837135	-0.005206181	0.0749764979	-0.059168267	-0.0087536097	0.0094756932	-0.075985858	-0.0215945027	-0.0228440212	0.0586277873	-0.0229798956	0.0233757714	0.1044456003	0.1172691399	-0.0405807624	-0.1126034073	-0.0345414339	-0.0656541286	-0.0136331952	0.1063753665	-0.0351673514	-0.1773721091	0.0794262848	-0.0603052378	0.0939187654	0.0399712709	-0.0212727815	0.0625263586	-0.0175811598	0.149362378	-0.0029333871	0.0398626853	-0.0078113553	-0.1278511722	0.0855786323	0.0110746166	0.1281946852	0.0270919689	0.0077977694	0.0828369278	-0.1250606386	-0.1320764635	0.0646863664	0.0586831487	0.2122520804	0.197651685	-0.1725476235	-0.0159810101	-0.0818067897	0.0100399584	-0.1883406483	-0.1146129226	-0.0245402723	-0.0673034351	-0.054864415	0.0837645261	-0.1593807911	-0.0518965763	-0.0512657915	-0.050719316	-0.1707964968	-0.0239373782	-0.0611077556	0.0273912966	-0.0392479105	-0.0032679629	-0.0080337937	-0.0848700361	-0.0076935178	-0.0644599244	-0.1705673367	0.0769775638	0.0314034917	0.1172404371	-0.1509615799	0.0527318225	0.0214568603	0.0438126113	-0.0068289997	0.1627726104	-0.029215999	0.1069252718	0.1124022156	0.082094145	0.0029673658	-0.1810135326	0.0713025021	0.0836209634	-0.0219566815	-0.0050107255	-0.0584301194	-0.0263873143	-0.1291707394	-0.0531449184	0.0824691474	0.0774558873	0.0887934756	-0.0357077141	-0.0210802689	-0.037304722	-0.163854721	0.1523293782	-0.0567587717	0.1804479588	0.1470432714	0.0280694288	0.0235481628	-0.0474483131	-0.2383572304	0.0102424094	-0.03606942	-0.1211413862	0.0165680589	-0.0556261137	0.0305451824	0.1665028553	0.1518712979	-0.0626264843	-0.0287161545	0.0510721635	0.1234597353	-0.0578738576	0.0271071931	-0.0381413796	-0.0864519041	0.0062035556	-0.055009979	-0.0090581241	0.0087217668	0.0137655946	0.0559054179	0.024153778	-0.1571402204	-0.1100202475	-0.050203625	0.2042538132	0.009172092	0.036808711	-0.0132605882	0.1845372201	-0.0214188798	0.0722617285	0.018233383	-0.0341992442	-0.0340330393	0.2057617759	0.0443792672	0.0569399359	0.014038069	0.0893161282	0.016707997	-0.029547783	0.057694741	-0.0384220948	-0.086397593	0.0138353144	0.1038451242	0.0222267567	0.0352230129	0.1256864926	-0.0325702319	-0.0128780859	0.115845022	0.037449664	-0.0746476768	0.068176822	0.0253005477	0.1207813036	-0.0552823532	-0.0271103561	0.0158611611	0.080124019	-0.0104887887	-0.0942867573	0.0316527	0.0385222999999999	0.0014839675972899	0.0010018934172899	-0.014894	1.9800000000000373e-05	0.0002218312359999	3.9204000000001476e-10	0.0447933	0.029109	0.00200643972489	0.000847333881	0.00237788	0.00019163	3.6722056900000135e-08	5.654313294400001e-06	0.000114581	0.000248011	1.3128805561e-08	6.1509456121e-08	-0.000332883	3.820599999999999e-05	1.4596984359999995e-09	1.1081109168900001e-07	0.0	0.0	0.0	0.0	0.0	0.0
621.8973968448429	-1.4574939265725106	386756.372202392	2.1242885459957552	862.9091091374211	-12.319016292918036	744612.1306323376	151.75816242518002	600.5131941677006	-0.3871500491165989	360616.09636949445	0.1498851605309849	620.4569159357668	525.6117711902075	1.041663	46.397949	0.0487247249999999	0.0323175	-0.065825905	-0.1068670685	0.0091943835	-0.0869646534	-0.033383804	0.0085282921	0.0436484898	-0.0152368507	0.0686739042	-0.0012425657	-0.1443630552	0.0026667611	0.0528267937	0.0049558463	-0.0898637165	0.0372030341	-0.0934362034	-0.0124192556	-0.0874421464	0.0512111616	0.0073804533	0.0968333864	-0.0050759119	0.1332470875	-0.1199019606	-0.0834497081	-0.0526489511	0.0384592313	-0.0458406097	-0.070414414	0.0040729511	-0.0709046642	0.1429843458	-0.0022940164	0.0072235958	0.0475970406	-0.0184061263	-0.1248642775	0.0975638949	-0.0406097799	-0.0352261026	0.0400274911	0.0006291709	-0.0350639764	-0.1145655242	-0.1054767664	0.0196773201	0.031269326	0.1583434215	-0.1324781973	0.0443542116	0.08306935	0.0043537001	0.0333936677	-0.0077597759	-0.0439114625	-0.0775201673	0.0022533265	-0.1694474299	0.2389403766	0.1582855683	0.261410975	-0.0932453247	-0.2619162357	-0.0208766046	-0.0027537732	0.0996372674	0.0698688816	-0.0139369245	-0.1662652671	-0.1955077943	0.0954016766	0.1891015572	-0.1068314813	0.1569107204	0.0809761785	-0.0332482468	0.1121570201	-0.0386798929	-0.0770722168	-0.1147122461	-0.0601434575	-0.1744884013	0.0772565897	-0.0125137981	-0.0966014578	-0.063504724	0.0952985757	0.0793711934	0.1236349107	-0.1156544388	-0.0967489497	0.0044790591	0.0068807544	-0.0898804643	-0.0421241723	-0.1381695921	-0.0905063439	0.0187658924	0.0160011845	0.063591432	-0.0116715834	-0.0078716758	-0.0773453039	-0.005253245	0.0347982009	-0.1551741555	-0.1437984445	-0.0294913109	0.0075838731	0.1191072997	-0.1091067369	-0.118687086	-0.0500346458	-0.0632496273	0.2104923383	-0.0172320705	-0.1891724177	-0.0213820253	0.2620512625	0.0624002742	-0.027533715	-0.0165004095	-0.000454018	-0.148883305	-0.0297770262	0.0492910324	0.293496325	-0.0637171367	0.0768866299	-0.0799132309	-0.1157093374	0.0491217301	-0.0688076564	-0.3028737584	0.0684210064	0.033502651	0.0525221782	-0.095999302	0.0743459343	0.0821594824	0.1033176859	0.1382486341	-0.0740145373	0.0949478592	0.0156722712	0.142185404	0.012185945	0.0527563153	-0.1664509395	-0.0180256907	0.0688795721	0.0096444285	0.090374157	0.0171248533	-0.0460012629	0.0787057161	-0.0653727755	-0.0600078675	0.0409408561	0.0655884355	0.0074289204	0.0735655849	0.1118997016	-0.0071303622	0.0076321307	0.0858176372	0.0125636355	-0.0973226802	0.1014837079	0.0575833288	0.0926540767	-0.0902236542	-0.0416304525	0.0875579836	0.0781676667	-0.0157075127	-0.0988592507	0.0310092	-0.0006434999999999	4.140922499999978e-07	0.00096157048464	-0.0148765	1.749999999999842e-05	0.00022131025225	3.062499999999447e-10	0.0272247	-0.0175686	0.00074118429009	0.00030865570596	0.00280322	0.0004253399999999	1.8091411559999978e-07	7.858042368399999e-06	8.456549999999998e-05	-3.0015500000000025e-05	7.151323790249997e-09	9.009302402500013e-10	-0.00048743	-0.000154547	2.3884775209e-08	2.3758800490000002e-07	0.0	0.0	0.0	0.0	0.0	0.0
620.3315381014531	-1.5658587433897535	384811.2171633146	2.4519136042501386	863.9808178887646	1.0717087513435215	746462.8536797386	1.1485596477062905	600.0613218057226	-0.4518723619779621	360073.589927231	0.2041886315195424	619.5768912759825	523.9127050560211	1.061908	47.299728	0.069392505	0.0390479	-0.070076358	-0.0876208632	0.0184852385	-0.1173962188	-0.0351164897	0.0544958006	0.0421035609	0.0136981753	0.0632151581	0.0238790893	-0.1283002771	-0.077457135	0.028978761	0.0453429403	-0.0188690623	0.167441596	-0.0893452237	-0.0499812921	-0.1132246577	0.0907672507	-0.001487234	-0.20531501	0.0091598112	0.1279257562	0.1003230915	-0.0262423961	0.0356004279	0.1228330319	0.1676757776	-0.0647060543	-0.1423041443	0.0929483603	0.1737922133	0.0419940951	0.0150624624	0.0633784358	-0.1083067806	-0.1022031441	0.1053051001	-0.0322159528	0.0567173119	0.0165283497	0.0155515502	0.0903022727	-0.0354985525	-0.1279351436	0.1208523145	-0.1144765215	0.1423470622	-0.0736528833	-0.0642032327	0.1149304371	0.1624120877	0.084884114	-0.2316367376	-0.0387161587	0.1564822269	-0.1255079106	-0.0399944199	0.0444311729	0.1223167355	-0.2745000574	0.1658692301	0.0982053669	0.1413770625	-0.061101663	0.0500806999	-0.0750802604	0.2472681163	-0.0585600337	0.0526580221	0.0102454702	-0.0170647159	-0.0422454546	0.2521218336	-0.0406803704	-0.005258086	-0.1027726893	0.0210796367	0.0615628252	-0.1024945296	0.1269818408	0.0654540219	0.0849500023	0.0443071311	-0.0349913413	0.1513150891	-0.041092722	0.1742648213	0.0091936976	-0.1455930065	-0.1468451358	0.1512050357	0.0189392644	-0.0529633471	-0.0531607966	-0.112495568	-0.1533798967	0.0491975243	0.0612055897	0.039777122	0.0192125294	-0.0081435953	0.001842534	-0.0621240732	-0.0996427041	-0.0918841459	0.042924455	-0.1120077304	0.0812660118	-0.0587143126	-0.0651098271	-0.266033864	0.0625975909	-0.2083378476	0.169732545	0.0388651112	0.0304972478	-0.0517184326	-0.1179871461	-0.0091532018	0.0899877669	-0.0266076539	0.0683252644	-0.0970303792	-0.2021969164	-0.185475531	-0.2667863679	0.2633731981	0.1932286879	0.0187971407	0.1449036873	0.1108917477	0.0554407237	-0.0401292746	-0.0038415576	-0.0217010987	-0.1696110893	0.0013349487	-0.0611443176	-0.0375715487	-0.0123341336	0.1478951715	-0.0122723805	-0.0310386413	0.0918615982	-0.0036874065	0.1256044588	0.0518033715	0.0164609819	-0.1349285215	0.0762938301	0.0216270224	0.1026290295	0.0415916624	-0.0636064302	0.020510012	-0.0510753289	-0.0389227957	-0.0101825181	0.0680394283	0.0374173746	0.0015128699	0.1156833702	0.0142971657	-0.0290205233	0.0641000367	0.0161249346	-0.0988587409	0.0046901233	0.0139351236	0.0633068196	0.0261980969	-0.0479927735	0.0523069834	0.0761730556	-0.0208954884	-0.1029964092	0.0280225	-0.0029867	8.920376890000011e-06	0.0007852605062499	0.00696963	0.02184613	4.85757423369e-05	0.0004772533959769	0.035269	0.0080443	0.001243902361	6.471076249000001e-05	0.00223051	-0.00057271	3.2799674410000015e-07	4.975174860099999e-06	0.000140513	5.5947500000000006e-05	1.9743903169e-08	3.13012275625e-09	-0.00038578	0.00010165	1.03327225e-08	1.488262084e-07	0.0	0.0	0.0	0.0	0.0	0.0
624.0667140523624	3.735175950909252	389459.263588113	13.951539384250832	877.5942557139144	13.613437825149845	770171.6776620594	185.3256894192205	601.4235005251998	1.3621787194771289	361710.2269839849	1.85553086379635	620.829284042607	524.1577140597828	1.210167	53.903511	0.11735029	0.0615682	-0.0452524613	0.0296115523	-0.1453537105	-0.0907245606	-0.003774614	0.0400262764	-0.0255080245	-0.0937069975	0.0124576577	-0.0793647631	0.0524165347	0.0508024352	-0.0854551585	0.140671838	0.0061291655	-0.1178918053	-0.0973402653	0.0910947266	0.0589964381	0.1323336358	0.1064477918	-0.2290435595	-0.0125365078	-0.0981526948	0.0632120551	-0.1092495419	0.0177903546	-0.0296585792	-0.1683109217	-0.0229230606	-0.0734453604	0.2565686823	0.0410075087	-0.112868639	-0.015728369	0.0998392195	-0.0875254658	0.060218908	-0.0539592745	-0.0244045913	0.1397108625	-0.0470387819	-0.1851834732	0.2060141332	0.0528775342	-0.1585183081	0.0058783611	-0.011559985	-0.0124709964	0.1077750713	0.0834688474	-0.0871334649	0.0628454969	-0.0176705229	0.0407409758	0.0427768132	0.0021553898	-0.0606261502	0.1060815546	-0.2180972825	0.1289394562	0.0365067582	0.1759297461	-0.0139082452	-0.236885471	-0.1659322712	0.0363503624	0.1376771411	0.1756714149	-0.0535323493	0.160121393	-0.0253979978	0.1917668199	0.0581152922	0.0986692228	-0.0570261182	-0.0777822229	-0.0623669087	-0.1600008827	0.0444016005	0.0658911017	-0.0175435826	-0.0878882633	0.0148906373	-0.078409748	0.0064240718	0.0286002242	-0.0276307307	-0.0971986856	0.0803952278	-0.0342105443	0.2452323991	0.0605047701	-0.0197253366	0.1508081041	-0.0383176168	-0.0264515055	-0.0163786486	0.1324983665	0.0538050345	-0.1281371059	0.0896429337	0.155922798	-0.0600452556	-0.1376835279	-0.0135543811	0.0395411554	0.1338456149	-0.0269261332	0.1838865059	0.0536909959	0.0622136086	0.0318622878	0.0602383891	-0.0607814959	0.0385201259	-0.0717612104	0.1678949206	0.0080970585	-0.1438004234	-0.1160503652	-0.3000584105	-0.155376542	-0.0398786935	0.188217883	-0.0458390315	-0.1321942081	0.0424853651	0.2249700019	0.1514161124	-0.1870220312	-0.1569518342	0.0099084808	-0.1198502687	-0.022921212	0.1040955456	0.0274662775	-0.0294435664	-0.0192945475	-0.0162351417	0.1117495668	-0.084520097	-0.0811328253	0.0119814076	0.0538956174	-0.0177989057	0.0301034368	-0.020496225	-0.0149468339	-0.0537586211	-0.0122096562	0.0877368308	0.0149423479	0.1172399633	0.008361255	-0.0313106311	-0.0725528511	0.0838532261	0.0941301957	-0.0176118593	0.0440880544	0.0505839513	-0.0581420455	0.0870261248	-0.0228264327	-0.0115863037	0.0953960491	-0.0226441756	0.0367646269	0.0383372463	-0.038236871	-0.0274956833	-0.0010853882	0.1430840058	0.116292501	0.0741411618	-0.0260425603	-0.1066800145	0.00553604	-0.02248646	0.0005056408833315	3.06477388816e-05	-0.0379618	-0.0449314299999999	0.0014410982592399	0.0020188334018448	0.0272341	-0.0080349	0.00074169620281	6.455961801000002e-05	0.00280322	0.00057271	3.2799674410000015e-07	7.858042368399999e-06	0.000156524	1.601100000000002e-05	2.4499762576e-08	2.5635212100000065e-10	-0.000635009	-0.0002492289999999	6.211509444099998e-08	4.0323643008099993e-07	0.0	0.0	0.0	0.0	0.0	0.0
625.2572890779694	1.1905750256070178	390946.6775451314	1.4174688915991511	877.0042426099207	-0.5900131039937833	769136.4415558006	0.3481154628843789	602.326747658612	0.9032471334122648	362797.51094500127	0.8158553840174735	621.7430690129994	535.472044229186	1.177651	52.455147	0.11178785	0.0579179	-0.0643196491	0.0947220346	-0.0277576589	0.0470248778	0.0233289691	0.0228676958	0.0640326639	-0.1084070098	0.0540267284	0.0311530114	0.1282484494	-0.0731942437	0.0019849374	-0.0602886396	-0.0232725619	-0.0537859485	0.0364489915	0.0318480467	-0.1838255171	-0.0332292409	-0.0782438706	-0.0417461385	0.0573124818	0.053045531	-0.1012702621	-0.0466574269	0.156511375	-0.0326628667	-0.0730512145	0.0442035042	-0.0247553509	0.0072492528	0.2204962035	-0.0646766436	-0.029241394	0.0920411821	-0.1271629884	-0.0921408816	-0.135428176	-0.0392652614	-0.0309437332	0.238424235	0.1193228802	-0.0750367027	0.0990483461	0.0267865873	-0.1271798733	0.0746345048	0.2154817154	0.1788708233	-0.0074599085	0.0487472643	-0.0554882134	0.1029546879	0.1307972164	0.1849642307	0.0187182215	-0.0138657778	-0.074819971	-0.0920063009	-0.0685592113	0.0592414988	-0.0194869702	0.0716263097	0.0661718893	0.2229400014	0.024883474	-0.0901800977	0.0086747474	0.1441099096	0.0071111995	-0.1777914413	0.2081029525	0.0813028347	0.022656425	0.1353706318	-0.105688408	-0.1882727492	-0.0905613695	-0.0310959051	0.1144499915	-0.137455318	-0.2165070411	0.015019473	-0.0137103935	-0.0224962879	0.0949891912	-0.004158491	-0.0074292613	0.1048024682	0.1963897742	-0.0953059875	0.1769891892	-0.002383478	0.0553264772	-0.1219248003	0.0813150568	-0.0099503409	0.0829413177	-0.0010708738	0.2580306451	0.0360571654	-0.047514329	-0.0828706532	-0.2109371593	0.1354238568	0.0291403054	-0.100044839	-0.0481776105	-0.2000734461	-0.0124859397	-0.004345231	0.0828012248	0.0627851175	-0.092146738	0.0064715101	-0.1971728311	0.1144953037	0.0064761081	0.0702772593	-0.1847335419	0.0326435367	-0.0481298606	0.1334522382	0.0592035678	0.1309548403	0.0794526916	-0.0051945612	0.0292047973	-0.0987052846	0.0127624008	-0.0256066017	0.003549472	0.049622035	-0.0011941585	-0.1909377241	0.2973772114	-0.1514952924	-0.1250567333	0.1064029893	0.1854760708	0.0925456815	-0.2248814588	-0.0955245565	0.0179503525	0.0922830488	-0.0231717087	0.0219904132	-0.1342673502	0.0879681585	0.0553341775	0.0733077672	0.0365140881	0.127813248	0.0076658579	0.0241981174	-0.0318948189	-0.0546469373	0.045405518	-0.0155425624	-0.0367150669	0.0107806669	-0.082723062	-0.0114366832	0.0167845458	-0.1287277676	0.146543291	0.0602424679	-0.0638754	0.0296360046	-0.0130372431	-0.0590308209	0.0574388743	0.0037778363	0.1452121295	0.0720729799	-0.0311386526	-0.1098938456	0.01557	0.01003396	0.0001006803532816	0.0002424249	0.00325054	0.04121234	1.05660102916e-05	0.0016984569682756	0.0384749	0.0112407999999999	0.0014803179300099	0.0001263555846399	0.00214078	-0.0006624399999999	4.388267535999998e-07	4.5829390084e-06	0.00029857	0.000142046	8.91440449e-08	2.0177066116e-08	-0.00045348	0.000181529	3.2952777841e-08	2.0564411040000002e-07	0.0	0.0	0.0	0.0	0.0	0.0
623.5432922870688	-1.7139967909006373	388806.23735619686	2.937784999217683	876.5054632266125	-0.4987793833081468	768261.8270660986	0.2487808732132553	602.4359879210498	0.1092402624377655	362929.1195424112	0.0119334349374718	621.957358309548	534.6394210844036	1.118422	49.816986	0.11790097	0.0695087	-0.0436748353	0.0682363751	-0.0874756136	-0.0064475037	0.0172337148	0.0309708702	0.11233967	-0.0414178264	0.0287002102	-0.0124677112	0.1330403718	0.0634227005	0.0920225681	0.0782896646	-0.2668598632	-0.0220101217	0.0132277731	0.1325200794	0.0236650518	0.0109232441	-0.1577707768	-0.1515421157	-0.0599062214	0.0978793919	0.0245431957	-0.0861008694	-0.1699974681	-0.0645994406	-0.0348537722	-0.2389792751	-0.0750263661	-0.0122161779	0.0379347857	-0.1797239241	-0.0662161812	0.1178964306	-0.1142281597	-0.0118500405	-0.1400688597	0.0256016947	0.0256045576	0.0900563307	0.0895155393	-0.0271678674	0.0985080522	0.0647456417	-0.1830755786	-0.1960717843	0.0972907805	0.2288167291	0.2710153948	0.0065776665	-0.0842585233	0.0201572533	-0.082740776	0.0002396616	-0.0342218634	0.1000762661	-0.115229679	0.1363161224	-0.0567255633	-0.0263032367	0.1503172194	0.0742409216	-0.065739806	-0.0453542317	0.0024037817	-0.0975259744	-0.1070887049	-0.137118104	-0.0558167774	0.1292693924	0.042235638	-0.0484394688	-0.0217033866	-0.0846377862	-0.0865632041	0.0248434606	-0.0501539527	0.1651955432	0.0506871382	0.0683451633	0.2555060071	-0.1123221516	0.0299895795	0.0349990157	-0.207522013	0.0131982517	0.0886067798	-0.0618563276	0.0374487582	-0.0865836423	-0.0439086029	-0.0428828018	0.1200197473	-0.1046500598	0.0182466358	0.0057569936	0.1010173793	-0.0869101696	0.1595665566	-0.0965025379	0.0104841995	0.0156728531	-0.2376306096	0.0199270234	0.2681708607	-0.2352951438	0.0989704606	0.0818492168	0.1267513156	0.0162145068	0.0191959298	0.2792998379	-0.0241204321	0.0326258644	0.0985223164	-0.1234732969	-0.2040007352	-0.0225607403	-0.0363640531	0.0847218513	-0.0270206206	-0.1317047379	-0.042645978	-0.0754027051	-0.0005540988	-0.1209899124	-0.1078324864	0.0124705822	-0.0657520899	0.1067668566	0.0646864893	-0.0259608089	-0.0693906438	0.0416185648	-0.0565817502	0.1364525084	0.0814553153	0.0903051355	-0.0572997142	-0.1212175348	-0.0727013294	-0.0675519153	-0.0436345877	-0.034117934	-0.0603249303	-0.0418988105	-0.1752331123	-0.1136579117	0.0141028413	0.0781755401	0.0105189918	0.113707958	-0.0157794262	-0.0012606541	-0.065928747	0.0197554031	0.086500742	-0.0103015146	0.046655382	0.0544758686	0.0085091563	-0.0070289055	0.0451697515	0.0667454823	0.1681239992	0.0688903766	-0.0593509904	-0.0218869338	0.1476173873	-0.0770883094	-0.0732975319	-0.0400993061	-0.0009663928	0.0699695221	-0.0361737896	-0.11262375	0.00724917	-0.00832083	6.923621188890002e-05	5.25504656889e-05	-0.0256782	-0.02892874	0.00065936995524	0.0008368719979876	0.0334876	-0.0049873	0.00112141935376	2.487316129e-05	0.00331263	0.0011718499999999	1.3732324224999997e-06	1.09735175169e-05	4.4778e-05	-0.000253792	2.005069284e-09	6.441037926400003e-08	-0.00054112	-8.764e-05	7.680769599999999e-09	2.928108544e-07	0.0	0.0	0.0	0.0	0.0	0.0
621.1392994041347	-2.4039928829340624	385814.02926425927	5.779181781197625	872.6133610818924	-3.89210214472007	761454.0779386372	15.14845910493457	601.1835388525122	-1.252449068537544	361421.64738723007	1.5686286692805615	621.2075442149423	524.9513108242926	1.109795	49.432716	0.12977963	0.0652833	-0.0158341514	0.0065297409	-0.1433095837	-0.1098849159	-0.0259330477	0.0544765851	0.0558540625	-0.0429814717	0.0764718992	-0.0973826782	0.0413719178	0.0846014251	-0.0067649151	0.1732795979	-0.1684830241	0.0559212601	0.0159991093	-0.0755076606	0.1410299833	0.0226882243	0.013738823	0.0506302696	-0.1595158958	0.0887465849	0.015280618	-0.0576851487	0.0060550281	0.0308364821	-0.0279928493	-0.1142130007	0.0321404052	-0.0596490354	0.0042588626	-0.1340475264	-0.0106787363	0.0958474134	-0.0829012166	0.0123602385	-0.0430736966	-0.0274968649	0.2124320905	0.0345571697	0.0355512343	-0.0528377707	-0.0093446339	0.0029159834	-0.165507724	-0.1497069401	-0.0171181745	-0.1077860938	0.0817973492	-0.2053829134	0.048662328	-0.022385858	0.0170023216	-0.0716981127	-0.2143874411	-0.2181528107	-0.0282372035	-0.1468343939	0.2035542472	-0.1780021377	-0.1040936042	0.0465853252	0.134202881	0.0254130825	0.0284780019	0.0758211962	-0.013854261	-0.1091222865	-0.0484613173	-0.0832827087	0.0992076712	0.0330752672	-0.2110392477	-0.0630787059	0.082976656	0.0402149732	-0.1227557239	-0.0352382258	-0.0211431735	0.0618812179	0.0658753093	0.1514094444	0.2248720244	0.0650710827	-0.1994076481	0.0453788472	-0.1150068836	-0.1464701564	0.0694317585	-0.0615949565	-0.0878897374	-0.0071652461	0.1319512071	-0.0295316563	-0.1055026217	-0.0241381995	0.1099824388	-0.0594247165	0.0391562206	0.008017926	0.055585309	0.0317991762	0.1574028216	0.0248161749	0.1887868595	-0.1418384567	0.0855319926	0.1750230374	0.1403350329	-0.0530927282	-0.0729561176	0.0409433358	0.1740531361	-0.0987079592	-0.1490411559	0.1917499338	0.046216167	-0.0652435786	0.064532338	0.0198099893	-0.0597155986	0.1215864405	-0.2208082189	-0.0117458763	-0.316670724	0.0861928091	0.0487532768	-0.220837541	-0.0829239275	0.0613470255	0.0393501521	0.0417589618	-0.025749789	0.1264519913	-0.0365635378	-0.1137868832	0.1540359738	0.0964392381	-0.0901333036	0.1740604363	0.0102524679	0.0563180759	-0.0922137385	-0.1856779883	0.0223429026	0.0373628033	-0.0233715605	-0.0923970228	0.1017011824	0.0929332406	0.0170418187	0.1179008085	0.0103268776	-0.0456931727	-0.1005491219	0.0293368794	0.0711979451	-0.040112069	0.1037349489	0.0698242169	-0.012171017	0.058776155	0.0302403626	-0.0036569886	0.1421301981	0.0303606962	-0.0678756959	-0.0853454145	0.1081946216	-0.0571701279	0.0409271696	0.0099504006	-0.0671248253	0.067831818	-0.0411381146	-0.1148577065	-0.00984178	-0.01709095	0.0002921005719025	9.68606335684e-05	-0.0088577199999999	0.0168204800000001	7.845920359839823e-05	0.0002829285474304	0.0547508	0.0212632	0.00299765010064	0.00045212367424	0.00240661	-0.00090602	8.208722404e-07	5.7917716921e-06	0.00047203	0.000427252	2.2281232090000005e-07	1.8254427150400006e-07	-0.000699948	-0.000158828	2.522633358400002e-08	4.899272027040001e-07	0.0	0.0	0.0	0.0	0.0	0.0
622.3698171606231	1.2305177564884389	387344.1893125475	1.514173949033341	877.3897436824894	4.776382600597003	769812.7623192245	22.81383074728579	601.1295803526756	-0.0539584998366535	361356.7723749839	0.0029115197046221	621.1376014513287	521.9899012572046	1.051926	46.855114	0.1497517	0.0724825999999999	-0.0134770765	0.0437289749	-0.1452398981	-0.1027857959	0.0081835583	0.0529068199	-0.0274888263	-0.0798313034	0.070558816	-0.1083492796	0.0929105498	0.0678290842	-0.0587665291	0.117625281	0.0385467383	-0.0144524546	-0.0755231764	-0.0068292803	-0.0083356524	0.0928582109	0.1562413879	0.0659061219	-0.132696221	0.1379614601	0.0456879197	0.0558145183	0.001996893	-0.0577160293	0.0642443533	-0.0335798008	0.094610142	0.009033177	-0.0501402303	-0.0416774595	-0.0156090803	0.0995122185	-0.1540274088	0.0755609144	-0.0816280751	-0.0880485884	0.0215517186	-0.0341960018	0.0652928424	0.1221754318	-0.137884316	-0.0609900599	-0.0382323901	-0.0274948602	-0.0301949308	-0.1476048821	0.0771075496	-0.1170173208	0.0074508505	-0.1584798857	-0.1724054775	-0.220357168	0.0239949907	-0.1246732508	0.0761026684	0.1699436628	-0.1112692247	-0.0607770191	-0.0664711131	-0.0724931715	-0.054889487	0.0086929084	0.0337519602	-0.1500105677	-0.0555382684	0.044406584	-0.1051232204	-0.0045402826	0.0108266993	0.0766712414	-0.0187891053	0.0152645436	-0.1362459835	-0.1985431921	-0.0562658291	0.0428617271	-0.0050938584	-0.1721746018	0.0352591269	-0.0555585881	-0.1265405692	0.1816127471	0.084172093	-0.0114470039	-0.0957208239	0.140220996	-0.0475543526	0.0899054969	-0.0364298283	-0.0172981512	0.1757958381	-0.0467344021	-0.0233987557	-0.0760445124	0.0677679998	-0.0102603996	-0.0022458902	0.1216226489	-0.0388469836	-0.0985241643	0.0312141231	-0.0548241001	0.0092100199	0.0381462614	0.1759337757	0.1680152871	0.0523575063	-0.0801242279	-0.1117170541	-0.0203375955	0.0626538303	-0.0137582936	0.153439824	-0.0711855243	0.0611017336	-0.1375212869	0.2563134796	-0.0346397044	0.0874056448	0.0103609974	-0.0015833868	-0.0301149343	0.098053297	0.0319303031	-0.0607150667	-0.0007546964	0.0529434379	0.0065030571	0.1371432358	0.0769448155	-0.0908235588	-0.1955670764	0.090355638	0.0437258126	0.0366774521	-0.0595614773	0.1964875091	-0.0501124452	-0.142312102	0.0262422678	-0.0471290439	0.0456459149	-0.1997748613	-0.1376555648	0.2780732115	0.0931594149	0.1464860843	0.0906624611	-0.0048291042	0.0980904318	0.0043356306	-0.0364989617	-0.106410676	0.1106085459	0.1130633638	-0.0283283993	0.054081488	-0.0110913338	-0.0015441069	0.0662346208	-0.0175929101	-0.0383976305	0.1357951324	-0.0329217259	-0.0024009081	0.0537373615	0.0062789879	0.020900774	0.0424855882	0.0809929705	0.0447968518	0.0656609137	-0.0460219099	-0.1165858777	-0.0193392	-0.00949742	9.020098665640002e-05	0.00037400465664	-0.0521416	-0.0432838800000001	0.00271874645056	0.0018734942678544	0.0811922	0.0264414	0.00659217334084	0.00069914763396	0.00347985	0.00107324	1.1518440976e-06	1.21093560225e-05	0.000499638	2.760799999999993e-05	2.49638131044e-07	7.62201663999996e-10	-0.00100968	-0.0003097319999999	9.593391182399999e-08	1.0194537024e-06	0.0	0.0	0.0	0.0	0.0	0.0
622.4875358832579	0.1177187226347769	387490.73233001033	0.0138576976587635	875.2311150841318	-2.158628598357609	766029.5048114128	4.659677425647336	600.1397743367731	-0.9898060159024452	360167.748740993	0.9797159491166718	620.3473797620635	523.6683676199013	1.013227	45.131348	0.1013402	0.0569991	0.0032946421	0.0238971171	-0.1445023489	-0.0673042937	0.0033461033	0.0340491613	0.0051109512	-0.0936362791	0.1023580753	-0.1032894485	0.0937578486	0.0392217155	-0.0477692003	0.1123415065	-0.0025391349	-0.0312647592	0.026092587	-0.0351695236	-0.0485417063	-0.0543095034	-0.0763136065	-0.0038270591	-0.113502141	-0.0039180272	0.0463311619	-0.000253746	-0.0092347162	0.0146883946	0.0199980976	0.0725880942	0.0857437773	-0.0581889555	0.0439772411	-0.1301937239	0.0209393083	0.057593126	-0.087180254	0.068701197	-0.0541656111	0.0756546392	0.1066207503	-0.1424628957	0.0186853799	0.1057411304	0.0288799836	-0.0956234419	-0.1866477134	-0.1113488963	-0.0218572893	-0.1314110582	-0.020831416	0.0260448637	0.0379565793	0.0433292196	-0.1087211248	-0.0097995299	0.1968257659	0.0821706947	-0.0798856884	-0.0338013542	0.0742344936	0.0282585846	-0.2502385839	0.0408880338	-0.0096122673	-0.0275038026	-0.1156504166	-0.1958954345	-0.1951212552	0.1396011904	0.0474224258	-0.0690512107	0.0187345912	0.2302705682	0.1631026449	0.0042412321	0.0739248523	0.1298195623	0.188625832	-0.0842876691	0.1304923132	0.0912961784	-0.0290681436	0.0581269137	-0.0028250096	-0.0662815706	-0.1435477553	0.0987079787	-0.0031757646	0.0238198897	-0.0985730182	0.1162802289	0.0137914238	0.0125750319	0.1479527377	0.0007658888	-0.0074867888	-0.0313958428	0.092045345	0.0134382765	-0.1038431079	-0.0012253763	-0.0021591294	-0.0217736606	0.0065294441	0.0202204521	0.115438116	-0.0392373099	-0.0495003164	0.1247335154	0.0547381735	-0.1020355671	-0.0912310704	-0.0983561	-0.0046417696	-0.0695674063	0.159864282	0.0846678414	0.1430762051	-0.107100447	0.0016883772	0.1006099931	-0.009821637	0.0119495668	-0.1084082775	0.0244772759	0.2355880232	-0.0735012932	-0.0236469097	-0.1264400375	-0.2002382359	-0.115274451	-0.2472880219	0.1513603169	0.0798786105	-0.0772383603	0.0348755387	0.2183831234	-0.0954106506	0.0575479404	-0.0982777039	0.0902725186	0.2720975364	-0.1776106214	-0.0224969131	0.0653019892	-0.0843764035	0.0434582878	-0.0027505344	-0.0238892435	-0.0453672697	0.0717040641	-0.0017999478	0.0984534691	0.0002782337	0.0157684238	-0.0967765757	0.0629866927	0.0717581739	-0.03309303	0.0632353109	0.0180387522	-0.0159475275	0.0482377371	0.0024443005	0.0460804058	0.0822674997	0.0990031579	-0.0795267764	-0.0506789589	0.069795326	-0.1003547282	0.0820506151	-0.0056360151	-0.0980775608	0.063457872	-0.0508156151	-0.1178006533	-0.00277242	0.01656678	0.0002744581995684	7.6863126564e-06	-0.00279648	0.04934512	7.8203003904e-06	0.0024349408678144	0.0989736	0.0177813999999999	0.0097957734969599	0.0003161781859599	0.00332144	-0.0001584099999999	2.5093728099999964e-08	1.10319636736e-05	0.000436575	-6.306299999999998e-05	1.90597730625e-07	3.9769419689999965e-09	-0.000878215	0.000131465	1.7283046224999997e-08	7.71261586225e-07	0.0	0.0	0.0	0.0	0.0	0.0
622.9246938170685	0.4371579338105675	388035.1741670885	0.1911070590935245	874.9615534427114	-0.2695616414204096	765557.7200028828	0.0726634785252654	600.509229847435	0.3694555106618509	360611.3351319595	0.136497374358409	620.1885525369861	527.5941256837481	1.067517	47.549549	0.1336841499999999	0.0692279	-0.0005827003	0.0813233731	-0.1209361517	-0.0138512643	0.0290910458	0.0264885719	-0.042183605	-0.0699558928	0.0367704408	-0.0615058156	0.114275393	0.0400126751	0.000280743	-0.0263912875	0.0100474237	0.0052246425	-0.1296238677	0.0990898118	-0.0872990735	0.0003220815	0.0401385636	0.0150680892	-0.0465506437	0.0788197456	-0.0443706618	0.0191316561	0.0058082157	0.0637316396	0.0907171047	0.0510285431	0.0017992472	0.0835339822	0.0343311251	-0.0434120115	0.0163865717	0.0776052065	-0.0990327379	0.1560712752	0.0158268971	0.1269277964	0.0283974266	-0.1148645763	0.0052420609	0.0427958492	0.1608620644	0.0940928546	-0.1281100783	0.2213203794	0.2046518505	-0.0668516724	-0.2452654593	0.1768105089	-0.1609077955	-0.0486774138	0.097304746	0.035622626	0.0026914069	0.1100777998	-0.0226903125	0.0371536054	-0.0408513311	-0.0843657618	0.0478749701	-0.1332712611	-0.1343279925	-0.0621281421	0.1435567937	-0.0452622653	0.1457757963	-0.0552048967	0.0002530257	-0.0480400385	0.0390256051	0.0536550826	-0.0073467295	-0.1090391169	0.013238969	0.0262259508	0.1463192571	0.1021423642	0.0244729216	-0.1063513966	0.0047642604	-0.0260413866	-0.0581404328	-0.0233976414	-0.0680937571	0.0185664271	0.0071118794	-0.2702396508	-0.0271412777	0.0420851721	-0.2118276884	0.0054758082	0.143079235	-0.0394969	0.0686397934	-0.0441826384	0.0054223591	0.0970459499	-0.1618294119	-0.0561862644	0.031509223	-0.1911575206	-0.0381874617	-0.0280749416	0.0368713959	-0.0786064779	0.1199179472	-0.1567673434	-0.1251925952	-0.1666916645	0.0734877568	-0.1713590663	-0.2501270181	-0.0607893199	-0.0259882853	-0.0621004685	-0.0181733331	0.181653038	-0.1068283441	-0.0706336746	0.0312040394	0.031306386	0.1062518603	-0.1716947188	-0.0063625379	-0.0191299935	0.0171059741	-0.0794836438	-0.0516833085	0.0487801616	-0.0495337566	-0.107564809	0.0151924726	0.0255913104	0.0688665079	0.0898431443	-0.0001022313	0.0061361732	0.0166266405	-0.0255316799	0.0809556931	0.043587037	-0.1802628809	-0.1105254384	-0.0134067998	0.027455154	0.0788792178	0.101033694	-0.1865671316	0.0694375468	-0.0100810261	0.069649977	-0.025065335	0.0126033125	-0.0851480329	0.1213865935	0.0734186146	-0.0246450895	-0.0044191376	-0.0606340612	-0.0009869255	-0.0256304201	-0.0137118513	-0.0081473753	0.0894549432	-0.026495477	0.0462462784	0.0810820436	-0.118151015	-0.024957153	-0.1331752602	0.1248191348	0.1193968574	0.0612237711	-0.0555098464	-0.118496684	-0.0134549	-0.01068248	0.0001141153789504	0.00018103433401	-0.0571572	-0.05436072	0.00326694551184	0.0029550878789184	0.116501	0.0175274	0.0135724830009999	0.0003072097507599	0.0041452	0.0008237599999999	6.785805375999997e-07	1.718268304e-05	0.000635086	0.000198511	4.0333422739600006e-07	3.9406617121000004e-08	-0.000878215	0.0	0.0	7.71261586225e-07	0.0	0.0	0.0	0.0	0.0	0.0
623.8082585396437	0.8835647225752155	389136.74342226295	0.7806866189794175	880.9809749543116	6.019421511600172	776127.4782314494	36.23343533431489	601.3303854771943	0.8211556297593461	361598.23249815113	0.6742965682854682	620.9553193604506	536.8858903038347	1.067019	47.527382	0.07266799	0.033209	-0.0132906849	0.1036144664	-0.0358212201	0.0316325211	0.0689006507	0.0176790266	-0.0215378755	-0.1686296472	-0.0764711372	0.0278791774	0.1468635118	0.0107330597	-0.0046720499	0.0131784023	0.0753222792	-0.0946589847	-0.001796603	-0.0040392467	-0.0932901337	0.0448681501	-0.0740905629	-0.0161845682	0.0421411325	0.016939314	-0.1067692208	-0.0245258845	0.0344088232	0.0803967322	-0.0875019685	-0.0597574033	0.1044579476	-0.0510648043	0.0163395665	-0.0474521287	-0.0279480371	0.0024416649	-0.0368874365	0.0550308623	-0.0436203858	0.1368189884	0.0167431899	-0.1231630603	0.0509553753	0.0496805391	0.2620295029	-0.0568977178	0.0203274286	0.1593630931	0.0211817185	0.1458793034	0.007483586	-0.0361770422	0.0796363444	-0.0009910098	0.0055014091	0.0324105075	-0.1575369148	-0.1699060387	-0.0242083816	0.1235938082	0.0468496433	0.0744235195	-0.0620629434	0.0095373068	-0.1560867148	0.0052386662	-0.0477501864	-0.0218323745	-0.1131206447	-0.0647656546	0.0567750228	0.1207456299	-0.1758194366	-0.1336160517	0.0586046885	-0.0338635606	0.0134368342	-0.0541544841	0.215920736	0.0144211953	0.0475196275	-0.1075419542	0.0132987194	0.0980046229	-0.0645485613	-0.0470531069	0.1514392693	-0.0061297919	0.0519443885	0.1926953066	0.1195208276	0.1404770322	0.0974542757	-0.0181410394	0.0720410607	-0.0387870011	0.1528343667	0.0263420756	0.0709695672	0.042379434	-0.0686204921	-0.1014656939	0.034625568	-0.0795796593	-0.1435986676	0.0923551087	0.1457958892	0.0466080817	-0.1214706143	0.0129609213	-0.0305528051	-0.0626076851	0.0723611236	-0.0395397133	0.0028067478	0.0373744922	-0.0699868056	0.1048049546	-0.001176313	0.1531773761	0.111004587	-0.0821731843	0.1093815585	0.023630999	-0.0730095903	0.0461058303	-0.0042487593	0.0462546255	-0.2375733252	0.2862526021	0.0499636597	-0.0084649955	-0.0198903276	-0.0358510989	0.0544200384	0.0373645351	0.0054698206	0.1158304971	-0.0450123812	-0.164484819	-0.0558359836	-0.0184201894	-0.0217948601	0.1164248436	-0.0323789643	0.0435930121	-0.1224403104	-0.0144973843	0.1138893683	0.0803747129	0.1049486047	0.0569609996	-0.0157992805	0.0700048875	-0.0146759308	0.0556187477	-0.0451060451	0.0906876214	0.0769597798	-0.0366929364	-0.0240351803	-0.0992156265	-0.0118101324	-0.0272067548	0.1181308757	0.0031164697	0.0917601178	0.1107082592	-0.0491698413	0.0363854333	-0.0571379453	-0.0340973516	-0.0531501166	-0.0413775184	0.0847017831	0.0589597043	-0.0600954145	-0.1186709048	-0.00061041	0.01284449	0.0001649809233601	3.726003681e-07	-0.0363504	0.0208068	0.0013213515801599	0.00043292292624	0.124954	0.008453	0.0156135021159999	7.145320900000004e-05	0.0039521	-0.0001930999999999	3.728760999999995e-08	1.561909441e-05	0.0008032599999999	0.0001681739999999	6.452266275998394e-07	2.8282494275966372e-08	-0.000628215	0.00025	6.25e-08	3.94654086225e-07	0.0	0.0	0.0	0.0	0.0	0.0
624.6548006742349	0.8465421345912318	390193.6200053682	0.7166335856382793	879.1258783492608	-1.855096605050789	772862.3099833593	3.441383414070965	601.0740661988865	-0.256319278307842	361290.0330568634	0.065699572432253	621.1807781806957	542.6870425092565	1.133629	50.494312	0.16423386	0.0848958999999999	-0.0113529471	0.0631536773	0.1054724266	0.0576581361	0.0869190617	0.0164413361	0.0821722758	-0.0692546095	-0.0234800737	0.1400037823	0.0763569575	-0.0148264725	-0.0091367556	-0.0562988977	0.0341797864	-0.0004270513	0.0579113655	-0.1212343422	-0.0427328464	-0.044519519	-0.0418214614	0.1252782301	-0.0103809012	-0.0500374647	0.0491140875	-0.0848249118	0.0754248547	0.0506560012	0.0005620333	0.0402774555	-0.120636646	-0.000552021	-0.0832560495	0.006863069	-0.0387481723	-0.0172621293	-0.0038246329	-0.0672666305	-0.0143717804	0.0888591049	-0.0651281255	0.0562670919	-0.0502615621	0.0566894838	0.1477560952	0.0050088696	0.1186803168	0.0081575276	-0.2244951256	0.094196162	-0.1453062623	-0.097778198	0.0703964452	-0.04239296	0.0107987344	0.0575447749	0.0067044935	0.2332060593	0.0071327144	0.2186820362	0.2078918787	0.0232459604	0.1050082334	0.1270327609	0.0031194508	-0.1418395512	-0.1254443656	0.0544102377	-0.1325168143	0.0015138374	0.0805881024	-0.0775764569	0.0317854697	-0.0271718245	0.0230456987	-0.169257244	0.2037857868	-0.0995869413	0.0137829221	-0.1054643551	0.0094504062	0.054409471	-0.1670915017	-0.0492673636	-0.010666093	0.0681582515	-0.0652777469	0.0525266254	-0.023946543	-0.0760969048	-0.0802831368	0.0317830799	-0.0305894059	-0.0364218523	-0.0742883345	-0.0716585846	0.1197773722	0.0029409329	0.0230275071	0.0358163996	0.0648723446	-0.0093081384	0.0038299484	0.0618482666	0.0764848983	-0.0637555542	0.1082509038	0.1753535535	-0.1807911015	-0.0534378884	0.0085953019	0.1154435608	0.0720324416	-0.0785233606	-0.0775737476	-0.159656941	0.1161577927	-0.0209404096	-0.054041208	0.0774709841	-0.043059409	-0.1085472239	0.055495754	-0.2977125181	-0.1291992303	0.0680488221	-0.0603284999	0.0240161836	0.0425771707	0.1127710275	-0.1639497041	-0.0511065322	-0.1712750087	0.0861244426	0.0565244187	0.0782081584	-0.0456994799	-0.1001384588	0.1183195536	-0.0946591998	0.0802703464	0.0489450098	0.1097443518	-0.068605191	0.0593970415	-0.028206105	0.0162469476	0.015413289	-0.0181979125	0.0890455488	-0.0003739102	0.0103221456	-0.0175502296	0.0231952606	-0.0249759862	0.1083027457	0.0759217296	-0.0302721282	0.0245247643	-0.0193762867	-0.0406076649	-0.178880453	-0.0496450733	0.0366995488	-0.0971122469	-0.0505341354	0.0551853202	0.1718118772	0.1177407899	0.0217428202	0.1840557291	0.0293656439	-0.1003590455	0.0552349913	0.037526163	0.05666678	-0.0645633431	-0.1183225485	0.030319	0.0309294099999999	0.000956628402948	0.0009192417609999	-0.0172835	0.0190668999999999	0.00029871937225	0.0003635466756099	0.14558	0.0206259999999999	0.0211935363999999	0.0004254318759999	0.0054463	0.0014942	2.2326336400000005e-06	2.9662183690000004e-05	0.000675229	-0.0001280309999999	4.5593420244100006e-07	1.6391936960974408e-08	-0.000878215	-0.00025	6.25e-08	7.71261586225e-07	0.0	0.0	0.0	0.0	0.0	0.0
624.153872778533	-0.5009278957019205	389568.0569044412	0.2509287566923541	877.2702889441342	-1.8555894051265795	769603.1598641247	3.4432120404180133	600.9371085027568	-0.1369576961296843	361125.4083756541	0.0187574105291509	621.2846059907149	538.4489300348548	1.096764	48.852291	0.06621793	0.0329288	0.01645164	-0.0523872672	0.0903830745	0.0143500117	0.0446930254	0.0064842246	0.0528943701	-0.1396375742	0.0143638976	0.0578797288	-0.0272779092	-0.039637327	0.0216748701	0.0181912339	0.0124110416	-0.0255021715	0.1197141356	0.033529177	0.0188372067	0.0390586843	-0.0363583287	-0.0254645502	-0.0480297942	-0.0148692975	0.0357743776	-0.1481964589	-0.0006209108	0.0811495011	0.070932953	0.077595053	0.1580771744	0.1675867437	-0.158936045	-0.0228880082	-0.0269491358	-0.0819015253	0.0169825476	-0.1503711292	-0.0029139628	0.0197026059	-0.0187133069	0.0355930373	0.0643523701	0.0466662752	0.1149135483	0.0491049703	-0.0631602289	0.182587623	-0.0394854636	0.0644916794	-0.025414425	0.0083498206	0.0356199559	-0.0040226909	-0.1272664935	-0.2278980135	-0.1093619535	0.1403781809	-0.2400097211	0.066315683	0.0512320929	0.0151069142	-0.1119357829	0.0690407316	0.0878811056	0.0157215546	0.0245826173	0.0613603757	0.2146639412	0.037809789	-0.0421333575	0.0440107748	-0.0788744072	0.177395547	-0.037868488	-0.0635312547	0.0676535627	-0.0324892632	-0.040465543	-0.0275683796	0.1073624959	0.0850516493	-0.0102330162	-0.0085728575	0.1050640899	-0.1283963519	0.0868953078	-0.118273516	-0.1996464739	0.0897177582	0.1196019075	-0.0021602441	-0.0184976069	-0.0288484842	-0.1078471532	0.0054709598	0.0269025038	0.0082017861	0.0617104639	-0.007911543	0.0860254156	0.0005178392	-0.0413548697	-0.0346405854	-0.0333298434	0.0197343415	0.1887738856	0.1544863536	0.0741564519	-0.0747178152	-0.0157686769	-0.1427897316	-0.0104340652	-0.0863314672	0.03583925	0.015303162	0.0388954836	0.0138226629	-0.0765818168	0.1904586928	0.1128512764	0.1194930956	0.0513391692	0.1214949131	0.0234197807	0.0645228851	0.0829533624	0.0192635079	0.3069604273	0.0020548541	-0.0363268421	0.0641875654	-0.0932914457	0.022156984	0.0271897659	0.06480917	0.0861192981	0.1947603147	0.1922221292	-0.1323825007	-0.1053972532	0.0003093311	-0.115159739	0.0006327399	0.1183578416	-0.0512848119	0.0927879645	-0.1143969836	-0.1013221325	0.0006546522	-0.0313335117	0.0036863788	-0.0104754664	0.0166478174	-0.0101344717	0.0952502894	0.099743862	-0.0449708717	-0.0706688395	0.0139977173	0.0473078943	-0.1478582683	0.0147736517	0.0603838172	-0.1078927048	-0.0656304831	-0.0193570192	0.1078319212	-0.0321372141	-0.053155624	-0.003529969	0.066304781	-0.0916567279	0.0001097024	0.0468209402	0.0543461203	-0.0689048858	-0.117453149	0.0303874	6.839999999999971e-05	4.678559999999961e-09	0.00092339407876	-0.00212292	0.01516058	4.5067893264e-06	0.0002298431859363	0.154506	0.008926	0.023872104036	7.96734760000003e-05	0.00529965	-0.0001466499999999	2.150622249999997e-08	2.8086290122500004e-05	0.00022659	-0.0004486389999999	5.13430281e-08	2.0127695232099996e-07	-0.000632245	0.00024597	6.05012409e-08	3.99733740025e-07	0.0	0.0	0.0	0.0	0.0	0.0
625.1123488940709	0.9584761155379056	390765.44873986265	0.9186764640566324	869.6585975345354	-7.611691409598848	756306.076265735	57.93784611496089	601.3436509130074	0.4065424102506085	361614.18649338494	0.1652767313323741	621.127130448099	535.5369221908227	1.086522	48.39608	0.15722535	0.0908331	0.0538527846	-0.1323299192	0.0345237292	0.0037380024	0.0144775772	-0.0768521774	0.0742003646	-0.1054385145	-0.1248390373	0.0195185287	-0.1378906121	0.0364713807	-0.0213753214	0.0251383655	0.0266418095	0.0258915698	0.1512502339	-0.067996926	-0.0714189614	-0.0515442083	0.0651264637	0.0587243796	-0.0486528204	-0.0075099307	-0.1557782683	0.0491700163	0.0356709676	0.0366036512	-0.0129130135	-0.038229384	-0.151177574	-0.0051836517	-0.0858488138	-0.0668546082	-0.0348480578	-0.0423076571	0.0685741764	-0.0401070582	0.1253560786	-0.0190686607	0.0640236323	-0.0344168043	0.0297399424	0.0397264359	-0.0834993875	0.0212570805	-0.0020175421	-0.0383924009	0.0868623083	0.0592450269	0.1331052316	-0.0100042268	-0.0355438924	-0.1240300463	-0.0927350158	0.1911234552	0.0471919517	0.1082613096	0.0033048111	0.051791415	0.0510120256	-0.0591396419	-0.0767898793	-0.0596973434	0.1836485048	0.001547581	-0.1335967659	0.2219766078	-0.0312880469	0.0197422475	0.0352601763	-0.1639026522	0.1023123118	-0.0999888409	-0.0554207355	-0.1835412484	0.1353781059	0.1312930749	-0.048629116	-0.0673908269	0.0190254683	-0.0400078241	-0.1825129977	0.0998231695	-0.1796000287	-0.014584787	0.1561950158	-0.0228228966	0.0905975833	-0.0304134631	0.131545063	-0.0885017377	0.0791864048	-0.0452700522	-0.0879626432	0.0593930864	-0.0944651367	0.0012183758	-0.0140700219	0.0832011891	-0.0365167996	-0.0311155521	-0.0751089898	0.0107238863	-0.0299177818	0.0850259108	0.0307468168	0.0501207521	0.0275417982	-0.0670173829	0.0922828103	-0.0374975482	0.074973351	0.1173239788	-0.0357704779	-0.0180897856	0.0057689273	-0.1468377743	0.1206871241	0.0252082529	0.0126874675	0.0245302644	-0.1528736049	-0.1180441301	-0.1718297379	0.2112013091	-0.0923513525	0.0827761723	0.0198546004	-0.0694259947	-0.0210340644	-0.1130597227	-0.1287566347	0.1690501531	0.0915153658	0.1051650063	0.024973025	-0.1423262109	-0.0785452736	-0.0782369049	0.1424926239	-0.0635707472	0.028866498	0.1104749109	0.0843676665	0.0535088436	-0.0306403972	0.0271112688	0.0812331311	0.111242467	-0.1406317484	-0.0031915799	-0.0523275423	-0.0376176873	-0.0714636463	0.0180428347	0.0827694321	0.049541647	-0.0941351685	0.0025406356	0.1105033892	-0.1245021374	0.0712495264	-0.0467597115	-0.0413754309	0.0722601838	-0.0517209533	-0.0354832188	0.0544496257	0.0799094812	-0.0606447954	0.1531702067	-0.1839065392	0.1057107619	-0.1571426091	0.051998861	-0.073111544	-0.116066535	-0.00288377	-0.0332711699999999	0.0011069707531688	8.316129412899999e-06	-0.0153191	-0.01319618	0.00023467482481	0.0001741391665924	0.169022	0.014516	0.028568436484	0.000210714256	0.00691276	0.00161311	2.6021238721e-06	4.7786250817600006e-05	0.000160829	-6.576100000000001e-05	2.5865967241e-08	4.324509121000001e-09	-0.000878214	-0.0002459689999999	6.050074896099998e-08	7.71259829796e-07	0.0	0.0	0.0	0.0	0.0	0.0
623.2705806448797	-1.8417682491912049	388466.2166974055	3.3921102837288357	864.7851004656825	-4.873497068852885	747853.2699874406	23.75097368011766	600.459241135892	-0.8844097771154793	360551.3002654912	0.7821806538574517	620.3507952549949	531.6047351873023	1.04563	46.574635	0.05684166	0.0263489	0.0691196198	-0.1143208266	-0.0308922634	-0.0059289257	-0.0120170514	-0.0572904816	0.0928703397	0.0127697778	-0.0423048676	-0.0799852806	-0.1456388488	0.034849435	0.0793097823	-0.0320506352	-0.0417322831	0.0406781524	-0.0411917025	-0.0267739077	0.0015406586	0.0878126185	-0.0466076463	0.0647665126	0.0229877216	-0.0428432533	-0.0777929834	-0.0715036407	-0.0124305828	-0.0701356227	0.0371018026	0.0640140541	-0.1140321171	-0.0124514056	-0.1909777575	-0.0738904616	0.0060993174	-0.0250932744	-0.0083829748	-0.0227617009	0.0296846704	-0.0934237352	0.0525164298	-0.0228028632	0.0080768551	0.1744918114	0.1017810115	0.0736086804	0.0645984584	-0.0376783958	-0.0676171214	0.0320596728	0.0291106324	0.0758433195	-0.0100239992	-0.1164412924	-0.0412505317	-0.0839719448	0.1043880177	0.1183448216	-0.006398588	-0.0565638426	-0.1601602557	0.0191593246	0.0027944013	-0.0040791639	0.0300200289	-0.0164175263	-0.0462619729	0.1890494797	-0.1485648493	-0.0444310811	-0.0098642658	-0.1295944153	0.0041192254	0.1437685396	0.2058571015	0.0462117816	-0.0166648164	0.1283355929	-0.1258506321	0.0439111578	-0.1631680838	0.0649623077	-0.0016592597	-0.0872780656	-0.0220991369	0.0758297829	-0.0741287375	-0.1715263089	-0.1192712827	-0.0484762484	-0.070026488	-0.048407955	0.072874234	-0.0069321224	0.0048145727	0.1107510102	-0.1185609015	-0.0353791801	0.047131193	-0.0065351617	-0.008276218	-0.0268779057	-0.0271146442	0.04570611	-0.0605252572	-0.1136130106	0.0981391598	0.1185322562	-0.1168248232	-0.0305535724	-0.1275925094	0.0147726902	0.0364082094	0.0037484156	0.0832063203	0.0041997691	0.187565497	-0.1908656598	0.0461202688	-0.0503293224	0.0272438304	0.0804538883	-0.0399905184	0.027516028	0.1531081406	0.1009868106	-0.097347397	-0.0393688572	0.0494851351	-0.0749778443	-0.1230567561	-0.0594637865	-0.0415412221	0.0804628167	-0.1162675353	-0.106817256	-0.1346158354	-0.0216145298	-0.030004652	0.0502902768	0.1201789816	-0.0578351899	-0.0188564186	-0.0294075437	-0.0735270635	-0.0856590815	0.0634327633	0.0140222057	0.0083541588	0.0952356218	-0.0936786526	-0.0094125533	-0.0314537593	-0.0262031888	-0.0439020109	0.0597397657	0.0417389708	0.0431574567	-0.0669253394	0.0068184961	0.1132805977	-0.0674932978	0.0424274279	0.0217699654	-0.1427608619	0.0547014191	-0.077204335	-0.0166953448	-0.0160344112	-0.0762569962	-0.0775275571	0.0765539454	-0.1293534548	-0.0279169543	-0.0604082466	0.0496261511	-0.077175083	-0.1141688124	0.00591453	0.0087983	7.741008289e-05	3.49816651209e-05	0.00400241	0.01932151	1.6019285808099996e-05	0.0003733207486801	0.159492	-0.00953	0.0254376980639999	9.08209000000002e-05	0.00674019	-0.00017257	2.9780404900000123e-08	4.54301612361e-05	0.000197045	3.6215999999999993e-05	3.8826732025e-08	1.3115986559999995e-09	-0.000703163	0.0001750509999999	3.064285260099998e-08	4.944382045690001e-07	0.0	0.0	0.0	0.0	0.0	0.0
623.315275117055	0.0446944721752515	388521.93219424994	0.0019975958430243	869.2900487845715	4.504948318888978	755665.1889158826	20.29455935586063	601.074358738382	0.6151176024900451	361290.3847327571	0.3783696648931011	620.9548294889546	527.5957329186665	1.067239	47.537155	0.07812231	0.0355371	0.0779831812	-0.0348908036	-0.110375265	-0.0086655535	0.0192592033	-0.0396383899	0.0375738685	0.0253049485	-0.0343209887	-0.1204454196	-0.0199539026	0.1206813288	-0.0372800655	0.0035180703	0.0104220703	0.0221824707	0.0219093431	-0.1563732189	0.0662026987	0.0597026837	0.0101507814	0.1233478158	-0.0934819983	-0.048793633	-0.0111585275	0.0858106836	0.0378317492	-0.1034714281	0.116287187	0.0949343702	-0.050797639	0.0483623969	-0.0217630822	0.1560089001	-0.0296392542	0.0090928184	-0.0584430785	0.0525373588	-0.0856459539	-0.0580335586	0.0489694903	0.0469662544	0.0436969721	0.0335037563	0.1075552067	0.0509531352	0.1115810131	-0.070788957	-0.1140660505	0.031284427	-0.1515720615	-0.0262125772	0.0482048248	-0.0339551349	0.1787187357	-0.0463562302	0.0616313689	0.0351455364	-0.0700823891	0.04702867	-0.0879279735	-0.0447622639	0.0007576919	-0.0479746253	0.2490943842	-0.0145030028	0.1732028335	0.0546858898	0.0521098977	0.1464691453	-0.1396050964	-0.0024986195	-0.1243432734	-0.1567700275	-0.0805986242	0.0952256356	0.0418177464	0.0245019242	0.0355223073	-0.0565961518	-0.0688533288	0.1214256938	0.0931884087	0.194202371	-0.1417416485	-0.0652213179	-0.0224773704	-0.0520610907	-0.073847869	0.0686148853	0.0112957567	0.3100452335	-0.0450830229	-0.0416187016	0.1152938747	0.0709734851	-0.0451535159	0.0045671499	0.0269084671	-0.0062327304	0.0366645838	0.0187631799	-0.0122578473	0.0533598583	0.0688047671	-0.1075153149	0.0400213577	0.0645049658	-0.0664555082	-0.0430816135	-0.0145029124	0.2564704734	0.0758387795	-0.1322949547	0.0025907631	0.0329239236	-0.0707584349	-0.0884043297	0.131457185	0.1853113102	-0.0572690518	0.1609953569	0.1473229525	0.0009550511	0.0442445636	-0.0829847878	-0.1205396953	-0.0636764794	0.0469006585	-0.0855468938	0.1572703206	0.0869445975	-0.0346148454	0.0965386348	-0.0304280405	-0.0630895822	0.0238115481	-0.0134552765	0.0822784227	-0.0011707142	-0.0437552424	0.026159223	0.1295374057	0.0912908566	0.1452513526	-0.0754963925	-0.1219882023	-0.1182160924	0.0730050759	0.0465152786	0.1220521747	-0.0049058443	-0.0423816759	-0.0378137596	-0.0709377043	0.0383140164	-0.0430513537	0.083510813	0.028591589	-0.0407995255	0.0624304745	-0.0431669768	0.0093917158	-0.0292183965	-0.1031678655	0.1006903719	-0.0721485565	0.0030659035	0.0825193643	-0.127798483	0.1801070623	0.0768450424	-0.0371646476	-0.0235302854	-0.1768929332	0.0472291519	-0.081087548	-0.111768338	-0.0106752	-0.01658973	0.0002752191414729	0.0001139598950399	0.00565159	0.00164918	3.19404695281e-05	2.7197946724e-06	0.181029	0.021537	0.0327714988409999	0.000463842369	0.00714125	0.0004010599999999	1.6084912359999998e-07	5.09974515625e-05	0.000333525	0.00013648	1.1123892562500002e-07	1.86267904e-08	-0.000932551	-0.0002293879999999	5.261885454399999e-08	8.69651367601e-07	0.0	0.0	0.0	0.0	0.0	0.0
622.063918495194	-1.251356621860964	386963.51869359537	1.5658933950752836	875.790607436769	6.500558652197583	767009.1880744649	42.25726279066085	601.0300731799936	-0.0442855583884238	361237.1488667485	0.0019612106817744	620.8705511803084	530.0303844462226	1.074881	47.877556	0.02656121	0.0140242	0.0585015298	0.0610494362	-0.0949759919	0.0150580213	0.0502333478	-0.0080676507	-0.0383316971	0.0375694225	0.1184644995	-0.0981349389	0.0729834729	0.0117320803	-0.004579201	-0.0740978684	0.022886915	0.0652292574	-0.0242687413	0.100657355	-0.0211247509	-0.0065009371	0.0427275567	-0.0255698707	-0.0781210761	0.0380016269	-0.0140109362	-0.0264508965	0.0403870919	0.0367331658	0.1089914346	0.1075441826	0.022210213	0.0270782943	0.042824417	-0.1592762125	-0.0213066984	-0.0097561762	-0.0815268862	0.088282102	-0.1321815128	-0.0599273347	-0.0455839058	0.0101884188	0.0314960718	0.0228066564	-0.0269822829	0.1665110344	0.1449468482	0.0835825374	0.0065345367	0.0061247616	-0.0587359547	-0.1396784028	-0.1168789797	0.0523825789	0.0088168911	-0.0779373684	0.0259181272	0.0649143491	0.0713285718	-0.0216205277	-0.0384882489	-0.0780977154	-0.099570652	-0.0129793806	-0.0040636937	8.34874e-05	-0.0119686551	0.1927855519	0.0145988087	0.161297554	-0.0098921119	-0.0302642903	-0.0411958504	-0.0733461322	0.1683653663	-0.0323396615	-0.0291215595	0.0411718358	-0.008052545	-0.0380979487	0.0542334403	0.0389825455	-0.0380677987	-0.106365849	0.126667888	0.0807883823	0.0274728428	-0.0356642014	0.1538749462	-0.1570585122	0.0316892123	-0.0915843815	-0.1766292009	-0.0196294825	0.1158706128	0.036742549	0.045361709	-0.0109015968	-0.004926594	-0.0325966515	0.0476160107	0.0547009334	-0.0864325132	-0.060702738	0.0175527501	-0.0694413853	-0.0390819672	0.1179730127	0.0842440341	-0.2355886952	-0.0038195549	0.1382215402	-0.0200426464	-0.0438437001	0.1075682161	-0.0723434227	0.0794978096	0.023682211	0.0414542879	0.0250263751	0.0502614213	-0.0132464463	-0.0508915986	-0.010422433	0.0672368264	-0.0141685037	-0.0456164298	0.0454972569	0.0497910509	-0.0136939523	-0.0066952417	-0.023213106	0.0820770356	0.0979299669	-0.0617495811	0.0193198676	-0.0307702898	0.0671158734	-0.0427714385	-0.1313034419	-0.0296378074	-0.1044066662	-0.0026022619	-0.0515857329	-0.0776247412	0.1323413766	0.0395855703	0.2225077627	-0.1098636348	-0.2108572068	-0.0460065281	-0.0009525376	-0.0362531264	-0.026180179	-0.0325827382	0.0507920705	-0.0493946817	0.0650968903	0.0379808875	-0.0189744369	-0.0125471384	-0.0834467904	0.0401146084	-0.0406588105	-0.2115743485	-0.0364279307	-0.0617889396	-0.16715987	0.0474360433	-0.0373015222	0.0004662347	0.0263007055	-0.0674178461	-0.0600785946	0.0130351742	0.0448090364	-0.0848412804	-0.1088756826	-0.019872	-0.0091968	8.458113024000003e-05	0.000394896384	0.00474808	-0.0009035099999999	2.25442636864e-05	8.163303200999995e-07	0.180098	-0.0009309999999999	0.032435289604	8.667609999999765e-07	0.00704081	-0.00010044	1.0088193600000053e-08	4.95730054561e-05	0.000442214	0.000108689	1.9555322179600002e-07	1.1813298721000009e-08	-0.00103402	-0.000101469	1.0295957961000016e-08	1.0691973604e-06	0.0	0.0	0.0	0.0	0.0	0.0
622.3212584460374	0.2573399508434022	387283.7487138597	0.0662238503000846	879.074397168017	3.283789731247907	772771.7957563124	10.783274999049205	601.1629927374802	0.1329195574866162	361396.9438370837	0.0176676087624378	620.9588936080336	535.4803897776357	1.056448	47.056522	0.06572327	0.0310031	0.0359507757	0.1117575076	-0.0621397088	0.0121782008	0.1034822265	-0.0149741081	-0.0126353583	-0.0368826641	-0.0656380342	-0.0174350844	0.1273118304	0.0691754082	0.0351149057	-0.0208961644	-0.0187298504	-0.0462170146	-0.0201749122	-0.078897399	-0.0368541814	-0.018579686	-0.0325364946	-0.0548152066	-0.0216161454	-0.0152246263	-0.1713084084	0.1198736566	-0.0500393237	-0.0040818601	0.0348954083	0.0704274214	0.1409322436	-0.0237164848	-0.0934555109	-0.0783603579	-0.0224904351	0.0190994186	-0.0485120015	0.1702389708	0.0192978867	0.0401841889	0.0142021544	-0.0361381287	0.0592843323	-0.0126668466	0.1257933847	0.057017489	-0.0144487075	-0.0384081287	-0.1034082662	0.0034150645	-0.0784324332	0.0023856116	-0.172386403	0.0339585692	-0.0539800245	0.0843431573	-0.0742559294	-0.0153270649	0.1821097876	-0.1232225359	0.1115722548	0.0498146358	-0.0429292549	0.0297241967	0.1695846043	-0.1570340951	-0.1750146728	-0.0811114395	0.1118876463	-0.041654888	-0.1036499359	0.0922850834	0.1152015426	-0.085068408	-0.0564133289	0.2356844526	-0.0680965845	-0.0315273148	0.0966625772	-0.0208765915	-0.1026229673	0.0629803065	0.0461373608	0.0207405942	0.0616782067	-0.0381225304	0.0609913363	0.0325136137	0.1614010934	0.0053868884	0.0937946646	-0.1306683022	-0.0104641605	-0.0290818733	0.1060054564	-0.0061101198	0.0605419527	-0.0181998466	-0.0516254789	0.0201094913	-0.099198856	-0.0899990893	-0.0145385712	-0.0247347822	0.0434789343	-0.0468023114	0.0984207591	-0.0611133593	-0.0935214965	-0.0670378366	-0.0103454489	0.1368339544	0.0215733072	0.0096811418	0.0172860164	-0.2041597678	0.0542201085	0.0137579909	-0.0203681855	-0.0796102739	-0.078662308	0.0476327016	-0.1306504601	0.1556839667	-0.1531904607	-0.0894113376	0.0519317178	0.0430854242	0.0472267903	0.12035154	0.1026492445	-0.031951819	0.0197384591	-0.1678825878	-0.0426812453	-0.1452308575	-0.0115562323	-0.096355119	-0.0011552249	0.0427965475	-0.2063461147	0.0181424726	0.025325336	0.1509781128	0.0549513209	0.0627834699	-0.0691001504	0.0613843118	0.0013447708	-0.0975056305	0.0274159405	0.0223728373	-0.0596867245	-0.0453176988	-0.0655124917	0.0081192105	-0.0657074139	0.0998324539	0.0928937417	-0.0746530787	-0.058482441	-0.0468985672	0.0785288441	-0.1321618913	0.0923616479	0.1225570622	-0.1344318004	-0.0803193684	-0.0260406241	-0.1079805976	0.0583922962	-0.0695809717	-0.0668579805	-0.1701179314	-0.0527938564	0.0423669894	-0.0884289321	-0.1055035841	-0.0319741	-0.0121020999999999	0.0001464608244099	0.00102234307081	0.0223408	0.01759272	0.00049911134464	0.0003095037969984	0.168333	-0.0117649999999999	0.028335998889	0.0001384152249999	0.00729081	0.00025	6.250000000000013e-08	5.31559104561e-05	0.000576063	0.000133849	3.318485799690001e-07	1.7915554801000002e-08	-0.00113544	-0.0001014199999999	1.028601639999997e-08	1.2892239935999998e-06	0.0	0.0	0.0	0.0	0.0	0.0
621.0994814966351	-1.2217769494022832	385764.565915389	1.4927389140907492	874.5677076221938	-4.506689545823178	764868.675215539	20.31025066243193	600.5060119129848	-0.6569808244953492	360607.47034363786	0.4316238037545888	620.1221046436295	531.0610596797557	1.003808	44.711807	0.0637891099999999	0.0385926	0.0386048408	0.113065492	-0.0477495441	0.0064773749	0.0845755228	-0.0096345821	-0.0530207215	-0.0450460002	-0.0589749153	-0.0138389146	0.1120667137	0.0282720175	0.0226292586	-0.029435809	0.047744461	0.0282446969	0.0019279416	-0.0207285563	-0.0248388068	-0.1051566431	0.0672579783	0.0137383237	-0.0124819841	-0.0328237408	-0.1582671066	0.1388426093	-0.0131467772	0.0234305206	0.1160602542	-0.0100276729	-0.023642353	0.011080986	-0.2062946379	-0.0910111875	0.0036018943	0.0046260386	-0.0190358817	0.147074144	-0.0341160023	0.0243541676	-0.0491623698	0.0102484106	0.0159006186	-0.0592318866	0.0391778547	0.0730382698	-0.0632520232	0.0007085403	-0.0598796568	-0.14525914	0.0550869171	-0.1511708793	0.0660015219	0.036593404	0.0245150842	-0.0366992202	-0.0127124285	0.0415956793	-0.0778159621	0.0004567685	-0.1554900756	-0.0086289981	-0.0074037388	-0.2173132355	0.0812719251	-0.2557185833	0.0326096539	-0.0406828821	-0.0062831911	0.0759673705	0.0272647695	0.069602378	-0.0581712303	0.0246661571	-0.1606762102	0.007422773	0.0405043205	0.089753398	-0.060909387	-0.0743466631	-0.0590778746	-0.1848843009	-0.0514729139	0.0899594795	-0.1306033781	0.0557007244	0.0504159224	-0.1344780395	0.0210299416	0.0418861759	-0.1447436338	-0.3149179997	0.0279445694	-0.0038538846	0.0954845337	0.0095386995	0.0823745001	0.0024538437	-0.0761611028	-0.0053021054	-0.0559112255	-0.0378908158	-0.0225784133	-0.023889854	0.0711686095	-0.0213064718	0.0617984736	-0.0555563313	0.0567918562	-0.060831843	0.0428738045	0.0902064145	0.0899897475	-0.1306076673	0.1414891306	0.1125082862	0.0117489572	-0.0404689253	0.1493388257	0.0373668566	0.0350012046	0.1066924737	-0.1616708408	-0.0207909324	-0.1317493716	-0.1594904607	0.0813124043	-0.0133198431	-0.0830038754	-0.0502922365	0.0583278071	0.0708112279	0.1143032727	-0.0032845477	0.069178678	-0.0176500797	-0.0608660569	-0.0604750286	-0.0202419061	-0.0130149846	0.1740496142	0.0252614376	-0.1407327113	0.1293576997	0.017506857	-0.0754859445	0.2103752414	-0.0494932664	0.1140079439	0.0373822195	-0.1426439421	0.0119767688	-0.0545862867	-0.0458807039	-0.0355527214	0.0162164176	-0.0800764503	0.0617634977	0.0641284398	-0.0776495559	-0.0271911157	-0.1131048277	0.0422760068	-0.1470720414	-5.93302e-05	0.0255540746	-0.0860848149	-0.048730758	0.125968795	-0.0221822926	0.0757892492	-0.021036037	-0.0371647031	-0.0465160336	-0.1194426243	0.039904206	-0.0918434799	-0.1016668918	-0.0382768	-0.0063027	3.972402729000002e-05	0.00146511341824	-0.00426471	-0.02660551	1.81877513841e-05	0.00070785316236	0.195106	0.0267729999999999	0.038066351236	0.0007167935289999	0.00726842	-2.2389999999999737e-05	5.013120999999882e-10	5.28299292964e-05	0.000630931	5.486800000000002e-05	3.9807392676100004e-07	3.0104974240000022e-09	-0.00113054	4.8999999999999565e-06	2.4009999999999573e-11	1.2781206916e-06	0.0	0.0	0.0	0.0	0.0	0.0
622.2535380577114	1.1540565610762314	387199.46562533965	1.3318465461630975	881.4252835025833	6.857575880389504	776910.5303976093	47.026346955299886	600.4705298796001	-0.0354820333847101	360564.85725388775	0.0012589746931136	620.615142161092	538.5568260540969	1.080349	48.121132	0.0988555399999999	0.0480035	0.0209518506	0.1209429466	0.056515956	0.0295460161	0.1173564234	-0.0106240158	-0.0542261963	-0.0079740021	-0.155464372	0.0671146267	0.1063402803	0.0317276838	0.0245936758	-0.053469792	0.1156265982	0.0369468668	-0.096574962	0.0030181944	-0.0345900898	0.1369118287	-0.0307318479	0.1386842922	0.0725473859	0.0176694215	-0.0383368877	0.079836436	-0.1365475688	0.0588159443	0.0027244767	-0.0403237509	-0.0808341885	0.095077767	0.0088291449	-0.0687674062	-0.0216544624	-0.0518478507	0.0074886215	0.0241816748	-0.020845916	0.1164481079	-0.1022959809	-0.0793566766	0.023719911	-0.0841343169	-0.035654768	0.002089402	0.0041375935	-0.0672721385	0.1432419932	0.0663767631	0.1843242675	-0.0774149065	0.0301456592	0.0323872006	0.0893576811	-0.0759001389	-0.1003972363	-0.0107378741	0.1022487336	-0.0633370646	-0.0735387228	-0.0019225075	-0.0025106789	-0.1253884842	0.1369330219	-0.0901287147	-0.0196503744	0.0803314469	0.0503813247	-0.0381445574	0.2173215088	0.2006774052	-0.0130913295	0.0349644813	-0.0083805409	0.0106384822	0.0572193536	-0.1496224875	0.0493552821	0.1487035388	-0.1837827073	0.0178931268	-0.182752639	-0.0486033759	0.0225271909	-0.0807936852	-0.038107887	0.1396237052	0.0842185752	0.0161114557	0.00497862	0.1520697257	-0.0134190094	-0.0240685365	-0.0110359071	-0.0127162375	0.1696365655	0.0136970239	-0.0481242354	-0.0020346091	-0.1169839339	-0.0365798519	-0.0533433666	0.0574540252	-0.0912074272	0.0780362804	-0.0558937217	-0.0846260758	-0.0137868082	-0.0150989817	0.0839145045	-0.0255548114	0.0971228989	-0.0137258598	0.1615918459	0.0814203918	-0.1506943235	-0.0977388692	0.0022918631	-0.0492969057	0.1240023795	0.124770986	-0.1058337445	-0.0825808532	0.0637537429	-0.0923299332	-0.1022181973	-0.0236535699	0.0141973745	0.2043845658	0.0873385622	-0.143188264	-0.1035271039	0.0324176304	-0.0900926984	0.0909026006	0.0226616674	-0.103725436	0.0266229948	0.0034044578	-0.0638978501	0.0006668156	0.024694754	0.0380827595	-0.0900425792	-0.036100307	-0.0317258889	0.0635156414	-0.1014759292	0.0248589749	0.1197384115	0.0063286309	-0.0767044155	-0.0664404537	-0.0325178556	-0.0007330793	-0.0192229931	0.0775207482	0.0588192156	-0.0693471848	-0.0993792154	-0.1689049793	0.0091044815	-0.1356506	0.0542615729	-0.0028730323	-0.0910180085	-0.0803251116	0.0373553633	0.1076941219	-0.1314283932	-0.0002845373	0.0036721759	-0.0435563539	-0.0226553675	0.0374218916	-0.0950782398	-0.0973825011	-0.0423469	-0.0040701	1.656571401e-05	0.00179325993961	-0.0399476	-0.03568289	0.00159581074576	0.0012732686387521	0.221905	0.0267989999999999	0.0492418290249999	0.0007181864009999	0.0075427999999999	0.0002743799999998	7.528438439994494e-08	5.689383183999849e-05	0.000695192	6.426099999999992e-05	4.83291916864e-07	4.1294761209999896e-09	-0.00143797	-0.00030743	9.45132049e-08	2.0677577209e-06	0.0	0.0	0.0	0.0	0.0	0.0
622.1723080653803	-0.081229992331032	387098.3809234025	0.0065983116540995	878.0120516181122	-3.413231884471088	770905.1627866465	11.650151897170057	600.738854213278	0.2683243336779242	360887.17096148216	0.071997948043702	620.8740029600173	541.9839338252244	1.042394	46.430515	0.1054038	0.0493666	0.0277420546	0.0377564529	0.1385209875	0.044233899	0.1046106136	-0.0019266163	0.0033104389	-0.0570254694	-0.0602188405	0.1056342664	0.0093191611	-0.0294434671	0.0114467793	-0.0456928595	0.128215117	0.0042096971	0.0666809411	-0.0145348023	0.0600477692	-0.0058444581	-0.0430009689	0.0378832923	0.0148076711	-0.0349872559	0.0621518062	-0.0417615242	-0.0003148733	0.0816670554	0.0066969593	-0.0117050284	0.0657866941	0.0839735421	0.0297333744	0.0206147982	-0.0254378373	-0.1248118182	0.0128880073	-0.0134553633	-0.0228551801	0.0562931746	-0.0973908336	-0.0424199534	-0.0450045755	-0.0698802803	-0.0247647115	0.0053857954	-0.0321822652	0.0131357046	-0.0310324289	0.0603598678	-0.0200728012	0.0570821218	0.0673588003	0.0843794689	0.0863295984	0.0015034556	-0.0091710874	0.0313666694	0.1398706293	0.086110175	-0.1832109953	-0.0274607592	-0.0704160167	-0.0677568888	-0.0170601477	-0.0461322592	-0.0287734172	-0.0079568334	-0.076033701	-0.2992780041	0.0779249217	0.0121505046	-0.06829197	-0.0355815873	0.1067133237	-0.1455438702	-0.1310275435	0.030109812	0.0680325548	-0.034340408	-0.0208097427	-0.1252059393	0.0790248709	0.0217745957	0.1887815293	0.1821752498	-0.0702436363	-0.0339435772	-0.0312757337	0.1963804458	0.0769838229	-0.0601229825	0.0454998959	-0.0279876483	-0.1005324827	0.0336995851	0.1459704709	-0.0060533465	-0.041089434	-0.0102321011	-0.0143971998	-0.0031268479	-0.0006308228	0.1015192233	0.0019720089	0.0290863096	0.0001302034	0.0613474913	-0.0156098349	-0.0137374408	0.006832764	-0.0566229722	0.0438488042	-0.1270365627	-0.0311674726	-0.0143477712	0.0083055866	-0.1210723067	-0.1201514712	-0.1142645618	0.043649527	-0.0489138017	-0.0837321436	0.0173375331	-0.0009843358	-0.0810964003	-0.0530273086	-0.0163680707	-0.2510555667	0.0838319819	0.0411416172	0.0779890937	0.0178463034	0.0592274269	0.0744419363	0.0316145058	-0.0253110015	0.2593335586	0.0440842296	-0.0422363187	0.0733879635	-0.1435316004	-0.0327151448	-0.0337364284	-0.0323010908	-0.1072486137	0.0481213833	0.1610559765	-0.0568586886	-0.0734440176	0.2115392214	-0.0286228297	-0.0578001088	-0.0497900325	0.0072391004	0.0611559159	0.0268349303	0.0053706744	0.00922819	-0.0537260305	-0.0526679292	-0.1775710906	-0.0074637834	0.0052017491	0.0065789704	-0.0617348576	-0.0418173626	0.028989156	-0.0226192086	-0.0284115026	-0.0005435154	-0.035590352	0.0975305183	-0.0891779129	-0.0192257789	0.0349212611	-0.0981268796	-0.0926692784	-0.0205533	0.0217936	0.0004749610009599	0.00042243814089	-0.0117956	0.028152	0.00013913617936	0.000792535104	0.239463	0.017558	0.057342528369	0.000308283364	0.0072635399999999	-0.0002792599999999	7.798614759999997e-08	5.275901333159855e-05	0.000815566	0.000120374	6.65147900356e-07	1.4489899876000004e-08	-0.0010796	0.00035837	1.284290569e-07	1.16553616e-06	0.0	0.0	0.0	0.0	0.0	0.0
622.7469191945146	0.5746111291342686	387813.7253662593	0.3301779497249591	870.977889043922	-7.034162574190191	758602.4832034066	49.47944312013797	601.7136915026601	0.9748372893820942	362059.36654175847	0.9503077407698288	621.584949380083	534.6893132782093	1.009213	44.952579	0.13906697	0.0950405	0.0455693389	-0.0182644887	0.1390738839	0.0345852304	0.0698972991	0.0039897429	0.0044983443	0.0209889313	0.0985135977	0.1141237257	-0.0504243855	0.019552525	0.0449126501	-0.1248175482	0.0477216354	0.0058364565	-0.0176654209	0.0072836183	-0.0378995352	-0.0792575699	0.0325431422	0.0848881415	-0.1151297534	-0.0122303154	0.1583720091	-0.0122817019	-0.0286252202	-0.0464667145	-0.0398885792	0.1072640147	-0.0373387238	0.0225330013	-0.0162658978	-0.0497060085	-0.0698192662	-0.1423274314	0.0362473136	-0.0155236038	0.0134172428	0.118697135	-0.0716849914	0.0531066651	0.016576936	0.0380922632	-0.0058001963	0.0867950408	-0.0547778954	-0.04581099	-0.0616708395	0.0614855932	0.0004770281	-0.0312709041	0.152629064	-0.1097072405	0.0908962358	0.0537826155	0.045819702	0.0702368216	-0.0490018829	0.0325461828	0.0516965018	-0.0240216998	0.0770496518	-0.0874899463	-0.0541658629	0.1451012967	-0.0007451129	-0.1996634621	0.2090295719	0.0192875793	-0.0417139234	-0.0789306944	-0.0030213928	0.0209636859	-0.0348623023	0.0694969878	0.0976335834	0.0180905662	0.0208251195	-0.0252667979	0.0394609059	0.0594367401	0.1026095408	0.0439052982	0.073054706	0.0200194442	0.0637969068	-0.2226305235	0.1120093214	0.1184670692	0.012445928	-0.1305767056	-0.0433241607	-0.0590418926	-0.1250272939	0.0422445145	0.0912569898	0.0176825965	-0.0256296942	0.0230213876	0.0388983442	0.0206756502	-0.0462264424	0.0301719159	-0.0021204135	-0.1202062432	0.0858273239	-0.0476702632	0.0765576935	0.045333112	0.0178785963	0.0286531259	0.1034040769	-0.0288682151	-0.0897970791	0.0435432872	-0.0608525217	0.0327836078	0.0912190997	0.0749456425	-0.014179548	-0.0855061559	0.0865415027	-0.137720804	-0.0333324838	0.0731980644	0.124471769	-0.1169999607	0.1603265019	-0.0742479033	0.1348104275	0.2102274391	0.024478219	-0.0557024466	0.0468411368	-0.0012755093	-0.0164082399	0.0261030613	0.0546621866	0.1032491225	-0.0204883987	-0.0216544901	0.0054176699	-0.0042100856	-0.0447984128	0.0685036547	-0.0526064872	0.07272849	0.11018258	-0.1509488866	-0.0517291723	-0.0500839987	-0.063426434	-0.0706660854	-0.0107925572	0.0518892147	0.0915465593	-0.0266560095	0.0052087315	-0.0191708651	-0.0332495067	-0.1263634841	-0.0088542137	0.0268633096	0.0153956436	0.029215075	-0.0066575852	0.0278636906	0.0833976673	-0.0306579594	0.083007115	-0.1369784841	-0.0107492806	-0.0469059938	-0.0635571308	0.0324035386	-0.1009834314	-0.087547979	-0.00616778	0.0143855199999999	0.0002069431856703	3.80415101284e-05	-0.0128114	-0.0010158	0.00016413196996	1.0318496400000016e-06	0.211689	-0.027774	0.0448122327209999	0.000771395076	0.0088451399999999	0.0015816	2.5014585600000022e-06	7.823650161959825e-05	0.000502923	-0.000312643	2.52931543929e-07	9.774564544900003e-08	-0.00110319	-2.3589999999999983e-05	5.564880999999992e-10	1.2170281761e-06	0.0	0.0	0.0	0.0	0.0	0.0
621.9646186942282	-0.7823005002863965	386839.9869074567	0.6119940727483463	876.0424939821402	5.064604938218167	767450.4512624481	25.650223180223847	600.3860925919555	-1.327598910704637	360463.4601778362	1.762518867704139	620.1782697714146	537.5218950435966	0.985804	43.909885	0.1171011	0.0950659	0.0362518724	-0.0224185638	0.1328497789	0.0202451849	0.0620927963	0.0175268464	0.0343866108	-0.0052579917	0.0910374997	0.0994483618	-0.060667009	-0.0282863789	0.0517570836	-0.0854816505	0.0349943442	0.0138435741	-0.0020860163	-0.0082088953	0.0741901992	0.0351097332	-0.0031598845	-0.0540482455	-0.0636216722	-0.0317519984	0.0953587182	0.0406325851	0.0029720572	-0.042988295	0.0209939805	0.0243383841	0.1009560254	0.0722591923	0.0672587226	0.0729139732	-0.0263821744	-0.100870594	-0.0111485563	-0.0605256782	-0.0445745325	0.0417908222	-0.05388723	0.1371510875	0.0675017624	-0.0783014317	-0.113428307	0.1086414653	-0.0990585819	-0.0479789737	-0.1084469628	-0.0482919962	0.1100178673	0.058871798	0.0381491074	-0.1724901797	0.0230596346	0.1155478413	-0.0572724954	-0.1165556342	-0.1513783852	0.0644338976	-0.0234646583	0.023719919	-0.0687699891	-0.0251762596	0.0358423563	0.0164599058	-0.0194428159	0.0610295834	-0.0910178266	0.1920034275	0.0034549126	0.0666747597	0.042918978	-0.0360185079	0.0222950086	-0.1572302605	-0.1573268058	-0.0256710817	-0.0133851772	-0.0141238909	0.1980902647	-0.0296231354	0.1126889363	-0.033670071	-0.0049976812	0.0251686189	0.0168545101	0.0274128097	0.1029979679	-0.0744176672	-0.1322256002	0.196095086	0.0749595649	-0.0238022453	-0.1006092384	0.0393147606	0.0751554744	0.0068979093	0.0151674558	0.0031970089	0.1118051204	0.054455354	-0.0363057376	0.0793678284	0.0966801911	-0.0523322964	0.0488621018	-0.1227595092	0.0801266232	0.07602602	-0.0681963845	0.0086764242	0.0831433509	0.0919886776	0.0144113081	0.0831650062	-0.1408732884	-0.0679531476	0.0732044312	-0.0402507696	0.0429967001	-0.0139486627	0.0393268689	-0.0064899258	-0.1039891927	0.0408410712	0.0662818764	-0.024653177	-0.0256223951	-0.1029305751	-0.0410417537	-0.1295304507	0.1394862683	0.1033811117	0.0268693212	-0.0196588547	0.079718527	0.1337786008	-0.0106682623	-0.1166361089	-0.08540927	-0.0389100278	-0.0323945052	-0.0161982066	0.0239153788	0.1023031247	-0.1477311481	-0.0195756654	-0.0724793719	0.0983498526	-0.1488836694	-0.0202779411	-0.0541342541	-0.0251593066	0.0116851228	0.0864201716	0.0324924671	-0.0465478058	-0.0073111887	0.0032687102	0.0211598972	-0.1525878911	0.0028066108	0.0192878483	0.0277214035	-0.0426313612	-0.0312158172	0.065149192	-0.0274384072	-0.1199705731	-0.0110599654	-0.1307892138	0.1076306314	-0.0810379213	-0.0506132706	0.0298699563	-0.1036423034	-0.0820411548	-0.0164287	-0.01026092	0.0001052864792463	0.00026990218369	-0.00388587	0.00892553	1.50999856569e-05	7.966508578090002e-05	0.215664	0.003975	0.046510960896	1.580062500000005e-05	0.00705055	-0.0017945899999999	3.220553268099644e-06	4.97102553025e-05	0.000556336	5.341300000000009e-05	3.095097448960001e-07	2.8529485690000104e-09	-0.00113398	-3.078999999999994e-05	9.480240999999963e-10	1.2859106403999998e-06	0.0	0.0	0.0	0.0	0.0	0.0
623.0136888205939	1.0490701263656774	388146.05645784375	1.1005481300328983	873.9683970234381	-2.074096958702057	763820.758995718	4.301878194097124	600.551248908237	0.1651563162814682	360661.8025652432	0.0272766088076643	620.2125244893659	535.1441230316043	1.034856	46.094738	0.1310853999999999	0.0583386	0.0606328988	-0.0879715272	0.12381719	0.0181207045	0.0475540993	-0.0376263929	-0.0489661946	-0.0630559138	0.0838726468	0.0710410349	-0.0984519273	0.0210527195	0.0369088712	-0.0771664022	0.0878039616	-0.0095355419	0.0305038051	-0.0501438504	0.009034882	-0.0745512174	0.1199022095	0.0671329434	-0.0373160057	-0.0142776978	0.0479966368	-0.0123057328	-0.0011045702	-0.0664442611	-0.0275413895	-0.0353151132	0.0156873106	-0.0549066338	-0.0825657827	-0.0157564137	-0.0470798546	-0.1225266889	0.0095400744	-0.1548516488	-0.0387540416	0.0578402583	0.0293763905	0.0304315632	-0.0899380823	0.0358448323	-0.0576263142	-0.1401503695	-0.0718208686	0.1326164085	0.0041635919	0.0398770144	-0.0028662409	-0.021614152	-0.0560966885	-0.0793532354	0.0331262135	0.165072916	0.1314558688	-0.1729630365	0.0531105518	-0.068106362	0.0021232444	-0.0236177105	0.0636170937	0.0396626932	-0.0722397692	-0.0378961555	-0.0012356422	-0.0410824661	0.0175569576	0.0445513422	-0.0748697984	0.0732153154	-0.1214306672	0.0825880293	-0.0983552689	0.0764784012	0.0333858725	0.0220095313	-0.0388808378	0.0165895527	-0.0970437241	-0.1169528435	-0.0487887163	-0.01227111	0.0052194549	-0.0439752418	-0.0175749849	0.0076410496	-0.0111261189	-0.0537886722	-0.0764680647	-0.0053577585	0.0325663184	-0.0493814947	-0.1497014478	0.0681677133	0.0279661129	-0.0136953978	0.074874626	-0.0125608245	0.0365236782	0.0892565915	0.0109602798	-0.052376709	0.0285854819	0.0626419506	-0.0274319099	0.0707845745	0.1372040958	0.063358642	0.0514927199	0.0901998891	0.0239949122	0.0625888779	-0.1213621521	0.0570402591	-0.0086161336	0.0412705334	0.1809630247	-0.0294703272	-0.0909194859	-0.0524176263	0.0384336487	0.1105489516	0.0089429976	0.085437096	-0.0614382537	-0.0634331255	-0.11329266	-0.0039275415	0.0496080254	-0.032461976	-0.045785999	-0.1121112203	0.0647198387	-0.0396311337	-0.0813696688	-0.0448449301	-0.058527677	-0.0042676914	-0.0901311399	0.1689713396	-0.0116561012	0.1032809057	-0.165488436	-0.0423746248	-0.00160406	-0.103036167	-0.1230971051	0.0451514567	-0.1174716958	-0.0648920122	-0.0576323565	-0.0568651477	0.0234528508	0.0708722525	0.1308388816	-0.0248157989	-0.0246358116	0.0086227824	0.0425754352	-0.1222613279	-0.0447913554	0.088647062	-0.0738850609	-0.1085613216	-0.0009891754	0.0146430996	-0.0462342341	0.0480191051	-0.0925656816	0.0295530258	0.1063251737	-0.0140396301	0.0109165906	0.0273217542	-0.1060982907	-0.0761730556	0.00390102	0.02032972	0.0004132975152784	1.5217957040399998e-05	-0.0244675	-0.02058163	0.00059865855625	0.0004236034934569	0.246373	0.030709	0.060699655129	0.000943042681	0.0079507399999999	0.0009001899999999	8.10342036099821e-07	6.321426654759841e-05	0.000701639	0.0001453029999999	4.92297286321e-07	2.1112961808999983e-08	-0.000990172	0.0001438079999999	2.0680740863999952e-08	9.80440589584e-07	0.0	0.0	0.0	0.0	0.0	0.0
622.0570005322232	-0.9566882883706284	386954.9119111464	0.9152524811055228	869.895108717544	-4.0732883058941525	756717.5001707076	16.591677622934053	599.4801961990003	-1.07105270923671	359376.50563479186	1.1471539059632967	619.1709964546643	531.3459326369167	1.029431	45.853092	0.1019972299999999	0.0456361	0.069111414	-0.1193435242	0.0772674874	-0.005006476	0.0067439716	-0.0406154447	0.0251124143	-0.0478044199	0.0319815784	0.0307370909	-0.1383599067	-0.0335733721	0.0327392392	-0.0497780277	0.075329069	0.0060101717	0.0224197553	-0.011341894	0.0172833995	0.0304083315	-0.0593771064	-0.095080831	-0.0411893389	-0.0158226215	-0.0594914204	0.0309697798	0.0178367358	-0.089450343	0.0210625334	0.0202530747	0.0778586914	0.036332373	-0.0417243031	0.0199297218	0.0034506857	-0.1156139667	0.025730474	-0.0555516463	0.0301530813	-0.0180437069	0.0111491794	0.0540393708	-0.0404128125	0.1539210892	-0.0139427421	-0.0549875394	0.0897266212	-0.0101530864	-0.0704344328	0.1313649847	-0.0653445301	-0.0509382303	0.1149220102	0.0986695822	0.0806373466	0.0054036228	0.0775993495	0.0232356245	0.0305030656	0.047201	-0.0312483729	0.1685068357	0.1012339789	-0.0819900536	0.0359739807	0.1194613076	-0.0211222182	-0.180144779	0.0303384773	0.0208800854	-0.0834192524	0.1130549762	-0.0871072005	-0.0374299022	0.027643022	0.0227170183	-0.0207913051	-0.019073266	-0.1107663481	-0.0415749175	-0.1038366377	0.1585758559	0.0247503727	-0.1162274547	-0.0620553925	0.0401677029	-0.2210817263	0.2198526676	-0.1653104823	-0.1025047529	0.1969219989	-0.1568538927	0.1040883732	-0.0052814856	-0.1063693812	0.1187336358	-0.0206385962	-0.0250468718	0.0058886768	0.0563838658	0.0241932132	0.0493213966	0.0182744944	-0.0129142425	-0.1265728886	-0.029437626	0.005756013	0.1193249642	-0.0493291225	0.0499198271	-0.0301350508	0.1611745402	0.0118413555	-0.0950543393	-0.0117981476	0.0640535523	-0.0477366238	-0.0283958511	-0.0866786408	-0.0117500929	-0.0278942758	-0.1042213423	0.0331419684	-0.0279444802	-0.0551484961	0.0356949039	0.0755904576	-0.0328401536	-0.0084031669	-0.0194618993	0.102009131	0.0785676826	0.0472180145	-0.1212507039	-0.0232303901	-0.0877300896	-0.1336294801	-0.0047617068	-0.0097448774	0.1264966679	0.082030077	0.0816219853	0.1105637599	-0.1305922595	0.1219125701	0.0527964161	0.0901623565	-0.1464909177	-0.2216482666	-0.067438926	0.1421691414	-0.0483133807	-0.0419830038	-0.0339360322	0.0181822198	0.0959396856	0.0367583944	-0.0461073067	-0.082810139	0.023363664	0.1294498838	-0.0824552041	-0.0247394422	0.0532675425	-0.0604180519	-0.083620857	-0.0559626523	0.0733095526	-0.0880287137	-0.1013753843	-0.1554861117	-0.0443069971	0.1027526799	-0.0677074943	-0.0269710981	0.0247601796	-0.1083465856	-0.0699695221	-0.00284239	-0.00674341	4.54735784281e-05	8.079180912100001e-06	0.00994367	0.03441117	9.88765730689e-05	0.0011841286207688	0.225812	-0.0205609999999999	0.050991059344	0.0004227547209999	0.0074797199999999	-0.00047102	2.218598404000008e-07	5.59462112783985e-05	0.000559154	-0.000142485	3.12653195716e-07	2.0301975225000013e-08	-0.000798044	0.000192128	3.6913168384000026e-08	6.368742259360001e-07	0.0	0.0	0.0	0.0	0.0	0.0
624.1222105024658	2.065209970242563	389528.5336424842	4.265092221189288	870.2139503665366	0.3188416489925885	757272.319412533	0.101659997132313	600.8862995870209	1.4061033880205969	361064.345031383	1.9771267378030013	620.3153884318581	527.9136183301379	1.127197	50.207821	0.17386184	0.117113	0.0953493393	-0.0272111273	-0.0748974593	0.0307809702	0.0163484927	-0.0591718099	-0.0336681768	0.0426356773	0.0003615181	-0.0833110692	-0.0404724563	0.0469933871	0.0103195199	-0.071939845	0.0817053168	-0.1094255516	-0.0700998086	0.0240572128	0.0282051014	0.0231265967	0.0707049812	-0.0118494838	0.0082774239	-0.1941526743	0.0131204906	0.0379502422	-0.0811525599	-0.0361850816	0.0239599234	-0.1687704407	-0.0135934317	-0.0405377933	-0.0482965885	0.1161841944	-0.0249899438	-0.0701478074	0.077189226	0.127106101	-0.0421523718	0.0204868068	0.1416815071	-0.0131478347	-0.0422361808	-0.0862121957	-0.054600695	-0.0284274787	0.0732988768	-0.128033492	0.0389174809	-0.0705346256	-0.0308732039	-0.0197505679	0.0128423344	0.091416989	0.0541447913	0.0271149977	0.1150076561	-0.013192784	-0.0268074142	0.04923002	-0.0081157565	0.0483817759	0.0356926284	0.0285831148	0.0714034565	-0.0221510099	0.0410374583	-0.0761882239	-0.0893585084	-0.115750011	-0.006820555	-0.0828736999	-0.061043128	0.0325287884	0.0800120587	0.0932947412	-0.1136521354	-0.0314831662	0.0501507479	-0.0522197081	0.1445313646	0.0714792354	-0.025330968	0.0042971176	-0.1424365413	0.0173288644	-0.0240612265	0.0580310579	0.2130834484	0.037445668	0.1710649456	0.1082974216	-0.0875065657	-0.0316637576	0.0570258596	0.1516829336	0.0059137036	0.0870585665	0.0200040259	0.0418057667	-0.0557765767	-0.0403678494	0.1182349743	0.0224867724	0.034277487	-0.0389072648	-0.1576111648	-0.044198148	-0.0080206019	0.0618802618	0.0024617422	0.032117171	-0.0042938643	-0.0651773131	-0.0915692914	0.0684411407	-0.0662483558	0.0145408773	-0.0973977474	-0.0675052165	0.0032351183	0.0873479353	-0.0089369799	0.007063981	-0.0377513542	0.0282200414	-0.0274982063	-0.053621563	-0.0863517554	0.0311206174	-0.0261867298	0.0342306463	-0.1370161439	0.0376387648	0.0772115441	-0.1581278369	-0.0032581467	0.044263024	-0.0478291201	0.073033293	0.0974745365	-0.1160628261	0.0420838647	-0.0268300623	0.1247556378	0.0957739182	-0.1679075055	-0.0696697079	-0.1110742023	-0.0968613387	0.071754286	-0.0823132568	-0.0446224806	-0.079172123	-0.03944375	0.0664583606	-0.0031717451	0.0372019681	0.0224845178	-0.003613646	0.03318349	0.0881017506	-0.0570558377	-0.0013663427	-0.0993989141	0.068621033	-0.0144182841	-0.051483361	0.1406333118	-0.0503829208	-0.0788888536	-0.1699968673	0.0288232341	-0.0517026313	-0.0485062995	0.0221864862	-0.110382787	-0.063457872	-0.0204267	-0.01758431	0.000309207958176	0.0004172500728899	0.0240488	0.0141051299999999	0.0005783447814399	0.0001989546923168	0.231871	0.0060589999999999	0.0537641606409999	3.671148099999977e-05	0.00966515	0.0021854300000001	4.7761042849004415e-06	9.341512452250002e-05	0.000263602	-0.000295552	6.948601440399999e-08	8.735098470399999e-08	-0.00103933	-0.0002412859999999	5.8218933795999975e-08	1.0802068489e-06	0.0	0.0	0.0	0.0	0.0	0.0
623.8765944416126	-0.2456160608531945	389222.0050920644	0.0603272493490401	879.8118560546669	9.597905688130368	774068.9020543579	92.11979359824528	600.5542289834711	-0.3320706035497096	360665.3819499315	0.1102708857418684	620.7525443119847	537.7700204230453	1.129548	50.312531	0.1024363999999999	0.0861680999999999	0.0611185034	0.0502474084	0.0314872922	0.1166883332	0.0701980779	-0.0185574417	-0.0092134347	-0.0774424744	0.0364665405	0.0250739543	0.0557956316	-0.0158456645	0.0350247826	-0.0359536018	0.0369704704	-0.1460602746	0.1258370737	-0.1047937099	0.0127809123	0.0304821235	-0.0318059183	-0.0839686464	0.0356110058	-0.1147051824	-0.0282091381	-0.0483008435	0.0643256945	0.1670013478	-0.04166791	0.1774550908	0.1918942587	-0.038292299	0.1579371667	0.1188014106	-0.0049538415	-0.077883939	0.0940786677	0.1334262623	-0.0632419181	0.0666473078	-0.0562216435	0.0180318316	-0.05849743	-0.0593799201	0.0019762452	-0.202790534	0.0446841942	0.0464913044	-0.1076994761	0.0421849879	-0.0342274774	0.003991206	-0.001698302	-0.0249987165	0.0360752315	0.1098525718	-0.0396835023	-0.0051622256	-0.0732593112	0.0887242474	-0.02125993	-0.027508852	-0.0739343916	-0.0018808257	0.0309796085	0.1039758478	-0.1366577105	0.0020220247	0.0352301222	-0.0225337628	0.0186330622	-0.0144767351	0.0168548223	0.1524910935	-0.0974203833	0.0173790976	-0.0411935257	-0.0372764317	-0.1242155199	-0.0775579498	-0.0523077505	0.0040199157	-0.1561229827	0.0149414599	0.15133985	0.1025068345	0.0591802834	0.0114920241	-0.0667056997	0.0444864359	-0.3513927376	0.0137236561	-0.111399771	-0.0095873627	-0.0160122249	0.0543838685	0.130190387	0.1072599269	-0.0704244993	0.0008333734	-0.0001552249	-0.0465792326	0.049097563	-0.0041300357	0.0581339994	0.0067103568	-0.0343707048	0.104436752	-0.1069301435	0.1209454341	0.0253192514	-0.0309813021	-0.0435470559	-0.0017687419	-0.0284214559	-0.1176552997	-0.0686021244	-0.0131698234	0.0115373009	0.058485259	-0.0348270574	-0.0893613093	-0.0239199861	0.1371724087	-0.119656252	0.1869105875	0.1390831762	-0.0491732444	0.0518889769	-0.0753792213	0.0370968297	-0.0768054554	-0.0053982268	0.060079254	-0.0360326984	0.0209765416	-0.0105273345	-0.0256649278	0.015919348	-0.0280683855	0.0448563013	0.1617239022	-0.1087318428	-0.0751094352	0.0142331206	-0.1099118955	0.1941810733	0.1488362355	0.0749685957	-0.0621527662	0.0589443168	-0.065392437	-0.0435850039	-0.052581197	-0.0249142162	0.137490305	0.027580304	-0.0454509991	0.0182851763	0.0333878419	0.0080839951	-0.0640439695	-0.017968915	-0.1025193904	0.0714678172	-0.081561939	-0.0213479108	0.0229177547	0.0320660932	-0.1383872079	-0.1561690611	-0.0926516976	0.0993569403	-0.0574453906	0.1064958553	0.0196019337	-0.1122029089	-0.05666678	-0.0250673	-0.0046406	2.1535168360000017e-05	0.00062836952929	0.0166427	-0.0074060999999999	0.00027697946329	5.485031720999999e-05	0.22949	-0.0023809999999999	0.0526656601	5.669160999999973e-06	0.00801362	-0.00165153	2.7275513409e-06	6.421810550440002e-05	0.000334596	7.0994e-05	1.11954483216e-07	5.040148036e-09	-0.00100168	3.7649999999999966e-05	1.4175224999999976e-09	1.0033628224e-06	0.0	0.0	0.0	0.0	0.0	0.0
624.087019361908	0.2104249202953951	389484.60773603054	0.0442786470813234	871.3488360875878	-8.463019967079163	759248.7941511939	71.62270696318059	601.2744174770851	0.7201884936139322	361530.925112408	0.5186714663339049	621.3486634926043	539.8344042630562	1.154492	51.423618	0.1326614699999999	0.0812713	0.0524352254	-0.0583558876	0.151150446	0.0766948772	0.0667333841	-0.0260656081	0.0447341483	-0.0101157844	0.0344617813	0.1179002	-0.0731897123	0.026120063	0.0265573722	-0.0869445263	-0.025158841	-0.0061863815	0.1246658177	-0.0969426523	0.0317135824	-0.1491878327	0.0803285534	0.1057590116	-0.0528304917	-0.0133888901	0.0171653607	0.0009216188	-0.0478773615	0.0575627436	-0.0485309084	-0.1013318052	-0.116363544	0.0394896872	0.0739261056	-0.1421620546	-0.0805906528	-0.0912699059	0.0941406136	-0.1467737813	-0.0381619899	-0.063794214	-0.0642359789	0.0109342505	0.0762937002	0.0269195155	-0.0615796617	0.0536388464	0.0661640233	0.1694145402	0.0208974718	-0.0194292944	-0.0441988134	-0.0226009528	-0.0302810897	0.1128944046	0.1039030724	-0.0006261441	-0.0435423369	-0.0055399911	0.0754062165	-0.059939856	0.1368449776	-0.1651086607	0.0318575655	0.0812827255	-0.0423228466	-0.0427882053	-0.0629007123	0.1034499642	-0.0854574048	0.0800346064	0.0190479358	0.1133521663	-0.1263734676	-0.0444712302	-0.1070586681	0.0734186345	-0.0530298087	0.0162396192	0.0040532623	0.2222611694	0.1515289114	0.0097741926	0.0886901317	0.1314558972	-0.2884237929	0.0796651673	-0.1116098843	0.0287686807	-0.004989001	0.0195668505	-0.0216099249	-0.1135444528	0.064806368	-0.0713552394	-0.1530861164	0.0185214456	0.0126455395	0.0550323229	0.0119088439	-0.1019805057	0.0772659481	0.0670955929	-0.1386087807	-0.0003238926	0.0543933425	0.0343612443	-0.0528786128	0.1279745118	-0.0032822877	-0.1220403207	0.086010677	-0.010266849	0.0571872159	0.0412784912	0.0758520204	-0.0681187817	0.0144870158	0.1498147558	-0.0998792094	0.0672643149	-0.1569893782	0.0709634606	0.0767208433	-0.011347326	-0.0389249134	-0.0546953807	-0.1605035387	-0.0510518172	-0.0256097887	0.0467263893	0.0463813191	-0.1086696528	0.0784903987	-0.075631276	0.0713548117	0.0755375882	-0.0872741963	0.0552832204	0.0046971434	0.108904196	-0.0380076137	-0.0242116163	0.0087114531	0.1615535457	-0.1037118339	0.2422633777	-0.152996896	-0.2233223658	0.1059703786	0.0346270988	-0.0207561545	-0.085393906	-0.0691565965	-0.087964319	-0.0309279662	0.021148763	0.1351819716	-0.0743369805	-0.0099374265	0.0567157787	0.0054345119	-0.0189825751	0.0275473249	-0.0557362266	-0.0384222126	-0.0862693465	0.0206895228	-0.0901938278	-0.0424073346	0.0460654928	0.0300219638	0.0982727183	0.2062037802	0.0902776024	-0.0393150501	0.0170077871	-0.1138033884	-0.0496261511	-0.0227843	0.002283	5.212089000000001e-06	0.00051912432649	-0.00370872	-0.02035142	1.37546040384e-05	0.0004141802960163	0.241615	0.0121249999999999	0.058377808225	0.0001470156249999	0.00952908	0.0015154599999999	2.296619011599999e-06	9.080336564640002e-05	0.000270325	-6.427099999999997e-05	7.307560562500001e-08	4.130761440999996e-09	-0.00137999	-0.00037831	1.4311845609999998e-07	1.9043724001e-06	0.0	0.0	0.0	0.0	0.0	0.0
620.9992798580022	-3.087739503905823	385640.1055841573	9.534135243980575	872.5656908879008	1.216854800313058	761370.8849146797	1.4807356050449323	600.303495295717	-0.9709221813681096	360364.2864642549	0.9426898822726084	620.272145932707	537.9318455876487	1.118627	49.826107	0.0958440499999999	0.048598	0.0682900464	-0.0469977303	0.0832822466	0.0481956259	0.0635884836	-0.0571286869	0.0036363034	0.1301320376	0.0713857468	0.0251782031	-0.0860515112	-0.0194540792	0.0991123906	-0.0611020759	-0.0357043721	0.0592220444	-0.0423036835	0.0362965837	0.1631628537	0.0872982149	-0.0410618609	-0.2131335175	0.0584681398	-0.0188856908	-0.0377697825	-0.1327782904	-0.1523921569	0.0994349584	0.0277967348	0.1717211822	-0.039234916	-0.1515068451	0.0326079665	-0.0201928829	-0.0245947363	-0.151184276	0.0731633733	-0.0441897271	-0.0048740014	-0.0569566912	-0.0954218623	0.0128402276	0.0166025523	0.0455660981	-0.0137234863	-0.0337359688	-0.0125638793	-0.0530937417	-0.0008903187	0.1230950845	0.0170622425	0.0999008927	0.0421680741	0.0631045123	-0.0483207941	0.0356292826	0.1084659621	-0.0974224034	-0.0398916875	-0.0995830516	-0.0238797235	0.0648474996	-0.1459340466	-0.0024038245	-0.008788347	0.0627472616	0.0210197763	-0.0175188945	0.0318603642	-0.1326252219	-0.113886069	-0.0732648707	0.1183265111	-0.0014927654	-0.1094699765	0.0530815676	-0.0072994401	0.0076516766	0.0021914791	0.062808445	0.1443774315	0.0265795667	0.0504261632	-0.0894665609	-0.1642732058	-0.157253139	-0.0436507866	0.048810828	0.1069182511	-0.007855866	-0.211796427	-0.0239210059	-0.1483055888	-0.0256575409	-0.109020163	0.1122263105	0.0223382225	0.0163617896	-0.0717147199	-0.0809913673	0.0659641275	-0.0041420731	-0.048439429	0.0538499528	-0.1529681144	-0.0167192529	0.0245649079	0.0132625579	-0.0631272612	0.0325265147	-0.0250682626	0.0355626979	-0.0629284892	0.0665292696	-0.0338560934	0.0471242087	-0.0460819599	-0.0648787534	-0.0171441342	-0.0583534749	-0.0115091191	-0.019886784	-0.0049058327	0.1604533596	0.0447255801	0.0732109773	0.103736786	0.0178030673	-0.0241345809	-0.0974742331	-0.1155877018	0.0202458061	0.0318671461	-0.1167578101	-0.0788464622	0.0654217211	0.0544511204	-0.0414104717	0.0443550693	0.058102844	-0.0910058122	-0.0583796605	-0.0187183753	-0.186567301	-0.0767159088	0.093723242	-0.0548858403	-0.1176880426	0.2015377568	-0.1327726904	-0.0593623777	-0.1209497701	-0.0623084648	-0.0995648704	0.0260005138	0.0540996987	0.0321080786	-0.0829562666	-0.0623652579	0.032238499	0.0125851954	0.0046759686	0.0094331714	0.0387373822	-0.0671179153	-0.0874195053	0.0092408885	-0.0467259116	-0.1101296848	-0.0455956457	-0.0676750389	0.0193712423	0.0699104428	-0.0596225407	0.1234663416	0.0144053161	-0.1151810923	-0.0423669894	-0.00467422	0.01811008	0.0003279749976064	2.18483326084e-05	0.00877895	0.01248767	7.706996310250002e-05	0.0001559419020289	0.281794	0.0401789999999999	0.079407858436	0.0016143520409999	0.00960842	7.933999999999893e-05	6.2948355999998304e-09	9.23217348964e-05	0.000458921	0.0001885959999999	2.10608484241e-07	3.5568451215999985e-08	-0.00114658	0.00023341	5.4480228100000043e-08	1.3146456963999997e-06	0.0	0.0	0.0	0.0	0.0	0.0
622.5729919096657	1.573712051663506	387597.1302553527	2.476569621550961	872.3000059404095	-0.2656849474913088	760907.3003636384	0.0705884913234595	600.9360887155436	0.6325934198266623	361124.1827207357	0.4001744348079918	621.1509776646814	532.3544084097456	1.133835	50.503494	0.18321871	0.108964	0.0960163143	-0.125098732	0.0063605299	-0.0080291804	0.0246547529	-0.1097121722	-0.0019772677	0.0565831398	-0.2054898865	-0.0322126391	-0.1038712276	0.1153727771	-0.0306167174	0.091480231	0.0261668905	-0.0577027026	0.1746583126	-0.0726618592	0.2161455068	-0.0068479553	-0.0758847596	0.0077926664	0.1195678934	0.016160268	-0.0432333775	-0.0113436175	-0.0152982245	-0.0521768135	-0.0461975666	-0.09710769	-0.2083111892	-0.0159370267	0.0533150586	0.1197037247	-0.0474658403	-0.1237433272	0.1404359383	-0.047081989	-0.0012752835	-0.1109912294	0.0735484871	-0.1077764909	0.0027598658	0.0117261369	0.0075877561	0.0581604235	0.0120913794	0.0930748108	0.137944453	0.1044120169	-0.0414066664	0.0309943333	0.0314170753	0.0629218726	-0.1246219342	-0.0666379108	-0.0806269012	-0.0351010554	0.0514726604	-0.0292816019	-0.022848472	0.0376574601	-0.035648505	0.0789464458	0.0427914916	-0.0521452928	0.0391068737	-0.0674878632	-0.0445546049	-0.0369781239	0.0674663912	0.0534966198	-0.0541726541	0.0177107143	-0.0302073598	0.128589489	0.0425890875	-0.1075688511	-0.0085053304	-0.078076258	-0.0232220922	-0.0154076194	0.1150526072	-0.0214291834	0.130680441	-0.0530743602	-0.0457550365	-0.0170353655	0.0286473057	-0.0089219823	-0.0862864945	0.0081920751	-0.1506451352	-0.0562613372	-0.0540865621	0.1525371961	-0.0878046352	0.0761006476	0.0114815521	-0.0857808275	-0.0424209351	0.0124166709	0.0038231475	0.0852600254	-0.0672164263	0.1338475647	0.0389067438	0.0920981118	0.0123808289	-0.0954075769	-0.0810879385	-0.0942769156	-0.1027124856	0.0054651595	0.0193248706	-0.0116935348	-0.0069487366	0.0297696763	-0.0330459783	-0.0137373286	0.0535472554	0.1115723624	0.0623505269	-0.0103689373	0.053155988	-0.1025226813	0.0016455562	0.034756024	-0.0371556813	0.065574213	-0.0089505757	0.052685811	0.0053765597	-0.084598007	0.034103737	-0.0442744303	-0.0237364865	-0.1180539474	0.0590729777	-0.0149301901	-0.0692606734	0.0727552604	-0.0561301142	-0.1262072355	0.0799169449	-0.2041829222	0.0425976494	0.0077698596	0.1453656903	-0.0847814864	0.0649605669	-0.1320061978	-0.0623252075	-0.1176778162	0.0053021871	-0.0283838516	0.063798366	-0.0226609867	0.0155852564	0.0070201443	0.0552479858	0.1592125353	-0.0245205127	0.1347365201	-0.064226741	0.0876223626	-0.00512492	0.1156692183	-0.0114413272	0.0370588059	0.0907085986	0.1934690631	-0.0493769011	0.1059082171	0.0035163488	0.0117957945	-0.1163333239	-0.0349212611	0.00143629	0.0061105099999999	3.733833246009999e-05	2.0629289641e-06	-0.029835	-0.03861395	0.000890127225	0.0014910371346025	0.265245	-0.0165489999999999	0.070354910025	0.0002738694009999	0.0114512	0.00184278	3.3958381284000016e-06	0.00013112998144	0.000138156	-0.000320765	1.9087080336000004e-08	1.02890185225e-07	-0.00142194	-0.00027536	7.582312960000007e-08	2.0219133636e-06	0.0	0.0	0.0	0.0	0.0	0.0
620.7414137471569	-1.8315781625087768	385319.90274081903	3.3546785653790265	868.4179240638957	-3.88208187651378	754149.6908354461	15.070559695956751	599.5420806053542	-1.3940081101894748	359450.706416597	1.9432586112740309	619.1031764675339	528.9475683991386	1.159445	51.644207	0.10930706	0.05803	0.0988403003	0.0113801016	-0.078344737	0.0581781933	0.0314088526	-0.082977443	-0.0657632655	0.1826401786	0.0832323673	-0.1141006642	-0.0061412396	0.0266016859	0.097053335	-0.125227811	0.0427079931	0.0069461178	-0.1022978006	0.0613541442	0.058733914	0.0425815457	0.0284075265	0.0560083776	0.002754439	-0.1719281092	-0.0088732231	-0.0099734242	0.1625223629	0.0536206953	0.0117997688	0.1648155745	-0.0639153012	-0.0546833977	-0.0498848359	-0.0320911293	0.0192330291	-0.1126536087	0.0536619842	0.187855483	-0.0303895962	-0.0200294721	0.0822608451	-0.0186285021	-0.0603409567	-0.0189107182	0.0769121744	0.1136581572	0.0541970131	-0.0117275203	0.0923085101	-0.1469284074	-0.0289331443	-0.0104958105	-0.0031856714	-0.088284825	-0.0805267367	0.0284828806	0.0613396192	-0.0212824452	0.0022717789	-0.1500788524	-0.0661084899	0.0075048712	0.0158189904	-0.0227473186	-0.0805668979	0.0712681138	0.1106734062	-0.0043294418	0.0374130315	-0.0415523531	-0.0536570302	-0.1342280199	0.015140167	0.0375419314	-0.0749949121	-0.0088234833	0.0674116656	-0.0628810455	0.155222749	0.0478928123	0.015343202	0.0002486929	-0.0183507825	-0.1111282704	-0.0797926031	-0.0903860285	0.0770044885	0.0289523677	-0.1323205771	0.0808832192	0.1162997713	-0.0320053422	0.1432003616	0.0041501827	0.0793640446	0.1680585696	0.0270988657	0.0575420237	-0.0858632806	-0.0073489351	-0.0575160318	-0.0247867289	0.1197926791	-0.0385455829	0.0326750555	-0.129026614	-0.0372011326	-0.0370152689	0.0395165724	-0.0583962833	-0.1074029871	-0.0718574881	-0.0536477146	0.0087623795	-0.0122216554	0.0399341455	0.0144908969	0.0588154032	0.1109782089	-0.0264723167	0.0101166809	-0.0179644194	-0.131991544	-0.0031134796	0.1439754585	0.0743125674	-0.0310376102	-0.0133865366	-0.001579363	-0.0680601754	0.0025542298	0.0436565555	-0.0795931928	-0.1157510852	-0.0419332667	-0.0143957456	0.138075078	-0.0837107599	0.0320476219	-0.0396450508	0.0195531804	-0.0872878459	0.0232523831	-0.0035629239	-0.069254405	0.1443147097	-0.0411501344	-0.0598894977	0.1075053585	-0.0164553938	0.0273795168	-0.1299484093	-0.0464892168	-0.1104559736	-0.0131127179	0.017749311	-0.0757337495	-0.0235734429	0.0327505447	-0.0146310196	-0.0309004458	0.1376750324	-0.0353713578	0.0311488137	0.0011011104	0.1229328643	0.0237492993	-0.0574438157	0.1123977168	-0.0173104958	0.0149570059	-0.0852783885	-0.1535642492	-0.0370316989	0.089626691	0.0091804995	-0.1172578276	-0.0273217542	-0.0187865	-0.02022279	0.0004089612353841	0.00035293258225	-0.00846148	0.02137352	7.15966437904e-05	0.0004568273571904	0.244784	-0.020461	0.059919206656	0.000418652521	0.01221	0.0007588	5.757774400000007e-07	0.0001490841	0.000251241	0.0001130849999999	6.3122040081e-08	1.2788217224999992e-08	-0.00149505	-7.310999999999993e-05	5.345072099999991e-09	2.2351745025e-06	0.0	0.0	0.0	0.0	0.0	0.0
623.0594200665108	2.3180063193539127	388203.0409336168	5.3731532965646736	880.1326031972857	11.71467913338995	774633.3992108307	137.2337071982819	600.6255840142392	1.083503408885008	360751.09217244585	1.1739796370654327	620.7742097860703	540.2148133765654	1.131174	50.384987	0.09443382	0.0699587	0.0441477518	0.0970782167	0.0247228113	0.0988094004	0.1143138935	-0.0716800259	-0.0696861388	0.0145944947	-0.1076761951	0.0537016896	0.1020364363	0.0653614761	-0.0061624025	-0.041356368	0.0802378373	-0.0870589551	-0.0358819292	-0.11286101	0.0551999765	-0.0672423658	0.0310324911	-0.0835168672	0.076351219	-0.0390472118	-0.0994489573	0.0623836598	0.0133848024	-0.0129370616	0.0072631481	-0.0272473214	0.0168862121	-0.0734709198	0.1314420988	0.0304004113	-0.0258570268	-0.0895927173	0.0855335154	0.074133434	0.0214788645	0.0757569216	-0.0719760929	-0.0569855216	-0.1079717421	-0.1378042337	-0.0424210663	-0.0520111926	-0.0739334265	-0.0805719411	-0.0005481795	-0.0002675594	0.1417334519	-0.0306190901	0.0641691914	0.0542599445	-0.2156376285	0.0524924766	-0.0727595507	0.0236070742	0.0870791467	-0.0146069502	0.093833222	0.0062980571	-0.0457461629	0.001181626	-0.0467905825	0.0298269694	0.0007766892	0.0100249091	-0.0273057673	0.1570267145	-0.0337659449	0.2334472892	0.0254027682	-0.0158510934	0.1930989879	0.1134781154	0.1307719318	0.1015277542	0.1377874281	0.0146985769	0.0463271554	-0.0454192084	-0.0112836826	0.0415445916	-0.1044702474	-0.0457537254	-0.0698172401	-0.0275526444	-0.2370335802	-0.1742315219	0.1324648152	-0.1010032602	0.0331757651	-0.0361455359	-0.0090987228	0.0374488872	0.1363337554	0.072840559	-0.0880233836	-0.0198462222	-0.1086764987	-0.0454675545	0.0047359654	0.1059143248	0.0557230089	0.1104353899	0.0004797511	-0.0722567112	-0.045076878	0.0171214183	0.0879593569	-0.0446586099	-0.0831704214	0.1339690165	0.0058664065	0.063970423	0.0145433702	0.1009493717	0.0615942611	-0.0786242713	0.0112625341	-0.0086649681	-0.0971442824	-0.0327571379	0.0571521458	-0.0030036743	0.0819768679	0.070178628	0.046504123	0.1919205807	0.169870431	-0.1087087016	-0.0098507064	-0.0199190759	-0.0786212111	-0.0105118303	0.0586905118	0.0846816182	-0.138464095	0.0053158647	-0.1217903381	0.1098804683	0.1963750398	-0.1140841569	0.0837090274	-0.0048428873	0.1202680495	-0.1991841441	0.0184720116	0.0582873506	-0.0127261199	-0.0936995848	-0.0738114323	-0.1072493248	-0.0452286856	0.0039246677	-0.0042320852	-0.0462055691	0.0847904319	-0.0327223159	-0.0720067469	0.0950874345	-0.008633943	-0.1069287636	0.2714265012	0.1131529376	-0.0355175452	0.0793742441	-0.0350429246	0.0330844311	0.0472452872	0.0705353389	-0.0646113925	0.1091296859	-0.0181919521	0.006560711	-0.1179527935	-0.0196019337	-0.0258936	-0.0071070999999999	5.051087040999997e-05	0.0006704785209599	-0.014801	-0.0063395199999999	0.000219069601	4.018951383039999e-05	0.247763	0.002979	0.061386504169	8.874441000000056e-06	0.0109116	-0.0012984	1.6858425599999998e-06	0.00011906301456	0.000458005	0.000206764	2.09768580025e-07	4.2751351696e-08	-0.00144005	5.499999999999993e-05	3.024999999999992e-09	2.0737440025e-06	0.0	0.0	0.0	0.0	0.0	0.0
620.5602652705427	-2.4991547959681384	385095.0428326463	6.245774694210548	873.1904956772405	-6.94210752004517	762461.641741065	48.19285681986769	599.3451823868077	-1.2804016274315018	359214.6476502757	1.6394283275292385	619.5980419314125	538.5107444407315	1.10964	49.425808	0.1465891499999999	0.0747593	0.0457416399	0.005152478	0.1344288862	0.0799556902	0.0756900042	-0.0346624195	-0.0353893515	0.0797970113	-0.0012371454	0.0892101445	0.0027650356	-0.0599299564	0.0490076794	-0.0731688741	0.1145963716	0.0176077858	0.0692241852	0.0373729628	0.0405635621	-0.0402176234	-0.0996567509	0.052765572	-0.0050405114	-0.040913627	0.0377012529	-0.0429492705	-0.0617937478	0.1273402364	0.1411228304	-0.0878679884	0.0414442528	-0.163418698	-0.0539698996	0.1133299279	0.0233459478	-0.1019374641	0.099194335	0.0589842345	0.0667564029	-0.0041694964	-0.0348603096	-0.0154298294	-0.1011166076	-0.0941592399	-0.1054038261	-0.0117267988	0.0359835411	0.0505373276	0.0326764265	-0.0532009074	0.058263029	-0.0683428069	0.0980148529	-0.0626849613	-0.082287574	-0.0346238691	-0.1335392757	-0.0354550537	0.0150165384	-0.0218694469	-0.0325091709	-0.0562940756	0.0330242757	-0.0908166973	-0.067875626	0.1337632558	-0.0298817012	-0.0402865541	0.0758260856	-0.050476907	0.0749493908	-0.1527780052	-0.0989578581	-0.0581946853	0.0548971195	-0.0262247985	-0.0487023838	-0.0667226436	-0.1016424028	-0.124018072	0.0723885913	-0.0443976568	-0.0162414917	-0.1999207714	0.090824058	-0.1671785537	0.0087295203	0.0550202674	0.1522884516	-0.1533343353	0.0432621479	0.0626339645	0.0528529354	0.0108972193	-0.1065174337	0.0438266066	0.0867619628	0.0368117144	-0.154022993	0.0225525023	-0.0177989708	0.0296280913	0.0626047663	0.0412852999	0.0711633873	0.0463459307	-0.0283584729	0.0183369558	0.0844237166	0.0007562281	-0.001506249	-0.1350254454	-0.0630055231	0.0221639728	0.0944965667	0.0245072154	-0.0593795879	-0.0075103243	0.0100663517	-0.0431071862	0.1757116041	-0.1141099446	-0.0284330386	-0.0783949102	0.0269146549	0.0625025111	-0.0136995144	-0.0485139309	0.0168546624	-0.0456221121	-0.0243129872	0.103357596	0.1729346173	-0.0928593409	0.0785612935	0.066003369	-0.1050269215	-0.0738488546	-0.140587007	-0.0919273102	0.0259935132	0.0352379296	-0.0329520127	-0.2007252979	-0.0096781429	0.0040789938	-0.0866230254	0.1139971916	0.0034553837	0.0673571721	0.0490862871	-0.1130168784	-0.0464532576	-0.1102384434	0.0080840876	-0.0223300256	-0.0126738	-0.0877375562	-0.0431199029	0.0446232773	-0.0667766795	0.0080253041	-0.0083778252	-0.0355676656	0.0472777163	-0.0451342521	0.0792052508	-0.1082522299	0.1181150171	0.1721501908	0.062459444	0.0264207219	-0.0315787728	0.1663033942	0.0031689892	0.0039377115	-0.1184168613	-0.0117957945	-0.0446316	-0.018738	0.000351112644	0.00199197971856	-0.0349854	-0.0201843999999999	0.00122397821316	0.0004074100033599	0.237239	-0.010524	0.056282343121	0.000110754576	0.012034	0.0011223999999999	1.259781759999998e-06	0.000144817156	0.0008921499999999	0.0004341449999999	7.959316224998216e-07	1.884818810249132e-07	-0.00182636	-0.0003863099999999	1.4923541609999997e-07	3.3355908496e-06	0.0	0.0	0.0	0.0	0.0	0.0
622.4718425490278	1.9115772784850835	387471.1947663816	3.6541276916204377	876.2094217944566	3.018926117216097	767742.950841376	9.113914901209458	600.9137108111474	1.5685284243397746	361097.28784082335	2.460281417961816	621.1252458035931	537.1970902217017	1.140883	50.817421	0.1077332999999999	0.0654156	0.0672867602	-0.1127402147	0.0812412531	0.0263385102	0.0412044083	-0.1024033295	-0.0335586341	-0.0248320652	-0.1650021654	0.0751437699	-0.1039990027	0.0846275873	-0.0113994566	-0.0109708672	0.0439194672	-0.0089139898	0.1263418999	-0.0151587956	0.1341876953	-0.0677820622	0.0435551932	-0.0436916397	0.0541557141	-0.0012305781	-0.0857878035	0.1180488429	-0.022771003	0.0570996681	0.0186580585	-0.1121853353	-0.0618552906	0.0460751753	0.07769817	-0.059543223	-0.0597248559	-0.0728910992	0.1564814733	0.0520585876	0.1244699925	0.0538340284	0.0804987454	-0.159668787	-0.0942694139	0.0085663502	-0.0018966628	0.0355682274	-0.1019245407	-0.1105465198	0.0401519719	-0.0459735567	0.0116348092	0.0937336553	-0.0466841802	-0.0015012576	0.049472703	0.0124812666	-0.0263661409	0.1340806448	0.0967668847	-0.135050775	-0.1075972863	-0.0944220533	-0.0619836248	0.0301678261	-0.0342510505	-0.0175995733	-0.007413496	-0.0987829318	-0.0553345071	0.057707236	0.0077282296	0.0057465366	0.0454270846	-0.1152503877	0.058115289	0.0252448982	-0.114088945	0.0796407666	-0.060563092	-0.0578735229	-0.0205700102	0.0503503803	-0.1212186684	-0.0332065591	0.047457859	0.1148532473	0.0677109416	0.0287185791	0.0500070361	-0.036785137	-0.0025980774	0.0201492131	0.1440148926	-0.0721325585	-0.1074066198	0.0993134063	-0.0436985862	0.0684557129	-0.0490252015	0.0170437887	-0.2159093722	-0.0498308675	0.0292651512	0.0726325208	0.0307336549	0.0430220621	0.0425353911	-0.0883564693	-0.0169297966	-0.0178911472	0.037144876	-0.0815492338	-0.029288422	0.0320859771	-0.0440058577	-0.1356045526	0.0143112972	-0.0535982887	0.0062794579	-0.1257267311	-0.1027425727	0.0500386764	-0.0570884148	-0.001634482	0.0733276405	-0.1310050096	0.0297858396	0.036624678	-0.104189852	-0.1061589735	0.0025285861	0.0566226057	0.0918520039	0.0369584305	0.0403649142	-0.0016881819	-0.0412850508	-0.0062840471	-0.1392426274	0.0672588787	0.0549030737	-0.042695606	0.054884411	0.094743432	0.0750359678	0.1013836555	0.0163809458	0.0913009968	-0.2284413067	0.1373711207	-0.0845391272	-0.1056926539	-0.097488202	-0.1250865542	-0.0199509293	-0.0648065246	0.1062998088	0.0249132978	-0.0107882196	-0.0352748304	0.028421342	0.1188476967	0.0583507161	-0.0097516581	0.2604491081	0.0656115274	-0.0301347387	0.0493468414	-0.1811121136	0.0586952852	-0.1284479998	0.0597703792	-0.0537686663	0.1784694354	0.0164768159	0.0013127847	-0.1186491225	-0.0039377115	-0.0388731	0.0057585	3.3160322249999994e-05	0.00151111790361	-0.0193416	0.0156438	0.00037409749056	0.0002447284784399	0.260673	0.0234339999999999	0.0679504129289999	0.0005491523559999	0.0110273	-0.0010066999999999	1.0134448899999984e-06	0.00012160134529	0.0008921499999999	0.0	7.959316224998216e-07	0.0	-0.00157512	0.00025124	6.312153760000001e-08	2.4810030144e-06	0.0	0.0	0.0	0.0	0.0	0.0
618.6942338895589	-3.7776086594689104	382782.55504818814	14.270327184094498	864.0916979058022	-12.117723888654382	746654.4623897321	146.8392322416651	598.9902937026117	-1.923417108535773	358789.371949941	3.6995333734081135	618.964526958665	528.577708179601	1.098621	48.934967	0.18152295	0.0987794	0.0798551592	-0.0955658637	0.0284916827	0.0107514009	0.0109573559	-0.1091162012	-0.0788750299	0.1547230093	-0.0534189	-0.0550123247	-0.1267165756	-0.0398132334	0.081507972	-0.1092835651	0.0877635434	0.0828806914	-0.0676082574	0.1201373151	0.0426742291	0.0450129658	-0.0951432555	0.0845111946	0.085385511	0.0083435207	-0.0355680218	0.0354101858	-0.090358871	0.1155619947	0.0476413733	0.1017741046	-0.0057833995	-0.0488948363	-0.0485422318	-0.0259697779	0.0249269749	-0.1547212169	0.0702624965	0.0529771954	0.0723912417	-0.138901965	-0.0415079106	-0.011847114	-0.0461148267	-0.0111619276	-0.0396553351	0.0041747832	0.0383236244	-0.0648685753	0.0468961065	0.0519487203	-0.037735844	0.0992951079	-0.0897494733	0.0304488909	0.017733587	-0.0530410218	-0.0899816498	-0.124300824	-0.0277643687	0.0153082783	-0.1803217233	0.0645345894	0.0649313865	-0.0123664762	-0.0161865145	-0.0804284449	-0.0282415824	0.0877578395	-0.0034382302	0.0915733523	0.0774287919	-0.0205055093	0.1685593009	0.0255871121	0.091571998	0.0053372658	-0.0070631419	0.0655193472	-0.0234109188	-0.0811256838	-0.0293505009	0.0354211173	0.1374309366	0.0562518512	0.1141951927	0.0339846231	0.0538984596	0.0397780131	-0.0845483706	-0.0175947968	0.1514262208	0.1547273025	-0.0588630911	0.0064150049	-0.0644799883	0.174635916	-0.0584290989	-0.0224943492	-0.1383636838	-0.044574396	-0.0242904426	0.0057153852	0.042646417	0.004842185	-0.0693047383	0.0553201215	-0.0976056514	-0.0661907362	0.0107462202	-0.0431952828	-0.0989287326	0.0684119863	-0.0164443565	0.0746024615	0.0895069465	0.0576896134	-0.0162249381	-0.1011856478	-0.0436723945	0.0945947124	0.0523153502	-0.1532028952	-0.0521805906	0.0307018161	0.0819449517	-0.1655114109	0.0282800165	-0.0205877446	0.1070791026	-0.035493773	-0.119262174	-0.1366766498	0.107702516	0.1838785456	-0.000980267	-0.0704817509	-0.0057391571	-0.0458347173	-0.0054718721	-0.0271257052	-0.0213054881	-0.0478915911	-0.0330908207	-0.0002847932	0.0136084579	-0.0439307696	-0.0675364925	-0.0001603692	0.0096075549	-0.0152852178	0.1069451465	-0.1124848303	-0.066943021	-0.1229882371	0.0319999896	-0.0919349778	-0.0423776094	-0.0144502421	-0.0757889371	0.0146103698	-0.0043582511	0.0742611692	0.0414311456	0.0336068428	-0.0603529157	-0.0730119057	0.025909624	-0.0558064716	0.0533658054	0.1656604557	-0.0276862406	0.0305580546	0.0167768287	0.1597650542	0.0362590169	-0.0013127847	-0.1186491225	0.0039377115	-0.0671346	-0.0282615	0.00079871238225	0.00450705451716	-0.050215	-0.0308734	0.002521546225	0.00095316682756	0.268605	0.0079319999999999	0.0721486460249999	6.291662399999991e-05	0.0125535	0.0015262	2.32928644e-06	0.00015759036225	0.000892151	1.0000000999791855e-09	7.95933406801e-07	1.0000001999583812e-18	-0.00233804	-0.00076292	5.820469264000001e-07	5.4664310416e-06	0.0	0.0	0.0	0.0	0.0	0.0
622.2061593543532	3.5119254647943308	387140.5047384948	12.333620470270876	871.0996435159639	7.0079456101616415	758814.5889336393	49.11130167498382	602.0374452356939	3.0471515330822285	362449.0854659212	9.285132465565376	621.7581597765884	524.9168043206214	1.085626	48.356174	0.169711194	0.0894757999999999	0.0808685557	-0.1070478802	-0.0438624289	-0.0190007773	0.0222326379	-0.116098326	-0.0772095155	0.063902395	-0.1227267066	-0.0755194348	-0.0946131603	0.1582983273	-0.0226765906	0.0091094462	0.0878735617	-0.0040833917	0.004890267	-0.0594878738	0.1462773425	0.0085896556	-0.0893691937	-0.0192552686	0.1065508876	0.0525110885	0.0039535738	0.0891740011	0.0428866057	-0.0316930631	0.0832785354	-0.047212476	-0.0629374255	-0.0573417418	0.0280536191	-0.0796949606	-0.1155635553	-0.1103400077	0.0793683511	-0.0279083651	-0.0776082372	-0.0508170956	0.1241167875	-0.0893095349	-0.060554765	-0.0513368462	-0.0985021228	0.0667376681	-0.0007358545	-0.0174668848	-0.0044809866	-0.0441707395	0.0276742311	0.1248235988	-0.0208662712	0.0531984754	-0.0141499742	-0.0033246512	-0.0149396979	-0.0469358179	-0.1280616438	-0.0650390281	-0.0129599812	-0.0953781951	0.0130665063	0.0750594386	-0.1022124048	0.0965026914	0.1029133059	-0.0160457411	0.0486954074	0.0709742521	0.0049897476	-0.0034322075	-0.1553921862	-0.1184280245	0.0977198672	-0.1162948474	-0.0276665504	0.107349032	0.0480555134	0.0611940031	-0.0682415274	-0.0283335551	0.0053876627	-0.0166759974	0.0683719571	0.0540870661	-0.0212904993	-0.0438387615	-0.0210957466	0.1339220306	-0.1729569247	-0.0209827512	0.200653804	-0.1147577537	-0.0064087463	0.1623756216	-0.0609707176	0.051772939	0.0676406404	-0.090450774	-0.0533740293	0.0690557542	0.0193300247	0.1393252829	0.0611950978	0.0243803443	-0.0760073295	-0.0330594127	-0.0086997067	0.004735133	-0.0273458986	-0.1213317571	-0.0263288651	0.0750652811	-0.0457945143	0.0258846425	0.009932644	0.098064024	-0.0230760566	0.0512703862	-0.0084844947	0.0541862749	0.0445430691	0.0662835714	0.0739779819	0.0231900924	0.0188846639	-0.0389352488	-0.0928825813	0.004576955	0.0766204856	0.0894858332	0.0126941799	0.0224335207	-0.0003801108	0.120468521	-0.0157993201	0.0120009438	-0.1238808691	-0.0949596076	-0.0007817014	-0.0403111349	0.0397687204	0.0384037341	0.0068948438	-0.0366012892	0.0793431766	0.1790282745	-0.1040163999	0.0651504378	-0.1089179035	-0.1153295954	-0.1038678607	-0.117526511	-0.0101671561	-0.0573133505	0.0558533013	0.0439238233	0.0687597062	-0.0257788684	0.0325853763	0.2185853961	0.0043915689	0.1050191121	0.0698534769	-0.035544575	-0.1132176817	-0.0643208078	-0.20511707	-0.0102699398	-0.0711725662	0.006830601	-0.0068838856	0.005520642	0.0701577894	-0.0039377115	-0.1184168613	0.0117957945	-0.0465303	0.0206043	0.00042453717849	0.00216506881809	0.000731394	0.050946394	5.34937183236e-07	0.0025955350616032	0.276359	0.007754	0.076374296881	6.01245160000006e-05	0.0115101	-0.0010433999999999	1.0886835599999995e-06	0.00013248240201	0.000892151	0.0	7.95933406801e-07	0.0	-0.00157331	0.0007647299999999	5.848119728999998e-07	2.4753043561e-06	0.0	0.0	0.0	0.0	0.0	0.0
618.6036256908518	-3.60253366350139	382670.44571786746	12.978248796660749	864.277516387688	-6.822127128275838	746975.6253332703	46.54141855435713	598.1352991818675	-3.9021460538264137	357765.8361273821	15.226743825393052	617.8310482298015	523.8073821217893	1.14896	51.177223	0.1757127439999999	0.0915326	0.0872028658	-0.0060418341	-0.0761154444	0.0500547832	0.0204224616	-0.0923643721	-0.1621675121	0.1636006725	0.0803034953	-0.1634122058	-0.0111628171	-0.0099158514	0.0903236789	-0.1104453471	0.0904361438	-0.079708253	-0.1527133706	0.1625169889	0.1140047797	-0.0032020074	-0.0339668419	0.1364226806	-0.0850387404	-0.0699553051	0.0912339279	0.1051807983	0.0703942664	0.0533635401	-0.0430031818	0.0617331698	-0.0431465858	0.1200295114	0.1479878633	0.0796491291	0.0734128747	-0.1645012251	0.0355295269	0.1018495842	-0.027486701	-0.0901614066	-0.0001361695	-0.0432790124	0.0062242304	0.0329933985	-0.0375480298	-0.0174985966	0.0634711066	0.0053523736	-0.0998333559	0.0100787108	0.0348492134	0.0113542275	-0.0560931011	-0.0735655218	-0.0289001482	0.054281721	0.0104481239	0.008836163	-0.0228066129	-0.0206802882	0.06007232	0.0444477626	0.0791658963	-0.0429847906	0.0279232343	9.13029e-05	0.1107803375	0.0042667031	0.1031670194	0.0090769325	-0.0425133325	0.017665952	0.1412025662	0.0176880113	-0.1618170288	0.0831492804	0.1001536265	-0.0248882686	-0.0048219578	0.053587322	-0.0906660738	0.0072848834	0.0257082953	0.0540448177	0.0710656254	-0.1085942102	-0.1293890255	-0.1250209056	0.0873654698	0.0652215652	0.0504022761	0.1182327375	0.0267713574	0.0640845477	0.0556814848	0.2083152371	0.018184281	0.0134852157	-0.1168101721	-0.0503505187	-0.0313691647	0.0151825965	0.0466082629	-0.0689628109	0.0518208296	-0.0742964618	-0.0568023308	0.0226352627	0.070910249	0.083362892	-0.0149247576	0.0553648664	0.0745278309	0.0697369077	-0.0421552359	0.0284270803	-0.0165892238	-0.0348442445	0.0204690687	0.0615777496	-0.0164017671	-0.0097477261	-0.0147239189	-0.05387581	0.0511156028	-0.0185169348	0.0291867676	0.0597158851	0.1036563669	0.0311306371	0.043781739	-0.0264896794	-0.0726327402	-0.1212754676	-0.0071617345	0.0063099238	0.1618767837	-0.0911892391	0.0584288744	0.0884044442	-0.0742650161	0.0236293287	-0.0580831047	-0.000142934	-0.0611955262	-0.1259062281	-0.0708632678	-0.0241530688	-0.0149968342	-0.1136497403	-0.0038532438	-0.1643057617	-0.0518504283	-0.126701777	0.0446326914	-0.0125164604	-0.2247086228	-0.0392443987	-0.058914016	0.0003929955	-0.0336132844	0.119888562	-0.0552449134	0.0691918832	0.0362383371	-0.0339771355	0.0476252101	0.0696995115	0.1149753431	0.0439994222	0.1122508419	0.0402139788	0.0452678066	0.0419135013	0.069312807	-0.006560711	-0.1179527935	0.0196019337	-0.046559	-2.8700000000006495e-05	8.23690000000373e-10	0.002167740481	-0.0267997	-0.027531094	0.00071822392009	0.0007579611368368	0.318162	0.0418029999999999	0.101227058244	0.0017474908089999	0.0131484	0.0016382999999999	2.684026889999996e-06	0.0001728804225599	0.00101556	0.000123409	1.0313621136e-06	1.5229781280999998e-08	-0.0019386	-0.0003652899999999	1.334367840999999e-07	3.75816996e-06	0.0	0.0	0.0	0.0	0.0	0.0
626.1547671562136	7.551141465361752	392069.792432452	57.01973742990563	884.1961669150189	19.918650527330897	781802.861587212	396.7526388299394	603.4133131631504	5.278013981282925	364107.62650253024	27.85743158661803	623.4368994994944	532.6240088623296	1.170325	52.128822	0.0906324	0.0491061	0.0754894244	0.0237879591	-0.0582245508	0.1093237992	0.0698584263	-0.1321428356	-0.1769555812	0.1126834183	0.0575107949	-0.0115518562	0.0859329522	0.2214275705	-0.0214082539	-0.065929141	0.1024277823	-0.1172203738	-0.052245321	0.0127314884	0.1302444048	-0.1576608288	-0.0005759917	-0.1915939101	0.10646955	0.0019942402	0.1048723512	-0.0111424953	-0.0770486636	-0.0604689651	0.1037931202	0.0002672718	0.0043689695	-0.0942762527	0.0408441236	0.0096197417	-0.1681209276	-0.1434266638	0.1122427194	-0.0268757056	-0.2292875726	0.0035522308	-0.0473365736	-0.096993847	-0.0538636205	0.0194329752	0.0393288095	0.0839866599	0.0974360193	-0.0238259596	-0.0251912845	-0.1241118666	0.0385230443	-0.0194308244	-0.0340478436	0.020000521	0.0491246897	0.0350555836	0.0386530238	-0.1252365639	-0.0913130266	-0.0323483551	0.0510970353	0.0702718925	0.11806077	0.0871955675	0.0216752537	-0.0422506337	0.0828176402	0.0604449926	-0.1438559223	-0.0018730909	-0.0693978525	-0.0467057509	0.0036607008	0.1303662039	-0.0368360023	-0.0833469581	-0.045302052	-0.1308932049	-0.0460242138	0.0876461718	-0.0507546816	0.0087257253	0.0019556727	-0.0631552822	0.1024799978	0.0521710332	0.2110793292	0.1356671665	0.024760426	-0.1374155894	-0.0010936276	-0.0775879584	-0.04968411	-0.1567007924	0.018333223	0.1384343439	0.1372577275	0.1546369695	0.0601767044	-0.2100515986	-0.0790894931	0.0852014931	0.022316462	-0.0109747826	0.0508432809	-0.0919935415	-0.0564079611	-0.0166981014	-0.005330602	-0.0310939966	-0.0445272633	0.048365193	-0.0422748523	0.0959371458	0.0321223865	0.0538791176	0.0262672122	0.112662743	-0.0271099954	-0.0231296649	-0.0115791379	0.0687547088	0.1265194533	-0.0609439411	-0.0494268967	-0.0157695033	-0.0088632166	0.0361697556	-0.0684701216	-0.0266170386	-0.137255791	-0.0170557839	-0.0089159613	-0.0382764663	-0.1139577623	-0.0695560607	-0.0707240406	-0.0420362124	0.1658047564	-0.0232249466	0.0665834335	0.0625355229	-0.110348237	-0.0046570095	-0.0870113798	0.0486002616	0.1840803341	0.1019301339	-0.006910124	0.04974839	0.0040761749	-0.1960298501	-0.1123350616	-0.1330320868	0.0182079892	-0.087084767	0.0688261805	0.0967697682	0.1713709369	-0.0331874182	-0.1023435673	0.3044826602	-0.1083411212	0.1040473783	0.020569153	-0.1038369737	0.0854059459	-0.0855200677	-0.0194970951	0.0460606841	0.1157811071	-0.0824156031	0.1106931128	-0.1508447884	0.0740324778	-0.0091804995	-0.1172578276	0.0273217542	-0.046562	-2.9999999999960614e-06	8.999999999976368e-12	0.002168019844	-0.0385631	-0.0117634	0.00148711268161	0.00013837757956	0.364367	0.0462049999999999	0.132763310689	0.0021349020249999	0.0135809	0.0004325	1.870562500000005e-07	0.00018444084481	0.00101754	1.9799999999999505e-06	1.0353876516e-06	3.920399999999804e-12	-0.00171986	0.00021874	4.7847187600000025e-08	2.9579184196e-06	0.0	0.0	0.0	0.0	0.0	0.0
607.5978336799915	-18.55693347622207	369175.1274926186	344.3597800409313	851.5348562963404	-32.6613106186785	725111.6114876291	1066.761211329801	590.508862885416	-12.90445027773444	348700.717146227	166.52483697052048	609.9480792046843	521.0718305621111	1.77198	78.927879	0.30211615	0.238591	0.0725502318	-0.0134152476	-0.1101065484	0.0291312324	-0.0640595862	-0.004662931	-0.1061645658	0.1501400393	0.0742160264	-0.2820925566	0.0577427191	-0.4675951158	-0.107118802	-0.0048572974	0.0851899845	0.251757649	0.1578899979	0.0301988036	0.1294539138	-0.076707872	-0.2585848339	0.0013217085	-0.3544428385	-0.0052875507	0.0464862587	0.0299392829	-0.1062755023	0.0798904953	-0.1704682603	-0.0504282046	-0.0246370752	-0.0468785466	0.0420837826	0.0305101485	0.453929991	-0.1558094199	-0.1309098789	0.3363013015	0.2250768428	-0.3414021813	-0.109963136	0.3025069392	-0.0138285841	-0.0192044237	-0.0152463346	-0.083193176	-0.0614403008	0.0692622404	0.0387247321	0.0640334979	0.1179100938	-0.0807353809	-0.023549262	0.0519405047	0.0280251827	-0.0369321502	-0.0039496968	0.0735021101	-0.0631295038	0.0492478458	0.0877214333	0.0001340269	0.0318583383	0.1051232657	-0.064493666	-0.0554329189	0.0384437193	-0.0223190582	-0.0516364545	0.0697122044	0.0847072113	0.0784917064	-0.0928104306	0.0165658247	0.0468641184	-0.1012121201	-0.0314652848	-0.0319804008	0.0339862244	0.1346194528	-0.0029222124	0.0494497411	-0.0625334799	0.0305751527	-0.0538991424	0.0006034425	-0.0367872514	-0.0398365389	0.0548668598	-0.0235619513	-0.0324078959	-0.0191609903	-0.0235678833	0.4270484348	0.1617726214	0.1740647584	-0.0237515119	-0.1413876572	-0.4447708524	0.2774439989	0.2380461123	0.2179876473	0.1589733323	-0.0847790879	0.034319186	0.1143853079	0.1385225203	-0.0092514711	0.0090709098	0.0234086887	0.1123782073	0.0215003458	-0.0121897344	0.0906785474	0.0978188332	-0.0025403638	0.0086482367	0.059678706	-0.0972276036	0.0007234685	-0.0691607656	0.1553179974	0.1469033381	-0.099999236	0.0345448004	-0.0354175686	0.0071393533	-0.0225248206	-0.0405299441	0.1250194412	-0.0237789714	-0.0285902495	-0.0290374026	0.0266496915	-8.58736e-05	0.0727621449	-0.0349031784	0.0737885906	0.0340035708	0.0478834582	0.0608776152	0.0272668847	0.0279675518	0.0387213072	0.013023996	0.0057138783	0.0252565539	0.0299851644	-0.0421203063	0.0592454331	-0.1291146459	-0.1253847821	0.1202562252	-0.0391456196	0.0740274466	0.0624500635	-0.6401550209	-0.2143382974	-0.4000302407	0.0877399549	0.028578448	-0.0850899656	-0.0099074673	0.0523476874	0.0674338293	0.1573369106	0.0006079108	0.053168011	-0.102933563	0.1534009905	0.0748730161	-0.0611116633	0.0520043356	-0.0558614445	-0.1480933615	-0.0117957945	-0.1163333239	0.0349212611	-0.0601795	-0.0136174999999999	0.0001854363062499	0.0036215722202499	-0.0224845	0.0160786	0.00050555274025	0.00025852137796	0.131618	-0.2327489999999999	0.017323297924	0.0541720970009999	0.0138737	0.0002927999999999	8.57318399999996e-08	0.0001924795516899	0.000558239	-0.0004593009999999	3.11630781121e-07	2.1095740860100002e-07	-0.00176118	-4.132000000000007e-05	1.707342400000006e-09	3.1017549924e-06	1.0	0.0	0.0	0.0	0.0	0.0
605.2849105555493	-2.312923124442136	366369.8229462394	5.349613379579173	858.4116513796831	6.876795083342699	736870.5632243947	47.29031061828633	583.5117747342013	-6.997088151214712	340485.9912534572	48.95924259586931	603.6088721619014	607.0911339446523	1.941509	86.479073	1.4781016	0.871225	0.2542220057	0.1037345652	0.1163047329	0.1036112394	-0.425140675	0.3918682575	-0.3730426503	-0.1682180057	-0.0815327974	-0.1025639697	-0.0557105275	-0.5683752648	-0.1026500695	0.0197307911	-0.2070011356	-0.4747365873	-0.2303327964	-0.2375999691	0.1557955373	-0.0619334285	0.026698603	0.0732950923	0.1666685593	0.2017737544	-0.0621538413	-0.0214844159	-0.1077072929	-0.1343249642	0.151194213	0.0715190767	-0.0654151042	0.0492459659	-0.0660965571	-0.0571980167	0.7618903668	-0.0075349823	-0.0022919253	-0.2826967193	-0.2444048056	0.2921750152	0.1783610498	-0.1438754502	0.0252821581	-0.0218380588	-0.0221941648	0.1049805224	-0.0407275975	-0.0366902186	-0.0620870707	0.0228382917	-0.0541356112	0.0401795211	0.0042352453	0.0019980138	-0.0386359496	0.0435582581	-0.032549581	-0.0221431207	0.0710161508	-0.0086145194	-0.0487834179	0.0228319655	0.0586359657	0.0148980987	0.0496210443	0.038618107	0.024153361	0.0666805206	0.0035581713	0.0313491509	0.000105547	-0.0147380176	-0.0225167462	-0.0364500669	0.0088141183	0.0331805205	-0.0642445552	0.0418027326	-0.0741972198	-0.0053430552	-0.0110887245	-0.0335856352	0.0266699527	-0.0410036083	-0.0274896745	-0.0320901428	0.0280475696	0.0316087772	-0.0134150958	0.0387423186	-0.02769024	-0.0356027422	-0.0224216765	0.791985964	-0.0814530391	0.0281799616	0.0889596899	0.0863336528	0.430410827	-0.1437668059	-0.1303071182	-0.1211719877	-0.1220633114	0.1252582155	0.0592080694	0.0458007043	0.0148425799	-0.0160997701	0.0248784948	-0.0560262226	-0.0517690396	0.0669827444	-0.0320471551	0.0227666513	-0.0362817424	0.0095386895	0.0059503919	-0.0536211406	-5.40415e-05	0.0087300888	5.81076e-05	-0.0080275195	-0.0041239038	0.0016253112	0.0075074509	0.0030196635	-0.024642881	-0.0233672726	0.0233394347	-0.0457897079	0.0304621455	-0.0066561636	0.0256240916	-0.0399455315	0.0028978228	0.0160620092	0.0072980206	-0.0085276313	-0.0614597752	-0.0071104994	0.0244010624	-0.0114755126	-0.0195800579	0.0038444525	-0.0050771484	0.0174196402	0.0113598071	-0.006043443	0.0358906862	-0.0219197023	0.0307877448	-0.21186086	0.4169754378	0.1515875979	0.5635500079	0.344188025	0.1584905189	0.2109409736	-0.0175075106	-0.2861315588	-0.0950257537	0.1063080478	0.2735144645	-0.030723964	0.0030743624	0.0022759473	0.0013177698	-0.02050398	-0.0077399771	0.0670620124	0.0066426242	-0.084792895	-0.0111421629	0.0227519631	-0.0667222541	-0.0144053161	-0.1151810923	0.0423669894	0.0567135	0.116893	0.013663973449	0.00321642108225	-0.173081	-0.1505965	0.029957032561	0.02267930581225	-0.524072	-0.65569	0.2746514611839999	0.4299293761	0.0215175	0.0076437999999999	5.842767843999999e-05	0.0004630028062499	-0.00161089	-0.002169129	2.5949665921e-06	4.705120618641001e-06	-0.000475667	0.001285513	1.6525436731690002e-06	2.2625909488900003e-07	0.0	1.0	0.0	0.0	0.0	0.0
628.5359381873892	23.25102763183986	395057.4255931016	540.6102859365807	879.0951933312125	20.683541951529374	772808.3589380418	427.8089076606757	601.9777972527726	18.46602251857132	362377.2683853002	340.9939876563831	622.0285711103737	556.6631272547594	2.161831	96.292694	0.7673267999999996	0.427094	0.0474716442	-0.0504892625	0.0756702155	0.1215168753	-0.2608234988	0.1644425675	0.0625846833	-0.106621527	-0.1100229596	0.2120701397	-0.0948365513	0.1181698752	-0.7797774551	-0.116712145	-0.2095396741	0.0252247554	-0.2429144613	0.1083151448	0.0232754795	0.0468431319	-0.1681299596	0.0132579524	-0.0763191411	-0.0403433643	-0.0708228549	0.1045427646	0.1139905583	0.1380788644	-0.0745328787	0.0017478596	0.0524119199	-0.0405727129	-0.0132248655	0.0064960057	-0.0514642036	0.3330618915	0.3543099694	-0.0545092072	-0.0367603666	0.0645933656	0.0815782578	0.2873734269	-0.1438085338	0.3653196654	-0.0089006843	-0.0512931335	-0.197427637	0.0499749866	0.0584436979	-0.1380422828	0.05317124	0.1040895658	-0.0895471397	-0.0676122159	0.1360270091	0.0335357856	-0.0459549599	-0.023823882	0.0151081751	-0.074586934	0.0375766638	0.0961470969	-0.0497311527	-0.0500090206	0.1198575014	0.0242165903	-0.0245653803	-0.078228146	-0.0735596608	0.1129772393	0.1952118173	0.0674695536	-0.1356724766	-0.0711522316	0.1106717493	-0.0756375873	0.0389526934	-0.073711998	-0.0356456491	0.0885203848	-0.1702324565	0.0236007196	0.0592293481	-0.0377395136	-0.0016160916	-0.0562822795	-0.025393894	-0.0830414301	0.062353678	0.0369509131	0.0559333839	-0.0230316489	-0.1819031209	-0.0232497134	-0.1002375891	-0.2828001224	-0.2023098718	0.4438332025	0.1803177575	0.2585651767	-0.1854211546	0.5301581257	0.0795102166	-0.1514656526	-0.0286816251	0.0610228319	0.0158950794	-0.1856760179	-0.0671452266	-0.0268306346	-0.0964611989	0.0780301346	0.0826867092	0.0078053527	0.0876888376	-0.0527913507	-0.0074535396	-0.0847861162	0.0293217805	0.0009763748	0.0139725146	0.1009183398	0.0419109592	-0.0245090138	0.0351969032	-0.0088133544	0.0411344696	-0.0858945775	-0.011945145	0.0693917727	-0.0280452242	-0.0123962185	0.0271528323	-0.0038035518	-0.0336070782	0.0354451386	-0.0348037824	0.0115915364	0.0027615647	-0.0001263793	-0.0010928013	0.0123948346	0.0320880617	-0.02799607	-0.0121612494	-0.0567354232	0.0129864595	-0.0087107519	0.0601120556	-0.0705260326	0.0050385683	-0.1303671359	0.3555041767	0.0831799147	-0.0888908363	-0.1965506281	0.2038472157	0.1582978519	0.1129327087	0.1451084833	0.1696923397	-0.179929113	-0.4968059656	-0.0373402253	0.0351186634	0.2313700796	-0.1545282272	-0.0437149929	-0.1800154189	0.2189255295	0.1959367199	-0.1904192302	0.0473508347	0.0751321595	-0.0660865153	-0.0170077871	-0.1138033884	0.0496261511	-0.0453098	-0.1020233	0.01040875374289	0.00205297797604	-0.108102	0.064979	0.011686042404	0.004222270441	-0.199407	0.324665	0.039763151649	0.1054073622249999	0.0182907	-0.0032267999999999	1.041223823999999e-05	0.00033454970649	-0.000488623	0.001122267	2.38752436129e-07	1.2594832192890004e-06	-0.00163979	-0.001164123	1.355182359129e-06	2.6889112441e-06	0.0	0.0	1.0	0.0	0.0	0.0
622.1640084417978	-6.371929745591388	387088.0534003655	40.601488682752326	856.3179409779673	-22.777252353245217	733280.4160407454	518.8032247634147	598.376865720759	-3.600931532013533	358054.8734297993	12.966707898249329	617.5619863105541	559.1709117439557	1.566436	69.772484	0.162268005	0.0753791999999999	0.0666311415	0.0174926377	-0.0599631809	0.1895489005	-0.2808612612	0.137371904	0.1439429738	0.0578680683	0.0048331702	-0.1598200815	-0.0108175482	-0.2188562391	0.1024176064	-0.0837053819	-0.1908234487	-0.1122781148	0.2159376531	0.2314559597	-0.2501755278	0.1330296232	0.0365836166	-0.0644523854	0.124202906	-0.130631078	0.0798835813	0.3096106003	0.1746296843	0.036590498	0.0905570788	-0.2884705463	0.1058357101	-0.1128966105	-0.0176648362	-0.0309794847	0.1373126868	0.2307755391	0.2297306203	0.0445667908	-0.1357536873	-0.1526862939	-0.0940594435	0.1065709686	0.206822275	-0.0185124715	-0.0619264519	0.0588196594	0.2025797351	-0.1671412033	0.1231954443	0.1562493735	-0.0857313069	0.0882325888	0.1063352719	-0.1173415835	0.0202699867	-0.0380273033	0.0138774652	-0.015456563	-0.0695971118	-0.2001545759	0.0640247816	-0.026489995	-0.0770444141	-0.0451081183	-0.1179828904	-0.0631409701	-0.0877745343	-0.0812554068	0.0505860594	-0.2669114948	0.066497309	0.0693318811	-0.0144804514	0.0314084856	-0.040963097	0.0467322132	0.1773192828	0.0098794402	0.1551687441	-0.0813898514	0.0875815807	-0.1789104194	-0.0906125949	0.0361133345	0.1322292694	0.076968429	0.000950148	-0.1159655795	-0.1126403877	-0.1238687969	-0.0637150741	-0.0184943508	-0.0043518743	0.1580237315	0.0904012286	-0.106951926	-0.153258349	0.2361357973	-0.1596084999	-0.0500111639	0.2384584844	-0.0733911511	-0.0957108653	0.0847116831	-0.3778414457	-0.2991521686	-0.1943540335	0.0116223052	-0.0139208704	0.1389002394	-0.0229361187	-0.2478872027	0.1564592376	-0.082122217	-0.0454364438	-0.1725988526	-0.0936344149	0.1258969199	0.0569240523	-0.0401146509	0.0424773043	0.0048188376	-0.1280576227	0.0409977849	-0.0557287757	0.0059240383	-0.0156579103	0.0773219202	-0.0448276976	0.0986567711	0.0663564809	0.0183015267	-0.0128356329	-0.0082287126	0.1247960459	-0.0199097216	-0.0931539988	0.0227891402	0.0344759771	-0.0940586633	-0.0425351374	0.0365697233	0.0107598027	-0.0157124791	-0.0686463276	-0.1619483959	0.0355485055	0.0340142386	0.0432507112	0.0328440576	-0.0839505115	-0.1282284311	0.3715441661	0.0677522674	-0.0394344288	-0.016696068	-0.1133036111	0.1122595858	-0.0401648697	0.0502937953	0.0208255648	-0.1268158358	-0.0965472307	-0.1027372663	0.035400705	0.0054612806	-0.0806205035	-0.2411912438	0.0205580921	-0.1829168846	0.0320086031	0.4177184216	0.0175133159	-0.0521759183	0.3021506216	-0.0196019337	-0.1122029089	0.05666678	-0.0730153999999999	-0.0277055999999999	0.0007676002713599	0.0053312486371599	-0.0919795	0.0161224999999999	0.00846022842025	0.0002599350062499	-0.160767	0.03864	0.0258460282889999	0.0014930496	0.0176914	-0.0005993	3.591604900000006e-07	0.00031298563396	9.74651e-05	0.0005860880999999	9.49944571801e-09	3.434992609616099e-07	-0.0020504	-0.00041061	1.6860057210000005e-07	4.20414016e-06	0.0	0.0	0.0	1.0	0.0	0.0
624.7180905112991	2.5540820695013053	390272.69261208375	6.523335217748071	872.6393152192138	16.32137424124653	761499.3744662585	266.38725712282576	601.4968787263101	3.1200130055510726	361798.49511749344	9.734481154807838	622.0485878040071	558.7125630554586	1.412548	62.917976	0.435076465	0.226624	0.0281718647	0.0810579004	-0.0414948072	0.1992684801	-0.1099614123	0.063096547	0.2179810229	0.1664956641	0.006701752	0.0453285292	0.0871300244	0.1758882969	0.0562223028	-0.1158796858	-0.4717738704	-0.1077067784	0.086915035	0.1790972413	-0.0077062807	-0.1664920128	0.1011799138	-0.0016088898	0.0590248133	0.1071596781	0.2341913057	0.0439788498	-0.1306639043	0.2184449745	-0.0433214563	0.0630430869	-0.2016046685	-0.0147999913	-0.1008772222	0.176737298	-0.0606101858	0.274784027	0.2717547933	0.0022541376	-0.1047347517	-0.0408836624	-0.048448477	-0.0822202936	0.1131175123	-0.1544145562	0.067539063	-0.1814505991	0.1732290737	0.0855644802	0.0221975658	-0.0093222806	0.0370557159	-0.126294147	-0.0745194407	0.0319644309	-0.091191341	-0.0352761381	0.0027390519	0.0352524486	-0.0070844102	0.0931650766	-0.160078562	0.0438709137	0.1962990427	0.1156027031	-0.0318890427	-0.0640743516	0.0418860829	-0.0112683503	0.0590171296	0.1803761447	-0.1431871092	0.0999319544	0.1733408687	-0.0568554107	-0.0196030637	-0.1315692303	-0.0099398062	0.1292958784	0.0779186651	0.0737298689	0.1267688048	0.0280006939	-0.0311973632	-0.0840063801	0.0285796156	-0.050630143	0.0090261162	0.0301956171	-0.136262032	0.0114574432	-0.0758217279	-0.0055658976	0.0701725693	-0.0548159165	0.0348653089	-0.1979999731	-0.1316557621	0.3190830652	-0.0691511926	-0.2145934725	0.0325952813	-0.3403048184	0.0630746867	-0.2266121465	0.0022938219	0.0230337755	-0.0416694464	0.1239378231	0.1373140379	0.0639572996	-0.0375890268	0.1468727623	-0.1573196793	0.1627673375	0.1358668029	0.1120283382	0.0971945744	-0.0130102795	-0.0382133167	0.0514430076	-0.2025062555	-0.0259685251	0.0699297016	-0.0974843706	-0.0634213689	-0.1428304172	0.1146453963	0.0444881183	0.0111938261	0.0160635847	0.0690589742	-0.0025094239	-0.032869443	0.0789094049	-0.042403251	0.1196381756	0.0676050906	0.0609541872	-0.0029419868	-0.0115607055	-0.028105236	-0.0303972636	-0.0081796023	-0.0647657003	-0.0044448941	0.0114087808	-0.0298336845	0.0434797817	0.0002979449	0.2133827313	-0.0363569809	-0.079138661	0.1966407748	0.011985361	-0.2156901696	-0.1223628173	0.0798206883	-0.0612432242	0.1614489347	0.0931006692	0.0186563057	0.1627339996	0.2406012747	-0.2861693445	-0.0703196024	0.0714325042	0.0705828954	0.3192012434	0.0222346716	-0.0919257939	0.0767320714	0.2466273418	0.128098814	-0.1722983025	0.0682207379	-0.0221864862	-0.110382787	0.063457872	-0.0826419	-0.0096265000000001	9.266950225000206e-05	0.00682968363561	0.00755951	0.09953901	5.71461914401e-05	0.0099080145117801	-0.011951	0.148816	0.000142826401	0.022146201856	0.0158141	-0.0018772999999999	3.524255289999994e-06	0.00025008575881	-0.000672434	-0.0007698990999999	4.5216748435600004e-07	5.927446241808099e-07	-0.0029451	-0.0008947	8.0048809e-07	8.67361401e-06	0.0	0.0	0.0	0.0	0.0	0.0
617.1080893072794	-7.610001204019682	380822.3938884812	57.912118325181005	877.514914901723	4.8755996825092325	770032.4258749782	23.771472264084128	598.728066220101	-2.768812506209088	358475.2972796617	7.666322694539849	619.3843082761442	551.208013481845	1.327313	59.121426	0.24854761	0.168398	-0.0190737533	0.1031262736	0.0169476907	0.0548768883	-0.0273861862	0.1043902866	0.1177975692	0.2260850038	-0.0434007518	-0.009911024	0.104775801	-0.1206093705	0.0422354539	0.0304238054	-0.1610805199	0.2170763248	0.0485807789	0.2250245644	0.2845673648	-0.0175712358	0.3188664283	0.0533752069	0.1659425764	-0.023548442	-0.283610101	-0.1881805863	0.2269249929	-0.036954626	-0.1368985239	-0.0168286137	0.1330698133	0.0767016851	-0.0667578935	0.1362259328	0.0637226246	0.172781913	0.1545736026	-0.0101732249	-0.0048699587	-0.1769063365	-0.1709998242	-0.0299883432	0.1484712025	-0.0563333814	0.1684596257	-0.1145350403	-0.1389317104	0.088859479	-0.068905355	-0.0406259226	-0.1279649996	-0.1668435818	0.0195175856	-0.0667537855	-0.0561708214	0.005803025	0.0349049635	-0.1074261439	0.0541027914	0.0131218111	-0.0941034072	0.0850636983	0.0662834569	-0.0719371826	0.0246007877	0.0590806932	-0.1486473408	0.0184514229	0.0598182604	-0.119445823	-0.0308131359	-0.1363123807	-0.0653702067	0.0278925586	0.0347660359	-0.1475747577	-0.1539249608	0.1540559922	0.0496574598	-0.045610551	-0.1161052964	0.2409809405	0.0991281236	0.087640623	-0.0730282924	-0.1859526631	0.055867347	0.0237654499	0.0972422521	-0.0199537056	0.0341073055	-0.0025929017	0.0977239574	0.0635573935	0.0154992901	-0.1617327941	-0.1240365338	0.0983676243	-0.2306805501	-0.2050404443	0.1205607703	-0.0926618553	-0.0609118556	-0.2287182232	0.0586986682	0.1466652556	0.1113936403	0.0152460322	-0.0221177318	0.0281497759	-0.2538960381	0.1451163668	0.0128561172	-0.2428986252	0.040337065	0.0721382005	-0.004551106	-0.1072771051	-0.0320369433	-0.1184515449	0.1414312676	-0.1794067189	-0.0605821332	0.0846729931	-0.0137821647	0.1249324124	-0.1136175705	-0.1359023121	-0.0249572175	-0.0702248484	-0.1110667044	0.0919118052	-0.0607997751	-0.1214395675	-0.050935914	0.0783994912	0.0428833609	-0.0155077316	-0.0782911586	-0.0087075983	-0.0341566799	-0.0214550562	0.1735872764	0.1251185081	0.1319750812	0.0978550669	0.0319939341	0.0196419834	-0.0337868307	-0.0731647621	-0.0438387488	-0.0413659158	0.1230842471	0.0382983382	-0.0566988891	-0.0923671677	-0.0043213926	-0.1680193471	0.030442173	0.2703990541	0.02051811	0.0122894506	0.2549270306	-0.2848118108	-0.3338020835	0.1245600984	0.0553649544	0.1233048165	-0.0915478508	0.0932207373	-0.1799393489	-0.291150169	-0.0027495554	0.0561547565	0.1152204448	-0.0247601796	-0.1083465856	0.0699695221	-0.0862045	-0.0035625999999999	1.2692118759999994e-05	0.00743121582025	-0.0594266	-0.06698611	0.00353152078756	0.0044871389329321	0.0368427	0.0487936999999999	0.00135738454329	0.0023808251596899	0.0132525	-0.0025616	6.561794560000004e-06	0.00017562875625	-0.000690688	-1.825399999999999e-05	4.770499133439999e-07	3.3320851599999967e-10	-0.00294085	4.2499999999999136e-06	1.8062499999999262e-11	8.6485987225e-06	0.0	0.0	0.0	0.0	0.0	0.0
616.5647348914166	-0.5433544158628365	380152.0723117229	0.2952340212376442	879.2261138846628	1.7111989829397771	773038.5593367261	2.928201959214128	600.4558263524356	1.727760132334538	360547.1994005863	2.98515507488466	621.1801499658603	540.5223309909574	1.262851	56.250168	0.3231383	0.14209	-0.0586895242	0.0779176858	0.1052616482	-0.0962410055	0.0653840056	0.1036708464	0.0963833561	0.2108831974	-0.0773704667	0.1207735443	0.0766609792	0.0138633377	0.0545809176	0.1426137473	-0.0960416741	0.1399087149	0.019996227	-0.026976777	0.116172622	0.0860153342	0.0093646111	0.0400047771	0.1809149531	0.1875052659	0.1397942805	0.2151288342	0.2023623581	-0.1004475373	0.1373730172	0.094429901	0.0662907484	-0.0956571205	0.1335644179	-0.0532602753	-0.0804573949	0.1118732662	0.0264423499	-0.1653605901	-0.0434770662	-0.1534651391	-0.2333950894	-0.1036215481	0.0531322623	-0.0256826505	-0.0865847167	0.1046670382	-0.1710460174	-0.0167411788	-0.0844900927	-0.0444063083	-0.056162451	0.0752345404	-0.0471162479	-0.0766024207	-0.0302467162	0.0082491577	0.0227320453	0.0216090898	0.1018888855	0.1305053181	0.0087804988	-0.1595370607	0.0722107104	0.066102565	0.0142285827	0.017879353	0.0622236462	0.1285178383	0.0066622255	-0.1519969685	0.0685216353	0.0318817628	-0.0229465782	0.125404237	-0.0324266337	0.1837855557	-0.095435217	-0.093226559	-0.0062923909	-0.0462015943	0.008714478	0.0056148728	-0.1395615539	0.1091716407	-0.0762932662	-0.021808898	-0.1744846471	-0.0161602169	0.0563465848	-0.0363680178	-0.0058131218	0.035751833	0.0519472176	-0.064484207	-0.0436766879	-0.1891601988	-0.0487307742	-0.0316238305	-0.120109456	-0.2807207902	0.0257902329	0.0993934952	-0.2047700356	0.0848839856	0.0789330705	-0.0113978916	0.0665317201	-0.0414292382	0.026154714	0.0456316701	-0.0036172534	-0.0977455919	-0.001263585	-0.0439779449	-0.1766744174	-0.0288811817	0.0738947457	-0.0614869665	-0.1015895082	-0.0331896424	-0.0022867167	0.1099619732	0.0761706242	0.0556712377	0.0835235091	-0.0167487094	-0.1916333187	-0.0131145514	-0.0218728938	0.0688057665	0.0799673577	-0.1564463135	-0.0186845336	0.0333999558	0.1090865836	-0.0971438056	0.0418737627	0.0292235862	-0.0055835334	0.1076885704	0.1671029994	0.097963208	-0.0464734116	0.0437660418	0.020745232	-0.0249183449	0.0416427751	0.013919897	-0.0379993054	-0.1104096248	-0.0729856698	0.0539584661	0.0428847451	-0.0204772945	-0.0293479472	-0.2421287859	0.042787758	-0.052430296	0.0445910058	0.0553496667	-0.1734921603	-0.0749052946	0.2067788574	-0.0251164288	-0.0488773959	-0.0229770228	0.0330985908	-0.0965260009	-0.1473180071	-0.1255318441	0.112539946	-0.0290984034	-0.0751647544	-0.0972569389	-0.045872128	-0.0273217542	-0.1060982907	0.0761730556	-0.147764	-0.0615595	0.00378957204025	0.021834199696	-0.126337	-0.0669104	0.015961037569	0.00447700162816	0.0970349	0.0601921999999999	0.0094157718180099	0.0036231009408399	0.0144065	0.0011539999999999	1.3317159999999972e-06	0.0002075472422499	-0.000444744	0.0002459439999999	1.9779722553600002e-07	6.048845113599998e-08	-0.00423043	-0.00128958	1.6630165764000007e-06	1.7896537984900002e-05	0.0	0.0	0.0	0.0	0.0	0.0
610.9640766616902	-5.600658229726378	373277.10297107167	31.3673726062018	869.5722918146071	-9.653822070055751	756155.9706917081	93.19628056029556	597.6608848746547	-2.794941477780867	357198.53330915526	7.811697864219896	618.231010163	525.6249158063009	1.118327	49.812725	0.3013872	0.158973	-0.0635193807	0.0526541815	0.1045696704	-0.1903903957	0.0431919619	0.1403538441	0.0352715611	0.1921578477	-0.1466688967	0.1088678364	-0.0052285099	-0.0612858802	0.0876256153	0.2539938312	-0.0191760898	0.0793389044	-0.0528087594	0.071467875	0.0694151766	-0.1327440826	0.0247962591	0.0968949334	0.0158818339	-0.076486184	-0.0017224879	0.1817618129	0.0588427409	-0.0515245331	-0.1854146461	0.1595055522	-0.0234862776	0.027576339	0.0493665109	0.0118802441	0.04644315	0.0975703387	-0.0446665696	-0.0776761516	0.1640573886	-0.1394632377	-0.1783385798	-0.18654294	-0.0400903327	0.0143900032	0.0671075315	0.076933307	-0.1475894485	0.0501103553	-0.0062856545	-0.0652599211	0.0383957371	0.0232006579	0.0303079144	-0.0388205254	0.0489014187	0.0410890624	-0.1489598684	0.0067216611	-0.045165701	0.0330139332	0.0681510292	0.0371211459	0.0548662977	0.122408185	0.0182427044	0.0961207744	0.0258236982	0.0134628865	0.0224161558	0.0493944271	0.0684601213	-0.0838561884	0.0789670935	0.0621512437	-0.0004228259	0.0410886773	0.0396253392	-0.0622480565	0.0583035742	0.0083456781	0.0343410562	0.0080750834	0.0249215226	0.0328325204	-0.0433889571	0.1115142559	0.0299729334	0.0509800452	-0.0348076649	-0.0110390221	-0.1141654466	0.0739050852	-0.0130105878	0.0484191996	-0.0705920129	-0.1653263846	-0.0927711088	-0.1691359198	-0.1810303653	-0.1748452672	-0.1732615619	0.0398695307	-0.0458076464	0.0067476257	0.0479356812	0.0485045737	0.1347742098	-0.073784304	-0.0207123505	-0.0241334588	-0.058966734	-0.0972402212	0.0127537758	0.0194022467	0.0551743556	-0.0032348905	-0.086449129	0.0917312543	-0.0578927645	0.0531884997	-0.0966434987	-0.048906295	0.1139301227	-0.0424666641	0.0636615781	0.069729907	0.001840555	0.0734887751	0.0750002976	0.0416738963	-0.0306144623	-0.0471043219	-0.0670403129	0.0958686795	0.0796540573	-0.0799905489	0.0976122827	-0.02213916	0.0230059897	-0.0136978444	-0.0346789127	-0.0296425664	0.0233558536	-0.0432226926	-0.0918758449	-0.0160598536	-0.0312188171	-0.066287144	0.0485673914	0.0423765377	0.0748553533	0.1245621769	0.0693516002	-0.1002621877	0.0800537201	-0.2641558365	-0.0044133846	0.0058378441	-0.0751012445	-0.0217384819	-0.1800848072	-0.1159553132	0.1183464773	-0.0084212749	-0.1152394851	0.0399083752	0.1123337154	0.0416920716	0.0080124806	-0.0267659755	-0.0478616846	-0.01291941	-0.00671342	0.1321651749	-0.0431994431	-0.0298699563	-0.1036423034	0.0820411548	-0.217528	-0.0697639999999999	0.0048670156959999	0.047318430784	-0.228811	-0.1024739999999999	0.0523544737209999	0.0105009206759999	0.101033	0.0039981	0.010207667089	1.5984803610000035e-05	0.0151901	0.0007836	6.140289600000009e-07	0.0002307391380099	-0.000192212	0.000252532	3.694545294400001e-08	6.377241102399998e-08	-0.00569732	-0.0014668899999999	2.151766272099998e-06	3.2459455182399994e-05	0.0	0.0	0.0	0.0	0.0	0.0
611.4327414083539	0.4686647466636486	373849.99726613495	0.2196466447653019	869.443375314798	-0.1289164998090655	755931.7828787887	0.0166194639230207	597.653224167493	-0.0076607071616763	357189.3763577997	5.868643421695898e-05	617.9511778746086	517.6840887279292	1.030878	45.917549	0.0476764799999999	0.0307071	-0.0768039763	0.0393678037	0.105529017	-0.2561009069	0.0639610105	0.1368768911	-0.0416767169	0.1379700338	-0.0795092156	0.1335836069	-0.0068448958	-0.0225524713	0.0399836268	0.2168007162	0.0338456746	0.1335176574	-0.14684553	-0.0037963103	-0.0215739637	-0.1312448722	0.005653439	-0.0329849486	0.0234525334	-0.0037230187	0.0838551485	0.0741072777	-0.0451241251	0.0222410276	0.0785473063	-0.0275379522	0.0743709666	0.0223422407	-0.1520499277	-0.0489375647	-0.0101759632	0.0829525033	-0.0694875978	-0.1431253151	0.1297628311	0.0002413426	-0.2201097143	-0.1675540507	-0.0389385077	0.0728197966	-0.1067230232	0.0519750932	-0.0158998311	-0.0840864232	-0.0369849236	0.0009760961	-0.0361674986	0.0530591725	-0.022837143	0.0758702734	-0.0074960124	-0.0301241446	-0.0765165264	0.033850048	-0.0407570864	-0.0216097409	0.0919103038	-0.0645540456	-0.0476692829	0.0558746252	-0.0010332309	-0.0097202123	0.0848170093	-0.1278846809	0.0423096064	0.066736741	0.0373290204	0.0064563724	-0.0131164626	0.1304089118	0.0100809207	0.0529578481	-0.0174037772	0.0630460093	-0.0312348108	-0.0445061471	-0.0330851667	-0.112612284	-0.078348085	-0.1075535035	-0.0331714737	0.0356179479	-0.0203941408	-0.0443553218	-0.0461748421	0.0833200384	0.1068980989	0.0649299146	-0.0138682349	-0.0129921015	-0.0965010159	-0.1641374394	-0.0372950046	-0.187954985	-0.0917645594	-0.0918269836	-0.1692909965	0.0801635126	-0.1361015041	0.065132956	0.002979527	-0.042578476	-0.0307203707	0.0217277046	0.0257659947	0.0469470535	0.0888663798	-0.0363946327	-0.0021756396	0.0209819391	-0.0510948516	-0.0889451804	-0.0425727662	0.0881019515	0.0015902662	0.0229185554	0.0706819422	0.0935627053	0.0672184571	0.0160757799	0.0479077867	-0.0667647385	0.1495317191	-0.0316868054	0.105646505	-0.0160566322	-0.0204972253	-0.0060400981	-0.0889632736	-0.0526504006	-0.0174660599	-0.0102030727	-0.0290000099	0.0164540967	-0.1307132501	0.0047101702	0.0604435431	-0.0902363468	-0.0931080466	-0.0107099885	-0.0196418016	-0.0371415936	0.0151373372	-0.0551616228	-0.0284372417	-0.014867362	0.0589241129	0.1604480867	0.030645165	-0.1008740886	0.0935413793	-0.2751691095	0.0386526701	0.0391360798	-0.0004712173	-0.0480859201	-0.165894446	-0.1012705975	0.0488204821	0.0905489465	-0.0147464713	0.0153657853	0.0095507929	-0.0270604336	-0.0094325645	-0.0907542783	0.0010755905	-0.0287667926	-0.0412988189	-0.0190538689	-0.0285596415	-0.0324035386	-0.1009834314	0.087547979	-0.221099	-0.0035709999999999	1.2752040999999935e-05	0.048884767801	-0.227115	0.0016959999999999	0.051581223225	2.8764159999999163e-06	0.114806	0.013773	0.013180417636	0.000189695529	0.014734	-0.0004560999999999	2.080272099999993e-07	0.000217090756	-9.38924e-05	9.83196e-05	8.81578277776e-09	9.66674374416e-09	-0.00567901	1.830999999999968e-05	3.3525609999998825e-10	3.22511545801e-05	0.0	0.0	0.0	0.0	0.0	0.0
610.8370561058787	-0.5956853024752036	373121.9091120964	0.3548409795849748	861.2328332531808	-8.210542061617161	741721.9930733012	67.41300094558459	596.2649246784862	-1.3882994890068403	355531.8604018408	1.927375471176654	616.5880990970189	512.5380469843982	1.009914	44.983803	0.1265326499999999	0.0641088	-0.0647252103	-0.0179656644	0.1063246656	-0.2625619829	0.018851682	0.1275611493	-0.0743593778	0.0798748635	-0.014621148	0.110551556	-0.095717443	-0.0878650231	0.0796199647	0.2675318068	0.0675748835	-0.0080831589	-0.096412734	0.0291355288	-0.108219969	-0.1102482605	0.0413410566	-0.0213876272	-0.0069807088	-0.0561865215	-0.0168132402	0.1134546504	-0.0517421851	0.0837799354	-0.1794640089	0.1136262898	-0.0148264985	0.0151216206	0.0335357697	-0.0566159281	0.0607190713	0.0590654847	-0.0758202416	-0.0218961317	0.1710376643	-0.0365562997	-0.1746353933	-0.1369919	-0.1191963529	0.0768700762	0.0559121104	0.0030334612	-0.1082027073	-0.0365517569	0.0314406076	-0.0311255912	-0.0058995551	0.0305416547	-0.0421954497	-0.0038723739	0.0344311734	-0.0135892867	-0.0392621808	0.047705371	-0.0046119315	-0.0288289893	-0.1020690872	-0.0082442047	0.0090871009	0.0357851475	-0.0023722935	-0.0657944493	-0.0482586492	-0.000929745	-0.092136645	-0.0549168985	-0.2149981208	-0.033837999	0.0309412224	-0.1209146331	-0.0676108324	-0.0105676361	-0.0094950877	-0.0609750059	-0.0004036013	-0.1098546471	-0.0841150884	0.0519350699	0.008772496	0.0153685249	-0.0065828119	0.0954774789	0.0939301221	0.0313201151	-0.0268154875	0.111939926	0.1053308949	-0.0348856344	-0.1155808515	0.0497281838	-0.0981775395	-0.1075781445	-0.0658449425	-0.2140939786	-0.1176630138	-0.0521323214	-0.2153595196	0.0307963901	0.0255835517	-0.0133919272	-0.0664409395	-0.0181825146	0.0724551421	-0.0574528692	-0.0057556746	-0.0147038803	0.0317382932	0.0139780887	-0.0240013042	0.0035068673	0.0417239317	-0.061710168	0.0860194379	-0.0133165917	0.0161725646	0.0436907185	-0.1092260865	-0.0767422184	-0.0729298602	0.0095532315	0.0033325445	0.0237098192	0.0196908004	0.0560925575	-0.1078201168	-0.0404619672	-0.0350365708	0.0979649627	-0.0084218097	0.0301291088	-0.0389275224	-0.081621435	-0.0252084249	0.0241978503	0.0995227983	-0.0613752356	0.0102823512	-0.0211693308	-0.0664130226	0.0960490735	0.1869584901	0.0170556032	0.03097181	-0.0142894271	0.0317445718	-0.0872467876	0.1192107817	0.1683775448	0.0416124171	-0.1248794104	0.1453848069	-0.2234615686	0.0149516106	0.0433919578	-0.0644920409	-0.0507418962	-0.1515729757	-0.1108627157	-0.0046184152	0.12550243	-0.0251527872	0.0421957587	0.0438627173	0.0513815508	0.0569950564	-0.0996545653	-0.0013736004	-0.0606382137	0.0427610547	-0.000715293	-0.0243439381	-0.0349212611	-0.0981268796	0.0926692784	-0.251455	-0.0303559999999999	0.0009214867359999	0.0632296170249999	-0.268238	-0.0411229999999999	0.0719516246439999	0.0016911011289999	0.123477	0.0086709999999999	0.015246569529	7.518624099999997e-05	0.0150326	0.0002985999999999	8.916195999999975e-08	0.00022597906276	-2.44594e-05	6.9433e-05	5.9826224836e-10	4.820941488999999e-09	-0.00623863	-0.00055962	3.131745444000003e-07	3.89205042769e-05	0.0	0.0	0.0	0.0	0.0	0.0
612.9471555565391	2.110099450660414	375704.2155048521	4.45251969167738	864.6154458262804	3.38261257309955	747559.8691613777	11.44206781969116	597.0585788616578	0.7936541831716113	356478.9465923024	0.6298869624657976	616.9840762884642	511.6216589812616	1.008038	44.90023	0.26337217	0.129678	-0.0700451392	-0.0049680843	0.0761358562	-0.2428662818	0.0340381124	0.0873716915	-0.0657564627	0.0441784044	-0.0731326715	0.1100266456	-0.0528198865	-0.0157690535	0.0483625867	0.1701079758	0.0394916383	0.0742273589	-0.1574312735	0.031830377	-0.1791209047	-0.0834195523	-0.0735960322	-0.0172260664	0.074249716	-0.0121430778	0.0239518614	0.1387069855	0.0059246067	0.0282386613	0.0764301492	-0.0262442576	0.0415375189	-0.00951036	-0.0381882965	0.0582133758	0.0152257349	0.066889676	-0.1408552084	-0.0282062064	0.147580112	0.0378759599	-0.1042698796	-0.1787255558	-0.1273910389	0.0818100277	0.0989378704	0.0449030114	0.0418724949	0.0102393234	-0.0281060664	0.0232541459	0.0570305486	0.0495385594	-0.1017921985	0.0348265495	0.1009754826	0.0729684634	-0.0048032867	-0.021199457	-0.1059798753	-0.0799906802	0.00050346	0.0300814276	-0.0262310833	-0.0565899129	0.0413709236	0.0096985553	-0.0938158215	0.0329434438	0.0398216637	-0.0280101526	-0.0589358983	-0.0161414076	0.1086697866	0.038109882	-0.0910625613	-0.1193514458	0.03700674	-0.0531000205	-0.0101247271	0.1412256474	0.0537504417	-0.0234828927	0.1517152617	0.058880898	-0.010989387	0.0670172287	-0.0364094644	-0.0378348851	-0.0273966938	0.0226118351	-0.0285461519	-0.0170870822	0.0326391146	0.0035277054	-0.0664532103	-0.1146264529	-0.0215030237	-0.2254201519	-0.0379620685	1.26558e-05	-0.2394319143	0.0009308119	0.0495555564	-0.0124063287	-0.0732860017	-0.0774527915	-0.0329778668	0.0103972159	-0.04476627	-0.0434370395	-0.0322008443	0.041093797	0.1331696096	0.0631057041	-0.0010199856	-0.0150510198	-0.0376885308	0.0290671447	-0.0255754879	0.0683837393	-0.0413278785	-0.0115617289	-0.0422311609	0.0631409774	-0.105122372	0.0333949724	0.0420488479	-0.0041364747	-0.0109283071	-0.0332813392	-0.0346866909	0.0045389126	0.0250543444	0.0211825349	-0.0350951708	0.062892288	0.0122309927	0.0197000285	0.1594963093	0.1009037641	-0.0330786006	-0.0785259794	-0.0523551958	0.0285612289	-0.0705945896	-0.0905623397	-0.0389238742	0.0177798269	0.0267575969	0.086703521	-0.0565398501	0.2192570871	0.0059301011	-0.1670261364	0.1628882481	-0.1396319203	0.0320272771	0.0890278711	-0.0666023993	-0.0495040497	-0.0819765783	-0.0336025389	-0.0943087873	0.0841544317	0.0692971447	0.0142256362	0.0089759822	0.0719837018	0.0404872666	-0.0720407026	-0.0873809229	0.0161852643	0.0388680412	-0.0161858539	0.0672872014	-0.0374218916	-0.0950782398	0.0973825011	-0.291405	-0.03995	0.0015960025	0.084916874025	-0.300058	-0.03182	0.090034803364	0.0010125124	0.158313	0.034836	0.025063005969	0.001213546896	0.0134337	-0.0015989	2.556481210000001e-06	0.00018046429569	0.000523404	0.0005478634	2.73951747216e-07	3.0015430505956e-07	-0.0072271899999999	-0.0009885599999998	9.772508735998015e-07	5.223227529609855e-05	0.0	0.0	0.0	0.0	0.0	0.0
613.8774824122808	0.9303268557416686	376845.56341284007	0.8655080585141796	866.1222313378104	1.5067855115299835	750167.7196175875	2.2704025777566743	597.9900847635292	0.9315059018714464	357592.14147549286	0.8677032452213368	617.5436025219078	507.7437708625908	1.034929	46.098007	0.10737725	0.0556754	-0.0396050661	-0.0486277587	-0.0510248979	-0.2428704259	-0.0189160651	0.0450580561	-0.0755990546	-0.004556158	-0.1205464046	-0.0710527029	-0.0718842992	-0.0030504914	0.0070120572	0.2587880066	0.0721593173	-0.0710400453	0.0044484913	0.0369615853	-0.034797497	-0.0185264008	-0.058991081	-0.059898661	0.1504898783	-0.1152536929	-0.0227333235	-0.0988614565	-0.0469680665	0.1665234196	-0.0607516773	-0.0248371646	-0.0549703925	0.0839001064	0.0325402275	-0.023458296	-0.0053542064	0.0451571747	-0.147828507	-0.0544178569	0.0985366044	-0.0537812343	-0.0055911693	-0.1072021434	-0.0503389791	0.0179202331	0.0101840953	-0.0038853846	0.1117050754	-0.118923169	0.1088906885	0.0821521505	0.0469500979	-0.0532360418	0.0362374374	0.0142937998	-0.0058335324	-0.0179589228	-0.0396397882	-0.0473969236	-0.0675092276	-0.1128189466	0.0207158836	-0.0022343285	0.0832603545	-0.0381102279	0.0399997881	-0.0024070388	-0.0819612436	-0.0205506656	-0.029963699	0.1886377713	-0.142441223	-0.0433275921	0.0021392362	-0.0746259847	0.0463722083	0.0334073708	0.0088049765	0.0064156183	-0.0448806171	0.0622092172	0.0582568992	0.0591941648	-0.0093369894	-0.0233855666	0.131244929	0.0156560247	0.0222391577	-0.0292983618	0.0067015785	0.068270548	-0.0402197715	-0.029834401	-0.111151827	-0.0058566901	0.021556301	-0.0073549929	-0.080914362	-0.1837688492	0.0529552674	-0.0116960952	-0.0898338722	-0.0401821903	0.0572539371	0.0540845919	-0.1483461861	0.0195896044	-0.0859648075	0.0458631161	-0.0499023181	-0.0059026708	-0.0518132255	0.0359572246	-0.0298582908	0.1435534574	0.1299169452	0.0001895568	-0.0051524993	0.1063700577	0.077469769	0.0608050051	0.0043235532	0.0130298893	-0.0355527359	-0.0676670575	-0.0206535463	0.0327203134	0.018977968	-0.0367241217	0.0473603511	-0.0498327902	-0.023760886	0.1690673706	0.0708810105	0.1025577443	-0.0741812104	-0.0398784559	-0.0276071	0.0462211498	0.0548330007	0.0163701335	-0.0099054477	0.045127979	-0.0606182451	0.033610024	0.0929741878	0.0252204187	-0.0204666518	0.0807759695	0.0253706133	0.0228380783	-0.0628630313	0.181369537	0.008520145	-0.0923609229	0.1611213561	-0.0774118654	-0.0257783521	0.0991434573	-0.0255465755	-0.0110047118	0.0102512351	0.0071183384	-0.0821153156	0.1390783999	-0.0366430818	0.0415299752	-0.0383703584	0.1315567831	0.1371407751	-0.0279104042	-0.0756596115	0.0985454488	0.06564579	-0.077496522	-9.02744e-05	-0.039904206	-0.0918434799	0.1016668918	-0.256387	0.035018	0.001226260324	0.0657342937689999	-0.303477	-0.003419	0.092098289529	1.1689561000000036e-05	0.132445	-0.025868	0.017541678025	0.000669153424	0.013825	0.0003913	1.5311569000000052e-07	0.000191130625	0.000299729	-0.000223675	8.9837473441e-08	5.0030505625e-08	-0.00698072	0.0002464699999998	6.07474608999506e-08	4.87304517184e-05	0.0	0.0	0.0	0.0	0.0	0.0
616.9730322079241	3.0955497956433646	380655.72247184016	9.582428537307676	860.8232178302401	-5.299013507570294	741016.612355609	28.079544153412428	599.6069396189145	1.6168548553852131	359528.4820391605	2.614219623382739	619.1968258364669	507.5052587098373	1.031003	45.923115	0.372140005	0.180904	-0.0353561678	-0.02878787	-0.0917890651	-0.1795557767	-0.0254519743	0.0396364653	-0.0114275005	0.0203024915	-0.0173417444	-0.0885274514	-0.0304342369	0.0816614731	0.0036156972	0.1069394776	-0.0041329615	0.0299363227	-0.0594875861	0.0314645838	-0.1123951034	-0.1218750443	-0.0984347511	0.1639287685	0.0565360746	0.0681036458	0.1583819041	-0.1386238685	0.2112889601	-0.0685229962	-0.0267896081	0.0582251252	-0.0331827727	0.018829837	0.0562947629	-0.1566389641	-0.0603697673	0.0655868777	-0.1559909136	-0.1132459384	-0.0312433317	-0.071767178	0.0730714732	-0.0174076859	0.0462057419	0.0213948087	0.0774839297	0.0138504917	-0.0141568454	-0.0259264807	-0.0821130438	-0.0417402824	0.0234416248	0.0058499508	-0.0780151556	-0.0354016235	-0.0409674103	0.0164619788	0.008794189	0.0319363779	-0.065343021	-0.0992056078	0.0454945644	0.0673847599	0.0260139098	-0.0514566989	-0.0947413757	0.0560719211	-0.0306997845	-0.114171226	-0.0858678536	0.0371174824	0.0722691963	0.1171826814	-0.0616721666	-0.0839335744	-0.1095509299	0.0472617187	0.0452654734	0.0928916193	-0.0145895151	-0.0851100725	0.0803039402	0.167018853	-0.0356253972	-0.0539207443	0.0233974127	0.0711728561	0.1748140853	-0.0221451131	0.0729963828	0.0317508512	-0.1220404666	-0.1057017457	0.0160991513	-0.0467504966	0.0702481143	-0.0341551413	-0.1026011505	-0.1390246643	0.1330917782	-0.094216659	0.079553843	0.0320762821	0.0190921505	-0.0260181992	0.0226322663	-0.0338214218	0.0309675478	-0.0123448735	-0.0527935167	0.0457124831	-0.049843281	-0.0099111098	0.1059840568	0.0050069136	0.0262501744	-0.0143190385	0.08112067	0.1517476566	0.0835502767	0.05776528	0.0375394654	0.0087918346	-0.0172312364	-0.0838718924	0.0030204905	0.015455848	0.1602374723	0.0555209059	-0.035980911	-0.0887284194	0.0145410608	0.0303622307	-0.045449846	-0.0556991111	0.0843174142	0.0777986848	-0.1286058207	-0.0794374206	-0.1021386628	9.35541e-05	-0.1086067853	0.0658727759	0.0040627645	-0.0255314847	0.1640969831	0.0425767915	-0.014067027	0.1039488982	0.0234677652	0.0076662214	-0.012546623	0.1158284386	-0.0183949281	0.0431866284	0.0770273366	-0.0564854759	-0.0132357242	-0.0017583426	0.1414156298	0.123492886	0.0540073846	0.0284012307	0.0456701663	0.1621758492	-0.0519680173	0.0010584377	-0.1639867947	0.0120783115	0.0695228417	0.0521170192	-0.0392790612	-0.0011086089	-0.1012480598	-0.0336053689	-0.0305485242	-0.0423669894	-0.0884289321	0.1055035841	-0.155765	0.1006219999999999	0.0101247868839999	0.0242627352249999	-0.189021	0.114456	0.0357289384409999	0.013100175936	0.096887	-0.035558	0.009387090769	0.001264371364	0.0129206	-0.0009043999999999	8.179393599999994e-07	0.00016694190436	-4.13111e-05	-0.0003410401	1.7066069832099996e-09	1.1630834980801e-07	-0.00579608	0.0011846399999999	1.4033719295999995e-06	3.35945433664e-05	0.0	0.0	0.0	0.0	0.0	0.0
615.6983764772625	-1.2746557306616069	379084.4907967369	1.6247472317084748	856.8248351358558	-3.998382694384304	734148.7981055864	15.987064170751887	598.8593535712438	-0.7475860476706657	358632.52535976795	0.5588848986718469	618.3740095493206	507.828826036302	1.014923	45.206898	0.206662919	0.125249	-0.0464199216	-0.0529347077	-0.0821983104	-0.2026081267	-0.0274229422	0.0617248369	-0.0197035455	-0.0507105688	0.0485578177	-0.0921713477	-0.0557503487	0.0477742756	0.0190241892	0.1391707665	-0.0397932331	0.0743913322	-0.040019233	-0.1690868504	-0.0903801015	-0.0467950587	-0.0599004725	0.0788754754	-0.1022219597	0.0328174485	0.0541552966	-0.163124288	0.1269754402	-0.1012529699	0.0853516642	-0.0520813177	-0.0138686285	-0.0232951011	0.0363748518	0.0727718409	-0.0367158558	0.0381690546	-0.1744046915	-0.1113524171	0.0268194842	-0.1880300859	0.2295003539	0.0597040701	0.0715662882	-0.0213055996	0.0652420518	-0.0529060634	0.0648211903	-0.0584855517	-0.0913463584	-0.079602493	0.024573928	0.025537247	0.0694258317	-0.0269259915	0.0874674959	-0.0099308215	-0.044618238	-0.084205348	0.1175797506	0.0692558029	-0.0382648096	0.0776511465	0.0757282508	-0.0195603164	-0.0282986338	0.0400638372	-0.0584684259	-0.0248286841	-0.013433773	0.0566174948	-0.0708063586	-0.0272759884	-0.0743646132	-0.0699443011	-0.023151461	0.0346014824	0.1113476525	-0.0750991064	0.1295067909	-0.0313965598	0.1498731568	-0.0517492509	-0.1306325286	-0.0862402901	0.1400717338	-0.0275083811	-0.1788737652	0.0121304455	0.1211196803	0.0353429313	-0.0221763301	0.105614295	0.033140723	-0.026933776	0.0769434104	0.0068509731	-0.1520943774	-0.1709458437	0.1571334776	-0.0456726381	0.1628803208	0.0147902184	0.0921347508	-0.0549699256	0.1191969213	0.0369368126	-0.0073986553	-0.0040136999	-0.1524698414	0.0347336514	0.0135872619	0.0204184908	0.049869411	0.051784558	0.0762803368	0.0020206448	-0.0173632572	0.0031747701	0.0347548061	0.0285928393	0.0165756955	-0.0771508173	0.0677647778	-0.0645742821	0.0121605407	-0.0256477403	0.008287088	-0.0177349713	-0.0809757099	0.0278372958	0.2019148248	0.0293153809	0.0141899531	-0.0779565703	0.1033574394	-0.056094935	-0.0298731791	-0.0758627258	0.024155197	-0.0837517042	0.0228465131	0.0329704123	0.0671600762	-0.2906502422	-0.04525151	-0.0518139211	-0.1989106552	0.095914399	-0.0325416755	0.1457397009	0.0999507447	0.1436050468	-0.0275187702	0.0904067763	0.114949675	0.0588765154	-0.0724253741	-0.0583257232	0.1399081252	0.2232261601	0.1634104113	0.0491774301	0.1405630136	0.0670556426	0.0206887063	-0.0928715843	-0.2236315479	-0.0095047821	-0.011090299	0.0697635466	-0.0125481787	-0.0040953236	-0.0783657	0.0142612591	-0.0389017534	-0.0448090364	-0.0848412804	0.1088756826	-0.169071	-0.013306	0.000177049636	0.028585003041	-0.139635	0.0493859999999999	0.019497933225	0.0024389769959999	0.0745004999999999	-0.0223865000000001	0.0055503245002499	0.00050115538225	0.010625	-0.0022956	5.26977936e-06	0.000112890625	3.44728e-06	4.475838e-05	1.18837393984e-11	2.0033125802244e-09	-0.00570475	9.133000000000058e-05	8.341168900000105e-09	3.25441725625e-05	0.0	0.0	0.0	0.0	0.0	0.0
618.2223502992841	2.523973822021617	382198.8744095708	6.370443854250408	862.8766500391001	6.051814903244349	744556.1131826997	36.62446362313041	599.009543895019	0.1501903237751776	358812.4336773187	0.0225571333556926	618.3106482999743	509.873342038096	1.056947	47.07872	0.1057017359999999	0.0687284	-0.0480043289	0.0476371913	-0.1211637245	-0.133996086	0.0061840478	0.0616507052	-0.0520999711	-0.0520126868	0.1326583954	-0.0753212028	0.0269909518	0.0674926317	0.0183120886	0.0882024728	-0.0091218819	-0.0630961525	-0.170206804	-0.0330990414	-0.0977143466	0.1414390646	0.0703495055	0.0013864189	-0.1621852905	-0.0977250378	0.0823938604	-0.0803650363	-0.0051844625	-0.0733377935	-0.0527276405	-0.049641964	-0.1217356685	-0.0120511868	-0.0333487056	0.1254925332	-0.0439053357	0.0462055468	-0.1597209038	-0.0538660954	-0.0595070207	0.0061799123	0.0506373294	-0.0282386552	0.0175473062	-0.0032263676	0.0810927382	0.0854999061	-0.008997532	-0.038586481	0.1031483571	-0.0755849926	0.0260311276	0.0606195173	0.0263470201	-0.0425612441	-0.0150864267	-0.0865348576	0.1717530724	0.094044804	0.0502636373	0.0805524248	-0.0355897817	-0.013089433	0.0218783656	0.0296406067	-0.0723945247	-0.0298006636	0.1382905304	0.0547151106	-0.0146597439	-0.1262851032	0.0940845878	0.0118124516	-0.0592251118	0.0413774086	-0.0416134134	0.008459142	0.1480949008	0.0488798055	0.0164937911	-0.0685566839	0.0002592789	0.1142215375	-0.0265881666	-0.1389908087	-0.0486012379	0.0370865967	-0.0229264269	-0.0090850836	-0.0053062853	0.0105100618	0.1037653306	0.0002188606	0.1129519229	-0.0329792043	0.1121896245	-0.037885019	0.0016397748	-0.1176124432	0.1459335901	-0.0518049929	0.017667286	0.0028457469	0.0363729479	-0.0605203006	-0.0213916994	-0.1352734901	-0.0063841688	-0.0532473785	0.0143823268	-0.0302049124	0.0105733546	-0.0899057046	0.0196211055	-0.0788946077	-0.1495671529	0.1390688215	0.0456065544	-0.0481244432	0.0199918577	-0.0668963683	0.0399426459	0.0671574759	0.037620701	-0.0844063811	0.1599244095	-0.0505247059	-0.0648779718	0.0170784695	-0.0181974322	-0.0263052934	0.017565202	-0.009671195	-0.2024996408	-0.0383073719	0.0668282178	0.0546639462	-0.0415316393	-0.0516693374	0.0640394968	-0.0418387369	-0.0474459223	-0.1299292246	0.0311938404	-0.1001225607	0.1208852472	0.0359195392	0.0738493712	-0.069699637	-0.0918947606	0.054254603	0.0978179482	0.1325529969	-0.0254043672	0.0661089635	0.0477184488	0.0503349137	-0.0637312242	-0.0161566182	0.1797737151	0.1502656946	0.0616169287	0.0381151709	0.0538489881	0.0588860553	0.0271695721	-0.054559756	-0.1770069374	-0.0465789057	0.028006589	0.0109925676	0.0202023704	-0.043958425	-0.117384235	0.0216787218	0.0519753786	-0.0472291519	-0.081087548	0.111768338	-0.17694	-0.0078689999999999	6.19211609999998e-05	0.0313077635999999	-0.147728	-0.0080929999999999	0.0218235619839999	6.549664899999982e-05	0.0899921999999999	0.0154916999999999	0.0080985960608399	0.0002399927688899	0.0119644	0.0013393999999999	1.793992359999998e-06	0.00014314686736	0.000126558	0.00012311072	1.6016927364000002e-08	1.51562493789184e-08	-0.0056823	2.244999999999938e-05	5.040024999999722e-10	3.228853329e-05	0.0	0.0	0.0	0.0	0.0	0.0
619.2627310874262	1.0403807881421017	383486.330113858	1.0823921843351807	870.5946548517016	7.718004812601521	757935.0530563535	59.56759828734024	597.7962896508459	-1.213254244173072	357360.40392031806	1.4719858610039722	617.5257653028475	523.2815220210146	1.047037	46.637325	0.05028765	0.0304611	-0.062322493	0.1113360469	-0.0894715651	-0.0357774093	0.0433967648	0.0296389294	-0.0458796104	-0.1073556355	0.1110697464	-0.0455160864	0.1450405229	0.0153940901	0.0585556552	0.01471536	0.0459560755	-0.0644942631	-0.0311338949	0.1346446338	-0.1529926602	-0.1164632786	-0.0037290885	-0.0845672351	-0.042135344	-0.0001206271	-0.0622936095	-0.0766773354	-0.0058606965	-0.0706623042	-0.0006613104	0.0056624922	0.0389626062	0.0206996674	0.0395205942	0.0142708873	-0.0089981509	0.022912663	-0.1583039313	0.0241349096	-0.031924578	0.0483750989	0.0738270342	0.0229668085	0.1426361412	0.0637877731	-0.0514310669	-0.0679801775	0.165416266	0.0327691299	0.0773270142	-0.1660949149	0.049902869	-0.0497051641	0.0289207571	-0.0918527968	0.0004166297	0.0350047738	-0.0829844704	0.1289748065	-0.004682475	0.0510657048	-0.0301210051	0.0150201652	0.0596544929	-0.029262147	0.1080052981	-0.0245663455	-0.0457681128	0.0254263786	-0.1596919187	-0.0376643234	0.1925532209	0.0905923768	0.1295235163	-0.10062391	-0.0400586828	0.1152050884	0.0421003356	-0.0989953332	0.0234811807	-0.112704719	-0.02376827	-0.0423598224	0.0515287257	-0.0544987933	-0.04597045	-0.0096146843	0.132471992	0.0289308317	-0.0790291647	-0.1182758192	0.0516178368	-0.0853775471	0.1081483966	-0.0136231609	0.1107623348	-0.0298987638	0.087899909	-0.1053154072	0.115838623	0.0466153195	0.0345837096	-0.049689387	-0.0136730099	-0.2360462549	0.0150724211	-0.0815640682	-0.0720745064	0.0292481096	0.0107136952	0.0092817044	-0.0271844268	-0.0892879403	0.0322140599	-0.0249077824	0.1051470037	-0.0476586108	-0.06625435	-0.1039693487	-0.0189609638	-0.0302242914	0.0251439527	0.051881415	-0.0923207673	-0.2146202038	-0.0983647931	-0.0148987144	-0.0294038662	0.1382157143	-0.0563408556	0.040827649	-0.02459683	-0.1423248758	0.0907398097	0.0501659145	0.0753991463	-0.1850229194	-0.0052150214	-0.1833902392	-0.0368907915	-0.0274602984	-0.1039351333	0.0467076231	-0.0381837075	-0.0218671071	0.0693614688	0.1661116797	0.1109689416	-0.0531179288	0.0010988373	-0.1506424596	-0.0554982847	0.1089780145	-0.038403688	0.0687481732	0.0437388968	0.1280446163	-0.0936658876	-0.0641555931	0.1531160261	0.169296652	0.0718162646	0.0320170218	0.0702248952	-0.0556231834	0.1009253086	-0.0526222343	-0.113078794	-0.0146838167	0.0952106123	0.051957553	0.0824283375	-0.0016219395	-0.025447831	0.0268568414	-0.049772619	-0.0496261511	-0.077175083	0.1141688124	-0.178184	-0.001244	1.547536000000057e-06	0.031749537856	-0.147867	-0.000139	0.021864649689	1.9321000000000064e-08	0.112094	0.0221018000000001	0.012565064836	0.00048848956324	0.0116904	-0.0002739999999999	7.507599999999996e-08	0.00013666545216	0.000230585	0.000104027	5.3169442225e-08	1.0821616729e-08	-0.00552427	0.0001580299999999	2.497348089999999e-08	3.0517559032900005e-05	0.0	0.0	0.0	0.0	0.0	0.0
620.1396773024388	0.8769462150125946	384573.21936477296	0.7690346640249158	866.9399837834648	-3.654671068236894	751584.9354824742	13.3566206170078	597.9475462400717	0.1512565892257953	357541.2680545227	0.0228785557842209	617.3422585332291	520.8823428472215	1.026919	45.74123	0.1947819999999999	0.0957491	-0.0733353969	0.1244271064	-0.0492662104	-0.0191208029	0.0603895431	0.0249868802	0.0104868914	-0.115906651	0.038813488	0.0563343878	0.1302122529	0.02364463	0.0254298236	0.0165587003	-0.0141443327	0.0407796804	-0.075399263	-0.2001439356	-0.1935281656	-0.0466632699	-0.0614850876	-0.078885943	-0.0084683349	0.0213891511	-0.113260569	0.0330857372	-0.0851273567	-0.0344602095	0.0612016117	-0.1212860322	0.0681934657	-0.1168257462	-0.0549772628	0.1825161766	-0.0132794115	0.0255475859	-0.1651878216	0.0099601467	-0.0385858127	0.0621964302	-0.036422629	-0.007028334	0.0701046447	0.0283610103	-0.0310988286	-0.022600564	0.1461049748	0.0458438935	0.0024137157	-0.0627722782	0.0191996629	0.024768612	-0.0723654503	-0.1394753955	0.000609971	-0.0315930745	0.2028887482	0.0005867394	-0.0416560416	0.0394938069	-0.0140514031	-0.0106732905	-0.0887228525	-0.115052999	-0.035269159	0.0879502354	0.0104524291	-0.0190088241	-0.0101724016	0.0378807893	0.0754010206	0.1078313516	0.0172771256	0.0028168196	-0.075960474	-0.0541535535	0.0079079512	-0.0783572856	-0.0607448223	0.0556196257	-0.1250977657	0.0474737847	0.0072733053	-0.0773739841	-0.0239925663	0.0012025944	0.0426316682	0.0939103937	0.0496458545	-0.126891862	0.0345609672	0.0002763748	0.0250089429	-0.0143833895	0.0745243459	-0.0687302198	0.1253385545	-0.1038508799	0.0632337624	0.0545448376	0.0315224955	0.002731356	-0.040457776	-0.0753242399	-0.0280261029	-0.064332506	-0.127203604	0.0570703209	0.0100702162	0.0066357704	-0.0034129372	-0.0450004337	0.0716210794	0.0015329218	-0.0642952382	-0.0086082371	0.0504348853	-0.0722945117	0.0832047848	-0.0310613269	0.0967026951	0.1340069328	0.0673020778	-0.0283998895	-0.0267906784	0.026673204	0.071141284	0.0004197926	-0.0402178838	-0.0397913385	0.0277326264	-0.1287404597	0.1235476504	-0.0772781823	-0.1015848153	0.078852905	-0.0879344544	-0.1161847943	0.0454804738	0.0496976642	0.0106901136	-0.0231720424	0.0380323998	0.0124280499	-0.043129551	0.0433249978	0.0521361308	-0.0486027167	-0.0640799224	0.1131256752	-0.0073645512	0.1498111019	-0.0219128505	0.005384995	0.0152675678	0.1078654229	-0.0377762693	-0.0051579147	0.0936126214	0.0888468068	0.0215252847	-0.0020847034	-0.0336244488	-0.0729114523	0.132543269	-0.1095340418	-0.0466296463	-0.0480030201	0.0952446583	0.0948242886	0.0682258072	-0.0045386543	-0.0269635654	0.0561051126	-0.0143294836	-0.051998861	-0.073111544	0.116066535	-0.232831	-0.054647	0.002986294609	0.054210274561	-0.191345	-0.0434779999999999	0.0366129090249999	0.0018903364839999	0.112179	8.500000000000174e-05	0.012584128041	7.225000000000296e-09	0.0123845	0.0006940999999999	4.817748099999995e-07	0.00015337584025	0.000789745	0.00055916	6.23697165025e-07	3.126599056e-07	-0.00620245	-0.0006781799999999	4.599281123999995e-07	3.84703860025e-05	0.0	0.0	0.0	0.0	0.0	0.0
621.0362351289084	0.896557826469575	385686.0053430888	0.8038159362038486	881.1474428198908	14.20745903642603	776420.8159880327	201.85189227172367	598.2364987092009	0.2889524691291854	357886.9083878437	0.0834935294158528	618.2361402061678	536.4532196455133	1.082273	48.206802	0.13082525	0.0643198	-0.087491198	0.0605464396	0.1000263073	0.0049872322	0.0662593526	0.0358361898	0.0176055262	-0.1598304321	0.0326242555	0.1275426329	0.0504580447	-0.0335634564	-0.0365911896	0.0485550203	0.1416978472	-0.0572064237	0.046696396	-0.0442337678	-0.04023382	0.0545461397	0.0352041922	0.0780371437	0.0341113005	-0.0473011271	0.0167224588	-0.0121007408	-0.1607564118	-0.0191398411	-0.0809136917	0.0507358264	-0.0642089977	0.0256388029	0.0888090833	0.0833632296	-0.010458461	-0.003913794	-0.113629661	0.0422664524	0.0089100052	0.1021386863	-0.0297786976	0.0519472334	-0.0683053575	0.0537754291	0.1085487899	-0.1159480538	0.1964036439	0.1519663312	-0.0285837907	0.0115567479	-0.0132804811	-0.0821755471	0.0461977864	0.0602246316	-0.0389481149	0.0891801291	-0.0216880187	0.0014722946	0.0581117833	-0.1091197636	0.0289845112	-0.087530086	-0.0077664359	-0.0216859344	0.102628004	0.1211435933	-0.0447848432	-0.1886762359	-0.1049749632	-0.0747351307	0.0982206274	-0.1017394942	0.0134009949	0.0186209664	-0.0511045523	-0.1389854283	-0.110900601	0.0943198174	-0.0878637804	-0.016800663	-0.0063251508	-0.1219675634	0.016930519	0.139808974	0.0018379029	0.0341232632	-0.1130464643	0.0441388993	-0.1457535945	0.0300519996	-0.1032060731	-0.0794982287	0.0204438937	-0.0120774455	-0.0435174441	-0.0754467006	0.1653627569	-0.0765850358	0.0285684313	0.1250670386	-0.0108826216	-0.0119935475	0.0815935162	-0.0865669132	-0.0098853361	-0.0343935331	-0.0321252233	0.2346713822	-0.0761865327	0.003337908	-0.0954943078	0.0010127021	-0.0093364658	0.0295372933	0.0630033403	-0.0767596461	-0.0136549652	0.0368306839	-0.0647532047	-0.121017129	-0.0557485091	0.0225273882	-0.047681854	0.0048673182	-0.1456172386	0.0253263538	-0.0577571575	-0.0201749379	-0.0901280975	-0.115444041	-0.0785280678	0.1028266611	0.052677021	-0.0127403045	-0.0091185479	0.0614554446	0.1315943222	0.042615458	-0.1252408768	0.1229560104	0.1283713776	0.1163492636	0.0201366458	0.0349082817	-0.1204656168	-0.1339622783	0.0583544888	-0.0466781349	0.0228485833	0.0375850737	0.1350621415	0.1555448118	-0.050827556	-0.0086955594	0.0581647584	0.146890628	0.0436378231	-0.0199637656	0.0136060556	0.1045265126	0.0373432157	-0.0267231756	-0.0212250981	-0.099769595	0.1548415803	-0.0754975722	0.0072576906	0.0631982144	-0.0193805739	-0.0099690382	0.0175023745	0.017300637	0.1589289941	0.0984514085	-0.0010008898	-0.0543461203	-0.0689048858	0.117453149	-0.243372	-0.0105409999999999	0.0001111126809999	0.059229930384	-0.223587	-0.032242	0.049991146569	0.001039546564	0.14423	0.0320509999999999	0.0208022928999999	0.0010272666009999	0.0117878	-0.0005967	3.560508900000005e-07	0.0001389522288399	0.0005797	-0.0002100449999999	3.360520900000001e-07	4.411890202499999e-08	-0.00651553	-0.00031308	9.801908640000021e-08	4.24521311809e-05	0.0	0.0	0.0	0.0	0.0	0.0
622.3720351530575	1.33580002414908	387346.9501405586	1.7843617045166826	871.5531509989823	-9.594291820908438	759604.895016255	92.05043554475056	599.4639698260507	1.2274711168498698	359357.0511196083	1.5066853427006666	619.0288293963024	529.6278060548244	1.038914	46.27549	0.0900647499999999	0.0487725	-0.055873633	-0.0470340315	0.0503569584	-0.0150004368	0.0179403908	-0.0098247659	0.037594846	-0.1755356584	0.0243865151	0.0932429934	-0.0305208319	-0.0098536353	-0.0195362666	0.0084972406	0.0052401182	-0.0244757935	0.019479532	0.0490764068	-0.1018287802	0.0139175794	-0.0446990887	-0.0339452651	0.0081857128	0.0331925717	0.0356724159	-0.0934045984	-0.1338116228	-0.0405779603	0.0967589319	-0.0850201569	-0.0122971088	0.1473656222	-0.0254704092	0.1594585422	-0.05907205	-0.0125558502	-0.0781053013	-0.0491657115	0.0075843783	0.0408059383	0.0621677656	0.013642553	0.0151379913	-0.0007209683	-0.0554001456	-0.0468335766	0.0496369309	0.0491771006	0.0696575473	0.0671928458	-0.0868175918	-0.0627846814	0.053803886	0.0183066033	0.0968553382	0.0139047028	-0.0144865933	-0.0225536698	0.0256400783	0.0570262645	0.0329943042	0.0566819581	-0.0680113407	-0.0655175855	-0.0097687183	0.0800457197	-0.0063929682	0.0382014049	-0.0267258743	0.0044167787	0.0298048862	0.085064409	0.0935536394	-0.0617148586	0.0668653023	-0.1327636851	-0.1139062549	-0.0401833791	0.0754999236	-0.0524412155	0.0125168654	0.063278223	0.1952537837	0.17480876	0.1052143508	0.0410315105	0.0551873862	-0.0278263916	-0.0464567629	0.1011353314	0.0223581105	-0.0427869391	-0.1127377943	-0.0609428141	-0.0392705709	-0.0088148611	0.0345314761	-0.0686156528	0.0948862112	0.1004858786	0.0361748492	-0.0128683402	0.0038790063	-0.0069385572	-0.1074874898	0.0791061961	-0.0670461432	0.0720627085	0.0172651899	-0.0099828023	-0.0663317786	0.0133241991	-0.0129056531	-0.0712678524	0.0107398659	0.0125648265	-0.1234683131	-0.0214258339	-0.064098979	-0.0303024085	-0.0055158314	-0.0260972792	0.0650916525	-0.0603429997	-0.0860043872	-0.0159996712	-0.073289431	0.0177326551	-0.0254886141	-0.0464608506	0.008050965	-0.0337271707	0.1838205087	0.0664042955	-0.0469945322	0.0387828693	0.0795797791	0.155038378	0.1605217466	0.0474891543	-0.0788078783	0.0082417691	0.1126908828	0.1351729596	0.0546589302	-0.0552597238	-0.0242945395	0.0715034231	-0.0156768584	0.006809906	0.0067275531	0.1330589483	-0.0440176598	0.0054316914	0.0384981577	0.0947864951	0.0441361622	0.0343500965	-0.0380585863	0.1051453288	0.1100323266	-0.0430869065	-0.0798213214	-0.0649649024	0.0426922775	-0.1211796962	-0.0070597183	0.0133350776	0.0402806891	0.0063472323	-0.0407237548	0.0366730537	0.1173091379	0.0652354897	0.0111094381	-0.05666678	-0.0645633431	0.1183225485	-0.244178	-0.000806	6.496360000000018e-07	0.059622895684	-0.261327	-0.0377399999999999	0.0682918009289999	0.0014243075999999	0.149562	0.005332	0.022368791844	2.843022400000004e-05	0.0123737	0.0005859	3.432788100000004e-07	0.00015310845169	0.000692645	0.0001129449999999	4.79757096025e-07	1.2756573024999985e-08	-0.00629064	0.00022489	5.0575512100000073e-08	3.95721516096e-05	0.0	0.0	0.0	0.0	0.0	0.0
623.5883008553486	1.216265702291139	388862.3689636608	1.4793022585697575	867.3404002716586	-4.212750727323737	752279.369943401	17.747268690566674	599.855201758034	0.3912319319832704	359826.2630761717	0.1530624246033623	619.040443433023	523.0756148545639	1.082565	48.21983	0.063283	0.0354694	-0.0186980643	-0.0892264179	-0.0991020721	-0.0043318303	-0.0353377746	-0.0604077559	0.0927709904	-0.1209889849	-0.0306160154	-0.0940616047	-0.0543078897	0.0434936539	-0.1152838745	0.0543769969	0.0872984207	-0.0291637513	0.1431286768	0.0560768532	-0.0608175279	0.0579668009	-0.0304276294	-0.1369164367	0.055587693	-0.0362135945	-0.0039043999	-0.0618768734	-0.0616229131	-0.0656514962	-0.0489981207	-0.0096694139	-0.1526994207	0.0216303402	0.069402006	0.0837107174	-0.0606045234	-9.2866e-06	-0.0794237457	-0.0078322344	0.0579372395	-0.050948315	0.0852293066	0.0308521668	-0.0134798464	0.0268244971	-0.0014441806	0.0401995825	0.0586391709	0.0530034924	0.1365735995	0.0349158761	-0.0410543629	0.0178333632	0.0479745979	0.057212742	0.0151840971	0.0493371217	0.0296524391	-0.0048107787	-0.0399113403	-0.043759207	-0.021148371	0.0993848146	-0.0363058738	0.0562976129	-0.0010566465	0.0040288281	0.1476246423	-0.0794863287	-0.0853430506	-0.0454833072	0.0389389087	-0.0069904742	0.0268946008	0.0169398901	-0.0626238882	0.023163511	-0.077564063	0.1397791645	0.0485763565	-0.1141004034	-0.0104952745	0.0146311586	-0.0137462143	-0.0184685103	0.0077180325	-0.124598005	-0.0783385391	0.067023915	-0.1166089884	0.0529539409	-0.0435055526	-0.0630302504	-0.0694656399	-0.0586099535	0.0580176657	0.0743670161	-0.0506872538	-0.0389021235	0.086858006	0.1136359331	0.0476352888	-0.0074103722	0.0497202693	0.0283976127	-0.0940415408	0.0046922703	-0.0236093314	0.05881634	0.0362753881	-0.0547426785	-0.1271558836	-0.0140001036	-0.0737414284	0.01208366	-0.0179940547	0.0256899446	-0.1173311362	0.0877762328	-0.0441323525	-0.0713444086	-0.0722044835	0.0554910086	0.0694843211	0.0138642417	-0.0005602235	0.0024872008	-0.006232594	0.1027735892	-0.1523434332	-0.0975349569	-0.1458674531	0.0610812661	-0.0227247169	-0.0028466087	0.0403245599	0.0159154333	0.1132230432	0.1179752313	-0.0456191519	0.0499527579	-0.0189289013	-0.0159450852	0.0841637667	0.0473775779	0.0725371621	0.0212232497	0.1239993354	-0.1505921887	-0.0523979087	-0.0224620474	-0.0386364149	0.1302974834	-0.0420886258	0.0215972276	0.0134374676	0.1252193443	0.0451823457	0.1000054543	-0.0238267064	0.05848389	0.1548833536	0.0866659441	-0.0622126172	-0.0116354141	0.0425373949	0.0089409554	0.0005962379	0.067257196	-0.0153560719	-0.1201161379	-0.034078524	0.0360217775	0.0810672834	-0.0260082647	-0.0895576808	-0.0589597043	-0.0600954145	0.1186709048	-0.24541	-0.0012319999999999	1.5178239999999584e-06	0.0602260680999999	-0.271498	-0.010171	0.073711164004	0.000103449241	0.132846	-0.016716	0.017648059716	0.000279424656	0.0128512	0.0004775	2.280062500000005e-07	0.00016515334144	0.000517485	-0.0001751599999999	2.677907252250001e-07	3.0681025599999984e-08	-0.00624002	5.062000000000035e-05	2.5623844000000357e-09	3.89378496004e-05	0.0	0.0	0.0	0.0	0.0	0.0
621.3632864539477	-2.2250144014009265	386092.33375285065	4.950689086441524	860.0597062462535	-7.280694025405069	739702.698308392	53.00850549156906	598.103830681	-1.7513710770340367	357728.1922752863	3.067300649471362	617.6988509635552	532.6558441868406	1.316257	58.628975	0.89516825	0.501577	-0.0080859791	-0.0098639462	-0.108623526	0.1185057822	-0.1264358275	0.0039472226	0.1318489185	0.0357214321	0.0106604642	-0.0734565353	0.0275949534	-0.0336538955	-0.0859493315	-0.1364853632	-0.1112621043	0.149027606	0.0219630239	-0.2154034789	-0.1500433086	-0.0644789546	0.0619738383	0.0286493865	0.0164275941	-0.0971126295	0.1342586007	-0.0234155095	0.1137737252	0.0931649105	-0.0349929506	-0.0059011024	0.0843311118	-0.0236068647	-0.1056761945	-0.1549839386	0.0176973594	0.1239047776	0.1289579241	0.031845363	-0.1566211981	0.006842529	-0.0131569646	0.0298315	-0.0214346413	0.0275370629	-0.0950288667	-0.0027048094	-0.0154425346	0.0115267682	-0.1194847614	0.0773234858	0.0464328737	-0.0087874117	0.0346827984	0.1916881234	0.0190503658	0.0006868614	0.1152097576	0.0155548471	-0.0273300397	0.0900752992	0.1440957868	-0.018388263	-0.0110656039	-0.1824219929	-0.0640465659	-0.0607752969	0.0831394124	-0.0048132408	0.046121551	0.0497204517	-0.109693167	-0.1603710745	0.0441891142	-0.0902221679	-0.0657009964	0.1134183382	0.060621691	0.0438081537	0.0008216669	0.1080078874	-0.0867822031	0.0009312897	-0.163935439	0.0669567882	0.0200974906	0.1763236097	-0.0541959418	0.1176164115	0.1158369722	-0.0082163495	0.0904547173	0.1454896792	0.042584567	0.0180449345	0.0905837997	-0.0612617069	-0.0582091187	0.1698479575	-0.0462904596	-0.0020718038	0.0494303614	0.1078188701	-0.1012140733	0.0917836527	0.0622026063	0.014762753	-0.050713797	0.0942893905	-0.0859041609	0.0335581826	0.2900497777	0.0389269054	0.073200512	-0.0283980275	-0.1456920798	0.1517599619	0.0633187547	0.0707113193	0.1093754143	0.1596209714	0.0145090144	-0.1008420112	-0.064708938	-0.0089344091	-0.067730008	-0.0455825893	0.054394853	0.0720954649	0.033398379	-0.0051848166	-0.0036979251	0.0684252066	-0.0848404753	-0.0194443735	-0.0553671567	-0.0442588753	-0.0124645384	-0.0711565112	0.0041435604	0.2430565023	0.0506916895	-0.0882901101	0.0247204015	0.0981108097	-0.0860820212	0.1146199381	-0.027545559	0.1131733675	-0.0826293363	-0.0614755192	0.1722117437	-0.0937673986	0.187561256	0.0764768116	-0.2705967361	-0.0363437572	-0.0672770324	-0.0375788336	0.0608861193	-0.0645221558	0.0132430285	-0.0196076926	-0.0804929481	0.2472229656	0.1100522219	-0.2088628566	-0.0615488445	0.067672133	0.084860816	0.0234520534	-0.2138374868	-0.0492018648	0.0275051058	-0.2667880815	-0.0508964558	-0.0612237711	-0.0555098464	0.118496684	-0.147758	0.0976519999999999	0.0095359131039999	0.021832426564	-0.0221405	0.2493575	0.00049020174025	0.06217916280625	0.0278594	-0.1049865999999999	0.00077614616836	0.0110221861795599	0.0197964	0.0069451999999999	4.8235803039999984e-05	0.0003918974529599	0.000619308	0.0001018229999999	3.8354239886400004e-07	1.0367923328999982e-08	-0.0044236	0.00181642	3.2993816164e-06	1.956823696e-05	0.0	0.0	0.0	0.0	1.0	0.0
624.2858674031161	2.9225809491683776	389732.844239261	8.541479404441935	872.3624929900111	12.302786743757563	761016.3191757472	151.35856166237687	598.2924339011423	0.1886032201423404	357953.8364633527	0.0355711746480601	618.1044781698894	540.6963575586739	1.194136	53.189453	0.1063908999999998	0.0653687	-0.0384885901	0.0289721422	0.0192176897	0.1504025686	-0.0943729043	0.0523689934	0.0758905026	-0.1467364348	-0.0132187382	0.0272535877	0.0510214193	-0.1119853295	-0.1216315777	-0.077741693	0.0373968118	0.0277809298	0.0828860719	-0.1114671016	-0.0741328968	0.3482966975	0.2966357148	-0.0477968958	-0.0352795747	-0.0816427303	-0.0593012943	-0.1175172279	0.1180921484	0.1256703607	0.1361206308	-0.0407541926	-0.1728075555	0.0065921942	0.0051413264	-0.0392949729	0.0498377607	0.0931689119	0.1759963712	0.0894073256	0.0166414571	0.0982914197	0.0139389494	0.1514798981	-0.0305321	-0.0280841398	0.0261029724	-0.0117380951	-0.0531537577	0.0148139077	-0.0812595019	-0.0136202813	0.039619849	-0.0481508356	-0.0294762674	0.0760180677	-0.0049396937	-0.0179781049	0.0161452415	0.0884668148	-0.1013110619	0.0973515879	-0.0184902741	-0.0691978718	-0.0798371648	0.0049456368	-0.0764768483	-0.0068471752	0.0414842665	0.1221961764	-0.0009754098	0.0110581006	-0.1384141844	-0.0303777894	0.085002093	-0.0279556613	0.0988427358	0.0396623977	0.1020614819	-0.1370344287	-0.1072755313	-0.1841883966	0.0748672031	-0.0678217219	0.1682670674	-0.0715966651	0.0959244779	0.1152388041	0.0133415123	-0.0195697606	-0.0188680097	0.0634787211	0.0704826638	0.0592034367	0.1218296018	0.0477532658	-0.0201104288	-0.0770075951	0.021149427	0.1927128607	-0.05412312	0.1615908791	0.0158624048	-0.0350700212	0.0012896348	0.0254950256	0.0715544984	-0.042076264	0.044000128	0.0078559151	-0.0535205142	-0.032772528	0.1502738356	-0.0134490999	0.0013898853	-0.0680285894	-0.1493471721	0.1107025672	0.0945560815	0.035094395	-0.0222899534	0.0718319699	0.0368208343	-0.1063114137	-0.1152607157	0.0413881875	0.0597537148	0.0660479017	-0.0221766162	0.1332360077	0.070072335	-0.1061955741	-0.0243578704	0.0690768574	0.1958476658	0.2248662794	-0.0761117624	-0.1924838588	-0.0050249563	-0.0153668484	0.0828189192	-0.2312633201	-0.0954472032	-0.028001028	-0.106178865	0.0039701468	0.0445265828	-0.0725766599	-0.1010961441	-0.0587028719	-0.2233993146	0.1122001105	0.0538624804	-0.1252848753	0.1945844146	0.1122246522	-0.2081333845	0.0360090373	-0.0216836185	-0.0691787266	-0.0135111684	-0.0673706276	-0.0558875332	-0.1347687751	0.0075591614	0.1576155084	0.1667506095	-0.1710473805	0.1043707508	0.0449827821	0.1775467632	-0.1635557511	-0.1784482027	0.0749913064	-0.188055481	0.1516803133	0.0177078089	-0.063457872	-0.0508156151	0.1178006533	-0.122214	0.0255439999999999	0.0006524959359999	0.014936261796	-0.0803986	-0.0582581	0.00646393488196	0.00339400621561	0.0226677	-0.0051917	0.00051382462329	2.6953748890000005e-05	0.0196968	-9.95999999999983e-05	9.92015999999966e-09	0.00038796393024	0.0007156	9.62920000000001e-05	5.1208336e-07	9.272149264000021e-09	-0.00427155	0.0001520499999999	2.3119202499999977e-08	1.82461394025e-05	0.0	0.0	0.0	0.0	0.0	0.0
625.7437208572751	1.4578534541590216	391555.2041923074	2.12533669380339	874.7017492427904	2.33925625277925	765103.1501283973	5.472119816166821	599.9009090036901	1.6084751025478	359881.1006234537	2.5871921555161554	619.576442227111	540.9303498348258	1.222899	54.470627	0.3449024	0.173554	-0.0153125832	-0.1059944891	0.0003422083	0.1134309649	-0.0720087594	-0.097818713	0.126786585	-0.1268558784	-0.1219619252	-0.0237467945	-0.0406703166	0.0313919789	-0.0598048397	-0.1116118332	0.0335411678	-0.0626211753	0.2016886564	0.1150269022	-0.0577859526	0.0116742341	-0.085567129	0.029096746	0.1159370666	0.0128191384	0.0178476196	-0.0831333801	-0.0655472268	-0.0895658688	-0.0416932914	-0.0151236928	0.0596295429	0.0870348451	-0.0188757235	-0.1041754971	-0.0352417864	0.0080974566	0.1105666879	0.0476736268	0.0549589843	0.0274441657	0.1527517257	0.0479011275	0.0033655024	-0.0146374492	-0.0560138758	0.0432006869	-0.0502122152	-0.0311283981	0.0503215867	0.0765659385	0.0338236246	-0.0396670333	-0.1094031923	0.0590238058	-0.0679795156	-0.0816548512	-0.0234245703	0.0964131681	0.0975054295	0.0320488791	0.1169184694	-0.0180384516	0.0188755584	0.2075801632	0.054459601	-0.0134946907	-0.0078226284	0.0006343374	0.023595915	0.0184296386	0.0138199875	-0.0547616652	0.0726420159	-0.0167188362	0.0194898605	0.1151567896	-0.0831954684	-0.0878068683	0.0171716825	0.0121244223	-0.0089600802	0.0089923624	0.0907616782	0.0412019523	-0.1156812879	-0.0601347224	0.1983273199	0.0701171772	-0.0819853117	0.0304134982	-0.1291201822	0.0324590044	-0.0192042841	-0.0504964346	-0.0052130558	0.0627335836	-0.0509662614	0.1335002621	0.0521444328	0.1419878863	0.0019469991	-0.0839050886	0.0200089639	0.0753856868	-0.0523050309	0.0778238313	0.0245432941	0.0023464617	0.0230575993	-0.1131849447	0.0766954219	-0.0110901348	-0.0711761165	0.0554281895	0.0193773502	-0.1050436029	0.0799856591	0.0330244082	-0.1600573584	-0.1278496861	-0.0164884125	0.0197417747	0.0888025837	-0.0150716547	0.0322499188	0.0115189313	-0.0489143263	0.0638216713	0.1366277638	0.0331022331	-0.0611325984	0.0317324278	-0.0103170285	0.05116945	0.025728479	-0.1681732531	0.0838132742	-0.0764091169	-0.0362878599	-0.0461183904	-0.1730992535	0.0707324198	-0.0445658059	0.0843197621	0.0735690084	0.0845644539	-0.0244831671	-0.0154627521	0.1799038991	0.0098839227	-0.0077838255	-0.0674571167	0.0597572023	0.0674034483	-0.1725029965	-0.0482655487	0.1156984802	0.0654113236	-0.0882832571	-0.0961043142	0.0352618332	0.0923747914	-0.0590763364	0.0519863673	-0.0500354813	-0.0844484259	0.217005229	0.0422815428	0.0896284289	-0.0021843494	-0.0518436846	-0.1488423799	-0.0687125801	0.0629254955	-0.3435271761	-0.0656609137	-0.0460219099	0.1165858777	-0.181814	-0.0596	0.00355216	0.033056330596	-0.166865	-0.0864664	0.027843928225	0.00747643832896	0.128381	0.1057133	0.016481681161	0.0111753017968899	0.0187132	-0.0009836	9.674689600000022e-07	0.00035018385424	0.000546136	-0.000169464	2.9826453049600004e-07	2.8718047296000012e-08	-0.00498094	-0.0007093899999999	5.032341720999997e-07	2.48097632836e-05	0.0	0.0	0.0	0.0	0.0	0.0
623.811126609902	-1.9325942473731172	389140.3216823152	3.734920524979666	859.6535732771813	-15.048175965609062	739004.2660482262	226.4475998919342	598.8242816399556	-1.076627363734474	358590.5202816089	1.159126480341843	618.3797292526226	529.5221812924389	1.145387	51.018055	0.1976994	0.107414	-0.0029111286	-0.0221368457	-0.1464255901	0.1114131743	-0.0749670312	-0.0664262159	0.1666481643	-0.0023283356	0.1075987014	-0.0976345112	-0.0082989589	0.0452477631	0.036740506	-0.1372655302	-0.1343772829	0.0371646814	0.0602027653	-0.1338488738	-0.0523514821	0.0836765227	-0.0175111045	0.0027676977	-0.122778989	-0.1079593734	-0.0249576885	-0.0174834278	0.0233353836	-0.0390471399	0.0548286036	0.0950547087	0.0015551645	0.0997847376	-0.0140010592	0.0017864702	0.0056297635	0.0397737787	0.0278349109	0.1425317849	-0.0110358212	0.0732922825	0.0512225526	0.0441476039	-0.0590882839	0.0439020263	-0.0588488118	0.0275036805	0.0509713036	0.0408764069	0.0098968379	-0.0078033505	-0.0442682598	-0.0008239706	0.0478054221	0.0465878453	-0.0281919233	-0.1079523865	0.0832668938	-0.0337715723	-0.0383861473	0.0879640129	0.0543153256	-0.0512793447	-0.2014238206	0.1025718317	0.0002728568	-0.1147484497	0.1034047558	0.0807574118	-0.0631597375	-0.0323954228	-0.0287734606	-0.0597520171	-0.0445835449	0.1030374397	-0.0914417546	0.0166277596	0.0791271652	-0.0206421602	-0.0204800549	-0.0020283752	0.0248083135	8.67468e-05	0.1605629357	0.0037031951	0.0801467705	-0.0028047024	0.0487618345	-0.0266321278	0.1108534429	0.0725863095	0.0853917924	-0.018398121	0.1006871128	-0.0033341325	0.114856819	0.0421145484	-0.0265075725	0.0865164278	-0.0167087668	0.1158290649	0.0109940515	-0.0271155443	0.0016823439	0.1218412186	0.0398687184	-0.1047585832	-0.0044969522	0.0717566	0.0275041069	-0.0020920179	0.1207024618	0.0005527625	-0.1308921876	-0.1212824205	-0.0284002858	0.02175787	0.0745256606	-0.0204179771	0.0723913846	0.0212106965	0.023607163	0.049766916	0.0760297722	0.1501589799	0.0012265325	-0.0163994968	-0.0586068019	0.0272558108	-0.040906132	-0.054841715	-0.1057553409	0.0207046822	-0.057630426	0.0003837	0.0146372276	-0.0160939341	-0.0060083045	-0.0064335623	0.0937567677	-0.0422984813	-0.1152122674	-0.1094865736	-0.0542868815	0.0146333653	-0.068358366	-0.000135232	0.0288000625	-0.0498406941	-0.1090456348	0.0172627758	-0.0537149064	-0.0148988135	0.0541492804	0.0346145254	-0.1871719083	0.0614013116	-0.051320571	0.0040091788	-0.0800389777	-0.0792230503	0.0123912126	0.0802527029	-0.003681852	0.0129108412	-0.0261001121	-0.0812069321	0.1046238692	-0.0887505303	-0.0178048894	-0.1330847784	-0.0700159258	-0.0469251717	-0.1200119735	0.0718541092	-0.0079542024	-0.067831818	-0.0411381146	0.1148577065	-0.216754	-0.03494	0.0012208036	0.046982296516	-0.130943	0.035922	0.017146069249	0.001290390084	0.144224	0.0158429999999999	0.0208005621759999	0.0002510006489999	0.0170814	-0.0016317999999999	2.662771239999997e-06	0.00029177422596	0.000613454	6.731800000000002e-05	3.7632581011600003e-07	4.531713124000003e-09	-0.00550171	-0.00052077	2.7120139290000026e-07	3.02688129241e-05	0.0	0.0	0.0	0.0	0.0	0.0
624.1940001031337	0.3828734932317275	389618.14976475085	0.1465921118194656	876.6033004683127	16.949727191131387	768433.3463919389	287.2932518537787	598.9394137025124	0.1151320625567677	358728.4212863093	0.0132553918285754	618.9518515337027	542.2725871800104	1.072449	47.769245	0.1395854499999999	0.0731623	-0.0503601942	0.096750487	-0.0766337139	0.1244710222	0.0228958764	-0.034387191	0.1149176105	-0.1251663034	0.0071687826	-0.0067196465	0.1265368804	0.0796833085	-0.0199602703	-0.1054793795	-0.0523012276	0.0031283116	0.0638264451	-0.016361018	-0.0080668158	0.0372168528	0.163651551	0.0394157587	-0.0116919943	0.0454599776	-0.060346872	0.0565589592	-0.1863784717	-0.0873619015	0.0404931267	-0.032600168	0.152910536	0.0553186534	0.1651180048	0.083321138	-0.0197149229	0.0494312292	-0.0107623838	0.1165300035	0.0198551159	0.1225633643	0.0223392342	0.0012702271	-0.0499681498	-0.0015343162	-0.0293923291	0.0209591869	0.0921278927	0.0634752487	0.0486896345	0.0716065874	0.0162040989	-0.0632245285	0.0659328848	0.1022275927	0.0368696596	-0.0023934081	0.0121767914	0.0547209022	0.0962295288	0.024264138	0.1041771066	-0.047128744	-0.0475481225	-0.0151974983	0.0445170241	0.0287667131	0.1779193058	-0.033691027	0.0317413986	-0.0140027819	-0.042281755	-0.0967449718	-0.0320986963	0.0056603305	-0.0108660261	-0.0432409132	-0.0761264837	-0.1334711239	0.0287271421	-0.0100815833	0.0760198691	0.0235873027	0.0106359336	-0.0344006438	-0.0764961375	-0.0162550157	-0.1322515403	0.1006848736	0.0057144419	-0.0177668337	-0.1532745148	-0.06766679	-0.0265198491	-0.0305515235	0.0873552798	-0.0577236348	0.0793474169	0.0491615094	-0.0249017293	0.1351497252	-0.0564452361	-0.0840374986	-0.0180573339	0.0342249768	0.0513867721	-0.0056118569	-0.0106451112	0.1120634279	0.0431288539	-0.0932151972	0.1646896617	0.0257073945	-0.0834523508	-0.0320362637	-0.0513021298	-0.0174497732	-0.0920790627	0.0039050468	-0.0422094434	-0.0568194376	-0.0368499086	0.043940373	0.0577422486	0.0123262096	0.0251445033	-0.0272370113	-0.1005328343	0.0363584276	-0.0197116926	-0.0305105775	0.0001608749	0.1096122638	0.0406387522	-0.1449800212	0.0047138742	-0.0096540245	0.1191019946	0.0442591813	0.0371712755	0.0115027446	0.058009696	0.0212742496	0.0787717607	-0.1839695041	-0.0465458026	0.0433565945	0.0203735418	-0.0552256103	0.073542533	-0.0469388819	0.0463584527	0.0623457215	0.0223941149	0.0054118079	-0.1693894482	0.0976461701	0.0154634447	-0.0039383975	-0.0216474009	-0.1043954076	-0.0232396715	0.0835380977	0.0481238145	-0.1084404307	0.0694988302	-0.052454703	0.0935513111	0.0234838783	0.0437919617	-0.0738229862	0.1217460297	-0.0421024696	-0.0359746797	0.0635278602	-0.0844188924	-0.0699695221	-0.0361737896	0.11262375	-0.251908	-0.035154	0.001235803716	0.063457640464	-0.139874	-0.0089309999999999	0.0195647358759999	7.97627609999999e-05	0.137441	-0.0067829999999999	0.018890028481	4.600908899999978e-05	0.0160781	-0.0010032999999999	1.0066108899999972e-06	0.00025850529961	0.000401015	-0.000212439	1.60813030225e-07	4.5130328721000016e-08	-0.00606032	-0.00055861	3.120451321000002e-07	3.67274785024e-05	0.0	0.0	0.0	0.0	0.0	0.0
622.8517166584037	-1.3422834447300147	387944.2609443204	1.8017248459962745	877.3968728569182	0.7935723886055257	769825.2724990991	0.6297571359570795	598.8135123589029	-0.1259013436094846	358577.622583606	0.0158511483226735	619.1187276196123	541.7991621752362	1.092524	48.663422	0.0728194999999998	0.0346696	-0.0708938313	0.0434646982	0.0810947878	0.0956595242	0.0286112028	-0.001230531	0.1443765447	-0.0214639402	0.0808655926	0.101999382	0.0584207346	-0.0245120851	0.0018704925	-0.1324295973	0.0120837518	0.0893350777	0.0910792766	-0.008483404	0.0112963013	0.0197429717	0.0161219867	0.1897285041	-0.0376301518	0.0228719316	-0.0109372348	-0.0168531591	-0.1802001178	-0.107171962	0.0420914645	-0.03313759	0.0626605205	-0.0430095387	0.0972903137	-0.0919993637	-0.019352891	0.0328753913	-0.0405653169	0.0074361863	-0.0227209253	0.1145411736	-0.0841869118	0.1175114464	-0.0534319205	-0.0517977905	-0.034833205	0.0227563874	-0.000830061	0.0430571452	-0.0133994775	0.0391253964	0.0095073107	0.0508382362	0.0146044813	-0.0122423775	-0.0615636519	-0.0369351028	0.0355436177	-0.0435606453	0.018954555	0.0062801136	0.0394056074	-0.0477080748	-0.1548715254	0.0205435995	-0.0498157728	0.0052432193	-0.0274184033	-0.0158285538	0.0415865228	-0.0026292388	-0.0285690066	0.0081960242	-0.0489254968	0.0015709026	-0.0345314266	-0.0305873887	0.0749750796	0.0176436549	0.0049590096	0.0384239129	-0.0165290515	0.0335279394	-0.0348338282	-0.0109493485	-0.0548920422	-0.0514371547	0.0506896488	0.1004290715	0.0279935663	0.0027676719	-0.0436250123	0.065765771	-0.0659151991	-0.0161328751	-0.0307818148	-0.0968766445	0.0900277631	-0.0042003987	-0.0307790729	0.0752807667	0.0895055482	0.009288084	-0.0125136083	0.1096259539	0.0097825328	0.0159849605	-0.0049039119	0.0151452327	0.0555247163	-0.0421164684	0.0651899104	0.0120787469	-0.0286037794	0.0260665257	-0.0086238229	-0.0162999052	0.0391099354	-0.0639544214	0.0727564642	0.0088672258	0.0524021103	0.0116002467	0.0261194525	0.0573013541	0.0238515282	-0.0034926218	0.0414462723	-0.0398203734	-0.0043172516	-0.0539458227	-0.0411604148	-0.05464747	-0.038014436	-0.0581483815	-0.0639335488	0.1794331264	-0.0759894833	-0.03617751	-0.0274397611	-0.0624042779	-0.0308124507	0.0233875608	0.0394126034	-0.0656866064	-0.1290573556	0.0811365408	-0.0578995385	-0.0095296024	0.1436516897	0.040641985	0.0756583602	0.0641001739	0.0181381718	-0.002532463	-0.1214038907	0.0876840836	0.0551072562	-0.0877483887	-0.0758841895	-0.0354393671	-0.0552926958	-0.0241831765	-0.0270135848	-0.0557089773	-0.0841893158	-0.1347667622	0.1193353516	-0.1307010572	-0.0477429268	0.0990945474	0.0730381628	-0.1144859702	0.0159224535	0.0196596179	-0.0539449642	-0.0720729799	-0.0311386526	0.1098938456	-0.262097	-0.010189	0.000103815721	0.068694837409	-0.154582	-0.0147079999999999	0.0238955947239999	0.0002163252639999	0.147431	0.0099899999999999	0.021735899761	9.980009999999998e-05	0.0162235	0.0001453999999999	2.1141159999999105e-08	0.0002632019522499	0.000548895	0.0001478799999999	3.01285721025e-07	2.1868494399999996e-08	-0.00652569	-0.0004653699999999	2.1656923689999969e-07	4.25846299761e-05	0.0	0.0	0.0	0.0	0.0	0.0
622.8523542085966	0.0006375501928914	387945.0551431911	4.0647024845594726e-07	876.5667018493557	-0.8301710075625124	768369.1827910573	0.689183901797357	599.904274574895	1.090762215992072	359885.138653231	1.1897622118359357	620.2419507979874	539.0167140661778	1.029957	45.876545	0.0905179499999999	0.0546239	-0.0627577531	-0.0362611786	0.0582279284	0.0156150854	0.0219216939	-0.0260494686	0.1273215376	-0.1013417909	0.0474683956	0.0836184958	-0.0324940147	0.0257178157	0.028587496	0.0096619336	-0.0595208216	0.0589561902	0.0822642414	0.0846506032	0.052085249	0.1453797964	-0.0833178946	-0.0194250018	-0.0006000878	0.0483269439	-0.0308448867	0.0039023812	-0.1354226847	-0.0843793341	0.0440632974	0.1616115454	0.2162693648	0.0253377241	-0.0704288417	-0.0574795254	-0.0687379463	0.0111441935	-0.0623066974	-0.0472166742	0.0416695818	0.1165362135	-0.0033627993	0.0782361264	0.0118948262	-0.0519446596	-0.1143050882	0.0851747768	0.0139904217	-0.0023131201	-0.0804097318	0.0985861056	0.057914492	0.0077004815	0.0275044118	0.0397344694	-0.033556758	0.0386289434	0.0574529712	-0.0162169062	-0.0008653992	-0.0232386501	0.03305322	-0.047445508	-0.0361774348	0.0506778931	0.0613056198	0.0515295828	0.0101220736	-0.0126171542	0.0841074501	-0.0359668068	-0.0365620787	-0.0156076365	-0.0450073019	0.0544591859	0.0291107737	-0.0933168026	-0.1145561693	0.0449987829	0.0262255887	-0.0178719869	-0.0280073766	-0.0348140926	-0.0669690969	0.0727670929	-0.0790921332	0.0485072953	0.0083230561	-0.0553189911	0.0628581802	-0.2194271203	0.0878842447	0.0494498595	-0.0159901638	-0.0659983885	-0.0593020331	-0.0578643907	0.0086609173	-0.0342733225	0.0408340943	0.0891601613	0.063548199	-0.0421845212	-0.0872692484	0.1454221209	-0.0254976381	-0.0117706328	0.0373996146	0.0313405667	0.0795863407	-0.0063921911	0.0413453822	0.0261166006	-0.0094555603	0.0517589578	-0.0072503289	0.0317321507	-0.0237736478	-0.0669605533	-0.0492170047	-0.1005922134	0.0217096816	-0.0116862076	0.0413627356	0.0790563933	-0.0654950798	0.0638268887	0.0340280946	-0.0420870828	0.0695916856	-0.0609097555	0.0198114359	-0.0601308797	-0.018848923	-0.0199151991	0.000290019	0.0049786805	0.054345387	0.028489496	-0.028471082	-0.0056983745	0.0845534999	0.0140917695	0.0838797099	0.0853036983	-0.0871818258	0.0574869424	-0.0706302045	0.1086452665	-0.0063500661	-0.163298726	-0.0436560584	0.0894250666	-0.0168020692	0.0030891863	-0.110167882	0.0852810562	0.0905944189	-0.043611841	-0.0725306385	-0.0749898236	0.0103223301	0.0211177566	0.0654763604	-0.0213412267	0.012179968	-0.0865241582	0.0177308005	-0.120725837	-0.2103563578	-0.0153249407	0.0979418773	-0.04869068	0.0106754679	-0.0127739509	-0.0388195518	-0.0741411618	-0.0260425603	0.1066800145	-0.255878	0.006219	3.867596100000037e-05	0.065473550884	-0.133241	0.021341	0.017753164081	0.000455438281	0.153798	0.0063669999999999	0.0236538248039999	4.053868899999979e-05	0.0152943	-0.0009291999999999	8.634126399999965e-07	0.00023391561249	0.000693404	0.000144509	4.80809107216e-07	2.0882851081000005e-08	-0.0065838	-5.8110000000000106e-05	3.376772100000012e-09	4.334642244e-05	0.0	0.0	0.0	0.0	0.0	0.0
621.8334113475387	-1.0189428610578943	386676.79146811727	1.0382445541008474	865.5807426146062	-10.985959234749544	749230.0219852531	120.69130030757876	599.6898103165506	-0.2144642583443783	359627.86859750043	0.0459949181072042	619.3807748511861	529.152720995205	1.015212	45.219784	0.1181692499999999	0.0580223	-0.033265306	-0.1023470129	-0.0110795227	-0.0184382873	-0.0291261314	-0.0789696905	0.0987654357	-0.0880517776	-0.0735433353	-0.0112466481	-0.0873037504	0.027579743	0.0247188481	0.0315812479	-0.0537664348	0.0416869946	0.1049701641	0.0408012389	-0.0412289711	0.0545292303	0.0214714525	0.1140613303	-0.0473823139	-0.0045338736	-0.1603884632	0.0210693384	-0.1065123309	-0.0882040822	-0.0423106959	-0.0308882602	-0.0662864966	-0.0789166597	0.0675497196	-0.0363844545	-0.0640719078	0.0145813616	-0.0351418093	-0.0421475283	0.107396625	-0.0044769817	0.095352105	0.0155738045	-0.0440767899	-0.0456716906	-0.0871831973	0.082065558	-0.022244315	0.0765340011	-0.0149069992	0.1173408716	-0.0171564519	0.0454120991	0.036032684	0.0973848975	0.0266826729	-0.0291513361	-0.0982398157	-0.0089308927	0.0379190088	0.0615611575	-0.0085273142	-0.0250104389	-0.0460272746	0.0202832088	0.0752556753	-0.0320893021	-0.027897694	0.0889602101	-0.0012582603	-0.0242144181	0.0354549979	0.0356958286	-0.0467360771	0.0328275275	0.0948923917	-0.1356133281	0.0435097212	-0.0569244926	-0.0031475975	-0.081258147	0.1127321646	0.013669595	-0.0328459797	0.0714183735	-0.0367832912	-0.0477402386	0.0345586584	-0.0066029187	0.0093311749	-0.0451556782	0.0593643168	0.0406860483	-0.0627151811	-0.0577387611	-0.0391701715	-0.0064970668	-0.1122862864	-0.0608572447	0.0139028261	0.0730448169	0.0336916565	-0.036842206	-0.0030921634	0.1495358577	-0.0204436021	0.1000205653	0.0195272178	0.021630895	0.0654549177	-0.1158096289	0.0370821444	0.0213084596	0.0238212112	-0.0269654621	0.0343074539	0.040349623	-0.0843274744	-0.1005560108	-0.091769763	0.0471304034	0.0150011974	-0.082523877	-0.011565938	0.0017799968	-0.0405625853	-0.0502986626	-0.0281525153	0.028142585	0.059797019	-0.004787855	-0.0308902696	-0.0821260875	-0.0604256956	0.0622848938	0.0855810474	0.0787049122	0.0011176917	-0.0061718903	-0.0029542837	-0.1794751797	0.0305111135	0.138644878	0.0157235215	-0.0504322818	-0.1001155499	0.0747934249	-0.1443327549	-0.0237027668	0.0926237753	-0.0890449761	-0.0091776958	0.0894582452	-0.0134951256	-0.0185057016	-0.080038667	0.0703162624	0.0516692517	-0.0243910946	-0.155454103	-0.0843148646	0.0864652154	0.0227917631	0.0374201034	-0.0587652862	-0.0642311997	-0.0649226236	0.0241854201	0.0111141771	-0.1298005156	0.1181803037	0.0168614389	0.0872360701	-0.0056107058	0.084131739	-0.0429960993	-0.0761730556	-0.0208954884	0.1029964092	-0.281599	-0.0257209999999999	0.0006615698409999	0.079297996801	-0.176872	-0.043631	0.031283704384	0.001903664161	0.17178	0.0179819999999999	0.0295083683999999	0.0003233523239999	0.0155886	0.0002942999999999	8.661248999999947e-08	0.0002430044499599	0.000666259	-2.714500000000001e-05	4.43901055081e-07	7.368510250000005e-10	-0.00687906	-0.00029526	8.717846760000018e-08	4.73214664836e-05	0.0	0.0	0.0	0.0	0.0	0.0
621.4256217769414	-0.4077895705972878	386169.8034008583	0.1662923338879204	865.9821447029516	0.401402088345435	749925.0749443237	0.1611236365280764	599.8895956538561	0.1997853373054567	359867.5269737469	0.0399141810022551	619.5583101779836	530.750131407227	0.991467	44.162098	0.105945	0.0487658	-0.0347107309	-0.071298247	-0.0406844889	-0.0331685166	-0.016190148	-0.080260172	0.0910237828	0.0047404151	-0.0263109547	-0.0213783719	-0.0829923998	0.0649188802	0.0493024629	-0.006536764	-0.0807137596	0.0951018363	-0.0383435611	-0.0289340407	0.0063592524	0.1589643823	-0.0297365243	-0.0229332061	0.0546925748	0.0201119538	-0.1015658016	-0.0543725318	-0.0937056368	0.0182386895	0.009773955	0.0578123651	-0.01710212	-0.0566319526	-0.0995048852	-0.1139535075	-0.0745964537	0.0231989921	-0.0554218187	0.0034598588	0.092391451	0.0309741109	0.0908780622	0.0300752348	-0.040724037	-0.1099214147	0.0159009954	0.0209447727	-0.0226907661	-0.0529774653	0.0116411028	0.1394167715	0.0117436435	0.0439088095	0.0817507829	-0.0396577304	-0.0074436798	0.029680112	0.005153853	-0.0665344009	0.0072799826	0.0100304946	-0.0938772163	0.0765994812	0.0369995597	0.0021889269	0.0192915763	-0.0327933358	-0.03784666	0.1211790194	0.0105056795	-0.1148443592	0.0328754421	-0.0367638438	-0.091398242	0.0491258613	0.066730665	-0.0430448694	-0.0057343374	-0.0193870269	-0.0702935234	-0.0348553951	-0.0338420366	0.0366189497	-0.0298527956	-0.0123618367	-0.0519506507	0.0329978953	0.0076177262	0.0244291233	0.0096991952	-0.0112457838	-0.0139639015	-0.0268653319	-0.0219121458	-0.070119581	0.0224010072	0.0029344173	-0.082745027	-0.0389205627	0.0505387464	0.0774253931	0.0272506374	-0.0964684165	0.0468053292	0.152188129	-0.0362786959	0.0450789295	0.039280227	-0.083774392	-0.0350655358	-0.0369571673	-0.0507494766	0.0483220382	0.0032739539	0.0321443274	0.0120934017	0.0522704056	-0.0495713087	-0.1189632247	0.0028260428	-0.0203113148	0.025847829	-0.0566212092	-0.0389500824	0.0769222779	0.0595540488	0.0835653569	-0.0933140462	-0.0563841128	0.0200821355	0.0885079699	-0.0536859466	-0.0238397546	-0.0438064366	0.0020999796	0.0228050702	0.0034631461	-0.084420346	0.0068983369	0.0218971792	-0.0433796728	0.1061287322	-0.0283307946	-0.0152274079	0.011073936	-0.0155089767	-0.0226649281	-0.0043902465	-0.0144148184	-0.0140945219	-0.0222331518	0.0392564546	0.0836496261	-0.0455812727	-0.0074716034	-0.0605975893	0.061583869	0.0575951783	0.0308512624	-0.0843751616	-0.1245719219	0.0461849686	0.0739026261	-0.0222428692	-0.01408987	-0.0437936185	0.0540938792	0.0359431968	0.0011296041	-0.0518098418	0.0526484636	0.0183937226	0.0794716413	-0.0555352662	-0.0106202349	-0.0283275268	-0.0781676667	-0.0157075127	0.0988592507	-0.27337	0.0082289999999999	6.771644099999977e-05	0.0747311569	-0.214112	-0.0372399999999999	0.045843948544	0.0013868175999999	0.198352	0.026572	0.039343515904	0.000706071184	0.0159271	0.0003385	1.1458225000000019e-07	0.00025367251441	0.000833479	0.00016722	6.946872434410001e-07	2.7962528400000012e-08	-0.0067067	0.0001723599999999	2.970796959999996e-08	4.4979824890000006e-05	0.0	0.0	0.0	0.0	0.0	0.0
620.6078551322327	-0.8177666447087404	385154.1098518303	0.6687422851981912	871.372457637884	5.390312934932467	759289.959929886	29.05547353650027	599.5681002163668	-0.3214954374892613	359481.9067970633	0.1033593163264115	619.4960647470452	519.9141837700224	1.009674	44.973103	0.0658713	0.0355657	-0.0241929089	-0.0368052559	-0.1456127209	-0.0593824155	-0.0283550884	-0.0532989749	0.0696805835	0.0105909463	-0.0187040949	-0.1246057775	0.0067175807	0.1207487201	-0.0331760861	0.1362000912	-0.030229256	0.0003344	0.1518721738	-0.0461546927	0.0356137362	0.0858549164	-0.0900278085	-0.0051768594	-0.0381172028	-6.8614e-05	-0.0502165041	-0.0441724147	0.0346212855	-0.0736520319	0.0104794181	0.1311029763	0.0118342111	-0.0853519991	0.0260989838	0.0352275397	-0.0463974415	0.0475587009	-0.0807016895	0.0105540723	0.0016461725	-0.0491822087	0.0798462579	0.0529493557	-0.006845425	-0.0375742295	-0.0084271078	0.0579246173	-0.0428678242	-0.0048697948	-0.0126282163	0.0995722031	-0.0074634876	0.0540094905	-0.0216369213	-0.0412297376	0.0037952019	0.0633345436	0.0134039211	-0.0770057603	-0.0766045152	-0.0531475022	-0.0462543385	0.010358624	-0.0437886633	-0.0284101979	0.0258274851	-0.0653634994	-0.0006884082	0.0630618068	0.0321363634	0.06834072	0.0022297405	0.0325068712	-0.2116206138	0.0659776125	0.0079580963	0.0340236634	0.0761927546	0.0651907647	-0.0090177147	0.0223791472	-0.0501457033	-0.0410799498	-0.0920717148	-0.0341601056	-0.0075371005	-0.1405783923	-0.0015703288	-0.0451268637	-0.0327081603	0.0490334088	0.0813507131	-0.074113232	0.0063443	-0.0520828005	0.1140315691	0.0133603365	-0.0876779664	-0.0437928304	0.0510124056	0.0361542691	0.0768294912	0.0032811669	0.0325656221	0.1006004055	0.0149644407	0.0366677752	0.0416685956	-0.014101802	0.0232682922	-0.0287711044	-0.0362967236	0.0647736215	0.0197026084	0.0559819424	0.0263511191	0.0190062722	-0.0353727972	0.025350628	0.1054097991	0.1085019002	0.0272480229	0.0837608467	-0.0091877086	0.1020712124	0.025944109	0.040302977	0.0476881988	-0.0977157982	-0.0225179652	0.0607934629	0.0104669645	-0.043990343	-0.1133225663	-0.0387465367	0.0518512443	0.0470335114	-0.0990412789	0.0715473962	-0.0413536978	-0.0773056738	0.0537341133	0.0569262392	-0.0555167842	0.0041968832	0.0281606636	-0.0164437309	0.1342311349	-0.0087047793	0.0418738176	-0.0771537633	-0.0342604527	0.0910681465	-0.0200255478	-0.0012262572	-0.0579135065	0.0647367408	-0.0097637155	0.0136354173	-0.0662793533	-0.1173923123	0.0277961385	0.0759627464	-0.0688182269	0.0684747613	-0.1624149522	0.0673628357	-0.0012551099	-0.0746706977	-0.0718033505	0.0380071076	0.0274754385	0.0043932175	-0.0244442772	-0.124101925	0.0325789644	-0.080124019	-0.0104887887	0.0942867573	-0.26973	0.0036399999999999	1.324959999999983e-05	0.0727542729	-0.237632	-0.02352	0.056468967424	0.0005531904	0.191748	-0.0066039999999999	0.036767295504	4.361281599999998e-05	0.016376	0.0004489	2.0151121000000186e-07	0.000268173376	0.0008417849999999	8.305999999899953e-06	7.086019862248316e-07	6.898963599833802e-11	-0.00689164	-0.0001849399999999	3.4202803599999916e-08	4.74947018896e-05	0.0	0.0	0.0	0.0	0.0	0.0
619.8866685874979	-0.7211865447347918	384259.4818925064	0.5201100323065079	864.7189009888438	-6.653556649040297	747738.7777273537	44.269816081988346	599.4612576841863	-0.1068425321805079	359353.79946430644	0.0114153266827428	619.6300786200896	526.1616869948318	0.977036	43.519348	0.1239099	0.0611005	-0.0331137226	0.0266526839	-0.1268374556	-0.0441144082	0.0239982737	-0.0336308639	0.0447620533	0.0405374491	0.0770490546	-0.0992698487	0.0440019794	0.0615848099	0.0166914663	-0.0269689104	-0.0551853036	0.1073873126	-0.0622401253	-0.0608215545	0.0063140513	0.0319080561	0.032358938	0.059580781	-0.0799781756	-0.0386908759	0.1039335741	-0.0488848894	0.0144392216	-0.0707048162	0.052950653	-0.0362972216	0.0033814959	0.0736330467	0.0341203698	-0.0725061199	-0.0596955041	0.0333908954	-0.0798689729	0.0682918936	-0.0155355853	-0.0044978685	0.0870195658	-0.0078437252	0.0076410708	-0.0052031633	0.0081666336	0.0281751503	-0.0455256268	0.0660304558	-0.0131882982	-0.0239187858	-0.0939463459	-0.0325196775	0.0779516606	-0.0308408326	0.0415016382	-0.0031155073	0.0034713832	-0.0122487055	-0.0076198135	-0.0178070313	-0.0517926792	-0.0003018291	0.0049751935	0.0544980404	-0.0733919876	-0.0935647528	0.0718817389	0.1155570881	-0.0333884098	0.0993479984	-0.0983412802	0.1040894376	0.0027723118	-0.0827292719	0.0697780769	0.0406626797	-0.0712702707	0.0106525881	-0.0615875416	0.0787436701	-0.0579137168	-0.0702666257	-0.071183968	-0.012927394	0.0700176438	-0.0861068241	0.0243844374	-0.0684688092	0.0534358151	-0.0103036376	-0.0894388428	-0.0598215765	-0.0035022609	-0.0537975333	0.125735028	0.0065784332	-0.0365110285	-0.0345345799	0.0453200956	0.010622486	0.026067422	-0.0368680053	0.0072776336	0.0217612503	0.1194554264	0.0025189686	0.0469179095	-0.0170918119	0.0295828303	-0.0152733566	-0.033053139	0.0360134414	-0.0766307643	-0.0653570436	0.0203449838	0.0355982522	0.031434898	-0.0250767691	0.1071894237	0.102088631	-0.1049823704	-0.0066084723	0.0597725464	-0.0139961652	0.0593934284	-0.0494120658	-0.0252142263	-0.0652820917	-0.0565358064	0.0860052882	0.0533236541	-0.0864234768	0.067005366	-0.0430727042	-0.1030595553	0.0418991052	0.0408521369	0.0235709604	-0.0502290061	-0.0965319862	0.0504249465	-0.0141509332	-0.0973546861	0.0275868561	-0.0035805062	0.0167157811	0.0214722918	0.0992382118	-0.0362186515	-0.0955586598	-0.1533216787	0.084052143	-0.0617876267	0.0199850235	-0.045626298	0.0849175104	-0.0267806904	-0.002098564	-0.0095442098	-0.0928636251	0.0117857201	0.06176527	-0.0242500257	0.0227319733	-0.0842729864	0.0969205057	-0.0200983977	-0.0702655928	-0.017677331	0.0555710581	0.104790713	0.0190290691	-0.0591575434	-0.0924357174	0.0580255257	-0.0820411548	-0.0052495325	0.0892990645	-0.254155	0.015575	0.000242580625	0.064594764025	-0.209493	0.0281389999999999	0.043887317049	0.0007918033209999	0.216765	0.025017	0.046987065225	0.000625850289	0.0156558	-0.0007202	5.18688040000001e-07	0.00024510407364	0.000965743	0.0001239580000001	9.32659542049e-07	1.53655857640248e-08	-0.00663222	0.0002594199999999	6.72987363999999e-08	4.39863421284e-05	0.0	0.0	0.0	0.0	0.0	0.0
619.645050346705	-0.2416182407928317	383959.9884191706	0.0583793742838228	873.8627406872032	9.143839698359445	763636.0895613502	83.60980442929412	598.8253260332946	-0.6359316508917345	358591.77109888155	0.4044090646058869	618.8240404316856	523.9918745807353	0.980961	43.694149	0.1461453499999997	0.0658884	-0.0390051245	0.0974315403	-0.142946967	-0.0276497507	0.0412068794	-0.0327101767	-0.0531886457	-0.0155857882	0.0801236618	-0.084137255	0.1327891711	0.0501660501	-0.0167245397	0.1033456547	0.0454149944	-0.0556080805	-0.0744398335	0.0359779208	0.000255918	0.0567206244	0.1048803779	-0.0491749812	-0.112404922	-0.0566893217	-0.0106096023	-0.0312909621	-0.0832380241	-0.0241040494	0.0850442678	0.0198264199	0.0933247846	-0.1025227446	-0.0700142224	0.0258589099	-0.0153917737	0.0373025475	-0.1008329715	0.0868150543	-0.0019012318	0.0090136519	0.0524353398	0.0410489414	-0.0180464795	-0.0294980479	0.0050578904	0.0177956476	-0.0580472508	0.0369230095	-0.0058834172	-0.0283058227	0.0012520285	0.0055224626	-0.0289110389	-0.0291423975	0.0361831889	-0.022424933	-0.003079349	-0.0918304607	0.0041713901	0.0339018729	-0.0384004611	-0.0334836679	-0.1192255736	-0.0279556285	-0.0383089788	0.0033671093	-0.0749155233	0.0692577287	0.0826216979	-0.0388847977	-0.0319419621	0.0648613495	-0.0433126566	0.0411264463	-0.0444074409	-0.0329601006	-0.025153722	0.0140669119	-0.0793208304	0.0057675781	-0.0209092882	-0.0732590421	-0.0039238632	0.0210802756	-0.0796218067	-0.091245262	0.0669340894	-0.0806291323	0.0354103709	0.0225503325	-0.0023539671	-0.0209082178	0.0784567624	-0.0200227506	0.1473088537	-0.0078436436	0.0410386909	-0.0390855325	0.0200290807	0.0420421345	0.0006389694	-0.0128960988	0.055504838	-0.0257285651	0.0535155938	-0.0123644124	0.0133054928	-0.0270930532	0.0754997346	-0.0199298314	0.0242339103	-0.0241623262	0.0204884937	-0.0384067947	-0.0087014804	0.0203383902	-0.0082279942	-0.0194486949	-0.0062174682	-0.0093781343	0.0631831184	-0.04367413	0.0075578014	0.1422513901	0.005073748	0.0112801502	0.0039074623	-0.074749803	0.0033114684	0.0029088733	0.0461055914	-0.0983238524	0.0156423623	-0.0461837001	-0.0370126571	0.0555458428	-0.0056893274	0.0272460143	-0.0161809867	-0.0630492324	0.0030992003	-0.0206870196	-0.1052587171	0.0933903369	0.0040444092	0.0509089644	0.0263808233	-0.053759654	0.025085153	-0.1061539538	-0.0749337817	0.0756791965	-0.0446698239	0.0032165695	-0.0270084972	0.0881848014	-0.0459518216	0.0072485989	-0.005285714	-0.1126239941	-0.0426096514	0.0630147257	-0.0756072226	0.0027090989	-0.1100053203	0.1087456585	0.0397708782	-0.0365974283	0.0694102084	0.0257129848	0.0751188966	0.0442305198	0.0103641683	-0.1266575329	0.1397173011	-0.0839181358	-0.0	0.0839181358	-0.267769	-0.0136139999999999	0.0001853409959999	0.071700237361	-0.251081	-0.0415879999999999	0.063041668561	0.0017295617439999	0.241191	0.0244259999999999	0.0581730984809999	0.0005966294759999	0.0165308	0.0008749999999999	7.656249999999953e-07	0.0002732673486399	0.00112818	0.0001624369999999	1.2727901123999997e-06	2.6385778968999962e-08	-0.00692513	-0.0002929099999999	8.579626809999973e-08	4.79574255169e-05	0.0	0.0	0.0	0.0	0.0	0.0
620.2545785181089	0.6095281714038947	384715.74217267695	0.3715245917349756	874.7141349513602	0.8513942641569656	765124.8178837063	0.724872193039381	598.6770850614846	-0.1482409718099688	358414.25217771606	0.0219753857231639	618.5732761199879	529.0200448845445	0.979853	43.644821	0.1118219999999998	0.0572263	-0.0599154747	0.124087917	-0.0490524575	0.0100218296	0.0909282038	-0.0386853412	-0.0472178226	-0.062875535	-0.0123263657	0.0212771147	0.156467866	0.0261050144	0.0214466578	-0.0265159141	0.0561661508	0.002279826	-0.0578394918	0.035122914	-0.0766679559	0.0242062216	-0.0979394582	-0.0166375878	-0.0119175605	0.0755992105	-0.0356525104	-0.0764111911	-0.0068162017	-0.0610577887	-0.1051551767	-0.0493128172	-0.0293961608	0.0788913825	0.0253658604	0.0403604168	-0.0443293946	0.0200006923	-0.1007071893	0.0058852459	-0.0401289301	0.0661059896	-0.0218632729	-0.0182700751	0.0047713119	-0.0674289141	-0.0560198261	0.0031952928	-0.0025026765	0.0036737921	-0.0548568546	-0.0276678332	-0.0565720218	-0.0549538617	0.052583364	-0.0042066253	0.0322819506	-0.0132194733	-0.0982616532	0.060555631	0.0343198859	-0.0289785111	-0.021834988	0.0016061772	0.026462013	-0.0226822699	0.0484311656	-0.0468362656	-0.0627965789	-0.0556483816	0.1265520371	0.0783505371	-0.0353256869	0.0216409738	-0.0421170506	0.0184391651	0.1215607324	0.0528214337	0.0511578417	-0.0091027639	-0.0727437184	0.1142991025	-0.0823890912	-0.1197929461	-0.0384069912	0.0431697845	0.0718741487	0.008264429	-0.0702526035	-0.0933222864	0.0647466044	0.0403580624	0.0243549954	0.027332692	0.061925334	-0.0400996931	0.0697857691	-0.0529725151	0.1198169952	-0.0446341013	0.0461929066	0.0010325063	-0.0013044976	-0.0171725014	-0.0058369339	0.0139454452	0.0478237949	0.0424442537	-0.0337568145	-0.0259174577	0.0235539583	-0.01408769	-0.0025500112	0.01250394	0.0066384262	-0.0625683541	0.0716672793	-0.0377393303	-0.0592816447	-0.0279954656	-0.0109457866	0.0267996126	-0.0208626639	0.0075898206	-0.0703847115	-0.0150932952	0.002488149	-0.0088431023	0.0332131181	-0.086026619	0.1086614457	0.1428786107	0.1106263995	0.057145062	0.0132956351	0.0116514597	-0.0845208128	-0.015085603	-0.0569457171	-0.0061260735	-0.0573311109	-0.0099373439	0.0372995611	0.0468629042	-0.0329169806	0.0206295224	-0.0672943528	-0.0600194254	-0.0012153093	-0.0005580489	-0.0789926742	-0.0271339569	-0.0815729823	0.0613630901	-0.0881249431	0.032532323	-0.0148542513	0.0827959248	0.0003382842	-0.0208738545	0.0240523555	-0.0920572177	-0.0586282595	0.0080897462	-0.0724285102	-0.0424622935	-0.0788184249	0.1031820986	0.0046096442	-0.0917890089	0.0083746411	0.0730170687	0.0294197462	0.0032807721	-0.011425457	-0.0904680723	0.1370810638	-0.0857540434	0.0052495325	0.0781676667	-0.248925	0.0188439999999999	0.0003550963359999	0.061963655625	-0.240118	0.010963	0.057656653924	0.000120187369	0.265595	0.024404	0.070540704025	0.000595555216	0.0158616	-0.0006691999999999	4.478286399999977e-07	0.00025159035456	0.00103346	-9.471999999999996e-05	1.0680395716e-06	8.971878399999992e-09	-0.00653683	0.0003882999999999	1.5077688999999958e-07	4.27301464489e-05	0.0	0.0	0.0	0.0	0.0	0.0
620.6900414498588	0.4354629317498393	385256.1275550274	0.1896279649281652	883.2912874159767	8.577152464616574	780203.4984249736	73.56754440127818	598.9363187986912	0.259233737206614	358724.7139761275	0.0672021305061078	619.0693458512944	541.8789579933693	0.982585	43.76651	0.1246046	0.0656331	-0.0749184367	0.1215781049	0.0346436121	0.0365080565	0.0889832448	-0.0303689643	0.0716485524	-0.0414138501	-0.1063803547	0.0813398401	0.1406664062	-0.0076748077	-0.0066455777	0.020902833	0.0333569708	-0.0129446668	0.025607212	-0.0704805964	-0.0589005499	0.0836778206	-0.1099427825	0.0183542444	0.0371518115	-0.0078942442	-0.1096158543	-0.1162467029	0.0209996549	0.0056409558	-0.0126225815	0.0099584707	-0.0766622519	-0.0023431138	-0.0284397784	-0.2289637178	-0.0250821918	0.0576174009	-0.0145713957	0.086371428	0.06484859	0.1305564469	0.0459866634	0.0242497503	-0.0543851124	-0.0720598942	0.0887690846	-0.0390435623	-0.0797822735	-0.019755602	-0.0872490928	0.0350766868	-0.0076383938	-0.0624126202	0.0646655581	-0.0020433613	-0.114257195	-0.0066631034	0.0246870613	-0.0802167995	0.0297585967	-0.0148250948	-0.077129303	0.0027137253	0.0177881885	0.0204893249	-0.0223411803	-0.0630882223	-0.0795846673	0.041162216	0.0259515069	-0.1166888926	0.003848912	-0.0489302927	0.0120703339	0.0817122744	0.0166277405	0.0166272172	-0.0209565739	0.0817327284	0.0103864045	0.0560161682	0.0915831854	-0.0181537098	-0.0103067603	0.0203502208	-0.0164093933	-0.0486214971	-0.0799562079	-0.0391436196	0.046782783	-0.0077280053	0.0548844775	-0.0176479598	0.0816994078	-0.0272575977	0.0228386277	-0.0871692338	0.105282386	0.0046096127	-0.0161232609	0.1012400827	-0.0086866964	-0.115322434	0.089978837	0.0803871995	0.0409190029	0.0290362486	0.1126658546	-0.0302016354	-0.0390241945	0.0753407488	-0.0477936548	0.0136326853	-0.0294159217	-0.0499892515	0.0044224247	0.0357511159	0.0634091683	-0.0184917441	0.0118046622	-0.0797238064	0.0516354046	-0.0758704778	-0.1228617141	0.0558003324	-0.0093865497	0.0315834827	-0.0232753049	-0.0751242334	0.0056699838	0.079731853	-0.0320114745	-0.0271435007	-0.0508453924	-0.0446691705	0.03789821	0.0140918829	0.0012671714	0.0026755661	-0.0310420579	0.0636287539	0.0171621583	-0.0209073	-0.074978319	-0.0081619639	-0.0707595225	0.0006957135	-0.0189336404	-0.0378775662	-0.0138004532	0.0559360979	-0.0470431986	0.073034885	-0.0495853706	0.046353063	-0.0413990579	0.094285205	0.0167642783	-0.0563725116	-0.0199499025	-0.1254372756	-0.0868041249	-0.0503161534	-0.084567432	-0.0438933476	-0.0226241421	0.2417078906	0.0464579024	-0.0235164533	0.005671689	0.006366294	-0.0183830712	0.0206953077	-0.0186405102	-0.0069319172	0.0957219752	-0.087547979	0.0104887887	0.0720729799	-0.253565	-0.0046399999999999	2.152959999999979e-05	0.064295209225	-0.263646	-0.0235279999999999	0.0695092133159999	0.0005535667839999	0.227982	-0.037613	0.0519757923239999	0.001414737769	0.0165789	0.0007173	5.145192900000008e-07	0.00027485992521	0.000693318	-0.000340142	4.806898491239999e-07	1.1569658016399998e-07	-0.00665586	-0.00011903	1.41681409e-08	4.430047233960001e-05	0.0	0.0	0.0	0.0	0.0	0.0
620.394838051172	-0.2952033986867945	384889.7550805399	0.0871450465962346	877.0594690717401	-6.231818344236672	769233.3122884026	38.83555987556469	599.0321077123655	0.0957889136742551	358839.466070319	0.0091755159828939	618.7127057945729	534.6456462900735	0.978635	43.590534	0.1635389	0.0899545999999999	-0.0612995236	0.0735354368	0.0426563123	0.020735053	0.0931726687	-0.0301895335	0.0269399682	-0.0794537395	-0.0477588976	0.1020892695	0.0976293383	0.0096199741	0.0453604073	-0.028845721	0.000262244	0.0384353907	0.0165087426	-0.0625745029	0.0321698458	-0.0271354475	-0.1057684206	-0.0674643524	-0.0605465967	0.05763514	0.0233980997	-0.0916945682	-0.0024758225	-0.0423994679	0.0709931232	-0.0806476421	0.0619575172	0.2544967373	-0.0836299748	-0.0210047935	-0.0517397387	-0.0062010122	-0.0359112267	0.0736849742	0.0549944699	0.1537887255	0.0179657208	0.0726008446	-0.0047576997	-0.1358387681	0.0726476586	-0.0707449057	-0.0174403429	-0.0144813346	-0.0430538507	0.0661305848	-0.0161045497	0.0296846737	-0.0337284494	-0.0765425552	-0.0756391159	-0.0637639482	0.0133728874	0.0710791437	0.0416002226	0.0202463676	-0.0655848207	0.0222152142	0.0986689012	-0.0511774392	0.0546594125	0.0065277477	-0.0952921061	-0.0733529567	0.0510777778	0.021563991	0.0242923199	-0.0002751194	0.1588987745	0.0244033281	-0.0314331866	0.1296659359	-0.0211743862	-0.0225410199	0.0138630134	0.075616918	-0.0350673624	-0.0250743566	0.003837108	-0.0410993465	0.0455842184	0.0718236325	-0.0004846815	0.0038753762	0.0042134446	0.0143961445	0.0461951676	0.0579652935	-0.0215260915	-0.0505728811	-0.0019631906	-0.0636997987	0.1316690064	0.0026150125	-0.0030082626	0.1027385167	0.0335271659	-0.1250306896	0.0704914174	0.0244329633	0.076763042	0.0714722236	0.0528455672	-0.0621434985	0.0067952478	0.0461817323	-0.063234951	0.0024518064	0.0157710494	0.0378557316	-0.0459661138	-0.0967709918	0.069576459	-0.0813484376	-0.0010525133	0.0067164857	-0.0039356324	-0.005932168	-0.0623875382	-0.0275517951	-0.0092658687	-0.0403134066	0.0310370493	-0.0339295621	0.0847242065	0.0319218692	0.107262514	0.0149165634	0.0199770095	0.030156817	-0.0178532776	-0.0922266964	-0.0168245025	-0.0669849713	0.0271245914	0.1995400833	-0.0128952284	-0.120541179	-0.0113382563	-0.0057627202	0.0588238086	-0.103285693	-0.0009179425	-0.0218080982	-0.0223545484	0.0762382092	-0.0115555952	0.0545624172	-0.1087424864	0.0726433141	-0.024026271	0.1100969382	0.0451498727	-0.0729527166	0.013219381	-0.0947863104	-0.0549797535	-0.0480014813	-0.0290734144	-0.0656472968	-0.0095387613	0.1945563978	0.0087124958	-0.0731830867	-0.0319434376	0.0240550861	-0.0377866411	-0.0078647665	-0.0061036534	0.0167359775	0.0764308725	-0.0892990645	0.0157075127	0.0656609137	-0.237926	0.0156389999999999	0.0002445783209999	0.056608781476	-0.228736	0.03491	0.052320157696	0.0012187080999999	0.26964	0.041658	0.0727057295999999	0.001735388964	0.015422	-0.0011569	1.3384176100000014e-06	0.000237838084	0.00066048	-3.2837999999999986e-05	4.3623383039999993e-07	1.0783342439999992e-09	-0.00641896	0.0002369	5.6121610000000396e-08	4.12030474816e-05	0.0	0.0	0.0	0.0	0.0	0.0
620.9179599082893	0.5231218571173031	385539.112936672	0.273656477393856	874.361322950481	-2.6981461212590148	764507.7230717154	7.279992491665066	599.146575409526	0.1144676971605349	358976.6188249628	0.0131028536932359	619.2056798101747	533.1252624228744	1.016479	45.276188	0.1391499	0.0806256	-0.0527764149	-0.025131655	0.0852408259	-0.024200245	0.0516552257	-0.015242222	-0.0515067484	-0.1165771608	0.1109509254	0.0706517487	-0.0104037195	-0.0218134448	-0.0172420833	0.071928642	0.0917987479	-0.0901845185	0.0496592337	-0.0105115537	-0.0198515204	0.0494137412	0.141830847	-0.0322714446	-0.1165548632	0.0333251624	0.0016214825	-0.0581747819	-0.0190258091	0.0835227722	-0.0944537843	0.0566535561	-0.0631944078	0.0095410811	-0.0489265108	-0.018834628	-0.0493847885	-0.0343595899	-0.0558514048	-0.075699038	0.0605827295	0.0887807618	0.0731399986	0.0593997279	-0.0081205428	-0.0537503655	0.0199062603	-0.0130212757	-0.0260008227	-0.0895392056	-0.0701644985	0.0051114266	-0.0170721841	0.0168399619	-0.0228758955	-0.0477656104	-0.1025761466	0.0431123989	-0.0274019238	0.0880901671	-0.0951238025	0.0065040898	-0.0258233692	0.0298949607	0.0515791344	-0.1143561424	-0.03742975	0.0572258098	-0.0843638611	0.0201100965	0.083480731	0.0237741217	-0.1056811089	0.0258565163	-0.0186612561	0.0085640831	0.133212951	0.021101282	0.0301034667	0.0137281701	0.0441419864	0.0389592061	-0.0312127	-0.004320183	-0.0148151417	-0.0240213141	-0.026319137	-0.0176241318	-0.0397816186	0.0047944314	-0.0076233933	-0.0739780702	-0.039517445	0.0764550579	-0.1654161784	-0.0407403276	-0.0828414599	-0.0084118317	0.0483831968	-0.0496672446	0.09430977	0.0772612312	0.0504132211	-0.0568390232	0.0196870566	0.0053874517	0.0663384983	0.0038284343	0.065547406	-0.0714947605	0.0178557691	0.0404164302	-0.0243644202	0.0065721214	-0.0055773934	0.0937133381	-0.0249998422	-0.0204750654	0.0384692151	0.0158598882	-0.027263896	0.0979232067	0.0182940333	-0.0182590038	-0.101682981	-0.0060896769	0.0004215271	0.0918815343	0.0922922799	-0.0630603105	0.1117195875	0.0266179386	0.0738860489	0.0462745886	0.0058200105	0.0166881075	-0.0778014957	-0.0024041387	-0.0490508411	0.1288793238	0.0120624469	0.0180063675	0.0490870167	-0.0398054504	0.1109029566	-0.030136004	0.0301010551	-0.0803863705	0.0144884966	-0.0087185424	0.0739194735	-0.0191668358	-0.0471183663	0.0406816639	-0.1097744745	0.0865730353	0.0334584722	0.0646451157	0.0571181913	-0.0716554699	-0.05357568	-0.0631081832	-0.0284448255	-0.1087585931	-0.0969927256	-0.0337221026	0.0127610531	0.2378312208	0.066309096	0.0254337663	-0.0549161617	-0.0390839432	-0.0423430894	0.1281236376	0.1188859984	0.0227297035	0.0523361438	-0.0910064429	0.0208954884	0.0589597043	-0.233031	0.004895	2.3961025000000103e-05	0.0543034469609999	-0.302085	-0.073349	0.0912553472249999	0.005380075801	0.298096	0.028456	0.088861225216	0.000809743936	0.0159658	0.0005437999999999	2.957184399999987e-07	0.0002549067696399	0.000611422	-4.9057999999999936e-05	3.73836862084e-07	2.406687363999994e-09	-0.0064751	-5.614000000000053e-05	3.1516996000000596e-09	4.1926920010000005e-05	0.0	0.0	0.0	0.0	0.0	0.0
621.9629993107043	1.045039402415	386837.9725115671	1.0921073525999003	872.4596074582669	-1.90171549221418	761185.7666462332	3.6165218133274206	599.354961954801	0.2083865452749478	359226.3704198409	0.0434249522516278	619.3069289910686	538.7181984764698	0.987307	43.976833	0.2145026	0.0984266	-0.0316563285	-0.0392722589	0.0750431288	0.0255484162	0.041695563	-0.0709725974	-0.0376842889	0.0188620529	0.1293861736	0.0480503986	-0.0316601251	-0.0114275537	0.0400626885	-0.1475135251	0.0428198493	-0.0077217936	-0.0214028516	0.0535598214	0.0003339955	-0.0559062183	0.0354315125	-0.0808668356	-0.0688777506	0.0188238703	0.0408725159	0.0183532573	0.0718917488	-0.1474353504	-0.0508645873	0.027715805	0.0434223211	0.0651036373	0.0274281434	0.0083288542	-0.0596171342	-0.0896904065	-0.0116547431	-0.0259732608	0.0072499566	0.0871476844	0.0618069764	0.0559734942	0.0912230232	-0.0999284213	0.09293494	-0.0314159867	-0.0578062783	-0.0944681293	0.0048635013	-0.0664770512	-0.0240342399	-0.0373661759	-0.0482302877	-0.0585925072	0.0170911165	0.0349008404	-0.0405796485	-0.0227284412	-0.0340063028	0.0073356247	-0.0238366056	0.024093744	0.0800844163	-0.1274338821	-0.0070092555	0.0064182567	-0.0247694705	0.0475513363	0.0494767636	-0.0480245383	0.0583663322	0.0251295709	0.005252565	0.0303115295	0.0083409237	0.0627435533	-0.0988995077	0.0467963174	-0.0111473105	-0.0362470377	0.0173310565	0.0412140242	0.004376412	-0.0304594479	-0.0774665685	-0.070219478	0.0220946054	-0.0822374683	-0.0196366618	-0.0648289232	-0.1238273328	0.1143696247	-0.1558875184	-0.0578540307	-0.0749224404	0.0586796847	0.0578608368	-0.0063778715	0.061240052	0.012625082	0.0718334718	-0.0825346113	0.0237095582	-0.0845002703	0.0499738052	-0.0180663322	0.0433921689	-0.1629967497	0.0202412853	0.0439116554	-0.0524019172	0.0155589248	0.063481581	-0.0100890569	-0.0416468151	-0.0048411892	-0.08077889	-0.0007846598	-0.0100543507	0.0124476866	0.0425239558	-0.0063050972	-0.0476020415	-0.0094907787	-0.0040505555	-0.0093187563	-0.0307844799	-0.0358817517	0.0363493336	-0.0128242429	-0.0088775198	-0.0419741532	0.0266379523	-0.0025534846	0.0324744726	-0.0269789721	-0.0366993	0.0612883587	-0.0315304521	0.0325233213	0.0204072754	-0.0352665291	0.0066234647	0.0355894219	0.0607917516	-0.0724245481	-0.0314316129	0.0081666302	0.08684109	-0.0301811985	-0.0589187547	-0.0382170039	-0.1435505241	0.1115646733	0.0396135704	0.0306861474	0.0346322955	-0.0521847563	-0.0099720481	-0.0452342411	-0.028909389	-0.0528369631	-0.0698218554	-0.0216334423	0.0648512308	0.1663385483	0.0421051137	0.0141576565	-0.0183274644	-0.0571508738	-0.056262248	0.0413995883	0.0584840512	0.0025770588	-0.0069421135	-0.0926692784	0.0260425603	0.051998861	-0.196839	0.036192	0.001309860864	0.0387455919209999	-0.26035	0.0417349999999999	0.0677821225	0.0017418102249999	0.373448	0.0753519999999999	0.139463408704	0.0056779239039999	0.0163897	0.0004239	1.7969121000000118e-07	0.00026862226609	0.000969384	0.0003579619999999	9.39705339456e-07	1.2813679344399997e-07	-0.00603249	0.00044261	1.9590361210000042e-07	3.6390935600099993e-05	0.0	0.0	0.0	0.0	0.0	0.0
621.6187219046847	-0.3442774060196143	386409.8354224137	0.1185269322955943	869.4915711622037	-2.968036296063133	756015.5923221176	8.80923945474816	599.4031926953572	0.0482307405562778	359284.1874133876	0.0023262043346069	619.2025614152341	533.4508595436727	0.990881	44.136032	0.2144297999999999	0.10674	-0.0217484277	-0.07356041	0.065580837	0.0176213831	0.0180666833	-0.0640877119	-0.1505293269	-0.0348279204	0.1634986865	0.0199358572	-0.0851825901	-0.0029341945	0.0507023063	-0.0767216996	0.0861365334	-0.0498810176	-0.0258634859	0.0061424335	0.0265055928	0.0115127609	0.0458544912	-0.0714793373	-0.0490088128	0.0991915327	0.0350139932	-0.0575438705	0.1076837591	0.0102212915	-0.0224440415	-0.1324092484	0.0202081983	-0.1420816317	-0.0391886344	-0.0937240358	-0.0452639195	-0.1564519924	-0.0143169306	-0.1018695486	-0.0734726734	-0.0088760356	0.0504775209	0.07727337	0.0477274111	-0.054172266	0.0297056689	-0.0786897791	-0.0535715487	-0.0355805182	-0.0203002029	-0.021856336	0.0740630403	0.0487127117	-0.0502484607	-0.0270532816	-0.0132989839	-0.0354725198	-0.0016977673	0.0197586053	-0.0085992277	0.0044752244	0.0588696529	0.026625775	0.1036741664	0.0162836028	-0.0300623463	-0.063464633	0.0079357299	0.0336809106	0.037482802	-0.0640148082	0.1452304926	-0.0094483781	0.0635586456	-0.0900814993	-0.0526666713	-0.0831970813	0.0696616576	0.1005865808	-0.013888241	0.0532392675	-0.0582740121	-0.005364259	0.0127446425	0.0237078305	-0.0681254092	0.0040058337	-0.0011947267	-0.1089506706	-0.0626132845	0.094386194	-0.0103779865	0.012397051	0.0021960678	-0.0323228365	-0.0976274911	0.1208409882	0.0513547166	-0.0018965809	0.100717897	-0.0561426686	0.1428444555	0.0357198071	0.011636232	-0.0885220775	0.0308490184	0.0100350295	-0.0078286398	-0.1021505316	-0.0137930352	0.0728309754	0.029274657	-0.0058082135	0.0958577452	0.031102821	-0.0460053999	0.0076231209	0.0242613266	-0.0032960069	-0.0221962242	-0.0085062693	0.0169111621	-0.0409312022	-0.0185188873	-0.0257911871	-0.0181160841	-0.0123900932	-0.0075093923	0.0690278208	0.0520818143	0.0763683516	-0.0568808868	0.0223677233	-0.0354657319	0.0225088295	0.0873662556	0.1214405261	0.0346216755	-0.0459701831	-0.0224782612	0.005799375	-0.0040957098	-0.1021735503	-0.0204731988	0.089986501	0.0278563453	-0.0750593516	0.0834521758	-0.0315058326	0.0273008808	0.0017692073	-0.0374333121	-0.1323155876	-0.1465014036	0.1787660247	0.1190217089	-0.0074236959	0.0275518088	-0.072646659	0.0168871465	0.0763332345	-0.0173723092	-0.0739107297	-0.0346691783	0.0613178038	-0.0378487989	0.0864213976	0.0554653729	0.0560430326	0.0008119371	-0.0580479914	-0.0515109971	0.1497089062	0.1072039843	-0.001928205	-0.0415668585	-0.0942867573	0.0311386526	0.0448090364	-0.136114	0.0607249999999999	0.0036875256249999	0.018527020996	-0.272303	-0.0119529999999999	0.074148923809	0.0001428742089999	0.451726	0.078278	0.204056379076	0.006127445284	0.0169402	0.0005504999999999	3.030502499999988e-07	0.0002869703760399	0.00112818	0.0001587959999999	1.2727901123999997e-06	2.521616961599997e-08	-0.00547231	0.0005601799999999	3.1380163239999946e-07	2.99461767361e-05	0.0	0.0	0.0	0.0	0.0	0.0
620.5276572346278	-1.0910646700568805	385054.5733930957	1.1904221142463294	871.5298579820699	2.03828681986613	759564.2933542469	4.154613160039981	598.4534263141379	-0.9497663812193196	358146.5034671313	0.902056178894442	618.4236135741505	538.4644590933624	1.042422	46.43177	0.1831165	0.0953316	-0.0310776609	0.030800563	0.0698446425	0.0814103735	0.0515758316	-0.0441326239	-0.0349847529	0.2005018255	0.1812499421	0.0524780562	-0.0359159586	-0.0213410734	0.1009827887	-0.1738722521	0.0148909634	-0.0020081843	-0.1323225571	-0.0099073367	0.1137043463	-0.0309400278	0.0262566446	-0.0959198307	-0.0065382265	0.0469471173	0.1006013361	-0.0605232278	0.1965845414	-0.2233645432	-0.1329192678	-0.0129103335	-0.1114354158	-0.0483041885	0.0223818083	-0.1320743389	-0.0295797865	-0.1511050579	0.0098059393	-0.0743678215	-0.101613861	0.002700959	-0.0199879053	0.0833071319	0.1029034887	0.0153970495	0.0669118465	-0.0518767397	-0.0399274645	0.0250994692	-0.045284118	-0.1139313288	-0.0480965139	0.0132324358	-0.0387721941	0.0131941618	-0.0374491179	-0.0263545068	-0.1133957943	0.0313575522	0.006624059	0.016211739	0.0737446299	-0.0022144365	0.0151175268	0.0524697524	-0.063476578	0.0151258625	-0.0830780305	-0.0245157662	-0.0267278682	-0.0753634115	0.098351368	0.0212947753	0.052733642	0.030933624	0.0369950442	0.0878724514	0.0349528064	-0.0085059552	-0.0212966158	0.0391809367	-0.0343912385	-0.0551824666	0.0485458215	-0.0350442785	-0.0071886458	0.0132875458	0.0068141985	-0.0167459007	-0.0078044779	-0.0072463452	0.1016627529	-0.015630537	0.0675684464	-0.0210080041	-0.0960824579	0.0781470943	0.1091342836	0.0337756697	0.057607218	-0.0817858887	0.1369987495	0.0558935983	-0.0252165387	-0.1006814436	0.0760659796	-0.0373406348	0.0421852273	-0.0733007026	-0.061422999	0.0787326138	-0.06570849	-0.0751861315	0.0229200744	-0.0587266869	-0.0327936386	-0.0364190547	0.0316820087	0.0028808499	-0.1382973811	-0.0136562707	0.038945457	-0.0043176246	-0.0132915256	-0.0470459829	0.03566085	0.000546545	-0.0017849298	0.0272793773	0.0339121576	0.0523087444	-0.0795321605	-0.070931461	-0.0041973318	-0.0293562327	-0.0469659333	-0.0320205821	-0.0668342656	-0.0595372501	-0.0674184889	0.0219599078	-0.1047972823	0.0247277327	-0.0349784064	0.031888098	-0.0331387034	-0.0201744857	-0.037828711	-0.0629452197	-0.0133306802	0.0977375798	0.0046698662	-0.1903788278	-0.1367807616	0.2236172916	0.0853138586	-0.002451072	0.0375913241	-0.1240234595	0.139154853	0.1016794735	-0.1083415587	-0.0380619575	-0.0168925651	0.1225907755	-0.1117914535	0.1169559668	0.0679774311	-0.0670995589	0.0261408906	0.01471765	-0.0695939224	0.0139515031	-0.0316972261	0.0010660654	-0.0162612747	-0.0958580879	0.0361737896	0.0374218916	-0.0869765	0.0491375	0.00241449390625	0.00756491155225	-0.230342	0.041961	0.053057436964	0.001760725521	0.447857	-0.003869	0.200575892449	1.4969161000000089e-05	0.0179963	0.0010561	1.1153472100000016e-06	0.00032386681369	0.0012567	0.00012852	1.5792948899999995e-06	1.6517390400000007e-08	-0.00489395	0.00057836	3.345002896e-07	2.39507466025e-05	0.0	0.0	0.0	0.0	0.0	0.0
620.0863349992321	-0.4413222353956598	384507.0628527799	0.1947653154546222	874.266081122513	2.736223140443144	764341.1806013165	7.486917074296541	597.8020720904058	-0.6513542237321417	357367.3173955827	0.4242623247737009	617.7360925368788	539.5507008899907	1.000212	44.551636	0.1127854999999998	0.0552205	-0.0408129415	0.0585676612	0.0760270534	0.0560915534	0.0688796165	-0.0107496493	-0.1102581398	0.0527822439	0.0562133815	0.0842276435	0.0443205261	-0.0245143479	0.0337146686	-0.0235575427	0.0759456999	0.0074595263	-0.0077285781	-0.0900252899	0.2008459112	0.0711850648	0.024866407	-0.1598449275	-0.0851809125	0.0759005637	0.1488671947	0.0635061064	0.2244392121	0.0925371633	-0.0196074511	-0.1379635588	0.032967757	0.013607363	-0.1420652697	0.0754320123	0.013386213	-0.1516236644	-0.0046924498	-0.0043380407	-0.0998355636	0.0332886321	-0.0788511817	0.053157305	0.06722601	0.0618966052	-0.0248179309	-0.1152853121	-0.0742247406	-0.0050320411	0.0003914136	-0.1121875171	-0.0859290018	0.0398651716	-0.0119617328	-0.0734531796	-0.040580873	-0.0773662386	-0.0276473566	0.0604397182	-0.0431940966	0.0254492706	0.0844792236	0.0112048649	-0.0307604747	0.0905484783	-0.0276074786	-0.0055106912	-0.0546831933	-0.0528095618	0.0240977589	0.0025136765	0.0243430948	-0.0841211951	0.0350544182	-0.019375654	-0.0077766625	0.0268592535	-0.0533431325	-0.0106323059	0.0537182247	0.0692691896	0.0048441624	-0.0279508603	0.0351728045	0.1307958035	0.0021441986	0.0179912642	0.063692605	0.0265752014	-0.0236660935	-0.03196459	0.0826967239	0.0276994295	0.0944655938	0.00977406	-0.0618685713	0.0505020593	0.1541844059	0.0139802312	-0.0163931758	-0.0496892994	0.0475731787	0.0863793324	-0.0395216317	-0.0692080673	0.0338903659	0.0145364833	0.0082327033	-0.0422794861	-0.0038739896	0.1552320144	-0.0254274287	-0.0996226012	-0.0640623871	-0.1076163286	-0.0349778574	-0.0915433442	0.0724015918	-0.0378809155	-0.0171508062	0.0152576921	-0.0147824416	0.0266797871	0.0292071709	0.0226366659	0.0117726446	0.0120133357	0.0157055904	-0.0203860927	0.0937559673	0.0252835387	-0.0516283687	-0.0250413761	0.0016321928	0.0203018554	-0.0202947629	-0.0455449425	0.0590591728	-0.030981877	0.0067219796	0.0260015812	-0.0152765925	0.0444333587	0.0574447661	0.0667281841	-0.0585698885	0.0317063772	-0.0209580744	0.0252293258	-0.0144970397	0.1480791432	0.0421493348	-0.1687045747	-0.1048299438	0.1820171341	0.0611027895	-0.0407943538	-0.0256321492	-0.078379278	0.0871591067	0.0598327688	-0.1065558185	-0.0412762665	-0.0079918831	0.0800547028	0.0185275539	0.061526724	0.0183707148	0.0121073021	0.0287276845	-0.0570276966	-0.001536195	-0.0115755948	0.0144245725	0.0075052958	-0.0387314036	-0.0973825011	0.0411381146	0.0298699563	-0.123273	-0.0362964999999999	0.0013174359122499	0.0151962325289999	-0.217925	0.0124169999999999	0.047491305625	0.0001541818889999	0.447889	3.199999999997649e-05	0.200604556321	1.0239999999984955e-09	0.0185638	0.0005674999999999	3.220562499999984e-07	0.0003446146704399	0.00177046	0.00051376	3.1345286116e-06	2.639493376000001e-07	-0.00469441	0.0001995399999999	3.981621159999991e-08	2.2037485248100005e-05	0.0	0.0	0.0	0.0	0.0	0.0
621.8585476393093	1.772212640077214	386708.0532720712	3.140737641649449	875.9879245870884	1.721843464575386	767354.8440223945	2.9647449165009685	597.6636325587009	-0.1384395317048756	357201.8176832618	0.0191655039386652	617.8870409953935	534.6775646173268	1.020486	45.454666	0.1256845	0.0615112	-0.0140825865	-0.0385622591	0.0698925137	0.0572269546	0.006600121	-0.0286217007	-0.1510536072	-0.0281116966	0.1787259651	0.0360132875	-0.0249155915	-0.0064183223	-0.0338423952	-0.0347101473	0.12343003	-0.1401210602	0.0258523602	0.0885727713	0.0703521119	-0.048620831	0.0959439779	-0.0931027994	-0.121688103	0.0732849557	0.1155476622	0.0033621366	0.0839816792	-0.0211742054	-0.0448667955	-0.0746139063	-0.0816793436	-0.1686333312	-0.0478497607	-0.0194822113	0.0066506805	-0.1627182794	0.015747635	-0.0825052982	-0.1000145471	-0.0041592859	-0.0339224792	0.0286494625	0.0537664946	0.0344950947	-0.0210186863	-0.1103876183	0.0077381672	0.0229750345	0.0244180183	-0.1248646547	-0.0386413963	-0.0636710422	-0.0618645154	-0.0320642625	0.0099573095	-0.0816790203	0.039472867	-0.0329683593	0.0249414558	0.0338389665	0.1193438043	0.0625744561	-0.0134606471	-0.0088453439	-0.0525432625	-0.0495499505	-0.051168152	0.0504586809	0.0713909825	0.0100876981	0.0189784967	-0.0475541118	-0.0019089474	0.0616120717	0.0616458528	-0.0775577012	-0.043598699	-0.0120548964	0.0285631242	0.0497902767	-0.0582753819	0.0138673963	0.0452911842	0.0086997418	0.0388673597	0.0285817858	-0.0510965822	0.0326862817	0.0093656022	0.015644671	0.0668547639	-0.0562707144	-0.0347229065	0.009211236	-0.0866044104	0.0972682235	0.0959763457	0.0152796936	0.0590479591	-0.0500767152	0.068536541	0.0954100176	-0.0268670997	-0.143078531	0.0373828038	0.008117405	-0.0859673408	-0.017803796	0.0617523645	0.0372958621	0.030409615	0.016836812	-0.0533489441	-0.0377435399	0.0204184271	-0.0226940092	0.0784946333	0.0721734479	0.0143338932	-0.0287485726	0.0638140348	-0.0253514817	0.0513505147	0.0048898099	-0.0219646944	0.0126226462	-0.0397648817	0.0103142907	0.0911512018	0.0438177299	-0.0825453188	-0.0285089639	0.0313254386	-0.0110642806	-0.0012883156	-0.0002583189	-0.0285725626	0.0789922466	0.1144650955	0.0045660049	0.0482808778	-0.0547276899	0.0960294458	0.0557957069	0.0121048737	-0.0385815525	0.0275605845	0.0334988587	-0.053945563	0.0489147426	0.0403529599	-0.1612524999	-0.1060601246	0.1802782295	0.0860332785	-0.076873428	0.0326394546	-0.0077666166	0.0620800968	0.100469156	-0.0564444507	-0.0401564848	-0.0326004316	0.0322940062	-0.0593489019	-0.0345056703	0.0876374836	-0.0660117845	0.1220674889	-0.0323261398	0.0186433735	0.0160272382	0.03869229	0.019441394	-0.0953535041	-0.0988592507	0.0460219099	0.0221864862	-0.164813	-0.0415399999999999	0.0017255715999999	0.0271633249689999	-0.254923	-0.036998	0.064985735929	0.001368852004	0.466676	0.0187869999999999	0.2177864889759999	0.0003529513689999	0.0187827	0.0002189	4.7917210000000456e-08	0.00035278981929	0.00207351	0.00030305	4.299443720100001e-06	9.183930250000016e-08	-0.00473965	-4.523999999999934e-05	2.04665759999994e-09	2.24642821225e-05	0.0	0.0	0.0	0.0	0.0	0.0
621.6904499238414	-0.1680977154679794	386499.0155265083	0.0282568419455537	870.3840649526761	-5.603859634412288	757568.4205235443	31.40324280219542	597.9304750568036	0.2668424981027328	357520.85300165485	0.071204918793707	617.7691475232493	537.8118311680358	0.965652	43.012241	0.0750655	0.0351313	-0.0045013191	-0.0641285291	0.066441133	0.0619208008	0.0076519404	-0.06235617	-0.0823247914	0.0071044262	0.1415618594	0.0449377405	-0.06296679	-0.0154255104	0.0616413558	-0.0900857751	0.0181102357	-0.0206471825	0.0072565406	0.0029712335	-0.0199984721	-0.0811857064	-0.0284732958	-0.1138448043	-0.086995458	0.0924760543	-0.0494790468	0.0327207055	0.0835111624	-0.0106486823	-0.11204041	0.090518088	-0.053679725	-0.0409154999	-0.0321341827	-0.0113063218	0.0151208263	-0.0993046937	0.0427540567	0.0033193705	-0.0057036034	0.0102262713	-0.0608082058	0.068206703	0.027765768	0.0521211427	0.0163606274	-0.0623341687	-0.0535546768	-0.0062955658	0.0550658868	-0.0861687482	-0.043518605	0.047422126	-0.0203519812	0.0050545122	0.0642853171	-0.0537822081	0.0572809984	-0.056680611	0.0313193848	0.0557755533	-0.0158812636	-0.0581459892	0.015604126	-0.0427209945	0.0035924578	0.01368478	0.0678878156	-0.0168751002	-0.0383991459	0.0236636524	-0.0573802665	-0.0062771958	0.0753585289	0.0004545734	0.0881643009	-0.0191111507	-0.0621072415	0.0136195229	-0.0486604517	-0.0177145324	0.0930414475	-0.0209478569	-0.0924791049	0.024404571	0.0438861818	0.0484455357	0.0024852503	-0.0081146427	-0.0531825615	-0.0895580724	0.0534739321	-0.0325193412	-0.0981519413	0.0145838258	-0.0873092965	0.0759684909	0.0464846754	0.0104468626	-0.0167068179	0.0245266113	0.0423920489	0.0322381751	-0.0282584765	-0.09559116	-0.0593929147	-0.0192007487	0.0005797577	-0.0601459621	-0.0159844716	0.0337859862	0.0166047045	-0.0296875986	-0.0479451886	-0.0455395811	-0.0501257561	-0.0288251884	0.0660278864	0.0324453834	0.0365659023	0.0063530357	-0.072753021	-0.0484911232	0.0312700107	0.0517665074	-0.0512612906	-0.0935182266	-0.0354054312	0.03196022	0.0047228425	-0.0254782107	0.0420298836	-0.020213658	0.0364812617	0.1210066456	-0.0362074772	-0.0275288767	0.0072814111	0.1015944967	0.0060230287	0.0521148852	0.1244684948	0.0475681897	-0.0357335351	-0.0447258801	-0.0187857299	0.0460920173	0.024264063	0.0614501707	0.0033560785	0.0098932685	0.002740345	-0.1289018373	-0.1020225731	0.150290109	0.0413579135	-0.0674825665	0.018432341	-0.0189774406	-0.0063590414	0.0423621627	-0.0206653009	-0.056846111	0.0260327923	-0.044600989	0.061723573	0.0268886293	0.0170890305	-0.0152012833	-0.0987421848	-0.1214639429	-0.0632268331	-0.0387611383	-0.0211831774	0.0482855866	-0.0479776278	-0.100287614	0.0508156151	0.0144053161	-0.169022	-0.004209	1.7715681000000154e-05	0.028568436484	-0.243784	0.011139	0.059430638656	0.000124077321	0.453483	-0.0131929999999999	0.205646831289	0.0001740552489999	0.0183778	-0.0004048999999999	1.6394400999999977e-07	0.00033774353284	0.00200626	-6.725000000000004e-05	4.025079187600001e-06	4.522562500000005e-09	-0.00519799	-0.00045834	2.1007555560000061e-07	2.7019100040100004e-05	0.0	0.0	0.0	0.0	0.0	0.0
621.2187219477222	-0.4717279761191548	385912.7004983614	0.2225272834534739	868.927906435592	-1.4561585170840772	755035.706582541	2.120397626876499	598.4119485881032	0.4814735312995708	358096.8602130107	0.2318167613420788	618.2961086418185	534.9617810982535	0.936816	41.727859	0.0906244999999999	0.0431014	0.0005701815	-0.0607255118	0.04767954	0.0340493567	0.0006878977	-0.0569956272	-0.1130661159	-0.0222223287	0.0854734309	0.0223273596	-0.0499926077	0.0179937219	0.0667823779	-0.0863863327	0.0494268816	-0.0205678139	-0.0442644283	-0.0026229314	0.0524062328	-0.0219390888	0.033004256	-0.0308494502	-0.1163376798	0.0808417369	-0.0455948092	0.1414511016	0.0770730972	-0.0220430991	-0.0658448379	-0.0469428544	0.0474710567	0.052698315	-0.0232868932	-0.010945061	-0.0042583768	-0.1047582332	0.0388181712	0.0187537595	0.018809699	0.0701487429	0.0205733998	0.0062037844	0.0508965074	-0.0194256494	0.0901412136	-0.0597731001	-0.0408994479	-0.0194901615	0.0438663767	-0.0331223508	0.0244005203	-0.0328296269	-0.0619296702	0.0176238648	0.022008768	0.0169791186	0.1107916772	0.0262939942	0.0157145064	-0.0110035658	0.0152451229	-0.0727626176	0.0591748679	-0.0280694017	-0.005937217	0.0321254566	-0.0795669424	-0.0633084008	0.0302852023	-0.0122075665	-0.0147939139	-0.0597907091	-0.0176962493	-0.0438490622	0.0004694456	0.0368683813	0.0074666988	-0.0061715576	0.0286305214	-0.0399950104	-0.0053569467	0.0313523815	-0.0411538904	0.0705325684	0.0223162609	-0.0531555779	0.0085725475	0.0193344806	-0.0590824251	0.0010660493	-0.0451247761	0.0283466552	-0.0715599675	-0.0020957661	-0.0843592378	0.0813288434	0.0452644851	0.0074325985	0.0006667285	0.0018318383	-0.0100774603	-0.0356249936	-0.005961857	-0.1035315026	-0.0125772355	0.0047872667	0.007251166	-0.080078062	-0.0037436198	0.011490665	0.0570274693	0.0104292705	0.0259893895	-0.0341553414	-0.0246492827	-0.0251695635	0.0667407464	0.0354927976	0.0024022215	-0.0277970966	-0.0596558751	-0.0064693336	-0.0253060433	0.0293529542	-0.0079143356	0.0294894959	-0.0402853544	-0.0703713808	0.0114785011	-0.012108107	0.0327321804	0.0659142094	-0.0339476023	0.0308064862	0.0012230285	0.0154183726	0.0223139596	-0.0177189867	-0.0146283608	0.0215816811	0.0025078889	0.0762275794	0.0654175436	0.0421715808	0.0267381463	-0.0289225225	0.0164246362	0.0485856864	0.0472559158	0.0330387354	0.033666818	-0.1072378094	-0.0987863071	0.1234394765	0.0382308621	-0.0950479292	-0.0119982787	0.0163984225	-0.0127351278	-0.0089073224	-0.0032654646	-0.0391000779	0.0219434922	-0.0584298787	0.1597432559	0.0122490022	-0.016502903	0.0810714137	0.0210793021	-0.0980596799	0.0570664839	-0.0152908035	0.0002895577	0.0260538733	-0.1000304387	-0.1016668918	0.0555098464	0.006560711	-0.195662	-0.0266399999999999	0.0007096895999999	0.038283618244	-0.239557	0.004227	0.0573875562489999	1.7867529000000072e-05	0.472769	0.0192859999999999	0.223510527361	0.0003719497959999	0.0186173	0.0002395	5.736025000000007e-08	0.00034660385929	0.00222117	0.00021491	4.933596168900001e-06	4.6186308100000015e-08	-0.00555301	-0.0003550199999999	1.260392003999995e-07	3.08359200601e-05	0.0	0.0	0.0	0.0	0.0	0.0
621.5173405567116	0.2986186089893863	386283.8046126874	0.0891730736347559	870.406799462836	1.4788930272439984	757607.9965511377	2.187124586030918	598.4776031997304	0.0656546116272238	358175.441531694	0.0043105280279215	618.1597769508618	529.8675255201927	0.994737	44.307755	0.0818575000000001	0.0460749	0.0192630056	-0.0926192476	-0.0148187509	0.0034112295	-0.0234055676	-0.0920567625	-0.1041105105	-0.0263105916	-0.0594719949	-0.0491555155	-0.0720202099	0.032068434	-0.0360193137	-0.0260887207	0.0495164654	-0.006050302	0.0364156352	0.0971508813	0.0082168588	-0.0445638615	-0.0014296512	0.036851551	-0.040277907	0.1416743088	-0.0496473068	-0.0277822684	0.0211891617	0.0612502157	-0.0371578331	-0.0317449775	0.0373267864	0.0677337721	-0.0837066777	-0.0112944592	-0.0040135202	-0.0779655339	0.0274197937	0.006563059	-0.0150481095	-0.0738694412	-0.0062179208	-0.0407715274	0.0605325441	0.0496286434	-0.0498687869	-0.0697575684	-0.068628887	-0.0366378447	0.0219947047	-0.1152520482	-0.0592149636	-0.0460267962	0.001758509	-0.0382649454	0.0140563752	-0.0644300583	0.0283862641	0.0064660321	0.1366038618	0.019337187	-0.0098590212	-0.0254827717	0.0110386897	-0.0659954282	-0.0020910661	0.0259057592	0.004965912	0.0136464778	-0.0154520921	-0.05675245	0.0473226368	-0.1191545164	0.0286579258	-0.0321365293	-0.0062381899	-0.0254877671	0.0523939817	0.0359208008	-0.0300814364	0.0296289771	0.0044928445	-0.0406079921	0.0800151051	-0.0053464222	-0.0102255949	0.0453362818	0.0269542975	0.012152909	0.0056064217	0.0194539437	0.0758111667	-0.0078961728	-0.0845001132	-0.0040631345	-0.0193451622	0.1063815814	-0.0426675821	-0.0120913329	-0.0159738704	-0.0483577589	-0.0159365236	0.0477839863	-0.0705615536	-0.1023398114	-0.0298850749	0.0616370083	-0.0453409515	-0.0538595852	0.0014533178	0.0522192755	0.0018370136	0.0080683907	-0.048450102	-0.1095618391	0.0269750854	-0.0498807215	0.0609728005	-0.0076151869	0.027688868	-0.0796493872	0.0067625113	-0.0653958959	-0.0212523186	-0.0454303511	0.001502478	-0.0041656939	-0.0701542124	0.0602886004	-0.0064155577	-0.0149893629	0.0347366426	0.0736776471	-0.0125485304	0.0987407266	0.024176206	-0.0181123992	-0.0098873204	0.034564478	-0.0003006395	0.0628753454	0.0385296265	-0.0865481373	-0.0290449857	0.0201041424	-0.0466124215	-0.0398735955	-0.0310788141	-0.023351475	0.1152544388	0.0087446937	0.0397310441	-0.0934125743	-0.0982266807	0.1106903886	0.0524279135	-0.1122347467	-0.0163687488	0.0793901431	-0.0560586153	0.0038739804	0.0816791171	-0.0287512801	-0.0269008411	-0.06014749	-0.0823555964	-0.1231551112	-0.0179101945	-0.0131688494	0.0594292647	0.0494554192	-0.0244241772	0.0202644392	-0.0447101867	0.0020062296	0.0133153827	-0.1029964092	0.0600954145	-0.0013127847	-0.213401	-0.017739	0.000314672121	0.045539986801	-0.276596	-0.037039	0.076505347216	0.001371887521	0.475158	0.002389	0.225775124964	5.707321000000144e-06	0.0186253	8.000000000001062e-06	6.4000000000017e-11	0.00034690180009	0.00248661	0.00026544	6.183229292100001e-06	7.045839360000001e-08	-0.00577338	-0.00022037	4.856293690000006e-08	3.33319166244e-05	0.0	0.0	0.0	0.0	0.0	0.0
622.0877947800988	0.5704542233871734	386993.2244143663	0.3254180209802632	866.8498999296226	-3.556899533213482	751428.7490079966	12.651534289374284	598.9268263021654	0.4492231024349848	358713.3432643842	0.2018013957613129	618.559439518146	529.5999397705345	0.989914	44.092957	0.0590109999999999	0.0394434	0.038595868	-0.0805881448	-0.102119976	0.0182264445	-0.0408957752	-0.1007088456	-0.0558563229	0.0597871488	-0.0195865292	-0.1467052241	-0.0452554548	0.0545539369	0.021608217	-0.088951544	0.0494565598	-0.0298121497	-0.0335997548	0.0727184171	-0.0033972441	0.0020985316	-0.1111650409	0.0198528539	0.1980428465	0.114205184	0.0780960282	0.0070057453	-0.0238810107	0.0202911239	-0.0746111282	0.0130066646	0.0972247484	0.044828388	-0.0832599111	-0.089779392	-0.0157303558	-0.0488487404	0.0129649271	0.0261561557	-0.0707227412	-0.0956879659	0.0368575599	0.0099728523	0.0395210611	0.0181326158	-0.0407507142	-0.0009757182	-0.0334392731	-0.0455762825	0.0542511254	-0.0416073302	-0.08512978	-0.0191217283	0.0051739574	0.0228022121	-0.0544127161	-0.0161791568	-0.0068079999	0.0059223626	0.0519014689	0.0237921584	-0.040881085	0.0261310376	-0.0335215621	0.0386364855	-0.0426298806	0.0816943289	0.0285928704	-0.0095363917	-0.0512253969	-0.0386060491	0.0226161287	-0.0064939951	0.0274469228	-0.0917609103	0.0218395219	-0.0465339327	0.0139625029	0.0932787299	-0.0269399279	-0.0047590611	0.0472393505	-0.06157206	-0.0764215966	0.0384139635	-0.0113558802	-0.025103633	-0.0835579443	-0.0574357722	-0.0462386832	0.0723011942	-0.0388503288	-0.0002584293	-0.1086318235	-0.0085576512	0.0735432239	0.1340030375	-0.0516362727	0.0372006493	0.0319626803	-0.0401913188	0.0353529999	0.0466309078	-0.0511527723	-0.0094877301	-0.0591278003	0.0266858882	-0.0475249323	-0.0790587495	-0.0188909997	0.0055990377	-0.0679984223	-0.0039971096	-0.0848194683	-0.0585360734	0.0044187004	-0.0453715743	0.0585871726	0.0206961064	-0.0188696775	-0.0120380132	0.0085818579	-0.0452162263	0.0065038388	-0.0465062974	0.0252568851	0.0344210686	0.0069524606	0.0575616035	-0.0845155925	-0.00066046	0.0424410531	0.0214357019	-0.0025231331	0.0870551058	0.0111500343	0.0981058915	0.0688355373	0.0443312602	-0.0594443687	0.0677156469	0.04733327	0.0051730063	-0.026487494	-0.0331379785	0.0166512456	-0.0687546942	-0.0501149956	0.0261753842	0.088322115	-0.0532103615	0.013804628	-0.0878024979	-0.0914091749	0.0980215245	0.0260229767	-0.0865620789	-0.0427218522	0.1160327806	-0.0155491055	-0.0202029952	0.0693560212	0.0486758608	0.0014651647	-0.0326117916	-0.0270026996	-0.0449076462	-0.0882575716	0.0043801354	-0.028948817	-0.0346366494	-0.0243777879	-0.0451470432	-0.0892522468	-0.0921155594	0.0512837146	-0.1042755153	0.0645633431	-0.0091804995	-0.214113	-0.0007119999999999	5.069439999999864e-07	0.045844376769	-0.23975	0.036846	0.0574800625	0.001357627716	0.475902	0.0007439999999999	0.226482713604	5.535359999999508e-07	0.0185931	-3.219999999999959e-05	1.0368399999999734e-09	0.00034570336761	0.00271071	0.0002240999999999	7.347948704099999e-06	5.0220809999999844e-08	-0.00593126	-0.00015788	2.49260944e-08	3.51798451876e-05	0.0	0.0	0.0	0.0	0.0	0.0
621.1686291279506	-0.9191656521481946	385850.4658126974	0.8448654960890158	868.3805698181559	1.530669888533339	754084.8140377051	2.3429503076626643	599.0689430826684	0.1421167805029881	358883.5985661854	0.0201971793005345	619.0022425280196	529.0255381569418	0.969659	43.190758	0.0956194999999998	0.0472751	0.035989368	-0.0781352745	-0.0822091778	0.0100751748	-0.0257065776	-0.0859257214	-0.0464503309	0.014177295	-0.028999886	-0.11941567	-0.0418019725	0.1083916956	0.0574700741	0.0497410459	-0.1050371805	-0.1427935887	0.0799362049	-0.1789434081	0.0807846735	-0.0808966711	-0.0529796922	0.0173799066	0.0455350022	0.1390392369	-0.0538489045	-0.063812875	0.0656533765	0.2388910923	-0.1507730052	-0.0641357376	0.0904483238	-0.0459833155	-0.0293117752	0.0095476925	-0.0197178254	-0.085800121	-0.0137780782	-0.0207629441	-0.0521280447	-0.0676871346	-0.0073996958	-0.0101898206	0.123685886	0.0201604089	-0.0284846114	-0.0297278972	-0.0496727492	-0.0442302177	0.0468397082	-0.0212291791	-0.0254713133	0.0248243962	-0.0767517789	0.0909341135	0.0391729056	0.0222528883	0.0244720757	0.0326269711	0.0355540803	-0.0261072141	-0.0170426312	-0.0064130614	0.0637620014	-0.0003466484	-0.0458089546	-0.0608111982	0.0166221737	-0.016154256	-0.0045849643	0.0334762497	-0.0779156407	0.0295578075	-0.0663391403	-0.0176240978	0.0068345164	0.0048596751	0.007288936	0.0309029372	-0.0481939498	-0.0050276066	-0.017887769	0.00761817	-0.0512702333	0.0037033291	0.0131856407	0.0305771743	-0.0224534783	-0.0575948254	-0.0787101675	0.0433303396	-0.0186156462	0.0518089589	-0.0357342659	-0.0116391879	0.0403966546	0.1159071009	-0.0557260609	-0.0093498848	0.03384643	-0.0852583532	0.0569868633	0.0043264048	-0.1067696774	-0.0240829951	-0.0276589613	0.035255196	-0.0213253522	-0.072827896	-0.043308667	0.001328798	0.0687667899	0.0478108945	-0.0216440472	-0.0058520954	0.0082336022	-0.0183259323	0.0381237494	0.0243932857	-0.0033772442	0.0241804597	-0.0956533354	0.0146162804	0.001668467	0.0201278743	0.0350389004	-0.0593273243	0.0063538212	0.0067789994	-0.0475923786	0.0209218084	0.0383577802	0.0656370544	-0.0488672417	0.0303027752	0.0006193735	0.0208207013	-0.044329306	0.0478114516	-0.0098156787	-0.0026569005	0.058501539	0.0224361071	-0.0497349502	0.0476417098	0.0661968073	-0.10411393	-0.0269764287	0.0191142525	-0.0160887506	0.0192598052	0.0057794131	-0.0806165036	-0.0652132655	0.0659367049	0.0223952263	-0.0936446956	-0.0645144323	0.0870928385	-0.0471518724	-0.025898562	0.0695119584	0.0274035921	0.0724783887	-0.0324762428	-0.0156346801	-0.1225160616	-0.0904609022	0.0540513632	-0.0198014916	0.0006781758	0.1261366094	-0.0013902158	-0.0038121352	-0.127493735	0.0224480733	-0.1055035841	0.0689048858	-0.0170077871	-0.251592	-0.0374789999999999	0.0014046754409999	0.063298534464	-0.225329	0.0144209999999999	0.050773158241	0.0002079652409999	0.475264	-0.0006379999999999	0.225875869696	4.070439999999642e-07	0.0187582	0.0001650999999999	2.7258009999999303e-08	0.00035187006724	0.00316822	0.0004575099999999	1.00376179684e-05	2.093154001e-07	-0.00569224	0.0002390199999999	5.713056039999976e-08	3.240159621760001e-05	0.0	0.0	0.0	0.0	0.0	0.0
619.7833653818645	-1.385263746086025	384131.4200040698	1.9189556462202877	862.0350789231192	-6.345490895036733	743104.4772939882	40.26525469899407	598.301242894174	-0.7677001884943593	357964.37724871346	0.5893635794142748	617.8682943389723	527.7275035448658	1.001107	44.591484	0.1244189999999999	0.0652685	0.0289566224	-0.0890558579	-0.0177054305	-0.0178528007	-0.0298080843	-0.0645805184	-0.0859530571	0.0593269742	0.0095814629	-0.0541789714	-0.0868439239	0.0330123331	0.0690587619	-0.054771578	-0.0012830239	0.1110195608	-0.1175663134	-0.0100567833	-0.0145363469	-0.0064512683	0.0900715287	0.023678272	0.0549083497	0.161362849	-0.1084900419	-0.1058488514	-0.0507142427	0.2448106772	0.0288115885	0.0010091344	-0.0268071072	0.0781956902	0.1168661238	0.0938616134	0.0056544599	-0.081800494	0.001829946	-0.0201568358	0.0159096584	-0.0422254356	0.0192013214	0.0057223579	0.0178215042	0.0408263228	-0.0056335416	0.0283813803	-0.0267601524	-0.0218573836	0.0301921506	-0.0199722942	0.0306262285	0.0039447422	-0.0387342971	-0.0011090961	0.0231780613	0.0094381454	0.0022242438	-0.0588376461	0.0124076719	0.0305084494	0.0885552066	0.0222504423	0.0177291112	-0.0105363474	-0.0118792983	-0.0621764672	-0.017249303	0.0674900813	-0.0290958634	-0.0110983016	-0.0489162333	0.0183822591	-0.0191569322	0.0465255199	-0.069711205	-0.0181210657	-0.0243308494	0.0383871421	0.0274191093	0.0093343527	0.1082451108	0.0020677277	-0.0475475135	-0.0165769965	-0.0257756413	0.0337891199	-0.0402729524	0.0241972821	-0.065863066	-0.0249855658	0.0210562484	-0.0236718421	0.0212678752	0.0024028866	-0.0232267558	0.0839976075	-0.0538394191	-0.0548384093	-0.0154174261	-0.0421640753	0.0020983439	0.0190025503	-0.0415466319	-0.0371659246	-0.0144883424	0.0105930715	-0.0324588209	-0.0693241606	-0.0063663431	-0.0209857766	0.0596284431	0.0376195379	-0.0234319414	-0.0007935492	-0.013418892	0.0106411323	0.0279652699	-0.0042916591	0.0300097795	0.0389727426	0.004569495	-0.0716832206	-0.0152949421	0.0239011963	-0.0505380064	0.0074463729	-0.0971478705	0.0383802	0.0097742557	0.0250126059	-0.0368309148	-0.0493301472	-0.080986558	-0.0206950696	0.0370408331	0.029358745	0.0269992899	0.0493480004	0.0139818149	-0.0339069823	-0.0162767495	0.0058768317	-0.0613660258	-0.0190808824	-0.0007037928	0.0234619883	-0.0516552271	-0.0257369933	-0.0102955365	-0.0175601038	0.0373804433	-0.0441592722	-0.058343756	0.0254485038	0.0402457061	-0.1116898131	-0.0144720165	0.0964108879	-0.07406914	-0.0140875969	0.053164053	-0.0052782717	0.0225343289	-0.0479382619	-0.0406637354	-0.1593021776	-0.0346297377	-0.0556737553	-0.0476212708	0.0433897269	0.0411130341	-0.0224831783	-0.1113156586	-0.0677675671	0.0517930361	-0.1066800145	0.073111544	-0.0247601796	-0.286379	-0.034787	0.001210135369	0.082012931641	-0.256573	-0.0312439999999999	0.065829704329	0.0009761875359999	0.473745	-0.0015189999999999	0.224434325025	2.307360999999977e-06	0.0189206	0.0001624	2.637376000000001e-08	0.00035798910436	0.00349871	0.00033049	1.22409716641e-05	1.0922364010000009e-07	-0.00633673	-0.0006444899999999	4.153673600999991e-07	4.01541470929e-05	0.0	0.0	0.0	0.0	0.0	0.0
619.9780815725827	0.194716190718168	384372.8216304201	0.0379143949277939	866.5862847424493	4.551205819330107	750971.7889037214	20.713474409904236	597.8258716820696	-0.4753712121043918	357395.7728524264	0.2259777892975986	617.7220790369965	530.9745104566837	0.977308	43.531425	0.0680004999999999	0.0359862	0.0162850175	-0.0699177428	0.0013129781	-0.0381821638	-0.0088954699	-0.0450535365	-0.0877156617	-0.0609846437	-0.0256906771	-0.0192500449	-0.0581087697	0.0128009934	0.0287589326	0.0256074591	0.0742310147	-0.0192713763	-0.0540354673	-0.109921044	0.0102680793	0.0623074505	-0.0018495943	-0.0170756319	0.0040314518	0.084445309	-0.0195045383	0.1798321785	-0.0230249013	0.0805094134	-0.0429047833	-0.0183321562	0.0627419952	-0.0660404114	0.014446152	0.1228661488	0.0070780554	-0.0517000824	0.0093349872	-0.0487194706	-0.0058853468	-0.0587540542	-0.0168558169	-0.0267699835	0.0237400117	0.0543390172	-0.0451568212	0.0270144932	-0.0230633415	-0.0108764792	0.0672659405	0.0519531629	0.0014685626	-0.006068157	-0.0229823107	0.0385908475	0.0126094164	-0.0313981089	-0.0476561405	0.0341773992	0.0731383219	0.0049223477	-0.0201262727	0.058743134	0.0311127534	0.0083941427	0.0322288497	-0.0536736822	-0.0003730606	-0.0281112178	-0.0483207275	-0.0051095169	-0.0610889467	-0.0204785916	-0.0337876569	-0.0338160601	-0.0159689981	-0.0218662735	-0.0251735852	0.0007380954	-0.0509617047	0.0274627007	-0.0384301829	-0.0623365262	-0.0312744386	-0.0140818431	-0.0014890885	-0.0035200714	-0.0135800609	-0.0188590517	-0.0301023463	0.0266009758	-0.0286619127	0.021134026	-0.0622346599	0.0062668993	-0.032012817	0.0755045911	-0.0315432423	-0.0422605027	0.0093211227	-0.0472669829	-0.0222565021	0.0525931841	-0.054667725	-0.0057979121	-0.0832911044	0.0252902754	-0.0332916884	-0.0315420224	-0.0295772119	-0.0470714255	0.0491831652	0.0338470945	-0.0404701954	-0.0167906461	0.0561513308	-0.028315367	0.0107645899	-0.046226516	-0.030449327	-0.0051720937	-0.027445259	-0.0224033687	-0.0154290894	0.0121616557	-0.0237776835	-0.025087522	-0.0050179533	0.0330260829	-0.0236042311	0.0689425383	0.0314395877	0.0835155907	-0.0396557687	-0.0253420399	-0.0290445757	-0.000139633	0.0285377484	0.0266973755	-0.0156247353	-0.018213877	0.0778958439	-0.004090066	-0.078333573	-0.0006407306	0.0007000823	-0.0285389028	0.0070675969	-0.0354428311	-0.0200282985	-0.0028351822	0.022941793	-0.0215915818	-0.0432481893	0.0051157779	0.0517336347	-0.0849027002	-0.0490633054	0.0805895488	-0.0801402267	-0.0402951902	0.048876107	-0.005684574	0.0355863766	-0.0606490725	0.0944627787	-0.0945084858	-0.0892993062	0.0782075695	-0.1214641886	-0.0314622825	0.0945158229	-0.0427856533	0.0116424098	-0.0784495547	0.0627108508	-0.1078042307	0.077175083	-0.0324035386	-0.29694	-0.0105609999999999	0.0001115347209999	0.0881733635999999	-0.238132	0.0184409999999999	0.056706849424	0.0003400704809999	0.484085	0.0103399999999999	0.234338287225	0.0001069155999999	0.0184408	-0.0004797999999999	2.3020803999999905e-07	0.00034006310464	0.00356235	6.364000000000022e-05	1.26903375225e-05	4.050049600000029e-09	-0.00636646	-2.973000000000038e-05	8.838729000000226e-10	4.05318129316e-05	0.0	0.0	0.0	0.0	0.0	0.0
620.4573466477426	0.4792650751599012	384967.319009157	0.2296950122680258	866.216323298935	-0.3699614435142848	750330.718749525	0.1368714696871733	597.642154144903	-0.1837175371666717	357176.14441096	0.0337521334625874	617.7952581275775	528.1977291712108	0.942671	41.988636	0.0985809999999999	0.0524394	0.0196888555	-0.0632123319	0.0216097984	-0.0174303427	-0.01156889	-0.0373681482	-0.1026495061	-0.0208906483	0.05966531	-0.0023396727	-0.0676663286	0.002436784	0.0153811063	-0.0130099409	0.0306432797	-0.0335194882	-0.085393401	0.001228699	-0.0556797318	-0.0848071405	0.0642628725	0.0108171076	-0.1077119724	0.0945338894	-0.1009865662	-0.0234850098	-0.0036083196	0.0237126406	-0.0977458575	-0.0746940132	-0.0011672061	-0.0122286773	0.0044278324	0.0356767674	0.0176212853	-0.0362942404	-0.0130907825	-0.0311107701	0.0024922017	-0.0500774671	-0.0345897992	-0.0394684485	0.0570351707	0.0711660796	-0.0108570531	-0.0534430266	-0.0308040553	-0.0108263189	8.55641e-05	-0.0637550479	-0.0652143456	0.031620383	0.0190306923	0.0352640984	0.0484175709	0.0283637837	0.0561362527	-0.0016615264	0.0809896696	0.0203081807	0.0784056477	-0.0301402277	-0.0267545065	0.0503742736	0.0370903093	-0.0130186449	-0.0630154037	0.0098312498	0.011277384	-0.0239905761	-0.0330350609	0.0410161452	0.0296472117	-0.0211848048	-0.0088268792	0.0318579346	0.0007359566	-0.0364749071	0.0353814879	-0.002955164	0.0042320441	-0.0214225173	-0.0106145706	-0.0321394867	0.0031680356	0.0415606271	0.0007448429	0.011396282	-0.0139858435	0.033379049	0.0603971295	0.0007937248	-0.02337494	0.0143952881	-0.0444697667	0.0388802496	-0.0243432601	-0.0559408834	-0.0153797233	-0.038060965	-0.0274394159	0.0532571845	-0.0554040979	-0.0994140626	-0.0219950905	0.0040370234	-0.0436376688	-0.0141226724	-0.0427236244	0.0120061184	0.0594424831	0.0161509763	-0.016498283	-0.0744179352	-0.0132307558	-0.0519769311	0.0567979775	0.0240312937	0.0199195444	-0.032556075	-0.0827021807	-0.020999905	0.0165470486	0.0035676233	-0.0390417393	0.0131410775	-0.0155092654	-0.0187171622	0.0135555082	0.0168653577	0.0505293604	-0.025026258	-0.0470452032	-0.0111121091	-0.0092255195	-0.0110386736	0.0179482401	-0.0137234147	0.0290022724	-0.0464375961	-0.0425893239	-0.0178647037	-0.0306722664	-0.0258520537	0.0135024938	-0.0017419294	-0.0444178857	-0.001770755	0.0226192076	-0.0474852255	0.0338673474	-0.027124199	-0.0433784868	0.0107745633	0.0400210473	-0.0873532734	-0.0059168898	0.07197412	-0.0718924594	-0.0107277901	0.0263189761	-0.0321491046	-0.0111505502	-0.0723171365	-0.0755618786	-0.1688469413	-0.0043144844	-0.0716945306	0.0564729234	0.0746939822	0.1027658814	-0.0897596517	-0.0334512668	-0.1137283712	0.0148050188	-0.1088756826	0.081087548	-0.039904206	-0.31607	-0.01913	0.0003659569	0.0999002449	-0.258443	-0.0203109999999999	0.066792784249	0.0004125367209999	0.469934	-0.0141509999999999	0.220837964356	0.0002002508009999	0.019167	0.0007261999999999	5.273664399999996e-07	0.000367373889	0.00358095	1.8599999999999693e-05	1.28232029025e-05	3.459599999999886e-10	-0.00652144	-0.0001549799999999	2.401880039999996e-08	4.25291796736e-05	0.0	0.0	0.0	0.0	0.0	0.0
621.0033848420358	0.5460381942931463	385645.2039852656	0.2981577096269197	870.9056445528211	4.689321253886078	758476.6417139648	21.9897338221477	597.7027262245483	0.0605720796453397	357248.5489362574	0.0036689768325613	617.5495807684994	533.0541592555677	0.965765	43.017284	0.0882105000000001	0.039477	0.0188110032	-0.0674651095	0.0194365521	-0.0204993719	-0.0083147891	-0.0424314843	-0.0613319224	-0.0822170562	-0.0333336204	-0.0030541727	-0.0605657259	-0.0003433656	-0.0005064389	-0.0029137946	0.0503700822	-0.0357255552	-0.0032482581	-0.0325244587	-0.0444343031	0.0048075705	-0.037369515	-0.0373235437	-0.0601041918	0.1366091375	-0.0227417471	0.0332963971	0.008571083	0.0720455042	0.0357012838	0.0666517655	0.0555223086	0.0117205374	-0.026259832	0.0259927347	0.0266913134	-0.0485726556	0.0154953245	0.0219932888	0.0508572056	0.0402067879	-0.0122991129	-0.0657961592	-0.0109200242	0.0746871706	0.0158880076	-0.0690560376	-0.0315279082	0.001965713	0.0414542408	-0.015966669	0.0382910436	0.0516525953	-0.0119351841	0.0414081845	0.0582113317	-0.0412283232	-0.0362061651	0.0103038133	0.0141416989	-0.0342346666	-0.0556387693	0.0011266168	-0.0240460661	0.1050274683	0.0182982659	-0.0206427517	-0.053565149	-0.0156609953	0.0208665019	0.0531215123	-0.0599839641	-0.0046605676	0.0591296731	-0.0150757263	0.0284829786	-0.0310046021	0.1027895328	0.0161171809	-0.0353883331	0.0942750042	0.0049699351	-0.0412206805	-0.0599727774	-0.0145586476	0.061529385	-0.0226873624	0.0332251675	-0.0479040231	0.0141746814	-0.020133088	-0.0374971853	0.0208902619	0.0117248835	0.0177867403	-0.0431196524	0.0491099216	0.0058176611	-0.029106063	-0.0035528018	0.0371493654	-0.1165798869	-0.003957708	-0.0343784357	-0.0674149591	-0.0700926168	0.0259946259	0.01857087	-0.0112104479	-0.0401111848	0.0301462318	0.0346960452	-0.0109243546	-0.0429624677	0.0127042353	0.0583377789	-0.020521148	0.0271531829	-0.0255028004	0.026238065	0.007052819	-0.1083393234	-0.0386421828	0.0262085501	0.0821785597	-0.0307960913	-0.0053746864	0.0460567597	0.0123730148	0.0450874406	0.0462274007	0.0477506298	0.0260423371	-0.0648635347	0.0788794397	-0.0343087277	0.0541554628	-0.0207424213	-0.0620688952	0.0203454837	-0.0046326049	-0.0166117201	-0.0120927666	-0.064275853	-0.0290785708	-0.0607087167	-0.0289614942	-0.0214145379	0.0525786666	-0.0629843297	0.0203028188	-0.0998987559	-0.0149313143	-0.0348741369	0.0126024103	0.0051136511	-0.0937238035	-0.0115762522	0.0796334372	-0.0826576184	-0.0977339599	0.0439848749	-0.0323927059	0.0520719081	-0.0889022567	0.1020453202	-0.0232036969	-0.1072993433	0.081676769	-0.1945082128	-0.0218726301	-0.0669065806	-0.0575383391	-0.084529881	0.1550551535	0.126155698	-0.1098938456	0.0848412804	-0.0472291519	-0.294408	0.021662	0.000469242244	0.086676070464	-0.239473	0.0189699999999999	0.0573473177289999	0.0003598608999999	0.451889	-0.018045	0.2042036683209999	0.000325622025	0.0188407	-0.0003263	1.0647169000000105e-07	0.0003549719764899	0.00360785	2.6900000000000274e-05	1.30165816225e-05	7.236100000000146e-10	-0.00628397	0.00023747	5.639200090000002e-08	3.94882789609e-05	0.0	0.0	0.0	0.0	0.0	0.0
621.6453855095552	0.6420006675194827	386442.98532532353	0.4121648570954613	865.2832556355615	-5.622388917259514	748715.1124832765	31.611257136922607	598.5659911375709	0.86326491302259	358281.2457465026	0.7452263100558999	618.390363546351	530.3856965487521	0.95284	42.441578	0.0898085	0.0473326	0.0339477233	-0.0774436306	-0.017512707	-0.0218574661	-0.0291147704	-0.0566497586	-0.0495019055	-0.0803649138	-0.0451339548	-0.0227077725	-0.0518368439	-0.0034911613	-0.0119491348	-0.0103896581	0.0433684639	-0.0375787538	-0.0112736567	0.0002196716	-0.0522069567	-0.0576821606	0.0258540445	-0.0153159239	-0.0310257871	0.0232310235	-0.107359553	0.0612511601	0.0083210708	0.0671945442	0.0043771655	-0.1474372283	0.0265728329	0.03511429	0.0009942619	0.0580473499	0.0049636143	-0.0520818139	0.0399810235	0.0158997987	0.0443490409	0.0162478414	0.0154735974	-0.0024580137	-0.0045779392	0.0114273008	0.0141547659	0.0065639739	0.0393064194	0.0044570254	0.1129003149	0.0114794378	0.0148637718	0.0239130831	-0.0254178472	0.0019141389	0.0106915177	-0.0131310567	0.0245648648	0.0397584888	0.0203150254	0.0040636754	0.1057906474	0.0518268299	-0.0421872328	0.0126224078	-0.011217218	-0.0222141811	0.0324482207	-0.0600703406	-0.0083861889	0.0331149783	-0.092372169	-0.0082129956	0.0471986193	-0.0147377238	-0.0108192854	-0.01479188	0.1151940298	0.0028418115	0.0055390927	0.0483513361	0.031016826	-0.0366180712	0.046459862	-0.0172975821	-0.023381781	-0.0180798565	-0.0071334537	-0.0352915212	-0.0447968221	0.012341716	0.0329209605	-0.0393747409	-0.0135992625	0.0022356382	-0.0213968239	0.0649572567	-0.0397119052	0.0078113006	-0.0024528954	0.0463878207	-0.038311524	-0.0221065881	0.0043811281	-0.0402230444	-0.0673211955	0.0002620553	-0.0469930815	-0.0447850856	-0.0118556041	-0.0752023873	0.060180786	-0.004052209	-0.0283277414	0.0075146523	-0.0052170201	-0.0228755278	0.018728222	0.0325731115	0.0513246697	0.0012966824	-0.0595917684	-0.0131116903	0.0193760418	0.0092945981	-0.0132264349	0.0074624017	0.0297309712	0.0720228919	0.0272383057	0.0375167664	0.027709953	0.0696730856	-0.0762079864	-0.0013589319	-0.0625057511	0.0239080797	0.0500831685	0.0017795112	0.0379983448	0.0087449419	-0.0366028055	0.0068782291	0.016351125	-0.0374632554	-0.0175761455	-0.0569048745	-0.0341131279	-0.0768602998	-0.0081338069	0.0494618823	-0.051123817	-0.0128484287	-0.0447356918	0.0167177576	0.0146329224	-0.0709434701	-0.0261198629	0.0844343596	-0.0873157593	-0.0699155729	0.0796853777	-0.0192235739	0.0098489599	-0.0803886729	-0.007018511	-0.1069753257	-0.0513473847	0.0476286387	0.054194106	0.0404746361	0.0644378352	-0.0274792924	-0.0311962436	-0.011721437	0.0385667557	-0.1108582214	0.0884289321	-0.0543461203	-0.313797	-0.0193889999999999	0.0003759333209999	0.098468557209	-0.264699	-0.025226	0.070065560601	0.000636351076	0.466774	0.014885	0.217877967076	0.000221563225	0.018795	-4.569999999999921e-05	2.088489999999928e-09	0.000353252025	0.00356764	-4.021000000000016e-05	1.27280551696e-05	1.6168441000000127e-09	-0.00680423	-0.0005202599999999	2.706704675999998e-07	4.62975458929e-05	0.0	0.0	0.0	0.0	0.0	0.0
622.7138524665997	1.068466957044507	387772.5420537941	1.1416216382959476	870.3880730599586	5.104817424397083	757575.3977250279	26.05916093642807	599.6995680124321	1.1335768748612054	359639.5718742977	1.2849965312200968	619.3365548769663	530.7989370196794	1.007984	44.897827	0.1323385	0.0698243	0.0454721943	-0.0814329347	-0.0763423381	-0.0226392558	-0.0461510318	-0.0669390301	0.0017670107	-0.0528934397	-0.1571917365	-0.1162244537	-0.0431041166	0.0386991369	-0.0454277775	-0.0037999117	0.0840134693	-0.0455494723	0.0396232576	0.0388649622	-0.0220656921	0.0076837208	-0.1028032732	0.094426187	0.1136518487	0.0264706728	-0.0575473986	0.0501891508	0.0175477554	0.0046501043	0.0683716498	0.0329395127	0.0621431681	0.0668502077	-0.061157708	0.064144628	-0.0205891231	0.0044428427	0.0141897933	-0.0034259961	0.0133795312	0.0064396503	0.0777924915	-0.0652441061	0.0059375154	-0.0347253132	-0.0447030927	0.0476471595	0.0350736699	-0.0362252747	-0.001881186	0.1075782239	0.0110453538	0.0211016431	-0.0156440432	0.0329004455	0.0372945735	0.0044462732	0.0588891762	-0.0036509404	0.0379021996	-0.0084139031	-0.0304840792	0.0590780051	-0.0967803824	0.0095527189	0.0784878427	0.0359909982	0.0117136395	-0.0003294135	0.0010434252	0.0527713976	0.0829192823	-0.0143045609	-0.0074610188	-0.0608383936	0.0553072992	-0.0462396528	0.0643392767	0.1198431741	-0.0063935316	0.0227877425	-0.0238096801	-0.1248982252	0.038337578	0.0690685511	-0.040514661	-0.0410490877	0.0283531128	-0.0505738129	-0.0771796482	0.0517263153	-0.0301718355	0.003891369	-0.0540524573	-0.0164230953	0.0524737243	0.0793965249	-0.0637952532	0.0214381446	0.0644008165	0.0393231668	-0.0510745297	-0.0459783868	-0.0297172201	0.077691575	-0.0794082386	0.068537964	-0.0854722588	0.0037490085	-0.0358568516	-0.0699746364	-0.0074984893	0.0392010636	0.070703579	-0.0339146082	0.022231263	-0.0206206419	-0.036911871	-0.0020003551	0.0402316132	-0.0413963595	0.0375957197	0.0138398564	0.017306052	0.0263527979	-0.0042531848	0.0266403091	0.0270909091	0.0140093699	-0.0068511665	0.0393270524	0.0451557221	-0.0156324523	-0.0321719084	0.133612393	0.0668961369	0.0796226334	0.0820526486	0.0437693713	-0.0660336753	0.0233413204	-7.24257e-05	-0.0211417043	0.0158100861	0.0223172174	-0.0424578856	-0.0518724776	0.0301085382	-0.0263555148	0.0685194009	-0.0405264513	-0.0147346013	0.0107833273	-0.0095320237	-0.0205562056	-0.0032024443	-0.0397775746	0.0077976165	0.1116665257	-0.0931208267	-0.0907515251	0.1367417137	0.0523417198	-0.04856539	-0.0882404567	-0.059344757	-0.002080669	-0.0957416634	0.1786585799	-0.0002484656	0.0543905404	-0.1520099021	-0.093720924	0.0100673541	0.1218872534	0.0626069883	-0.111768338	0.0918434799	-0.0612237711	-0.328476	-0.0146789999999999	0.0002154730409999	0.107896482576	-0.284549	-0.0198499999999999	0.080968133401	0.0003940224999999	0.455197	-0.011577	0.207204308809	0.000134026929	0.0195609	0.0007658999999999	5.866028099999998e-07	0.0003826288088099	0.00347695	-9.069000000000004e-05	1.20891813025e-05	8.224676100000007e-09	-0.00767229	-0.00086806	7.535281636000006e-07	5.88640338441e-05	0.0	0.0	0.0	0.0	0.0	0.0
622.6961101873203	-0.0177422792794459	387750.4456424193	0.0003147884740298	867.7139427290565	-2.6741303309021305	752927.4864064043	7.150973026650738	598.4589736284959	-1.2405943839362408	358153.1431164727	1.5390744254541409	618.1911514058498	527.8981949114841	1.049643	46.753418	0.2111355000000001	0.117147	0.0615079844	-0.039494918	-0.1482022235	0.0093979611	-0.070654055	-0.0500403835	0.0406395754	-0.0152479986	-0.111373748	-0.1417867375	0.0148783935	0.0706616682	-0.0141318038	-0.0833653914	-0.047947626	-0.0668815054	0.0122626708	-0.0242958043	-0.0670975216	-0.0945844361	-0.0323476727	0.1820387129	0.1113223485	-0.0913844746	0.0469065543	-0.0318991139	0.0426596893	0.0219196239	0.0352995911	-0.0073534128	-0.0216666131	0.1438179849	-0.118057949	0.1126043692	0.0086903389	0.1119956801	0.0835376998	0.042111496	-0.0236188558	0.0481308661	0.0071357259	-0.1292041193	0.0052962031	-0.1007430994	-0.0340029123	-0.0234546096	0.0479889798	-0.0170050895	-0.0224403975	0.043504096	-0.0011709799	-0.0465464397	-0.0049523035	-0.0343983575	0.0155763134	0.0110576707	-0.0323693788	-0.0499281977	0.0157122191	0.0174092902	-0.0339583804	0.0014545806	-0.0184801953	-0.0074041034	0.0359931959	0.042314438	0.0514809009	0.0164327211	0.0167826941	0.0499573237	-0.0058247514	-0.0342688815	0.014217082	0.0031236372	-0.0294732029	-0.0293624429	-0.0093294488	0.057200351	-0.0432664773	0.0985324755	0.0067013504	0.0225027005	0.067438162	0.1490628026	-0.0772982959	-0.0089966833	-0.1064560184	0.0602779824	0.025126309	-0.0218877811	0.0137802342	-0.0527929863	0.0982356451	0.0040545554	0.118645645	0.0165639813	-0.0903901691	0.1007963025	0.001760361	-0.0178467413	-0.0623726206	-0.1350398591	-0.0028530512	0.0149300755	0.0395170128	0.0673409526	-0.0947664047	0.0401006787	0.0062702345	0.0157499147	0.0224681487	0.0526501773	0.0170099091	-0.0093820781	0.0190290784	-0.0085435234	-0.0586556253	-0.0054273219	0.0372034752	0.0468501457	0.0361359954	-0.0193348038	-0.0030851726	0.0192990606	-0.0120753497	0.0020049239	-0.0127240242	-0.0143673278	-0.0028127806	0.0113635202	0.0236171732	0.0197719359	-0.0359151659	0.0605767761	0.032618201	0.0545078975	0.0492127914	0.0356520451	-0.0163999981	0.147955292	0.0049693237	0.0287996155	0.0259981981	0.0471269616	-0.0223732015	-0.0295159179	-0.0399711034	-0.0800489851	0.0122226634	-0.0349500817	0.0446395725	0.0119595425	0.060362267	-0.042679478	-0.107208828	-0.0212774862	-0.0180535783	0.1276542663	-0.0473287522	-0.1094211001	0.0894813262	0.0814190425	0.0053020097	-0.0483017254	-0.1267464984	0.0565327102	-0.0830667156	0.1795968192	0.2840159952	0.1526369654	-0.1329507637	0.0056810504	0.2810795005	0.0195982739	0.087877439	-0.11262375	0.0950782398	-0.067831818	-0.361411	-0.0329349999999999	0.0010847142249999	0.1306179109209999	-0.290362	-0.005813	0.084310091044	3.3790969000000146e-05	0.359801	-0.095396	0.1294567596009999	0.009100396816	0.019882	0.0003211	1.031052100000008e-07	0.000395293924	0.00443944	0.00096249	1.9708627513600003e-05	9.263870001000006e-07	-0.00741605	0.0002562399999999	6.56589375999998e-08	5.4997797602500006e-05	0.0	0.0	0.0	0.0	0.0	0.0
623.4716705262941	0.7755603389738326	388716.9239488479	0.6014938393892061	876.4945887716082	8.780646042551666	768242.7641459105	77.09974492457823	600.1984736168447	1.7394999883488254	360238.2077319902	3.0258602094655638	620.6898475642513	540.7733991949045	1.101878	49.080074	0.224429	0.128206	0.0241524564	0.0927349943	-0.0685326606	0.0768623895	0.016173066	0.0105625969	0.0334240083	-0.0149511467	-0.01624254	-0.0602788041	0.1145581056	0.0027311849	-0.0382797791	-0.0461237783	-0.0101499704	-0.0603040988	0.0274643027	0.0043665012	0.0076463061	0.0697890754	0.0152091393	0.1174334486	0.0169911637	0.039485618	-0.0495666617	-0.0220766707	0.0528328834	0.0222805256	0.0774008718	0.1076980198	0.1012224267	0.0052339186	0.2437706906	0.0906467137	-0.0241029505	0.061025616	0.0649550677	0.076444579	-0.0220491297	0.0067179672	-0.0177785649	0.0391646182	0.0214500231	-0.0442948406	0.0162800438	0.0523064621	-0.0216462235	-0.0633182651	-0.0385500171	0.0504022806	0.0243077769	0.0185365396	0.0025800363	-0.0804555132	-0.0476367581	-0.0042846521	-0.0010644409	0.0662308658	-0.0095171094	-0.007219383	-0.0417415215	-0.0458597285	0.0527216315	-0.0265045735	-0.0219451971	0.0427155889	0.0445984306	0.0360815569	-0.057988557	0.0166934169	0.0709501656	0.0102411034	0.0014889226	0.0392206786	0.0195825207	0.0707218888	-0.0701602085	-0.0939480813	-0.0055363532	-0.0112285949	0.0155669082	-0.0114088835	0.0065101376	0.0184924174	-0.0673043435	-0.0377546638	-0.0327230057	-0.0232638355	0.0083375199	0.0661171287	-0.096191203	-0.005948124	0.0125926517	-0.0197030367	0.0929037943	-0.0351359115	0.0160581581	0.1041310799	-0.0518709023	0.0011368625	0.0195013182	-0.0450236871	-0.0100937605	0.0406330819	0.0333063988	-0.0250326457	0.0392632241	-0.0409702558	-0.0147364132	-0.0129179165	0.010512414	-0.0293842658	0.0332877825	0.0366386004	-0.0125732367	-0.0311949123	7.57374e-05	-0.0399213473	0.0219366954	0.0035211377	0.0508531706	0.0385097746	0.0005357758	-0.0767831998	0.1315100879	0.0228155097	-0.0210631991	-0.0670380796	0.0217300793	-0.0034295567	0.0321896605	-0.067293938	0.0319417523	-0.0088966228	0.0259646646	-0.0727305834	0.0496757201	-0.0243794159	-0.0306940375	0.0096593456	0.030818114	0.0770407565	-0.0083636425	-0.079973125	0.0577582054	0.0042078738	0.0194051963	-0.0039495745	0.0704882203	-0.0804870339	-0.0474774167	-0.0064713729	0.0437194774	-0.0239512967	-0.1289902123	0.0050989231	-0.0817341909	-0.0050847409	0.0153977773	-0.1055892624	-0.0559063021	-0.009571239	0.0857395959	0.0041380826	0.0784529156	-0.0331007197	-0.0600566795	-0.0839571772	0.0016448896	-0.0089068461	0.104003255	-0.0558711433	0.0038923244	0.0220945212	0.1171826381	-0.1134240387	0.0981268796	-0.0741411618	-0.333261	0.02815	0.0007924225	0.1110628941209999	-0.177644	0.112718	0.031557390736	0.012705347524	0.402087	0.042286	0.161673955569	0.001788105796	0.020013	0.0001309999999999	1.7160999999999782e-08	0.000400520169	0.00425667	-0.00018277	1.81192394889e-05	3.3404872900000186e-08	-0.00690432	0.00051173	2.618675929000002e-07	4.76696346624e-05	0.0	0.0	0.0	0.0	0.0	0.0
622.7638918552921	-0.7077786710020746	387834.8649987499	0.5009506471254629	879.4970882196336	3.0024994480254463	773515.128186814	9.01500293539311	599.6393458865757	-0.5591277302689832	359567.3451352804	0.3126238187557448	620.132983873106	542.740051078749	1.053817	46.93932	0.1925935	0.111222	0.0154787812	0.0193762554	0.0465186351	0.039803732	0.0119171882	0.0378286098	0.049373251	0.0191112563	-0.0062101361	0.0359459886	0.0408595538	-0.0333178586	-0.0446205042	-0.0855193878	-0.023876892	0.0457281592	0.0749328839	0.0124455964	0.0352320732	-0.1153134475	0.0119897907	0.1073071272	0.0341339321	-0.0259042746	-0.0210786058	-0.0234067336	-0.0556505346	-0.0466563122	0.0205292501	-0.0178655879	-0.0071106006	0.0277014839	0.0912299341	-0.0402653546	-0.016690296	0.015861574	0.0210956009	-0.0272378149	0.0215912853	-0.0185671071	-0.0522972049	-0.014393128	0.0095700182	-0.0090953233	-0.0335989924	0.0452687394	-0.0198183206	0.0117370478	-0.0562815469	0.0136089421	0.0241472658	-0.0658086541	0.0272803147	0.0142801753	0.0033725746	-0.0149403156	-0.0040124401	0.0178847357	-0.0090933793	-0.0207599871	0.0085201527	-0.0283757965	-0.0214206615	-0.0433812733	-0.0219055829	0.0331906001	0.0521193637	-0.0133897625	0.035744688	0.0151287866	0.0191777373	0.0070242393	-0.0065380405	-0.0369944065	0.0383265387	-0.0108853037	0.008560031	-0.0322832492	-0.0084489985	-0.0450189964	-0.0685253356	0.0466235414	-0.0015565365	0.0452383731	-0.0263005905	-0.0128353594	-0.0296017819	-0.0006518847	0.0120597218	0.014300524	-0.016909256	0.0212701927	0.037730532	-0.018082457	-0.0240775781	-0.0429516678	-0.0070178945	0.025871548	-0.0322580574	-0.0144024105	0.0112461277	0.0199631386	-0.0506932448	0.033935613	0.0508910419	0.0351256854	0.0393582812	0.0397819628	0.0231099677	-0.0229315896	0.0298695061	0.0099373277	0.0656320369	-0.000804916	0.029447764	0.0324452589	-0.0242580311	0.0402274573	-0.0342641268	-0.0103370856	0.0482260867	0.0334569113	0.0116603792	-0.0488501348	0.0367327166	-0.0227294747	0.0107334143	-0.0300852747	0.0018933415	-0.0321672028	0.0153823594	-0.0213491828	0.0523473835	-0.0407228845	-0.0169450049	0.0530433054	0.0098207319	-0.0171535066	0.0081506174	0.0013802961	0.0349017473	0.023668189	0.0937228527	-0.0135923263	0.0204279442	0.0114713749	-0.0092732924	0.0064286852	0.0312719104	-0.0286988259	0.0230032528	0.003515295	0.0308431756	-0.0408370107	-0.0187759318	-0.008537855	0.0403567891	-0.0071652156	0.0237583941	0.0170397549	-0.0323032792	-0.0027775602	0.0422435451	-0.0362713288	-0.0568175516	-0.0581904508	0.0428442024	0.0028563405	0.1351047508	0.0730458156	0.1240880994	0.0340283145	0.1224830948	0.0165684277	-0.062792311	-0.1141688124	0.1009834314	-0.080124019	-0.345307	-0.012046	0.000145106116	0.1192369242489999	-0.260103	-0.0824589999999999	0.0676535706089999	0.0067994866809999	0.432652	0.0305649999999999	0.187187753104	0.0009342192249999	0.0199869	-2.610000000000112e-05	6.812100000000585e-10	0.0003994761716099	0.00435796	0.00010129	1.8991815361600003e-05	1.0259664100000082e-08	-0.0081274	-0.0012230799999999	1.4959246863999992e-06	6.605463076e-05	0.0	0.0	0.0	0.0	0.0	0.0
621.1318125664916	-1.632079288800469	385804.7285821352	2.6636828049314443	875.7426744160704	-3.754413803563239	766925.2317934114	14.095623008386184	599.352181462587	-0.2871644239886564	359223.03742396185	0.0824634064047368	619.811394575517	545.5829855498081	0.994721	44.307053	0.084559	0.0485084	0.0090274464	0.0577651602	0.0406305313	0.0181035331	0.0257436318	0.052049012	0.1084403689	0.1806829925	0.0284526776	0.0527435586	-0.0022896675	-0.0201930417	0.0405013643	-0.0061294343	-0.1292327316	0.1020677821	-0.0169810896	-0.0170473316	0.0793636607	0.0461050644	-0.0200848921	-0.082921083	0.0179751857	-0.1248581255	-0.0053478573	0.0584735311	-0.1656418673	-0.0210602026	-0.0956007495	0.0795553035	-0.0245309312	-0.0431789327	-0.0343051484	-0.064067241	-0.0005545512	0.0480909172	0.038714129	0.0223805122	0.0419723203	0.0145285969	-0.0126524634	0.0086407977	-0.0280401574	-0.0197458797	0.0173610077	0.0248566105	-0.092033371	0.0043943334	-0.0138408705	0.0282551233	0.0505401073	-0.0006198752	0.0603652598	-0.0073633444	-0.0395136887	0.0292549385	0.006470132	0.0143187077	-0.0394713201	-0.0299872035	-0.0587782667	-0.0390396977	0.0239708622	0.0558774943	0.0230876361	0.0128530362	0.0207709548	-0.0030856367	-0.0695743462	-0.0506094604	0.0120647084	-0.0568042285	-0.0120761001	0.0204092954	-0.0230734013	0.0097244867	-0.0702066159	0.000308364	0.0498571743	0.0033010815	0.0015412196	0.0636789109	0.0319259355	0.0301249314	-0.0123210465	0.0040059277	-0.0313730508	-0.0169958976	-0.0002540001	-0.0045223246	-0.0111807926	-0.0245085863	0.0779722545	-0.0005083848	-0.0072760175	-0.0524231	-0.0127190397	0.0298105262	-0.0650453151	-0.0227717545	-0.006446846	-0.0229113912	0.0082405799	0.0865287824	0.0262597888	-0.0035198525	0.1037998725	-0.0297102555	-0.0064479876	0.0138188995	-0.0306530397	-0.0324607848	-0.0106393841	0.0318468142	0.011700187	0.0296861493	-0.0067368579	-0.0599840462	-0.0264764105	-0.0431748721	-0.0354400854	0.0300195507	-0.005735299	0.0158788878	0.0420059792	0.0351903438	-0.0061986245	-0.0653818583	-0.0606546758	-0.0480201498	-0.102505005	0.0073442272	0.0027119182	-0.0708336022	0.0038881157	-0.0166160177	0.0422012226	-0.0591843674	-0.0020502837	0.0475442649	-0.0063478824	0.0223976838	0.019817439	-0.0289638501	-0.0297371066	0.0454009604	-0.0128966257	0.0121686816	0.050647521	0.051939852	0.0505749241	0.0252457029	0.0502465858	-0.0941629791	-0.0044964326	0.0089330417	0.0069895955	-0.0301677103	0.0038744152	0.0217894182	-0.0465785024	0.0109765797	0.0110948707	-0.0359699637	0.0665990362	0.0372770439	0.0518136919	-0.051134414	-0.1035770992	-0.0559640382	-0.026217429	-0.0730903704	-0.1070985742	0.1203883568	0.0437046221	-0.1148577065	0.1036423034	-0.0857540434	-0.377681	-0.032374	0.001048075876	0.1426429377609999	-0.261303	-0.0012	0.068279257809	1.4400000000000826e-06	0.455508	0.022856	0.207487538064	0.000522396736	0.0199423	-4.459999999999881e-05	1.989159999999893e-09	0.00039769532929	0.00449829	0.00014033	2.0234612924100003e-05	1.969250890000004e-08	-0.00850505	-0.00037765	1.4261952250000016e-07	7.23358755025e-05	0.0	0.0	0.0	0.0	0.0	0.0
620.1041639152962	-1.0276486511953635	384529.1741050886	1.05606175030365	881.0518724585389	5.309198042468552	776252.4019626975	28.1875838541519	597.9395055049673	-1.41267595761974	357531.65224352485	1.9956533612368497	618.3891434034579	543.7285911020264	0.98193	43.737316	0.0387985	0.0207965	0.0037399455	0.0604756866	0.0465703558	-0.0328030672	0.034078025	0.0767567091	0.0169644855	0.0210989891	-0.0934584043	0.0624160528	0.0401075944	-0.0164720819	-0.0288991241	0.0956653276	-0.0114958693	0.0408606831	0.0118365426	0.0094044488	0.113642	-0.0041986351	0.0669541051	0.0588594297	0.0491910651	0.0421048838	-0.0022111083	0.1035077002	-0.0091266279	-0.0291713436	0.0715670861	-0.0437315809	0.0140384453	0.0464035508	0.0008052085	-0.0519031675	0.0385848775	0.0349924669	0.0228193085	0.0589364816	0.0460370995	0.0495984829	-0.0175650967	0.0011011237	-0.0570447012	0.0030618697	-0.0133028465	-0.0520161123	-0.0086959502	0.0121822917	0.0495283434	-0.0339838015	0.0281434401	-0.0072722012	-0.0080016727	-0.0189104917	0.0466346303	0.0244862938	0.0008157645	-0.0040142194	-0.032882954	-0.0033217807	-0.0884049842	-0.0491384608	0.0300185368	0.0459707695	0.0033737633	0.0654567051	0.0596670752	0.0281309468	-0.0720081509	0.0493097739	-0.0240264668	-0.0140523845	-0.0514244825	0.0225868816	-0.0856052883	0.0211739929	-0.0003927321	-0.0091468293	0.0030911956	0.0021087096	0.0018269684	0.0195489607	-0.0006295969	-0.0440214696	-0.0576358516	-0.0058534924	-0.0027835894	-0.0114580177	0.0015819876	-0.0631809618	-0.0014435399	-0.0823363156	0.0460524747	0.0273766351	-0.0164576164	-0.0580982237	0.0154162567	0.0121851473	-0.0543578656	0.0242112558	-0.0646504338	0.0023391108	0.0339817427	-0.0013830545	0.03806831	0.0111350576	0.0009672549	0.0050996872	0.059659951	0.0485921422	0.0013297191	-0.0072333982	-0.0158723283	0.0401840074	0.0112200298	0.0130081536	-0.0341082895	-9.82087e-05	0.0244209558	0.0114451205	-0.0163106711	0.0530674745	0.0381226404	0.0065323319	0.0671474698	0.0085110784	-0.0433528588	-0.0355007144	-0.096117932	-0.1127566448	0.0185437501	0.0306874048	0.0114041872	-0.0280809057	0.0141403604	-0.0296013517	-0.055249864	-0.060160338	-0.015630622	-0.0014058733	0.0206273437	0.0197997809	-0.0269108439	0.013488505	-0.0235303405	0.0707910062	0.0285458233	-0.0610342765	-0.0537522275	0.0618183343	-0.0608717275	0.0250858058	0.0461917081	-0.0755727575	0.0008030005	-0.009275603	-0.0157888482	-0.0245532975	0.0172809478	-0.0075725694	-0.0454177775	-0.0019960543	0.0451168863	0.0092061604	0.067810195	0.0353570145	0.0024588774	0.0595975939	0.088539677	0.0102863238	0.1054629733	-0.0090269427	0.0440976063	0.0218384061	-0.0464132119	-0.115490384	0.1060982907	-0.0910064429	-0.366447	0.0112339999999999	0.0001262027559999	0.134283403809	-0.259943	0.00136	0.067570363249	1.849600000000076e-06	0.455556	4.799999999999249e-05	0.207531269136	2.3039999999992794e-09	0.0201804	0.0002381	5.6691610000000725e-08	0.00040724854416	0.00461589	0.0001175999999999	2.13064404921e-05	1.382975999999996e-08	-0.00833762	0.0001674299999999	2.803280489999989e-08	6.95159072644e-05	0.0	0.0	0.0	0.0	0.0	0.0
620.8788704139472	0.7747064986509713	385490.571726499	0.6001701590520474	871.9467996994698	-9.105072759069117	760291.2215061473	82.9023499479425	597.8315967073361	-0.1079087976312394	357402.6180216429	0.0116443086062197	618.0929503142653	534.487654343022	0.98639	43.935955	0.1235919999999998	0.0690464	0.0225431156	-0.0052104726	0.0218214371	-0.0446688446	-0.0144116959	0.0527868495	-0.0502024053	-0.0040262638	0.0110459513	-0.0134372619	-0.0055544822	-0.0548285498	-0.0387322951	0.0480897986	0.0537226307	-0.0107232025	-0.0200659314	0.1142503508	-0.0403274186	-0.0070061316	-0.0084087044	0.0734006556	0.0204125855	-0.0048643312	0.0582965272	-0.082124359	-0.031590183	0.0161003593	-0.0227425486	0.0769830763	-0.0048246154	-0.1194154729	-0.0218506728	0.0345667464	0.0350052217	0.0221991905	0.0129230399	0.0083413233	0.0639946886	-0.0352867407	-0.0370295786	-0.0411497268	-0.0315265454	0.0626278398	0.0122808132	-0.0031462267	0.0643626745	0.0626128717	-0.0222405375	-0.0149441543	0.0422568811	-0.0399545498	-0.0509062019	-0.0205710975	0.011760058	-0.0029391311	-0.0057079292	-0.0843433836	-0.0096651035	-0.0271632248	0.0565955679	0.0133878657	-0.031249108	-0.0569394487	0.0557902643	0.0027784614	0.0122653916	-0.0487254242	0.0734069979	0.0599766149	-0.0043796529	0.0029281314	0.0094263941	0.0029687034	0.0384977821	0.0068473949	-0.0057862201	0.0183694748	0.0021713203	-0.0050304127	0.0034228733	0.0141770711	0.0856931934	-0.0634116811	0.0240594957	-0.0374142797	-0.0159819862	0.032307982	-0.0068493077	-0.0477958801	-0.0078099397	-0.0124655949	0.0585812279	0.0309982018	-0.0262515485	-0.0186356455	-0.0377617222	-0.032945793	-0.06009502	0.0082787431	-0.0652460139	0.0346559805	0.0272231471	-0.0748844287	-0.0110369366	-0.0278182754	-0.026824142	0.0655280355	0.0367679501	-0.012094504	-0.0278661031	0.0390853882	0.0454243859	0.0346950084	0.0356234068	0.0264169418	-0.0167633413	0.0629833334	0.0147349481	-0.0052987936	0.0488657493	-0.0077480329	0.0130083054	0.059739703	-0.051494332	-0.0320096086	0.0253890637	0.015713242	0.0547190296	0.0025222844	-0.0218124139	-0.0084385235	0.0413064507	-0.038221474	-0.0377959639	-0.0421601289	0.0072553511	0.001785636	-0.0346424832	-0.0274905452	-0.065553617	-0.0239457415	0.0333117824	-0.0394803668	-0.0073361648	0.020838009	-0.0010783585	-0.0273798204	-0.0317884654	0.0046344697	-0.0087747735	0.0223328116	0.0477419782	-0.089214657	0.0483300962	-0.0246690136	-0.0010689188	0.0064258542	-0.0152810526	0.0515842066	-0.0041514492	-0.0229821699	-0.0195485935	-0.017951586	0.0044368065	-0.0083282806	0.0272779796	-0.0306273636	-0.0356381282	-0.0048020647	-0.0672312638	0.0625592672	-0.0551571958	0.0365600983	0.0332495357	-0.116066535	0.1083465856	-0.0958580879	-0.385324	-0.0188769999999999	0.0003563411289999	0.148474584976	-0.309901	-0.049958	0.0960386298009999	0.002495801764	0.495936	0.0403799999999999	0.245952516096	0.0016305443999999	0.0201899	9.499999999999093e-06	9.024999999998276e-11	0.00040763206201	0.00459357	-2.2320000000000152e-05	2.11008853449e-05	4.981824000000068e-10	-0.0085933399999999	-0.0002557199999999	6.539271839994903e-08	7.384549235559829e-05	0.0	0.0	0.0	0.0	0.0	0.0
620.1421518846906	-0.7367185292565637	384576.2885441747	0.5427541913499543	871.9255107361985	-0.0212889632713313	760254.0962725806	0.000453219957168	598.1872700535433	0.3556733462072543	357828.0100541108	0.1265035292022654	618.2060879506345	537.6362879138469	0.938718	41.812569	0.1473979999999999	0.0799982	0.0182015781	0.0205736654	0.0293065279	-0.0342118594	0.000234139	0.0556899512	-0.0059986024	0.050871446	-0.0199564206	0.0164739352	-0.0195210607	-0.0228026669	0.0125241975	0.0070866116	-0.0080931831	0.0400955017	-0.0819057977	-0.0152517852	0.0140517175	0.003333417	-0.0431182748	-0.0981764168	0.0527073633	-0.0241655459	0.0456710257	0.0984127195	0.0209338059	-0.000327044	0.0905118091	-0.0043817707	0.0026889415	0.0420081693	0.0090777392	0.0007596484	0.0298440797	0.0460808934	0.0257152155	0.0108974528	0.0222302853	0.0291646858	-0.0121508573	-0.0436792602	-0.0251583765	-0.0272471549	-0.0149044788	0.0069776088	-0.0155717049	-0.0027188315	-0.0011150877	-0.0363252466	0.0333527685	-0.0382777573	-0.025187361	-0.0146069238	0.0001950262	-0.0027362434	-0.0788870971	-0.0015398611	-0.0459137892	-0.0305562153	0.0148394628	0.0134901269	-0.0050324151	0.0392473034	0.0211189761	0.0338381691	-0.0382035619	-0.0347499127	-0.0204843355	0.0147217383	0.0041605896	0.0552030986	0.0179354145	-0.0164255441	0.0475923389	0.0275937582	0.0207998988	-0.0300934663	0.0410019271	0.0002272054	0.0165749633	0.0691697693	-0.0198603211	-0.0615580356	0.0387533047	-0.0097009006	0.0085148405	0.0462560017	-0.0049035334	-0.0335065458	-0.050157019	-0.0181664878	0.0768790098	0.0331225936	-0.0217488738	-0.042560921	-0.003074615	0.0036530682	-0.020377806	-0.0144115295	-0.0704693357	-0.004753647	0.0258969184	0.0230793711	0.0309330638	-0.0215498725	-0.0070111766	-0.0359931799	0.0219239559	0.0409994604	-0.0361963515	-0.0402551242	0.0117452523	0.00857394	0.0355598926	-0.0076677032	-0.0130211708	0.0331031343	-0.0492788024	-0.0026535656	0.0239900916	0.0467205718	-0.0059804363	-0.0004310234	-0.036483631	0.0106053957	0.0491520452	0.013518953	-0.0008768353	0.0309283726	0.0059508191	-0.0071695006	0.0217118005	0.0011581819	-0.0393615815	0.0028992664	-0.003335431	-0.0613440234	-0.0436850585	-0.0148087384	-0.0551462173	0.0433906032	0.0171910352	-0.0567797133	0.0554659717	0.0275057135	0.0067267147	0.0645710245	-0.0512190829	0.0985919133	-0.0281561149	0.0092018559	0.0227451097	-0.0384021143	0.0267923099	-0.0402879763	-0.0180419269	0.0005771467	0.0248410879	0.0088875358	-0.013938893	-0.0156655127	0.0410916408	-0.0156506338	0.0962075518	0.0425559845	-0.0327325834	0.058200412	-0.0048309095	-0.0360979491	0.0235989424	0.054566771	-0.0133543232	0.0660355014	0.0050757726	-0.1165858777	0.110382787	-0.100287614	-0.333962	0.051362	0.002638055044	0.1115306174439999	-0.264086	0.0458149999999999	0.069741415396	0.0020990142249999	0.49774	0.001804	0.2477451076	3.2544160000001005e-06	0.0199766	-0.0002132999999999	4.549688999999983e-08	0.00039906454756	0.00434976	-0.0002438099999999	1.89204120576e-05	5.9443316099999856e-08	-0.00808211	0.0005112299999999	2.613561128998986e-07	6.53205020521e-05	0.0	0.0	0.0	0.0	0.0	0.0
621.0895639988915	0.9474121142009152	385752.2465083332	0.8975897141346482	873.4604844120598	1.5349736758613517	762933.2178293503	2.35614418558731	598.4593235822848	0.2720535287414805	358153.56198256585	0.0740131225006915	618.5593465332787	528.2527826264447	0.993451	44.250477	0.0985969999999999	0.0478616	0.0371013127	-0.0494390902	-0.0130557082	-0.0737512762	-0.0416709316	0.03870589	-0.0914775556	-0.1065380536	-0.0054788973	-0.0231442081	-0.05352047	-0.0022960078	-0.046978176	0.1070251711	0.0715008953	-0.0786679533	0.0001057435	0.0780037025	-0.0134311324	0.0255330477	0.0594339553	-0.0220629389	-0.0130947382	0.0072814585	0.0106116506	-0.0206402115	-0.0128719491	0.0696499627	0.0341582162	-0.0132376796	0.0355941663	-0.1135418201	-0.0566528729	-0.0338750909	0.0196941066	-0.0241178529	-0.0081117658	-0.0178586446	0.0125335816	-0.0653625667	-0.0363030937	0.0156145735	0.0340558096	0.0473050287	0.01356494	0.0472900606	0.0726182882	-0.0082614887	0.0043803419	-0.0247941239	-0.0041541925	-0.0134278645	0.0316846458	-0.0172906862	0.0704077583	0.042880679	0.0665007468	0.0025807522	-0.0488181854	-0.0224902639	-0.0219550722	-0.0088307874	0.0428328942	-0.0111739248	0.0232068118	0.0475226305	-0.0570698429	-0.0370127967	0.005679896	-0.0091165377	0.062051187	0.0225592537	0.0113543045	0.0565453295	0.0155809767	0.0382192542	0.0258721223	-0.0661726573	0.0333156317	-0.0675294859	0.0388646608	0.0321121847	0.0367548272	-0.0382964493	0.0642660515	-0.02399133	0.0357967439	0.0510489111	-0.0285407951	-0.0403983623	0.0188142932	0.042599485	-0.0109840303	0.0187192498	-0.0204975836	0.0351056398	-0.0421168041	-0.024503229	-0.0234906708	-0.0169320876	0.0025588478	0.0474464126	-0.0020799114	-0.0672484091	-0.0340718528	-0.0795624859	-0.0359303517	0.0123326832	-0.0062711777	-0.044240302	-0.0344591022	-0.0026470858	0.0566698617	-0.0040605092	0.0216200431	0.0126095543	-0.0364039892	0.0370789979	-0.0197815107	-0.0204564983	-0.0022926097	0.0003354476	-0.0057007069	-0.030699559	-0.01088812	0.0327042117	0.0158059714	-0.0493142165	0.0419355012	-0.0258474571	0.0061812719	-0.0051241227	0.0399484174	0.0452079435	0.0371091088	-0.0771721729	0.0095485256	-0.0153720122	0.0444298249	-0.0107159542	-0.0388797314	-0.0130165847	0.0271185251	-0.0654556886	0.0446613581	0.050314499	0.0618270644	-0.007493082	-0.0662603379	-0.0622538215	0.0192480029	-0.0130993028	0.0241793475	-0.0090402783	0.0350411946	-0.0708136459	-0.0343532506	0.0297323002	0.0080313598	0.0589404691	0.038455593	-0.070173498	0.0333691097	0.0295456412	-0.0101845426	-0.060950967	-0.0480065485	-0.0160242218	0.0638621421	-0.0081854796	0.0239651059	0.0851729746	-0.0059740972	-0.0458772295	-0.038357093	-0.1170481578	0.1122029089	-0.1042755153	-0.321579	0.0123829999999999	0.0001533386889999	0.103413053241	-0.280284	-0.0161979999999999	0.0785591206559999	0.0002623752039999	0.517095	0.0193549999999999	0.2673872390249999	0.0003746160249999	0.0207984	0.0008218	6.753552400000017e-07	0.00043257344256	0.00439561	4.585000000000006e-05	1.93213872721e-05	2.102222500000005e-09	-0.00793654	0.0001455699999999	2.119062489999982e-08	6.29886671716e-05	0.0	0.0	0.0	0.0	0.0	0.0
621.5296242652643	0.4400602663727113	386299.07383932057	0.1936530380400216	869.7123127427892	-3.748171669270618	756399.5069364111	14.048790862322896	598.4853377252695	0.0260141429846498	358184.69947212987	0.0006767356352258	618.7146607447103	537.9577499889396	1.041623	46.396168	0.175775	0.107464	0.0262939554	0.0402241889	0.020605514	0.0057171375	-0.0074044791	0.0636385282	0.0252981244	0.04947953	-0.0291803781	0.0176647618	0.0023600086	-0.0307158197	0.0324192163	-0.0645009165	-0.0312106783	0.033202202	-0.0952438356	-0.023107982	-0.0746730432	-0.0561047906	-0.0144303478	0.0034689499	0.0539209139	-0.1721995676	0.0005213782	0.1026651732	-0.0306398959	-0.0698654414	-0.0655335114	0.030584914	-0.0901399459	0.088419712	0.1252142596	-0.0353405753	0.0263914541	0.0261704422	0.0178761487	-0.008749141	0.0167587969	-0.0305022921	0.017569153	-0.0334190016	-0.0298960792	-0.0366641281	0.011739951	0.0531325713	0.0850078305	0.0029708539	-0.022424182	-0.008578641	0.0206290106	0.0201702592	0.0133774094	-0.0150386838	0.037855171	0.0311972763	-0.0326875925	0.0047391835	-0.0532086275	-0.0304791735	-0.0496482554	-0.0108993866	0.0270513129	0.0393689584	0.0224499762	0.0045998709	0.0182672034	0.0039446791	-0.0281008622	-0.0110212909	0.007282343	0.0160739857	-0.0825774532	-0.0245731317	-0.0654188941	-0.033037057	-0.0063301532	0.0157510736	0.0566483744	-0.0432819102	-0.0015265043	0.0716804463	-0.0763684255	-0.0346049789	0.0286204273	-0.0400257741	0.0497629525	-0.0223287586	-0.0008296291	-0.0309572599	-0.0160441372	0.0356907538	0.0281686806	0.0250333129	-0.006279732	-0.0210753106	-0.0048014307	0.0175699552	-0.0133089483	-0.0404800497	-0.0312582651	-0.0246627183	0.0669736706	0.0377168583	0.0250500039	-0.0781272374	-0.0287727324	0.0531267654	-0.0098408689	-0.0184437455	-0.0601885561	-0.0132333992	0.0594833751	0.0315577309	0.0476923963	0.0304889844	-0.0762934793	-0.0020686193	-0.0258039669	0.0144546156	-0.0193533021	0.0510304722	0.0364027034	-0.0284729716	0.0184577031	0.0114537694	-0.0053722035	-0.0061936888	-0.0660761869	-0.0499974585	0.0034241793	0.0215055105	-0.0338457037	-0.0542688964	0.0426402381	0.0260602145	-0.0192742964	-0.0395841049	0.00532077	-0.0872198789	-0.0315648396	0.0104592207	0.010985079	0.0317122251	0.0349296536	0.0474127587	0.0099624782	0.0326380927	-0.038818088	0.0609480786	-0.0125981846	0.0251269755	0.0690471416	-0.102584795	0.0289738702	0.0359923575	0.0086573908	-0.0207380042	0.0615955702	0.0666294888	-0.0205910693	0.0312399151	-0.0036407739	-0.015975334	0.067273273	0.0303575014	0.0415659153	0.1034005523	0.1170174007	0.0429265512	0.0082412462	0.0548153738	0.0707968983	0.0267778325	-0.1178096494	-0.117453149	0.1138033884	-0.1078042307	-0.392138	-0.0705589999999999	0.0049785724809999	0.153772211044	-0.270559	0.0097249999999999	0.073202172481	9.457562499999968e-05	0.499622	-0.0174729999999999	0.249622142884	0.0003053057289999	0.0206271	-0.0001713	2.9343690000000925e-08	0.0004254772544099	0.00457445	0.0001788399999999	2.09255928025e-05	3.198374559999984e-08	-0.00914676	-0.0012102199999999	1.4646324483999991e-06	8.36632184976e-05	0.0	0.0	0.0	0.0	0.0	0.0
621.732806561055	0.2031822957907252	386551.6827542862	0.0412830453227897	875.6217084241497	5.909395681360479	766713.3762636266	34.92095731888188	598.9071605396338	0.4218228143643046	358689.7869456466	0.1779344867182225	618.9622068728291	534.7316144939497	0.99132	44.15556	0.1485864999999998	0.0768002	0.0222564987	0.0192610029	0.0256699916	-0.0331650551	-0.0175195906	0.0950338883	-0.0461573418	-0.0193586205	0.0578067637	0.0122467316	-0.0013392213	-0.0205259377	-0.044740541	0.0409338211	-0.0061341599	-0.0163377831	-0.0231272244	0.1129877629	0.0251560844	0.0566505366	0.0174735674	-0.0003439842	0.0309013143	-0.061186957	0.1197804112	-0.1235983279	-0.0863558391	-0.0002228996	0.0211380793	0.0149704019	-0.0380985066	-0.1040476468	-0.0349583279	-0.0524581883	0.0231284643	0.0313609211	0.0081862512	-0.0275842825	-0.0444685094	-0.062003007	-0.005118105	0.000728681	-0.0060429217	0.011935706	0.0107298893	0.0445146613	0.0097940456	0.0122052468	-0.0132832087	0.0547217618	0.0236271212	-0.0064458746	-0.0340535872	0.0247110256	-0.063688961	-0.0049534104	-0.0206231359	-0.0055069873	-0.0181980524	-0.0587829933	0.0052941947	2.56434e-05	0.0263910318	-0.0313932973	-0.0135934558	0.0004514885	0.0022317169	-0.0220504323	0.0175031294	0.0346567797	-0.0258976806	0.0295864291	0.0089247759	0.0148670788	-0.0661314636	-0.014920167	-0.0234570074	-0.0802822475	0.0373384539	-0.0917453751	-0.0246008453	0.0500696424	0.0468073165	-0.041520246	0.0505311843	0.0387343647	0.1037599476	-0.0636564295	0.0865162053	0.0134570759	0.0073053488	-0.0112830653	-0.0300999036	0.0276774779	-0.0193922112	-0.0371151912	-0.0023560184	0.0252662386	0.001476064	-0.0414441196	0.0200247548	0.0427328507	0.0361493533	-0.012300196	-0.0312137124	0.0028616566	0.015020475	0.0515000058	0.0324741441	-0.0336799093	-0.0439228781	0.0051463369	0.0101617575	0.0806194052	0.0177619341	0.028802858	0.0135399937	0.0568165011	-0.0213550855	0.0022262837	0.0644483395	0.0191707968	-0.0290798665	-0.0333952685	-0.0075193644	-0.0376079105	0.0596165622	-0.0024005803	0.0197424836	-0.0586423773	0.0058014437	0.0204027422	0.0315566981	-0.0861461577	-0.0002746617	-0.0603221967	-0.007256393	-0.0146558632	0.0846255805	-0.0729095155	-0.0429871532	-0.039114473	-0.0578354622	0.0565941999	0.0468879102	0.0471362703	0.0002860746	0.0829614128	0.0065735527	-0.0895656242	-0.0101555749	0.0244592249	0.0847673036	-0.1206627734	0.0571644054	0.0491300332	0.0181519929	-0.0149756264	0.0305066681	0.1471476634	-0.0050774597	0.0043924936	-0.0601337233	0.0221328562	-0.0184442801	-0.0240487615	0.0819348624	-0.0340827765	0.0256988508	-0.0805908112	-0.0815993944	0.0167904703	-0.0294935305	-0.0118612495	-0.0434200028	-0.1178006533	0.1151810923	-0.1108582214	-0.417731	-0.025593	0.000655001649	0.174499188361	-0.330234	-0.059675	0.109054494756	0.003561105625	0.519297	0.0196749999999999	0.269669374209	0.0003871056249999	0.0205922	-3.489999999999743e-05	1.218009999999821e-09	0.00042403870084	0.00515619	0.0005817399999999	2.65862953161e-05	3.384214275999999e-07	-0.00940299	-0.0002562299999999	6.565381289999983e-08	8.84162209401e-05	0.0	0.0	0.0	0.0	0.0	0.0
622.2711935492682	0.538386988213233	387221.4383212308	0.2898605490773159	878.6863663883928	3.0646579642431107	772089.7304768369	9.392128437798728	598.982750558051	0.0755900184171878	358780.33546608826	0.0057138508843107	619.0816334613223	545.4585493477435	1.006822	44.846085	0.0955549999999998	0.0490849	0.018057835	0.0834158885	0.014923913	0.0289661405	0.0064676963	0.065495465	0.1121851973	0.1374922405	-0.0288941731	0.0293673151	0.0365490436	-0.0270201658	-0.0274708215	-0.056180508	-0.0652452744	0.0173477788	-0.0411979639	0.0190007792	-0.0237063267	-0.0418823489	-0.0533334274	-0.0065463887	0.0238530541	-0.1915545114	-0.0788286305	0.0261657997	-0.001225168	-0.1845056754	0.0036043637	0.0672607669	-0.0999123752	-0.0075749513	0.1639306314	-0.0645926933	0.0038550523	0.0565203341	-0.0077188297	-0.0215327372	-0.0270762212	-0.0625279157	0.0074214823	0.0187581056	-0.0774694269	0.0419212161	0.0337183006	0.0401583812	0.020924241	-0.0088513289	-0.0265968324	0.0383251286	-0.0473790321	0.0399904337	0.0045444521	0.0445576165	-0.0238486349	0.0527779491	-0.0575060198	-0.0217806275	-0.0249959395	-0.0483786261	-0.0286435094	-0.0066712527	0.0404496914	-0.0238966216	-0.0119860466	-0.0542362461	0.0098109611	0.006748194	0.0250482408	-0.0528163315	0.0416055482	0.0303638826	0.0077461711	0.0056298379	-0.0299869359	-0.0241528381	-0.0057887626	-0.0184561262	0.02059208	-0.0654812261	-0.0061608717	0.0062296734	-0.019245371	-0.0805381094	0.0001836086	0.006229952	-0.0508990091	0.0232675956	0.0384306171	0.0531944793	-0.0033668358	0.0242664664	-0.0343968246	0.0090267896	0.0199715788	-0.046478076	-0.0100947313	0.0141069889	-0.0027776522	-0.0317311291	0.0014934782	0.0450527956	0.0621401699	0.0566264315	-0.0312644095	-0.0439724185	0.0275355297	0.0567706945	-0.0280314082	-0.0119601986	-0.0827422362	0.0227369525	0.0328157006	0.0308262211	-0.0398187913	0.0169168425	-0.0721569477	0.0032855001	-0.0470289865	0.0195488007	-0.0084134243	-0.0036393496	-0.0595990709	-0.0293414942	0.0235120937	-0.0607552527	-0.0112350542	0.0136570645	-0.0361865865	-0.0148329315	-0.0508733659	-0.0234079556	0.0064491226	-0.0677016182	0.0535239804	-0.0015752215	-0.0023114803	-0.0098881449	-0.0232125984	-0.0478835568	-0.0089259336	-0.0247328273	-0.0123437786	-0.011424544	0.0123880803	-0.0198443989	0.0021188732	-0.0095703155	-0.005228274	-0.0198656008	0.0159061929	0.0372993659	0.1092353409	-0.1591521629	0.0410477933	0.0938005693	0.0022299195	-0.0399059674	0.0649561751	0.1130262021	-0.038511839	0.0638211713	-0.075643515	-0.0022756519	0.0210929978	0.0525123939	0.0956992294	-0.004804454	-0.0378802612	-0.0439081094	-0.0063164827	0.0274819785	-0.0200482392	-0.0764550489	-0.0548062829	-0.1180905004	0.1163333239	-0.1134240387	-0.457026	-0.0392949999999999	0.0015440970249999	0.208872764676	-0.31694	0.013294	0.1004509636	0.000176730436	0.492671	-0.0266259999999999	0.242724714241	0.0007089438759999	0.0206391	4.689999999999903e-05	2.1996099999999086e-09	0.00042597244881	0.00515244	-3.7499999999994135e-06	2.6547637953600003e-05	1.4062499999995599e-11	-0.00912684	0.0002761499999999	7.625882249999963e-08	8.329920838560001e-05	0.0	0.0	0.0	0.0	0.0	0.0
620.6883524852227	-1.5828410640455104	385254.03091082006	2.5053858340287234	878.2242513307184	-0.4621150576743957	771277.8356254009	0.2135503265294101	598.2504886587177	-0.7322618993332526	357903.6471803945	0.5362074892151425	618.5011924365024	540.7833746153841	0.987666	43.992825	0.0834769999999999	0.0375887	0.0136256122	0.0760932547	0.0260665842	-0.0214007495	0.0323619251	0.0895433892	0.014534276	0.0060569721	-0.0605082287	0.0421132568	0.0745028177	-0.0424224511	-0.0321713379	0.0686965846	-0.0142477362	0.0590958573	-0.0002066277	-0.0267602565	0.0970898039	0.0194960872	-0.0769976624	-0.0417862886	0.0234402997	-0.1139364779	0.0835287988	-0.0637246714	-0.0723001357	-0.0158380855	0.1466424693	-0.1631608866	-0.0017107214	-0.0536776571	-0.0540873544	0.0367520593	0.0375477472	0.0542731636	-0.0216355547	-0.0199781207	-0.0399928936	-0.0423279595	0.0019367738	-0.0324110052	-0.0602417337	0.0154660037	0.037095204	0.0402657669	0.051823551	0.0528703257	0.011277359	0.0128424815	0.0431285838	0.0306305983	0.0327156401	-0.0247753418	-0.0275935398	0.0235330557	-0.0179299878	-0.0392839011	-0.0672209929	0.0320598068	0.0265438592	0.0283241221	0.0082912194	-0.0228908408	-0.0625532732	-0.0121427589	0.0425536629	0.0339208729	-0.0135344593	0.0104512081	-0.0204083433	0.0630205114	-0.0420342404	-0.0029100839	-0.0145333409	0.0056363131	-0.0112859384	-0.006553038	-0.0153196199	-0.0199692451	0.0470313318	0.0216045311	-0.0367115333	-0.025530645	0.0213779828	0.019578389	-0.008664245	0.0404442211	0.0403235539	-0.0438828025	0.0202340022	-0.0155050807	0.0375665665	0.0396133921	0.0278482097	-0.0665901354	0.020873486	-0.0031951962	0.0033169293	-0.049768764	-0.0198011816	0.0358543652	0.072787636	0.0281479104	-0.0011237602	-0.0185908121	0.0292349498	0.0735468541	0.0108352706	-0.0059689879	-0.034982669	-0.0282684792	0.0101086642	0.0893046803	-0.0299649465	0.0840982575	-0.0263539346	0.0034002051	0.0149328676	0.0642317907	0.0450360046	0.0180338011	0.0399687346	-0.0275057449	-0.0072845898	-0.0025929649	-0.0001852422	0.0300756814	-0.0446669854	-0.0263304482	-0.024654659	-0.036757965	0.0824963107	-0.0713715768	0.0105326154	0.007054641	-0.0439288622	0.0336708524	0.01902547	-0.0377344294	-0.0103118535	0.0041697685	0.0038031042	-0.0021312528	-0.027080459	0.0390060909	0.0111123243	0.0083184527	-0.0698303581	0.0501022679	0.0040250279	0.0402367757	0.1025240486	-0.1522400405	0.0361045124	0.1026673154	0.0234278988	-0.0391896952	0.0505362554	0.1229754932	-0.0124152155	0.0537195464	-0.0722064208	0.0349541041	-0.042344244	-0.0039210768	0.0838178016	-0.0971653049	-0.0456096751	-0.0298873463	-0.0214390813	-0.0020610078	-0.0633253551	-0.0752884343	-0.0328588152	-0.1183225485	0.1172578276	-0.115490384	-0.456907	0.0001189999999999	1.4160999999995297e-08	0.208764006649	-0.30073	0.01621	0.0904385329	0.0002627641	0.47757	-0.015101	0.2280731049	0.000228040201	0.020233	-0.0004060999999999	1.6491720999999964e-07	0.000409374289	0.00532888	0.0001764399999999	2.83969620544e-05	3.113107359999997e-08	-0.00958524	-0.0004583999999999	2.101305599999995e-07	9.18768258576e-05	0.0	0.0	0.0	0.0	0.0	0.0
622.3247996871677	1.636447201944975	387288.15630567336	2.677959444753537	877.265788036776	-0.9584632939423728	769595.2628597857	0.9186518858348632	598.9985121486245	0.7480234899068137	358799.2175562659	0.5595391414523689	619.2002980274881	538.5187353411005	0.936722	41.72366	0.106735	0.0495753	0.0267974979	0.0250414719	0.0302729792	-0.0051539277	-0.0115093805	0.0826658514	0.0536973532	-0.0022201537	-0.0234144763	0.0356556709	-0.0111472726	-0.031068766	-0.0541462626	0.075889691	-0.0261766897	-0.0284135646	0.0642599013	-0.0052187312	0.0003718983	-0.0798183139	0.020969531	0.0333460806	0.019535744	-0.1679527094	0.0290320684	0.008825422	0.0081641835	-0.024630275	-0.0004317702	0.0777576961	-0.0603819981	-0.0360000562	0.0470232724	0.1168740904	0.0242237348	0.03776102	0.0168471687	-0.0315815537	0.0104460332	-0.0537640454	-0.0209729364	-0.0306401763	-0.0821641722	0.0041344724	0.0177298402	0.0440846932	0.0658934112	0.0500118828	0.0298647142	0.0239527537	0.0575265266	0.021081734	0.037258033	0.0307372874	0.0141100903	-0.0085390284	0.0294544694	-0.0140695682	-0.0116051246	0.0014271394	0.0271252643	0.0149105192	-0.0010508458	-0.0179833593	0.0304448939	0.0135574605	-0.0175378927	0.0064921517	0.0150184548	-0.0742082211	-0.0010719337	0.0319671423	-0.0580198332	-0.00347593	-0.0599118666	-0.0218407158	-0.0099760569	-0.0381717145	0.0031929228	-0.0151845683	0.0191284724	0.0669456355	0.0187491352	-0.0379955518	0.013451281	0.054525191	0.0465415945	0.0221603296	0.0269259633	-0.0317576559	-0.0223161498	0.0149961429	0.0091332613	0.0251637898	-0.018555663	-0.0466718195	-0.0189941465	0.0016508197	-0.0357583834	-0.0180745678	-0.0319194745	0.0309658959	0.0662942428	0.0490532415	-0.0213433627	-0.0077851132	-0.0171585808	0.0806945098	0.0024998897	-0.0636745456	0.0063664266	-0.0325010388	0.0284424065	0.0313392241	0.0073229239	0.0651900617	-0.0294879634	-0.0059211101	-0.0255401254	-0.0124169052	0.0090408747	0.0470272468	0.058205913	0.0018908592	-0.0219311921	0.0185049324	-0.0266478026	0.010548634	-0.0457006324	-0.0291614753	-0.0122514812	0.0191916989	0.0324693884	-0.0746951444	0.0073514689	0.0088681995	-0.0590976294	-0.0034205957	0.062929703	-0.019943783	-0.0200434508	-0.0151217779	0.0382447986	-0.0312104353	0.0567444926	-0.0056174253	0.0152678636	0.0078799072	0.0400939283	0.0715410193	0.0378564901	0.0371907918	0.1231331652	-0.1746501275	0.0428801866	0.0960223168	0.0368479987	-0.0451170484	0.0464572497	0.1635916576	-0.0088612821	0.0535784345	-0.0762835999	0.0156485057	-0.000540079	0.0032237528	0.1129221133	0.0050287788	-0.0301510821	-0.0206262989	-0.0249452341	-0.0065478488	0.0026088803	-0.0604026907	-0.1005380243	-0.118496684	0.1179527935	-0.1170481578	-0.477064	-0.0201569999999999	0.0004063046489999	0.227590060096	-0.300579	0.000151	0.090347735241	2.2801000000003696e-08	0.502429	0.024859	0.252434900041	0.000617969881	0.0209691	0.0007361	5.418432099999999e-07	0.00043970315481	0.00504358	-0.0002853	2.54376992164e-05	8.139609000000028e-08	-0.0097952	-0.00020996	4.4083201600000155e-08	9.594594304e-05	0.0	0.0	0.0	0.0	0.0	0.0
620.2305668443526	-2.094232842815132	384685.9560480669	4.385811199925547	875.4988697919412	-1.7669182448348693	766498.2710069664	3.122000083930335	597.4781871247012	-1.5203250239233057	356980.1840898195	2.3113881783674	617.7427194096181	547.1117149654568	0.974531	43.407738	0.0992135	0.0481117	0.0216266655	0.0699186339	0.0391702874	0.0095316497	0.0209067786	0.0755606996	0.0954093568	0.1491702682	-0.0164873853	0.0487696239	0.0243808775	-0.0594370019	0.0063810408	0.0472636636	-0.0885537356	0.0886710961	-0.0390308607	-0.0187817713	0.0413820665	0.0027882736	-0.0836197544	-0.0918415958	-0.0048371565	-0.1835534824	0.0022520697	0.0163906975	-0.0618966168	-0.1028237069	0.0656989929	0.0029980228	0.0017290853	-0.0093334052	-0.0329391713	0.0571029711	0.0459897511	0.048234922	0.0010005944	-0.0094781708	-0.0193668089	-0.0319850814	-0.0728047668	-0.0229070349	-0.0579342422	0.009504552	-0.0050244476	0.0245431526	0.0520687287	0.0439445385	-0.0164428561	-0.0074464291	-0.0003508562	0.0060370719	0.0503264671	-0.0375937018	0.0358099436	0.0633552885	0.0024981498	0.0117108274	-0.0362580013	0.0040431747	-0.0365658825	0.0178846972	-0.0469156965	0.0227605326	-0.0145591239	0.0176459276	0.0129829699	-0.0157257072	-0.0304174387	-0.0326379369	0.0439038193	0.0092475197	0.013365611	0.03843502	-0.0737424125	-0.0415210016	-0.0531037523	-0.0213621404	-0.0258621769	-0.0249840811	-0.0168219234	0.0268583684	-0.0027937068	-0.035936181	-0.0143533539	0.0449040235	0.0262251804	0.1024391619	0.0581244939	0.027094105	0.0045494792	-0.0312083737	0.0010346269	0.0430390706	0.009406237	-0.0787475997	0.0156824483	-0.008743125	-0.0452688494	-0.0377732342	-0.0234919755	0.0405428362	0.0253883452	0.0436764019	0.0069621816	-0.0620456827	0.0189934449	0.0857632289	0.0087758659	0.0012832143	-0.0505104444	-0.0241924248	-0.0052422659	0.0006948529	-0.0171020783	-0.0001239253	-0.0801781749	-0.0611582387	0.0011221525	-0.0468299788	-0.0305917345	0.0349760765	0.0400939104	-0.0601188599	-0.0224509697	0.0437035861	0.0408481288	0.0201904793	-0.0723336662	-0.055154942	-0.0799024094	-0.0417049704	0.0355938083	-0.0412679377	-0.0105482261	0.0137433252	-0.0452703797	-0.011981868	0.015807341	0.001701729	-0.0025482509	-0.0336780838	-0.0218835277	0.0053913185	-0.030819977	0.0452501293	0.0123623209	-0.0024254185	-0.0293831547	-0.0167185019	0.0522535982	0.0326873505	0.1072840371	-0.1621805423	0.0344530702	0.0932168303	-0.0059776226	-0.0621999563	0.0369023892	0.144787128	-0.0143023015	0.0455140463	-0.0511963979	0.0260931944	-0.0025327266	-0.0177966216	0.0742473774	-0.1262774862	-0.1271127773	-0.080497977	-0.0921371088	-0.0193987651	-0.1401213687	-0.003989703	0.0138977438	-0.1186128217	0.1184168613	-0.1180905004	-0.452723	0.024341	0.000592484281	0.204958114729	-0.27992	0.0206589999999999	0.0783552064	0.0004267942809999	0.523016	0.020587	0.273545736256	0.000423824569	0.0205087	-0.0004603999999999	2.119681599999997e-07	0.00042060677569	0.0051752	0.0001316199999999	2.678269504e-05	1.7323824399999954e-08	-0.00971469	8.051000000000065e-05	6.481860100000105e-09	9.43752017961e-05	0.0	0.0	0.0	0.0	0.0	0.0
618.9293368624575	-1.3012299818950623	383073.52402900136	1.6931994657826244	872.0540001426086	-3.4448696493325315	760478.1791647249	11.86712690089244	596.7748374231675	-0.7033497015337389	356140.206581448	0.4947008026475996	616.730232136527	538.8525723704946	1.158309	51.593624	0.7537203999999997	0.413506	0.0118829539	0.0712782278	0.0182935152	-0.0342565083	0.0095562568	0.0860410917	0.1863774453	0.0279957176	-0.1246165274	0.0690103734	0.046460546	-0.0383886248	0.0263671606	0.2180127318	-0.1158768225	0.0420941789	0.1920877948	-0.0114681266	-0.0797854007	0.0419465762	0.0831904504	0.0866026619	-0.0125865988	-0.0167241661	0.038997438	0.108482476	0.0862364436	0.1667273929	0.0995615461	0.1301155666	-0.1169688102	0.0036020054	0.0001029353	-0.0847268238	0.0580255397	0.1025060255	0.0179028895	0.0348415192	-0.024673254	0.0066531208	-0.0566964019	-0.0453233009	-0.0357382818	0.0370416183	-0.0406489815	0.0299878387	0.0527672208	0.0005835369	-0.0729263116	0.0813411338	-0.0262194538	0.0009226485	0.0777085377	0.0340162004	-0.0976598688	0.0483833766	-0.0194002651	0.0089700317	0.0090990184	0.0259775196	-0.0252100614	-0.020172726	-0.0557111606	-0.0352677308	-0.0148365555	-0.055552115	0.0502249202	-0.0397792698	-0.0592436329	0.0773891758	-0.019567553	0.0006553976	0.0289194109	0.0034226031	0.060373857	0.0726696207	0.0238444675	-0.0056978922	0.0263531789	-0.0419467165	-0.0601973612	-0.0256978625	0.0115935914	0.0523316287	0.0624600394	0.0578256873	0.0126084684	0.0534263775	0.072502094	0.0489063384	-0.0054378073	-0.0042454519	0.0225489842	0.0419257327	0.0349355573	-0.1486923787	-0.0183113814	0.0072122071	-0.0752950996	0.019724427	-0.0319982593	-0.0157121288	-0.0696312834	0.1167213255	-0.001299838	-0.0225836171	0.0985749037	0.176200026	-0.0216293614	0.0161531405	0.0416611944	-0.0082317575	-0.0862000821	0.0316794457	-0.0651024757	0.0054010684	0.0234990018	-0.0049728651	0.0844126748	0.0278447787	0.0069047033	0.0101795331	-0.0753920086	-0.0416785477	-0.0130117418	-0.063374648	0.0656186162	0.051103857	-0.0296776767	0.0206489023	0.0208253532	-0.0071682242	0.0203943869	0.0898860193	-0.022713201	-0.1045485029	-0.0479097357	-0.0136643817	-0.0328669454	0.0303315129	-0.0100437855	0.0407459715	0.0777455098	-0.0053282733	-0.0286266037	0.0411514741	0.0252885907	0.0299826144	-0.0477733139	-0.1008231028	0.0243188979	0.0367292758	0.1285342159	0.0010625064	-0.2278467799	0.0413510132	0.0258741166	-0.1630617017	0.1854725967	-0.2008243096	-0.0766492291	-0.0878663619	0.3075468569	0.410543071	0.0007034312	0.1282182285	-0.2915295106	-0.0383870808	-0.0837545173	0.1661461827	0.0144224016	-0.0412829318	0.2153002131	0.1232966219	0.0003465252	-0.1186709048	0.1186491225	-0.1186128217	-0.313918	0.138805	0.019266828025	0.0985445107239999	-0.0617346	0.2181854	0.00381116083716	0.04760486877316	0.225936	-0.29708	0.0510470760959999	0.0882565264	0.0216805	0.0011717999999999	1.3731152399999933e-06	0.0004700440802499	0.00541904	0.00024384	2.93659945216e-05	5.945794560000018e-08	-0.00913733	0.0005773599999999	3.333445695999988e-07	8.349079952890001e-05	0.0	0.0	0.0	0.0	0.0	1.0
